timestamp,asset_id,asset_type,health_score,failure_risk,anomaly_score,rul_days,risk_level,model_confidence,contrib_vibration,contrib_temperature,contrib_motor_current,contrib_downtime,contrib_alarm_count,model_reason
2025-05-30 00:00:00,CM-01,Continuous Miner,90.49,16.28,0.24,153,Low,0.899,0.365,0.177,0.163,0.15,0.144,Within baseline with monitored trend behaviour.
2025-05-31 00:00:00,CM-01,Continuous Miner,88.3,14.9,0.025,151,Low,0.902,0.358,0.178,0.153,0.173,0.138,Within baseline with monitored trend behaviour.
2025-06-01 00:00:00,CM-01,Continuous Miner,91.12,10.78,0.142,152,Low,0.912,0.35,0.183,0.157,0.164,0.147,Within baseline with monitored trend behaviour.
2025-06-02 00:00:00,CM-01,Continuous Miner,91.39,12.46,0.164,149,Low,0.864,0.352,0.187,0.156,0.159,0.146,Within baseline with monitored trend behaviour.
2025-06-03 00:00:00,CM-01,Continuous Miner,86.72,20.28,0.199,151,Low,0.918,0.367,0.181,0.163,0.154,0.136,Within baseline with monitored trend behaviour.
2025-06-04 00:00:00,CM-01,Continuous Miner,87.72,17.21,0.203,150,Low,0.907,0.34,0.179,0.168,0.155,0.157,Within baseline with monitored trend behaviour.
2025-06-05 00:00:00,CM-01,Continuous Miner,89.97,16.7,0.153,152,Low,0.843,0.359,0.174,0.179,0.155,0.133,Within baseline with monitored trend behaviour.
2025-06-06 00:00:00,CM-01,Continuous Miner,89.22,16.81,0.241,152,Low,0.882,0.344,0.181,0.16,0.157,0.158,Within baseline with monitored trend behaviour.
2025-06-07 00:00:00,CM-01,Continuous Miner,89.66,16.16,0.204,142,Low,0.845,0.372,0.181,0.163,0.135,0.149,Within baseline with monitored trend behaviour.
2025-06-08 00:00:00,CM-01,Continuous Miner,88.28,17.52,0.192,140,Low,0.846,0.372,0.165,0.163,0.161,0.139,Within baseline with monitored trend behaviour.
2025-06-09 00:00:00,CM-01,Continuous Miner,91.01,17.24,0.122,152,Low,0.919,0.355,0.189,0.151,0.159,0.146,Within baseline with monitored trend behaviour.
2025-06-10 00:00:00,CM-01,Continuous Miner,90.81,12.46,0.099,153,Low,0.973,0.352,0.179,0.169,0.153,0.147,Within baseline with monitored trend behaviour.
2025-06-11 00:00:00,CM-01,Continuous Miner,89.63,10.51,0.019,144,Low,0.874,0.354,0.192,0.169,0.141,0.145,Within baseline with monitored trend behaviour.
2025-06-12 00:00:00,CM-01,Continuous Miner,91.29,15.41,0.155,140,Low,0.877,0.359,0.189,0.165,0.163,0.125,Within baseline with monitored trend behaviour.
2025-06-13 00:00:00,CM-01,Continuous Miner,90.19,12.82,0.144,148,Low,0.942,0.362,0.189,0.162,0.158,0.129,Within baseline with monitored trend behaviour.
2025-06-14 00:00:00,CM-01,Continuous Miner,88.03,16.98,0.161,151,Low,0.869,0.357,0.181,0.165,0.157,0.14,Within baseline with monitored trend behaviour.
2025-06-15 00:00:00,CM-01,Continuous Miner,89.95,16.69,0.157,154,Low,0.889,0.353,0.197,0.169,0.149,0.131,Within baseline with monitored trend behaviour.
2025-06-16 00:00:00,CM-01,Continuous Miner,87.79,13.9,0.125,149,Low,0.906,0.377,0.191,0.152,0.15,0.131,Within baseline with monitored trend behaviour.
2025-06-17 00:00:00,CM-01,Continuous Miner,90.68,10.54,0.073,145,Low,0.846,0.344,0.193,0.181,0.164,0.119,Within baseline with monitored trend behaviour.
2025-06-18 00:00:00,CM-01,Continuous Miner,89.16,11.98,0.111,142,Low,0.859,0.362,0.183,0.161,0.152,0.142,Within baseline with monitored trend behaviour.
2025-06-19 00:00:00,CM-01,Continuous Miner,88.9,13.95,0.152,146,Low,0.864,0.367,0.198,0.15,0.147,0.139,Within baseline with monitored trend behaviour.
2025-06-20 00:00:00,CM-01,Continuous Miner,88.07,17.59,0.11,144,Low,0.884,0.352,0.185,0.163,0.171,0.129,Within baseline with monitored trend behaviour.
2025-06-21 00:00:00,CM-01,Continuous Miner,91.07,13.55,0.198,141,Low,0.835,0.352,0.182,0.162,0.164,0.141,Within baseline with monitored trend behaviour.
2025-06-22 00:00:00,CM-01,Continuous Miner,88.83,16.2,0.148,153,Low,0.887,0.363,0.186,0.16,0.161,0.13,Within baseline with monitored trend behaviour.
2025-06-23 00:00:00,CM-01,Continuous Miner,88.35,13.49,0.11,152,Low,0.818,0.344,0.19,0.168,0.155,0.142,Within baseline with monitored trend behaviour.
2025-06-24 00:00:00,CM-01,Continuous Miner,88.43,11.58,0.153,149,Low,0.97,0.362,0.176,0.18,0.155,0.126,Within baseline with monitored trend behaviour.
2025-06-25 00:00:00,CM-01,Continuous Miner,89.8,14.39,0.192,140,Low,0.887,0.37,0.178,0.171,0.169,0.112,Within baseline with monitored trend behaviour.
2025-06-26 00:00:00,CM-01,Continuous Miner,89.49,13.77,0.211,147,Low,0.894,0.368,0.19,0.156,0.159,0.128,Within baseline with monitored trend behaviour.
2025-06-27 00:00:00,CM-01,Continuous Miner,89.53,15.58,0.213,146,Low,0.88,0.353,0.187,0.167,0.159,0.134,Within baseline with monitored trend behaviour.
2025-06-28 00:00:00,CM-01,Continuous Miner,89.51,16.09,0.11,145,Low,0.879,0.347,0.191,0.163,0.158,0.14,Within baseline with monitored trend behaviour.
2025-06-29 00:00:00,CM-01,Continuous Miner,92.21,11.18,0.13,148,Low,0.897,0.359,0.186,0.148,0.16,0.146,Within baseline with monitored trend behaviour.
2025-06-30 00:00:00,CM-01,Continuous Miner,88.09,18.2,0.222,145,Low,0.798,0.352,0.179,0.16,0.162,0.148,Within baseline with monitored trend behaviour.
2025-07-01 00:00:00,CM-01,Continuous Miner,87.88,17.43,0.21,146,Low,0.884,0.356,0.186,0.169,0.15,0.139,Within baseline with monitored trend behaviour.
2025-07-02 00:00:00,CM-01,Continuous Miner,87.35,18.77,0.13,145,Low,0.878,0.357,0.187,0.165,0.159,0.132,Within baseline with monitored trend behaviour.
2025-07-03 00:00:00,CM-01,Continuous Miner,89.6,13.15,0.103,143,Low,0.869,0.356,0.187,0.167,0.153,0.136,Within baseline with monitored trend behaviour.
2025-07-04 00:00:00,CM-01,Continuous Miner,90.38,13.11,0.106,135,Low,0.811,0.356,0.167,0.178,0.155,0.144,Within baseline with monitored trend behaviour.
2025-07-05 00:00:00,CM-01,Continuous Miner,88.35,16.71,0.201,142,Low,0.896,0.354,0.18,0.149,0.169,0.149,Within baseline with monitored trend behaviour.
2025-07-06 00:00:00,CM-01,Continuous Miner,87.14,19.64,0.179,139,Low,0.858,0.371,0.191,0.165,0.143,0.13,Within baseline with monitored trend behaviour.
2025-07-07 00:00:00,CM-01,Continuous Miner,87.13,17.24,0.198,136,Low,0.871,0.371,0.173,0.16,0.155,0.141,Within baseline with monitored trend behaviour.
2025-07-08 00:00:00,CM-01,Continuous Miner,89.44,15.82,0.153,148,Low,0.883,0.341,0.2,0.156,0.173,0.13,Within baseline with monitored trend behaviour.
2025-07-09 00:00:00,CM-01,Continuous Miner,89.55,14.1,0.175,148,Low,0.785,0.37,0.184,0.156,0.162,0.129,Within baseline with monitored trend behaviour.
2025-07-10 00:00:00,CM-01,Continuous Miner,89.19,14.9,0.162,146,Low,0.933,0.356,0.172,0.172,0.157,0.143,Within baseline with monitored trend behaviour.
2025-07-11 00:00:00,CM-01,Continuous Miner,87.21,19.57,0.213,141,Low,0.899,0.354,0.189,0.156,0.162,0.139,Within baseline with monitored trend behaviour.
2025-07-12 00:00:00,CM-01,Continuous Miner,88.6,11.97,0.048,145,Low,0.86,0.359,0.19,0.165,0.137,0.148,Within baseline with monitored trend behaviour.
2025-07-13 00:00:00,CM-01,Continuous Miner,88.38,13.68,0.105,140,Low,0.99,0.364,0.192,0.148,0.155,0.141,Within baseline with monitored trend behaviour.
2025-07-14 00:00:00,CM-01,Continuous Miner,88.5,13.14,0.163,140,Low,0.883,0.357,0.172,0.173,0.166,0.133,Within baseline with monitored trend behaviour.
2025-07-15 00:00:00,CM-01,Continuous Miner,89.5,10.04,0.092,135,Low,0.842,0.367,0.192,0.168,0.149,0.125,Within baseline with monitored trend behaviour.
2025-07-16 00:00:00,CM-01,Continuous Miner,88.42,14.86,0.11,140,Low,0.9,0.357,0.186,0.175,0.151,0.132,Within baseline with monitored trend behaviour.
2025-07-17 00:00:00,CM-01,Continuous Miner,89.1,16.75,0.113,139,Low,0.908,0.359,0.183,0.169,0.159,0.131,Within baseline with monitored trend behaviour.
2025-07-18 00:00:00,CM-01,Continuous Miner,88.08,16.12,0.094,133,Low,0.828,0.36,0.176,0.182,0.147,0.135,Within baseline with monitored trend behaviour.
2025-07-19 00:00:00,CM-01,Continuous Miner,88.39,16.64,0.187,138,Low,0.824,0.349,0.199,0.167,0.155,0.129,Within baseline with monitored trend behaviour.
2025-07-20 00:00:00,CM-01,Continuous Miner,88.9,17.72,0.26,137,Low,0.92,0.366,0.187,0.157,0.147,0.142,Within baseline with monitored trend behaviour.
2025-07-21 00:00:00,CM-01,Continuous Miner,85.51,22.94,0.163,145,Low,0.822,0.347,0.186,0.17,0.159,0.138,Within baseline with monitored trend behaviour.
2025-07-22 00:00:00,CM-01,Continuous Miner,87.29,17.66,0.196,141,Low,0.835,0.357,0.191,0.152,0.158,0.142,Within baseline with monitored trend behaviour.
2025-07-23 00:00:00,CM-01,Continuous Miner,87.01,20.9,0.2,137,Low,0.897,0.365,0.183,0.173,0.152,0.127,Within baseline with monitored trend behaviour.
2025-07-24 00:00:00,CM-01,Continuous Miner,86.69,18.82,0.185,138,Low,0.887,0.376,0.186,0.152,0.15,0.137,Within baseline with monitored trend behaviour.
2025-07-25 00:00:00,CM-01,Continuous Miner,87.23,16.2,0.174,137,Low,0.871,0.355,0.189,0.16,0.17,0.126,Within baseline with monitored trend behaviour.
2025-07-26 00:00:00,CM-01,Continuous Miner,90.02,12.78,0.069,135,Low,0.888,0.358,0.189,0.156,0.161,0.136,Within baseline with monitored trend behaviour.
2025-07-27 00:00:00,CM-01,Continuous Miner,86.2,16.36,0.169,132,Low,0.869,0.352,0.194,0.166,0.153,0.135,Within baseline with monitored trend behaviour.
2025-07-28 00:00:00,CM-01,Continuous Miner,89.09,13.5,0.208,135,Low,0.853,0.352,0.179,0.158,0.158,0.153,Within baseline with monitored trend behaviour.
2025-07-29 00:00:00,CM-01,Continuous Miner,84.8,20.56,0.22,133,Low,0.893,0.359,0.177,0.17,0.168,0.125,Within baseline with monitored trend behaviour.
2025-07-30 00:00:00,CM-01,Continuous Miner,86.92,19.92,0.207,130,Low,0.831,0.35,0.183,0.169,0.166,0.131,Within baseline with monitored trend behaviour.
2025-07-31 00:00:00,CM-01,Continuous Miner,87.67,20.7,0.216,137,Low,0.844,0.351,0.186,0.152,0.179,0.132,Within baseline with monitored trend behaviour.
2025-08-01 00:00:00,CM-01,Continuous Miner,88.3,13.61,0.132,136,Low,0.956,0.346,0.189,0.161,0.162,0.142,Within baseline with monitored trend behaviour.
2025-08-02 00:00:00,CM-01,Continuous Miner,88.46,16.94,0.204,127,Low,0.868,0.356,0.189,0.168,0.141,0.146,Within baseline with monitored trend behaviour.
2025-08-03 00:00:00,CM-01,Continuous Miner,88.55,13.95,0.19,134,Low,0.912,0.358,0.183,0.163,0.166,0.129,Within baseline with monitored trend behaviour.
2025-08-04 00:00:00,CM-01,Continuous Miner,86.68,19.6,0.188,138,Low,0.897,0.348,0.193,0.158,0.171,0.13,Within baseline with monitored trend behaviour.
2025-08-05 00:00:00,CM-01,Continuous Miner,86.45,18.71,0.133,138,Low,0.876,0.343,0.187,0.157,0.177,0.136,Within baseline with monitored trend behaviour.
2025-08-06 00:00:00,CM-01,Continuous Miner,88.52,12.41,0.166,138,Low,0.772,0.358,0.17,0.173,0.151,0.149,Within baseline with monitored trend behaviour.
2025-08-07 00:00:00,CM-01,Continuous Miner,86.8,20.34,0.202,133,Low,0.835,0.345,0.184,0.178,0.155,0.139,Within baseline with monitored trend behaviour.
2025-08-08 00:00:00,CM-01,Continuous Miner,85.02,19.77,0.192,130,Low,0.851,0.357,0.18,0.181,0.138,0.145,Within baseline with monitored trend behaviour.
2025-08-09 00:00:00,CM-01,Continuous Miner,85.2,19.65,0.238,128,Low,0.979,0.366,0.188,0.166,0.151,0.128,Within baseline with monitored trend behaviour.
2025-08-10 00:00:00,CM-01,Continuous Miner,85.5,18.16,0.177,134,Low,0.839,0.354,0.174,0.171,0.164,0.138,Within baseline with monitored trend behaviour.
2025-08-11 00:00:00,CM-01,Continuous Miner,87.72,15.88,0.207,134,Low,0.909,0.375,0.181,0.162,0.15,0.131,Within baseline with monitored trend behaviour.
2025-08-12 00:00:00,CM-01,Continuous Miner,87.11,18.9,0.244,137,Low,0.857,0.343,0.202,0.164,0.154,0.137,Within baseline with monitored trend behaviour.
2025-08-13 00:00:00,CM-01,Continuous Miner,87.94,16.5,0.213,136,Low,0.963,0.358,0.173,0.159,0.162,0.148,Within baseline with monitored trend behaviour.
2025-08-14 00:00:00,CM-01,Continuous Miner,86.11,20.11,0.222,131,Low,0.908,0.353,0.189,0.149,0.171,0.137,Within baseline with monitored trend behaviour.
2025-08-15 00:00:00,CM-01,Continuous Miner,87.0,18.92,0.193,126,Low,0.86,0.36,0.187,0.159,0.149,0.145,Within baseline with monitored trend behaviour.
2025-08-16 00:00:00,CM-01,Continuous Miner,87.7,19.86,0.186,130,Low,0.891,0.355,0.185,0.167,0.155,0.139,Within baseline with monitored trend behaviour.
2025-08-17 00:00:00,CM-01,Continuous Miner,86.16,18.69,0.149,132,Low,0.858,0.352,0.176,0.173,0.162,0.137,Within baseline with monitored trend behaviour.
2025-08-18 00:00:00,CM-01,Continuous Miner,87.34,14.76,0.203,130,Low,0.959,0.38,0.181,0.162,0.156,0.121,Within baseline with monitored trend behaviour.
2025-08-19 00:00:00,CM-01,Continuous Miner,85.51,22.42,0.23,128,Low,0.898,0.338,0.19,0.165,0.157,0.15,Within baseline with monitored trend behaviour.
2025-08-20 00:00:00,CM-01,Continuous Miner,85.94,19.02,0.172,131,Low,0.877,0.354,0.196,0.145,0.167,0.138,Within baseline with monitored trend behaviour.
2025-08-21 00:00:00,CM-01,Continuous Miner,85.87,22.01,0.246,128,Low,0.908,0.358,0.189,0.163,0.149,0.14,Within baseline with monitored trend behaviour.
2025-08-22 00:00:00,CM-01,Continuous Miner,84.52,22.44,0.285,127,Low,0.905,0.348,0.184,0.169,0.159,0.14,Within baseline with monitored trend behaviour.
2025-08-23 00:00:00,CM-01,Continuous Miner,87.17,17.7,0.186,130,Low,0.861,0.366,0.167,0.162,0.157,0.148,Within baseline with monitored trend behaviour.
2025-08-24 00:00:00,CM-01,Continuous Miner,85.59,20.87,0.252,127,Low,0.896,0.351,0.189,0.178,0.156,0.126,Within baseline with monitored trend behaviour.
2025-08-25 00:00:00,CM-01,Continuous Miner,86.32,23.05,0.279,130,Low,0.839,0.363,0.17,0.176,0.151,0.14,Within baseline with monitored trend behaviour.
2025-08-26 00:00:00,CM-01,Continuous Miner,87.02,22.32,0.23,129,Low,0.863,0.368,0.168,0.166,0.153,0.146,Within baseline with monitored trend behaviour.
2025-08-27 00:00:00,CM-01,Continuous Miner,86.92,18.45,0.176,124,Low,0.902,0.359,0.177,0.167,0.159,0.138,Within baseline with monitored trend behaviour.
2025-08-28 00:00:00,CM-01,Continuous Miner,87.23,18.2,0.222,126,Low,0.891,0.344,0.18,0.162,0.164,0.15,Within baseline with monitored trend behaviour.
2025-08-29 00:00:00,CM-01,Continuous Miner,85.96,21.81,0.232,133,Low,0.834,0.356,0.185,0.169,0.157,0.133,Within baseline with monitored trend behaviour.
2025-08-30 00:00:00,CM-01,Continuous Miner,85.4,18.75,0.201,123,Low,0.791,0.354,0.177,0.17,0.153,0.146,Within baseline with monitored trend behaviour.
2025-08-31 00:00:00,CM-01,Continuous Miner,85.9,20.4,0.204,119,Low,0.939,0.348,0.182,0.167,0.157,0.147,Within baseline with monitored trend behaviour.
2025-09-01 00:00:00,CM-01,Continuous Miner,83.28,23.35,0.246,119,Low,0.878,0.353,0.181,0.167,0.152,0.146,Within baseline with monitored trend behaviour.
2025-09-02 00:00:00,CM-01,Continuous Miner,83.62,23.56,0.219,127,Low,0.839,0.356,0.189,0.16,0.171,0.124,Within baseline with monitored trend behaviour.
2025-09-03 00:00:00,CM-01,Continuous Miner,83.78,21.05,0.194,126,Low,0.893,0.353,0.192,0.177,0.146,0.132,Within baseline with monitored trend behaviour.
2025-09-04 00:00:00,CM-01,Continuous Miner,84.25,18.87,0.278,126,Low,0.929,0.343,0.184,0.161,0.171,0.141,Within baseline with monitored trend behaviour.
2025-09-05 00:00:00,CM-01,Continuous Miner,86.44,14.84,0.148,131,Low,0.85,0.347,0.191,0.175,0.164,0.122,Within baseline with monitored trend behaviour.
2025-09-06 00:00:00,CM-01,Continuous Miner,84.31,19.73,0.229,115,Low,0.883,0.345,0.18,0.161,0.183,0.132,Within baseline with monitored trend behaviour.
2025-09-07 00:00:00,CM-01,Continuous Miner,85.11,19.93,0.188,127,Low,0.87,0.352,0.18,0.179,0.157,0.132,Within baseline with monitored trend behaviour.
2025-09-08 00:00:00,CM-01,Continuous Miner,87.74,16.57,0.222,131,Low,0.907,0.359,0.193,0.168,0.149,0.131,Within baseline with monitored trend behaviour.
2025-09-09 00:00:00,CM-01,Continuous Miner,85.05,24.8,0.264,120,Low,0.928,0.371,0.191,0.163,0.155,0.12,Within baseline with monitored trend behaviour.
2025-09-10 00:00:00,CM-01,Continuous Miner,86.75,20.76,0.204,123,Low,0.897,0.335,0.189,0.162,0.17,0.144,Within baseline with monitored trend behaviour.
2025-09-11 00:00:00,CM-01,Continuous Miner,84.03,20.43,0.131,121,Low,0.934,0.363,0.182,0.17,0.158,0.127,Within baseline with monitored trend behaviour.
2025-09-12 00:00:00,CM-01,Continuous Miner,85.15,21.48,0.192,120,Low,0.851,0.36,0.185,0.152,0.156,0.148,Within baseline with monitored trend behaviour.
2025-09-13 00:00:00,CM-01,Continuous Miner,83.92,21.7,0.251,122,Low,0.878,0.343,0.18,0.165,0.164,0.148,Within baseline with monitored trend behaviour.
2025-09-14 00:00:00,CM-01,Continuous Miner,84.85,20.64,0.121,129,Low,0.974,0.348,0.181,0.177,0.148,0.146,Within baseline with monitored trend behaviour.
2025-09-15 00:00:00,CM-01,Continuous Miner,86.69,19.01,0.157,131,Low,0.889,0.356,0.183,0.174,0.156,0.131,Within baseline with monitored trend behaviour.
2025-09-16 00:00:00,CM-01,Continuous Miner,82.54,25.69,0.13,122,Low,0.838,0.359,0.179,0.17,0.155,0.136,Within baseline with monitored trend behaviour.
2025-09-17 00:00:00,CM-01,Continuous Miner,85.95,18.99,0.101,130,Low,0.872,0.362,0.181,0.169,0.153,0.134,Within baseline with monitored trend behaviour.
2025-09-18 00:00:00,CM-01,Continuous Miner,85.59,22.3,0.235,123,Low,0.82,0.343,0.177,0.178,0.163,0.139,Within baseline with monitored trend behaviour.
2025-09-19 00:00:00,CM-01,Continuous Miner,84.21,19.82,0.148,129,Low,0.874,0.35,0.183,0.171,0.152,0.144,Within baseline with monitored trend behaviour.
2025-09-20 00:00:00,CM-01,Continuous Miner,82.8,24.09,0.254,122,Low,0.914,0.359,0.185,0.171,0.154,0.131,Within baseline with monitored trend behaviour.
2025-09-21 00:00:00,CM-01,Continuous Miner,85.18,25.94,0.304,122,Low,0.922,0.35,0.182,0.166,0.163,0.139,Within baseline with monitored trend behaviour.
2025-09-22 00:00:00,CM-01,Continuous Miner,84.18,22.6,0.215,123,Low,0.854,0.336,0.189,0.179,0.167,0.129,Within baseline with monitored trend behaviour.
2025-09-23 00:00:00,CM-01,Continuous Miner,85.35,23.38,0.233,134,Low,0.93,0.347,0.192,0.158,0.176,0.127,Within baseline with monitored trend behaviour.
2025-09-24 00:00:00,CM-01,Continuous Miner,84.97,21.23,0.187,124,Low,0.842,0.353,0.191,0.157,0.165,0.134,Within baseline with monitored trend behaviour.
2025-09-25 00:00:00,CM-01,Continuous Miner,87.45,18.74,0.199,118,Low,0.855,0.373,0.191,0.16,0.152,0.125,Within baseline with monitored trend behaviour.
2025-09-26 00:00:00,CM-01,Continuous Miner,84.46,21.65,0.217,124,Low,0.952,0.357,0.191,0.171,0.15,0.131,Within baseline with monitored trend behaviour.
2025-09-27 00:00:00,CM-01,Continuous Miner,83.15,23.24,0.183,119,Low,0.856,0.361,0.191,0.164,0.144,0.14,Within baseline with monitored trend behaviour.
2025-09-28 00:00:00,CM-01,Continuous Miner,85.03,19.4,0.176,118,Low,0.938,0.371,0.172,0.174,0.15,0.134,Within baseline with monitored trend behaviour.
2025-09-29 00:00:00,CM-01,Continuous Miner,85.05,21.79,0.271,123,Low,0.912,0.342,0.193,0.159,0.161,0.145,Within baseline with monitored trend behaviour.
2025-09-30 00:00:00,CM-01,Continuous Miner,86.83,16.74,0.221,120,Low,0.922,0.352,0.183,0.17,0.15,0.144,Within baseline with monitored trend behaviour.
2025-10-01 00:00:00,CM-01,Continuous Miner,85.94,21.01,0.216,120,Low,0.928,0.347,0.19,0.164,0.157,0.142,Within baseline with monitored trend behaviour.
2025-10-02 00:00:00,CM-01,Continuous Miner,85.13,22.99,0.121,119,Low,0.901,0.347,0.193,0.174,0.158,0.128,Within baseline with monitored trend behaviour.
2025-10-03 00:00:00,CM-01,Continuous Miner,86.85,19.14,0.227,120,Low,0.883,0.357,0.18,0.171,0.149,0.143,Within baseline with monitored trend behaviour.
2025-10-04 00:00:00,CM-01,Continuous Miner,82.56,23.84,0.186,120,Low,0.96,0.379,0.179,0.146,0.151,0.145,Within baseline with monitored trend behaviour.
2025-10-05 00:00:00,CM-01,Continuous Miner,83.4,24.15,0.219,110,Low,0.855,0.357,0.196,0.172,0.137,0.138,Within baseline with monitored trend behaviour.
2025-10-06 00:00:00,CM-01,Continuous Miner,82.89,23.34,0.235,121,Low,0.857,0.358,0.19,0.174,0.144,0.134,Within baseline with monitored trend behaviour.
2025-10-07 00:00:00,CM-01,Continuous Miner,83.7,24.69,0.308,114,Low,0.881,0.347,0.187,0.156,0.157,0.153,Within baseline with monitored trend behaviour.
2025-10-08 00:00:00,CM-01,Continuous Miner,82.08,21.43,0.204,112,Low,0.836,0.361,0.182,0.159,0.152,0.145,Within baseline with monitored trend behaviour.
2025-10-09 00:00:00,CM-01,Continuous Miner,85.25,19.98,0.225,117,Low,0.867,0.355,0.181,0.172,0.156,0.136,Within baseline with monitored trend behaviour.
2025-10-10 00:00:00,CM-01,Continuous Miner,83.83,18.66,0.118,117,Low,0.912,0.352,0.193,0.175,0.143,0.137,Within baseline with monitored trend behaviour.
2025-10-11 00:00:00,CM-01,Continuous Miner,81.79,22.51,0.235,114,Low,0.859,0.369,0.172,0.165,0.163,0.131,Within baseline with monitored trend behaviour.
2025-10-12 00:00:00,CM-01,Continuous Miner,82.47,27.27,0.314,120,Low,0.928,0.354,0.188,0.164,0.161,0.133,Within baseline with monitored trend behaviour.
2025-10-13 00:00:00,CM-01,Continuous Miner,84.55,23.43,0.219,111,Low,0.877,0.37,0.172,0.176,0.146,0.136,Within baseline with monitored trend behaviour.
2025-10-14 00:00:00,CM-01,Continuous Miner,85.34,19.09,0.185,114,Low,0.887,0.353,0.191,0.185,0.138,0.133,Within baseline with monitored trend behaviour.
2025-10-15 00:00:00,CM-01,Continuous Miner,87.15,14.99,0.209,113,Low,0.903,0.355,0.166,0.177,0.158,0.145,Within baseline with monitored trend behaviour.
2025-10-16 00:00:00,CM-01,Continuous Miner,88.57,10.08,0.087,115,Low,0.927,0.359,0.175,0.169,0.146,0.15,Within baseline with monitored trend behaviour.
2025-10-17 00:00:00,CM-01,Continuous Miner,84.52,20.59,0.224,116,Low,0.933,0.35,0.177,0.17,0.163,0.139,Within baseline with monitored trend behaviour.
2025-10-18 00:00:00,CM-01,Continuous Miner,82.23,29.72,0.265,111,Low,0.886,0.362,0.194,0.174,0.13,0.14,Within baseline with monitored trend behaviour.
2025-10-19 00:00:00,CM-01,Continuous Miner,80.35,28.38,0.281,117,Low,0.893,0.362,0.169,0.154,0.172,0.143,Within baseline with monitored trend behaviour.
2025-10-20 00:00:00,CM-01,Continuous Miner,84.14,21.08,0.169,115,Low,0.893,0.359,0.178,0.162,0.153,0.147,Within baseline with monitored trend behaviour.
2025-10-21 00:00:00,CM-01,Continuous Miner,82.37,25.62,0.194,107,Low,0.949,0.364,0.201,0.146,0.137,0.152,Within baseline with monitored trend behaviour.
2025-10-22 00:00:00,CM-01,Continuous Miner,82.96,20.74,0.188,106,Low,0.867,0.337,0.183,0.186,0.144,0.15,Within baseline with monitored trend behaviour.
2025-10-23 00:00:00,CM-01,Continuous Miner,82.59,23.77,0.285,114,Low,0.86,0.363,0.194,0.168,0.147,0.128,Within baseline with monitored trend behaviour.
2025-10-24 00:00:00,CM-01,Continuous Miner,83.3,23.58,0.246,112,Low,0.87,0.348,0.195,0.151,0.173,0.133,Within baseline with monitored trend behaviour.
2025-10-25 00:00:00,CM-01,Continuous Miner,85.18,20.57,0.236,113,Low,0.909,0.344,0.196,0.167,0.163,0.13,Within baseline with monitored trend behaviour.
2025-10-26 00:00:00,CM-01,Continuous Miner,83.68,24.43,0.199,113,Low,0.912,0.358,0.182,0.165,0.157,0.138,Within baseline with monitored trend behaviour.
2025-10-27 00:00:00,CM-01,Continuous Miner,83.13,24.31,0.328,113,Low,0.884,0.365,0.164,0.167,0.157,0.147,Within baseline with monitored trend behaviour.
2025-10-28 00:00:00,CM-01,Continuous Miner,81.68,26.99,0.308,116,Low,0.851,0.356,0.169,0.162,0.162,0.151,Within baseline with monitored trend behaviour.
2025-10-29 00:00:00,CM-01,Continuous Miner,80.61,25.77,0.218,108,Low,0.983,0.356,0.182,0.156,0.164,0.142,Within baseline with monitored trend behaviour.
2025-10-30 00:00:00,CM-01,Continuous Miner,82.46,26.35,0.245,107,Low,0.865,0.348,0.184,0.168,0.15,0.15,Within baseline with monitored trend behaviour.
2025-10-31 00:00:00,CM-01,Continuous Miner,83.11,26.91,0.208,107,Low,0.866,0.355,0.195,0.158,0.161,0.132,Within baseline with monitored trend behaviour.
2025-11-01 00:00:00,CM-01,Continuous Miner,85.97,17.7,0.111,112,Low,0.844,0.355,0.189,0.165,0.151,0.141,Within baseline with monitored trend behaviour.
2025-11-02 00:00:00,CM-01,Continuous Miner,83.31,21.6,0.232,116,Low,0.877,0.355,0.204,0.161,0.156,0.123,Within baseline with monitored trend behaviour.
2025-11-03 00:00:00,CM-01,Continuous Miner,84.62,24.2,0.152,109,Low,0.868,0.364,0.188,0.16,0.152,0.136,Within baseline with monitored trend behaviour.
2025-11-04 00:00:00,CM-01,Continuous Miner,82.2,24.53,0.25,101,Low,0.913,0.343,0.191,0.171,0.142,0.154,Within baseline with monitored trend behaviour.
2025-11-05 00:00:00,CM-01,Continuous Miner,81.06,29.33,0.264,103,Low,0.855,0.364,0.188,0.17,0.151,0.126,Within baseline with monitored trend behaviour.
2025-11-06 00:00:00,CM-01,Continuous Miner,81.36,25.21,0.274,107,Low,0.866,0.371,0.172,0.167,0.155,0.135,Within baseline with monitored trend behaviour.
2025-11-07 00:00:00,CM-01,Continuous Miner,81.7,28.53,0.29,108,Low,0.909,0.366,0.177,0.163,0.162,0.131,Within baseline with monitored trend behaviour.
2025-11-08 00:00:00,CM-01,Continuous Miner,86.22,19.56,0.139,108,Low,0.946,0.37,0.18,0.177,0.15,0.124,Within baseline with monitored trend behaviour.
2025-11-09 00:00:00,CM-01,Continuous Miner,81.45,26.49,0.255,109,Low,0.965,0.361,0.188,0.162,0.149,0.139,Within baseline with monitored trend behaviour.
2025-11-10 00:00:00,CM-01,Continuous Miner,84.06,25.45,0.26,108,Low,0.868,0.344,0.189,0.18,0.151,0.135,Within baseline with monitored trend behaviour.
2025-11-11 00:00:00,CM-01,Continuous Miner,81.22,25.57,0.258,113,Low,0.883,0.367,0.187,0.15,0.159,0.137,Within baseline with monitored trend behaviour.
2025-11-12 00:00:00,CM-01,Continuous Miner,84.11,20.36,0.2,106,Low,0.881,0.367,0.182,0.163,0.148,0.139,Within baseline with monitored trend behaviour.
2025-11-13 00:00:00,CM-01,Continuous Miner,83.19,22.64,0.275,105,Low,0.869,0.355,0.191,0.159,0.156,0.139,Within baseline with monitored trend behaviour.
2025-11-14 00:00:00,CM-01,Continuous Miner,82.27,25.72,0.301,110,Low,0.938,0.369,0.192,0.154,0.147,0.139,Within baseline with monitored trend behaviour.
2025-11-15 00:00:00,CM-01,Continuous Miner,82.41,21.5,0.17,102,Low,0.847,0.352,0.171,0.167,0.153,0.156,Within baseline with monitored trend behaviour.
2025-11-16 00:00:00,CM-01,Continuous Miner,81.38,27.34,0.217,109,Low,0.92,0.355,0.184,0.16,0.163,0.139,Within baseline with monitored trend behaviour.
2025-11-17 00:00:00,CM-01,Continuous Miner,83.09,22.59,0.174,108,Low,0.907,0.381,0.182,0.154,0.152,0.131,Within baseline with monitored trend behaviour.
2025-11-18 00:00:00,CM-01,Continuous Miner,81.6,28.05,0.272,106,Low,0.924,0.356,0.186,0.162,0.151,0.144,Within baseline with monitored trend behaviour.
2025-11-19 00:00:00,CM-01,Continuous Miner,80.32,22.76,0.236,113,Low,0.881,0.362,0.188,0.163,0.144,0.143,Within baseline with monitored trend behaviour.
2025-11-20 00:00:00,CM-01,Continuous Miner,80.19,26.16,0.334,104,Low,0.893,0.364,0.187,0.148,0.167,0.134,Within baseline with monitored trend behaviour.
2025-11-21 00:00:00,CM-01,Continuous Miner,82.46,21.18,0.175,114,Low,0.866,0.352,0.176,0.17,0.17,0.133,Within baseline with monitored trend behaviour.
2025-11-22 00:00:00,CM-01,Continuous Miner,84.66,19.82,0.198,105,Low,0.852,0.358,0.19,0.161,0.153,0.138,Within baseline with monitored trend behaviour.
2025-11-23 00:00:00,CM-01,Continuous Miner,82.34,25.21,0.242,101,Low,0.886,0.356,0.191,0.161,0.161,0.131,Within baseline with monitored trend behaviour.
2025-11-24 00:00:00,CM-01,Continuous Miner,81.85,25.05,0.269,106,Low,0.89,0.353,0.185,0.18,0.151,0.131,Within baseline with monitored trend behaviour.
2025-11-25 00:00:00,CM-01,Continuous Miner,82.45,24.07,0.238,101,Low,0.892,0.342,0.204,0.146,0.151,0.156,Within baseline with monitored trend behaviour.
2025-11-26 00:00:00,CM-01,Continuous Miner,84.03,22.04,0.186,102,Low,0.917,0.371,0.176,0.168,0.162,0.123,Within baseline with monitored trend behaviour.
2025-11-27 00:00:00,CM-01,Continuous Miner,82.25,25.26,0.258,106,Low,0.836,0.347,0.196,0.148,0.162,0.147,Within baseline with monitored trend behaviour.
2025-11-28 00:00:00,CM-01,Continuous Miner,81.19,24.32,0.312,107,Low,0.886,0.37,0.185,0.158,0.149,0.139,Within baseline with monitored trend behaviour.
2025-11-29 00:00:00,CM-01,Continuous Miner,83.57,24.42,0.241,102,Low,0.828,0.358,0.18,0.17,0.156,0.136,Within baseline with monitored trend behaviour.
2025-11-30 00:00:00,CM-01,Continuous Miner,82.43,25.92,0.326,108,Low,0.909,0.342,0.182,0.169,0.165,0.141,Within baseline with monitored trend behaviour.
2025-12-01 00:00:00,CM-01,Continuous Miner,84.16,22.95,0.225,108,Low,0.889,0.355,0.177,0.169,0.158,0.141,Within baseline with monitored trend behaviour.
2025-12-02 00:00:00,CM-01,Continuous Miner,81.94,26.39,0.311,109,Low,0.889,0.356,0.183,0.149,0.167,0.145,Within baseline with monitored trend behaviour.
2025-12-03 00:00:00,CM-01,Continuous Miner,79.64,29.09,0.268,105,Low,0.882,0.367,0.181,0.161,0.154,0.138,Within baseline with monitored trend behaviour.
2025-12-04 00:00:00,CM-01,Continuous Miner,79.36,32.96,0.349,108,Medium,0.803,0.358,0.172,0.16,0.155,0.155,Watch: cutter motor current and hydraulic pressure trending above baseline; continue monitoring trend.
2025-12-05 00:00:00,CM-01,Continuous Miner,84.15,22.02,0.266,95,Low,0.907,0.364,0.175,0.163,0.159,0.139,Within baseline with monitored trend behaviour.
2025-12-06 00:00:00,CM-01,Continuous Miner,84.21,21.49,0.248,101,Low,0.932,0.33,0.202,0.174,0.15,0.144,Within baseline with monitored trend behaviour.
2025-12-07 00:00:00,CM-01,Continuous Miner,81.12,24.93,0.32,99,Low,0.927,0.377,0.188,0.16,0.151,0.124,Within baseline with monitored trend behaviour.
2025-12-08 00:00:00,CM-01,Continuous Miner,80.74,24.89,0.361,102,Low,0.768,0.368,0.193,0.172,0.136,0.131,Within baseline with monitored trend behaviour.
2025-12-09 00:00:00,CM-01,Continuous Miner,83.65,20.41,0.144,99,Low,0.858,0.356,0.175,0.163,0.152,0.153,Within baseline with monitored trend behaviour.
2025-12-10 00:00:00,CM-01,Continuous Miner,79.49,26.94,0.223,101,Low,0.891,0.363,0.18,0.161,0.158,0.138,Within baseline with monitored trend behaviour.
2025-12-11 00:00:00,CM-01,Continuous Miner,79.78,28.17,0.224,109,Low,0.889,0.354,0.179,0.174,0.15,0.142,Within baseline with monitored trend behaviour.
2025-12-12 00:00:00,CM-01,Continuous Miner,82.19,25.6,0.333,100,Low,0.851,0.352,0.18,0.166,0.147,0.154,Within baseline with monitored trend behaviour.
2025-12-13 00:00:00,CM-01,Continuous Miner,80.48,27.43,0.25,102,Low,0.967,0.369,0.193,0.148,0.147,0.143,Within baseline with monitored trend behaviour.
2025-12-14 00:00:00,CM-01,Continuous Miner,81.06,24.99,0.236,99,Low,0.75,0.349,0.188,0.157,0.164,0.143,Within baseline with monitored trend behaviour.
2025-12-15 00:00:00,CM-01,Continuous Miner,80.75,28.75,0.308,100,Low,0.873,0.353,0.179,0.156,0.159,0.153,Within baseline with monitored trend behaviour.
2025-12-16 00:00:00,CM-01,Continuous Miner,81.51,27.37,0.272,100,Low,0.931,0.353,0.188,0.171,0.161,0.127,Within baseline with monitored trend behaviour.
2025-12-17 00:00:00,CM-01,Continuous Miner,83.17,23.25,0.247,101,Low,0.855,0.345,0.176,0.174,0.17,0.135,Within baseline with monitored trend behaviour.
2025-12-18 00:00:00,CM-01,Continuous Miner,81.01,25.28,0.229,104,Low,0.867,0.365,0.181,0.167,0.154,0.135,Within baseline with monitored trend behaviour.
2025-12-19 00:00:00,CM-01,Continuous Miner,81.85,26.51,0.323,106,Low,0.844,0.356,0.19,0.164,0.155,0.135,Within baseline with monitored trend behaviour.
2025-12-20 00:00:00,CM-01,Continuous Miner,77.49,31.89,0.275,100,Medium,0.911,0.355,0.189,0.17,0.15,0.137,Watch: cutter motor current and hydraulic pressure trending above baseline; continue monitoring trend.
2025-12-21 00:00:00,CM-01,Continuous Miner,80.64,24.21,0.238,101,Low,0.972,0.369,0.182,0.158,0.137,0.154,Within baseline with monitored trend behaviour.
2025-12-22 00:00:00,CM-01,Continuous Miner,79.32,28.82,0.299,94,Low,0.893,0.368,0.178,0.165,0.152,0.137,Within baseline with monitored trend behaviour.
2025-12-23 00:00:00,CM-01,Continuous Miner,78.67,30.39,0.33,98,Medium,0.825,0.365,0.177,0.171,0.133,0.153,Watch: cutter motor current and hydraulic pressure trending above baseline; continue monitoring trend.
2025-12-24 00:00:00,CM-01,Continuous Miner,79.17,27.37,0.289,102,Low,0.855,0.349,0.184,0.164,0.157,0.146,Within baseline with monitored trend behaviour.
2025-12-25 00:00:00,CM-01,Continuous Miner,79.99,28.4,0.271,101,Low,0.871,0.357,0.177,0.175,0.154,0.136,Within baseline with monitored trend behaviour.
2025-12-26 00:00:00,CM-01,Continuous Miner,81.94,22.38,0.195,98,Low,0.884,0.361,0.184,0.165,0.153,0.136,Within baseline with monitored trend behaviour.
2025-12-27 00:00:00,CM-01,Continuous Miner,78.3,33.05,0.4,101,Medium,0.819,0.359,0.184,0.158,0.15,0.15,Watch: cutter motor current and hydraulic pressure trending above baseline; continue monitoring trend.
2025-12-28 00:00:00,CM-01,Continuous Miner,80.42,29.91,0.247,99,Low,0.918,0.355,0.182,0.177,0.153,0.133,Within baseline with monitored trend behaviour.
2025-12-29 00:00:00,CM-01,Continuous Miner,79.55,28.13,0.315,101,Low,0.908,0.339,0.188,0.175,0.161,0.138,Within baseline with monitored trend behaviour.
2025-12-30 00:00:00,CM-01,Continuous Miner,79.75,29.08,0.241,97,Low,0.87,0.366,0.177,0.16,0.169,0.128,Within baseline with monitored trend behaviour.
2025-12-31 00:00:00,CM-01,Continuous Miner,81.83,20.62,0.225,95,Low,0.877,0.365,0.189,0.151,0.154,0.142,Within baseline with monitored trend behaviour.
2026-01-01 00:00:00,CM-01,Continuous Miner,81.03,24.24,0.28,97,Low,0.919,0.35,0.169,0.169,0.173,0.139,Within baseline with monitored trend behaviour.
2026-01-02 00:00:00,CM-01,Continuous Miner,82.26,24.24,0.188,84,Low,0.815,0.356,0.178,0.162,0.163,0.142,Within baseline with monitored trend behaviour.
2026-01-03 00:00:00,CM-01,Continuous Miner,79.83,26.1,0.288,97,Low,0.825,0.35,0.183,0.167,0.156,0.145,Within baseline with monitored trend behaviour.
2026-01-04 00:00:00,CM-01,Continuous Miner,78.91,30.95,0.284,80,Medium,0.957,0.369,0.163,0.173,0.167,0.127,Watch: cutter motor current and hydraulic pressure trending above baseline; continue monitoring trend.
2026-01-05 00:00:00,CM-01,Continuous Miner,79.62,32.53,0.232,88,Medium,0.867,0.354,0.182,0.173,0.157,0.133,Watch: cutter motor current and hydraulic pressure trending above baseline; continue monitoring trend.
2026-01-06 00:00:00,CM-01,Continuous Miner,80.31,25.21,0.284,96,Low,0.863,0.361,0.18,0.172,0.153,0.135,Within baseline with monitored trend behaviour.
2026-01-07 00:00:00,CM-01,Continuous Miner,80.16,26.1,0.218,96,Low,0.881,0.334,0.179,0.167,0.17,0.15,Within baseline with monitored trend behaviour.
2026-01-08 00:00:00,CM-01,Continuous Miner,78.09,31.14,0.284,89,Medium,0.82,0.363,0.181,0.176,0.148,0.132,Watch: cutter motor current and hydraulic pressure trending above baseline; continue monitoring trend.
2026-01-09 00:00:00,CM-01,Continuous Miner,79.92,31.33,0.254,91,Medium,0.87,0.36,0.188,0.157,0.15,0.145,Watch: cutter motor current and hydraulic pressure trending above baseline; continue monitoring trend.
2026-01-10 00:00:00,CM-01,Continuous Miner,80.09,25.43,0.226,99,Low,0.837,0.349,0.179,0.173,0.162,0.137,Within baseline with monitored trend behaviour.
2026-01-11 00:00:00,CM-01,Continuous Miner,83.7,23.31,0.289,91,Low,0.839,0.358,0.174,0.163,0.168,0.136,Within baseline with monitored trend behaviour.
2026-01-12 00:00:00,CM-01,Continuous Miner,82.63,27.96,0.351,102,Low,0.833,0.354,0.183,0.178,0.15,0.135,Within baseline with monitored trend behaviour.
2026-01-13 00:00:00,CM-01,Continuous Miner,78.21,27.2,0.238,93,Low,0.923,0.369,0.186,0.154,0.148,0.143,Within baseline with monitored trend behaviour.
2026-01-14 00:00:00,CM-01,Continuous Miner,79.07,26.75,0.26,94,Low,0.952,0.346,0.188,0.167,0.172,0.127,Within baseline with monitored trend behaviour.
2026-01-15 00:00:00,CM-01,Continuous Miner,77.13,31.17,0.322,99,Medium,0.904,0.363,0.176,0.172,0.149,0.14,Watch: cutter motor current and hydraulic pressure trending above baseline; continue monitoring trend.
2026-01-16 00:00:00,CM-01,Continuous Miner,78.48,29.09,0.248,92,Low,0.91,0.344,0.197,0.162,0.154,0.143,Within baseline with monitored trend behaviour.
2026-01-17 00:00:00,CM-01,Continuous Miner,79.88,29.79,0.323,88,Low,0.934,0.351,0.183,0.178,0.153,0.135,Within baseline with monitored trend behaviour.
2026-01-18 00:00:00,CM-01,Continuous Miner,81.25,26.73,0.324,91,Low,0.849,0.358,0.174,0.162,0.152,0.154,Within baseline with monitored trend behaviour.
2026-01-19 00:00:00,CM-01,Continuous Miner,78.11,27.1,0.222,91,Low,0.842,0.338,0.188,0.18,0.14,0.154,Within baseline with monitored trend behaviour.
2026-01-20 00:00:00,CM-01,Continuous Miner,78.18,31.58,0.37,85,Medium,0.858,0.352,0.176,0.172,0.158,0.142,Watch: cutter motor current and hydraulic pressure trending above baseline; continue monitoring trend.
2026-01-21 00:00:00,CM-01,Continuous Miner,75.74,32.81,0.28,90,Medium,0.866,0.342,0.189,0.16,0.166,0.143,Watch: cutter motor current and hydraulic pressure trending above baseline; continue monitoring trend.
2026-01-22 00:00:00,CM-01,Continuous Miner,78.86,32.14,0.309,87,Medium,0.843,0.355,0.166,0.175,0.16,0.144,Watch: cutter motor current and hydraulic pressure trending above baseline; continue monitoring trend.
2026-01-23 00:00:00,CM-01,Continuous Miner,77.37,30.42,0.404,94,Medium,0.874,0.361,0.175,0.158,0.17,0.136,Watch: cutter motor current and hydraulic pressure trending above baseline; continue monitoring trend.
2026-01-24 00:00:00,CM-01,Continuous Miner,78.18,29.28,0.367,90,Low,0.866,0.358,0.183,0.162,0.16,0.138,Within baseline with monitored trend behaviour.
2026-01-25 00:00:00,CM-01,Continuous Miner,77.57,32.49,0.27,88,Medium,0.839,0.361,0.197,0.17,0.147,0.126,Watch: cutter motor current and hydraulic pressure trending above baseline; continue monitoring trend.
2026-01-26 00:00:00,CM-01,Continuous Miner,78.77,31.25,0.346,89,Medium,0.858,0.345,0.186,0.168,0.169,0.132,Watch: cutter motor current and hydraulic pressure trending above baseline; continue monitoring trend.
2026-01-27 00:00:00,CM-01,Continuous Miner,76.06,34.41,0.291,90,Medium,0.931,0.368,0.173,0.171,0.158,0.131,Watch: cutter motor current and hydraulic pressure trending above baseline; continue monitoring trend.
2026-01-28 00:00:00,CM-01,Continuous Miner,76.47,29.57,0.316,91,Low,0.888,0.352,0.181,0.152,0.159,0.157,Within baseline with monitored trend behaviour.
2026-01-29 00:00:00,CM-01,Continuous Miner,82.18,26.03,0.244,85,Low,0.897,0.369,0.179,0.173,0.15,0.129,Within baseline with monitored trend behaviour.
2026-01-30 00:00:00,CM-01,Continuous Miner,76.66,30.61,0.33,84,Medium,0.984,0.377,0.18,0.172,0.141,0.131,Watch: cutter motor current and hydraulic pressure trending above baseline; continue monitoring trend.
2026-01-31 00:00:00,CM-01,Continuous Miner,76.91,32.79,0.341,93,Medium,0.905,0.355,0.18,0.173,0.148,0.145,Watch: cutter motor current and hydraulic pressure trending above baseline; continue monitoring trend.
2026-02-01 00:00:00,CM-01,Continuous Miner,81.56,22.97,0.239,86,Low,0.917,0.352,0.196,0.15,0.152,0.149,Within baseline with monitored trend behaviour.
2026-02-02 00:00:00,CM-01,Continuous Miner,83.22,24.39,0.236,82,Low,0.891,0.362,0.183,0.172,0.142,0.142,Within baseline with monitored trend behaviour.
2026-02-03 00:00:00,CM-01,Continuous Miner,76.64,31.09,0.401,89,Medium,0.823,0.357,0.188,0.169,0.146,0.14,Watch: cutter motor current and hydraulic pressure trending above baseline; continue monitoring trend.
2026-02-04 00:00:00,CM-01,Continuous Miner,77.88,28.41,0.264,89,Low,0.856,0.342,0.175,0.175,0.16,0.148,Within baseline with monitored trend behaviour.
2026-02-05 00:00:00,CM-01,Continuous Miner,78.96,30.88,0.282,81,Medium,0.917,0.348,0.183,0.164,0.164,0.142,Watch: cutter motor current and hydraulic pressure trending above baseline; continue monitoring trend.
2026-02-06 00:00:00,CM-01,Continuous Miner,81.13,26.9,0.332,87,Low,0.886,0.347,0.187,0.158,0.175,0.133,Within baseline with monitored trend behaviour.
2026-02-07 00:00:00,CM-01,Continuous Miner,76.73,31.34,0.272,89,Medium,0.816,0.349,0.198,0.168,0.143,0.142,Watch: cutter motor current and hydraulic pressure trending above baseline; continue monitoring trend.
2026-02-08 00:00:00,CM-01,Continuous Miner,77.87,33.88,0.379,88,Medium,0.93,0.351,0.177,0.161,0.163,0.148,Watch: cutter motor current and hydraulic pressure trending above baseline; continue monitoring trend.
2026-02-09 00:00:00,CM-01,Continuous Miner,79.46,27.88,0.266,88,Low,0.866,0.362,0.176,0.175,0.163,0.125,Within baseline with monitored trend behaviour.
2026-02-10 00:00:00,CM-01,Continuous Miner,78.86,29.67,0.263,80,Low,0.883,0.361,0.171,0.174,0.157,0.138,Within baseline with monitored trend behaviour.
2026-02-11 00:00:00,CM-01,Continuous Miner,77.51,32.03,0.366,87,Medium,0.888,0.341,0.175,0.169,0.163,0.152,Watch: cutter motor current and hydraulic pressure trending above baseline; continue monitoring trend.
2026-02-12 00:00:00,CM-01,Continuous Miner,77.84,29.78,0.31,84,Low,0.876,0.363,0.185,0.174,0.146,0.132,Within baseline with monitored trend behaviour.
2026-02-13 00:00:00,CM-01,Continuous Miner,75.81,34.81,0.351,83,Medium,0.893,0.372,0.18,0.157,0.154,0.137,Watch: cutter motor current and hydraulic pressure trending above baseline; continue monitoring trend.
2026-02-14 00:00:00,CM-01,Continuous Miner,77.58,30.33,0.311,88,Medium,0.874,0.349,0.212,0.163,0.146,0.13,Watch: cutter motor current and hydraulic pressure trending above baseline; continue monitoring trend.
2026-02-15 00:00:00,CM-01,Continuous Miner,77.48,30.71,0.335,90,Medium,0.896,0.353,0.185,0.164,0.16,0.139,Watch: cutter motor current and hydraulic pressure trending above baseline; continue monitoring trend.
2026-02-16 00:00:00,CM-01,Continuous Miner,78.23,33.21,0.274,91,Medium,0.875,0.367,0.178,0.154,0.163,0.14,Watch: cutter motor current and hydraulic pressure trending above baseline; continue monitoring trend.
2026-02-17 00:00:00,CM-01,Continuous Miner,76.92,30.24,0.346,89,Medium,0.867,0.351,0.175,0.174,0.162,0.138,Watch: cutter motor current and hydraulic pressure trending above baseline; continue monitoring trend.
2026-02-18 00:00:00,CM-01,Continuous Miner,78.51,25.26,0.184,83,Low,0.873,0.344,0.193,0.168,0.167,0.126,Within baseline with monitored trend behaviour.
2026-02-19 00:00:00,CM-01,Continuous Miner,79.32,32.17,0.278,85,Medium,0.931,0.357,0.168,0.153,0.16,0.163,Watch: cutter motor current and hydraulic pressure trending above baseline; continue monitoring trend.
2026-02-20 00:00:00,CM-01,Continuous Miner,77.9,36.04,0.39,86,Medium,0.855,0.345,0.188,0.161,0.165,0.141,Watch: cutter motor current and hydraulic pressure trending above baseline; continue monitoring trend.
2026-02-21 00:00:00,CM-01,Continuous Miner,78.16,29.76,0.339,83,Low,0.884,0.36,0.183,0.166,0.155,0.137,Within baseline with monitored trend behaviour.
2026-02-22 00:00:00,CM-01,Continuous Miner,77.63,27.44,0.253,83,Low,0.838,0.363,0.189,0.173,0.135,0.14,Within baseline with monitored trend behaviour.
2026-02-23 00:00:00,CM-01,Continuous Miner,77.5,30.88,0.343,86,Medium,0.92,0.358,0.195,0.156,0.159,0.133,Watch: cutter motor current and hydraulic pressure trending above baseline; continue monitoring trend.
2026-02-24 00:00:00,CM-01,Continuous Miner,76.29,32.62,0.313,82,Medium,0.891,0.353,0.178,0.161,0.157,0.152,Watch: cutter motor current and hydraulic pressure trending above baseline; continue monitoring trend.
2026-02-25 00:00:00,CM-01,Continuous Miner,77.9,30.56,0.24,79,Medium,0.917,0.36,0.192,0.163,0.147,0.138,Watch: cutter motor current and hydraulic pressure trending above baseline; continue monitoring trend.
2026-02-26 00:00:00,CM-01,Continuous Miner,77.19,29.71,0.272,80,Low,0.848,0.351,0.172,0.17,0.17,0.137,Within baseline with monitored trend behaviour.
2026-02-27 00:00:00,CM-01,Continuous Miner,80.64,28.26,0.227,84,Low,0.942,0.356,0.187,0.166,0.154,0.136,Within baseline with monitored trend behaviour.
2026-02-28 00:00:00,CM-01,Continuous Miner,79.76,29.39,0.293,81,Low,0.871,0.361,0.182,0.168,0.154,0.135,Within baseline with monitored trend behaviour.
2026-03-01 00:00:00,CM-01,Continuous Miner,77.81,28.08,0.292,82,Low,0.931,0.358,0.18,0.163,0.156,0.143,Within baseline with monitored trend behaviour.
2026-03-02 00:00:00,CM-01,Continuous Miner,75.92,35.12,0.368,83,Medium,0.879,0.354,0.191,0.173,0.159,0.123,Watch: cutter motor current and hydraulic pressure trending above baseline; continue monitoring trend.
2026-03-03 00:00:00,CM-01,Continuous Miner,75.31,38.68,0.333,79,Medium,0.902,0.34,0.186,0.168,0.154,0.152,Watch: cutter motor current and hydraulic pressure trending above baseline; continue monitoring trend.
2026-03-04 00:00:00,CM-01,Continuous Miner,78.94,29.83,0.316,83,Low,0.859,0.352,0.193,0.165,0.16,0.13,Within baseline with monitored trend behaviour.
2026-03-05 00:00:00,CM-01,Continuous Miner,77.4,30.96,0.332,81,Medium,0.862,0.338,0.182,0.157,0.175,0.147,Watch: cutter motor current and hydraulic pressure trending above baseline; continue monitoring trend.
2026-03-06 00:00:00,CM-01,Continuous Miner,77.7,30.94,0.363,74,Medium,0.854,0.36,0.183,0.163,0.152,0.142,Watch: cutter motor current and hydraulic pressure trending above baseline; continue monitoring trend.
2026-03-07 00:00:00,CM-01,Continuous Miner,74.09,37.51,0.352,85,Medium,0.955,0.344,0.194,0.159,0.15,0.152,Watch: cutter motor current and hydraulic pressure trending above baseline; continue monitoring trend.
2026-03-08 00:00:00,CM-01,Continuous Miner,78.31,26.9,0.226,77,Low,0.823,0.361,0.184,0.158,0.165,0.132,Within baseline with monitored trend behaviour.
2026-03-09 00:00:00,CM-01,Continuous Miner,77.5,31.82,0.286,72,Medium,0.852,0.351,0.173,0.157,0.168,0.151,Watch: cutter motor current and hydraulic pressure trending above baseline; continue monitoring trend.
2026-03-10 00:00:00,CM-01,Continuous Miner,74.95,34.29,0.351,74,Medium,0.924,0.347,0.174,0.18,0.169,0.131,Watch: cutter motor current and hydraulic pressure trending above baseline; continue monitoring trend.
2026-03-11 00:00:00,CM-01,Continuous Miner,75.92,37.41,0.373,74,Medium,0.946,0.356,0.186,0.17,0.153,0.134,Watch: cutter motor current and hydraulic pressure trending above baseline; continue monitoring trend.
2026-03-12 00:00:00,CM-01,Continuous Miner,77.04,31.79,0.311,78,Medium,0.865,0.347,0.183,0.178,0.157,0.135,Watch: cutter motor current and hydraulic pressure trending above baseline; continue monitoring trend.
2026-03-13 00:00:00,CM-01,Continuous Miner,76.65,36.02,0.337,77,Medium,0.898,0.36,0.192,0.165,0.158,0.125,Watch: cutter motor current and hydraulic pressure trending above baseline; continue monitoring trend.
2026-03-14 00:00:00,CM-01,Continuous Miner,76.05,31.32,0.337,76,Medium,0.865,0.349,0.202,0.158,0.153,0.138,Watch: cutter motor current and hydraulic pressure trending above baseline; continue monitoring trend.
2026-03-15 00:00:00,CM-01,Continuous Miner,76.3,34.36,0.365,80,Medium,0.868,0.345,0.188,0.173,0.156,0.138,Watch: cutter motor current and hydraulic pressure trending above baseline; continue monitoring trend.
2026-03-16 00:00:00,CM-01,Continuous Miner,76.01,34.22,0.331,78,Medium,0.86,0.344,0.176,0.177,0.159,0.144,Watch: cutter motor current and hydraulic pressure trending above baseline; continue monitoring trend.
2026-03-17 00:00:00,CM-01,Continuous Miner,76.61,31.01,0.403,78,Medium,0.835,0.354,0.189,0.157,0.175,0.126,Watch: cutter motor current and hydraulic pressure trending above baseline; continue monitoring trend.
2026-03-18 00:00:00,CM-01,Continuous Miner,78.66,30.23,0.249,78,Medium,0.859,0.359,0.185,0.178,0.155,0.124,Watch: cutter motor current and hydraulic pressure trending above baseline; continue monitoring trend.
2026-03-19 00:00:00,CM-01,Continuous Miner,72.15,41.41,0.393,79,Medium,0.883,0.363,0.193,0.146,0.157,0.141,Watch: cutter motor current and hydraulic pressure trending above baseline; continue monitoring trend.
2026-03-20 00:00:00,CM-01,Continuous Miner,75.83,33.2,0.291,67,Medium,0.897,0.365,0.176,0.165,0.158,0.136,Watch: cutter motor current and hydraulic pressure trending above baseline; continue monitoring trend.
2026-03-21 00:00:00,CM-01,Continuous Miner,76.44,29.61,0.265,74,Low,0.915,0.344,0.186,0.161,0.162,0.147,Within baseline with monitored trend behaviour.
2026-03-22 00:00:00,CM-01,Continuous Miner,76.57,32.76,0.318,67,Medium,0.914,0.353,0.182,0.172,0.157,0.136,Watch: cutter motor current and hydraulic pressure trending above baseline; continue monitoring trend.
2026-03-23 00:00:00,CM-01,Continuous Miner,75.45,32.56,0.338,75,Medium,0.954,0.352,0.172,0.159,0.162,0.154,Watch: cutter motor current and hydraulic pressure trending above baseline; continue monitoring trend.
2026-03-24 00:00:00,CM-01,Continuous Miner,73.19,36.85,0.369,75,Medium,0.806,0.363,0.18,0.17,0.162,0.125,Watch: cutter motor current and hydraulic pressure trending above baseline; continue monitoring trend.
2026-03-25 00:00:00,CM-01,Continuous Miner,76.47,32.78,0.44,79,Medium,0.923,0.346,0.196,0.164,0.152,0.143,Watch: cutter motor current and hydraulic pressure trending above baseline; continue monitoring trend.
2026-03-26 00:00:00,CM-01,Continuous Miner,78.66,26.47,0.2,79,Low,0.822,0.348,0.184,0.167,0.164,0.137,Within baseline with monitored trend behaviour.
2026-03-27 00:00:00,CM-01,Continuous Miner,73.39,34.03,0.326,75,Medium,0.925,0.362,0.19,0.167,0.153,0.128,Watch: cutter motor current and hydraulic pressure trending above baseline; continue monitoring trend.
2026-03-28 00:00:00,CM-01,Continuous Miner,77.17,32.93,0.355,72,Medium,0.81,0.363,0.184,0.156,0.163,0.133,Watch: cutter motor current and hydraulic pressure trending above baseline; continue monitoring trend.
2026-03-29 00:00:00,CM-01,Continuous Miner,75.21,33.66,0.224,75,Medium,0.908,0.366,0.166,0.164,0.164,0.14,Watch: cutter motor current and hydraulic pressure trending above baseline; continue monitoring trend.
2026-03-30 00:00:00,CM-01,Continuous Miner,75.59,29.05,0.319,71,Low,0.907,0.366,0.175,0.166,0.156,0.137,Within baseline with monitored trend behaviour.
2026-03-31 00:00:00,CM-01,Continuous Miner,73.95,38.04,0.436,73,Medium,0.897,0.363,0.193,0.157,0.159,0.128,Watch: cutter motor current and hydraulic pressure trending above baseline; continue monitoring trend.
2026-04-01 00:00:00,CM-01,Continuous Miner,75.04,35.48,0.341,77,Medium,0.857,0.367,0.196,0.152,0.145,0.14,Watch: cutter motor current and hydraulic pressure trending above baseline; continue monitoring trend.
2026-04-02 00:00:00,CM-01,Continuous Miner,77.61,29.92,0.271,70,Low,0.903,0.36,0.187,0.167,0.144,0.142,Within baseline with monitored trend behaviour.
2026-04-03 00:00:00,CM-01,Continuous Miner,76.41,30.4,0.284,75,Medium,0.899,0.365,0.175,0.184,0.149,0.127,Watch: cutter motor current and hydraulic pressure trending above baseline; continue monitoring trend.
2026-04-04 00:00:00,CM-01,Continuous Miner,78.19,32.2,0.335,75,Medium,0.949,0.361,0.175,0.155,0.157,0.153,Watch: cutter motor current and hydraulic pressure trending above baseline; continue monitoring trend.
2026-04-05 00:00:00,CM-01,Continuous Miner,77.25,32.54,0.331,68,Medium,0.887,0.363,0.186,0.163,0.153,0.135,Watch: cutter motor current and hydraulic pressure trending above baseline; continue monitoring trend.
2026-04-06 00:00:00,CM-01,Continuous Miner,76.02,38.34,0.407,75,Medium,0.89,0.357,0.184,0.162,0.157,0.139,Watch: cutter motor current and hydraulic pressure trending above baseline; continue monitoring trend.
2026-04-07 00:00:00,CM-01,Continuous Miner,78.06,31.56,0.282,74,Medium,0.9,0.339,0.198,0.166,0.156,0.141,Watch: cutter motor current and hydraulic pressure trending above baseline; continue monitoring trend.
2026-04-08 00:00:00,CM-01,Continuous Miner,75.91,34.49,0.381,71,Medium,0.824,0.353,0.195,0.168,0.156,0.128,Watch: cutter motor current and hydraulic pressure trending above baseline; continue monitoring trend.
2026-04-09 00:00:00,CM-01,Continuous Miner,76.48,32.59,0.321,68,Medium,0.909,0.354,0.186,0.165,0.152,0.142,Watch: cutter motor current and hydraulic pressure trending above baseline; continue monitoring trend.
2026-04-10 00:00:00,CM-01,Continuous Miner,74.63,37.15,0.473,67,Medium,0.857,0.36,0.188,0.172,0.139,0.141,Watch: cutter motor current and hydraulic pressure trending above baseline; continue monitoring trend.
2026-04-11 00:00:00,CM-01,Continuous Miner,75.16,36.02,0.32,68,Medium,0.834,0.37,0.193,0.167,0.153,0.117,Watch: cutter motor current and hydraulic pressure trending above baseline; continue monitoring trend.
2026-04-12 00:00:00,CM-01,Continuous Miner,73.89,39.06,0.447,72,Medium,0.973,0.351,0.187,0.161,0.169,0.132,Watch: cutter motor current and hydraulic pressure trending above baseline; continue monitoring trend.
2026-04-13 00:00:00,CM-01,Continuous Miner,76.53,31.81,0.289,66,Medium,0.848,0.348,0.192,0.166,0.155,0.139,Watch: cutter motor current and hydraulic pressure trending above baseline; continue monitoring trend.
2026-04-14 00:00:00,CM-01,Continuous Miner,73.01,36.91,0.318,71,Medium,0.859,0.358,0.177,0.167,0.16,0.139,Watch: cutter motor current and hydraulic pressure trending above baseline; continue monitoring trend.
2026-04-15 00:00:00,CM-01,Continuous Miner,76.1,32.51,0.324,64,Medium,0.836,0.359,0.164,0.165,0.168,0.144,Watch: cutter motor current and hydraulic pressure trending above baseline; continue monitoring trend.
2026-04-16 00:00:00,CM-01,Continuous Miner,74.49,37.3,0.326,68,Medium,0.907,0.364,0.19,0.161,0.156,0.129,Watch: cutter motor current and hydraulic pressure trending above baseline; continue monitoring trend.
2026-04-17 00:00:00,CM-01,Continuous Miner,76.61,35.74,0.372,69,Medium,0.851,0.367,0.178,0.163,0.148,0.144,Watch: cutter motor current and hydraulic pressure trending above baseline; continue monitoring trend.
2026-04-18 00:00:00,CM-01,Continuous Miner,75.89,32.84,0.368,78,Medium,0.925,0.35,0.192,0.177,0.158,0.123,Watch: cutter motor current and hydraulic pressure trending above baseline; continue monitoring trend.
2026-04-19 00:00:00,CM-01,Continuous Miner,77.55,30.59,0.287,63,Medium,0.932,0.353,0.178,0.167,0.164,0.138,Watch: cutter motor current and hydraulic pressure trending above baseline; continue monitoring trend.
2026-04-20 00:00:00,CM-01,Continuous Miner,75.75,34.58,0.312,74,Medium,0.839,0.358,0.184,0.153,0.168,0.136,Watch: cutter motor current and hydraulic pressure trending above baseline; continue monitoring trend.
2026-04-21 00:00:00,CM-01,Continuous Miner,72.01,38.69,0.426,68,Medium,0.9,0.35,0.196,0.167,0.154,0.133,Watch: cutter motor current and hydraulic pressure trending above baseline; continue monitoring trend.
2026-04-22 00:00:00,CM-01,Continuous Miner,74.37,37.79,0.337,69,Medium,0.821,0.355,0.191,0.166,0.148,0.139,Watch: cutter motor current and hydraulic pressure trending above baseline; continue monitoring trend.
2026-04-23 00:00:00,CM-01,Continuous Miner,72.55,33.93,0.277,68,Medium,0.872,0.367,0.171,0.167,0.152,0.144,Watch: cutter motor current and hydraulic pressure trending above baseline; continue monitoring trend.
2026-04-24 00:00:00,CM-01,Continuous Miner,73.54,35.39,0.39,69,Medium,0.839,0.351,0.191,0.173,0.15,0.135,Watch: cutter motor current and hydraulic pressure trending above baseline; continue monitoring trend.
2026-04-25 00:00:00,CM-01,Continuous Miner,76.73,31.01,0.318,66,Medium,0.887,0.354,0.196,0.157,0.174,0.119,Watch: cutter motor current and hydraulic pressure trending above baseline; continue monitoring trend.
2026-04-26 00:00:00,CM-01,Continuous Miner,75.28,29.96,0.298,72,Low,0.849,0.354,0.165,0.177,0.16,0.144,Within baseline with monitored trend behaviour.
2026-04-27 00:00:00,CM-01,Continuous Miner,73.09,35.74,0.32,64,Medium,0.896,0.358,0.177,0.172,0.149,0.144,Watch: cutter motor current and hydraulic pressure trending above baseline; continue monitoring trend.
2026-04-28 00:00:00,CM-01,Continuous Miner,72.53,36.62,0.393,70,Medium,0.884,0.356,0.181,0.169,0.153,0.141,Watch: cutter motor current and hydraulic pressure trending above baseline; continue monitoring trend.
2026-04-29 00:00:00,CM-01,Continuous Miner,74.16,35.78,0.388,63,Medium,0.934,0.356,0.195,0.166,0.142,0.141,Watch: cutter motor current and hydraulic pressure trending above baseline; continue monitoring trend.
2026-04-30 00:00:00,CM-01,Continuous Miner,72.1,41.28,0.335,65,Medium,0.871,0.363,0.187,0.164,0.154,0.132,Watch: cutter motor current and hydraulic pressure trending above baseline; continue monitoring trend.
2026-05-01 00:00:00,CM-01,Continuous Miner,72.92,37.42,0.49,61,Medium,0.969,0.357,0.172,0.171,0.17,0.128,Watch: cutter motor current and hydraulic pressure trending above baseline; continue monitoring trend.
2026-05-02 00:00:00,CM-01,Continuous Miner,74.44,33.72,0.281,67,Medium,0.816,0.357,0.182,0.176,0.149,0.135,Watch: cutter motor current and hydraulic pressure trending above baseline; continue monitoring trend.
2026-05-03 00:00:00,CM-01,Continuous Miner,75.74,33.85,0.312,70,Medium,0.941,0.361,0.191,0.164,0.156,0.128,Watch: cutter motor current and hydraulic pressure trending above baseline; continue monitoring trend.
2026-05-04 00:00:00,CM-01,Continuous Miner,74.81,37.36,0.354,64,Medium,0.872,0.349,0.205,0.162,0.145,0.14,Watch: cutter motor current and hydraulic pressure trending above baseline; continue monitoring trend.
2026-05-05 00:00:00,CM-01,Continuous Miner,70.12,39.88,0.318,63,Medium,0.868,0.352,0.175,0.177,0.16,0.136,Watch: cutter motor current and hydraulic pressure trending above baseline; continue monitoring trend.
2026-05-06 00:00:00,CM-01,Continuous Miner,74.22,34.27,0.304,59,Medium,0.883,0.37,0.176,0.16,0.149,0.145,Watch: cutter motor current and hydraulic pressure trending above baseline; continue monitoring trend.
2026-05-07 00:00:00,CM-01,Continuous Miner,73.79,37.81,0.354,63,Medium,0.966,0.347,0.188,0.171,0.15,0.143,Watch: cutter motor current and hydraulic pressure trending above baseline; continue monitoring trend.
2026-05-08 00:00:00,CM-01,Continuous Miner,74.29,35.55,0.34,57,Medium,0.81,0.357,0.188,0.161,0.152,0.143,Watch: cutter motor current and hydraulic pressure trending above baseline; continue monitoring trend.
2026-05-09 00:00:00,CM-01,Continuous Miner,76.16,34.67,0.315,59,Medium,0.848,0.357,0.178,0.161,0.161,0.144,Watch: cutter motor current and hydraulic pressure trending above baseline; continue monitoring trend.
2026-05-10 00:00:00,CM-01,Continuous Miner,70.22,41.67,0.463,64,Medium,0.893,0.346,0.197,0.17,0.157,0.131,Watch: cutter motor current and hydraulic pressure trending above baseline; continue monitoring trend.
2026-05-11 00:00:00,CM-01,Continuous Miner,72.52,39.88,0.412,68,Medium,0.921,0.347,0.178,0.173,0.161,0.141,Watch: cutter motor current and hydraulic pressure trending above baseline; continue monitoring trend.
2026-05-12 00:00:00,CM-01,Continuous Miner,74.36,33.83,0.375,74,Medium,0.883,0.339,0.188,0.17,0.164,0.139,Watch: cutter motor current and hydraulic pressure trending above baseline; continue monitoring trend.
2026-05-13 00:00:00,CM-01,Continuous Miner,70.83,40.82,0.395,60,Medium,0.811,0.364,0.195,0.167,0.166,0.109,Watch: cutter motor current and hydraulic pressure trending above baseline; continue monitoring trend.
2026-05-14 00:00:00,CM-01,Continuous Miner,75.67,33.65,0.363,68,Medium,0.928,0.367,0.188,0.17,0.153,0.123,Watch: cutter motor current and hydraulic pressure trending above baseline; continue monitoring trend.
2026-05-15 00:00:00,CM-01,Continuous Miner,73.84,34.19,0.35,63,Medium,0.903,0.357,0.192,0.144,0.163,0.144,Watch: cutter motor current and hydraulic pressure trending above baseline; continue monitoring trend.
2026-05-16 00:00:00,CM-01,Continuous Miner,74.55,32.5,0.355,61,Medium,0.862,0.356,0.178,0.17,0.152,0.144,Watch: cutter motor current and hydraulic pressure trending above baseline; continue monitoring trend.
2026-05-17 00:00:00,CM-01,Continuous Miner,72.23,40.25,0.36,63,Medium,0.885,0.353,0.176,0.165,0.156,0.149,Watch: cutter motor current and hydraulic pressure trending above baseline; continue monitoring trend.
2026-05-18 00:00:00,CM-01,Continuous Miner,74.39,35.15,0.399,61,Medium,0.915,0.335,0.21,0.162,0.143,0.15,Watch: cutter motor current and hydraulic pressure trending above baseline; continue monitoring trend.
2026-05-19 00:00:00,CM-01,Continuous Miner,74.75,33.31,0.341,61,Medium,0.883,0.359,0.175,0.17,0.155,0.14,Watch: cutter motor current and hydraulic pressure trending above baseline; continue monitoring trend.
2026-05-20 00:00:00,CM-01,Continuous Miner,73.36,37.11,0.373,59,Medium,0.814,0.348,0.184,0.166,0.16,0.142,Watch: cutter motor current and hydraulic pressure trending above baseline; continue monitoring trend.
2026-05-21 00:00:00,CM-01,Continuous Miner,73.3,39.63,0.452,54,Medium,0.99,0.349,0.18,0.162,0.165,0.144,Watch: cutter motor current and hydraulic pressure trending above baseline; continue monitoring trend.
2026-05-22 00:00:00,CM-01,Continuous Miner,73.31,32.81,0.317,54,Medium,0.927,0.346,0.192,0.168,0.153,0.141,Watch: cutter motor current and hydraulic pressure trending above baseline; continue monitoring trend.
2026-05-23 00:00:00,CM-01,Continuous Miner,71.44,36.99,0.355,62,Medium,0.844,0.343,0.187,0.163,0.152,0.155,Watch: cutter motor current and hydraulic pressure trending above baseline; continue monitoring trend.
2026-05-24 00:00:00,CM-01,Continuous Miner,72.53,36.61,0.419,58,Medium,0.826,0.355,0.19,0.166,0.151,0.137,Watch: cutter motor current and hydraulic pressure trending above baseline; continue monitoring trend.
2026-05-25 00:00:00,CM-01,Continuous Miner,72.47,41.46,0.399,57,Medium,0.861,0.352,0.194,0.162,0.148,0.143,Watch: cutter motor current and hydraulic pressure trending above baseline; continue monitoring trend.
2026-05-26 00:00:00,CM-01,Continuous Miner,73.27,37.98,0.372,59,Medium,0.848,0.358,0.2,0.163,0.151,0.127,Watch: cutter motor current and hydraulic pressure trending above baseline; continue monitoring trend.
2026-05-27 00:00:00,CM-01,Continuous Miner,74.21,37.64,0.316,62,Medium,0.897,0.355,0.171,0.176,0.154,0.144,Watch: cutter motor current and hydraulic pressure trending above baseline; continue monitoring trend.
2026-05-28 00:00:00,CM-01,Continuous Miner,70.86,38.52,0.348,59,Medium,0.832,0.353,0.178,0.17,0.162,0.137,Watch: cutter motor current and hydraulic pressure trending above baseline; continue monitoring trend.
2026-05-29 00:00:00,CM-01,Continuous Miner,72.3,36.54,0.406,55,Medium,0.895,0.364,0.177,0.173,0.159,0.128,Watch: cutter motor current and hydraulic pressure trending above baseline; continue monitoring trend.
2025-05-30 00:00:00,TC-01,Trunk Conveyor,92.4,10.26,0.083,308,Low,0.885,0.343,0.203,0.164,0.158,0.132,Within baseline with monitored trend behaviour.
2025-05-31 00:00:00,TC-01,Trunk Conveyor,93.18,9.08,0.07,308,Low,0.855,0.352,0.174,0.167,0.17,0.137,Within baseline with monitored trend behaviour.
2025-06-01 00:00:00,TC-01,Trunk Conveyor,89.98,14.05,0.195,313,Low,0.884,0.333,0.193,0.169,0.169,0.136,Within baseline with monitored trend behaviour.
2025-06-02 00:00:00,TC-01,Trunk Conveyor,90.24,15.26,0.104,314,Low,0.751,0.343,0.194,0.156,0.162,0.146,Within baseline with monitored trend behaviour.
2025-06-03 00:00:00,TC-01,Trunk Conveyor,89.09,18.57,0.19,306,Low,0.887,0.325,0.182,0.168,0.167,0.157,Within baseline with monitored trend behaviour.
2025-06-04 00:00:00,TC-01,Trunk Conveyor,93.25,10.63,0.145,312,Low,0.939,0.337,0.181,0.172,0.154,0.155,Within baseline with monitored trend behaviour.
2025-06-05 00:00:00,TC-01,Trunk Conveyor,92.23,12.48,0.128,307,Low,0.834,0.343,0.185,0.172,0.156,0.143,Within baseline with monitored trend behaviour.
2025-06-06 00:00:00,TC-01,Trunk Conveyor,92.61,9.94,0.065,308,Low,0.953,0.36,0.186,0.178,0.141,0.136,Within baseline with monitored trend behaviour.
2025-06-07 00:00:00,TC-01,Trunk Conveyor,89.49,13.3,0.156,313,Low,0.888,0.336,0.199,0.165,0.153,0.147,Within baseline with monitored trend behaviour.
2025-06-08 00:00:00,TC-01,Trunk Conveyor,94.6,8.87,0.069,310,Low,0.752,0.326,0.197,0.178,0.167,0.132,Within baseline with monitored trend behaviour.
2025-06-09 00:00:00,TC-01,Trunk Conveyor,90.74,13.3,0.12,310,Low,0.832,0.339,0.189,0.164,0.157,0.151,Within baseline with monitored trend behaviour.
2025-06-10 00:00:00,TC-01,Trunk Conveyor,91.96,8.41,0.002,314,Low,0.937,0.332,0.185,0.169,0.178,0.137,Within baseline with monitored trend behaviour.
2025-06-11 00:00:00,TC-01,Trunk Conveyor,93.03,9.11,0.131,303,Low,0.898,0.331,0.188,0.173,0.178,0.13,Within baseline with monitored trend behaviour.
2025-06-12 00:00:00,TC-01,Trunk Conveyor,90.05,13.76,0.163,301,Low,0.852,0.369,0.187,0.163,0.152,0.129,Within baseline with monitored trend behaviour.
2025-06-13 00:00:00,TC-01,Trunk Conveyor,90.73,11.96,0.147,302,Low,0.908,0.347,0.182,0.167,0.156,0.149,Within baseline with monitored trend behaviour.
2025-06-14 00:00:00,TC-01,Trunk Conveyor,91.86,14.36,0.107,303,Low,0.835,0.339,0.199,0.164,0.163,0.135,Within baseline with monitored trend behaviour.
2025-06-15 00:00:00,TC-01,Trunk Conveyor,96.12,6.4,0.02,294,Low,0.874,0.343,0.187,0.166,0.161,0.142,Within baseline with monitored trend behaviour.
2025-06-16 00:00:00,TC-01,Trunk Conveyor,92.0,13.95,0.159,302,Low,0.84,0.33,0.185,0.172,0.166,0.147,Within baseline with monitored trend behaviour.
2025-06-17 00:00:00,TC-01,Trunk Conveyor,94.06,8.85,0.096,300,Low,0.835,0.341,0.16,0.174,0.17,0.155,Within baseline with monitored trend behaviour.
2025-06-18 00:00:00,TC-01,Trunk Conveyor,93.38,9.42,0.171,305,Low,0.903,0.328,0.196,0.179,0.156,0.141,Within baseline with monitored trend behaviour.
2025-06-19 00:00:00,TC-01,Trunk Conveyor,92.02,9.31,0.118,303,Low,0.867,0.324,0.19,0.176,0.155,0.155,Within baseline with monitored trend behaviour.
2025-06-20 00:00:00,TC-01,Trunk Conveyor,89.81,14.28,0.107,299,Low,0.834,0.33,0.19,0.159,0.167,0.154,Within baseline with monitored trend behaviour.
2025-06-21 00:00:00,TC-01,Trunk Conveyor,93.06,9.74,0.059,303,Low,0.886,0.347,0.193,0.162,0.157,0.142,Within baseline with monitored trend behaviour.
2025-06-22 00:00:00,TC-01,Trunk Conveyor,88.94,12.75,0.139,303,Low,0.914,0.35,0.189,0.164,0.157,0.141,Within baseline with monitored trend behaviour.
2025-06-23 00:00:00,TC-01,Trunk Conveyor,93.87,7.5,0.102,296,Low,0.864,0.332,0.192,0.187,0.141,0.148,Within baseline with monitored trend behaviour.
2025-06-24 00:00:00,TC-01,Trunk Conveyor,91.6,11.12,0.156,297,Low,0.864,0.34,0.187,0.18,0.155,0.138,Within baseline with monitored trend behaviour.
2025-06-25 00:00:00,TC-01,Trunk Conveyor,87.01,19.01,0.206,289,Low,0.846,0.342,0.183,0.17,0.166,0.139,Within baseline with monitored trend behaviour.
2025-06-26 00:00:00,TC-01,Trunk Conveyor,90.67,13.98,0.115,293,Low,0.957,0.324,0.204,0.178,0.153,0.141,Within baseline with monitored trend behaviour.
2025-06-27 00:00:00,TC-01,Trunk Conveyor,92.24,9.71,0.08,294,Low,0.889,0.332,0.197,0.184,0.156,0.13,Within baseline with monitored trend behaviour.
2025-06-28 00:00:00,TC-01,Trunk Conveyor,90.78,13.85,0.09,297,Low,0.8,0.341,0.192,0.165,0.155,0.147,Within baseline with monitored trend behaviour.
2025-06-29 00:00:00,TC-01,Trunk Conveyor,92.27,10.45,0.153,292,Low,0.887,0.344,0.182,0.17,0.144,0.159,Within baseline with monitored trend behaviour.
2025-06-30 00:00:00,TC-01,Trunk Conveyor,89.74,8.63,0.089,294,Low,0.895,0.353,0.179,0.164,0.162,0.142,Within baseline with monitored trend behaviour.
2025-07-01 00:00:00,TC-01,Trunk Conveyor,88.98,14.46,0.02,290,Low,0.858,0.342,0.188,0.171,0.16,0.139,Within baseline with monitored trend behaviour.
2025-07-02 00:00:00,TC-01,Trunk Conveyor,90.93,14.86,0.172,295,Low,0.99,0.352,0.181,0.159,0.161,0.147,Within baseline with monitored trend behaviour.
2025-07-03 00:00:00,TC-01,Trunk Conveyor,91.06,9.15,0.09,296,Low,0.848,0.336,0.19,0.166,0.161,0.147,Within baseline with monitored trend behaviour.
2025-07-04 00:00:00,TC-01,Trunk Conveyor,90.42,13.63,0.115,295,Low,0.874,0.346,0.181,0.166,0.168,0.138,Within baseline with monitored trend behaviour.
2025-07-05 00:00:00,TC-01,Trunk Conveyor,92.91,13.09,0.141,293,Low,0.85,0.34,0.202,0.174,0.155,0.129,Within baseline with monitored trend behaviour.
2025-07-06 00:00:00,TC-01,Trunk Conveyor,89.56,13.1,0.141,286,Low,0.898,0.338,0.186,0.173,0.161,0.142,Within baseline with monitored trend behaviour.
2025-07-07 00:00:00,TC-01,Trunk Conveyor,91.39,12.06,0.148,289,Low,0.923,0.331,0.182,0.167,0.179,0.14,Within baseline with monitored trend behaviour.
2025-07-08 00:00:00,TC-01,Trunk Conveyor,90.97,10.04,0.117,290,Low,0.924,0.35,0.186,0.179,0.154,0.131,Within baseline with monitored trend behaviour.
2025-07-09 00:00:00,TC-01,Trunk Conveyor,88.34,19.58,0.209,289,Low,0.869,0.352,0.18,0.171,0.143,0.155,Within baseline with monitored trend behaviour.
2025-07-10 00:00:00,TC-01,Trunk Conveyor,88.69,15.67,0.141,291,Low,0.881,0.352,0.19,0.173,0.149,0.136,Within baseline with monitored trend behaviour.
2025-07-11 00:00:00,TC-01,Trunk Conveyor,90.79,12.99,0.168,296,Low,0.907,0.331,0.19,0.163,0.175,0.14,Within baseline with monitored trend behaviour.
2025-07-12 00:00:00,TC-01,Trunk Conveyor,93.91,11.24,0.032,293,Low,0.784,0.331,0.196,0.173,0.173,0.127,Within baseline with monitored trend behaviour.
2025-07-13 00:00:00,TC-01,Trunk Conveyor,91.63,13.04,0.141,285,Low,0.875,0.33,0.188,0.172,0.155,0.156,Within baseline with monitored trend behaviour.
2025-07-14 00:00:00,TC-01,Trunk Conveyor,87.91,15.17,0.106,291,Low,0.904,0.345,0.194,0.162,0.162,0.137,Within baseline with monitored trend behaviour.
2025-07-15 00:00:00,TC-01,Trunk Conveyor,85.67,18.77,0.178,290,Low,0.848,0.336,0.185,0.165,0.162,0.152,Within baseline with monitored trend behaviour.
2025-07-16 00:00:00,TC-01,Trunk Conveyor,91.79,12.49,0.147,284,Low,0.855,0.339,0.194,0.172,0.173,0.122,Within baseline with monitored trend behaviour.
2025-07-17 00:00:00,TC-01,Trunk Conveyor,90.43,12.15,0.107,290,Low,0.868,0.341,0.194,0.168,0.157,0.14,Within baseline with monitored trend behaviour.
2025-07-18 00:00:00,TC-01,Trunk Conveyor,92.38,6.44,0.056,286,Low,0.858,0.351,0.191,0.167,0.162,0.129,Within baseline with monitored trend behaviour.
2025-07-19 00:00:00,TC-01,Trunk Conveyor,89.11,15.14,0.184,280,Low,0.89,0.328,0.194,0.178,0.15,0.149,Within baseline with monitored trend behaviour.
2025-07-20 00:00:00,TC-01,Trunk Conveyor,91.05,9.57,0.045,287,Low,0.872,0.347,0.188,0.171,0.162,0.131,Within baseline with monitored trend behaviour.
2025-07-21 00:00:00,TC-01,Trunk Conveyor,91.81,14.69,0.177,285,Low,0.928,0.353,0.182,0.171,0.161,0.133,Within baseline with monitored trend behaviour.
2025-07-22 00:00:00,TC-01,Trunk Conveyor,89.71,14.75,0.139,283,Low,0.876,0.351,0.178,0.18,0.158,0.132,Within baseline with monitored trend behaviour.
2025-07-23 00:00:00,TC-01,Trunk Conveyor,89.72,12.59,0.18,283,Low,0.942,0.354,0.186,0.162,0.165,0.133,Within baseline with monitored trend behaviour.
2025-07-24 00:00:00,TC-01,Trunk Conveyor,90.41,12.03,0.088,280,Low,0.868,0.348,0.199,0.157,0.164,0.134,Within baseline with monitored trend behaviour.
2025-07-25 00:00:00,TC-01,Trunk Conveyor,91.2,8.53,0.107,285,Low,0.91,0.348,0.187,0.167,0.176,0.122,Within baseline with monitored trend behaviour.
2025-07-26 00:00:00,TC-01,Trunk Conveyor,90.28,11.41,0.132,282,Low,0.855,0.341,0.183,0.165,0.163,0.147,Within baseline with monitored trend behaviour.
2025-07-27 00:00:00,TC-01,Trunk Conveyor,91.83,13.47,0.062,282,Low,0.925,0.35,0.173,0.182,0.165,0.13,Within baseline with monitored trend behaviour.
2025-07-28 00:00:00,TC-01,Trunk Conveyor,89.5,19.16,0.204,282,Low,0.99,0.352,0.194,0.165,0.152,0.136,Within baseline with monitored trend behaviour.
2025-07-29 00:00:00,TC-01,Trunk Conveyor,88.09,18.13,0.207,276,Low,0.83,0.327,0.189,0.171,0.171,0.141,Within baseline with monitored trend behaviour.
2025-07-30 00:00:00,TC-01,Trunk Conveyor,93.34,9.13,0.071,276,Low,0.914,0.335,0.18,0.172,0.166,0.148,Within baseline with monitored trend behaviour.
2025-07-31 00:00:00,TC-01,Trunk Conveyor,89.18,14.28,0.196,270,Low,0.863,0.353,0.193,0.152,0.15,0.153,Within baseline with monitored trend behaviour.
2025-08-01 00:00:00,TC-01,Trunk Conveyor,89.21,13.19,0.081,281,Low,0.872,0.344,0.183,0.157,0.163,0.153,Within baseline with monitored trend behaviour.
2025-08-02 00:00:00,TC-01,Trunk Conveyor,89.98,18.15,0.134,273,Low,0.818,0.33,0.192,0.172,0.165,0.14,Within baseline with monitored trend behaviour.
2025-08-03 00:00:00,TC-01,Trunk Conveyor,90.16,13.39,0.11,278,Low,0.866,0.334,0.179,0.177,0.161,0.148,Within baseline with monitored trend behaviour.
2025-08-04 00:00:00,TC-01,Trunk Conveyor,89.41,19.06,0.157,279,Low,0.868,0.346,0.19,0.166,0.17,0.128,Within baseline with monitored trend behaviour.
2025-08-05 00:00:00,TC-01,Trunk Conveyor,89.96,16.84,0.181,279,Low,0.887,0.343,0.188,0.176,0.146,0.147,Within baseline with monitored trend behaviour.
2025-08-06 00:00:00,TC-01,Trunk Conveyor,89.9,10.66,0.136,271,Low,0.81,0.338,0.189,0.164,0.158,0.151,Within baseline with monitored trend behaviour.
2025-08-07 00:00:00,TC-01,Trunk Conveyor,90.21,12.37,0.075,275,Low,0.921,0.341,0.201,0.171,0.152,0.136,Within baseline with monitored trend behaviour.
2025-08-08 00:00:00,TC-01,Trunk Conveyor,86.13,18.09,0.16,282,Low,0.899,0.341,0.188,0.156,0.17,0.144,Within baseline with monitored trend behaviour.
2025-08-09 00:00:00,TC-01,Trunk Conveyor,92.88,9.81,0.084,281,Low,0.905,0.349,0.186,0.172,0.154,0.138,Within baseline with monitored trend behaviour.
2025-08-10 00:00:00,TC-01,Trunk Conveyor,89.6,14.44,0.161,278,Low,0.848,0.343,0.191,0.168,0.144,0.154,Within baseline with monitored trend behaviour.
2025-08-11 00:00:00,TC-01,Trunk Conveyor,90.73,18.97,0.141,275,Low,0.842,0.347,0.187,0.172,0.157,0.137,Within baseline with monitored trend behaviour.
2025-08-12 00:00:00,TC-01,Trunk Conveyor,87.57,15.25,0.1,269,Low,0.835,0.341,0.189,0.168,0.162,0.14,Within baseline with monitored trend behaviour.
2025-08-13 00:00:00,TC-01,Trunk Conveyor,88.99,15.88,0.158,275,Low,0.862,0.353,0.188,0.178,0.157,0.124,Within baseline with monitored trend behaviour.
2025-08-14 00:00:00,TC-01,Trunk Conveyor,88.63,17.15,0.181,271,Low,0.876,0.322,0.193,0.169,0.18,0.136,Within baseline with monitored trend behaviour.
2025-08-15 00:00:00,TC-01,Trunk Conveyor,92.03,11.16,0.145,274,Low,0.858,0.342,0.19,0.172,0.155,0.141,Within baseline with monitored trend behaviour.
2025-08-16 00:00:00,TC-01,Trunk Conveyor,88.71,16.03,0.258,268,Low,0.934,0.322,0.193,0.171,0.179,0.135,Within baseline with monitored trend behaviour.
2025-08-17 00:00:00,TC-01,Trunk Conveyor,90.83,10.75,0.082,270,Low,0.858,0.332,0.189,0.164,0.177,0.138,Within baseline with monitored trend behaviour.
2025-08-18 00:00:00,TC-01,Trunk Conveyor,88.54,16.26,0.131,270,Low,0.892,0.33,0.177,0.182,0.157,0.155,Within baseline with monitored trend behaviour.
2025-08-19 00:00:00,TC-01,Trunk Conveyor,88.82,16.67,0.185,270,Low,0.853,0.337,0.187,0.169,0.163,0.143,Within baseline with monitored trend behaviour.
2025-08-20 00:00:00,TC-01,Trunk Conveyor,89.12,15.88,0.165,271,Low,0.869,0.353,0.192,0.171,0.151,0.133,Within baseline with monitored trend behaviour.
2025-08-21 00:00:00,TC-01,Trunk Conveyor,91.54,12.99,0.171,266,Low,0.878,0.345,0.206,0.168,0.149,0.132,Within baseline with monitored trend behaviour.
2025-08-22 00:00:00,TC-01,Trunk Conveyor,86.43,21.82,0.202,262,Low,0.834,0.339,0.192,0.163,0.174,0.133,Within baseline with monitored trend behaviour.
2025-08-23 00:00:00,TC-01,Trunk Conveyor,87.32,19.63,0.163,274,Low,0.841,0.339,0.178,0.167,0.159,0.157,Within baseline with monitored trend behaviour.
2025-08-24 00:00:00,TC-01,Trunk Conveyor,86.27,19.36,0.225,277,Low,0.868,0.345,0.184,0.18,0.161,0.13,Within baseline with monitored trend behaviour.
2025-08-25 00:00:00,TC-01,Trunk Conveyor,87.62,14.99,0.153,268,Low,0.871,0.343,0.187,0.186,0.158,0.125,Within baseline with monitored trend behaviour.
2025-08-26 00:00:00,TC-01,Trunk Conveyor,88.03,15.56,0.198,260,Low,0.902,0.335,0.184,0.168,0.16,0.154,Within baseline with monitored trend behaviour.
2025-08-27 00:00:00,TC-01,Trunk Conveyor,86.71,18.17,0.184,262,Low,0.838,0.329,0.182,0.17,0.171,0.148,Within baseline with monitored trend behaviour.
2025-08-28 00:00:00,TC-01,Trunk Conveyor,88.09,17.18,0.178,267,Low,0.891,0.339,0.189,0.175,0.152,0.144,Within baseline with monitored trend behaviour.
2025-08-29 00:00:00,TC-01,Trunk Conveyor,86.0,18.64,0.121,269,Low,0.874,0.334,0.2,0.174,0.169,0.123,Within baseline with monitored trend behaviour.
2025-08-30 00:00:00,TC-01,Trunk Conveyor,87.57,15.53,0.125,259,Low,0.896,0.335,0.199,0.167,0.16,0.139,Within baseline with monitored trend behaviour.
2025-08-31 00:00:00,TC-01,Trunk Conveyor,91.08,10.11,0.134,262,Low,0.864,0.343,0.184,0.175,0.161,0.138,Within baseline with monitored trend behaviour.
2025-09-01 00:00:00,TC-01,Trunk Conveyor,89.78,11.01,0.195,263,Low,0.854,0.345,0.189,0.155,0.158,0.154,Within baseline with monitored trend behaviour.
2025-09-02 00:00:00,TC-01,Trunk Conveyor,89.4,14.37,0.202,265,Low,0.859,0.345,0.181,0.167,0.159,0.148,Within baseline with monitored trend behaviour.
2025-09-03 00:00:00,TC-01,Trunk Conveyor,87.46,14.61,0.216,260,Low,0.924,0.357,0.18,0.173,0.147,0.143,Within baseline with monitored trend behaviour.
2025-09-04 00:00:00,TC-01,Trunk Conveyor,86.58,16.79,0.161,255,Low,0.884,0.338,0.174,0.185,0.167,0.136,Within baseline with monitored trend behaviour.
2025-09-05 00:00:00,TC-01,Trunk Conveyor,87.18,17.16,0.19,263,Low,0.854,0.345,0.175,0.164,0.161,0.155,Within baseline with monitored trend behaviour.
2025-09-06 00:00:00,TC-01,Trunk Conveyor,88.9,12.87,0.142,264,Low,0.893,0.328,0.191,0.17,0.168,0.143,Within baseline with monitored trend behaviour.
2025-09-07 00:00:00,TC-01,Trunk Conveyor,90.33,14.3,0.123,259,Low,0.866,0.34,0.198,0.161,0.165,0.135,Within baseline with monitored trend behaviour.
2025-09-08 00:00:00,TC-01,Trunk Conveyor,90.35,14.99,0.152,260,Low,0.902,0.345,0.189,0.165,0.159,0.141,Within baseline with monitored trend behaviour.
2025-09-09 00:00:00,TC-01,Trunk Conveyor,89.88,13.07,0.141,256,Low,0.781,0.339,0.191,0.172,0.154,0.144,Within baseline with monitored trend behaviour.
2025-09-10 00:00:00,TC-01,Trunk Conveyor,87.66,16.4,0.13,254,Low,0.827,0.346,0.201,0.165,0.148,0.14,Within baseline with monitored trend behaviour.
2025-09-11 00:00:00,TC-01,Trunk Conveyor,88.85,16.69,0.184,261,Low,0.898,0.362,0.198,0.167,0.152,0.121,Within baseline with monitored trend behaviour.
2025-09-12 00:00:00,TC-01,Trunk Conveyor,88.26,15.01,0.17,258,Low,0.882,0.339,0.192,0.176,0.161,0.133,Within baseline with monitored trend behaviour.
2025-09-13 00:00:00,TC-01,Trunk Conveyor,88.42,14.65,0.114,258,Low,0.914,0.331,0.181,0.18,0.172,0.135,Within baseline with monitored trend behaviour.
2025-09-14 00:00:00,TC-01,Trunk Conveyor,91.97,13.64,0.102,262,Low,0.878,0.343,0.177,0.176,0.149,0.154,Within baseline with monitored trend behaviour.
2025-09-15 00:00:00,TC-01,Trunk Conveyor,85.86,21.57,0.214,251,Low,0.871,0.349,0.185,0.175,0.161,0.13,Within baseline with monitored trend behaviour.
2025-09-16 00:00:00,TC-01,Trunk Conveyor,88.27,17.63,0.184,252,Low,0.861,0.343,0.194,0.165,0.16,0.138,Within baseline with monitored trend behaviour.
2025-09-17 00:00:00,TC-01,Trunk Conveyor,90.55,15.08,0.126,255,Low,0.881,0.337,0.19,0.166,0.157,0.15,Within baseline with monitored trend behaviour.
2025-09-18 00:00:00,TC-01,Trunk Conveyor,86.23,15.32,0.21,251,Low,0.91,0.346,0.172,0.183,0.161,0.138,Within baseline with monitored trend behaviour.
2025-09-19 00:00:00,TC-01,Trunk Conveyor,87.51,20.19,0.313,256,Low,0.839,0.365,0.185,0.155,0.166,0.13,Within baseline with monitored trend behaviour.
2025-09-20 00:00:00,TC-01,Trunk Conveyor,87.66,18.05,0.321,252,Low,0.935,0.357,0.176,0.155,0.165,0.147,Within baseline with monitored trend behaviour.
2025-09-21 00:00:00,TC-01,Trunk Conveyor,88.12,18.65,0.17,248,Low,0.861,0.328,0.186,0.176,0.156,0.154,Within baseline with monitored trend behaviour.
2025-09-22 00:00:00,TC-01,Trunk Conveyor,85.89,20.53,0.186,252,Low,0.848,0.337,0.184,0.179,0.163,0.137,Within baseline with monitored trend behaviour.
2025-09-23 00:00:00,TC-01,Trunk Conveyor,89.36,14.99,0.118,251,Low,0.855,0.339,0.19,0.17,0.159,0.143,Within baseline with monitored trend behaviour.
2025-09-24 00:00:00,TC-01,Trunk Conveyor,89.45,14.23,0.178,254,Low,0.829,0.346,0.189,0.161,0.162,0.143,Within baseline with monitored trend behaviour.
2025-09-25 00:00:00,TC-01,Trunk Conveyor,89.16,15.91,0.125,251,Low,0.966,0.351,0.185,0.17,0.154,0.14,Within baseline with monitored trend behaviour.
2025-09-26 00:00:00,TC-01,Trunk Conveyor,86.92,17.69,0.201,251,Low,0.896,0.352,0.189,0.161,0.159,0.139,Within baseline with monitored trend behaviour.
2025-09-27 00:00:00,TC-01,Trunk Conveyor,88.42,17.95,0.203,250,Low,0.865,0.337,0.196,0.168,0.147,0.152,Within baseline with monitored trend behaviour.
2025-09-28 00:00:00,TC-01,Trunk Conveyor,86.81,15.3,0.2,247,Low,0.843,0.335,0.188,0.174,0.156,0.148,Within baseline with monitored trend behaviour.
2025-09-29 00:00:00,TC-01,Trunk Conveyor,87.68,16.16,0.198,245,Low,0.864,0.354,0.174,0.165,0.171,0.137,Within baseline with monitored trend behaviour.
2025-09-30 00:00:00,TC-01,Trunk Conveyor,91.63,15.81,0.173,248,Low,0.81,0.325,0.196,0.168,0.166,0.144,Within baseline with monitored trend behaviour.
2025-10-01 00:00:00,TC-01,Trunk Conveyor,88.3,15.13,0.139,245,Low,0.824,0.322,0.181,0.185,0.156,0.156,Within baseline with monitored trend behaviour.
2025-10-02 00:00:00,TC-01,Trunk Conveyor,86.21,18.82,0.223,253,Low,0.843,0.349,0.195,0.158,0.143,0.156,Within baseline with monitored trend behaviour.
2025-10-03 00:00:00,TC-01,Trunk Conveyor,88.37,14.52,0.206,251,Low,0.908,0.345,0.178,0.176,0.155,0.146,Within baseline with monitored trend behaviour.
2025-10-04 00:00:00,TC-01,Trunk Conveyor,85.88,20.43,0.214,248,Low,0.873,0.35,0.199,0.174,0.155,0.123,Within baseline with monitored trend behaviour.
2025-10-05 00:00:00,TC-01,Trunk Conveyor,86.1,17.99,0.193,246,Low,0.951,0.328,0.196,0.177,0.156,0.142,Within baseline with monitored trend behaviour.
2025-10-06 00:00:00,TC-01,Trunk Conveyor,86.31,18.79,0.134,244,Low,0.809,0.337,0.192,0.164,0.168,0.138,Within baseline with monitored trend behaviour.
2025-10-07 00:00:00,TC-01,Trunk Conveyor,87.24,19.57,0.167,238,Low,0.822,0.339,0.181,0.176,0.165,0.139,Within baseline with monitored trend behaviour.
2025-10-08 00:00:00,TC-01,Trunk Conveyor,89.41,13.42,0.107,242,Low,0.891,0.331,0.177,0.183,0.159,0.149,Within baseline with monitored trend behaviour.
2025-10-09 00:00:00,TC-01,Trunk Conveyor,88.81,17.25,0.153,243,Low,0.94,0.35,0.192,0.164,0.169,0.125,Within baseline with monitored trend behaviour.
2025-10-10 00:00:00,TC-01,Trunk Conveyor,88.68,17.49,0.243,243,Low,0.905,0.351,0.191,0.163,0.148,0.147,Within baseline with monitored trend behaviour.
2025-10-11 00:00:00,TC-01,Trunk Conveyor,86.06,21.63,0.2,243,Low,0.882,0.337,0.193,0.161,0.167,0.142,Within baseline with monitored trend behaviour.
2025-10-12 00:00:00,TC-01,Trunk Conveyor,86.91,18.6,0.195,244,Low,0.829,0.329,0.2,0.153,0.168,0.151,Within baseline with monitored trend behaviour.
2025-10-13 00:00:00,TC-01,Trunk Conveyor,88.18,23.03,0.228,237,Low,0.872,0.35,0.196,0.158,0.164,0.132,Within baseline with monitored trend behaviour.
2025-10-14 00:00:00,TC-01,Trunk Conveyor,86.71,20.72,0.232,237,Low,0.745,0.339,0.192,0.168,0.165,0.136,Within baseline with monitored trend behaviour.
2025-10-15 00:00:00,TC-01,Trunk Conveyor,87.23,18.52,0.165,245,Low,0.903,0.342,0.176,0.18,0.15,0.152,Within baseline with monitored trend behaviour.
2025-10-16 00:00:00,TC-01,Trunk Conveyor,88.35,14.56,0.088,242,Low,0.862,0.347,0.202,0.148,0.161,0.142,Within baseline with monitored trend behaviour.
2025-10-17 00:00:00,TC-01,Trunk Conveyor,87.05,17.93,0.222,237,Low,0.891,0.347,0.189,0.159,0.167,0.138,Within baseline with monitored trend behaviour.
2025-10-18 00:00:00,TC-01,Trunk Conveyor,87.94,19.74,0.212,237,Low,0.907,0.335,0.193,0.183,0.141,0.149,Within baseline with monitored trend behaviour.
2025-10-19 00:00:00,TC-01,Trunk Conveyor,90.09,17.29,0.212,237,Low,0.829,0.327,0.187,0.176,0.146,0.164,Within baseline with monitored trend behaviour.
2025-10-20 00:00:00,TC-01,Trunk Conveyor,87.24,20.83,0.253,237,Low,0.889,0.337,0.194,0.164,0.159,0.146,Within baseline with monitored trend behaviour.
2025-10-21 00:00:00,TC-01,Trunk Conveyor,89.36,16.46,0.133,238,Low,0.797,0.345,0.194,0.159,0.157,0.145,Within baseline with monitored trend behaviour.
2025-10-22 00:00:00,TC-01,Trunk Conveyor,88.34,13.82,0.15,246,Low,0.899,0.335,0.18,0.165,0.174,0.146,Within baseline with monitored trend behaviour.
2025-10-23 00:00:00,TC-01,Trunk Conveyor,85.06,21.89,0.189,236,Low,0.891,0.336,0.2,0.16,0.159,0.146,Within baseline with monitored trend behaviour.
2025-10-24 00:00:00,TC-01,Trunk Conveyor,85.61,17.66,0.087,237,Low,0.87,0.336,0.181,0.186,0.148,0.15,Within baseline with monitored trend behaviour.
2025-10-25 00:00:00,TC-01,Trunk Conveyor,86.01,16.61,0.144,227,Low,0.892,0.336,0.187,0.169,0.151,0.156,Within baseline with monitored trend behaviour.
2025-10-26 00:00:00,TC-01,Trunk Conveyor,85.94,20.16,0.173,231,Low,0.819,0.343,0.188,0.158,0.169,0.143,Within baseline with monitored trend behaviour.
2025-10-27 00:00:00,TC-01,Trunk Conveyor,87.13,19.07,0.221,238,Low,0.829,0.329,0.18,0.16,0.182,0.149,Within baseline with monitored trend behaviour.
2025-10-28 00:00:00,TC-01,Trunk Conveyor,88.22,18.29,0.174,234,Low,0.934,0.344,0.185,0.17,0.155,0.146,Within baseline with monitored trend behaviour.
2025-10-29 00:00:00,TC-01,Trunk Conveyor,89.21,16.09,0.187,214,Low,0.869,0.339,0.178,0.168,0.166,0.148,Within baseline with monitored trend behaviour.
2025-10-30 00:00:00,TC-01,Trunk Conveyor,87.67,18.33,0.209,234,Low,0.903,0.322,0.195,0.165,0.161,0.157,Within baseline with monitored trend behaviour.
2025-10-31 00:00:00,TC-01,Trunk Conveyor,86.42,17.04,0.123,238,Low,0.888,0.358,0.193,0.182,0.144,0.124,Within baseline with monitored trend behaviour.
2025-11-01 00:00:00,TC-01,Trunk Conveyor,83.77,22.51,0.183,222,Low,0.893,0.319,0.2,0.175,0.172,0.135,Within baseline with monitored trend behaviour.
2025-11-02 00:00:00,TC-01,Trunk Conveyor,87.18,14.93,0.167,236,Low,0.9,0.349,0.19,0.164,0.161,0.137,Within baseline with monitored trend behaviour.
2025-11-03 00:00:00,TC-01,Trunk Conveyor,87.08,14.09,0.09,218,Low,0.878,0.336,0.2,0.162,0.158,0.145,Within baseline with monitored trend behaviour.
2025-11-04 00:00:00,TC-01,Trunk Conveyor,87.29,19.27,0.163,232,Low,0.904,0.333,0.194,0.165,0.169,0.139,Within baseline with monitored trend behaviour.
2025-11-05 00:00:00,TC-01,Trunk Conveyor,90.34,12.02,0.164,228,Low,0.864,0.345,0.172,0.187,0.145,0.151,Within baseline with monitored trend behaviour.
2025-11-06 00:00:00,TC-01,Trunk Conveyor,88.92,17.26,0.167,218,Low,0.934,0.346,0.185,0.181,0.155,0.133,Within baseline with monitored trend behaviour.
2025-11-07 00:00:00,TC-01,Trunk Conveyor,88.16,18.8,0.108,229,Low,0.919,0.357,0.189,0.159,0.157,0.138,Within baseline with monitored trend behaviour.
2025-11-08 00:00:00,TC-01,Trunk Conveyor,85.33,19.31,0.136,231,Low,0.908,0.351,0.191,0.165,0.148,0.144,Within baseline with monitored trend behaviour.
2025-11-09 00:00:00,TC-01,Trunk Conveyor,86.01,20.77,0.256,227,Low,0.917,0.332,0.189,0.178,0.158,0.143,Within baseline with monitored trend behaviour.
2025-11-10 00:00:00,TC-01,Trunk Conveyor,86.64,17.38,0.2,228,Low,0.917,0.349,0.17,0.184,0.168,0.129,Within baseline with monitored trend behaviour.
2025-11-11 00:00:00,TC-01,Trunk Conveyor,85.52,16.58,0.144,223,Low,0.84,0.335,0.197,0.157,0.166,0.144,Within baseline with monitored trend behaviour.
2025-11-12 00:00:00,TC-01,Trunk Conveyor,87.53,17.71,0.186,217,Low,0.818,0.328,0.195,0.18,0.151,0.145,Within baseline with monitored trend behaviour.
2025-11-13 00:00:00,TC-01,Trunk Conveyor,87.26,16.89,0.206,227,Low,0.927,0.344,0.192,0.18,0.151,0.133,Within baseline with monitored trend behaviour.
2025-11-14 00:00:00,TC-01,Trunk Conveyor,84.92,20.23,0.166,230,Low,0.919,0.338,0.185,0.174,0.164,0.139,Within baseline with monitored trend behaviour.
2025-11-15 00:00:00,TC-01,Trunk Conveyor,88.54,20.0,0.219,227,Low,0.822,0.349,0.19,0.158,0.158,0.145,Within baseline with monitored trend behaviour.
2025-11-16 00:00:00,TC-01,Trunk Conveyor,86.75,15.49,0.12,214,Low,0.84,0.342,0.182,0.176,0.166,0.134,Within baseline with monitored trend behaviour.
2025-11-17 00:00:00,TC-01,Trunk Conveyor,83.79,23.46,0.252,216,Low,0.862,0.348,0.191,0.172,0.146,0.144,Within baseline with monitored trend behaviour.
2025-11-18 00:00:00,TC-01,Trunk Conveyor,86.44,17.0,0.213,218,Low,0.803,0.33,0.178,0.181,0.145,0.167,Within baseline with monitored trend behaviour.
2025-11-19 00:00:00,TC-01,Trunk Conveyor,86.94,20.11,0.249,214,Low,0.877,0.339,0.184,0.17,0.16,0.146,Within baseline with monitored trend behaviour.
2025-11-20 00:00:00,TC-01,Trunk Conveyor,88.01,17.38,0.166,220,Low,0.83,0.337,0.187,0.171,0.158,0.148,Within baseline with monitored trend behaviour.
2025-11-21 00:00:00,TC-01,Trunk Conveyor,85.88,20.53,0.235,221,Low,0.814,0.335,0.177,0.164,0.175,0.148,Within baseline with monitored trend behaviour.
2025-11-22 00:00:00,TC-01,Trunk Conveyor,87.71,15.32,0.173,213,Low,0.871,0.338,0.182,0.176,0.172,0.132,Within baseline with monitored trend behaviour.
2025-11-23 00:00:00,TC-01,Trunk Conveyor,86.65,17.16,0.149,222,Low,0.859,0.339,0.181,0.169,0.166,0.145,Within baseline with monitored trend behaviour.
2025-11-24 00:00:00,TC-01,Trunk Conveyor,84.21,23.96,0.188,221,Low,0.838,0.366,0.172,0.153,0.16,0.148,Within baseline with monitored trend behaviour.
2025-11-25 00:00:00,TC-01,Trunk Conveyor,84.02,25.92,0.311,215,Low,0.937,0.358,0.186,0.165,0.167,0.124,Within baseline with monitored trend behaviour.
2025-11-26 00:00:00,TC-01,Trunk Conveyor,88.04,17.7,0.176,216,Low,0.864,0.337,0.18,0.174,0.158,0.151,Within baseline with monitored trend behaviour.
2025-11-27 00:00:00,TC-01,Trunk Conveyor,88.12,14.83,0.139,209,Low,0.872,0.345,0.191,0.17,0.158,0.135,Within baseline with monitored trend behaviour.
2025-11-28 00:00:00,TC-01,Trunk Conveyor,86.69,19.31,0.214,215,Low,0.861,0.338,0.194,0.169,0.152,0.147,Within baseline with monitored trend behaviour.
2025-11-29 00:00:00,TC-01,Trunk Conveyor,88.53,20.91,0.294,216,Low,0.879,0.342,0.186,0.176,0.154,0.142,Within baseline with monitored trend behaviour.
2025-11-30 00:00:00,TC-01,Trunk Conveyor,87.8,17.29,0.09,216,Low,0.934,0.345,0.2,0.168,0.159,0.128,Within baseline with monitored trend behaviour.
2025-12-01 00:00:00,TC-01,Trunk Conveyor,87.16,20.89,0.285,216,Low,0.835,0.346,0.189,0.168,0.16,0.138,Within baseline with monitored trend behaviour.
2025-12-02 00:00:00,TC-01,Trunk Conveyor,84.58,20.11,0.196,215,Low,0.904,0.35,0.184,0.18,0.162,0.123,Within baseline with monitored trend behaviour.
2025-12-03 00:00:00,TC-01,Trunk Conveyor,88.77,15.64,0.161,212,Low,0.865,0.337,0.187,0.174,0.151,0.151,Within baseline with monitored trend behaviour.
2025-12-04 00:00:00,TC-01,Trunk Conveyor,86.82,19.68,0.158,214,Low,0.877,0.357,0.177,0.16,0.162,0.145,Within baseline with monitored trend behaviour.
2025-12-05 00:00:00,TC-01,Trunk Conveyor,85.31,21.35,0.15,216,Low,0.926,0.339,0.195,0.165,0.148,0.153,Within baseline with monitored trend behaviour.
2025-12-06 00:00:00,TC-01,Trunk Conveyor,84.83,19.71,0.216,211,Low,0.939,0.347,0.175,0.159,0.163,0.156,Within baseline with monitored trend behaviour.
2025-12-07 00:00:00,TC-01,Trunk Conveyor,86.27,17.6,0.162,213,Low,0.839,0.338,0.18,0.159,0.157,0.166,Within baseline with monitored trend behaviour.
2025-12-08 00:00:00,TC-01,Trunk Conveyor,83.15,25.56,0.232,210,Low,0.84,0.353,0.187,0.178,0.148,0.135,Within baseline with monitored trend behaviour.
2025-12-09 00:00:00,TC-01,Trunk Conveyor,86.91,20.71,0.172,208,Low,0.848,0.333,0.182,0.171,0.175,0.14,Within baseline with monitored trend behaviour.
2025-12-10 00:00:00,TC-01,Trunk Conveyor,84.23,25.1,0.178,212,Low,0.868,0.35,0.2,0.16,0.154,0.136,Within baseline with monitored trend behaviour.
2025-12-11 00:00:00,TC-01,Trunk Conveyor,86.31,22.77,0.222,207,Low,0.816,0.34,0.19,0.166,0.166,0.138,Within baseline with monitored trend behaviour.
2025-12-12 00:00:00,TC-01,Trunk Conveyor,84.85,21.48,0.22,210,Low,0.858,0.345,0.179,0.164,0.167,0.144,Within baseline with monitored trend behaviour.
2025-12-13 00:00:00,TC-01,Trunk Conveyor,85.23,20.06,0.229,208,Low,0.872,0.359,0.202,0.16,0.135,0.144,Within baseline with monitored trend behaviour.
2025-12-14 00:00:00,TC-01,Trunk Conveyor,84.41,24.53,0.254,206,Low,0.938,0.334,0.193,0.176,0.171,0.125,Within baseline with monitored trend behaviour.
2025-12-15 00:00:00,TC-01,Trunk Conveyor,85.32,21.97,0.221,206,Low,0.863,0.342,0.172,0.165,0.169,0.152,Within baseline with monitored trend behaviour.
2025-12-16 00:00:00,TC-01,Trunk Conveyor,88.57,14.04,0.097,204,Low,0.939,0.343,0.191,0.171,0.151,0.144,Within baseline with monitored trend behaviour.
2025-12-17 00:00:00,TC-01,Trunk Conveyor,87.73,15.11,0.188,199,Low,0.944,0.339,0.176,0.186,0.161,0.139,Within baseline with monitored trend behaviour.
2025-12-18 00:00:00,TC-01,Trunk Conveyor,86.04,20.52,0.191,207,Low,0.873,0.348,0.199,0.16,0.16,0.133,Within baseline with monitored trend behaviour.
2025-12-19 00:00:00,TC-01,Trunk Conveyor,85.4,20.08,0.209,206,Low,0.918,0.347,0.187,0.175,0.16,0.132,Within baseline with monitored trend behaviour.
2025-12-20 00:00:00,TC-01,Trunk Conveyor,86.76,18.49,0.156,208,Low,0.917,0.35,0.196,0.165,0.146,0.143,Within baseline with monitored trend behaviour.
2025-12-21 00:00:00,TC-01,Trunk Conveyor,87.18,20.1,0.236,202,Low,0.909,0.352,0.19,0.18,0.15,0.128,Within baseline with monitored trend behaviour.
2025-12-22 00:00:00,TC-01,Trunk Conveyor,84.01,23.91,0.288,211,Low,0.866,0.347,0.195,0.173,0.148,0.136,Within baseline with monitored trend behaviour.
2025-12-23 00:00:00,TC-01,Trunk Conveyor,85.18,23.41,0.211,201,Low,0.885,0.342,0.182,0.172,0.151,0.153,Within baseline with monitored trend behaviour.
2025-12-24 00:00:00,TC-01,Trunk Conveyor,82.35,20.85,0.273,199,Low,0.867,0.349,0.195,0.148,0.166,0.142,Within baseline with monitored trend behaviour.
2025-12-25 00:00:00,TC-01,Trunk Conveyor,87.03,18.67,0.227,198,Low,0.911,0.335,0.178,0.176,0.172,0.139,Within baseline with monitored trend behaviour.
2025-12-26 00:00:00,TC-01,Trunk Conveyor,88.5,17.49,0.257,194,Low,0.879,0.347,0.183,0.178,0.154,0.138,Within baseline with monitored trend behaviour.
2025-12-27 00:00:00,TC-01,Trunk Conveyor,85.29,17.55,0.23,207,Low,0.887,0.331,0.183,0.175,0.165,0.146,Within baseline with monitored trend behaviour.
2025-12-28 00:00:00,TC-01,Trunk Conveyor,81.72,24.28,0.244,206,Low,0.894,0.332,0.187,0.165,0.163,0.153,Within baseline with monitored trend behaviour.
2025-12-29 00:00:00,TC-01,Trunk Conveyor,86.06,17.83,0.13,202,Low,0.898,0.337,0.193,0.167,0.157,0.146,Within baseline with monitored trend behaviour.
2025-12-30 00:00:00,TC-01,Trunk Conveyor,83.61,23.0,0.248,196,Low,0.859,0.344,0.179,0.175,0.161,0.141,Within baseline with monitored trend behaviour.
2025-12-31 00:00:00,TC-01,Trunk Conveyor,83.96,25.72,0.194,206,Low,0.881,0.351,0.194,0.169,0.157,0.129,Within baseline with monitored trend behaviour.
2026-01-01 00:00:00,TC-01,Trunk Conveyor,85.98,23.67,0.278,197,Low,0.844,0.356,0.194,0.16,0.156,0.134,Within baseline with monitored trend behaviour.
2026-01-02 00:00:00,TC-01,Trunk Conveyor,85.35,18.88,0.199,196,Low,0.92,0.34,0.185,0.194,0.157,0.125,Within baseline with monitored trend behaviour.
2026-01-03 00:00:00,TC-01,Trunk Conveyor,84.13,23.27,0.212,203,Low,0.918,0.335,0.192,0.165,0.169,0.14,Within baseline with monitored trend behaviour.
2026-01-04 00:00:00,TC-01,Trunk Conveyor,83.84,23.75,0.229,199,Low,0.92,0.342,0.181,0.167,0.167,0.143,Within baseline with monitored trend behaviour.
2026-01-05 00:00:00,TC-01,Trunk Conveyor,85.04,21.72,0.271,205,Low,0.851,0.367,0.185,0.168,0.147,0.132,Within baseline with monitored trend behaviour.
2026-01-06 00:00:00,TC-01,Trunk Conveyor,84.15,22.99,0.247,196,Low,0.868,0.348,0.188,0.166,0.16,0.137,Within baseline with monitored trend behaviour.
2026-01-07 00:00:00,TC-01,Trunk Conveyor,82.99,24.42,0.243,193,Low,0.845,0.331,0.203,0.169,0.156,0.14,Within baseline with monitored trend behaviour.
2026-01-08 00:00:00,TC-01,Trunk Conveyor,84.2,25.5,0.241,192,Low,0.795,0.35,0.174,0.169,0.174,0.133,Within baseline with monitored trend behaviour.
2026-01-09 00:00:00,TC-01,Trunk Conveyor,85.24,22.87,0.236,186,Low,0.913,0.343,0.188,0.169,0.155,0.145,Within baseline with monitored trend behaviour.
2026-01-10 00:00:00,TC-01,Trunk Conveyor,84.38,19.75,0.231,192,Low,0.956,0.329,0.187,0.16,0.176,0.148,Within baseline with monitored trend behaviour.
2026-01-11 00:00:00,TC-01,Trunk Conveyor,82.36,26.28,0.284,197,Low,0.907,0.352,0.177,0.164,0.168,0.139,Within baseline with monitored trend behaviour.
2026-01-12 00:00:00,TC-01,Trunk Conveyor,86.17,21.14,0.172,195,Low,0.869,0.341,0.196,0.189,0.148,0.126,Within baseline with monitored trend behaviour.
2026-01-13 00:00:00,TC-01,Trunk Conveyor,80.17,28.39,0.306,192,Low,0.891,0.345,0.186,0.175,0.159,0.135,Within baseline with monitored trend behaviour.
2026-01-14 00:00:00,TC-01,Trunk Conveyor,83.8,24.94,0.214,187,Low,0.891,0.343,0.187,0.184,0.154,0.131,Within baseline with monitored trend behaviour.
2026-01-15 00:00:00,TC-01,Trunk Conveyor,83.49,23.49,0.238,192,Low,0.863,0.322,0.205,0.184,0.171,0.118,Within baseline with monitored trend behaviour.
2026-01-16 00:00:00,TC-01,Trunk Conveyor,84.68,21.84,0.141,194,Low,0.91,0.33,0.183,0.17,0.165,0.152,Within baseline with monitored trend behaviour.
2026-01-17 00:00:00,TC-01,Trunk Conveyor,85.31,20.81,0.196,191,Low,0.945,0.342,0.189,0.178,0.15,0.141,Within baseline with monitored trend behaviour.
2026-01-18 00:00:00,TC-01,Trunk Conveyor,86.18,15.32,0.13,190,Low,0.955,0.336,0.192,0.167,0.164,0.141,Within baseline with monitored trend behaviour.
2026-01-19 00:00:00,TC-01,Trunk Conveyor,83.2,23.36,0.189,185,Low,0.93,0.344,0.185,0.156,0.163,0.153,Within baseline with monitored trend behaviour.
2026-01-20 00:00:00,TC-01,Trunk Conveyor,85.24,19.33,0.18,192,Low,0.857,0.337,0.198,0.17,0.147,0.148,Within baseline with monitored trend behaviour.
2026-01-21 00:00:00,TC-01,Trunk Conveyor,84.58,19.22,0.231,175,Low,0.837,0.331,0.197,0.179,0.161,0.132,Within baseline with monitored trend behaviour.
2026-01-22 00:00:00,TC-01,Trunk Conveyor,81.49,28.78,0.26,189,Low,0.859,0.342,0.189,0.165,0.163,0.141,Within baseline with monitored trend behaviour.
2026-01-23 00:00:00,TC-01,Trunk Conveyor,87.24,18.88,0.133,197,Low,0.88,0.337,0.191,0.169,0.16,0.143,Within baseline with monitored trend behaviour.
2026-01-24 00:00:00,TC-01,Trunk Conveyor,81.86,25.34,0.317,180,Low,0.86,0.339,0.196,0.168,0.164,0.134,Within baseline with monitored trend behaviour.
2026-01-25 00:00:00,TC-01,Trunk Conveyor,84.79,20.16,0.188,184,Low,0.901,0.343,0.174,0.18,0.164,0.14,Within baseline with monitored trend behaviour.
2026-01-26 00:00:00,TC-01,Trunk Conveyor,84.71,22.0,0.272,185,Low,0.912,0.338,0.196,0.157,0.173,0.136,Within baseline with monitored trend behaviour.
2026-01-27 00:00:00,TC-01,Trunk Conveyor,84.49,23.69,0.199,183,Low,0.838,0.333,0.189,0.171,0.161,0.147,Within baseline with monitored trend behaviour.
2026-01-28 00:00:00,TC-01,Trunk Conveyor,83.22,21.83,0.262,188,Low,0.952,0.332,0.186,0.184,0.16,0.138,Within baseline with monitored trend behaviour.
2026-01-29 00:00:00,TC-01,Trunk Conveyor,85.3,20.57,0.241,185,Low,0.906,0.336,0.199,0.162,0.152,0.151,Within baseline with monitored trend behaviour.
2026-01-30 00:00:00,TC-01,Trunk Conveyor,81.45,27.71,0.312,183,Low,0.83,0.337,0.171,0.17,0.16,0.161,Within baseline with monitored trend behaviour.
2026-01-31 00:00:00,TC-01,Trunk Conveyor,83.8,18.81,0.213,185,Low,0.873,0.344,0.19,0.171,0.156,0.138,Within baseline with monitored trend behaviour.
2026-02-01 00:00:00,TC-01,Trunk Conveyor,82.97,23.73,0.281,182,Low,0.892,0.337,0.193,0.169,0.152,0.149,Within baseline with monitored trend behaviour.
2026-02-02 00:00:00,TC-01,Trunk Conveyor,82.75,23.29,0.229,194,Low,0.864,0.339,0.178,0.178,0.158,0.147,Within baseline with monitored trend behaviour.
2026-02-03 00:00:00,TC-01,Trunk Conveyor,84.48,21.46,0.208,181,Low,0.915,0.348,0.181,0.177,0.157,0.137,Within baseline with monitored trend behaviour.
2026-02-04 00:00:00,TC-01,Trunk Conveyor,85.49,19.32,0.225,181,Low,0.885,0.353,0.184,0.147,0.152,0.164,Within baseline with monitored trend behaviour.
2026-02-05 00:00:00,TC-01,Trunk Conveyor,83.18,23.83,0.309,173,Low,0.884,0.339,0.198,0.165,0.153,0.145,Within baseline with monitored trend behaviour.
2026-02-06 00:00:00,TC-01,Trunk Conveyor,84.94,24.93,0.369,177,Low,0.921,0.337,0.19,0.163,0.167,0.143,Within baseline with monitored trend behaviour.
2026-02-07 00:00:00,TC-01,Trunk Conveyor,83.73,22.13,0.23,183,Low,0.928,0.339,0.197,0.168,0.172,0.124,Within baseline with monitored trend behaviour.
2026-02-08 00:00:00,TC-01,Trunk Conveyor,82.19,25.52,0.227,173,Low,0.908,0.338,0.184,0.178,0.15,0.149,Within baseline with monitored trend behaviour.
2026-02-09 00:00:00,TC-01,Trunk Conveyor,83.17,27.56,0.273,169,Low,0.865,0.332,0.199,0.169,0.154,0.146,Within baseline with monitored trend behaviour.
2026-02-10 00:00:00,TC-01,Trunk Conveyor,83.06,22.61,0.199,177,Low,0.86,0.332,0.192,0.173,0.161,0.141,Within baseline with monitored trend behaviour.
2026-02-11 00:00:00,TC-01,Trunk Conveyor,82.39,28.28,0.283,182,Low,0.911,0.336,0.2,0.172,0.162,0.129,Within baseline with monitored trend behaviour.
2026-02-12 00:00:00,TC-01,Trunk Conveyor,84.16,22.19,0.223,176,Low,0.885,0.339,0.186,0.177,0.155,0.143,Within baseline with monitored trend behaviour.
2026-02-13 00:00:00,TC-01,Trunk Conveyor,83.81,26.23,0.276,174,Low,0.941,0.337,0.186,0.169,0.166,0.141,Within baseline with monitored trend behaviour.
2026-02-14 00:00:00,TC-01,Trunk Conveyor,80.85,28.31,0.3,167,Low,0.867,0.337,0.187,0.189,0.152,0.135,Within baseline with monitored trend behaviour.
2026-02-15 00:00:00,TC-01,Trunk Conveyor,80.72,27.61,0.291,176,Low,0.842,0.35,0.19,0.174,0.155,0.131,Within baseline with monitored trend behaviour.
2026-02-16 00:00:00,TC-01,Trunk Conveyor,84.0,22.26,0.168,176,Low,0.865,0.342,0.2,0.17,0.165,0.124,Within baseline with monitored trend behaviour.
2026-02-17 00:00:00,TC-01,Trunk Conveyor,81.98,23.97,0.211,166,Low,0.828,0.329,0.187,0.182,0.167,0.134,Within baseline with monitored trend behaviour.
2026-02-18 00:00:00,TC-01,Trunk Conveyor,83.74,22.92,0.19,177,Low,0.871,0.342,0.188,0.17,0.154,0.147,Within baseline with monitored trend behaviour.
2026-02-19 00:00:00,TC-01,Trunk Conveyor,84.46,23.54,0.263,175,Low,0.911,0.322,0.196,0.168,0.168,0.146,Within baseline with monitored trend behaviour.
2026-02-20 00:00:00,TC-01,Trunk Conveyor,81.15,26.37,0.188,176,Low,0.822,0.361,0.195,0.156,0.15,0.138,Within baseline with monitored trend behaviour.
2026-02-21 00:00:00,TC-01,Trunk Conveyor,80.88,26.13,0.314,173,Low,0.844,0.326,0.199,0.176,0.166,0.134,Within baseline with monitored trend behaviour.
2026-02-22 00:00:00,TC-01,Trunk Conveyor,85.78,19.4,0.221,173,Low,0.867,0.329,0.192,0.163,0.163,0.152,Within baseline with monitored trend behaviour.
2026-02-23 00:00:00,TC-01,Trunk Conveyor,83.63,24.9,0.26,172,Low,0.922,0.332,0.206,0.175,0.152,0.135,Within baseline with monitored trend behaviour.
2026-02-24 00:00:00,TC-01,Trunk Conveyor,82.36,27.14,0.229,173,Low,0.946,0.343,0.18,0.16,0.169,0.148,Within baseline with monitored trend behaviour.
2026-02-25 00:00:00,TC-01,Trunk Conveyor,81.5,24.56,0.245,162,Low,0.895,0.333,0.198,0.169,0.153,0.146,Within baseline with monitored trend behaviour.
2026-02-26 00:00:00,TC-01,Trunk Conveyor,82.14,23.66,0.178,163,Low,0.828,0.346,0.202,0.158,0.16,0.134,Within baseline with monitored trend behaviour.
2026-02-27 00:00:00,TC-01,Trunk Conveyor,81.02,27.33,0.31,165,Low,0.894,0.344,0.193,0.168,0.161,0.134,Within baseline with monitored trend behaviour.
2026-02-28 00:00:00,TC-01,Trunk Conveyor,84.3,25.04,0.253,167,Low,0.931,0.339,0.184,0.175,0.153,0.149,Within baseline with monitored trend behaviour.
2026-03-01 00:00:00,TC-01,Trunk Conveyor,81.61,28.04,0.345,168,Low,0.845,0.345,0.189,0.167,0.156,0.144,Within baseline with monitored trend behaviour.
2026-03-02 00:00:00,TC-01,Trunk Conveyor,84.56,19.11,0.252,168,Low,0.851,0.346,0.187,0.173,0.158,0.136,Within baseline with monitored trend behaviour.
2026-03-03 00:00:00,TC-01,Trunk Conveyor,82.13,24.48,0.256,170,Low,0.836,0.337,0.184,0.17,0.168,0.142,Within baseline with monitored trend behaviour.
2026-03-04 00:00:00,TC-01,Trunk Conveyor,81.07,24.64,0.281,170,Low,0.952,0.345,0.184,0.169,0.161,0.141,Within baseline with monitored trend behaviour.
2026-03-05 00:00:00,TC-01,Trunk Conveyor,82.02,24.64,0.314,161,Low,0.82,0.338,0.196,0.169,0.16,0.137,Within baseline with monitored trend behaviour.
2026-03-06 00:00:00,TC-01,Trunk Conveyor,78.47,33.36,0.276,165,Medium,0.879,0.351,0.198,0.145,0.162,0.144,Watch: drive bearing vibration and motor current rising at transfer points; continue monitoring trend.
2026-03-07 00:00:00,TC-01,Trunk Conveyor,82.43,21.75,0.209,160,Low,0.901,0.344,0.184,0.171,0.176,0.125,Within baseline with monitored trend behaviour.
2026-03-08 00:00:00,TC-01,Trunk Conveyor,82.32,21.52,0.212,162,Low,0.885,0.337,0.183,0.181,0.16,0.139,Within baseline with monitored trend behaviour.
2026-03-09 00:00:00,TC-01,Trunk Conveyor,83.87,20.92,0.243,164,Low,0.882,0.332,0.201,0.175,0.155,0.137,Within baseline with monitored trend behaviour.
2026-03-10 00:00:00,TC-01,Trunk Conveyor,79.5,29.28,0.304,149,Low,0.866,0.352,0.181,0.163,0.167,0.137,Within baseline with monitored trend behaviour.
2026-03-11 00:00:00,TC-01,Trunk Conveyor,84.34,23.17,0.241,171,Low,0.954,0.341,0.172,0.176,0.152,0.158,Within baseline with monitored trend behaviour.
2026-03-12 00:00:00,TC-01,Trunk Conveyor,83.76,23.62,0.184,163,Low,0.913,0.354,0.181,0.159,0.157,0.149,Within baseline with monitored trend behaviour.
2026-03-13 00:00:00,TC-01,Trunk Conveyor,84.41,24.18,0.214,158,Low,0.879,0.352,0.171,0.177,0.151,0.149,Within baseline with monitored trend behaviour.
2026-03-14 00:00:00,TC-01,Trunk Conveyor,82.28,21.28,0.24,168,Low,0.85,0.324,0.2,0.166,0.163,0.148,Within baseline with monitored trend behaviour.
2026-03-15 00:00:00,TC-01,Trunk Conveyor,83.95,24.84,0.249,158,Low,0.874,0.351,0.178,0.172,0.156,0.143,Within baseline with monitored trend behaviour.
2026-03-16 00:00:00,TC-01,Trunk Conveyor,79.94,27.46,0.261,160,Low,0.835,0.324,0.191,0.169,0.154,0.161,Within baseline with monitored trend behaviour.
2026-03-17 00:00:00,TC-01,Trunk Conveyor,83.4,24.7,0.239,157,Low,0.936,0.318,0.195,0.172,0.165,0.15,Within baseline with monitored trend behaviour.
2026-03-18 00:00:00,TC-01,Trunk Conveyor,80.99,23.97,0.278,165,Low,0.952,0.341,0.191,0.18,0.151,0.138,Within baseline with monitored trend behaviour.
2026-03-19 00:00:00,TC-01,Trunk Conveyor,79.54,28.65,0.307,157,Low,0.9,0.335,0.196,0.172,0.167,0.131,Within baseline with monitored trend behaviour.
2026-03-20 00:00:00,TC-01,Trunk Conveyor,80.35,27.99,0.257,158,Low,0.845,0.327,0.186,0.169,0.163,0.154,Within baseline with monitored trend behaviour.
2026-03-21 00:00:00,TC-01,Trunk Conveyor,82.12,27.35,0.353,161,Low,0.927,0.351,0.202,0.163,0.145,0.139,Within baseline with monitored trend behaviour.
2026-03-22 00:00:00,TC-01,Trunk Conveyor,80.75,23.77,0.24,158,Low,0.91,0.345,0.177,0.167,0.163,0.147,Within baseline with monitored trend behaviour.
2026-03-23 00:00:00,TC-01,Trunk Conveyor,82.64,24.37,0.217,155,Low,0.908,0.346,0.191,0.165,0.159,0.14,Within baseline with monitored trend behaviour.
2026-03-24 00:00:00,TC-01,Trunk Conveyor,79.1,27.08,0.242,159,Low,0.786,0.327,0.182,0.172,0.168,0.15,Within baseline with monitored trend behaviour.
2026-03-25 00:00:00,TC-01,Trunk Conveyor,78.56,31.03,0.333,164,Medium,0.894,0.361,0.194,0.159,0.157,0.129,Watch: drive bearing vibration and motor current rising at transfer points; continue monitoring trend.
2026-03-26 00:00:00,TC-01,Trunk Conveyor,84.12,23.79,0.278,155,Low,0.871,0.328,0.179,0.186,0.161,0.147,Within baseline with monitored trend behaviour.
2026-03-27 00:00:00,TC-01,Trunk Conveyor,83.33,25.91,0.313,154,Low,0.846,0.335,0.184,0.175,0.166,0.14,Within baseline with monitored trend behaviour.
2026-03-28 00:00:00,TC-01,Trunk Conveyor,80.17,26.69,0.302,153,Low,0.884,0.346,0.185,0.149,0.179,0.141,Within baseline with monitored trend behaviour.
2026-03-29 00:00:00,TC-01,Trunk Conveyor,81.81,27.32,0.291,157,Low,0.914,0.333,0.201,0.161,0.182,0.123,Within baseline with monitored trend behaviour.
2026-03-30 00:00:00,TC-01,Trunk Conveyor,83.41,25.95,0.22,149,Low,0.858,0.354,0.19,0.17,0.162,0.124,Within baseline with monitored trend behaviour.
2026-03-31 00:00:00,TC-01,Trunk Conveyor,82.41,21.34,0.253,150,Low,0.909,0.338,0.193,0.175,0.148,0.146,Within baseline with monitored trend behaviour.
2026-04-01 00:00:00,TC-01,Trunk Conveyor,81.94,26.51,0.278,144,Low,0.959,0.327,0.176,0.181,0.162,0.154,Within baseline with monitored trend behaviour.
2026-04-02 00:00:00,TC-01,Trunk Conveyor,83.41,25.14,0.285,145,Low,0.929,0.35,0.182,0.164,0.158,0.146,Within baseline with monitored trend behaviour.
2026-04-03 00:00:00,TC-01,Trunk Conveyor,80.46,26.84,0.28,147,Low,0.812,0.319,0.186,0.175,0.169,0.151,Within baseline with monitored trend behaviour.
2026-04-04 00:00:00,TC-01,Trunk Conveyor,81.64,23.29,0.228,149,Low,0.833,0.322,0.191,0.185,0.161,0.14,Within baseline with monitored trend behaviour.
2026-04-05 00:00:00,TC-01,Trunk Conveyor,81.52,27.76,0.276,156,Low,0.932,0.341,0.183,0.17,0.157,0.15,Within baseline with monitored trend behaviour.
2026-04-06 00:00:00,TC-01,Trunk Conveyor,81.08,24.09,0.255,150,Low,0.887,0.341,0.185,0.165,0.178,0.132,Within baseline with monitored trend behaviour.
2026-04-07 00:00:00,TC-01,Trunk Conveyor,80.85,26.45,0.261,144,Low,0.84,0.344,0.177,0.172,0.167,0.138,Within baseline with monitored trend behaviour.
2026-04-08 00:00:00,TC-01,Trunk Conveyor,81.55,25.74,0.201,144,Low,0.878,0.328,0.185,0.167,0.173,0.149,Within baseline with monitored trend behaviour.
2026-04-09 00:00:00,TC-01,Trunk Conveyor,81.46,27.39,0.355,152,Low,0.811,0.329,0.177,0.174,0.181,0.139,Within baseline with monitored trend behaviour.
2026-04-10 00:00:00,TC-01,Trunk Conveyor,79.68,27.19,0.239,150,Low,0.843,0.343,0.197,0.17,0.157,0.132,Within baseline with monitored trend behaviour.
2026-04-11 00:00:00,TC-01,Trunk Conveyor,82.61,22.98,0.158,145,Low,0.864,0.345,0.18,0.173,0.152,0.15,Within baseline with monitored trend behaviour.
2026-04-12 00:00:00,TC-01,Trunk Conveyor,79.73,28.58,0.267,143,Low,0.882,0.333,0.188,0.177,0.164,0.139,Within baseline with monitored trend behaviour.
2026-04-13 00:00:00,TC-01,Trunk Conveyor,80.9,28.75,0.244,149,Low,0.911,0.332,0.187,0.184,0.162,0.135,Within baseline with monitored trend behaviour.
2026-04-14 00:00:00,TC-01,Trunk Conveyor,80.74,31.54,0.433,140,Medium,0.854,0.359,0.178,0.169,0.156,0.138,Watch: drive bearing vibration and motor current rising at transfer points; continue monitoring trend.
2026-04-15 00:00:00,TC-01,Trunk Conveyor,81.75,22.54,0.219,145,Low,0.914,0.351,0.181,0.158,0.169,0.141,Within baseline with monitored trend behaviour.
2026-04-16 00:00:00,TC-01,Trunk Conveyor,77.75,31.79,0.356,152,Medium,0.867,0.333,0.217,0.163,0.148,0.139,Watch: drive bearing vibration and motor current rising at transfer points; continue monitoring trend.
2026-04-17 00:00:00,TC-01,Trunk Conveyor,82.52,22.29,0.229,143,Low,0.908,0.338,0.182,0.178,0.169,0.133,Within baseline with monitored trend behaviour.
2026-04-18 00:00:00,TC-01,Trunk Conveyor,79.98,30.07,0.213,139,Medium,0.86,0.35,0.198,0.157,0.164,0.131,Watch: drive bearing vibration and motor current rising at transfer points; continue monitoring trend.
2026-04-19 00:00:00,TC-01,Trunk Conveyor,82.98,21.96,0.261,143,Low,0.861,0.34,0.181,0.169,0.167,0.143,Within baseline with monitored trend behaviour.
2026-04-20 00:00:00,TC-01,Trunk Conveyor,80.22,26.34,0.217,139,Low,0.881,0.344,0.191,0.175,0.151,0.139,Within baseline with monitored trend behaviour.
2026-04-21 00:00:00,TC-01,Trunk Conveyor,80.87,25.6,0.275,134,Low,0.896,0.358,0.182,0.173,0.156,0.132,Within baseline with monitored trend behaviour.
2026-04-22 00:00:00,TC-01,Trunk Conveyor,83.97,22.29,0.164,142,Low,0.88,0.336,0.198,0.162,0.159,0.144,Within baseline with monitored trend behaviour.
2026-04-23 00:00:00,TC-01,Trunk Conveyor,80.43,28.05,0.289,143,Low,0.786,0.335,0.18,0.178,0.175,0.132,Within baseline with monitored trend behaviour.
2026-04-24 00:00:00,TC-01,Trunk Conveyor,82.82,25.02,0.245,137,Low,0.958,0.336,0.188,0.172,0.159,0.144,Within baseline with monitored trend behaviour.
2026-04-25 00:00:00,TC-01,Trunk Conveyor,80.86,26.79,0.259,136,Low,0.857,0.328,0.195,0.183,0.158,0.136,Within baseline with monitored trend behaviour.
2026-04-26 00:00:00,TC-01,Trunk Conveyor,81.42,23.35,0.233,134,Low,0.84,0.341,0.165,0.187,0.162,0.145,Within baseline with monitored trend behaviour.
2026-04-27 00:00:00,TC-01,Trunk Conveyor,80.83,28.29,0.259,136,Low,0.884,0.334,0.195,0.16,0.175,0.137,Within baseline with monitored trend behaviour.
2026-04-28 00:00:00,TC-01,Trunk Conveyor,82.04,25.04,0.157,134,Low,0.886,0.331,0.186,0.168,0.174,0.141,Within baseline with monitored trend behaviour.
2026-04-29 00:00:00,TC-01,Trunk Conveyor,79.55,30.96,0.34,132,Medium,0.91,0.343,0.177,0.168,0.177,0.135,Watch: drive bearing vibration and motor current rising at transfer points; continue monitoring trend.
2026-04-30 00:00:00,TC-01,Trunk Conveyor,79.03,27.94,0.325,143,Low,0.87,0.335,0.18,0.164,0.176,0.145,Within baseline with monitored trend behaviour.
2026-05-01 00:00:00,TC-01,Trunk Conveyor,79.55,25.43,0.266,137,Low,0.923,0.341,0.187,0.172,0.153,0.147,Within baseline with monitored trend behaviour.
2026-05-02 00:00:00,TC-01,Trunk Conveyor,80.69,26.96,0.21,137,Low,0.908,0.353,0.182,0.178,0.154,0.132,Within baseline with monitored trend behaviour.
2026-05-03 00:00:00,TC-01,Trunk Conveyor,80.14,30.4,0.287,137,Medium,0.865,0.322,0.191,0.179,0.182,0.126,Watch: drive bearing vibration and motor current rising at transfer points; continue monitoring trend.
2026-05-04 00:00:00,TC-01,Trunk Conveyor,81.59,26.09,0.27,136,Low,0.884,0.334,0.193,0.16,0.181,0.132,Within baseline with monitored trend behaviour.
2026-05-05 00:00:00,TC-01,Trunk Conveyor,82.51,24.09,0.2,131,Low,0.817,0.35,0.195,0.169,0.146,0.14,Within baseline with monitored trend behaviour.
2026-05-06 00:00:00,TC-01,Trunk Conveyor,78.82,27.91,0.303,133,Low,0.987,0.347,0.195,0.167,0.159,0.133,Within baseline with monitored trend behaviour.
2026-05-07 00:00:00,TC-01,Trunk Conveyor,79.17,32.68,0.363,131,Medium,0.847,0.357,0.182,0.164,0.169,0.127,Watch: drive bearing vibration and motor current rising at transfer points; continue monitoring trend.
2026-05-08 00:00:00,TC-01,Trunk Conveyor,78.01,28.73,0.258,133,Low,0.835,0.338,0.191,0.166,0.155,0.151,Within baseline with monitored trend behaviour.
2026-05-09 00:00:00,TC-01,Trunk Conveyor,83.51,21.63,0.265,132,Low,0.99,0.33,0.201,0.166,0.163,0.14,Within baseline with monitored trend behaviour.
2026-05-10 00:00:00,TC-01,Trunk Conveyor,80.71,28.14,0.259,128,Low,0.916,0.336,0.197,0.153,0.162,0.152,Within baseline with monitored trend behaviour.
2026-05-11 00:00:00,TC-01,Trunk Conveyor,80.96,22.95,0.222,124,Low,0.855,0.335,0.19,0.158,0.162,0.155,Within baseline with monitored trend behaviour.
2026-05-12 00:00:00,TC-01,Trunk Conveyor,78.01,33.34,0.333,130,Medium,0.879,0.362,0.192,0.176,0.139,0.132,Watch: drive bearing vibration and motor current rising at transfer points; continue monitoring trend.
2026-05-13 00:00:00,TC-01,Trunk Conveyor,80.11,29.09,0.338,128,Low,0.921,0.347,0.181,0.16,0.153,0.158,Within baseline with monitored trend behaviour.
2026-05-14 00:00:00,TC-01,Trunk Conveyor,80.89,28.55,0.277,120,Low,0.87,0.354,0.196,0.155,0.157,0.138,Within baseline with monitored trend behaviour.
2026-05-15 00:00:00,TC-01,Trunk Conveyor,79.63,29.63,0.35,129,Low,0.873,0.356,0.187,0.16,0.158,0.139,Within baseline with monitored trend behaviour.
2026-05-16 00:00:00,TC-01,Trunk Conveyor,81.72,25.27,0.219,131,Low,0.896,0.34,0.193,0.16,0.174,0.133,Within baseline with monitored trend behaviour.
2026-05-17 00:00:00,TC-01,Trunk Conveyor,83.66,20.75,0.3,136,Low,0.922,0.328,0.177,0.178,0.166,0.151,Within baseline with monitored trend behaviour.
2026-05-18 00:00:00,TC-01,Trunk Conveyor,78.41,29.95,0.244,124,Low,0.838,0.332,0.199,0.176,0.154,0.138,Within baseline with monitored trend behaviour.
2026-05-19 00:00:00,TC-01,Trunk Conveyor,78.25,28.5,0.308,123,Low,0.816,0.347,0.199,0.17,0.143,0.14,Within baseline with monitored trend behaviour.
2026-05-20 00:00:00,TC-01,Trunk Conveyor,78.44,31.15,0.295,120,Medium,0.89,0.35,0.191,0.172,0.141,0.145,Watch: drive bearing vibration and motor current rising at transfer points; continue monitoring trend.
2026-05-21 00:00:00,TC-01,Trunk Conveyor,82.38,26.29,0.17,125,Low,0.854,0.346,0.196,0.151,0.165,0.141,Within baseline with monitored trend behaviour.
2026-05-22 00:00:00,TC-01,Trunk Conveyor,81.44,28.94,0.307,125,Low,0.763,0.338,0.187,0.169,0.167,0.14,Within baseline with monitored trend behaviour.
2026-05-23 00:00:00,TC-01,Trunk Conveyor,79.51,29.42,0.318,120,Low,0.822,0.336,0.187,0.169,0.177,0.132,Within baseline with monitored trend behaviour.
2026-05-24 00:00:00,TC-01,Trunk Conveyor,79.75,30.2,0.343,122,Medium,0.901,0.353,0.191,0.18,0.14,0.136,Watch: drive bearing vibration and motor current rising at transfer points; continue monitoring trend.
2026-05-25 00:00:00,TC-01,Trunk Conveyor,78.35,29.72,0.278,114,Low,0.896,0.332,0.199,0.158,0.176,0.136,Within baseline with monitored trend behaviour.
2026-05-26 00:00:00,TC-01,Trunk Conveyor,81.04,25.59,0.261,125,Low,0.934,0.333,0.185,0.186,0.154,0.141,Within baseline with monitored trend behaviour.
2026-05-27 00:00:00,TC-01,Trunk Conveyor,78.97,30.39,0.336,118,Medium,0.979,0.336,0.198,0.168,0.146,0.151,Watch: drive bearing vibration and motor current rising at transfer points; continue monitoring trend.
2026-05-28 00:00:00,TC-01,Trunk Conveyor,79.12,28.46,0.277,120,Low,0.83,0.346,0.188,0.161,0.159,0.146,Within baseline with monitored trend behaviour.
2026-05-29 00:00:00,TC-01,Trunk Conveyor,80.47,27.87,0.257,114,Low,0.877,0.337,0.183,0.171,0.165,0.144,Within baseline with monitored trend behaviour.
2025-05-30 00:00:00,VF-01,Ventilation Fan,93.65,10.34,0.063,105,Low,0.866,0.392,0.164,0.167,0.144,0.132,Within baseline with monitored trend behaviour.
2025-05-31 00:00:00,VF-01,Ventilation Fan,92.04,11.12,0.118,100,Low,0.844,0.396,0.174,0.157,0.148,0.124,Within baseline with monitored trend behaviour.
2025-06-01 00:00:00,VF-01,Ventilation Fan,92.81,6.41,0.049,108,Low,0.902,0.386,0.177,0.153,0.155,0.129,Within baseline with monitored trend behaviour.
2025-06-02 00:00:00,VF-01,Ventilation Fan,93.74,8.98,0.067,103,Low,0.837,0.4,0.187,0.151,0.149,0.113,Within baseline with monitored trend behaviour.
2025-06-03 00:00:00,VF-01,Ventilation Fan,94.25,4.69,0.046,107,Low,0.912,0.4,0.182,0.152,0.141,0.124,Within baseline with monitored trend behaviour.
2025-06-04 00:00:00,VF-01,Ventilation Fan,92.8,11.47,0.089,106,Low,0.894,0.391,0.174,0.156,0.15,0.128,Within baseline with monitored trend behaviour.
2025-06-05 00:00:00,VF-01,Ventilation Fan,91.28,11.72,0.174,98,Low,0.84,0.4,0.158,0.162,0.15,0.131,Within baseline with monitored trend behaviour.
2025-06-06 00:00:00,VF-01,Ventilation Fan,91.78,15.22,0.132,106,Low,0.897,0.402,0.176,0.14,0.151,0.132,Within baseline with monitored trend behaviour.
2025-06-07 00:00:00,VF-01,Ventilation Fan,93.46,11.3,0.108,107,Low,0.884,0.403,0.175,0.159,0.135,0.127,Within baseline with monitored trend behaviour.
2025-06-08 00:00:00,VF-01,Ventilation Fan,90.73,10.86,0.17,108,Low,0.827,0.391,0.176,0.153,0.143,0.138,Within baseline with monitored trend behaviour.
2025-06-09 00:00:00,VF-01,Ventilation Fan,92.01,7.15,0.043,105,Low,0.921,0.406,0.165,0.158,0.135,0.136,Within baseline with monitored trend behaviour.
2025-06-10 00:00:00,VF-01,Ventilation Fan,91.6,10.24,0.14,97,Low,0.844,0.396,0.176,0.15,0.143,0.135,Within baseline with monitored trend behaviour.
2025-06-11 00:00:00,VF-01,Ventilation Fan,91.98,8.78,0.067,110,Low,0.873,0.409,0.164,0.155,0.15,0.122,Within baseline with monitored trend behaviour.
2025-06-12 00:00:00,VF-01,Ventilation Fan,90.46,17.0,0.254,106,Low,0.81,0.396,0.165,0.155,0.142,0.142,Within baseline with monitored trend behaviour.
2025-06-13 00:00:00,VF-01,Ventilation Fan,89.04,15.32,0.134,99,Low,0.922,0.401,0.175,0.146,0.146,0.131,Within baseline with monitored trend behaviour.
2025-06-14 00:00:00,VF-01,Ventilation Fan,92.76,12.0,0.074,101,Low,0.845,0.393,0.156,0.154,0.151,0.145,Within baseline with monitored trend behaviour.
2025-06-15 00:00:00,VF-01,Ventilation Fan,93.4,8.67,0.132,105,Low,0.911,0.407,0.173,0.139,0.16,0.122,Within baseline with monitored trend behaviour.
2025-06-16 00:00:00,VF-01,Ventilation Fan,88.92,15.15,0.241,106,Low,0.851,0.39,0.185,0.159,0.143,0.123,Within baseline with monitored trend behaviour.
2025-06-17 00:00:00,VF-01,Ventilation Fan,92.3,10.71,0.13,101,Low,0.889,0.395,0.162,0.148,0.167,0.128,Within baseline with monitored trend behaviour.
2025-06-18 00:00:00,VF-01,Ventilation Fan,93.37,11.49,0.102,106,Low,0.832,0.39,0.183,0.163,0.142,0.122,Within baseline with monitored trend behaviour.
2025-06-19 00:00:00,VF-01,Ventilation Fan,92.52,11.1,0.056,96,Low,0.929,0.395,0.181,0.155,0.142,0.126,Within baseline with monitored trend behaviour.
2025-06-20 00:00:00,VF-01,Ventilation Fan,90.83,10.73,0.118,99,Low,0.931,0.391,0.178,0.158,0.148,0.125,Within baseline with monitored trend behaviour.
2025-06-21 00:00:00,VF-01,Ventilation Fan,89.91,17.37,0.243,94,Low,0.91,0.399,0.171,0.149,0.14,0.14,Within baseline with monitored trend behaviour.
2025-06-22 00:00:00,VF-01,Ventilation Fan,91.47,11.35,0.141,99,Low,0.917,0.407,0.174,0.159,0.126,0.134,Within baseline with monitored trend behaviour.
2025-06-23 00:00:00,VF-01,Ventilation Fan,91.67,10.75,0.095,108,Low,0.82,0.414,0.154,0.144,0.154,0.134,Within baseline with monitored trend behaviour.
2025-06-24 00:00:00,VF-01,Ventilation Fan,91.35,6.45,0.048,110,Low,0.847,0.407,0.174,0.151,0.141,0.125,Within baseline with monitored trend behaviour.
2025-06-25 00:00:00,VF-01,Ventilation Fan,90.83,14.1,0.153,103,Low,0.845,0.372,0.184,0.165,0.153,0.126,Within baseline with monitored trend behaviour.
2025-06-26 00:00:00,VF-01,Ventilation Fan,89.32,15.16,0.112,99,Low,0.88,0.378,0.178,0.152,0.162,0.13,Within baseline with monitored trend behaviour.
2025-06-27 00:00:00,VF-01,Ventilation Fan,91.65,11.89,0.13,101,Low,0.915,0.394,0.192,0.139,0.15,0.125,Within baseline with monitored trend behaviour.
2025-06-28 00:00:00,VF-01,Ventilation Fan,91.65,10.88,0.152,103,Low,0.905,0.391,0.164,0.156,0.156,0.131,Within baseline with monitored trend behaviour.
2025-06-29 00:00:00,VF-01,Ventilation Fan,91.15,11.25,0.131,95,Low,0.958,0.396,0.167,0.167,0.144,0.127,Within baseline with monitored trend behaviour.
2025-06-30 00:00:00,VF-01,Ventilation Fan,90.93,11.96,0.126,99,Low,0.854,0.398,0.182,0.143,0.137,0.14,Within baseline with monitored trend behaviour.
2025-07-01 00:00:00,VF-01,Ventilation Fan,93.36,10.22,0.059,107,Low,0.895,0.392,0.181,0.143,0.165,0.119,Within baseline with monitored trend behaviour.
2025-07-02 00:00:00,VF-01,Ventilation Fan,89.6,15.84,0.177,96,Low,0.895,0.4,0.174,0.16,0.14,0.125,Within baseline with monitored trend behaviour.
2025-07-03 00:00:00,VF-01,Ventilation Fan,92.57,9.93,0.062,97,Low,0.931,0.405,0.164,0.162,0.144,0.125,Within baseline with monitored trend behaviour.
2025-07-04 00:00:00,VF-01,Ventilation Fan,89.27,16.91,0.201,100,Low,0.88,0.39,0.171,0.159,0.151,0.129,Within baseline with monitored trend behaviour.
2025-07-05 00:00:00,VF-01,Ventilation Fan,92.15,10.84,0.14,101,Low,0.854,0.382,0.172,0.156,0.153,0.138,Within baseline with monitored trend behaviour.
2025-07-06 00:00:00,VF-01,Ventilation Fan,92.27,9.81,0.042,97,Low,0.902,0.394,0.16,0.154,0.154,0.138,Within baseline with monitored trend behaviour.
2025-07-07 00:00:00,VF-01,Ventilation Fan,89.75,14.74,0.112,100,Low,0.902,0.405,0.177,0.152,0.158,0.109,Within baseline with monitored trend behaviour.
2025-07-08 00:00:00,VF-01,Ventilation Fan,92.8,7.36,0.066,102,Low,0.808,0.384,0.17,0.173,0.15,0.122,Within baseline with monitored trend behaviour.
2025-07-09 00:00:00,VF-01,Ventilation Fan,90.82,13.32,0.108,107,Low,0.843,0.39,0.182,0.153,0.147,0.128,Within baseline with monitored trend behaviour.
2025-07-10 00:00:00,VF-01,Ventilation Fan,88.59,12.89,0.107,99,Low,0.862,0.396,0.169,0.154,0.157,0.124,Within baseline with monitored trend behaviour.
2025-07-11 00:00:00,VF-01,Ventilation Fan,89.32,12.9,0.16,99,Low,0.923,0.4,0.163,0.159,0.148,0.129,Within baseline with monitored trend behaviour.
2025-07-12 00:00:00,VF-01,Ventilation Fan,91.65,7.65,0.103,105,Low,0.818,0.393,0.174,0.157,0.149,0.126,Within baseline with monitored trend behaviour.
2025-07-13 00:00:00,VF-01,Ventilation Fan,91.24,11.91,0.148,96,Low,0.882,0.383,0.169,0.16,0.149,0.14,Within baseline with monitored trend behaviour.
2025-07-14 00:00:00,VF-01,Ventilation Fan,88.0,20.02,0.227,93,Low,0.907,0.408,0.18,0.146,0.143,0.123,Within baseline with monitored trend behaviour.
2025-07-15 00:00:00,VF-01,Ventilation Fan,89.39,14.62,0.217,99,Low,0.884,0.408,0.183,0.141,0.143,0.124,Within baseline with monitored trend behaviour.
2025-07-16 00:00:00,VF-01,Ventilation Fan,89.86,15.48,0.146,102,Low,0.91,0.389,0.169,0.146,0.15,0.147,Within baseline with monitored trend behaviour.
2025-07-17 00:00:00,VF-01,Ventilation Fan,88.65,20.6,0.233,99,Low,0.919,0.395,0.186,0.159,0.148,0.112,Within baseline with monitored trend behaviour.
2025-07-18 00:00:00,VF-01,Ventilation Fan,93.15,10.39,0.012,97,Low,0.816,0.388,0.176,0.162,0.145,0.13,Within baseline with monitored trend behaviour.
2025-07-19 00:00:00,VF-01,Ventilation Fan,89.68,12.92,0.074,92,Low,0.893,0.39,0.176,0.14,0.164,0.13,Within baseline with monitored trend behaviour.
2025-07-20 00:00:00,VF-01,Ventilation Fan,89.13,13.96,0.166,97,Low,0.927,0.396,0.173,0.159,0.135,0.138,Within baseline with monitored trend behaviour.
2025-07-21 00:00:00,VF-01,Ventilation Fan,91.06,12.52,0.127,102,Low,0.884,0.398,0.175,0.155,0.141,0.131,Within baseline with monitored trend behaviour.
2025-07-22 00:00:00,VF-01,Ventilation Fan,88.49,14.85,0.148,92,Low,0.892,0.404,0.167,0.157,0.144,0.128,Within baseline with monitored trend behaviour.
2025-07-23 00:00:00,VF-01,Ventilation Fan,90.61,12.03,0.114,96,Low,0.914,0.382,0.185,0.161,0.161,0.111,Within baseline with monitored trend behaviour.
2025-07-24 00:00:00,VF-01,Ventilation Fan,86.25,21.22,0.128,95,Low,0.797,0.377,0.176,0.159,0.159,0.13,Within baseline with monitored trend behaviour.
2025-07-25 00:00:00,VF-01,Ventilation Fan,88.12,18.69,0.148,94,Low,0.982,0.392,0.177,0.157,0.138,0.136,Within baseline with monitored trend behaviour.
2025-07-26 00:00:00,VF-01,Ventilation Fan,90.44,10.09,0.099,97,Low,0.889,0.398,0.184,0.159,0.14,0.119,Within baseline with monitored trend behaviour.
2025-07-27 00:00:00,VF-01,Ventilation Fan,91.2,10.69,0.159,98,Low,0.881,0.401,0.172,0.158,0.139,0.131,Within baseline with monitored trend behaviour.
2025-07-28 00:00:00,VF-01,Ventilation Fan,87.37,16.75,0.177,98,Low,0.886,0.396,0.166,0.147,0.168,0.122,Within baseline with monitored trend behaviour.
2025-07-29 00:00:00,VF-01,Ventilation Fan,87.11,19.25,0.186,92,Low,0.841,0.393,0.179,0.17,0.133,0.126,Within baseline with monitored trend behaviour.
2025-07-30 00:00:00,VF-01,Ventilation Fan,89.36,17.18,0.169,89,Low,0.841,0.406,0.17,0.16,0.142,0.122,Within baseline with monitored trend behaviour.
2025-07-31 00:00:00,VF-01,Ventilation Fan,87.38,23.08,0.202,96,Low,0.887,0.393,0.18,0.156,0.152,0.119,Within baseline with monitored trend behaviour.
2025-08-01 00:00:00,VF-01,Ventilation Fan,87.87,16.06,0.22,93,Low,0.867,0.378,0.178,0.167,0.146,0.132,Within baseline with monitored trend behaviour.
2025-08-02 00:00:00,VF-01,Ventilation Fan,89.62,13.7,0.127,102,Low,0.898,0.397,0.17,0.157,0.144,0.132,Within baseline with monitored trend behaviour.
2025-08-03 00:00:00,VF-01,Ventilation Fan,87.27,19.0,0.256,102,Low,0.872,0.386,0.171,0.167,0.143,0.133,Within baseline with monitored trend behaviour.
2025-08-04 00:00:00,VF-01,Ventilation Fan,84.92,19.75,0.185,103,Low,0.843,0.385,0.174,0.158,0.148,0.135,Within baseline with monitored trend behaviour.
2025-08-05 00:00:00,VF-01,Ventilation Fan,85.9,19.46,0.191,91,Low,0.872,0.383,0.183,0.147,0.148,0.139,Within baseline with monitored trend behaviour.
2025-08-06 00:00:00,VF-01,Ventilation Fan,87.92,16.08,0.156,97,Low,0.898,0.389,0.163,0.158,0.148,0.143,Within baseline with monitored trend behaviour.
2025-08-07 00:00:00,VF-01,Ventilation Fan,84.84,15.98,0.17,98,Low,0.852,0.394,0.177,0.157,0.135,0.138,Within baseline with monitored trend behaviour.
2025-08-08 00:00:00,VF-01,Ventilation Fan,87.27,18.07,0.124,97,Low,0.99,0.402,0.172,0.162,0.145,0.119,Within baseline with monitored trend behaviour.
2025-08-09 00:00:00,VF-01,Ventilation Fan,85.44,20.02,0.201,92,Low,0.828,0.378,0.182,0.163,0.15,0.126,Within baseline with monitored trend behaviour.
2025-08-10 00:00:00,VF-01,Ventilation Fan,90.21,16.25,0.137,99,Low,0.914,0.383,0.178,0.156,0.143,0.139,Within baseline with monitored trend behaviour.
2025-08-11 00:00:00,VF-01,Ventilation Fan,90.97,12.65,0.124,93,Low,0.906,0.388,0.177,0.153,0.133,0.148,Within baseline with monitored trend behaviour.
2025-08-12 00:00:00,VF-01,Ventilation Fan,85.74,17.46,0.159,94,Low,0.906,0.366,0.178,0.165,0.152,0.139,Within baseline with monitored trend behaviour.
2025-08-13 00:00:00,VF-01,Ventilation Fan,87.76,16.62,0.098,87,Low,0.941,0.383,0.175,0.166,0.156,0.119,Within baseline with monitored trend behaviour.
2025-08-14 00:00:00,VF-01,Ventilation Fan,85.73,15.79,0.143,95,Low,0.867,0.39,0.172,0.156,0.165,0.117,Within baseline with monitored trend behaviour.
2025-08-15 00:00:00,VF-01,Ventilation Fan,86.7,16.2,0.198,92,Low,0.864,0.398,0.173,0.156,0.156,0.118,Within baseline with monitored trend behaviour.
2025-08-16 00:00:00,VF-01,Ventilation Fan,90.0,15.28,0.146,94,Low,0.846,0.418,0.165,0.158,0.144,0.114,Within baseline with monitored trend behaviour.
2025-08-17 00:00:00,VF-01,Ventilation Fan,86.29,18.71,0.165,93,Low,0.906,0.386,0.182,0.149,0.159,0.124,Within baseline with monitored trend behaviour.
2025-08-18 00:00:00,VF-01,Ventilation Fan,86.49,20.75,0.123,93,Low,0.823,0.389,0.17,0.16,0.146,0.134,Within baseline with monitored trend behaviour.
2025-08-19 00:00:00,VF-01,Ventilation Fan,85.36,16.56,0.149,92,Low,0.948,0.392,0.172,0.149,0.153,0.133,Within baseline with monitored trend behaviour.
2025-08-20 00:00:00,VF-01,Ventilation Fan,88.63,15.44,0.167,95,Low,0.89,0.394,0.165,0.155,0.152,0.134,Within baseline with monitored trend behaviour.
2025-08-21 00:00:00,VF-01,Ventilation Fan,81.49,24.96,0.3,91,Low,0.861,0.387,0.174,0.148,0.154,0.137,Within baseline with monitored trend behaviour.
2025-08-22 00:00:00,VF-01,Ventilation Fan,85.92,21.62,0.091,86,Low,0.913,0.399,0.177,0.158,0.142,0.125,Within baseline with monitored trend behaviour.
2025-08-23 00:00:00,VF-01,Ventilation Fan,86.48,20.28,0.255,94,Low,0.881,0.398,0.179,0.157,0.135,0.131,Within baseline with monitored trend behaviour.
2025-08-24 00:00:00,VF-01,Ventilation Fan,85.41,21.7,0.241,88,Low,0.914,0.405,0.164,0.15,0.146,0.135,Within baseline with monitored trend behaviour.
2025-08-25 00:00:00,VF-01,Ventilation Fan,87.77,20.2,0.196,86,Low,0.941,0.397,0.165,0.157,0.146,0.136,Within baseline with monitored trend behaviour.
2025-08-26 00:00:00,VF-01,Ventilation Fan,88.23,15.74,0.127,87,Low,0.869,0.398,0.176,0.152,0.145,0.128,Within baseline with monitored trend behaviour.
2025-08-27 00:00:00,VF-01,Ventilation Fan,83.97,25.11,0.288,92,Low,0.898,0.402,0.163,0.148,0.151,0.136,Within baseline with monitored trend behaviour.
2025-08-28 00:00:00,VF-01,Ventilation Fan,89.5,12.61,0.131,90,Low,0.856,0.387,0.176,0.151,0.153,0.132,Within baseline with monitored trend behaviour.
2025-08-29 00:00:00,VF-01,Ventilation Fan,83.79,20.53,0.145,82,Low,0.95,0.4,0.168,0.153,0.145,0.133,Within baseline with monitored trend behaviour.
2025-08-30 00:00:00,VF-01,Ventilation Fan,88.05,18.23,0.217,88,Low,0.929,0.379,0.178,0.167,0.155,0.121,Within baseline with monitored trend behaviour.
2025-08-31 00:00:00,VF-01,Ventilation Fan,86.15,16.38,0.178,95,Low,0.891,0.408,0.167,0.151,0.139,0.134,Within baseline with monitored trend behaviour.
2025-09-01 00:00:00,VF-01,Ventilation Fan,85.02,22.12,0.278,88,Low,0.882,0.398,0.166,0.147,0.151,0.137,Within baseline with monitored trend behaviour.
2025-09-02 00:00:00,VF-01,Ventilation Fan,85.09,21.07,0.226,89,Low,0.868,0.39,0.17,0.163,0.142,0.136,Within baseline with monitored trend behaviour.
2025-09-03 00:00:00,VF-01,Ventilation Fan,85.61,22.29,0.291,93,Low,0.803,0.397,0.184,0.158,0.142,0.119,Within baseline with monitored trend behaviour.
2025-09-04 00:00:00,VF-01,Ventilation Fan,85.92,19.6,0.257,92,Low,0.859,0.387,0.169,0.166,0.147,0.131,Within baseline with monitored trend behaviour.
2025-09-05 00:00:00,VF-01,Ventilation Fan,84.03,22.47,0.208,93,Low,0.869,0.388,0.179,0.153,0.139,0.141,Within baseline with monitored trend behaviour.
2025-09-06 00:00:00,VF-01,Ventilation Fan,85.05,21.95,0.276,78,Low,0.96,0.382,0.188,0.148,0.142,0.14,Within baseline with monitored trend behaviour.
2025-09-07 00:00:00,VF-01,Ventilation Fan,84.11,20.92,0.173,96,Low,0.937,0.396,0.188,0.155,0.14,0.121,Within baseline with monitored trend behaviour.
2025-09-08 00:00:00,VF-01,Ventilation Fan,83.32,21.95,0.156,91,Low,0.84,0.399,0.175,0.149,0.144,0.133,Within baseline with monitored trend behaviour.
2025-09-09 00:00:00,VF-01,Ventilation Fan,83.87,23.53,0.217,98,Low,0.946,0.385,0.169,0.157,0.145,0.144,Within baseline with monitored trend behaviour.
2025-09-10 00:00:00,VF-01,Ventilation Fan,83.26,23.38,0.294,85,Low,0.952,0.409,0.17,0.164,0.148,0.109,Within baseline with monitored trend behaviour.
2025-09-11 00:00:00,VF-01,Ventilation Fan,84.34,21.11,0.228,81,Low,0.917,0.373,0.185,0.151,0.153,0.139,Within baseline with monitored trend behaviour.
2025-09-12 00:00:00,VF-01,Ventilation Fan,85.63,19.96,0.207,88,Low,0.803,0.402,0.176,0.159,0.137,0.125,Within baseline with monitored trend behaviour.
2025-09-13 00:00:00,VF-01,Ventilation Fan,85.04,24.13,0.277,86,Low,0.889,0.404,0.166,0.166,0.132,0.132,Within baseline with monitored trend behaviour.
2025-09-14 00:00:00,VF-01,Ventilation Fan,87.93,16.01,0.12,90,Low,0.836,0.398,0.16,0.168,0.147,0.126,Within baseline with monitored trend behaviour.
2025-09-15 00:00:00,VF-01,Ventilation Fan,81.15,25.44,0.24,91,Low,0.865,0.407,0.165,0.162,0.136,0.129,Within baseline with monitored trend behaviour.
2025-09-16 00:00:00,VF-01,Ventilation Fan,85.36,17.09,0.179,87,Low,0.936,0.391,0.169,0.152,0.148,0.14,Within baseline with monitored trend behaviour.
2025-09-17 00:00:00,VF-01,Ventilation Fan,84.53,21.57,0.225,86,Low,0.952,0.393,0.18,0.161,0.143,0.124,Within baseline with monitored trend behaviour.
2025-09-18 00:00:00,VF-01,Ventilation Fan,85.75,21.27,0.213,89,Low,0.872,0.388,0.161,0.158,0.159,0.135,Within baseline with monitored trend behaviour.
2025-09-19 00:00:00,VF-01,Ventilation Fan,85.51,21.96,0.153,85,Low,0.849,0.406,0.164,0.16,0.145,0.124,Within baseline with monitored trend behaviour.
2025-09-20 00:00:00,VF-01,Ventilation Fan,84.01,22.6,0.196,85,Low,0.89,0.386,0.169,0.16,0.135,0.15,Within baseline with monitored trend behaviour.
2025-09-21 00:00:00,VF-01,Ventilation Fan,84.47,23.65,0.226,90,Low,0.919,0.394,0.178,0.141,0.163,0.123,Within baseline with monitored trend behaviour.
2025-09-22 00:00:00,VF-01,Ventilation Fan,82.92,25.37,0.207,91,Low,0.908,0.395,0.168,0.161,0.144,0.132,Within baseline with monitored trend behaviour.
2025-09-23 00:00:00,VF-01,Ventilation Fan,85.01,23.21,0.187,90,Low,0.848,0.396,0.176,0.151,0.14,0.138,Within baseline with monitored trend behaviour.
2025-09-24 00:00:00,VF-01,Ventilation Fan,80.94,28.65,0.302,85,Low,0.888,0.399,0.162,0.153,0.149,0.137,Within baseline with monitored trend behaviour.
2025-09-25 00:00:00,VF-01,Ventilation Fan,85.11,23.99,0.177,77,Low,0.829,0.43,0.166,0.143,0.14,0.121,Within baseline with monitored trend behaviour.
2025-09-26 00:00:00,VF-01,Ventilation Fan,83.75,22.42,0.17,85,Low,0.911,0.399,0.172,0.156,0.14,0.133,Within baseline with monitored trend behaviour.
2025-09-27 00:00:00,VF-01,Ventilation Fan,82.92,21.26,0.185,82,Low,0.928,0.389,0.17,0.163,0.153,0.125,Within baseline with monitored trend behaviour.
2025-09-28 00:00:00,VF-01,Ventilation Fan,83.24,24.79,0.308,84,Low,0.878,0.402,0.183,0.149,0.144,0.122,Within baseline with monitored trend behaviour.
2025-09-29 00:00:00,VF-01,Ventilation Fan,83.28,24.97,0.298,82,Low,0.888,0.391,0.167,0.158,0.155,0.129,Within baseline with monitored trend behaviour.
2025-09-30 00:00:00,VF-01,Ventilation Fan,85.53,23.4,0.166,84,Low,0.959,0.396,0.165,0.152,0.16,0.127,Within baseline with monitored trend behaviour.
2025-10-01 00:00:00,VF-01,Ventilation Fan,88.54,18.6,0.166,80,Low,0.874,0.385,0.164,0.171,0.157,0.123,Within baseline with monitored trend behaviour.
2025-10-02 00:00:00,VF-01,Ventilation Fan,85.24,24.56,0.28,79,Low,0.927,0.387,0.184,0.155,0.15,0.123,Within baseline with monitored trend behaviour.
2025-10-03 00:00:00,VF-01,Ventilation Fan,82.3,26.02,0.322,89,Low,0.884,0.382,0.173,0.152,0.157,0.135,Within baseline with monitored trend behaviour.
2025-10-04 00:00:00,VF-01,Ventilation Fan,84.13,22.68,0.192,80,Low,0.912,0.407,0.169,0.146,0.14,0.137,Within baseline with monitored trend behaviour.
2025-10-05 00:00:00,VF-01,Ventilation Fan,84.11,19.47,0.21,84,Low,0.906,0.403,0.172,0.156,0.143,0.126,Within baseline with monitored trend behaviour.
2025-10-06 00:00:00,VF-01,Ventilation Fan,81.47,26.56,0.23,87,Low,0.924,0.39,0.176,0.157,0.147,0.13,Within baseline with monitored trend behaviour.
2025-10-07 00:00:00,VF-01,Ventilation Fan,80.85,25.7,0.296,87,Low,0.923,0.392,0.173,0.159,0.141,0.136,Within baseline with monitored trend behaviour.
2025-10-08 00:00:00,VF-01,Ventilation Fan,82.68,24.67,0.23,86,Low,0.839,0.389,0.173,0.153,0.152,0.133,Within baseline with monitored trend behaviour.
2025-10-09 00:00:00,VF-01,Ventilation Fan,83.99,22.52,0.217,84,Low,0.88,0.382,0.179,0.149,0.151,0.139,Within baseline with monitored trend behaviour.
2025-10-10 00:00:00,VF-01,Ventilation Fan,80.04,28.89,0.231,86,Low,0.863,0.405,0.163,0.157,0.15,0.125,Within baseline with monitored trend behaviour.
2025-10-11 00:00:00,VF-01,Ventilation Fan,81.38,25.87,0.292,88,Low,0.828,0.386,0.169,0.155,0.166,0.124,Within baseline with monitored trend behaviour.
2025-10-12 00:00:00,VF-01,Ventilation Fan,83.37,25.16,0.267,84,Low,0.946,0.39,0.173,0.144,0.15,0.143,Within baseline with monitored trend behaviour.
2025-10-13 00:00:00,VF-01,Ventilation Fan,82.43,19.15,0.201,75,Low,0.845,0.38,0.171,0.158,0.165,0.126,Within baseline with monitored trend behaviour.
2025-10-14 00:00:00,VF-01,Ventilation Fan,84.55,22.01,0.202,80,Low,0.85,0.391,0.166,0.159,0.154,0.13,Within baseline with monitored trend behaviour.
2025-10-15 00:00:00,VF-01,Ventilation Fan,79.94,30.49,0.284,85,Medium,0.839,0.385,0.179,0.149,0.167,0.12,Watch: fan bearing vibration and motor temperature exceeding control limits; continue monitoring trend.
2025-10-16 00:00:00,VF-01,Ventilation Fan,85.88,23.51,0.258,79,Low,0.777,0.382,0.181,0.151,0.142,0.144,Within baseline with monitored trend behaviour.
2025-10-17 00:00:00,VF-01,Ventilation Fan,79.57,30.07,0.276,88,Medium,0.907,0.393,0.169,0.175,0.141,0.122,Watch: fan bearing vibration and motor temperature exceeding control limits; continue monitoring trend.
2025-10-18 00:00:00,VF-01,Ventilation Fan,78.7,33.19,0.365,81,Medium,0.891,0.401,0.18,0.154,0.143,0.123,Watch: fan bearing vibration and motor temperature exceeding control limits; continue monitoring trend.
2025-10-19 00:00:00,VF-01,Ventilation Fan,81.77,25.86,0.307,81,Low,0.862,0.381,0.169,0.17,0.154,0.125,Within baseline with monitored trend behaviour.
2025-10-20 00:00:00,VF-01,Ventilation Fan,79.96,28.06,0.263,85,Low,0.913,0.398,0.176,0.156,0.15,0.119,Within baseline with monitored trend behaviour.
2025-10-21 00:00:00,VF-01,Ventilation Fan,81.63,26.78,0.269,80,Low,0.944,0.394,0.174,0.164,0.157,0.113,Within baseline with monitored trend behaviour.
2025-10-22 00:00:00,VF-01,Ventilation Fan,81.49,25.91,0.185,81,Low,0.829,0.404,0.167,0.153,0.15,0.127,Within baseline with monitored trend behaviour.
2025-10-23 00:00:00,VF-01,Ventilation Fan,81.21,24.74,0.239,84,Low,0.892,0.39,0.18,0.148,0.148,0.135,Within baseline with monitored trend behaviour.
2025-10-24 00:00:00,VF-01,Ventilation Fan,80.09,26.84,0.262,74,Low,0.963,0.4,0.172,0.15,0.154,0.125,Within baseline with monitored trend behaviour.
2025-10-25 00:00:00,VF-01,Ventilation Fan,82.05,22.91,0.241,79,Low,0.897,0.399,0.178,0.152,0.155,0.115,Within baseline with monitored trend behaviour.
2025-10-26 00:00:00,VF-01,Ventilation Fan,80.76,27.99,0.308,83,Low,0.888,0.384,0.192,0.152,0.137,0.135,Within baseline with monitored trend behaviour.
2025-10-27 00:00:00,VF-01,Ventilation Fan,82.95,23.89,0.253,80,Low,0.885,0.386,0.189,0.146,0.145,0.134,Within baseline with monitored trend behaviour.
2025-10-28 00:00:00,VF-01,Ventilation Fan,80.81,26.14,0.305,85,Low,0.918,0.405,0.163,0.155,0.141,0.136,Within baseline with monitored trend behaviour.
2025-10-29 00:00:00,VF-01,Ventilation Fan,79.47,27.61,0.277,73,Low,0.842,0.397,0.174,0.153,0.139,0.137,Within baseline with monitored trend behaviour.
2025-10-30 00:00:00,VF-01,Ventilation Fan,78.23,31.49,0.274,72,Medium,0.895,0.401,0.181,0.145,0.151,0.122,Watch: fan bearing vibration and motor temperature exceeding control limits; continue monitoring trend.
2025-10-31 00:00:00,VF-01,Ventilation Fan,80.57,28.76,0.336,82,Low,0.885,0.399,0.168,0.16,0.153,0.12,Within baseline with monitored trend behaviour.
2025-11-01 00:00:00,VF-01,Ventilation Fan,78.73,27.52,0.229,82,Low,0.862,0.399,0.184,0.14,0.155,0.122,Within baseline with monitored trend behaviour.
2025-11-02 00:00:00,VF-01,Ventilation Fan,78.51,27.5,0.239,78,Low,0.895,0.405,0.159,0.157,0.138,0.141,Within baseline with monitored trend behaviour.
2025-11-03 00:00:00,VF-01,Ventilation Fan,81.43,27.9,0.275,80,Low,0.884,0.399,0.166,0.156,0.139,0.14,Within baseline with monitored trend behaviour.
2025-11-04 00:00:00,VF-01,Ventilation Fan,77.66,28.53,0.239,81,Low,0.929,0.406,0.158,0.156,0.143,0.136,Within baseline with monitored trend behaviour.
2025-11-05 00:00:00,VF-01,Ventilation Fan,82.68,25.35,0.241,75,Low,0.882,0.401,0.159,0.162,0.141,0.138,Within baseline with monitored trend behaviour.
2025-11-06 00:00:00,VF-01,Ventilation Fan,80.59,30.41,0.241,75,Medium,0.833,0.41,0.168,0.165,0.137,0.119,Watch: fan bearing vibration and motor temperature exceeding control limits; continue monitoring trend.
2025-11-07 00:00:00,VF-01,Ventilation Fan,80.18,30.99,0.288,78,Medium,0.894,0.392,0.171,0.16,0.149,0.128,Watch: fan bearing vibration and motor temperature exceeding control limits; continue monitoring trend.
2025-11-08 00:00:00,VF-01,Ventilation Fan,78.51,31.57,0.256,81,Medium,0.943,0.398,0.181,0.15,0.154,0.117,Watch: fan bearing vibration and motor temperature exceeding control limits; continue monitoring trend.
2025-11-09 00:00:00,VF-01,Ventilation Fan,81.3,27.6,0.297,73,Low,0.882,0.385,0.163,0.168,0.142,0.141,Within baseline with monitored trend behaviour.
2025-11-10 00:00:00,VF-01,Ventilation Fan,79.99,32.52,0.331,76,Medium,0.903,0.39,0.175,0.139,0.155,0.141,Watch: fan bearing vibration and motor temperature exceeding control limits; continue monitoring trend.
2025-11-11 00:00:00,VF-01,Ventilation Fan,78.81,25.0,0.203,76,Low,0.855,0.391,0.176,0.145,0.153,0.136,Within baseline with monitored trend behaviour.
2025-11-12 00:00:00,VF-01,Ventilation Fan,80.14,26.88,0.216,78,Low,0.873,0.387,0.164,0.169,0.14,0.14,Within baseline with monitored trend behaviour.
2025-11-13 00:00:00,VF-01,Ventilation Fan,77.04,33.84,0.316,76,Medium,0.86,0.39,0.17,0.157,0.144,0.139,Watch: fan bearing vibration and motor temperature exceeding control limits; continue monitoring trend.
2025-11-14 00:00:00,VF-01,Ventilation Fan,77.03,31.48,0.302,74,Medium,0.932,0.4,0.173,0.155,0.144,0.128,Watch: fan bearing vibration and motor temperature exceeding control limits; continue monitoring trend.
2025-11-15 00:00:00,VF-01,Ventilation Fan,77.77,33.6,0.366,81,Medium,0.82,0.397,0.179,0.163,0.14,0.121,Watch: fan bearing vibration and motor temperature exceeding control limits; continue monitoring trend.
2025-11-16 00:00:00,VF-01,Ventilation Fan,80.03,27.87,0.222,74,Low,0.901,0.396,0.182,0.143,0.154,0.125,Within baseline with monitored trend behaviour.
2025-11-17 00:00:00,VF-01,Ventilation Fan,79.38,29.13,0.329,75,Low,0.855,0.392,0.178,0.162,0.141,0.127,Within baseline with monitored trend behaviour.
2025-11-18 00:00:00,VF-01,Ventilation Fan,80.98,26.08,0.242,69,Low,0.822,0.381,0.166,0.155,0.161,0.136,Within baseline with monitored trend behaviour.
2025-11-19 00:00:00,VF-01,Ventilation Fan,77.75,30.11,0.28,73,Medium,0.872,0.397,0.182,0.152,0.145,0.123,Watch: fan bearing vibration and motor temperature exceeding control limits; continue monitoring trend.
2025-11-20 00:00:00,VF-01,Ventilation Fan,80.05,26.84,0.217,77,Low,0.901,0.385,0.183,0.163,0.133,0.136,Within baseline with monitored trend behaviour.
2025-11-21 00:00:00,VF-01,Ventilation Fan,78.86,30.14,0.288,76,Medium,0.859,0.399,0.174,0.156,0.151,0.12,Watch: fan bearing vibration and motor temperature exceeding control limits; continue monitoring trend.
2025-11-22 00:00:00,VF-01,Ventilation Fan,77.45,30.02,0.25,77,Medium,0.966,0.393,0.167,0.153,0.156,0.132,Watch: fan bearing vibration and motor temperature exceeding control limits; continue monitoring trend.
2025-11-23 00:00:00,VF-01,Ventilation Fan,79.49,30.62,0.308,77,Medium,0.899,0.39,0.169,0.153,0.15,0.137,Watch: fan bearing vibration and motor temperature exceeding control limits; continue monitoring trend.
2025-11-24 00:00:00,VF-01,Ventilation Fan,78.68,31.16,0.355,83,Medium,0.828,0.399,0.164,0.154,0.155,0.128,Watch: fan bearing vibration and motor temperature exceeding control limits; continue monitoring trend.
2025-11-25 00:00:00,VF-01,Ventilation Fan,77.69,33.43,0.419,71,Medium,0.839,0.411,0.168,0.157,0.149,0.116,Watch: fan bearing vibration and motor temperature exceeding control limits; continue monitoring trend.
2025-11-26 00:00:00,VF-01,Ventilation Fan,78.68,27.59,0.273,68,Low,0.87,0.373,0.173,0.151,0.162,0.14,Within baseline with monitored trend behaviour.
2025-11-27 00:00:00,VF-01,Ventilation Fan,78.32,26.96,0.279,70,Low,0.837,0.411,0.171,0.155,0.145,0.119,Within baseline with monitored trend behaviour.
2025-11-28 00:00:00,VF-01,Ventilation Fan,78.19,30.52,0.314,71,Medium,0.853,0.406,0.178,0.138,0.142,0.136,Watch: fan bearing vibration and motor temperature exceeding control limits; continue monitoring trend.
2025-11-29 00:00:00,VF-01,Ventilation Fan,77.69,37.03,0.44,70,Medium,0.892,0.413,0.158,0.147,0.147,0.135,Watch: fan bearing vibration and motor temperature exceeding control limits; continue monitoring trend.
2025-11-30 00:00:00,VF-01,Ventilation Fan,76.18,35.89,0.359,74,Medium,0.885,0.386,0.176,0.167,0.139,0.132,Watch: fan bearing vibration and motor temperature exceeding control limits; continue monitoring trend.
2025-12-01 00:00:00,VF-01,Ventilation Fan,78.3,29.28,0.257,78,Low,0.951,0.399,0.175,0.155,0.143,0.129,Within baseline with monitored trend behaviour.
2025-12-02 00:00:00,VF-01,Ventilation Fan,76.81,33.32,0.325,79,Medium,0.976,0.401,0.171,0.164,0.141,0.122,Watch: fan bearing vibration and motor temperature exceeding control limits; continue monitoring trend.
2025-12-03 00:00:00,VF-01,Ventilation Fan,76.37,34.54,0.294,75,Medium,0.84,0.39,0.175,0.152,0.152,0.13,Watch: fan bearing vibration and motor temperature exceeding control limits; continue monitoring trend.
2025-12-04 00:00:00,VF-01,Ventilation Fan,77.53,28.72,0.355,81,Low,0.907,0.408,0.171,0.156,0.145,0.119,Within baseline with monitored trend behaviour.
2025-12-05 00:00:00,VF-01,Ventilation Fan,79.0,32.13,0.34,71,Medium,0.87,0.391,0.177,0.138,0.159,0.134,Watch: fan bearing vibration and motor temperature exceeding control limits; continue monitoring trend.
2025-12-06 00:00:00,VF-01,Ventilation Fan,78.04,30.41,0.344,66,Medium,0.956,0.385,0.172,0.157,0.15,0.136,Watch: fan bearing vibration and motor temperature exceeding control limits; continue monitoring trend.
2025-12-07 00:00:00,VF-01,Ventilation Fan,76.8,32.29,0.294,76,Medium,0.889,0.411,0.173,0.162,0.132,0.123,Watch: fan bearing vibration and motor temperature exceeding control limits; continue monitoring trend.
2025-12-08 00:00:00,VF-01,Ventilation Fan,76.65,32.73,0.347,65,Medium,0.897,0.391,0.178,0.155,0.149,0.127,Watch: fan bearing vibration and motor temperature exceeding control limits; continue monitoring trend.
2025-12-09 00:00:00,VF-01,Ventilation Fan,78.5,32.39,0.319,69,Medium,0.952,0.389,0.161,0.164,0.151,0.134,Watch: fan bearing vibration and motor temperature exceeding control limits; continue monitoring trend.
2025-12-10 00:00:00,VF-01,Ventilation Fan,73.56,35.51,0.282,74,Medium,0.906,0.389,0.183,0.159,0.135,0.133,Watch: fan bearing vibration and motor temperature exceeding control limits; continue monitoring trend.
2025-12-11 00:00:00,VF-01,Ventilation Fan,78.58,26.57,0.218,71,Low,0.943,0.393,0.171,0.155,0.141,0.14,Within baseline with monitored trend behaviour.
2025-12-12 00:00:00,VF-01,Ventilation Fan,74.22,36.74,0.38,71,Medium,0.888,0.393,0.173,0.159,0.158,0.117,Watch: fan bearing vibration and motor temperature exceeding control limits; continue monitoring trend.
2025-12-13 00:00:00,VF-01,Ventilation Fan,74.86,31.1,0.407,66,Medium,0.861,0.388,0.173,0.154,0.153,0.132,Watch: fan bearing vibration and motor temperature exceeding control limits; continue monitoring trend.
2025-12-14 00:00:00,VF-01,Ventilation Fan,76.22,32.69,0.363,71,Medium,0.973,0.398,0.179,0.149,0.156,0.117,Watch: fan bearing vibration and motor temperature exceeding control limits; continue monitoring trend.
2025-12-15 00:00:00,VF-01,Ventilation Fan,80.43,29.78,0.324,75,Low,0.896,0.402,0.172,0.158,0.142,0.127,Within baseline with monitored trend behaviour.
2025-12-16 00:00:00,VF-01,Ventilation Fan,79.55,29.79,0.358,71,Low,0.872,0.393,0.169,0.163,0.145,0.13,Within baseline with monitored trend behaviour.
2025-12-17 00:00:00,VF-01,Ventilation Fan,77.91,33.01,0.306,67,Medium,0.909,0.408,0.179,0.151,0.132,0.13,Watch: fan bearing vibration and motor temperature exceeding control limits; continue monitoring trend.
2025-12-18 00:00:00,VF-01,Ventilation Fan,77.26,33.08,0.354,65,Medium,0.93,0.406,0.176,0.149,0.134,0.135,Watch: fan bearing vibration and motor temperature exceeding control limits; continue monitoring trend.
2025-12-19 00:00:00,VF-01,Ventilation Fan,73.62,41.75,0.371,67,Medium,0.854,0.392,0.186,0.161,0.144,0.118,Watch: fan bearing vibration and motor temperature exceeding control limits; continue monitoring trend.
2025-12-20 00:00:00,VF-01,Ventilation Fan,76.77,31.35,0.313,71,Medium,0.856,0.378,0.178,0.159,0.156,0.129,Watch: fan bearing vibration and motor temperature exceeding control limits; continue monitoring trend.
2025-12-21 00:00:00,VF-01,Ventilation Fan,75.55,35.03,0.323,71,Medium,0.938,0.391,0.168,0.161,0.157,0.123,Watch: fan bearing vibration and motor temperature exceeding control limits; continue monitoring trend.
2025-12-22 00:00:00,VF-01,Ventilation Fan,75.03,34.08,0.376,66,Medium,0.842,0.404,0.169,0.157,0.143,0.127,Watch: fan bearing vibration and motor temperature exceeding control limits; continue monitoring trend.
2025-12-23 00:00:00,VF-01,Ventilation Fan,76.5,34.82,0.267,60,Medium,0.918,0.392,0.177,0.15,0.141,0.14,Watch: fan bearing vibration and motor temperature exceeding control limits; continue monitoring trend.
2025-12-24 00:00:00,VF-01,Ventilation Fan,75.41,34.31,0.303,71,Medium,0.82,0.395,0.169,0.167,0.137,0.131,Watch: fan bearing vibration and motor temperature exceeding control limits; continue monitoring trend.
2025-12-25 00:00:00,VF-01,Ventilation Fan,77.46,34.99,0.409,65,Medium,0.861,0.394,0.17,0.163,0.144,0.129,Watch: fan bearing vibration and motor temperature exceeding control limits; continue monitoring trend.
2025-12-26 00:00:00,VF-01,Ventilation Fan,72.89,36.9,0.408,72,Medium,0.931,0.387,0.171,0.151,0.15,0.141,Watch: fan bearing vibration and motor temperature exceeding control limits; continue monitoring trend.
2025-12-27 00:00:00,VF-01,Ventilation Fan,76.02,36.39,0.368,66,Medium,0.905,0.398,0.163,0.155,0.143,0.141,Watch: fan bearing vibration and motor temperature exceeding control limits; continue monitoring trend.
2025-12-28 00:00:00,VF-01,Ventilation Fan,74.4,37.02,0.391,64,Medium,0.875,0.394,0.173,0.151,0.164,0.118,Watch: fan bearing vibration and motor temperature exceeding control limits; continue monitoring trend.
2025-12-29 00:00:00,VF-01,Ventilation Fan,75.06,34.85,0.361,69,Medium,0.835,0.4,0.166,0.152,0.155,0.127,Watch: fan bearing vibration and motor temperature exceeding control limits; continue monitoring trend.
2025-12-30 00:00:00,VF-01,Ventilation Fan,76.12,34.52,0.439,77,Medium,0.825,0.404,0.17,0.15,0.155,0.12,Watch: fan bearing vibration and motor temperature exceeding control limits; continue monitoring trend.
2025-12-31 00:00:00,VF-01,Ventilation Fan,73.75,37.27,0.383,71,Medium,0.862,0.4,0.178,0.145,0.145,0.133,Watch: fan bearing vibration and motor temperature exceeding control limits; continue monitoring trend.
2026-01-01 00:00:00,VF-01,Ventilation Fan,75.72,34.71,0.365,68,Medium,0.827,0.393,0.167,0.157,0.153,0.13,Watch: fan bearing vibration and motor temperature exceeding control limits; continue monitoring trend.
2026-01-02 00:00:00,VF-01,Ventilation Fan,75.02,34.55,0.325,69,Medium,0.909,0.388,0.177,0.155,0.133,0.147,Watch: fan bearing vibration and motor temperature exceeding control limits; continue monitoring trend.
2026-01-03 00:00:00,VF-01,Ventilation Fan,74.22,34.69,0.35,60,Medium,0.9,0.4,0.168,0.156,0.142,0.134,Watch: fan bearing vibration and motor temperature exceeding control limits; continue monitoring trend.
2026-01-04 00:00:00,VF-01,Ventilation Fan,74.43,35.12,0.296,63,Medium,0.893,0.378,0.184,0.162,0.153,0.124,Watch: fan bearing vibration and motor temperature exceeding control limits; continue monitoring trend.
2026-01-05 00:00:00,VF-01,Ventilation Fan,74.85,31.84,0.328,57,Medium,0.851,0.386,0.181,0.157,0.155,0.121,Watch: fan bearing vibration and motor temperature exceeding control limits; continue monitoring trend.
2026-01-06 00:00:00,VF-01,Ventilation Fan,73.78,38.39,0.403,74,Medium,0.856,0.387,0.172,0.157,0.158,0.125,Watch: fan bearing vibration and motor temperature exceeding control limits; continue monitoring trend.
2026-01-07 00:00:00,VF-01,Ventilation Fan,74.93,32.63,0.338,73,Medium,0.944,0.407,0.168,0.162,0.139,0.124,Watch: fan bearing vibration and motor temperature exceeding control limits; continue monitoring trend.
2026-01-08 00:00:00,VF-01,Ventilation Fan,74.39,35.43,0.404,68,Medium,0.863,0.394,0.174,0.162,0.146,0.124,Watch: fan bearing vibration and motor temperature exceeding control limits; continue monitoring trend.
2026-01-09 00:00:00,VF-01,Ventilation Fan,73.76,38.03,0.435,67,Medium,0.845,0.391,0.168,0.15,0.159,0.133,Watch: fan bearing vibration and motor temperature exceeding control limits; continue monitoring trend.
2026-01-10 00:00:00,VF-01,Ventilation Fan,77.2,33.6,0.394,60,Medium,0.914,0.403,0.164,0.153,0.145,0.135,Watch: fan bearing vibration and motor temperature exceeding control limits; continue monitoring trend.
2026-01-11 00:00:00,VF-01,Ventilation Fan,75.23,31.13,0.266,65,Medium,0.91,0.392,0.182,0.153,0.152,0.121,Watch: fan bearing vibration and motor temperature exceeding control limits; continue monitoring trend.
2026-01-12 00:00:00,VF-01,Ventilation Fan,73.86,36.41,0.399,73,Medium,0.892,0.385,0.177,0.154,0.154,0.13,Watch: fan bearing vibration and motor temperature exceeding control limits; continue monitoring trend.
2026-01-13 00:00:00,VF-01,Ventilation Fan,74.62,36.46,0.388,66,Medium,0.886,0.387,0.173,0.139,0.153,0.147,Watch: fan bearing vibration and motor temperature exceeding control limits; continue monitoring trend.
2026-01-14 00:00:00,VF-01,Ventilation Fan,72.65,38.39,0.422,63,Medium,0.898,0.397,0.163,0.159,0.148,0.133,Watch: fan bearing vibration and motor temperature exceeding control limits; continue monitoring trend.
2026-01-15 00:00:00,VF-01,Ventilation Fan,73.51,39.78,0.39,58,Medium,0.871,0.391,0.169,0.15,0.159,0.13,Watch: fan bearing vibration and motor temperature exceeding control limits; continue monitoring trend.
2026-01-16 00:00:00,VF-01,Ventilation Fan,73.6,35.31,0.357,70,Medium,0.864,0.391,0.172,0.156,0.144,0.138,Watch: fan bearing vibration and motor temperature exceeding control limits; continue monitoring trend.
2026-01-17 00:00:00,VF-01,Ventilation Fan,72.03,35.06,0.321,65,Medium,0.909,0.395,0.168,0.16,0.154,0.124,Watch: fan bearing vibration and motor temperature exceeding control limits; continue monitoring trend.
2026-01-18 00:00:00,VF-01,Ventilation Fan,74.56,37.24,0.427,58,Medium,0.835,0.39,0.181,0.167,0.139,0.123,Watch: fan bearing vibration and motor temperature exceeding control limits; continue monitoring trend.
2026-01-19 00:00:00,VF-01,Ventilation Fan,73.04,36.67,0.37,61,Medium,0.914,0.399,0.158,0.149,0.156,0.138,Watch: fan bearing vibration and motor temperature exceeding control limits; continue monitoring trend.
2026-01-20 00:00:00,VF-01,Ventilation Fan,73.19,34.02,0.408,59,Medium,0.917,0.391,0.174,0.161,0.141,0.133,Watch: fan bearing vibration and motor temperature exceeding control limits; continue monitoring trend.
2026-01-21 00:00:00,VF-01,Ventilation Fan,72.76,37.82,0.333,64,Medium,0.867,0.41,0.178,0.17,0.132,0.11,Watch: fan bearing vibration and motor temperature exceeding control limits; continue monitoring trend.
2026-01-22 00:00:00,VF-01,Ventilation Fan,78.31,32.83,0.335,65,Medium,0.834,0.38,0.188,0.171,0.148,0.114,Watch: fan bearing vibration and motor temperature exceeding control limits; continue monitoring trend.
2026-01-23 00:00:00,VF-01,Ventilation Fan,72.43,36.08,0.364,62,Medium,0.862,0.394,0.174,0.14,0.163,0.129,Watch: fan bearing vibration and motor temperature exceeding control limits; continue monitoring trend.
2026-01-24 00:00:00,VF-01,Ventilation Fan,70.09,46.55,0.398,67,Medium,0.863,0.4,0.172,0.143,0.16,0.124,Watch: fan bearing vibration and motor temperature exceeding control limits; continue monitoring trend.
2026-01-25 00:00:00,VF-01,Ventilation Fan,70.75,39.28,0.422,64,Medium,0.837,0.403,0.16,0.151,0.157,0.13,Watch: fan bearing vibration and motor temperature exceeding control limits; continue monitoring trend.
2026-01-26 00:00:00,VF-01,Ventilation Fan,74.43,35.97,0.405,67,Medium,0.799,0.407,0.174,0.147,0.139,0.133,Watch: fan bearing vibration and motor temperature exceeding control limits; continue monitoring trend.
2026-01-27 00:00:00,VF-01,Ventilation Fan,75.26,32.19,0.293,62,Medium,0.873,0.396,0.165,0.157,0.155,0.128,Watch: fan bearing vibration and motor temperature exceeding control limits; continue monitoring trend.
2026-01-28 00:00:00,VF-01,Ventilation Fan,71.95,39.36,0.395,75,Medium,0.926,0.394,0.16,0.152,0.153,0.14,Watch: fan bearing vibration and motor temperature exceeding control limits; continue monitoring trend.
2026-01-29 00:00:00,VF-01,Ventilation Fan,74.99,34.74,0.316,60,Medium,0.798,0.385,0.165,0.16,0.154,0.136,Watch: fan bearing vibration and motor temperature exceeding control limits; continue monitoring trend.
2026-01-30 00:00:00,VF-01,Ventilation Fan,74.04,33.36,0.387,59,Medium,0.844,0.382,0.184,0.159,0.149,0.126,Watch: fan bearing vibration and motor temperature exceeding control limits; continue monitoring trend.
2026-01-31 00:00:00,VF-01,Ventilation Fan,72.46,44.2,0.374,58,Medium,0.852,0.389,0.164,0.152,0.165,0.13,Watch: fan bearing vibration and motor temperature exceeding control limits; continue monitoring trend.
2026-02-01 00:00:00,VF-01,Ventilation Fan,72.26,37.85,0.298,61,Medium,0.899,0.39,0.172,0.14,0.152,0.145,Watch: fan bearing vibration and motor temperature exceeding control limits; continue monitoring trend.
2026-02-02 00:00:00,VF-01,Ventilation Fan,72.87,36.99,0.401,55,Medium,0.892,0.394,0.17,0.156,0.15,0.131,Watch: fan bearing vibration and motor temperature exceeding control limits; continue monitoring trend.
2026-02-03 00:00:00,VF-01,Ventilation Fan,73.9,38.48,0.405,63,Medium,0.864,0.398,0.184,0.14,0.138,0.14,Watch: fan bearing vibration and motor temperature exceeding control limits; continue monitoring trend.
2026-02-04 00:00:00,VF-01,Ventilation Fan,73.04,41.37,0.439,54,Medium,0.99,0.4,0.171,0.145,0.152,0.132,Watch: fan bearing vibration and motor temperature exceeding control limits; continue monitoring trend.
2026-02-05 00:00:00,VF-01,Ventilation Fan,71.23,42.53,0.436,62,Medium,0.833,0.389,0.181,0.152,0.156,0.122,Watch: fan bearing vibration and motor temperature exceeding control limits; continue monitoring trend.
2026-02-06 00:00:00,VF-01,Ventilation Fan,71.94,36.88,0.408,56,Medium,0.756,0.393,0.171,0.155,0.141,0.14,Watch: fan bearing vibration and motor temperature exceeding control limits; continue monitoring trend.
2026-02-07 00:00:00,VF-01,Ventilation Fan,75.3,35.01,0.352,59,Medium,0.923,0.394,0.168,0.167,0.144,0.127,Watch: fan bearing vibration and motor temperature exceeding control limits; continue monitoring trend.
2026-02-08 00:00:00,VF-01,Ventilation Fan,72.44,34.82,0.334,63,Medium,0.855,0.382,0.171,0.162,0.147,0.138,Watch: fan bearing vibration and motor temperature exceeding control limits; continue monitoring trend.
2026-02-09 00:00:00,VF-01,Ventilation Fan,73.34,39.13,0.469,70,Medium,0.898,0.394,0.182,0.15,0.143,0.131,Watch: fan bearing vibration and motor temperature exceeding control limits; continue monitoring trend.
2026-02-10 00:00:00,VF-01,Ventilation Fan,72.72,34.92,0.366,56,Medium,0.871,0.39,0.167,0.155,0.155,0.133,Watch: fan bearing vibration and motor temperature exceeding control limits; continue monitoring trend.
2026-02-11 00:00:00,VF-01,Ventilation Fan,72.21,37.31,0.358,60,Medium,0.935,0.382,0.181,0.155,0.14,0.142,Watch: fan bearing vibration and motor temperature exceeding control limits; continue monitoring trend.
2026-02-12 00:00:00,VF-01,Ventilation Fan,71.85,39.4,0.389,57,Medium,0.818,0.403,0.169,0.148,0.157,0.122,Watch: fan bearing vibration and motor temperature exceeding control limits; continue monitoring trend.
2026-02-13 00:00:00,VF-01,Ventilation Fan,73.02,38.66,0.343,56,Medium,0.898,0.394,0.184,0.141,0.159,0.121,Watch: fan bearing vibration and motor temperature exceeding control limits; continue monitoring trend.
2026-02-14 00:00:00,VF-01,Ventilation Fan,72.64,37.78,0.435,57,Medium,0.94,0.396,0.169,0.158,0.141,0.136,Watch: fan bearing vibration and motor temperature exceeding control limits; continue monitoring trend.
2026-02-15 00:00:00,VF-01,Ventilation Fan,71.83,42.48,0.384,63,Medium,0.903,0.399,0.171,0.154,0.154,0.122,Watch: fan bearing vibration and motor temperature exceeding control limits; continue monitoring trend.
2026-02-16 00:00:00,VF-01,Ventilation Fan,70.2,43.16,0.432,57,Medium,0.775,0.395,0.176,0.155,0.153,0.122,Watch: fan bearing vibration and motor temperature exceeding control limits; continue monitoring trend.
2026-02-17 00:00:00,VF-01,Ventilation Fan,71.84,40.72,0.423,68,Medium,0.851,0.403,0.163,0.158,0.138,0.138,Watch: fan bearing vibration and motor temperature exceeding control limits; continue monitoring trend.
2026-02-18 00:00:00,VF-01,Ventilation Fan,71.02,38.11,0.307,61,Medium,0.838,0.387,0.179,0.16,0.153,0.121,Watch: fan bearing vibration and motor temperature exceeding control limits; continue monitoring trend.
2026-02-19 00:00:00,VF-01,Ventilation Fan,70.55,44.64,0.434,55,Medium,0.864,0.394,0.168,0.143,0.146,0.149,Watch: fan bearing vibration and motor temperature exceeding control limits; continue monitoring trend.
2026-02-20 00:00:00,VF-01,Ventilation Fan,75.23,33.07,0.332,57,Medium,0.9,0.385,0.167,0.148,0.155,0.144,Watch: fan bearing vibration and motor temperature exceeding control limits; continue monitoring trend.
2026-02-21 00:00:00,VF-01,Ventilation Fan,68.39,47.72,0.449,55,Medium,0.821,0.382,0.166,0.165,0.149,0.138,Watch: fan bearing vibration and motor temperature exceeding control limits; continue monitoring trend.
2026-02-22 00:00:00,VF-01,Ventilation Fan,72.3,42.83,0.413,62,Medium,0.894,0.393,0.173,0.161,0.156,0.118,Watch: fan bearing vibration and motor temperature exceeding control limits; continue monitoring trend.
2026-02-23 00:00:00,VF-01,Ventilation Fan,69.29,44.02,0.465,52,Medium,0.854,0.396,0.192,0.152,0.136,0.124,Watch: fan bearing vibration and motor temperature exceeding control limits; continue monitoring trend.
2026-02-24 00:00:00,VF-01,Ventilation Fan,70.79,42.96,0.477,53,Medium,0.893,0.387,0.174,0.163,0.136,0.14,Watch: fan bearing vibration and motor temperature exceeding control limits; continue monitoring trend.
2026-02-25 00:00:00,VF-01,Ventilation Fan,74.6,29.4,0.306,55,Low,0.851,0.4,0.173,0.163,0.135,0.129,Within baseline with monitored trend behaviour.
2026-02-26 00:00:00,VF-01,Ventilation Fan,68.86,43.21,0.368,60,Medium,0.89,0.388,0.173,0.158,0.148,0.133,Watch: fan bearing vibration and motor temperature exceeding control limits; continue monitoring trend.
2026-02-27 00:00:00,VF-01,Ventilation Fan,69.15,45.4,0.431,62,Medium,0.875,0.39,0.182,0.149,0.143,0.136,Watch: fan bearing vibration and motor temperature exceeding control limits; continue monitoring trend.
2026-02-28 00:00:00,VF-01,Ventilation Fan,70.19,43.59,0.41,63,Medium,0.879,0.402,0.189,0.136,0.159,0.114,Watch: fan bearing vibration and motor temperature exceeding control limits; continue monitoring trend.
2026-03-01 00:00:00,VF-01,Ventilation Fan,68.77,41.29,0.364,59,Medium,0.828,0.401,0.177,0.149,0.15,0.122,Watch: fan bearing vibration and motor temperature exceeding control limits; continue monitoring trend.
2026-03-02 00:00:00,VF-01,Ventilation Fan,71.44,39.39,0.335,57,Medium,0.859,0.38,0.162,0.159,0.168,0.131,Watch: fan bearing vibration and motor temperature exceeding control limits; continue monitoring trend.
2026-03-03 00:00:00,VF-01,Ventilation Fan,69.08,38.21,0.391,60,Medium,0.874,0.4,0.174,0.152,0.144,0.129,Watch: fan bearing vibration and motor temperature exceeding control limits; continue monitoring trend.
2026-03-04 00:00:00,VF-01,Ventilation Fan,70.89,41.58,0.391,52,Medium,0.893,0.388,0.184,0.167,0.147,0.113,Watch: fan bearing vibration and motor temperature exceeding control limits; continue monitoring trend.
2026-03-05 00:00:00,VF-01,Ventilation Fan,67.63,41.56,0.443,49,Medium,0.856,0.404,0.165,0.145,0.162,0.124,Watch: fan bearing vibration and motor temperature exceeding control limits; continue monitoring trend.
2026-03-06 00:00:00,VF-01,Ventilation Fan,66.77,48.78,0.533,58,Medium,0.781,0.399,0.172,0.156,0.15,0.123,Watch: fan bearing vibration and motor temperature exceeding control limits; continue monitoring trend.
2026-03-07 00:00:00,VF-01,Ventilation Fan,69.2,45.48,0.367,52,Medium,0.92,0.403,0.17,0.146,0.149,0.131,Watch: fan bearing vibration and motor temperature exceeding control limits; continue monitoring trend.
2026-03-08 00:00:00,VF-01,Ventilation Fan,66.97,45.3,0.529,56,Medium,0.89,0.384,0.177,0.156,0.142,0.141,Watch: fan bearing vibration and motor temperature exceeding control limits; continue monitoring trend.
2026-03-09 00:00:00,VF-01,Ventilation Fan,71.81,40.5,0.428,56,Medium,0.845,0.397,0.167,0.165,0.132,0.139,Watch: fan bearing vibration and motor temperature exceeding control limits; continue monitoring trend.
2026-03-10 00:00:00,VF-01,Ventilation Fan,66.85,45.98,0.483,56,Medium,0.869,0.382,0.18,0.163,0.146,0.129,Watch: fan bearing vibration and motor temperature exceeding control limits; continue monitoring trend.
2026-03-11 00:00:00,VF-01,Ventilation Fan,67.54,45.93,0.483,59,Medium,0.874,0.398,0.176,0.16,0.137,0.13,Watch: fan bearing vibration and motor temperature exceeding control limits; continue monitoring trend.
2026-03-12 00:00:00,VF-01,Ventilation Fan,69.77,40.03,0.394,58,Medium,0.864,0.384,0.171,0.167,0.15,0.128,Watch: fan bearing vibration and motor temperature exceeding control limits; continue monitoring trend.
2026-03-13 00:00:00,VF-01,Ventilation Fan,68.08,45.94,0.407,56,Medium,0.921,0.39,0.174,0.155,0.156,0.126,Watch: fan bearing vibration and motor temperature exceeding control limits; continue monitoring trend.
2026-03-14 00:00:00,VF-01,Ventilation Fan,66.49,43.63,0.431,53,Medium,0.966,0.37,0.173,0.166,0.158,0.133,Watch: fan bearing vibration and motor temperature exceeding control limits; continue monitoring trend.
2026-03-15 00:00:00,VF-01,Ventilation Fan,72.09,35.41,0.24,55,Medium,0.886,0.39,0.167,0.159,0.154,0.131,Watch: fan bearing vibration and motor temperature exceeding control limits; continue monitoring trend.
2026-03-16 00:00:00,VF-01,Ventilation Fan,67.14,45.77,0.527,52,Medium,0.863,0.399,0.17,0.149,0.15,0.131,Watch: fan bearing vibration and motor temperature exceeding control limits; continue monitoring trend.
2026-03-17 00:00:00,VF-01,Ventilation Fan,68.33,43.91,0.41,53,Medium,0.831,0.402,0.183,0.154,0.139,0.122,Watch: fan bearing vibration and motor temperature exceeding control limits; continue monitoring trend.
2026-03-18 00:00:00,VF-01,Ventilation Fan,68.22,45.04,0.46,64,Medium,0.878,0.385,0.177,0.153,0.153,0.131,Watch: fan bearing vibration and motor temperature exceeding control limits; continue monitoring trend.
2026-03-19 00:00:00,VF-01,Ventilation Fan,69.6,41.27,0.358,55,Medium,0.921,0.392,0.178,0.148,0.15,0.132,Watch: fan bearing vibration and motor temperature exceeding control limits; continue monitoring trend.
2026-03-20 00:00:00,VF-01,Ventilation Fan,69.11,47.02,0.518,55,Medium,0.85,0.384,0.182,0.163,0.144,0.128,Watch: fan bearing vibration and motor temperature exceeding control limits; continue monitoring trend.
2026-03-21 00:00:00,VF-01,Ventilation Fan,66.95,46.59,0.467,51,Medium,0.803,0.39,0.179,0.151,0.16,0.12,Watch: fan bearing vibration and motor temperature exceeding control limits; continue monitoring trend.
2026-03-22 00:00:00,VF-01,Ventilation Fan,67.66,45.74,0.503,57,Medium,0.876,0.392,0.174,0.16,0.152,0.122,Watch: fan bearing vibration and motor temperature exceeding control limits; continue monitoring trend.
2026-03-23 00:00:00,VF-01,Ventilation Fan,67.72,45.58,0.501,56,Medium,0.935,0.388,0.183,0.15,0.149,0.13,Watch: fan bearing vibration and motor temperature exceeding control limits; continue monitoring trend.
2026-03-24 00:00:00,VF-01,Ventilation Fan,69.19,45.14,0.384,56,Medium,0.895,0.388,0.159,0.169,0.145,0.138,Watch: fan bearing vibration and motor temperature exceeding control limits; continue monitoring trend.
2026-03-25 00:00:00,VF-01,Ventilation Fan,66.03,48.71,0.478,54,Medium,0.949,0.403,0.178,0.143,0.141,0.136,Watch: fan bearing vibration and motor temperature exceeding control limits; continue monitoring trend.
2026-03-26 00:00:00,VF-01,Ventilation Fan,71.04,41.43,0.397,57,Medium,0.891,0.384,0.177,0.163,0.151,0.124,Watch: fan bearing vibration and motor temperature exceeding control limits; continue monitoring trend.
2026-03-27 00:00:00,VF-01,Ventilation Fan,66.5,48.37,0.445,57,Medium,0.893,0.37,0.186,0.172,0.146,0.126,Watch: fan bearing vibration and motor temperature exceeding control limits; continue monitoring trend.
2026-03-28 00:00:00,VF-01,Ventilation Fan,67.61,41.7,0.449,53,Medium,0.887,0.402,0.172,0.147,0.15,0.13,Watch: fan bearing vibration and motor temperature exceeding control limits; continue monitoring trend.
2026-03-29 00:00:00,VF-01,Ventilation Fan,65.67,44.48,0.443,52,Medium,0.862,0.41,0.172,0.154,0.134,0.131,Watch: fan bearing vibration and motor temperature exceeding control limits; continue monitoring trend.
2026-03-30 00:00:00,VF-01,Ventilation Fan,65.36,48.35,0.493,55,Medium,0.855,0.383,0.178,0.168,0.134,0.137,Watch: fan bearing vibration and motor temperature exceeding control limits; continue monitoring trend.
2026-03-31 00:00:00,VF-01,Ventilation Fan,65.94,47.28,0.465,48,Medium,0.935,0.397,0.169,0.15,0.16,0.124,Watch: fan bearing vibration and motor temperature exceeding control limits; continue monitoring trend.
2026-04-01 00:00:00,VF-01,Ventilation Fan,65.7,49.18,0.497,49,Medium,0.845,0.391,0.174,0.146,0.163,0.127,Watch: fan bearing vibration and motor temperature exceeding control limits; continue monitoring trend.
2026-04-02 00:00:00,VF-01,Ventilation Fan,66.49,46.95,0.451,51,Medium,0.838,0.395,0.172,0.156,0.15,0.128,Watch: fan bearing vibration and motor temperature exceeding control limits; continue monitoring trend.
2026-04-03 00:00:00,VF-01,Ventilation Fan,65.5,49.47,0.54,44,Medium,0.912,0.39,0.176,0.138,0.166,0.129,Watch: fan bearing vibration and motor temperature exceeding control limits; continue monitoring trend.
2026-04-04 00:00:00,VF-01,Ventilation Fan,68.08,42.19,0.435,54,Medium,0.821,0.385,0.181,0.146,0.161,0.127,Watch: fan bearing vibration and motor temperature exceeding control limits; continue monitoring trend.
2026-04-05 00:00:00,VF-01,Ventilation Fan,65.62,48.11,0.421,47,Medium,0.839,0.392,0.176,0.153,0.158,0.121,Watch: fan bearing vibration and motor temperature exceeding control limits; continue monitoring trend.
2026-04-06 00:00:00,VF-01,Ventilation Fan,65.35,45.83,0.468,49,Medium,0.909,0.389,0.176,0.161,0.137,0.137,Watch: fan bearing vibration and motor temperature exceeding control limits; continue monitoring trend.
2026-04-07 00:00:00,VF-01,Ventilation Fan,66.06,48.29,0.476,50,Medium,0.853,0.398,0.166,0.16,0.142,0.134,Watch: fan bearing vibration and motor temperature exceeding control limits; continue monitoring trend.
2026-04-08 00:00:00,VF-01,Ventilation Fan,68.18,40.79,0.427,50,Medium,0.943,0.393,0.163,0.161,0.146,0.138,Watch: fan bearing vibration and motor temperature exceeding control limits; continue monitoring trend.
2026-04-09 00:00:00,VF-01,Ventilation Fan,66.84,47.12,0.469,49,Medium,0.845,0.393,0.163,0.161,0.16,0.123,Watch: fan bearing vibration and motor temperature exceeding control limits; continue monitoring trend.
2026-04-10 00:00:00,VF-01,Ventilation Fan,66.25,44.32,0.452,50,Medium,0.931,0.388,0.185,0.148,0.151,0.127,Watch: fan bearing vibration and motor temperature exceeding control limits; continue monitoring trend.
2026-04-11 00:00:00,VF-01,Ventilation Fan,64.02,49.61,0.518,49,Medium,0.906,0.396,0.178,0.153,0.138,0.134,Watch: fan bearing vibration and motor temperature exceeding control limits; continue monitoring trend.
2026-04-12 00:00:00,VF-01,Ventilation Fan,64.39,51.64,0.566,48,High,0.883,0.398,0.175,0.164,0.134,0.129,Elevated: fan bearing vibration and motor temperature exceeding control limits; schedule condition-based intervention.
2026-04-13 00:00:00,VF-01,Ventilation Fan,64.08,50.74,0.509,46,High,0.91,0.404,0.182,0.142,0.151,0.12,Elevated: fan bearing vibration and motor temperature exceeding control limits; schedule condition-based intervention.
2026-04-14 00:00:00,VF-01,Ventilation Fan,68.12,41.34,0.422,53,Medium,0.902,0.399,0.167,0.147,0.155,0.132,Watch: fan bearing vibration and motor temperature exceeding control limits; continue monitoring trend.
2026-04-15 00:00:00,VF-01,Ventilation Fan,66.79,45.16,0.521,41,Medium,0.817,0.39,0.156,0.167,0.151,0.137,Watch: fan bearing vibration and motor temperature exceeding control limits; continue monitoring trend.
2026-04-16 00:00:00,VF-01,Ventilation Fan,64.46,46.75,0.491,48,Medium,0.897,0.396,0.17,0.168,0.14,0.126,Watch: fan bearing vibration and motor temperature exceeding control limits; continue monitoring trend.
2026-04-17 00:00:00,VF-01,Ventilation Fan,64.84,45.83,0.306,47,Medium,0.878,0.386,0.178,0.159,0.149,0.129,Watch: fan bearing vibration and motor temperature exceeding control limits; continue monitoring trend.
2026-04-18 00:00:00,VF-01,Ventilation Fan,64.33,50.17,0.458,50,High,0.895,0.401,0.166,0.151,0.15,0.131,Elevated: fan bearing vibration and motor temperature exceeding control limits; schedule condition-based intervention.
2026-04-19 00:00:00,VF-01,Ventilation Fan,64.14,51.32,0.511,42,High,0.891,0.403,0.167,0.149,0.153,0.128,Elevated: fan bearing vibration and motor temperature exceeding control limits; schedule condition-based intervention.
2026-04-20 00:00:00,VF-01,Ventilation Fan,66.2,48.2,0.51,46,Medium,0.902,0.393,0.185,0.152,0.152,0.119,Watch: fan bearing vibration and motor temperature exceeding control limits; continue monitoring trend.
2026-04-21 00:00:00,VF-01,Ventilation Fan,64.91,50.33,0.556,47,High,0.861,0.389,0.176,0.147,0.15,0.138,Elevated: fan bearing vibration and motor temperature exceeding control limits; schedule condition-based intervention.
2026-04-22 00:00:00,VF-01,Ventilation Fan,68.61,43.93,0.372,52,Medium,0.89,0.399,0.178,0.152,0.146,0.126,Watch: fan bearing vibration and motor temperature exceeding control limits; continue monitoring trend.
2026-04-23 00:00:00,VF-01,Ventilation Fan,67.18,45.4,0.424,49,Medium,0.832,0.39,0.165,0.173,0.152,0.121,Watch: fan bearing vibration and motor temperature exceeding control limits; continue monitoring trend.
2026-04-24 00:00:00,VF-01,Ventilation Fan,67.18,43.8,0.45,43,Medium,0.826,0.391,0.172,0.151,0.153,0.133,Watch: fan bearing vibration and motor temperature exceeding control limits; continue monitoring trend.
2026-04-25 00:00:00,VF-01,Ventilation Fan,66.07,46.63,0.452,45,Medium,0.851,0.401,0.161,0.162,0.139,0.137,Watch: fan bearing vibration and motor temperature exceeding control limits; continue monitoring trend.
2026-04-26 00:00:00,VF-01,Ventilation Fan,64.22,47.45,0.475,50,Medium,0.847,0.388,0.184,0.145,0.157,0.127,Watch: fan bearing vibration and motor temperature exceeding control limits; continue monitoring trend.
2026-04-27 00:00:00,VF-01,Ventilation Fan,65.76,46.25,0.452,42,Medium,0.836,0.397,0.177,0.146,0.147,0.133,Watch: fan bearing vibration and motor temperature exceeding control limits; continue monitoring trend.
2026-04-28 00:00:00,VF-01,Ventilation Fan,64.15,50.37,0.519,46,High,0.855,0.394,0.176,0.155,0.147,0.128,Elevated: fan bearing vibration and motor temperature exceeding control limits; schedule condition-based intervention.
2026-04-29 00:00:00,VF-01,Ventilation Fan,67.22,45.65,0.523,46,Medium,0.841,0.406,0.192,0.134,0.142,0.126,Watch: fan bearing vibration and motor temperature exceeding control limits; continue monitoring trend.
2026-04-30 00:00:00,VF-01,Ventilation Fan,65.17,54.9,0.538,45,High,0.954,0.38,0.172,0.164,0.142,0.142,Elevated: fan bearing vibration and motor temperature exceeding control limits; schedule condition-based intervention.
2026-05-01 00:00:00,VF-01,Ventilation Fan,64.84,46.53,0.45,57,Medium,0.898,0.402,0.169,0.144,0.149,0.136,Watch: fan bearing vibration and motor temperature exceeding control limits; continue monitoring trend.
2026-05-02 00:00:00,VF-01,Ventilation Fan,64.53,49.4,0.507,44,Medium,0.846,0.393,0.186,0.159,0.142,0.12,Watch: fan bearing vibration and motor temperature exceeding control limits; continue monitoring trend.
2026-05-03 00:00:00,VF-01,Ventilation Fan,67.02,43.33,0.437,47,Medium,0.853,0.404,0.169,0.152,0.143,0.133,Watch: fan bearing vibration and motor temperature exceeding control limits; continue monitoring trend.
2026-05-04 00:00:00,VF-01,Ventilation Fan,61.85,52.64,0.624,42,High,0.895,0.409,0.162,0.169,0.14,0.119,Elevated: fan bearing vibration and motor temperature exceeding control limits; schedule condition-based intervention.
2026-05-05 00:00:00,VF-01,Ventilation Fan,66.99,45.53,0.443,47,Medium,0.847,0.395,0.173,0.156,0.149,0.128,Watch: fan bearing vibration and motor temperature exceeding control limits; continue monitoring trend.
2026-05-06 00:00:00,VF-01,Ventilation Fan,63.65,52.58,0.55,49,High,0.924,0.385,0.176,0.16,0.154,0.124,Elevated: fan bearing vibration and motor temperature exceeding control limits; schedule condition-based intervention.
2026-05-07 00:00:00,VF-01,Ventilation Fan,61.6,52.85,0.504,43,High,0.799,0.416,0.175,0.144,0.139,0.126,Elevated: fan bearing vibration and motor temperature exceeding control limits; schedule condition-based intervention.
2026-05-08 00:00:00,VF-01,Ventilation Fan,62.56,52.04,0.506,45,High,0.907,0.404,0.18,0.162,0.138,0.115,Elevated: fan bearing vibration and motor temperature exceeding control limits; schedule condition-based intervention.
2026-05-09 00:00:00,VF-01,Ventilation Fan,61.02,53.71,0.498,41,High,0.9,0.406,0.182,0.153,0.137,0.123,Elevated: fan bearing vibration and motor temperature exceeding control limits; schedule condition-based intervention.
2026-05-10 00:00:00,VF-01,Ventilation Fan,64.61,46.74,0.478,40,Medium,0.938,0.385,0.168,0.153,0.155,0.139,Watch: fan bearing vibration and motor temperature exceeding control limits; continue monitoring trend.
2026-05-11 00:00:00,VF-01,Ventilation Fan,61.81,52.16,0.47,48,High,0.942,0.391,0.174,0.162,0.145,0.127,Elevated: fan bearing vibration and motor temperature exceeding control limits; schedule condition-based intervention.
2026-05-12 00:00:00,VF-01,Ventilation Fan,63.65,50.13,0.503,42,High,0.949,0.418,0.166,0.149,0.138,0.128,Elevated: fan bearing vibration and motor temperature exceeding control limits; schedule condition-based intervention.
2026-05-13 00:00:00,VF-01,Ventilation Fan,65.1,49.01,0.536,34,Medium,0.858,0.378,0.17,0.172,0.146,0.134,Watch: fan bearing vibration and motor temperature exceeding control limits; continue monitoring trend.
2026-05-14 00:00:00,VF-01,Ventilation Fan,62.11,54.16,0.567,51,High,0.865,0.392,0.178,0.164,0.134,0.132,Elevated: fan bearing vibration and motor temperature exceeding control limits; schedule condition-based intervention.
2026-05-15 00:00:00,VF-01,Ventilation Fan,62.66,51.8,0.513,40,High,0.902,0.382,0.17,0.16,0.149,0.139,Elevated: fan bearing vibration and motor temperature exceeding control limits; schedule condition-based intervention.
2026-05-16 00:00:00,VF-01,Ventilation Fan,60.91,54.22,0.621,42,High,0.868,0.384,0.165,0.163,0.152,0.136,Elevated: fan bearing vibration and motor temperature exceeding control limits; schedule condition-based intervention.
2026-05-17 00:00:00,VF-01,Ventilation Fan,62.28,49.37,0.463,50,Medium,0.937,0.392,0.166,0.172,0.142,0.128,Watch: fan bearing vibration and motor temperature exceeding control limits; continue monitoring trend.
2026-05-18 00:00:00,VF-01,Ventilation Fan,66.92,47.39,0.538,42,Medium,0.936,0.397,0.178,0.152,0.152,0.12,Watch: fan bearing vibration and motor temperature exceeding control limits; continue monitoring trend.
2026-05-19 00:00:00,VF-01,Ventilation Fan,63.95,49.07,0.464,42,Medium,0.844,0.394,0.167,0.157,0.148,0.133,Watch: fan bearing vibration and motor temperature exceeding control limits; continue monitoring trend.
2026-05-20 00:00:00,VF-01,Ventilation Fan,62.19,54.43,0.565,38,High,0.938,0.397,0.164,0.164,0.15,0.125,Elevated: fan bearing vibration and motor temperature exceeding control limits; schedule condition-based intervention.
2026-05-21 00:00:00,VF-01,Ventilation Fan,61.54,56.48,0.534,36,High,0.857,0.41,0.169,0.148,0.14,0.132,Elevated: fan bearing vibration and motor temperature exceeding control limits; schedule condition-based intervention.
2026-05-22 00:00:00,VF-01,Ventilation Fan,62.35,52.33,0.536,42,High,0.869,0.399,0.184,0.172,0.135,0.11,Elevated: fan bearing vibration and motor temperature exceeding control limits; schedule condition-based intervention.
2026-05-23 00:00:00,VF-01,Ventilation Fan,62.53,50.41,0.555,44,High,0.856,0.388,0.169,0.156,0.156,0.132,Elevated: fan bearing vibration and motor temperature exceeding control limits; schedule condition-based intervention.
2026-05-24 00:00:00,VF-01,Ventilation Fan,61.56,53.78,0.519,43,High,0.903,0.402,0.175,0.155,0.14,0.128,Elevated: fan bearing vibration and motor temperature exceeding control limits; schedule condition-based intervention.
2026-05-25 00:00:00,VF-01,Ventilation Fan,62.98,52.52,0.585,40,High,0.883,0.403,0.165,0.154,0.14,0.138,Elevated: fan bearing vibration and motor temperature exceeding control limits; schedule condition-based intervention.
2026-05-26 00:00:00,VF-01,Ventilation Fan,60.51,54.65,0.541,42,High,0.898,0.4,0.175,0.14,0.148,0.137,Elevated: fan bearing vibration and motor temperature exceeding control limits; schedule condition-based intervention.
2026-05-27 00:00:00,VF-01,Ventilation Fan,60.41,54.3,0.515,34,High,0.91,0.388,0.172,0.159,0.155,0.127,Elevated: fan bearing vibration and motor temperature exceeding control limits; schedule condition-based intervention.
2026-05-28 00:00:00,VF-01,Ventilation Fan,62.44,53.71,0.597,43,High,0.931,0.393,0.18,0.161,0.134,0.131,Elevated: fan bearing vibration and motor temperature exceeding control limits; schedule condition-based intervention.
2026-05-29 00:00:00,VF-01,Ventilation Fan,59.88,57.16,0.543,42,High,0.862,0.381,0.174,0.16,0.154,0.131,Elevated: fan bearing vibration and motor temperature exceeding control limits; schedule condition-based intervention.
2025-05-30 00:00:00,DMS-01,DMS Drum,88.28,17.48,0.209,250,Low,0.823,0.346,0.183,0.17,0.168,0.133,Within baseline with monitored trend behaviour.
2025-05-31 00:00:00,DMS-01,DMS Drum,89.24,13.26,0.131,252,Low,0.89,0.357,0.184,0.176,0.147,0.136,Within baseline with monitored trend behaviour.
2025-06-01 00:00:00,DMS-01,DMS Drum,87.8,16.42,0.114,253,Low,0.866,0.34,0.19,0.175,0.157,0.138,Within baseline with monitored trend behaviour.
2025-06-02 00:00:00,DMS-01,DMS Drum,89.73,14.6,0.14,248,Low,0.942,0.336,0.192,0.17,0.151,0.151,Within baseline with monitored trend behaviour.
2025-06-03 00:00:00,DMS-01,DMS Drum,88.97,14.16,0.071,251,Low,0.942,0.35,0.179,0.166,0.159,0.145,Within baseline with monitored trend behaviour.
2025-06-04 00:00:00,DMS-01,DMS Drum,87.86,16.02,0.165,245,Low,0.929,0.372,0.196,0.147,0.152,0.132,Within baseline with monitored trend behaviour.
2025-06-05 00:00:00,DMS-01,DMS Drum,90.96,15.73,0.153,248,Low,0.892,0.339,0.172,0.188,0.157,0.144,Within baseline with monitored trend behaviour.
2025-06-06 00:00:00,DMS-01,DMS Drum,89.11,14.84,0.102,251,Low,0.873,0.358,0.175,0.159,0.176,0.133,Within baseline with monitored trend behaviour.
2025-06-07 00:00:00,DMS-01,DMS Drum,89.76,13.61,0.23,248,Low,0.838,0.35,0.196,0.168,0.148,0.139,Within baseline with monitored trend behaviour.
2025-06-08 00:00:00,DMS-01,DMS Drum,90.99,12.27,0.078,244,Low,0.853,0.34,0.187,0.151,0.18,0.142,Within baseline with monitored trend behaviour.
2025-06-09 00:00:00,DMS-01,DMS Drum,90.93,13.61,0.15,244,Low,0.94,0.353,0.185,0.165,0.151,0.147,Within baseline with monitored trend behaviour.
2025-06-10 00:00:00,DMS-01,DMS Drum,89.59,12.51,0.122,249,Low,0.92,0.345,0.189,0.162,0.157,0.147,Within baseline with monitored trend behaviour.
2025-06-11 00:00:00,DMS-01,DMS Drum,88.14,17.46,0.152,240,Low,0.892,0.344,0.186,0.168,0.154,0.148,Within baseline with monitored trend behaviour.
2025-06-12 00:00:00,DMS-01,DMS Drum,86.31,19.68,0.182,240,Low,0.845,0.352,0.178,0.179,0.154,0.138,Within baseline with monitored trend behaviour.
2025-06-13 00:00:00,DMS-01,DMS Drum,88.89,11.97,0.09,246,Low,0.913,0.34,0.186,0.166,0.154,0.154,Within baseline with monitored trend behaviour.
2025-06-14 00:00:00,DMS-01,DMS Drum,90.28,17.19,0.187,242,Low,0.804,0.345,0.195,0.162,0.159,0.138,Within baseline with monitored trend behaviour.
2025-06-15 00:00:00,DMS-01,DMS Drum,89.06,18.23,0.244,237,Low,0.98,0.353,0.184,0.17,0.153,0.14,Within baseline with monitored trend behaviour.
2025-06-16 00:00:00,DMS-01,DMS Drum,82.95,22.26,0.297,248,Low,0.903,0.328,0.2,0.191,0.144,0.137,Within baseline with monitored trend behaviour.
2025-06-17 00:00:00,DMS-01,DMS Drum,89.83,12.0,0.145,238,Low,0.912,0.348,0.185,0.178,0.139,0.15,Within baseline with monitored trend behaviour.
2025-06-18 00:00:00,DMS-01,DMS Drum,89.89,14.61,0.117,241,Low,0.861,0.353,0.191,0.175,0.158,0.123,Within baseline with monitored trend behaviour.
2025-06-19 00:00:00,DMS-01,DMS Drum,87.89,14.11,0.159,239,Low,0.89,0.346,0.187,0.163,0.156,0.148,Within baseline with monitored trend behaviour.
2025-06-20 00:00:00,DMS-01,DMS Drum,89.92,16.84,0.174,240,Low,0.902,0.341,0.196,0.172,0.147,0.143,Within baseline with monitored trend behaviour.
2025-06-21 00:00:00,DMS-01,DMS Drum,89.31,14.03,0.157,237,Low,0.937,0.344,0.192,0.162,0.156,0.146,Within baseline with monitored trend behaviour.
2025-06-22 00:00:00,DMS-01,DMS Drum,87.17,21.2,0.157,243,Low,0.89,0.346,0.178,0.172,0.156,0.149,Within baseline with monitored trend behaviour.
2025-06-23 00:00:00,DMS-01,DMS Drum,90.27,11.97,0.054,240,Low,0.975,0.343,0.192,0.172,0.145,0.147,Within baseline with monitored trend behaviour.
2025-06-24 00:00:00,DMS-01,DMS Drum,86.18,19.13,0.241,243,Low,0.928,0.348,0.164,0.168,0.186,0.134,Within baseline with monitored trend behaviour.
2025-06-25 00:00:00,DMS-01,DMS Drum,88.08,19.22,0.188,236,Low,0.925,0.346,0.194,0.172,0.154,0.134,Within baseline with monitored trend behaviour.
2025-06-26 00:00:00,DMS-01,DMS Drum,87.89,16.31,0.148,247,Low,0.898,0.356,0.189,0.159,0.157,0.138,Within baseline with monitored trend behaviour.
2025-06-27 00:00:00,DMS-01,DMS Drum,86.79,19.04,0.198,230,Low,0.952,0.344,0.182,0.163,0.157,0.154,Within baseline with monitored trend behaviour.
2025-06-28 00:00:00,DMS-01,DMS Drum,88.56,18.2,0.124,231,Low,0.919,0.351,0.19,0.161,0.157,0.141,Within baseline with monitored trend behaviour.
2025-06-29 00:00:00,DMS-01,DMS Drum,90.14,12.69,0.189,244,Low,0.893,0.341,0.18,0.166,0.167,0.146,Within baseline with monitored trend behaviour.
2025-06-30 00:00:00,DMS-01,DMS Drum,90.01,11.47,0.064,238,Low,0.853,0.352,0.185,0.17,0.158,0.136,Within baseline with monitored trend behaviour.
2025-07-01 00:00:00,DMS-01,DMS Drum,89.13,12.29,0.057,237,Low,0.835,0.341,0.19,0.168,0.157,0.143,Within baseline with monitored trend behaviour.
2025-07-02 00:00:00,DMS-01,DMS Drum,85.23,21.84,0.27,237,Low,0.902,0.331,0.176,0.176,0.178,0.139,Within baseline with monitored trend behaviour.
2025-07-03 00:00:00,DMS-01,DMS Drum,85.77,20.7,0.32,238,Low,0.818,0.335,0.176,0.171,0.175,0.143,Within baseline with monitored trend behaviour.
2025-07-04 00:00:00,DMS-01,DMS Drum,88.14,18.72,0.143,236,Low,0.841,0.345,0.177,0.174,0.152,0.152,Within baseline with monitored trend behaviour.
2025-07-05 00:00:00,DMS-01,DMS Drum,87.79,16.55,0.183,231,Low,0.839,0.338,0.203,0.156,0.171,0.132,Within baseline with monitored trend behaviour.
2025-07-06 00:00:00,DMS-01,DMS Drum,87.01,15.32,0.276,237,Low,0.82,0.361,0.192,0.162,0.157,0.128,Within baseline with monitored trend behaviour.
2025-07-07 00:00:00,DMS-01,DMS Drum,90.83,8.14,0.014,236,Low,0.871,0.351,0.181,0.183,0.153,0.131,Within baseline with monitored trend behaviour.
2025-07-08 00:00:00,DMS-01,DMS Drum,87.91,22.66,0.231,239,Low,0.924,0.347,0.187,0.163,0.164,0.141,Within baseline with monitored trend behaviour.
2025-07-09 00:00:00,DMS-01,DMS Drum,88.58,17.04,0.213,240,Low,0.94,0.358,0.178,0.164,0.178,0.122,Within baseline with monitored trend behaviour.
2025-07-10 00:00:00,DMS-01,DMS Drum,89.26,15.31,0.132,234,Low,0.855,0.349,0.17,0.162,0.176,0.143,Within baseline with monitored trend behaviour.
2025-07-11 00:00:00,DMS-01,DMS Drum,87.73,17.73,0.23,227,Low,0.877,0.338,0.172,0.172,0.171,0.147,Within baseline with monitored trend behaviour.
2025-07-12 00:00:00,DMS-01,DMS Drum,91.76,8.68,0.112,239,Low,0.851,0.356,0.189,0.177,0.147,0.131,Within baseline with monitored trend behaviour.
2025-07-13 00:00:00,DMS-01,DMS Drum,86.07,17.91,0.136,227,Low,0.852,0.33,0.201,0.164,0.158,0.148,Within baseline with monitored trend behaviour.
2025-07-14 00:00:00,DMS-01,DMS Drum,86.57,22.28,0.172,232,Low,0.873,0.342,0.186,0.169,0.167,0.136,Within baseline with monitored trend behaviour.
2025-07-15 00:00:00,DMS-01,DMS Drum,86.0,20.92,0.183,229,Low,0.925,0.34,0.181,0.18,0.16,0.139,Within baseline with monitored trend behaviour.
2025-07-16 00:00:00,DMS-01,DMS Drum,89.98,12.51,0.106,228,Low,0.839,0.355,0.167,0.183,0.151,0.143,Within baseline with monitored trend behaviour.
2025-07-17 00:00:00,DMS-01,DMS Drum,88.73,13.33,0.135,232,Low,0.841,0.351,0.18,0.17,0.169,0.13,Within baseline with monitored trend behaviour.
2025-07-18 00:00:00,DMS-01,DMS Drum,86.54,17.82,0.256,230,Low,0.853,0.336,0.204,0.168,0.159,0.133,Within baseline with monitored trend behaviour.
2025-07-19 00:00:00,DMS-01,DMS Drum,85.99,18.98,0.168,231,Low,0.97,0.333,0.196,0.163,0.162,0.146,Within baseline with monitored trend behaviour.
2025-07-20 00:00:00,DMS-01,DMS Drum,89.56,18.72,0.192,225,Low,0.838,0.336,0.19,0.166,0.141,0.166,Within baseline with monitored trend behaviour.
2025-07-21 00:00:00,DMS-01,DMS Drum,87.89,16.58,0.238,227,Low,0.87,0.332,0.179,0.164,0.187,0.137,Within baseline with monitored trend behaviour.
2025-07-22 00:00:00,DMS-01,DMS Drum,89.53,12.28,0.162,224,Low,0.903,0.341,0.183,0.174,0.165,0.137,Within baseline with monitored trend behaviour.
2025-07-23 00:00:00,DMS-01,DMS Drum,87.14,17.88,0.181,226,Low,0.832,0.35,0.183,0.173,0.153,0.141,Within baseline with monitored trend behaviour.
2025-07-24 00:00:00,DMS-01,DMS Drum,88.02,17.3,0.163,226,Low,0.906,0.33,0.198,0.167,0.155,0.15,Within baseline with monitored trend behaviour.
2025-07-25 00:00:00,DMS-01,DMS Drum,87.65,14.73,0.083,233,Low,0.965,0.341,0.181,0.173,0.163,0.142,Within baseline with monitored trend behaviour.
2025-07-26 00:00:00,DMS-01,DMS Drum,86.14,20.21,0.192,225,Low,0.892,0.343,0.194,0.168,0.156,0.139,Within baseline with monitored trend behaviour.
2025-07-27 00:00:00,DMS-01,DMS Drum,86.87,20.8,0.301,217,Low,0.912,0.345,0.184,0.151,0.173,0.147,Within baseline with monitored trend behaviour.
2025-07-28 00:00:00,DMS-01,DMS Drum,85.17,21.04,0.182,230,Low,0.844,0.338,0.191,0.172,0.162,0.137,Within baseline with monitored trend behaviour.
2025-07-29 00:00:00,DMS-01,DMS Drum,87.82,15.45,0.197,226,Low,0.93,0.353,0.187,0.168,0.152,0.14,Within baseline with monitored trend behaviour.
2025-07-30 00:00:00,DMS-01,DMS Drum,88.22,15.44,0.127,223,Low,0.966,0.347,0.185,0.169,0.143,0.156,Within baseline with monitored trend behaviour.
2025-07-31 00:00:00,DMS-01,DMS Drum,88.55,12.71,0.16,222,Low,0.887,0.339,0.186,0.173,0.165,0.136,Within baseline with monitored trend behaviour.
2025-08-01 00:00:00,DMS-01,DMS Drum,88.0,16.54,0.207,219,Low,0.907,0.346,0.175,0.164,0.166,0.15,Within baseline with monitored trend behaviour.
2025-08-02 00:00:00,DMS-01,DMS Drum,86.69,19.25,0.171,230,Low,0.871,0.353,0.186,0.167,0.161,0.133,Within baseline with monitored trend behaviour.
2025-08-03 00:00:00,DMS-01,DMS Drum,89.34,13.12,0.105,222,Low,0.937,0.332,0.193,0.18,0.17,0.125,Within baseline with monitored trend behaviour.
2025-08-04 00:00:00,DMS-01,DMS Drum,88.25,20.32,0.228,215,Low,0.912,0.354,0.185,0.169,0.149,0.143,Within baseline with monitored trend behaviour.
2025-08-05 00:00:00,DMS-01,DMS Drum,89.01,16.97,0.199,223,Low,0.903,0.344,0.184,0.171,0.179,0.123,Within baseline with monitored trend behaviour.
2025-08-06 00:00:00,DMS-01,DMS Drum,89.08,11.7,0.152,226,Low,0.818,0.357,0.197,0.152,0.155,0.139,Within baseline with monitored trend behaviour.
2025-08-07 00:00:00,DMS-01,DMS Drum,86.52,15.33,0.154,221,Low,0.815,0.354,0.189,0.173,0.162,0.122,Within baseline with monitored trend behaviour.
2025-08-08 00:00:00,DMS-01,DMS Drum,87.31,15.8,0.115,216,Low,0.875,0.361,0.179,0.175,0.151,0.134,Within baseline with monitored trend behaviour.
2025-08-09 00:00:00,DMS-01,DMS Drum,87.89,20.1,0.197,216,Low,0.831,0.335,0.166,0.17,0.183,0.147,Within baseline with monitored trend behaviour.
2025-08-10 00:00:00,DMS-01,DMS Drum,84.78,23.09,0.187,216,Low,0.854,0.341,0.186,0.17,0.151,0.152,Within baseline with monitored trend behaviour.
2025-08-11 00:00:00,DMS-01,DMS Drum,84.78,24.55,0.268,225,Low,0.859,0.333,0.195,0.16,0.172,0.139,Within baseline with monitored trend behaviour.
2025-08-12 00:00:00,DMS-01,DMS Drum,84.47,21.76,0.175,218,Low,0.794,0.367,0.194,0.165,0.133,0.141,Within baseline with monitored trend behaviour.
2025-08-13 00:00:00,DMS-01,DMS Drum,86.34,18.7,0.155,211,Low,0.915,0.333,0.197,0.163,0.173,0.134,Within baseline with monitored trend behaviour.
2025-08-14 00:00:00,DMS-01,DMS Drum,85.95,17.18,0.165,219,Low,0.835,0.335,0.179,0.178,0.175,0.133,Within baseline with monitored trend behaviour.
2025-08-15 00:00:00,DMS-01,DMS Drum,84.15,22.89,0.283,218,Low,0.961,0.344,0.19,0.174,0.16,0.132,Within baseline with monitored trend behaviour.
2025-08-16 00:00:00,DMS-01,DMS Drum,86.65,18.3,0.134,215,Low,0.904,0.34,0.187,0.181,0.151,0.141,Within baseline with monitored trend behaviour.
2025-08-17 00:00:00,DMS-01,DMS Drum,86.22,18.82,0.161,212,Low,0.812,0.347,0.192,0.166,0.162,0.133,Within baseline with monitored trend behaviour.
2025-08-18 00:00:00,DMS-01,DMS Drum,88.23,19.71,0.177,212,Low,0.82,0.33,0.183,0.169,0.166,0.151,Within baseline with monitored trend behaviour.
2025-08-19 00:00:00,DMS-01,DMS Drum,89.52,14.41,0.161,220,Low,0.894,0.337,0.184,0.172,0.159,0.148,Within baseline with monitored trend behaviour.
2025-08-20 00:00:00,DMS-01,DMS Drum,87.0,20.86,0.172,216,Low,0.878,0.352,0.174,0.17,0.161,0.143,Within baseline with monitored trend behaviour.
2025-08-21 00:00:00,DMS-01,DMS Drum,85.12,17.66,0.127,216,Low,0.834,0.364,0.189,0.159,0.15,0.137,Within baseline with monitored trend behaviour.
2025-08-22 00:00:00,DMS-01,DMS Drum,87.23,23.25,0.201,215,Low,0.871,0.352,0.196,0.159,0.159,0.134,Within baseline with monitored trend behaviour.
2025-08-23 00:00:00,DMS-01,DMS Drum,86.18,18.6,0.2,215,Low,0.923,0.342,0.194,0.168,0.157,0.138,Within baseline with monitored trend behaviour.
2025-08-24 00:00:00,DMS-01,DMS Drum,85.74,21.37,0.149,211,Low,0.852,0.336,0.181,0.162,0.166,0.155,Within baseline with monitored trend behaviour.
2025-08-25 00:00:00,DMS-01,DMS Drum,84.71,23.13,0.273,212,Low,0.866,0.356,0.197,0.158,0.16,0.129,Within baseline with monitored trend behaviour.
2025-08-26 00:00:00,DMS-01,DMS Drum,85.31,19.57,0.225,217,Low,0.925,0.34,0.188,0.17,0.154,0.148,Within baseline with monitored trend behaviour.
2025-08-27 00:00:00,DMS-01,DMS Drum,85.74,21.61,0.243,218,Low,0.872,0.351,0.175,0.18,0.161,0.133,Within baseline with monitored trend behaviour.
2025-08-28 00:00:00,DMS-01,DMS Drum,87.27,19.56,0.212,207,Low,0.847,0.36,0.188,0.164,0.159,0.128,Within baseline with monitored trend behaviour.
2025-08-29 00:00:00,DMS-01,DMS Drum,86.77,17.1,0.174,210,Low,0.985,0.348,0.184,0.164,0.158,0.146,Within baseline with monitored trend behaviour.
2025-08-30 00:00:00,DMS-01,DMS Drum,88.84,14.23,0.11,214,Low,0.86,0.324,0.19,0.169,0.174,0.142,Within baseline with monitored trend behaviour.
2025-08-31 00:00:00,DMS-01,DMS Drum,86.96,18.35,0.165,218,Low,0.945,0.342,0.2,0.152,0.161,0.144,Within baseline with monitored trend behaviour.
2025-09-01 00:00:00,DMS-01,DMS Drum,86.52,18.64,0.167,217,Low,0.916,0.344,0.188,0.178,0.161,0.129,Within baseline with monitored trend behaviour.
2025-09-02 00:00:00,DMS-01,DMS Drum,85.32,23.34,0.175,206,Low,0.896,0.355,0.184,0.163,0.166,0.132,Within baseline with monitored trend behaviour.
2025-09-03 00:00:00,DMS-01,DMS Drum,84.11,23.65,0.294,214,Low,0.867,0.359,0.169,0.178,0.164,0.13,Within baseline with monitored trend behaviour.
2025-09-04 00:00:00,DMS-01,DMS Drum,84.83,21.1,0.161,209,Low,0.851,0.344,0.192,0.171,0.157,0.135,Within baseline with monitored trend behaviour.
2025-09-05 00:00:00,DMS-01,DMS Drum,84.58,22.8,0.208,212,Low,0.851,0.354,0.179,0.163,0.167,0.137,Within baseline with monitored trend behaviour.
2025-09-06 00:00:00,DMS-01,DMS Drum,81.57,21.71,0.204,211,Low,0.895,0.338,0.202,0.158,0.169,0.133,Within baseline with monitored trend behaviour.
2025-09-07 00:00:00,DMS-01,DMS Drum,84.02,21.15,0.224,202,Low,0.891,0.348,0.2,0.16,0.155,0.137,Within baseline with monitored trend behaviour.
2025-09-08 00:00:00,DMS-01,DMS Drum,88.16,17.15,0.154,209,Low,0.798,0.349,0.173,0.16,0.177,0.142,Within baseline with monitored trend behaviour.
2025-09-09 00:00:00,DMS-01,DMS Drum,86.15,21.62,0.187,211,Low,0.896,0.349,0.187,0.171,0.163,0.13,Within baseline with monitored trend behaviour.
2025-09-10 00:00:00,DMS-01,DMS Drum,84.92,21.51,0.254,206,Low,0.836,0.351,0.183,0.179,0.142,0.145,Within baseline with monitored trend behaviour.
2025-09-11 00:00:00,DMS-01,DMS Drum,86.12,22.34,0.354,205,Low,0.897,0.339,0.183,0.158,0.18,0.139,Within baseline with monitored trend behaviour.
2025-09-12 00:00:00,DMS-01,DMS Drum,82.33,26.48,0.35,199,Low,0.908,0.34,0.203,0.163,0.162,0.133,Within baseline with monitored trend behaviour.
2025-09-13 00:00:00,DMS-01,DMS Drum,85.87,18.81,0.191,208,Low,0.813,0.345,0.194,0.155,0.164,0.142,Within baseline with monitored trend behaviour.
2025-09-14 00:00:00,DMS-01,DMS Drum,87.42,17.33,0.106,205,Low,0.913,0.32,0.196,0.17,0.161,0.152,Within baseline with monitored trend behaviour.
2025-09-15 00:00:00,DMS-01,DMS Drum,85.15,21.61,0.147,200,Low,0.759,0.346,0.171,0.163,0.178,0.142,Within baseline with monitored trend behaviour.
2025-09-16 00:00:00,DMS-01,DMS Drum,82.47,23.64,0.275,202,Low,0.891,0.349,0.183,0.161,0.171,0.137,Within baseline with monitored trend behaviour.
2025-09-17 00:00:00,DMS-01,DMS Drum,84.61,24.61,0.248,204,Low,0.893,0.338,0.19,0.174,0.162,0.137,Within baseline with monitored trend behaviour.
2025-09-18 00:00:00,DMS-01,DMS Drum,87.28,15.59,0.162,201,Low,0.814,0.365,0.196,0.166,0.149,0.124,Within baseline with monitored trend behaviour.
2025-09-19 00:00:00,DMS-01,DMS Drum,85.61,20.78,0.22,202,Low,0.883,0.337,0.176,0.176,0.172,0.139,Within baseline with monitored trend behaviour.
2025-09-20 00:00:00,DMS-01,DMS Drum,82.89,25.42,0.226,195,Low,0.845,0.341,0.187,0.167,0.164,0.141,Within baseline with monitored trend behaviour.
2025-09-21 00:00:00,DMS-01,DMS Drum,88.91,14.89,0.148,207,Low,0.859,0.333,0.196,0.159,0.159,0.152,Within baseline with monitored trend behaviour.
2025-09-22 00:00:00,DMS-01,DMS Drum,83.08,22.61,0.247,201,Low,0.834,0.343,0.192,0.168,0.164,0.133,Within baseline with monitored trend behaviour.
2025-09-23 00:00:00,DMS-01,DMS Drum,84.66,21.32,0.278,196,Low,0.899,0.344,0.183,0.184,0.153,0.137,Within baseline with monitored trend behaviour.
2025-09-24 00:00:00,DMS-01,DMS Drum,83.36,24.92,0.316,190,Low,0.848,0.364,0.182,0.175,0.153,0.126,Within baseline with monitored trend behaviour.
2025-09-25 00:00:00,DMS-01,DMS Drum,83.32,22.35,0.252,204,Low,0.857,0.334,0.198,0.172,0.162,0.133,Within baseline with monitored trend behaviour.
2025-09-26 00:00:00,DMS-01,DMS Drum,84.22,19.95,0.181,202,Low,0.846,0.335,0.193,0.177,0.167,0.127,Within baseline with monitored trend behaviour.
2025-09-27 00:00:00,DMS-01,DMS Drum,85.93,22.01,0.228,200,Low,0.864,0.349,0.186,0.171,0.151,0.142,Within baseline with monitored trend behaviour.
2025-09-28 00:00:00,DMS-01,DMS Drum,86.94,19.09,0.24,202,Low,0.832,0.357,0.189,0.17,0.162,0.122,Within baseline with monitored trend behaviour.
2025-09-29 00:00:00,DMS-01,DMS Drum,84.22,24.11,0.316,202,Low,0.925,0.354,0.192,0.173,0.146,0.135,Within baseline with monitored trend behaviour.
2025-09-30 00:00:00,DMS-01,DMS Drum,83.18,25.06,0.303,198,Low,0.93,0.344,0.187,0.16,0.171,0.139,Within baseline with monitored trend behaviour.
2025-10-01 00:00:00,DMS-01,DMS Drum,85.53,24.62,0.225,196,Low,0.926,0.336,0.185,0.168,0.168,0.142,Within baseline with monitored trend behaviour.
2025-10-02 00:00:00,DMS-01,DMS Drum,85.54,22.48,0.272,195,Low,0.875,0.348,0.185,0.158,0.168,0.14,Within baseline with monitored trend behaviour.
2025-10-03 00:00:00,DMS-01,DMS Drum,85.07,19.45,0.171,198,Low,0.928,0.348,0.193,0.165,0.164,0.13,Within baseline with monitored trend behaviour.
2025-10-04 00:00:00,DMS-01,DMS Drum,85.09,21.81,0.261,202,Low,0.828,0.329,0.179,0.177,0.167,0.148,Within baseline with monitored trend behaviour.
2025-10-05 00:00:00,DMS-01,DMS Drum,84.44,20.68,0.259,195,Low,0.879,0.323,0.204,0.172,0.168,0.134,Within baseline with monitored trend behaviour.
2025-10-06 00:00:00,DMS-01,DMS Drum,84.74,20.46,0.238,201,Low,0.825,0.333,0.186,0.178,0.14,0.162,Within baseline with monitored trend behaviour.
2025-10-07 00:00:00,DMS-01,DMS Drum,84.25,19.22,0.17,196,Low,0.833,0.334,0.181,0.186,0.155,0.144,Within baseline with monitored trend behaviour.
2025-10-08 00:00:00,DMS-01,DMS Drum,86.22,18.72,0.145,196,Low,0.899,0.354,0.195,0.157,0.154,0.141,Within baseline with monitored trend behaviour.
2025-10-09 00:00:00,DMS-01,DMS Drum,88.03,17.84,0.166,204,Low,0.866,0.339,0.191,0.158,0.168,0.144,Within baseline with monitored trend behaviour.
2025-10-10 00:00:00,DMS-01,DMS Drum,84.72,21.26,0.237,200,Low,0.889,0.349,0.187,0.164,0.158,0.143,Within baseline with monitored trend behaviour.
2025-10-11 00:00:00,DMS-01,DMS Drum,84.38,19.66,0.164,200,Low,0.955,0.352,0.189,0.155,0.157,0.146,Within baseline with monitored trend behaviour.
2025-10-12 00:00:00,DMS-01,DMS Drum,84.77,18.28,0.112,189,Low,0.918,0.347,0.188,0.168,0.163,0.134,Within baseline with monitored trend behaviour.
2025-10-13 00:00:00,DMS-01,DMS Drum,83.27,27.65,0.334,201,Low,0.892,0.338,0.203,0.163,0.162,0.133,Within baseline with monitored trend behaviour.
2025-10-14 00:00:00,DMS-01,DMS Drum,85.51,20.94,0.159,191,Low,0.811,0.345,0.201,0.162,0.153,0.138,Within baseline with monitored trend behaviour.
2025-10-15 00:00:00,DMS-01,DMS Drum,84.95,19.42,0.203,190,Low,0.905,0.351,0.185,0.172,0.154,0.139,Within baseline with monitored trend behaviour.
2025-10-16 00:00:00,DMS-01,DMS Drum,83.54,23.97,0.255,182,Low,0.863,0.349,0.177,0.176,0.161,0.138,Within baseline with monitored trend behaviour.
2025-10-17 00:00:00,DMS-01,DMS Drum,85.62,24.52,0.214,192,Low,0.899,0.351,0.178,0.158,0.17,0.143,Within baseline with monitored trend behaviour.
2025-10-18 00:00:00,DMS-01,DMS Drum,84.17,23.41,0.227,186,Low,0.921,0.346,0.194,0.163,0.165,0.131,Within baseline with monitored trend behaviour.
2025-10-19 00:00:00,DMS-01,DMS Drum,82.55,18.86,0.251,191,Low,0.854,0.355,0.185,0.164,0.165,0.131,Within baseline with monitored trend behaviour.
2025-10-20 00:00:00,DMS-01,DMS Drum,84.62,26.83,0.199,185,Low,0.941,0.355,0.184,0.17,0.146,0.145,Within baseline with monitored trend behaviour.
2025-10-21 00:00:00,DMS-01,DMS Drum,84.4,18.14,0.225,196,Low,0.842,0.338,0.193,0.158,0.175,0.136,Within baseline with monitored trend behaviour.
2025-10-22 00:00:00,DMS-01,DMS Drum,85.52,19.85,0.2,191,Low,0.871,0.333,0.195,0.181,0.144,0.147,Within baseline with monitored trend behaviour.
2025-10-23 00:00:00,DMS-01,DMS Drum,85.28,18.34,0.151,197,Low,0.844,0.347,0.176,0.171,0.173,0.132,Within baseline with monitored trend behaviour.
2025-10-24 00:00:00,DMS-01,DMS Drum,83.74,21.29,0.228,183,Low,0.871,0.355,0.184,0.163,0.15,0.148,Within baseline with monitored trend behaviour.
2025-10-25 00:00:00,DMS-01,DMS Drum,83.12,24.2,0.225,193,Low,0.833,0.34,0.181,0.167,0.161,0.151,Within baseline with monitored trend behaviour.
2025-10-26 00:00:00,DMS-01,DMS Drum,83.84,18.48,0.19,180,Low,0.868,0.336,0.2,0.167,0.162,0.135,Within baseline with monitored trend behaviour.
2025-10-27 00:00:00,DMS-01,DMS Drum,84.38,21.68,0.248,187,Low,0.883,0.35,0.183,0.174,0.168,0.125,Within baseline with monitored trend behaviour.
2025-10-28 00:00:00,DMS-01,DMS Drum,84.54,23.94,0.274,183,Low,0.916,0.338,0.188,0.176,0.152,0.146,Within baseline with monitored trend behaviour.
2025-10-29 00:00:00,DMS-01,DMS Drum,84.21,20.42,0.187,184,Low,0.892,0.346,0.189,0.166,0.151,0.147,Within baseline with monitored trend behaviour.
2025-10-30 00:00:00,DMS-01,DMS Drum,83.54,20.26,0.234,183,Low,0.899,0.353,0.202,0.165,0.159,0.12,Within baseline with monitored trend behaviour.
2025-10-31 00:00:00,DMS-01,DMS Drum,85.25,20.38,0.284,181,Low,0.874,0.342,0.192,0.156,0.164,0.145,Within baseline with monitored trend behaviour.
2025-11-01 00:00:00,DMS-01,DMS Drum,82.54,23.77,0.19,179,Low,0.87,0.339,0.179,0.18,0.148,0.155,Within baseline with monitored trend behaviour.
2025-11-02 00:00:00,DMS-01,DMS Drum,87.54,16.25,0.13,182,Low,0.934,0.36,0.189,0.177,0.149,0.125,Within baseline with monitored trend behaviour.
2025-11-03 00:00:00,DMS-01,DMS Drum,84.76,18.96,0.13,184,Low,0.857,0.357,0.179,0.184,0.14,0.139,Within baseline with monitored trend behaviour.
2025-11-04 00:00:00,DMS-01,DMS Drum,81.7,26.66,0.337,188,Low,0.846,0.35,0.203,0.155,0.164,0.128,Within baseline with monitored trend behaviour.
2025-11-05 00:00:00,DMS-01,DMS Drum,83.76,23.93,0.24,184,Low,0.849,0.348,0.186,0.169,0.146,0.151,Within baseline with monitored trend behaviour.
2025-11-06 00:00:00,DMS-01,DMS Drum,84.66,19.34,0.186,187,Low,0.957,0.343,0.18,0.172,0.171,0.135,Within baseline with monitored trend behaviour.
2025-11-07 00:00:00,DMS-01,DMS Drum,82.83,22.18,0.245,176,Low,0.868,0.352,0.19,0.158,0.155,0.144,Within baseline with monitored trend behaviour.
2025-11-08 00:00:00,DMS-01,DMS Drum,80.96,26.93,0.306,180,Low,0.86,0.347,0.189,0.157,0.154,0.152,Within baseline with monitored trend behaviour.
2025-11-09 00:00:00,DMS-01,DMS Drum,81.65,23.76,0.246,184,Low,0.866,0.343,0.185,0.181,0.159,0.132,Within baseline with monitored trend behaviour.
2025-11-10 00:00:00,DMS-01,DMS Drum,84.14,22.56,0.281,182,Low,0.844,0.348,0.179,0.172,0.161,0.141,Within baseline with monitored trend behaviour.
2025-11-11 00:00:00,DMS-01,DMS Drum,80.43,30.33,0.299,177,Medium,0.909,0.33,0.195,0.173,0.16,0.142,Watch: drum drive vibration and bearing temperature drift; continue monitoring trend.
2025-11-12 00:00:00,DMS-01,DMS Drum,80.88,26.65,0.219,183,Low,0.906,0.335,0.194,0.163,0.155,0.153,Within baseline with monitored trend behaviour.
2025-11-13 00:00:00,DMS-01,DMS Drum,84.02,19.94,0.259,177,Low,0.813,0.339,0.192,0.165,0.159,0.143,Within baseline with monitored trend behaviour.
2025-11-14 00:00:00,DMS-01,DMS Drum,82.77,24.91,0.241,176,Low,0.886,0.353,0.19,0.176,0.151,0.13,Within baseline with monitored trend behaviour.
2025-11-15 00:00:00,DMS-01,DMS Drum,81.97,24.88,0.182,180,Low,0.85,0.344,0.183,0.186,0.152,0.135,Within baseline with monitored trend behaviour.
2025-11-16 00:00:00,DMS-01,DMS Drum,82.26,24.54,0.126,178,Low,0.912,0.359,0.181,0.17,0.138,0.153,Within baseline with monitored trend behaviour.
2025-11-17 00:00:00,DMS-01,DMS Drum,80.66,28.03,0.22,175,Low,0.894,0.338,0.183,0.169,0.176,0.134,Within baseline with monitored trend behaviour.
2025-11-18 00:00:00,DMS-01,DMS Drum,83.75,24.13,0.215,175,Low,0.932,0.334,0.197,0.18,0.151,0.138,Within baseline with monitored trend behaviour.
2025-11-19 00:00:00,DMS-01,DMS Drum,81.65,25.77,0.258,172,Low,0.908,0.352,0.176,0.181,0.158,0.132,Within baseline with monitored trend behaviour.
2025-11-20 00:00:00,DMS-01,DMS Drum,82.04,25.02,0.262,175,Low,0.795,0.369,0.189,0.168,0.145,0.129,Within baseline with monitored trend behaviour.
2025-11-21 00:00:00,DMS-01,DMS Drum,83.41,27.35,0.212,180,Low,0.836,0.346,0.185,0.165,0.161,0.144,Within baseline with monitored trend behaviour.
2025-11-22 00:00:00,DMS-01,DMS Drum,82.41,27.03,0.256,176,Low,0.82,0.334,0.187,0.172,0.158,0.148,Within baseline with monitored trend behaviour.
2025-11-23 00:00:00,DMS-01,DMS Drum,81.66,27.35,0.247,179,Low,0.862,0.325,0.197,0.188,0.149,0.141,Within baseline with monitored trend behaviour.
2025-11-24 00:00:00,DMS-01,DMS Drum,79.56,28.88,0.304,177,Low,0.848,0.35,0.186,0.162,0.164,0.138,Within baseline with monitored trend behaviour.
2025-11-25 00:00:00,DMS-01,DMS Drum,83.3,21.38,0.247,172,Low,0.816,0.351,0.17,0.164,0.154,0.161,Within baseline with monitored trend behaviour.
2025-11-26 00:00:00,DMS-01,DMS Drum,82.8,26.34,0.326,167,Low,0.851,0.338,0.197,0.162,0.164,0.139,Within baseline with monitored trend behaviour.
2025-11-27 00:00:00,DMS-01,DMS Drum,81.8,25.76,0.312,170,Low,0.857,0.352,0.196,0.163,0.15,0.14,Within baseline with monitored trend behaviour.
2025-11-28 00:00:00,DMS-01,DMS Drum,80.93,25.54,0.2,170,Low,0.94,0.349,0.188,0.171,0.158,0.134,Within baseline with monitored trend behaviour.
2025-11-29 00:00:00,DMS-01,DMS Drum,82.58,23.91,0.245,169,Low,0.933,0.354,0.175,0.176,0.149,0.147,Within baseline with monitored trend behaviour.
2025-11-30 00:00:00,DMS-01,DMS Drum,83.29,21.47,0.204,176,Low,0.837,0.342,0.204,0.153,0.165,0.136,Within baseline with monitored trend behaviour.
2025-12-01 00:00:00,DMS-01,DMS Drum,82.63,26.43,0.257,175,Low,0.908,0.347,0.179,0.163,0.153,0.159,Within baseline with monitored trend behaviour.
2025-12-02 00:00:00,DMS-01,DMS Drum,85.06,22.28,0.219,180,Low,0.838,0.362,0.182,0.162,0.155,0.139,Within baseline with monitored trend behaviour.
2025-12-03 00:00:00,DMS-01,DMS Drum,83.53,23.42,0.298,168,Low,0.816,0.341,0.198,0.168,0.14,0.153,Within baseline with monitored trend behaviour.
2025-12-04 00:00:00,DMS-01,DMS Drum,82.19,24.85,0.276,177,Low,0.878,0.337,0.176,0.183,0.165,0.139,Within baseline with monitored trend behaviour.
2025-12-05 00:00:00,DMS-01,DMS Drum,83.51,21.73,0.219,176,Low,0.894,0.353,0.186,0.171,0.158,0.132,Within baseline with monitored trend behaviour.
2025-12-06 00:00:00,DMS-01,DMS Drum,82.36,20.43,0.21,168,Low,0.949,0.342,0.197,0.17,0.156,0.136,Within baseline with monitored trend behaviour.
2025-12-07 00:00:00,DMS-01,DMS Drum,82.32,21.93,0.17,171,Low,0.883,0.341,0.193,0.16,0.166,0.14,Within baseline with monitored trend behaviour.
2025-12-08 00:00:00,DMS-01,DMS Drum,84.28,20.52,0.23,174,Low,0.882,0.351,0.172,0.177,0.166,0.134,Within baseline with monitored trend behaviour.
2025-12-09 00:00:00,DMS-01,DMS Drum,80.73,25.19,0.241,168,Low,0.893,0.345,0.189,0.168,0.151,0.147,Within baseline with monitored trend behaviour.
2025-12-10 00:00:00,DMS-01,DMS Drum,82.17,25.54,0.223,167,Low,0.829,0.326,0.183,0.174,0.175,0.142,Within baseline with monitored trend behaviour.
2025-12-11 00:00:00,DMS-01,DMS Drum,84.0,24.03,0.188,165,Low,0.889,0.337,0.192,0.171,0.166,0.133,Within baseline with monitored trend behaviour.
2025-12-12 00:00:00,DMS-01,DMS Drum,82.55,24.17,0.318,157,Low,0.826,0.34,0.176,0.181,0.165,0.137,Within baseline with monitored trend behaviour.
2025-12-13 00:00:00,DMS-01,DMS Drum,81.43,28.82,0.268,167,Low,0.879,0.35,0.181,0.175,0.163,0.131,Within baseline with monitored trend behaviour.
2025-12-14 00:00:00,DMS-01,DMS Drum,79.25,27.49,0.31,163,Low,0.81,0.353,0.172,0.171,0.174,0.13,Within baseline with monitored trend behaviour.
2025-12-15 00:00:00,DMS-01,DMS Drum,78.31,30.1,0.314,161,Medium,0.892,0.361,0.161,0.163,0.166,0.149,Watch: drum drive vibration and bearing temperature drift; continue monitoring trend.
2025-12-16 00:00:00,DMS-01,DMS Drum,85.22,20.59,0.256,167,Low,0.898,0.355,0.183,0.162,0.158,0.142,Within baseline with monitored trend behaviour.
2025-12-17 00:00:00,DMS-01,DMS Drum,82.36,26.89,0.204,159,Low,0.901,0.341,0.191,0.161,0.16,0.148,Within baseline with monitored trend behaviour.
2025-12-18 00:00:00,DMS-01,DMS Drum,80.89,26.97,0.322,168,Low,0.922,0.342,0.171,0.168,0.167,0.152,Within baseline with monitored trend behaviour.
2025-12-19 00:00:00,DMS-01,DMS Drum,82.34,24.99,0.31,166,Low,0.874,0.336,0.18,0.162,0.162,0.16,Within baseline with monitored trend behaviour.
2025-12-20 00:00:00,DMS-01,DMS Drum,80.23,24.37,0.205,162,Low,0.917,0.336,0.197,0.163,0.168,0.136,Within baseline with monitored trend behaviour.
2025-12-21 00:00:00,DMS-01,DMS Drum,81.18,24.55,0.277,163,Low,0.895,0.356,0.189,0.159,0.164,0.132,Within baseline with monitored trend behaviour.
2025-12-22 00:00:00,DMS-01,DMS Drum,80.16,29.96,0.261,158,Low,0.856,0.347,0.189,0.165,0.155,0.144,Within baseline with monitored trend behaviour.
2025-12-23 00:00:00,DMS-01,DMS Drum,79.37,24.73,0.234,165,Low,0.888,0.357,0.179,0.166,0.166,0.132,Within baseline with monitored trend behaviour.
2025-12-24 00:00:00,DMS-01,DMS Drum,78.22,33.17,0.291,163,Medium,0.862,0.353,0.182,0.173,0.147,0.145,Watch: drum drive vibration and bearing temperature drift; continue monitoring trend.
2025-12-25 00:00:00,DMS-01,DMS Drum,79.0,30.41,0.325,162,Medium,0.922,0.341,0.187,0.16,0.169,0.144,Watch: drum drive vibration and bearing temperature drift; continue monitoring trend.
2025-12-26 00:00:00,DMS-01,DMS Drum,83.15,22.1,0.208,163,Low,0.816,0.329,0.196,0.153,0.159,0.163,Within baseline with monitored trend behaviour.
2025-12-27 00:00:00,DMS-01,DMS Drum,79.9,26.48,0.264,158,Low,0.901,0.363,0.187,0.171,0.158,0.121,Within baseline with monitored trend behaviour.
2025-12-28 00:00:00,DMS-01,DMS Drum,82.29,28.58,0.244,154,Low,0.901,0.342,0.177,0.179,0.163,0.139,Within baseline with monitored trend behaviour.
2025-12-29 00:00:00,DMS-01,DMS Drum,82.93,26.72,0.303,164,Low,0.851,0.347,0.185,0.171,0.16,0.136,Within baseline with monitored trend behaviour.
2025-12-30 00:00:00,DMS-01,DMS Drum,81.38,25.82,0.248,162,Low,0.888,0.34,0.179,0.167,0.164,0.149,Within baseline with monitored trend behaviour.
2025-12-31 00:00:00,DMS-01,DMS Drum,80.84,27.09,0.275,157,Low,0.833,0.353,0.175,0.177,0.167,0.126,Within baseline with monitored trend behaviour.
2026-01-01 00:00:00,DMS-01,DMS Drum,81.49,24.62,0.224,160,Low,0.953,0.344,0.195,0.149,0.164,0.148,Within baseline with monitored trend behaviour.
2026-01-02 00:00:00,DMS-01,DMS Drum,80.57,27.47,0.205,163,Low,0.901,0.35,0.178,0.158,0.165,0.148,Within baseline with monitored trend behaviour.
2026-01-03 00:00:00,DMS-01,DMS Drum,83.13,22.27,0.185,162,Low,0.844,0.342,0.192,0.167,0.151,0.147,Within baseline with monitored trend behaviour.
2026-01-04 00:00:00,DMS-01,DMS Drum,84.16,22.01,0.21,155,Low,0.886,0.364,0.176,0.145,0.16,0.154,Within baseline with monitored trend behaviour.
2026-01-05 00:00:00,DMS-01,DMS Drum,83.44,26.8,0.261,151,Low,0.887,0.356,0.185,0.162,0.161,0.137,Within baseline with monitored trend behaviour.
2026-01-06 00:00:00,DMS-01,DMS Drum,77.64,31.11,0.371,151,Medium,0.808,0.344,0.188,0.16,0.158,0.15,Watch: drum drive vibration and bearing temperature drift; continue monitoring trend.
2026-01-07 00:00:00,DMS-01,DMS Drum,80.35,25.42,0.316,155,Low,0.763,0.343,0.187,0.167,0.176,0.127,Within baseline with monitored trend behaviour.
2026-01-08 00:00:00,DMS-01,DMS Drum,81.01,23.85,0.265,161,Low,0.851,0.354,0.173,0.16,0.161,0.151,Within baseline with monitored trend behaviour.
2026-01-09 00:00:00,DMS-01,DMS Drum,81.71,25.86,0.337,152,Low,0.844,0.342,0.177,0.17,0.175,0.136,Within baseline with monitored trend behaviour.
2026-01-10 00:00:00,DMS-01,DMS Drum,78.16,29.05,0.271,152,Low,0.904,0.336,0.188,0.172,0.154,0.151,Within baseline with monitored trend behaviour.
2026-01-11 00:00:00,DMS-01,DMS Drum,78.1,31.16,0.339,152,Medium,0.869,0.358,0.194,0.154,0.159,0.135,Watch: drum drive vibration and bearing temperature drift; continue monitoring trend.
2026-01-12 00:00:00,DMS-01,DMS Drum,82.94,20.65,0.22,152,Low,0.836,0.339,0.175,0.178,0.144,0.164,Within baseline with monitored trend behaviour.
2026-01-13 00:00:00,DMS-01,DMS Drum,79.91,29.5,0.312,153,Low,0.853,0.352,0.178,0.163,0.17,0.136,Within baseline with monitored trend behaviour.
2026-01-14 00:00:00,DMS-01,DMS Drum,78.39,28.13,0.244,148,Low,0.869,0.354,0.205,0.164,0.141,0.137,Within baseline with monitored trend behaviour.
2026-01-15 00:00:00,DMS-01,DMS Drum,78.96,29.54,0.299,157,Low,0.886,0.343,0.192,0.175,0.15,0.14,Within baseline with monitored trend behaviour.
2026-01-16 00:00:00,DMS-01,DMS Drum,81.32,25.48,0.238,152,Low,0.882,0.361,0.195,0.162,0.147,0.136,Within baseline with monitored trend behaviour.
2026-01-17 00:00:00,DMS-01,DMS Drum,79.34,32.37,0.28,162,Medium,0.929,0.353,0.184,0.165,0.173,0.126,Watch: drum drive vibration and bearing temperature drift; continue monitoring trend.
2026-01-18 00:00:00,DMS-01,DMS Drum,81.0,26.95,0.29,147,Low,0.856,0.344,0.179,0.168,0.167,0.142,Within baseline with monitored trend behaviour.
2026-01-19 00:00:00,DMS-01,DMS Drum,79.01,33.28,0.264,157,Medium,0.877,0.348,0.189,0.177,0.147,0.138,Watch: drum drive vibration and bearing temperature drift; continue monitoring trend.
2026-01-20 00:00:00,DMS-01,DMS Drum,77.74,32.28,0.373,156,Medium,0.937,0.359,0.191,0.176,0.146,0.129,Watch: drum drive vibration and bearing temperature drift; continue monitoring trend.
2026-01-21 00:00:00,DMS-01,DMS Drum,82.77,26.97,0.272,148,Low,0.932,0.357,0.192,0.157,0.145,0.149,Within baseline with monitored trend behaviour.
2026-01-22 00:00:00,DMS-01,DMS Drum,81.09,26.06,0.215,148,Low,0.865,0.332,0.187,0.176,0.154,0.15,Within baseline with monitored trend behaviour.
2026-01-23 00:00:00,DMS-01,DMS Drum,79.88,28.86,0.276,145,Low,0.923,0.341,0.2,0.172,0.155,0.132,Within baseline with monitored trend behaviour.
2026-01-24 00:00:00,DMS-01,DMS Drum,79.54,31.08,0.31,145,Medium,0.851,0.346,0.191,0.168,0.165,0.13,Watch: drum drive vibration and bearing temperature drift; continue monitoring trend.
2026-01-25 00:00:00,DMS-01,DMS Drum,82.68,26.06,0.304,148,Low,0.839,0.342,0.196,0.165,0.154,0.144,Within baseline with monitored trend behaviour.
2026-01-26 00:00:00,DMS-01,DMS Drum,81.24,27.32,0.327,148,Low,0.836,0.336,0.175,0.174,0.165,0.15,Within baseline with monitored trend behaviour.
2026-01-27 00:00:00,DMS-01,DMS Drum,82.09,24.42,0.237,141,Low,0.888,0.337,0.194,0.182,0.143,0.144,Within baseline with monitored trend behaviour.
2026-01-28 00:00:00,DMS-01,DMS Drum,79.28,28.69,0.284,156,Low,0.89,0.345,0.176,0.163,0.167,0.148,Within baseline with monitored trend behaviour.
2026-01-29 00:00:00,DMS-01,DMS Drum,80.26,29.92,0.375,146,Low,0.868,0.334,0.183,0.172,0.154,0.157,Within baseline with monitored trend behaviour.
2026-01-30 00:00:00,DMS-01,DMS Drum,80.78,29.6,0.232,146,Low,0.858,0.367,0.18,0.169,0.167,0.117,Within baseline with monitored trend behaviour.
2026-01-31 00:00:00,DMS-01,DMS Drum,79.22,27.91,0.221,143,Low,0.846,0.369,0.203,0.156,0.145,0.127,Within baseline with monitored trend behaviour.
2026-02-01 00:00:00,DMS-01,DMS Drum,79.9,26.65,0.324,144,Low,0.787,0.329,0.186,0.17,0.168,0.146,Within baseline with monitored trend behaviour.
2026-02-02 00:00:00,DMS-01,DMS Drum,79.08,27.47,0.266,144,Low,0.912,0.342,0.175,0.192,0.156,0.134,Within baseline with monitored trend behaviour.
2026-02-03 00:00:00,DMS-01,DMS Drum,80.62,28.8,0.315,145,Low,0.983,0.347,0.2,0.165,0.17,0.118,Within baseline with monitored trend behaviour.
2026-02-04 00:00:00,DMS-01,DMS Drum,77.82,29.19,0.349,144,Low,0.873,0.35,0.19,0.163,0.158,0.139,Within baseline with monitored trend behaviour.
2026-02-05 00:00:00,DMS-01,DMS Drum,80.81,28.5,0.209,147,Low,0.89,0.349,0.187,0.169,0.156,0.14,Within baseline with monitored trend behaviour.
2026-02-06 00:00:00,DMS-01,DMS Drum,80.35,28.59,0.338,144,Low,0.811,0.347,0.187,0.166,0.165,0.135,Within baseline with monitored trend behaviour.
2026-02-07 00:00:00,DMS-01,DMS Drum,79.49,27.62,0.306,146,Low,0.898,0.339,0.192,0.17,0.164,0.134,Within baseline with monitored trend behaviour.
2026-02-08 00:00:00,DMS-01,DMS Drum,80.5,30.43,0.245,142,Medium,0.88,0.357,0.172,0.169,0.152,0.149,Watch: drum drive vibration and bearing temperature drift; continue monitoring trend.
2026-02-09 00:00:00,DMS-01,DMS Drum,79.15,26.26,0.242,143,Low,0.942,0.349,0.177,0.163,0.159,0.152,Within baseline with monitored trend behaviour.
2026-02-10 00:00:00,DMS-01,DMS Drum,78.63,33.24,0.334,141,Medium,0.879,0.344,0.184,0.172,0.161,0.139,Watch: drum drive vibration and bearing temperature drift; continue monitoring trend.
2026-02-11 00:00:00,DMS-01,DMS Drum,80.53,27.9,0.305,145,Low,0.844,0.349,0.199,0.162,0.147,0.143,Within baseline with monitored trend behaviour.
2026-02-12 00:00:00,DMS-01,DMS Drum,80.56,23.07,0.189,142,Low,0.905,0.352,0.187,0.164,0.156,0.142,Within baseline with monitored trend behaviour.
2026-02-13 00:00:00,DMS-01,DMS Drum,78.77,32.91,0.36,140,Medium,0.883,0.352,0.169,0.17,0.172,0.138,Watch: drum drive vibration and bearing temperature drift; continue monitoring trend.
2026-02-14 00:00:00,DMS-01,DMS Drum,78.59,31.92,0.323,139,Medium,0.86,0.335,0.183,0.165,0.167,0.149,Watch: drum drive vibration and bearing temperature drift; continue monitoring trend.
2026-02-15 00:00:00,DMS-01,DMS Drum,79.2,28.26,0.249,139,Low,0.886,0.349,0.185,0.167,0.164,0.135,Within baseline with monitored trend behaviour.
2026-02-16 00:00:00,DMS-01,DMS Drum,78.57,28.07,0.259,139,Low,0.93,0.351,0.203,0.152,0.162,0.132,Within baseline with monitored trend behaviour.
2026-02-17 00:00:00,DMS-01,DMS Drum,81.86,22.26,0.242,138,Low,0.888,0.333,0.197,0.163,0.177,0.131,Within baseline with monitored trend behaviour.
2026-02-18 00:00:00,DMS-01,DMS Drum,79.88,32.99,0.305,136,Medium,0.893,0.358,0.19,0.159,0.166,0.127,Watch: drum drive vibration and bearing temperature drift; continue monitoring trend.
2026-02-19 00:00:00,DMS-01,DMS Drum,79.36,27.05,0.257,141,Low,0.87,0.367,0.193,0.154,0.147,0.14,Within baseline with monitored trend behaviour.
2026-02-20 00:00:00,DMS-01,DMS Drum,77.8,28.55,0.271,141,Low,0.875,0.343,0.185,0.153,0.17,0.149,Within baseline with monitored trend behaviour.
2026-02-21 00:00:00,DMS-01,DMS Drum,80.44,27.92,0.214,144,Low,0.866,0.364,0.184,0.17,0.144,0.137,Within baseline with monitored trend behaviour.
2026-02-22 00:00:00,DMS-01,DMS Drum,78.24,27.19,0.251,134,Low,0.933,0.355,0.196,0.159,0.152,0.138,Within baseline with monitored trend behaviour.
2026-02-23 00:00:00,DMS-01,DMS Drum,78.13,28.65,0.277,139,Low,0.846,0.347,0.186,0.169,0.157,0.141,Within baseline with monitored trend behaviour.
2026-02-24 00:00:00,DMS-01,DMS Drum,80.37,29.47,0.295,128,Low,0.944,0.335,0.177,0.177,0.173,0.138,Within baseline with monitored trend behaviour.
2026-02-25 00:00:00,DMS-01,DMS Drum,79.71,29.33,0.321,139,Low,0.877,0.346,0.183,0.147,0.177,0.147,Within baseline with monitored trend behaviour.
2026-02-26 00:00:00,DMS-01,DMS Drum,75.05,34.16,0.305,129,Medium,0.857,0.342,0.199,0.164,0.144,0.152,Watch: drum drive vibration and bearing temperature drift; continue monitoring trend.
2026-02-27 00:00:00,DMS-01,DMS Drum,78.76,29.77,0.335,130,Low,0.918,0.346,0.174,0.185,0.17,0.126,Within baseline with monitored trend behaviour.
2026-02-28 00:00:00,DMS-01,DMS Drum,79.17,28.27,0.267,135,Low,0.82,0.355,0.201,0.164,0.144,0.136,Within baseline with monitored trend behaviour.
2026-03-01 00:00:00,DMS-01,DMS Drum,78.39,30.13,0.298,131,Medium,0.868,0.367,0.169,0.171,0.155,0.139,Watch: drum drive vibration and bearing temperature drift; continue monitoring trend.
2026-03-02 00:00:00,DMS-01,DMS Drum,79.15,27.67,0.212,130,Low,0.909,0.344,0.185,0.166,0.154,0.15,Within baseline with monitored trend behaviour.
2026-03-03 00:00:00,DMS-01,DMS Drum,75.96,32.5,0.283,131,Medium,0.851,0.347,0.178,0.174,0.164,0.136,Watch: drum drive vibration and bearing temperature drift; continue monitoring trend.
2026-03-04 00:00:00,DMS-01,DMS Drum,74.28,34.78,0.385,135,Medium,0.896,0.339,0.202,0.176,0.147,0.137,Watch: drum drive vibration and bearing temperature drift; continue monitoring trend.
2026-03-05 00:00:00,DMS-01,DMS Drum,77.21,30.45,0.266,128,Medium,0.845,0.346,0.201,0.164,0.149,0.14,Watch: drum drive vibration and bearing temperature drift; continue monitoring trend.
2026-03-06 00:00:00,DMS-01,DMS Drum,79.18,31.23,0.271,131,Medium,0.84,0.345,0.18,0.174,0.171,0.13,Watch: drum drive vibration and bearing temperature drift; continue monitoring trend.
2026-03-07 00:00:00,DMS-01,DMS Drum,73.53,38.6,0.388,130,Medium,0.947,0.341,0.187,0.18,0.147,0.145,Watch: drum drive vibration and bearing temperature drift; continue monitoring trend.
2026-03-08 00:00:00,DMS-01,DMS Drum,77.3,29.91,0.326,134,Low,0.915,0.338,0.182,0.163,0.174,0.142,Within baseline with monitored trend behaviour.
2026-03-09 00:00:00,DMS-01,DMS Drum,75.53,31.86,0.313,134,Medium,0.947,0.331,0.191,0.163,0.171,0.145,Watch: drum drive vibration and bearing temperature drift; continue monitoring trend.
2026-03-10 00:00:00,DMS-01,DMS Drum,78.18,30.23,0.224,122,Medium,0.877,0.348,0.175,0.18,0.171,0.125,Watch: drum drive vibration and bearing temperature drift; continue monitoring trend.
2026-03-11 00:00:00,DMS-01,DMS Drum,81.66,29.99,0.244,134,Low,0.821,0.339,0.191,0.171,0.164,0.135,Within baseline with monitored trend behaviour.
2026-03-12 00:00:00,DMS-01,DMS Drum,78.14,28.55,0.339,126,Low,0.915,0.346,0.201,0.166,0.15,0.137,Within baseline with monitored trend behaviour.
2026-03-13 00:00:00,DMS-01,DMS Drum,78.27,30.09,0.326,129,Medium,0.821,0.336,0.191,0.168,0.16,0.144,Watch: drum drive vibration and bearing temperature drift; continue monitoring trend.
2026-03-14 00:00:00,DMS-01,DMS Drum,79.75,28.53,0.22,124,Low,0.893,0.352,0.186,0.167,0.156,0.139,Within baseline with monitored trend behaviour.
2026-03-15 00:00:00,DMS-01,DMS Drum,78.4,30.02,0.289,129,Medium,0.857,0.332,0.184,0.189,0.151,0.143,Watch: drum drive vibration and bearing temperature drift; continue monitoring trend.
2026-03-16 00:00:00,DMS-01,DMS Drum,77.98,29.91,0.371,137,Low,0.905,0.335,0.181,0.159,0.169,0.156,Within baseline with monitored trend behaviour.
2026-03-17 00:00:00,DMS-01,DMS Drum,79.77,30.64,0.306,127,Medium,0.955,0.335,0.182,0.167,0.171,0.145,Watch: drum drive vibration and bearing temperature drift; continue monitoring trend.
2026-03-18 00:00:00,DMS-01,DMS Drum,79.0,30.31,0.274,125,Medium,0.857,0.343,0.186,0.171,0.151,0.149,Watch: drum drive vibration and bearing temperature drift; continue monitoring trend.
2026-03-19 00:00:00,DMS-01,DMS Drum,78.66,31.56,0.258,125,Medium,0.912,0.322,0.201,0.175,0.159,0.144,Watch: drum drive vibration and bearing temperature drift; continue monitoring trend.
2026-03-20 00:00:00,DMS-01,DMS Drum,77.94,32.06,0.303,120,Medium,0.825,0.336,0.199,0.177,0.163,0.124,Watch: drum drive vibration and bearing temperature drift; continue monitoring trend.
2026-03-21 00:00:00,DMS-01,DMS Drum,77.57,33.19,0.364,131,Medium,0.898,0.346,0.197,0.156,0.167,0.134,Watch: drum drive vibration and bearing temperature drift; continue monitoring trend.
2026-03-22 00:00:00,DMS-01,DMS Drum,79.55,31.8,0.401,126,Medium,0.858,0.339,0.181,0.165,0.162,0.152,Watch: drum drive vibration and bearing temperature drift; continue monitoring trend.
2026-03-23 00:00:00,DMS-01,DMS Drum,77.5,34.16,0.394,120,Medium,0.831,0.35,0.197,0.178,0.154,0.121,Watch: drum drive vibration and bearing temperature drift; continue monitoring trend.
2026-03-24 00:00:00,DMS-01,DMS Drum,79.97,32.69,0.345,120,Medium,0.941,0.344,0.189,0.179,0.148,0.14,Watch: drum drive vibration and bearing temperature drift; continue monitoring trend.
2026-03-25 00:00:00,DMS-01,DMS Drum,76.28,35.64,0.352,123,Medium,0.88,0.333,0.194,0.173,0.168,0.132,Watch: drum drive vibration and bearing temperature drift; continue monitoring trend.
2026-03-26 00:00:00,DMS-01,DMS Drum,80.21,26.37,0.219,127,Low,0.816,0.346,0.202,0.171,0.162,0.119,Within baseline with monitored trend behaviour.
2026-03-27 00:00:00,DMS-01,DMS Drum,78.63,31.61,0.306,118,Medium,0.91,0.34,0.188,0.163,0.177,0.132,Watch: drum drive vibration and bearing temperature drift; continue monitoring trend.
2026-03-28 00:00:00,DMS-01,DMS Drum,76.28,34.62,0.275,127,Medium,0.877,0.35,0.196,0.176,0.148,0.13,Watch: drum drive vibration and bearing temperature drift; continue monitoring trend.
2026-03-29 00:00:00,DMS-01,DMS Drum,78.61,33.79,0.372,121,Medium,0.916,0.343,0.2,0.171,0.152,0.135,Watch: drum drive vibration and bearing temperature drift; continue monitoring trend.
2026-03-30 00:00:00,DMS-01,DMS Drum,76.71,30.67,0.314,118,Medium,0.967,0.349,0.198,0.153,0.151,0.148,Watch: drum drive vibration and bearing temperature drift; continue monitoring trend.
2026-03-31 00:00:00,DMS-01,DMS Drum,77.76,32.25,0.318,119,Medium,0.937,0.334,0.189,0.179,0.161,0.138,Watch: drum drive vibration and bearing temperature drift; continue monitoring trend.
2026-04-01 00:00:00,DMS-01,DMS Drum,76.89,30.99,0.253,127,Medium,0.874,0.358,0.18,0.167,0.153,0.142,Watch: drum drive vibration and bearing temperature drift; continue monitoring trend.
2026-04-02 00:00:00,DMS-01,DMS Drum,77.42,32.64,0.339,114,Medium,0.925,0.348,0.169,0.17,0.162,0.15,Watch: drum drive vibration and bearing temperature drift; continue monitoring trend.
2026-04-03 00:00:00,DMS-01,DMS Drum,79.09,28.84,0.278,117,Low,0.943,0.366,0.169,0.169,0.161,0.135,Within baseline with monitored trend behaviour.
2026-04-04 00:00:00,DMS-01,DMS Drum,78.38,31.23,0.33,123,Medium,0.896,0.352,0.184,0.179,0.149,0.136,Watch: drum drive vibration and bearing temperature drift; continue monitoring trend.
2026-04-05 00:00:00,DMS-01,DMS Drum,75.7,31.19,0.31,120,Medium,0.823,0.331,0.2,0.171,0.157,0.141,Watch: drum drive vibration and bearing temperature drift; continue monitoring trend.
2026-04-06 00:00:00,DMS-01,DMS Drum,75.75,35.53,0.396,115,Medium,0.86,0.342,0.174,0.179,0.177,0.128,Watch: drum drive vibration and bearing temperature drift; continue monitoring trend.
2026-04-07 00:00:00,DMS-01,DMS Drum,77.86,31.41,0.223,122,Medium,0.885,0.332,0.19,0.179,0.152,0.147,Watch: drum drive vibration and bearing temperature drift; continue monitoring trend.
2026-04-08 00:00:00,DMS-01,DMS Drum,77.93,31.2,0.322,122,Medium,0.989,0.351,0.178,0.167,0.164,0.14,Watch: drum drive vibration and bearing temperature drift; continue monitoring trend.
2026-04-09 00:00:00,DMS-01,DMS Drum,76.26,37.14,0.406,118,Medium,0.876,0.356,0.189,0.158,0.159,0.138,Watch: drum drive vibration and bearing temperature drift; continue monitoring trend.
2026-04-10 00:00:00,DMS-01,DMS Drum,79.84,27.45,0.283,114,Low,0.893,0.355,0.189,0.168,0.153,0.134,Within baseline with monitored trend behaviour.
2026-04-11 00:00:00,DMS-01,DMS Drum,78.56,30.7,0.306,114,Medium,0.891,0.345,0.19,0.174,0.165,0.126,Watch: drum drive vibration and bearing temperature drift; continue monitoring trend.
2026-04-12 00:00:00,DMS-01,DMS Drum,76.22,33.5,0.39,117,Medium,0.871,0.366,0.187,0.165,0.146,0.135,Watch: drum drive vibration and bearing temperature drift; continue monitoring trend.
2026-04-13 00:00:00,DMS-01,DMS Drum,76.02,33.97,0.292,110,Medium,0.906,0.357,0.174,0.18,0.161,0.127,Watch: drum drive vibration and bearing temperature drift; continue monitoring trend.
2026-04-14 00:00:00,DMS-01,DMS Drum,76.77,36.97,0.32,120,Medium,0.917,0.344,0.185,0.169,0.163,0.139,Watch: drum drive vibration and bearing temperature drift; continue monitoring trend.
2026-04-15 00:00:00,DMS-01,DMS Drum,76.56,32.94,0.329,121,Medium,0.864,0.329,0.188,0.17,0.167,0.145,Watch: drum drive vibration and bearing temperature drift; continue monitoring trend.
2026-04-16 00:00:00,DMS-01,DMS Drum,79.06,28.18,0.313,113,Low,0.87,0.358,0.183,0.163,0.162,0.134,Within baseline with monitored trend behaviour.
2026-04-17 00:00:00,DMS-01,DMS Drum,78.58,33.72,0.349,115,Medium,0.866,0.36,0.2,0.162,0.143,0.135,Watch: drum drive vibration and bearing temperature drift; continue monitoring trend.
2026-04-18 00:00:00,DMS-01,DMS Drum,77.02,31.55,0.365,118,Medium,0.874,0.353,0.174,0.178,0.16,0.135,Watch: drum drive vibration and bearing temperature drift; continue monitoring trend.
2026-04-19 00:00:00,DMS-01,DMS Drum,78.01,27.57,0.342,121,Low,0.887,0.347,0.177,0.182,0.16,0.134,Within baseline with monitored trend behaviour.
2026-04-20 00:00:00,DMS-01,DMS Drum,78.2,29.04,0.272,119,Low,0.836,0.345,0.198,0.167,0.15,0.139,Within baseline with monitored trend behaviour.
2026-04-21 00:00:00,DMS-01,DMS Drum,76.94,29.8,0.324,105,Low,0.846,0.347,0.179,0.162,0.165,0.147,Within baseline with monitored trend behaviour.
2026-04-22 00:00:00,DMS-01,DMS Drum,77.45,27.98,0.308,110,Low,0.871,0.347,0.188,0.163,0.161,0.14,Within baseline with monitored trend behaviour.
2026-04-23 00:00:00,DMS-01,DMS Drum,77.71,30.48,0.33,113,Medium,0.887,0.363,0.179,0.169,0.157,0.131,Watch: drum drive vibration and bearing temperature drift; continue monitoring trend.
2026-04-24 00:00:00,DMS-01,DMS Drum,77.5,31.36,0.293,109,Medium,0.938,0.343,0.185,0.178,0.147,0.148,Watch: drum drive vibration and bearing temperature drift; continue monitoring trend.
2026-04-25 00:00:00,DMS-01,DMS Drum,75.43,36.76,0.349,117,Medium,0.923,0.334,0.187,0.185,0.155,0.139,Watch: drum drive vibration and bearing temperature drift; continue monitoring trend.
2026-04-26 00:00:00,DMS-01,DMS Drum,75.55,35.49,0.351,116,Medium,0.829,0.349,0.185,0.173,0.16,0.132,Watch: drum drive vibration and bearing temperature drift; continue monitoring trend.
2026-04-27 00:00:00,DMS-01,DMS Drum,76.13,34.58,0.387,106,Medium,0.9,0.335,0.184,0.16,0.166,0.155,Watch: drum drive vibration and bearing temperature drift; continue monitoring trend.
2026-04-28 00:00:00,DMS-01,DMS Drum,75.42,32.62,0.262,108,Medium,0.918,0.338,0.207,0.163,0.155,0.138,Watch: drum drive vibration and bearing temperature drift; continue monitoring trend.
2026-04-29 00:00:00,DMS-01,DMS Drum,74.15,37.96,0.401,106,Medium,0.978,0.34,0.205,0.152,0.154,0.15,Watch: drum drive vibration and bearing temperature drift; continue monitoring trend.
2026-04-30 00:00:00,DMS-01,DMS Drum,77.55,34.21,0.305,107,Medium,0.913,0.355,0.19,0.159,0.151,0.146,Watch: drum drive vibration and bearing temperature drift; continue monitoring trend.
2026-05-01 00:00:00,DMS-01,DMS Drum,76.98,33.02,0.355,107,Medium,0.852,0.336,0.181,0.176,0.164,0.142,Watch: drum drive vibration and bearing temperature drift; continue monitoring trend.
2026-05-02 00:00:00,DMS-01,DMS Drum,74.24,36.91,0.354,111,Medium,0.802,0.346,0.182,0.167,0.16,0.145,Watch: drum drive vibration and bearing temperature drift; continue monitoring trend.
2026-05-03 00:00:00,DMS-01,DMS Drum,75.96,31.13,0.338,103,Medium,0.919,0.349,0.193,0.172,0.16,0.126,Watch: drum drive vibration and bearing temperature drift; continue monitoring trend.
2026-05-04 00:00:00,DMS-01,DMS Drum,76.01,35.7,0.401,96,Medium,0.862,0.337,0.18,0.185,0.161,0.137,Watch: drum drive vibration and bearing temperature drift; continue monitoring trend.
2026-05-05 00:00:00,DMS-01,DMS Drum,76.55,36.39,0.256,100,Medium,0.911,0.361,0.188,0.151,0.154,0.146,Watch: drum drive vibration and bearing temperature drift; continue monitoring trend.
2026-05-06 00:00:00,DMS-01,DMS Drum,74.49,36.36,0.332,102,Medium,0.909,0.347,0.191,0.158,0.159,0.145,Watch: drum drive vibration and bearing temperature drift; continue monitoring trend.
2026-05-07 00:00:00,DMS-01,DMS Drum,74.01,35.2,0.352,103,Medium,0.871,0.344,0.195,0.172,0.158,0.132,Watch: drum drive vibration and bearing temperature drift; continue monitoring trend.
2026-05-08 00:00:00,DMS-01,DMS Drum,76.97,31.92,0.298,106,Medium,0.916,0.34,0.178,0.166,0.155,0.162,Watch: drum drive vibration and bearing temperature drift; continue monitoring trend.
2026-05-09 00:00:00,DMS-01,DMS Drum,73.64,36.07,0.293,100,Medium,0.89,0.34,0.198,0.173,0.147,0.142,Watch: drum drive vibration and bearing temperature drift; continue monitoring trend.
2026-05-10 00:00:00,DMS-01,DMS Drum,75.68,33.33,0.337,99,Medium,0.852,0.354,0.176,0.153,0.171,0.146,Watch: drum drive vibration and bearing temperature drift; continue monitoring trend.
2026-05-11 00:00:00,DMS-01,DMS Drum,75.49,35.61,0.301,100,Medium,0.792,0.352,0.186,0.156,0.159,0.147,Watch: drum drive vibration and bearing temperature drift; continue monitoring trend.
2026-05-12 00:00:00,DMS-01,DMS Drum,75.77,34.48,0.395,99,Medium,0.843,0.345,0.193,0.169,0.154,0.139,Watch: drum drive vibration and bearing temperature drift; continue monitoring trend.
2026-05-13 00:00:00,DMS-01,DMS Drum,76.33,35.15,0.332,101,Medium,0.801,0.336,0.2,0.163,0.155,0.147,Watch: drum drive vibration and bearing temperature drift; continue monitoring trend.
2026-05-14 00:00:00,DMS-01,DMS Drum,78.44,30.93,0.29,100,Medium,0.881,0.341,0.184,0.17,0.165,0.14,Watch: drum drive vibration and bearing temperature drift; continue monitoring trend.
2026-05-15 00:00:00,DMS-01,DMS Drum,73.28,35.68,0.401,105,Medium,0.897,0.349,0.171,0.175,0.159,0.145,Watch: drum drive vibration and bearing temperature drift; continue monitoring trend.
2026-05-16 00:00:00,DMS-01,DMS Drum,77.2,30.92,0.259,98,Medium,0.856,0.33,0.199,0.172,0.156,0.142,Watch: drum drive vibration and bearing temperature drift; continue monitoring trend.
2026-05-17 00:00:00,DMS-01,DMS Drum,71.74,38.44,0.335,100,Medium,0.908,0.362,0.18,0.156,0.169,0.133,Watch: drum drive vibration and bearing temperature drift; continue monitoring trend.
2026-05-18 00:00:00,DMS-01,DMS Drum,77.94,30.51,0.301,98,Medium,0.901,0.353,0.187,0.167,0.144,0.149,Watch: drum drive vibration and bearing temperature drift; continue monitoring trend.
2026-05-19 00:00:00,DMS-01,DMS Drum,72.4,42.22,0.439,103,Medium,0.808,0.341,0.196,0.159,0.148,0.156,Watch: drum drive vibration and bearing temperature drift; continue monitoring trend.
2026-05-20 00:00:00,DMS-01,DMS Drum,79.53,32.57,0.295,99,Medium,0.928,0.333,0.182,0.176,0.157,0.152,Watch: drum drive vibration and bearing temperature drift; continue monitoring trend.
2026-05-21 00:00:00,DMS-01,DMS Drum,74.96,36.72,0.292,104,Medium,0.918,0.344,0.182,0.176,0.169,0.129,Watch: drum drive vibration and bearing temperature drift; continue monitoring trend.
2026-05-22 00:00:00,DMS-01,DMS Drum,77.61,31.58,0.311,94,Medium,0.83,0.338,0.185,0.176,0.151,0.15,Watch: drum drive vibration and bearing temperature drift; continue monitoring trend.
2026-05-23 00:00:00,DMS-01,DMS Drum,77.24,29.14,0.286,98,Low,0.815,0.354,0.178,0.169,0.173,0.126,Within baseline with monitored trend behaviour.
2026-05-24 00:00:00,DMS-01,DMS Drum,74.76,35.77,0.341,96,Medium,0.828,0.349,0.179,0.163,0.164,0.145,Watch: drum drive vibration and bearing temperature drift; continue monitoring trend.
2026-05-25 00:00:00,DMS-01,DMS Drum,74.84,33.64,0.336,93,Medium,0.856,0.346,0.189,0.168,0.153,0.144,Watch: drum drive vibration and bearing temperature drift; continue monitoring trend.
2026-05-26 00:00:00,DMS-01,DMS Drum,74.04,39.61,0.432,97,Medium,0.939,0.35,0.189,0.174,0.144,0.143,Watch: drum drive vibration and bearing temperature drift; continue monitoring trend.
2026-05-27 00:00:00,DMS-01,DMS Drum,76.59,29.56,0.294,104,Low,0.887,0.357,0.182,0.172,0.155,0.134,Within baseline with monitored trend behaviour.
2026-05-28 00:00:00,DMS-01,DMS Drum,74.61,36.31,0.376,93,Medium,0.903,0.343,0.169,0.177,0.163,0.148,Watch: drum drive vibration and bearing temperature drift; continue monitoring trend.
2026-05-29 00:00:00,DMS-01,DMS Drum,73.94,34.74,0.361,95,Medium,0.845,0.359,0.194,0.16,0.15,0.138,Watch: drum drive vibration and bearing temperature drift; continue monitoring trend.
2025-05-30 00:00:00,CR-01,Crusher,90.09,16.39,0.071,60,Low,0.886,0.413,0.176,0.146,0.134,0.132,Within baseline with monitored trend behaviour.
2025-05-31 00:00:00,CR-01,Crusher,89.93,16.75,0.126,63,Low,0.856,0.427,0.174,0.149,0.127,0.122,Within baseline with monitored trend behaviour.
2025-06-01 00:00:00,CR-01,Crusher,92.47,13.38,0.179,54,Low,0.893,0.418,0.175,0.145,0.137,0.124,Within baseline with monitored trend behaviour.
2025-06-02 00:00:00,CR-01,Crusher,90.98,11.11,0.068,56,Low,0.841,0.426,0.166,0.15,0.131,0.128,Within baseline with monitored trend behaviour.
2025-06-03 00:00:00,CR-01,Crusher,90.22,10.82,0.117,62,Low,0.867,0.43,0.162,0.137,0.141,0.129,Within baseline with monitored trend behaviour.
2025-06-04 00:00:00,CR-01,Crusher,93.48,10.99,0.076,57,Low,0.86,0.424,0.175,0.15,0.128,0.122,Within baseline with monitored trend behaviour.
2025-06-05 00:00:00,CR-01,Crusher,91.35,14.87,0.149,56,Low,0.831,0.414,0.156,0.166,0.139,0.124,Within baseline with monitored trend behaviour.
2025-06-06 00:00:00,CR-01,Crusher,90.03,17.08,0.156,57,Low,0.797,0.425,0.163,0.141,0.142,0.13,Within baseline with monitored trend behaviour.
2025-06-07 00:00:00,CR-01,Crusher,89.14,16.18,0.131,59,Low,0.854,0.429,0.156,0.134,0.156,0.125,Within baseline with monitored trend behaviour.
2025-06-08 00:00:00,CR-01,Crusher,92.26,6.84,0.084,59,Low,0.882,0.439,0.161,0.14,0.148,0.111,Within baseline with monitored trend behaviour.
2025-06-09 00:00:00,CR-01,Crusher,90.37,14.21,0.121,58,Low,0.793,0.418,0.159,0.156,0.135,0.133,Within baseline with monitored trend behaviour.
2025-06-10 00:00:00,CR-01,Crusher,89.98,15.14,0.104,55,Low,0.897,0.425,0.162,0.148,0.138,0.128,Within baseline with monitored trend behaviour.
2025-06-11 00:00:00,CR-01,Crusher,90.92,15.21,0.148,62,Low,0.825,0.427,0.164,0.155,0.147,0.107,Within baseline with monitored trend behaviour.
2025-06-12 00:00:00,CR-01,Crusher,91.15,15.25,0.211,64,Low,0.908,0.427,0.167,0.137,0.149,0.12,Within baseline with monitored trend behaviour.
2025-06-13 00:00:00,CR-01,Crusher,90.53,15.08,0.121,51,Low,0.86,0.416,0.172,0.145,0.138,0.129,Within baseline with monitored trend behaviour.
2025-06-14 00:00:00,CR-01,Crusher,90.96,11.48,0.111,52,Low,0.935,0.423,0.157,0.162,0.134,0.124,Within baseline with monitored trend behaviour.
2025-06-15 00:00:00,CR-01,Crusher,90.17,11.7,0.147,62,Low,0.848,0.412,0.156,0.148,0.149,0.135,Within baseline with monitored trend behaviour.
2025-06-16 00:00:00,CR-01,Crusher,90.24,14.74,0.148,64,Low,0.837,0.424,0.162,0.146,0.143,0.125,Within baseline with monitored trend behaviour.
2025-06-17 00:00:00,CR-01,Crusher,88.08,15.1,0.092,49,Low,0.872,0.407,0.175,0.141,0.142,0.134,Within baseline with monitored trend behaviour.
2025-06-18 00:00:00,CR-01,Crusher,92.05,14.09,0.091,61,Low,0.911,0.429,0.157,0.155,0.139,0.12,Within baseline with monitored trend behaviour.
2025-06-19 00:00:00,CR-01,Crusher,87.08,14.68,0.07,64,Low,0.951,0.426,0.161,0.136,0.147,0.131,Within baseline with monitored trend behaviour.
2025-06-20 00:00:00,CR-01,Crusher,89.44,15.91,0.15,54,Low,0.927,0.424,0.157,0.148,0.138,0.132,Within baseline with monitored trend behaviour.
2025-06-21 00:00:00,CR-01,Crusher,86.71,19.24,0.138,64,Low,0.86,0.423,0.156,0.151,0.146,0.124,Within baseline with monitored trend behaviour.
2025-06-22 00:00:00,CR-01,Crusher,88.59,15.56,0.125,57,Low,0.9,0.424,0.173,0.155,0.131,0.116,Within baseline with monitored trend behaviour.
2025-06-23 00:00:00,CR-01,Crusher,87.73,15.32,0.163,59,Low,0.887,0.418,0.172,0.148,0.137,0.124,Within baseline with monitored trend behaviour.
2025-06-24 00:00:00,CR-01,Crusher,88.76,11.61,0.107,54,Low,0.908,0.431,0.158,0.136,0.144,0.13,Within baseline with monitored trend behaviour.
2025-06-25 00:00:00,CR-01,Crusher,88.99,14.35,0.074,61,Low,0.859,0.415,0.17,0.156,0.138,0.122,Within baseline with monitored trend behaviour.
2025-06-26 00:00:00,CR-01,Crusher,86.82,17.43,0.167,60,Low,0.904,0.429,0.18,0.147,0.137,0.108,Within baseline with monitored trend behaviour.
2025-06-27 00:00:00,CR-01,Crusher,88.2,18.75,0.183,64,Low,0.818,0.426,0.162,0.165,0.133,0.114,Within baseline with monitored trend behaviour.
2025-06-28 00:00:00,CR-01,Crusher,90.37,11.91,0.176,63,Low,0.895,0.417,0.161,0.15,0.139,0.133,Within baseline with monitored trend behaviour.
2025-06-29 00:00:00,CR-01,Crusher,85.94,20.59,0.21,57,Low,0.851,0.416,0.164,0.15,0.136,0.134,Within baseline with monitored trend behaviour.
2025-06-30 00:00:00,CR-01,Crusher,86.57,16.21,0.197,69,Low,0.869,0.435,0.164,0.147,0.135,0.118,Within baseline with monitored trend behaviour.
2025-07-01 00:00:00,CR-01,Crusher,89.21,16.06,0.235,62,Low,0.905,0.417,0.159,0.14,0.149,0.135,Within baseline with monitored trend behaviour.
2025-07-02 00:00:00,CR-01,Crusher,87.86,12.52,0.173,59,Low,0.881,0.427,0.178,0.151,0.129,0.116,Within baseline with monitored trend behaviour.
2025-07-03 00:00:00,CR-01,Crusher,87.87,21.17,0.167,52,Low,0.865,0.411,0.169,0.152,0.142,0.127,Within baseline with monitored trend behaviour.
2025-07-04 00:00:00,CR-01,Crusher,89.17,14.89,0.14,50,Low,0.863,0.409,0.157,0.145,0.143,0.146,Within baseline with monitored trend behaviour.
2025-07-05 00:00:00,CR-01,Crusher,86.16,13.79,0.252,50,Low,0.956,0.41,0.167,0.142,0.148,0.133,Within baseline with monitored trend behaviour.
2025-07-06 00:00:00,CR-01,Crusher,86.49,17.47,0.14,52,Low,0.89,0.416,0.174,0.135,0.148,0.127,Within baseline with monitored trend behaviour.
2025-07-07 00:00:00,CR-01,Crusher,86.19,17.58,0.172,61,Low,0.89,0.432,0.145,0.159,0.139,0.124,Within baseline with monitored trend behaviour.
2025-07-08 00:00:00,CR-01,Crusher,86.56,17.5,0.212,58,Low,0.928,0.433,0.161,0.144,0.135,0.127,Within baseline with monitored trend behaviour.
2025-07-09 00:00:00,CR-01,Crusher,89.16,14.45,0.16,53,Low,0.864,0.427,0.169,0.148,0.137,0.119,Within baseline with monitored trend behaviour.
2025-07-10 00:00:00,CR-01,Crusher,84.19,20.81,0.189,55,Low,0.864,0.408,0.175,0.15,0.141,0.126,Within baseline with monitored trend behaviour.
2025-07-11 00:00:00,CR-01,Crusher,84.9,19.51,0.233,55,Low,0.94,0.428,0.161,0.145,0.141,0.125,Within baseline with monitored trend behaviour.
2025-07-12 00:00:00,CR-01,Crusher,84.52,19.36,0.138,59,Low,0.97,0.419,0.158,0.146,0.15,0.127,Within baseline with monitored trend behaviour.
2025-07-13 00:00:00,CR-01,Crusher,88.84,17.26,0.156,52,Low,0.884,0.422,0.168,0.149,0.143,0.118,Within baseline with monitored trend behaviour.
2025-07-14 00:00:00,CR-01,Crusher,85.51,22.68,0.245,57,Low,0.85,0.418,0.169,0.154,0.14,0.119,Within baseline with monitored trend behaviour.
2025-07-15 00:00:00,CR-01,Crusher,85.87,19.27,0.15,56,Low,0.851,0.412,0.158,0.168,0.142,0.121,Within baseline with monitored trend behaviour.
2025-07-16 00:00:00,CR-01,Crusher,83.71,22.78,0.28,52,Low,0.879,0.411,0.166,0.149,0.145,0.129,Within baseline with monitored trend behaviour.
2025-07-17 00:00:00,CR-01,Crusher,85.76,17.68,0.204,61,Low,0.853,0.412,0.161,0.153,0.133,0.14,Within baseline with monitored trend behaviour.
2025-07-18 00:00:00,CR-01,Crusher,87.47,17.69,0.228,54,Low,0.865,0.425,0.167,0.154,0.123,0.131,Within baseline with monitored trend behaviour.
2025-07-19 00:00:00,CR-01,Crusher,86.38,19.53,0.274,51,Low,0.874,0.414,0.172,0.133,0.155,0.125,Within baseline with monitored trend behaviour.
2025-07-20 00:00:00,CR-01,Crusher,85.7,19.58,0.207,58,Low,0.92,0.411,0.162,0.158,0.142,0.128,Within baseline with monitored trend behaviour.
2025-07-21 00:00:00,CR-01,Crusher,83.26,24.23,0.187,55,Low,0.87,0.429,0.156,0.145,0.144,0.126,Within baseline with monitored trend behaviour.
2025-07-22 00:00:00,CR-01,Crusher,85.14,21.43,0.229,56,Low,0.923,0.432,0.163,0.141,0.134,0.13,Within baseline with monitored trend behaviour.
2025-07-23 00:00:00,CR-01,Crusher,85.79,17.79,0.19,50,Low,0.902,0.428,0.159,0.148,0.142,0.124,Within baseline with monitored trend behaviour.
2025-07-24 00:00:00,CR-01,Crusher,83.86,24.98,0.294,57,Low,0.855,0.433,0.16,0.145,0.145,0.117,Within baseline with monitored trend behaviour.
2025-07-25 00:00:00,CR-01,Crusher,86.39,18.64,0.155,63,Low,0.892,0.435,0.165,0.155,0.138,0.107,Within baseline with monitored trend behaviour.
2025-07-26 00:00:00,CR-01,Crusher,86.65,22.04,0.169,49,Low,0.852,0.42,0.175,0.145,0.14,0.12,Within baseline with monitored trend behaviour.
2025-07-27 00:00:00,CR-01,Crusher,84.29,22.84,0.215,55,Low,0.914,0.426,0.16,0.152,0.144,0.118,Within baseline with monitored trend behaviour.
2025-07-28 00:00:00,CR-01,Crusher,86.19,23.28,0.29,51,Low,0.914,0.42,0.166,0.157,0.152,0.105,Within baseline with monitored trend behaviour.
2025-07-29 00:00:00,CR-01,Crusher,84.75,23.71,0.247,64,Low,0.902,0.418,0.166,0.142,0.144,0.13,Within baseline with monitored trend behaviour.
2025-07-30 00:00:00,CR-01,Crusher,86.65,19.14,0.183,59,Low,0.924,0.416,0.174,0.155,0.13,0.125,Within baseline with monitored trend behaviour.
2025-07-31 00:00:00,CR-01,Crusher,87.96,15.41,0.15,55,Low,0.841,0.429,0.172,0.137,0.141,0.122,Within baseline with monitored trend behaviour.
2025-08-01 00:00:00,CR-01,Crusher,82.85,22.6,0.227,49,Low,0.895,0.425,0.153,0.154,0.137,0.131,Within baseline with monitored trend behaviour.
2025-08-02 00:00:00,CR-01,Crusher,85.73,21.05,0.256,49,Low,0.867,0.432,0.168,0.147,0.145,0.109,Within baseline with monitored trend behaviour.
2025-08-03 00:00:00,CR-01,Crusher,86.48,19.22,0.201,56,Low,0.885,0.429,0.165,0.156,0.134,0.116,Within baseline with monitored trend behaviour.
2025-08-04 00:00:00,CR-01,Crusher,82.73,23.0,0.304,48,Low,0.867,0.427,0.174,0.148,0.145,0.106,Within baseline with monitored trend behaviour.
2025-08-05 00:00:00,CR-01,Crusher,83.25,25.11,0.252,48,Low,0.931,0.43,0.154,0.154,0.142,0.12,Within baseline with monitored trend behaviour.
2025-08-06 00:00:00,CR-01,Crusher,83.13,23.7,0.235,53,Low,0.802,0.41,0.171,0.146,0.146,0.127,Within baseline with monitored trend behaviour.
2025-08-07 00:00:00,CR-01,Crusher,83.75,24.43,0.28,53,Low,0.835,0.404,0.154,0.164,0.145,0.133,Within baseline with monitored trend behaviour.
2025-08-08 00:00:00,CR-01,Crusher,83.28,21.45,0.216,54,Low,0.854,0.42,0.157,0.16,0.143,0.121,Within baseline with monitored trend behaviour.
2025-08-09 00:00:00,CR-01,Crusher,83.43,25.2,0.354,51,Low,0.878,0.426,0.167,0.145,0.133,0.129,Within baseline with monitored trend behaviour.
2025-08-10 00:00:00,CR-01,Crusher,84.98,22.03,0.196,56,Low,0.845,0.414,0.165,0.153,0.139,0.128,Within baseline with monitored trend behaviour.
2025-08-11 00:00:00,CR-01,Crusher,80.5,29.7,0.286,49,Low,0.865,0.434,0.158,0.153,0.139,0.116,Within baseline with monitored trend behaviour.
2025-08-12 00:00:00,CR-01,Crusher,81.87,27.34,0.205,55,Low,0.887,0.437,0.157,0.141,0.133,0.132,Within baseline with monitored trend behaviour.
2025-08-13 00:00:00,CR-01,Crusher,84.39,21.69,0.269,53,Low,0.825,0.428,0.166,0.148,0.141,0.117,Within baseline with monitored trend behaviour.
2025-08-14 00:00:00,CR-01,Crusher,84.09,21.94,0.295,55,Low,0.886,0.42,0.158,0.15,0.14,0.132,Within baseline with monitored trend behaviour.
2025-08-15 00:00:00,CR-01,Crusher,81.41,29.6,0.311,57,Low,0.841,0.436,0.164,0.137,0.141,0.122,Within baseline with monitored trend behaviour.
2025-08-16 00:00:00,CR-01,Crusher,83.89,21.98,0.279,50,Low,0.918,0.43,0.162,0.151,0.131,0.125,Within baseline with monitored trend behaviour.
2025-08-17 00:00:00,CR-01,Crusher,85.01,22.49,0.168,49,Low,0.891,0.446,0.156,0.153,0.13,0.115,Within baseline with monitored trend behaviour.
2025-08-18 00:00:00,CR-01,Crusher,82.7,23.46,0.268,45,Low,0.877,0.416,0.167,0.144,0.146,0.127,Within baseline with monitored trend behaviour.
2025-08-19 00:00:00,CR-01,Crusher,81.05,22.8,0.252,44,Low,0.851,0.423,0.16,0.156,0.141,0.12,Within baseline with monitored trend behaviour.
2025-08-20 00:00:00,CR-01,Crusher,83.96,20.0,0.28,51,Low,0.902,0.419,0.167,0.148,0.146,0.121,Within baseline with monitored trend behaviour.
2025-08-21 00:00:00,CR-01,Crusher,85.21,21.52,0.242,51,Low,0.879,0.417,0.168,0.151,0.128,0.136,Within baseline with monitored trend behaviour.
2025-08-22 00:00:00,CR-01,Crusher,80.92,28.11,0.307,47,Low,0.886,0.421,0.16,0.153,0.139,0.127,Within baseline with monitored trend behaviour.
2025-08-23 00:00:00,CR-01,Crusher,82.29,25.61,0.245,48,Low,0.822,0.428,0.167,0.152,0.141,0.111,Within baseline with monitored trend behaviour.
2025-08-24 00:00:00,CR-01,Crusher,83.87,24.88,0.289,57,Low,0.863,0.422,0.176,0.15,0.13,0.122,Within baseline with monitored trend behaviour.
2025-08-25 00:00:00,CR-01,Crusher,82.2,25.71,0.205,55,Low,0.895,0.415,0.168,0.15,0.147,0.12,Within baseline with monitored trend behaviour.
2025-08-26 00:00:00,CR-01,Crusher,79.11,27.7,0.263,46,Low,0.892,0.43,0.164,0.132,0.137,0.138,Within baseline with monitored trend behaviour.
2025-08-27 00:00:00,CR-01,Crusher,82.5,25.68,0.248,49,Low,0.822,0.423,0.16,0.144,0.141,0.131,Within baseline with monitored trend behaviour.
2025-08-28 00:00:00,CR-01,Crusher,80.12,28.17,0.206,52,Low,0.932,0.424,0.172,0.153,0.128,0.123,Within baseline with monitored trend behaviour.
2025-08-29 00:00:00,CR-01,Crusher,79.54,27.49,0.301,48,Low,0.85,0.42,0.157,0.146,0.15,0.127,Within baseline with monitored trend behaviour.
2025-08-30 00:00:00,CR-01,Crusher,78.7,30.76,0.247,47,Medium,0.844,0.425,0.162,0.138,0.148,0.127,Watch: main bearing vibration and motor current sustained above upper control limit; continue monitoring trend.
2025-08-31 00:00:00,CR-01,Crusher,83.26,23.59,0.282,49,Low,0.868,0.42,0.143,0.145,0.155,0.137,Within baseline with monitored trend behaviour.
2025-09-01 00:00:00,CR-01,Crusher,79.91,26.92,0.23,55,Low,0.912,0.434,0.166,0.143,0.139,0.117,Within baseline with monitored trend behaviour.
2025-09-02 00:00:00,CR-01,Crusher,81.67,25.31,0.251,55,Low,0.876,0.429,0.171,0.15,0.129,0.121,Within baseline with monitored trend behaviour.
2025-09-03 00:00:00,CR-01,Crusher,81.95,28.09,0.314,47,Low,0.889,0.42,0.171,0.153,0.137,0.12,Within baseline with monitored trend behaviour.
2025-09-04 00:00:00,CR-01,Crusher,81.17,29.12,0.379,52,Low,0.841,0.425,0.163,0.143,0.139,0.13,Within baseline with monitored trend behaviour.
2025-09-05 00:00:00,CR-01,Crusher,81.28,26.59,0.246,50,Low,0.894,0.42,0.184,0.142,0.136,0.118,Within baseline with monitored trend behaviour.
2025-09-06 00:00:00,CR-01,Crusher,81.3,26.29,0.237,46,Low,0.851,0.433,0.168,0.14,0.142,0.117,Within baseline with monitored trend behaviour.
2025-09-07 00:00:00,CR-01,Crusher,80.8,24.01,0.285,49,Low,0.903,0.432,0.157,0.145,0.145,0.121,Within baseline with monitored trend behaviour.
2025-09-08 00:00:00,CR-01,Crusher,79.26,32.48,0.335,45,Medium,0.806,0.431,0.167,0.136,0.146,0.119,Watch: main bearing vibration and motor current sustained above upper control limit; continue monitoring trend.
2025-09-09 00:00:00,CR-01,Crusher,79.0,31.47,0.34,54,Medium,0.862,0.416,0.164,0.155,0.138,0.127,Watch: main bearing vibration and motor current sustained above upper control limit; continue monitoring trend.
2025-09-10 00:00:00,CR-01,Crusher,80.08,29.39,0.31,56,Low,0.778,0.428,0.155,0.156,0.137,0.124,Within baseline with monitored trend behaviour.
2025-09-11 00:00:00,CR-01,Crusher,79.94,23.54,0.234,48,Low,0.916,0.438,0.158,0.155,0.136,0.113,Within baseline with monitored trend behaviour.
2025-09-12 00:00:00,CR-01,Crusher,80.72,27.08,0.263,47,Low,0.798,0.432,0.17,0.151,0.129,0.118,Within baseline with monitored trend behaviour.
2025-09-13 00:00:00,CR-01,Crusher,81.68,25.39,0.322,53,Low,0.893,0.399,0.171,0.152,0.15,0.127,Within baseline with monitored trend behaviour.
2025-09-14 00:00:00,CR-01,Crusher,80.36,28.87,0.237,54,Low,0.882,0.426,0.158,0.158,0.138,0.121,Within baseline with monitored trend behaviour.
2025-09-15 00:00:00,CR-01,Crusher,78.4,29.34,0.237,44,Low,0.879,0.424,0.178,0.135,0.145,0.119,Within baseline with monitored trend behaviour.
2025-09-16 00:00:00,CR-01,Crusher,76.09,33.0,0.294,48,Medium,0.822,0.429,0.175,0.139,0.131,0.126,Watch: main bearing vibration and motor current sustained above upper control limit; continue monitoring trend.
2025-09-17 00:00:00,CR-01,Crusher,78.24,31.7,0.387,48,Medium,0.946,0.42,0.172,0.151,0.142,0.116,Watch: main bearing vibration and motor current sustained above upper control limit; continue monitoring trend.
2025-09-18 00:00:00,CR-01,Crusher,77.21,30.36,0.387,45,Medium,0.928,0.43,0.175,0.152,0.131,0.112,Watch: main bearing vibration and motor current sustained above upper control limit; continue monitoring trend.
2025-09-19 00:00:00,CR-01,Crusher,78.08,29.54,0.333,50,Low,0.969,0.426,0.156,0.131,0.152,0.135,Within baseline with monitored trend behaviour.
2025-09-20 00:00:00,CR-01,Crusher,79.52,29.05,0.218,46,Low,0.878,0.427,0.167,0.133,0.15,0.123,Within baseline with monitored trend behaviour.
2025-09-21 00:00:00,CR-01,Crusher,79.16,31.85,0.347,46,Medium,0.913,0.424,0.167,0.154,0.14,0.114,Watch: main bearing vibration and motor current sustained above upper control limit; continue monitoring trend.
2025-09-22 00:00:00,CR-01,Crusher,81.89,26.98,0.268,48,Low,0.791,0.421,0.161,0.158,0.136,0.124,Within baseline with monitored trend behaviour.
2025-09-23 00:00:00,CR-01,Crusher,79.57,30.75,0.271,42,Medium,0.905,0.424,0.172,0.149,0.148,0.108,Watch: main bearing vibration and motor current sustained above upper control limit; continue monitoring trend.
2025-09-24 00:00:00,CR-01,Crusher,81.74,25.69,0.317,40,Low,0.918,0.414,0.173,0.145,0.142,0.126,Within baseline with monitored trend behaviour.
2025-09-25 00:00:00,CR-01,Crusher,79.72,31.38,0.372,52,Medium,0.857,0.422,0.164,0.146,0.148,0.12,Watch: main bearing vibration and motor current sustained above upper control limit; continue monitoring trend.
2025-09-26 00:00:00,CR-01,Crusher,80.2,24.24,0.218,45,Low,0.906,0.411,0.167,0.155,0.147,0.12,Within baseline with monitored trend behaviour.
2025-09-27 00:00:00,CR-01,Crusher,77.78,35.16,0.394,56,Medium,0.871,0.423,0.167,0.155,0.142,0.113,Watch: main bearing vibration and motor current sustained above upper control limit; continue monitoring trend.
2025-09-28 00:00:00,CR-01,Crusher,76.52,37.18,0.35,55,Medium,0.846,0.421,0.168,0.148,0.139,0.125,Watch: main bearing vibration and motor current sustained above upper control limit; continue monitoring trend.
2025-09-29 00:00:00,CR-01,Crusher,77.41,32.54,0.331,45,Medium,0.85,0.412,0.173,0.143,0.138,0.134,Watch: main bearing vibration and motor current sustained above upper control limit; continue monitoring trend.
2025-09-30 00:00:00,CR-01,Crusher,77.99,32.47,0.272,57,Medium,0.922,0.43,0.155,0.15,0.146,0.119,Watch: main bearing vibration and motor current sustained above upper control limit; continue monitoring trend.
2025-10-01 00:00:00,CR-01,Crusher,76.9,32.27,0.294,51,Medium,0.82,0.417,0.164,0.154,0.144,0.121,Watch: main bearing vibration and motor current sustained above upper control limit; continue monitoring trend.
2025-10-02 00:00:00,CR-01,Crusher,76.19,32.92,0.274,45,Medium,0.882,0.434,0.159,0.128,0.152,0.127,Watch: main bearing vibration and motor current sustained above upper control limit; continue monitoring trend.
2025-10-03 00:00:00,CR-01,Crusher,78.34,29.1,0.275,37,Low,0.871,0.416,0.17,0.164,0.135,0.115,Within baseline with monitored trend behaviour.
2025-10-04 00:00:00,CR-01,Crusher,75.95,33.57,0.268,50,Medium,0.921,0.41,0.163,0.158,0.141,0.127,Watch: main bearing vibration and motor current sustained above upper control limit; continue monitoring trend.
2025-10-05 00:00:00,CR-01,Crusher,74.99,36.12,0.471,47,Medium,0.91,0.424,0.157,0.148,0.14,0.131,Watch: main bearing vibration and motor current sustained above upper control limit; continue monitoring trend.
2025-10-06 00:00:00,CR-01,Crusher,75.54,35.09,0.329,48,Medium,0.778,0.415,0.155,0.161,0.133,0.135,Watch: main bearing vibration and motor current sustained above upper control limit; continue monitoring trend.
2025-10-07 00:00:00,CR-01,Crusher,76.85,36.39,0.379,46,Medium,0.94,0.421,0.159,0.152,0.136,0.131,Watch: main bearing vibration and motor current sustained above upper control limit; continue monitoring trend.
2025-10-08 00:00:00,CR-01,Crusher,75.52,34.47,0.368,42,Medium,0.942,0.44,0.16,0.14,0.138,0.122,Watch: main bearing vibration and motor current sustained above upper control limit; continue monitoring trend.
2025-10-09 00:00:00,CR-01,Crusher,76.63,29.74,0.236,45,Low,0.879,0.425,0.171,0.138,0.14,0.126,Within baseline with monitored trend behaviour.
2025-10-10 00:00:00,CR-01,Crusher,77.84,34.31,0.365,49,Medium,0.905,0.42,0.174,0.158,0.14,0.108,Watch: main bearing vibration and motor current sustained above upper control limit; continue monitoring trend.
2025-10-11 00:00:00,CR-01,Crusher,77.68,28.8,0.261,45,Low,0.97,0.419,0.174,0.138,0.152,0.118,Within baseline with monitored trend behaviour.
2025-10-12 00:00:00,CR-01,Crusher,75.59,33.05,0.341,45,Medium,0.896,0.425,0.172,0.137,0.141,0.125,Watch: main bearing vibration and motor current sustained above upper control limit; continue monitoring trend.
2025-10-13 00:00:00,CR-01,Crusher,74.45,36.31,0.362,40,Medium,0.896,0.422,0.164,0.158,0.135,0.121,Watch: main bearing vibration and motor current sustained above upper control limit; continue monitoring trend.
2025-10-14 00:00:00,CR-01,Crusher,75.5,35.13,0.341,46,Medium,0.859,0.421,0.163,0.148,0.128,0.139,Watch: main bearing vibration and motor current sustained above upper control limit; continue monitoring trend.
2025-10-15 00:00:00,CR-01,Crusher,77.36,28.81,0.258,41,Low,0.881,0.419,0.168,0.14,0.138,0.135,Within baseline with monitored trend behaviour.
2025-10-16 00:00:00,CR-01,Crusher,77.62,29.84,0.351,49,Low,0.893,0.429,0.16,0.156,0.137,0.119,Within baseline with monitored trend behaviour.
2025-10-17 00:00:00,CR-01,Crusher,76.64,29.74,0.357,43,Low,0.893,0.434,0.16,0.137,0.138,0.13,Within baseline with monitored trend behaviour.
2025-10-18 00:00:00,CR-01,Crusher,77.89,32.2,0.348,44,Medium,0.927,0.419,0.169,0.143,0.132,0.136,Watch: main bearing vibration and motor current sustained above upper control limit; continue monitoring trend.
2025-10-19 00:00:00,CR-01,Crusher,78.62,32.3,0.339,54,Medium,0.888,0.414,0.169,0.137,0.152,0.129,Watch: main bearing vibration and motor current sustained above upper control limit; continue monitoring trend.
2025-10-20 00:00:00,CR-01,Crusher,74.96,32.61,0.29,44,Medium,0.904,0.406,0.171,0.149,0.142,0.132,Watch: main bearing vibration and motor current sustained above upper control limit; continue monitoring trend.
2025-10-21 00:00:00,CR-01,Crusher,78.0,32.79,0.348,43,Medium,0.827,0.418,0.177,0.144,0.139,0.122,Watch: main bearing vibration and motor current sustained above upper control limit; continue monitoring trend.
2025-10-22 00:00:00,CR-01,Crusher,75.09,36.74,0.352,47,Medium,0.955,0.424,0.159,0.142,0.142,0.133,Watch: main bearing vibration and motor current sustained above upper control limit; continue monitoring trend.
2025-10-23 00:00:00,CR-01,Crusher,77.02,30.85,0.238,38,Medium,0.969,0.419,0.175,0.136,0.152,0.119,Watch: main bearing vibration and motor current sustained above upper control limit; continue monitoring trend.
2025-10-24 00:00:00,CR-01,Crusher,76.41,29.06,0.271,50,Low,0.846,0.415,0.174,0.139,0.131,0.142,Within baseline with monitored trend behaviour.
2025-10-25 00:00:00,CR-01,Crusher,72.0,37.06,0.365,49,Medium,0.859,0.42,0.153,0.147,0.155,0.125,Watch: main bearing vibration and motor current sustained above upper control limit; continue monitoring trend.
2025-10-26 00:00:00,CR-01,Crusher,73.5,35.91,0.398,47,Medium,0.855,0.417,0.163,0.148,0.143,0.13,Watch: main bearing vibration and motor current sustained above upper control limit; continue monitoring trend.
2025-10-27 00:00:00,CR-01,Crusher,72.98,40.92,0.418,31,Medium,0.901,0.434,0.153,0.152,0.136,0.124,Watch: main bearing vibration and motor current sustained above upper control limit; continue monitoring trend.
2025-10-28 00:00:00,CR-01,Crusher,71.96,39.01,0.385,43,Medium,0.891,0.434,0.163,0.152,0.142,0.109,Watch: main bearing vibration and motor current sustained above upper control limit; continue monitoring trend.
2025-10-29 00:00:00,CR-01,Crusher,76.11,31.44,0.31,39,Medium,0.906,0.434,0.171,0.143,0.135,0.117,Watch: main bearing vibration and motor current sustained above upper control limit; continue monitoring trend.
2025-10-30 00:00:00,CR-01,Crusher,77.89,31.24,0.351,49,Medium,0.889,0.424,0.153,0.154,0.145,0.124,Watch: main bearing vibration and motor current sustained above upper control limit; continue monitoring trend.
2025-10-31 00:00:00,CR-01,Crusher,74.06,33.73,0.298,48,Medium,0.865,0.419,0.179,0.137,0.141,0.125,Watch: main bearing vibration and motor current sustained above upper control limit; continue monitoring trend.
2025-11-01 00:00:00,CR-01,Crusher,75.72,35.02,0.356,46,Medium,0.937,0.433,0.16,0.147,0.135,0.125,Watch: main bearing vibration and motor current sustained above upper control limit; continue monitoring trend.
2025-11-02 00:00:00,CR-01,Crusher,76.61,30.79,0.354,39,Medium,0.862,0.433,0.157,0.148,0.142,0.12,Watch: main bearing vibration and motor current sustained above upper control limit; continue monitoring trend.
2025-11-03 00:00:00,CR-01,Crusher,74.45,34.1,0.346,50,Medium,0.846,0.439,0.153,0.154,0.127,0.128,Watch: main bearing vibration and motor current sustained above upper control limit; continue monitoring trend.
2025-11-04 00:00:00,CR-01,Crusher,73.97,37.2,0.365,43,Medium,0.898,0.412,0.175,0.143,0.146,0.125,Watch: main bearing vibration and motor current sustained above upper control limit; continue monitoring trend.
2025-11-05 00:00:00,CR-01,Crusher,73.5,40.61,0.399,51,Medium,0.858,0.419,0.176,0.154,0.133,0.118,Watch: main bearing vibration and motor current sustained above upper control limit; continue monitoring trend.
2025-11-06 00:00:00,CR-01,Crusher,74.63,39.91,0.324,45,Medium,0.83,0.417,0.164,0.154,0.139,0.126,Watch: main bearing vibration and motor current sustained above upper control limit; continue monitoring trend.
2025-11-07 00:00:00,CR-01,Crusher,75.06,32.84,0.336,46,Medium,0.827,0.425,0.17,0.163,0.13,0.113,Watch: main bearing vibration and motor current sustained above upper control limit; continue monitoring trend.
2025-11-08 00:00:00,CR-01,Crusher,74.28,34.82,0.299,42,Medium,0.889,0.441,0.156,0.147,0.129,0.127,Watch: main bearing vibration and motor current sustained above upper control limit; continue monitoring trend.
2025-11-09 00:00:00,CR-01,Crusher,74.11,37.28,0.377,49,Medium,0.882,0.427,0.164,0.139,0.145,0.124,Watch: main bearing vibration and motor current sustained above upper control limit; continue monitoring trend.
2025-11-10 00:00:00,CR-01,Crusher,73.23,39.82,0.375,46,Medium,0.91,0.422,0.171,0.158,0.135,0.114,Watch: main bearing vibration and motor current sustained above upper control limit; continue monitoring trend.
2025-11-11 00:00:00,CR-01,Crusher,70.64,36.77,0.447,49,Medium,0.926,0.421,0.162,0.147,0.137,0.134,Watch: main bearing vibration and motor current sustained above upper control limit; continue monitoring trend.
2025-11-12 00:00:00,CR-01,Crusher,74.51,35.86,0.346,44,Medium,0.887,0.429,0.157,0.16,0.129,0.125,Watch: main bearing vibration and motor current sustained above upper control limit; continue monitoring trend.
2025-11-13 00:00:00,CR-01,Crusher,70.9,39.76,0.31,43,Medium,0.926,0.422,0.164,0.158,0.129,0.127,Watch: main bearing vibration and motor current sustained above upper control limit; continue monitoring trend.
2025-11-14 00:00:00,CR-01,Crusher,73.83,32.79,0.325,45,Medium,0.842,0.424,0.157,0.145,0.144,0.129,Watch: main bearing vibration and motor current sustained above upper control limit; continue monitoring trend.
2025-11-15 00:00:00,CR-01,Crusher,73.93,33.82,0.282,48,Medium,0.886,0.399,0.17,0.151,0.146,0.134,Watch: main bearing vibration and motor current sustained above upper control limit; continue monitoring trend.
2025-11-16 00:00:00,CR-01,Crusher,70.78,39.77,0.414,47,Medium,0.919,0.408,0.176,0.147,0.154,0.116,Watch: main bearing vibration and motor current sustained above upper control limit; continue monitoring trend.
2025-11-17 00:00:00,CR-01,Crusher,71.52,39.99,0.436,43,Medium,0.854,0.418,0.179,0.137,0.142,0.124,Watch: main bearing vibration and motor current sustained above upper control limit; continue monitoring trend.
2025-11-18 00:00:00,CR-01,Crusher,75.77,35.94,0.321,35,Medium,0.876,0.429,0.161,0.148,0.143,0.118,Watch: main bearing vibration and motor current sustained above upper control limit; continue monitoring trend.
2025-11-19 00:00:00,CR-01,Crusher,72.13,39.73,0.41,46,Medium,0.896,0.427,0.157,0.149,0.131,0.137,Watch: main bearing vibration and motor current sustained above upper control limit; continue monitoring trend.
2025-11-20 00:00:00,CR-01,Crusher,70.19,43.64,0.446,36,Medium,0.874,0.404,0.177,0.148,0.13,0.141,Watch: main bearing vibration and motor current sustained above upper control limit; continue monitoring trend.
2025-11-21 00:00:00,CR-01,Crusher,73.3,37.43,0.332,42,Medium,0.852,0.405,0.173,0.149,0.15,0.123,Watch: main bearing vibration and motor current sustained above upper control limit; continue monitoring trend.
2025-11-22 00:00:00,CR-01,Crusher,70.67,39.66,0.377,42,Medium,0.873,0.431,0.165,0.149,0.132,0.122,Watch: main bearing vibration and motor current sustained above upper control limit; continue monitoring trend.
2025-11-23 00:00:00,CR-01,Crusher,68.71,43.44,0.49,36,Medium,0.901,0.44,0.145,0.146,0.145,0.124,Watch: main bearing vibration and motor current sustained above upper control limit; continue monitoring trend.
2025-11-24 00:00:00,CR-01,Crusher,72.5,39.89,0.392,43,Medium,0.81,0.415,0.163,0.151,0.147,0.123,Watch: main bearing vibration and motor current sustained above upper control limit; continue monitoring trend.
2025-11-25 00:00:00,CR-01,Crusher,70.08,43.95,0.426,50,Medium,0.859,0.432,0.172,0.139,0.142,0.115,Watch: main bearing vibration and motor current sustained above upper control limit; continue monitoring trend.
2025-11-26 00:00:00,CR-01,Crusher,71.95,38.98,0.396,40,Medium,0.907,0.418,0.162,0.147,0.14,0.132,Watch: main bearing vibration and motor current sustained above upper control limit; continue monitoring trend.
2025-11-27 00:00:00,CR-01,Crusher,70.01,40.12,0.389,45,Medium,0.827,0.425,0.163,0.148,0.138,0.125,Watch: main bearing vibration and motor current sustained above upper control limit; continue monitoring trend.
2025-11-28 00:00:00,CR-01,Crusher,72.33,39.41,0.388,51,Medium,0.824,0.425,0.176,0.149,0.14,0.11,Watch: main bearing vibration and motor current sustained above upper control limit; continue monitoring trend.
2025-11-29 00:00:00,CR-01,Crusher,71.37,41.04,0.429,45,Medium,0.926,0.421,0.165,0.148,0.139,0.127,Watch: main bearing vibration and motor current sustained above upper control limit; continue monitoring trend.
2025-11-30 00:00:00,CR-01,Crusher,66.82,48.92,0.496,39,Medium,0.905,0.426,0.178,0.134,0.141,0.121,Watch: main bearing vibration and motor current sustained above upper control limit; continue monitoring trend.
2025-12-01 00:00:00,CR-01,Crusher,71.45,38.61,0.493,42,Medium,0.799,0.415,0.165,0.144,0.143,0.133,Watch: main bearing vibration and motor current sustained above upper control limit; continue monitoring trend.
2025-12-02 00:00:00,CR-01,Crusher,70.26,40.3,0.469,43,Medium,0.85,0.413,0.176,0.154,0.143,0.115,Watch: main bearing vibration and motor current sustained above upper control limit; continue monitoring trend.
2025-12-03 00:00:00,CR-01,Crusher,72.87,39.49,0.397,47,Medium,0.896,0.421,0.163,0.138,0.135,0.143,Watch: main bearing vibration and motor current sustained above upper control limit; continue monitoring trend.
2025-12-04 00:00:00,CR-01,Crusher,71.12,39.62,0.408,46,Medium,0.763,0.402,0.175,0.141,0.152,0.129,Watch: main bearing vibration and motor current sustained above upper control limit; continue monitoring trend.
2025-12-05 00:00:00,CR-01,Crusher,71.58,38.89,0.345,30,Medium,0.873,0.406,0.165,0.152,0.145,0.132,Watch: main bearing vibration and motor current sustained above upper control limit; continue monitoring trend.
2025-12-06 00:00:00,CR-01,Crusher,69.11,45.75,0.433,37,Medium,0.94,0.421,0.166,0.136,0.141,0.137,Watch: main bearing vibration and motor current sustained above upper control limit; continue monitoring trend.
2025-12-07 00:00:00,CR-01,Crusher,68.87,40.85,0.408,40,Medium,0.863,0.423,0.17,0.138,0.15,0.119,Watch: main bearing vibration and motor current sustained above upper control limit; continue monitoring trend.
2025-12-08 00:00:00,CR-01,Crusher,69.97,46.15,0.503,36,Medium,0.88,0.425,0.16,0.151,0.136,0.126,Watch: main bearing vibration and motor current sustained above upper control limit; continue monitoring trend.
2025-12-09 00:00:00,CR-01,Crusher,69.32,41.73,0.432,25,Medium,0.851,0.427,0.157,0.153,0.138,0.126,Watch: main bearing vibration and motor current sustained above upper control limit; continue monitoring trend.
2025-12-10 00:00:00,CR-01,Crusher,71.91,41.05,0.421,37,Medium,0.841,0.423,0.164,0.134,0.143,0.136,Watch: main bearing vibration and motor current sustained above upper control limit; continue monitoring trend.
2025-12-11 00:00:00,CR-01,Crusher,69.41,42.61,0.412,40,Medium,0.862,0.411,0.175,0.142,0.147,0.125,Watch: main bearing vibration and motor current sustained above upper control limit; continue monitoring trend.
2025-12-12 00:00:00,CR-01,Crusher,67.58,45.94,0.41,38,Medium,0.919,0.422,0.174,0.152,0.132,0.12,Watch: main bearing vibration and motor current sustained above upper control limit; continue monitoring trend.
2025-12-13 00:00:00,CR-01,Crusher,68.09,44.15,0.414,36,Medium,0.893,0.419,0.164,0.161,0.132,0.124,Watch: main bearing vibration and motor current sustained above upper control limit; continue monitoring trend.
2025-12-14 00:00:00,CR-01,Crusher,70.84,42.54,0.404,40,Medium,0.951,0.43,0.162,0.155,0.137,0.116,Watch: main bearing vibration and motor current sustained above upper control limit; continue monitoring trend.
2025-12-15 00:00:00,CR-01,Crusher,68.91,42.83,0.452,41,Medium,0.831,0.426,0.168,0.142,0.15,0.114,Watch: main bearing vibration and motor current sustained above upper control limit; continue monitoring trend.
2025-12-16 00:00:00,CR-01,Crusher,68.7,42.67,0.489,38,Medium,0.916,0.431,0.165,0.145,0.131,0.128,Watch: main bearing vibration and motor current sustained above upper control limit; continue monitoring trend.
2025-12-17 00:00:00,CR-01,Crusher,70.63,44.74,0.413,45,Medium,0.885,0.427,0.151,0.158,0.143,0.12,Watch: main bearing vibration and motor current sustained above upper control limit; continue monitoring trend.
2025-12-18 00:00:00,CR-01,Crusher,67.36,45.76,0.464,40,Medium,0.892,0.412,0.169,0.146,0.146,0.127,Watch: main bearing vibration and motor current sustained above upper control limit; continue monitoring trend.
2025-12-19 00:00:00,CR-01,Crusher,65.12,47.48,0.545,36,Medium,0.875,0.429,0.173,0.139,0.149,0.11,Watch: main bearing vibration and motor current sustained above upper control limit; continue monitoring trend.
2025-12-20 00:00:00,CR-01,Crusher,67.21,42.92,0.422,35,Medium,0.951,0.435,0.167,0.147,0.137,0.115,Watch: main bearing vibration and motor current sustained above upper control limit; continue monitoring trend.
2025-12-21 00:00:00,CR-01,Crusher,68.85,47.35,0.508,38,Medium,0.907,0.421,0.159,0.138,0.157,0.125,Watch: main bearing vibration and motor current sustained above upper control limit; continue monitoring trend.
2025-12-22 00:00:00,CR-01,Crusher,67.94,43.78,0.385,43,Medium,0.881,0.418,0.166,0.146,0.139,0.131,Watch: main bearing vibration and motor current sustained above upper control limit; continue monitoring trend.
2025-12-23 00:00:00,CR-01,Crusher,65.72,52.11,0.603,36,High,0.872,0.423,0.178,0.155,0.124,0.121,Elevated: main bearing vibration and motor current sustained above upper control limit; schedule condition-based intervention.
2025-12-24 00:00:00,CR-01,Crusher,69.73,43.18,0.406,41,Medium,0.92,0.436,0.166,0.143,0.132,0.124,Watch: main bearing vibration and motor current sustained above upper control limit; continue monitoring trend.
2025-12-25 00:00:00,CR-01,Crusher,68.24,44.75,0.416,39,Medium,0.85,0.437,0.154,0.15,0.137,0.123,Watch: main bearing vibration and motor current sustained above upper control limit; continue monitoring trend.
2025-12-26 00:00:00,CR-01,Crusher,68.48,44.47,0.517,47,Medium,0.946,0.412,0.169,0.146,0.147,0.125,Watch: main bearing vibration and motor current sustained above upper control limit; continue monitoring trend.
2025-12-27 00:00:00,CR-01,Crusher,68.41,48.66,0.524,40,Medium,0.904,0.42,0.176,0.137,0.146,0.121,Watch: main bearing vibration and motor current sustained above upper control limit; continue monitoring trend.
2025-12-28 00:00:00,CR-01,Crusher,65.54,43.86,0.406,36,Medium,0.882,0.422,0.166,0.145,0.15,0.117,Watch: main bearing vibration and motor current sustained above upper control limit; continue monitoring trend.
2025-12-29 00:00:00,CR-01,Crusher,67.98,45.25,0.471,41,Medium,0.931,0.425,0.161,0.156,0.137,0.121,Watch: main bearing vibration and motor current sustained above upper control limit; continue monitoring trend.
2025-12-30 00:00:00,CR-01,Crusher,68.83,43.11,0.454,41,Medium,0.869,0.409,0.17,0.151,0.154,0.117,Watch: main bearing vibration and motor current sustained above upper control limit; continue monitoring trend.
2025-12-31 00:00:00,CR-01,Crusher,69.08,42.86,0.381,36,Medium,0.851,0.427,0.163,0.153,0.142,0.115,Watch: main bearing vibration and motor current sustained above upper control limit; continue monitoring trend.
2026-01-01 00:00:00,CR-01,Crusher,68.29,44.69,0.403,33,Medium,0.924,0.435,0.161,0.152,0.135,0.117,Watch: main bearing vibration and motor current sustained above upper control limit; continue monitoring trend.
2026-01-02 00:00:00,CR-01,Crusher,67.84,44.5,0.483,40,Medium,0.8,0.419,0.155,0.148,0.142,0.136,Watch: main bearing vibration and motor current sustained above upper control limit; continue monitoring trend.
2026-01-03 00:00:00,CR-01,Crusher,64.11,50.62,0.533,38,High,0.865,0.411,0.154,0.157,0.146,0.132,Elevated: main bearing vibration and motor current sustained above upper control limit; schedule condition-based intervention.
2026-01-04 00:00:00,CR-01,Crusher,66.75,46.5,0.42,32,Medium,0.865,0.424,0.17,0.145,0.144,0.116,Watch: main bearing vibration and motor current sustained above upper control limit; continue monitoring trend.
2026-01-05 00:00:00,CR-01,Crusher,65.12,46.2,0.458,39,Medium,0.928,0.432,0.166,0.139,0.144,0.118,Watch: main bearing vibration and motor current sustained above upper control limit; continue monitoring trend.
2026-01-06 00:00:00,CR-01,Crusher,68.58,44.75,0.477,35,Medium,0.9,0.413,0.163,0.156,0.133,0.134,Watch: main bearing vibration and motor current sustained above upper control limit; continue monitoring trend.
2026-01-07 00:00:00,CR-01,Crusher,68.22,45.93,0.466,31,Medium,0.843,0.44,0.151,0.151,0.142,0.117,Watch: main bearing vibration and motor current sustained above upper control limit; continue monitoring trend.
2026-01-08 00:00:00,CR-01,Crusher,64.77,48.24,0.47,36,Medium,0.937,0.415,0.163,0.148,0.151,0.123,Watch: main bearing vibration and motor current sustained above upper control limit; continue monitoring trend.
2026-01-09 00:00:00,CR-01,Crusher,66.09,51.2,0.482,42,High,0.891,0.429,0.162,0.15,0.147,0.112,Elevated: main bearing vibration and motor current sustained above upper control limit; schedule condition-based intervention.
2026-01-10 00:00:00,CR-01,Crusher,66.44,49.65,0.517,42,Medium,0.928,0.43,0.16,0.138,0.146,0.126,Watch: main bearing vibration and motor current sustained above upper control limit; continue monitoring trend.
2026-01-11 00:00:00,CR-01,Crusher,67.37,47.37,0.471,41,Medium,0.816,0.433,0.15,0.152,0.15,0.115,Watch: main bearing vibration and motor current sustained above upper control limit; continue monitoring trend.
2026-01-12 00:00:00,CR-01,Crusher,63.12,53.29,0.529,38,High,0.858,0.425,0.173,0.145,0.142,0.115,Elevated: main bearing vibration and motor current sustained above upper control limit; schedule condition-based intervention.
2026-01-13 00:00:00,CR-01,Crusher,62.15,53.05,0.535,39,High,0.765,0.413,0.161,0.147,0.14,0.139,Elevated: main bearing vibration and motor current sustained above upper control limit; schedule condition-based intervention.
2026-01-14 00:00:00,CR-01,Crusher,65.62,50.41,0.54,37,High,0.912,0.428,0.16,0.142,0.144,0.126,Elevated: main bearing vibration and motor current sustained above upper control limit; schedule condition-based intervention.
2026-01-15 00:00:00,CR-01,Crusher,61.39,57.2,0.493,32,High,0.919,0.43,0.16,0.14,0.137,0.132,Elevated: main bearing vibration and motor current sustained above upper control limit; schedule condition-based intervention.
2026-01-16 00:00:00,CR-01,Crusher,65.57,49.82,0.478,33,Medium,0.82,0.418,0.167,0.149,0.146,0.121,Watch: main bearing vibration and motor current sustained above upper control limit; continue monitoring trend.
2026-01-17 00:00:00,CR-01,Crusher,66.14,46.26,0.476,34,Medium,0.856,0.429,0.179,0.134,0.133,0.125,Watch: main bearing vibration and motor current sustained above upper control limit; continue monitoring trend.
2026-01-18 00:00:00,CR-01,Crusher,67.05,46.05,0.468,42,Medium,0.905,0.415,0.16,0.152,0.143,0.131,Watch: main bearing vibration and motor current sustained above upper control limit; continue monitoring trend.
2026-01-19 00:00:00,CR-01,Crusher,63.95,51.61,0.595,40,High,0.855,0.409,0.169,0.153,0.135,0.133,Elevated: main bearing vibration and motor current sustained above upper control limit; schedule condition-based intervention.
2026-01-20 00:00:00,CR-01,Crusher,65.09,50.55,0.519,32,High,0.853,0.432,0.17,0.147,0.132,0.119,Elevated: main bearing vibration and motor current sustained above upper control limit; schedule condition-based intervention.
2026-01-21 00:00:00,CR-01,Crusher,65.75,47.8,0.528,36,Medium,0.909,0.425,0.169,0.152,0.139,0.116,Watch: main bearing vibration and motor current sustained above upper control limit; continue monitoring trend.
2026-01-22 00:00:00,CR-01,Crusher,62.7,51.08,0.545,34,High,0.868,0.42,0.18,0.137,0.133,0.13,Elevated: main bearing vibration and motor current sustained above upper control limit; schedule condition-based intervention.
2026-01-23 00:00:00,CR-01,Crusher,65.93,50.87,0.554,35,High,0.915,0.439,0.178,0.13,0.135,0.118,Elevated: main bearing vibration and motor current sustained above upper control limit; schedule condition-based intervention.
2026-01-24 00:00:00,CR-01,Crusher,64.78,47.17,0.464,33,Medium,0.813,0.419,0.148,0.143,0.148,0.142,Watch: main bearing vibration and motor current sustained above upper control limit; continue monitoring trend.
2026-01-25 00:00:00,CR-01,Crusher,63.25,49.57,0.451,41,Medium,0.91,0.406,0.162,0.154,0.154,0.124,Watch: main bearing vibration and motor current sustained above upper control limit; continue monitoring trend.
2026-01-26 00:00:00,CR-01,Crusher,64.32,47.3,0.551,35,Medium,0.91,0.428,0.179,0.145,0.142,0.107,Watch: main bearing vibration and motor current sustained above upper control limit; continue monitoring trend.
2026-01-27 00:00:00,CR-01,Crusher,63.75,48.86,0.492,36,Medium,0.841,0.43,0.168,0.14,0.127,0.136,Watch: main bearing vibration and motor current sustained above upper control limit; continue monitoring trend.
2026-01-28 00:00:00,CR-01,Crusher,65.1,51.36,0.507,36,High,0.934,0.418,0.152,0.152,0.154,0.124,Elevated: main bearing vibration and motor current sustained above upper control limit; schedule condition-based intervention.
2026-01-29 00:00:00,CR-01,Crusher,63.15,54.15,0.5,31,High,0.854,0.424,0.168,0.153,0.136,0.118,Elevated: main bearing vibration and motor current sustained above upper control limit; schedule condition-based intervention.
2026-01-30 00:00:00,CR-01,Crusher,63.97,50.3,0.53,35,High,0.817,0.426,0.163,0.161,0.124,0.126,Elevated: main bearing vibration and motor current sustained above upper control limit; schedule condition-based intervention.
2026-01-31 00:00:00,CR-01,Crusher,62.49,53.51,0.426,39,High,0.934,0.432,0.159,0.148,0.151,0.11,Elevated: main bearing vibration and motor current sustained above upper control limit; schedule condition-based intervention.
2026-02-01 00:00:00,CR-01,Crusher,61.86,53.38,0.47,41,High,0.905,0.43,0.162,0.13,0.157,0.122,Elevated: main bearing vibration and motor current sustained above upper control limit; schedule condition-based intervention.
2026-02-02 00:00:00,CR-01,Crusher,63.51,48.7,0.419,30,Medium,0.832,0.41,0.176,0.135,0.144,0.134,Watch: main bearing vibration and motor current sustained above upper control limit; continue monitoring trend.
2026-02-03 00:00:00,CR-01,Crusher,61.68,58.09,0.533,29,High,0.881,0.412,0.164,0.151,0.142,0.13,Elevated: main bearing vibration and motor current sustained above upper control limit; schedule condition-based intervention.
2026-02-04 00:00:00,CR-01,Crusher,64.27,52.77,0.514,35,High,0.907,0.434,0.158,0.143,0.142,0.123,Elevated: main bearing vibration and motor current sustained above upper control limit; schedule condition-based intervention.
2026-02-05 00:00:00,CR-01,Crusher,63.81,51.37,0.541,39,High,0.959,0.411,0.17,0.156,0.123,0.139,Elevated: main bearing vibration and motor current sustained above upper control limit; schedule condition-based intervention.
2026-02-06 00:00:00,CR-01,Crusher,61.52,52.16,0.512,36,High,0.862,0.432,0.163,0.146,0.135,0.124,Elevated: main bearing vibration and motor current sustained above upper control limit; schedule condition-based intervention.
2026-02-07 00:00:00,CR-01,Crusher,62.96,51.41,0.552,37,High,0.927,0.427,0.166,0.154,0.138,0.116,Elevated: main bearing vibration and motor current sustained above upper control limit; schedule condition-based intervention.
2026-02-08 00:00:00,CR-01,Crusher,61.26,52.85,0.618,29,High,0.866,0.419,0.165,0.149,0.143,0.124,Elevated: main bearing vibration and motor current sustained above upper control limit; schedule condition-based intervention.
2026-02-09 00:00:00,CR-01,Crusher,59.8,56.47,0.575,32,High,0.931,0.434,0.161,0.15,0.144,0.111,Elevated: main bearing vibration and motor current sustained above upper control limit; schedule condition-based intervention.
2026-02-10 00:00:00,CR-01,Crusher,61.29,54.81,0.59,25,High,0.942,0.436,0.169,0.144,0.136,0.114,Elevated: main bearing vibration and motor current sustained above upper control limit; schedule condition-based intervention.
2026-02-11 00:00:00,CR-01,Crusher,62.04,52.46,0.557,33,High,0.915,0.408,0.171,0.143,0.15,0.128,Elevated: main bearing vibration and motor current sustained above upper control limit; schedule condition-based intervention.
2026-02-12 00:00:00,CR-01,Crusher,62.83,49.12,0.508,25,Medium,0.861,0.435,0.183,0.139,0.129,0.114,Watch: main bearing vibration and motor current sustained above upper control limit; continue monitoring trend.
2026-02-13 00:00:00,CR-01,Crusher,62.12,57.3,0.522,39,High,0.883,0.414,0.16,0.161,0.134,0.131,Elevated: main bearing vibration and motor current sustained above upper control limit; schedule condition-based intervention.
2026-02-14 00:00:00,CR-01,Crusher,63.21,51.99,0.52,40,High,0.817,0.429,0.167,0.151,0.137,0.116,Elevated: main bearing vibration and motor current sustained above upper control limit; schedule condition-based intervention.
2026-02-15 00:00:00,CR-01,Crusher,60.06,56.83,0.534,34,High,0.875,0.425,0.179,0.143,0.139,0.114,Elevated: main bearing vibration and motor current sustained above upper control limit; schedule condition-based intervention.
2026-02-16 00:00:00,CR-01,Crusher,60.9,53.89,0.556,27,High,0.936,0.42,0.159,0.14,0.149,0.132,Elevated: main bearing vibration and motor current sustained above upper control limit; schedule condition-based intervention.
2026-02-17 00:00:00,CR-01,Crusher,64.01,47.26,0.488,35,Medium,0.94,0.434,0.159,0.145,0.144,0.118,Watch: main bearing vibration and motor current sustained above upper control limit; continue monitoring trend.
2026-02-18 00:00:00,CR-01,Crusher,58.17,58.4,0.566,41,High,0.914,0.419,0.156,0.153,0.146,0.126,Elevated: main bearing vibration and motor current sustained above upper control limit; schedule condition-based intervention.
2026-02-19 00:00:00,CR-01,Crusher,60.41,54.78,0.576,35,High,0.875,0.42,0.176,0.155,0.133,0.116,Elevated: main bearing vibration and motor current sustained above upper control limit; schedule condition-based intervention.
2026-02-20 00:00:00,CR-01,Crusher,59.29,58.41,0.57,38,High,0.882,0.432,0.163,0.143,0.141,0.121,Elevated: main bearing vibration and motor current sustained above upper control limit; schedule condition-based intervention.
2026-02-21 00:00:00,CR-01,Crusher,60.57,57.01,0.585,31,High,0.883,0.416,0.179,0.15,0.147,0.107,Elevated: main bearing vibration and motor current sustained above upper control limit; schedule condition-based intervention.
2026-02-22 00:00:00,CR-01,Crusher,60.06,57.44,0.528,29,High,0.773,0.422,0.165,0.15,0.136,0.127,Elevated: main bearing vibration and motor current sustained above upper control limit; schedule condition-based intervention.
2026-02-23 00:00:00,CR-01,Crusher,61.6,55.74,0.495,32,High,0.861,0.425,0.167,0.161,0.143,0.105,Elevated: main bearing vibration and motor current sustained above upper control limit; schedule condition-based intervention.
2026-02-24 00:00:00,CR-01,Crusher,60.92,58.32,0.643,25,High,0.944,0.425,0.167,0.148,0.143,0.118,Elevated: main bearing vibration and motor current sustained above upper control limit; schedule condition-based intervention.
2026-02-25 00:00:00,CR-01,Crusher,58.3,59.16,0.636,41,High,0.821,0.418,0.181,0.136,0.136,0.129,Elevated: main bearing vibration and motor current sustained above upper control limit; schedule condition-based intervention.
2026-02-26 00:00:00,CR-01,Crusher,59.32,59.15,0.612,33,High,0.857,0.424,0.163,0.147,0.148,0.118,Elevated: main bearing vibration and motor current sustained above upper control limit; schedule condition-based intervention.
2026-02-27 00:00:00,CR-01,Crusher,60.14,56.8,0.534,36,High,0.872,0.426,0.165,0.14,0.146,0.123,Elevated: main bearing vibration and motor current sustained above upper control limit; schedule condition-based intervention.
2026-02-28 00:00:00,CR-01,Crusher,61.19,50.53,0.468,30,High,0.9,0.417,0.17,0.149,0.143,0.121,Elevated: main bearing vibration and motor current sustained above upper control limit; schedule condition-based intervention.
2026-03-01 00:00:00,CR-01,Crusher,63.78,50.4,0.451,26,High,0.881,0.426,0.169,0.136,0.145,0.124,Elevated: main bearing vibration and motor current sustained above upper control limit; schedule condition-based intervention.
2026-03-02 00:00:00,CR-01,Crusher,60.89,53.03,0.525,38,High,0.913,0.427,0.17,0.149,0.137,0.117,Elevated: main bearing vibration and motor current sustained above upper control limit; schedule condition-based intervention.
2026-03-03 00:00:00,CR-01,Crusher,58.02,59.24,0.609,27,High,0.929,0.43,0.165,0.15,0.139,0.117,Elevated: main bearing vibration and motor current sustained above upper control limit; schedule condition-based intervention.
2026-03-04 00:00:00,CR-01,Crusher,59.36,55.31,0.535,33,High,0.923,0.424,0.15,0.155,0.143,0.128,Elevated: main bearing vibration and motor current sustained above upper control limit; schedule condition-based intervention.
2026-03-05 00:00:00,CR-01,Crusher,59.67,57.67,0.638,33,High,0.879,0.425,0.167,0.139,0.137,0.132,Elevated: main bearing vibration and motor current sustained above upper control limit; schedule condition-based intervention.
2026-03-06 00:00:00,CR-01,Crusher,58.43,60.16,0.514,32,High,0.812,0.422,0.168,0.142,0.136,0.131,Elevated: main bearing vibration and motor current sustained above upper control limit; schedule condition-based intervention.
2026-03-07 00:00:00,CR-01,Crusher,59.89,58.57,0.618,28,High,0.882,0.42,0.166,0.152,0.134,0.128,Elevated: main bearing vibration and motor current sustained above upper control limit; schedule condition-based intervention.
2026-03-08 00:00:00,CR-01,Crusher,55.38,65.71,0.652,31,High,0.897,0.423,0.166,0.143,0.146,0.121,Elevated: main bearing vibration and motor current sustained above upper control limit; schedule condition-based intervention.
2026-03-09 00:00:00,CR-01,Crusher,59.77,52.97,0.533,27,High,0.856,0.431,0.162,0.14,0.14,0.127,Elevated: main bearing vibration and motor current sustained above upper control limit; schedule condition-based intervention.
2026-03-10 00:00:00,CR-01,Crusher,58.0,56.41,0.449,34,High,0.821,0.415,0.16,0.145,0.147,0.133,Elevated: main bearing vibration and motor current sustained above upper control limit; schedule condition-based intervention.
2026-03-11 00:00:00,CR-01,Crusher,58.46,64.02,0.611,33,High,0.836,0.422,0.17,0.148,0.131,0.13,Elevated: main bearing vibration and motor current sustained above upper control limit; schedule condition-based intervention.
2026-03-12 00:00:00,CR-01,Crusher,60.85,56.83,0.52,31,High,0.924,0.421,0.17,0.155,0.132,0.122,Elevated: main bearing vibration and motor current sustained above upper control limit; schedule condition-based intervention.
2026-03-13 00:00:00,CR-01,Crusher,56.36,61.54,0.667,29,High,0.834,0.418,0.16,0.158,0.157,0.107,Elevated: main bearing vibration and motor current sustained above upper control limit; schedule condition-based intervention.
2026-03-14 00:00:00,CR-01,Crusher,58.69,57.9,0.554,39,High,0.823,0.409,0.162,0.16,0.145,0.124,Elevated: main bearing vibration and motor current sustained above upper control limit; schedule condition-based intervention.
2026-03-15 00:00:00,CR-01,Crusher,59.4,56.73,0.491,25,High,0.853,0.426,0.173,0.14,0.138,0.123,Elevated: main bearing vibration and motor current sustained above upper control limit; schedule condition-based intervention.
2026-03-16 00:00:00,CR-01,Crusher,58.28,54.55,0.558,24,High,0.894,0.43,0.173,0.142,0.132,0.124,Elevated: main bearing vibration and motor current sustained above upper control limit; schedule condition-based intervention.
2026-03-17 00:00:00,CR-01,Crusher,55.29,61.04,0.65,30,High,0.869,0.435,0.164,0.144,0.133,0.124,Elevated: main bearing vibration and motor current sustained above upper control limit; schedule condition-based intervention.
2026-03-18 00:00:00,CR-01,Crusher,59.91,55.9,0.586,29,High,0.874,0.428,0.166,0.147,0.132,0.127,Elevated: main bearing vibration and motor current sustained above upper control limit; schedule condition-based intervention.
2026-03-19 00:00:00,CR-01,Crusher,57.29,58.37,0.582,35,High,0.913,0.427,0.153,0.151,0.146,0.124,Elevated: main bearing vibration and motor current sustained above upper control limit; schedule condition-based intervention.
2026-03-20 00:00:00,CR-01,Crusher,56.65,59.51,0.625,33,High,0.875,0.429,0.161,0.14,0.149,0.12,Elevated: main bearing vibration and motor current sustained above upper control limit; schedule condition-based intervention.
2026-03-21 00:00:00,CR-01,Crusher,56.88,65.49,0.615,30,High,0.964,0.423,0.176,0.131,0.149,0.121,Elevated: main bearing vibration and motor current sustained above upper control limit; schedule condition-based intervention.
2026-03-22 00:00:00,CR-01,Crusher,56.63,60.21,0.614,32,High,0.898,0.425,0.156,0.159,0.133,0.127,Elevated: main bearing vibration and motor current sustained above upper control limit; schedule condition-based intervention.
2026-03-23 00:00:00,CR-01,Crusher,55.22,63.25,0.651,32,High,0.838,0.449,0.16,0.131,0.133,0.126,Elevated: main bearing vibration and motor current sustained above upper control limit; schedule condition-based intervention.
2026-03-24 00:00:00,CR-01,Crusher,57.26,60.33,0.603,38,High,0.887,0.423,0.167,0.161,0.12,0.129,Elevated: main bearing vibration and motor current sustained above upper control limit; schedule condition-based intervention.
2026-03-25 00:00:00,CR-01,Crusher,55.91,62.9,0.613,31,High,0.859,0.422,0.154,0.16,0.139,0.125,Elevated: main bearing vibration and motor current sustained above upper control limit; schedule condition-based intervention.
2026-03-26 00:00:00,CR-01,Crusher,57.81,58.11,0.543,27,High,0.937,0.418,0.179,0.141,0.138,0.124,Elevated: main bearing vibration and motor current sustained above upper control limit; schedule condition-based intervention.
2026-03-27 00:00:00,CR-01,Crusher,57.44,62.08,0.596,30,High,0.922,0.417,0.164,0.148,0.143,0.128,Elevated: main bearing vibration and motor current sustained above upper control limit; schedule condition-based intervention.
2026-03-28 00:00:00,CR-01,Crusher,59.09,58.16,0.625,19,High,0.904,0.404,0.182,0.146,0.14,0.128,Elevated: main bearing vibration and motor current sustained above upper control limit; schedule condition-based intervention.
2026-03-29 00:00:00,CR-01,Crusher,56.02,59.0,0.561,29,High,0.885,0.425,0.158,0.147,0.139,0.13,Elevated: main bearing vibration and motor current sustained above upper control limit; schedule condition-based intervention.
2026-03-30 00:00:00,CR-01,Crusher,54.95,62.86,0.614,33,High,0.866,0.426,0.168,0.16,0.119,0.128,Elevated: main bearing vibration and motor current sustained above upper control limit; schedule condition-based intervention.
2026-03-31 00:00:00,CR-01,Crusher,53.75,64.4,0.67,31,High,0.882,0.426,0.163,0.146,0.143,0.122,Elevated: main bearing vibration and motor current sustained above upper control limit; schedule condition-based intervention.
2026-04-01 00:00:00,CR-01,Crusher,59.49,56.28,0.508,30,High,0.927,0.425,0.165,0.142,0.141,0.128,Elevated: main bearing vibration and motor current sustained above upper control limit; schedule condition-based intervention.
2026-04-02 00:00:00,CR-01,Crusher,56.91,61.34,0.58,31,High,0.827,0.414,0.178,0.149,0.141,0.117,Elevated: main bearing vibration and motor current sustained above upper control limit; schedule condition-based intervention.
2026-04-03 00:00:00,CR-01,Crusher,54.62,64.81,0.574,33,High,0.876,0.407,0.178,0.159,0.144,0.113,Elevated: main bearing vibration and motor current sustained above upper control limit; schedule condition-based intervention.
2026-04-04 00:00:00,CR-01,Crusher,58.31,59.4,0.678,34,High,0.854,0.426,0.166,0.141,0.142,0.125,Elevated: main bearing vibration and motor current sustained above upper control limit; schedule condition-based intervention.
2026-04-05 00:00:00,CR-01,Crusher,57.64,59.98,0.586,30,High,0.904,0.415,0.164,0.153,0.151,0.118,Elevated: main bearing vibration and motor current sustained above upper control limit; schedule condition-based intervention.
2026-04-06 00:00:00,CR-01,Crusher,53.18,65.72,0.681,27,High,0.903,0.421,0.165,0.153,0.139,0.122,Elevated: main bearing vibration and motor current sustained above upper control limit; schedule condition-based intervention.
2026-04-07 00:00:00,CR-01,Crusher,54.01,60.08,0.688,19,High,0.901,0.442,0.154,0.151,0.138,0.116,Elevated: main bearing vibration and motor current sustained above upper control limit; schedule condition-based intervention.
2026-04-08 00:00:00,CR-01,Crusher,54.88,64.73,0.593,32,High,0.888,0.423,0.162,0.152,0.148,0.115,Elevated: main bearing vibration and motor current sustained above upper control limit; schedule condition-based intervention.
2026-04-09 00:00:00,CR-01,Crusher,53.25,66.43,0.66,30,High,0.806,0.437,0.167,0.148,0.14,0.108,Elevated: main bearing vibration and motor current sustained above upper control limit; schedule condition-based intervention.
2026-04-10 00:00:00,CR-01,Crusher,54.68,61.48,0.591,29,High,0.875,0.41,0.173,0.154,0.148,0.115,Elevated: main bearing vibration and motor current sustained above upper control limit; schedule condition-based intervention.
2026-04-11 00:00:00,CR-01,Crusher,55.84,62.38,0.61,25,High,0.868,0.422,0.16,0.158,0.138,0.122,Elevated: main bearing vibration and motor current sustained above upper control limit; schedule condition-based intervention.
2026-04-12 00:00:00,CR-01,Crusher,52.38,67.96,0.681,32,High,0.856,0.426,0.163,0.142,0.139,0.13,Elevated: main bearing vibration and motor current sustained above upper control limit; schedule condition-based intervention.
2026-04-13 00:00:00,CR-01,Crusher,54.92,65.46,0.711,27,High,0.804,0.417,0.158,0.166,0.135,0.125,Elevated: main bearing vibration and motor current sustained above upper control limit; schedule condition-based intervention.
2026-04-14 00:00:00,CR-01,Crusher,56.19,62.35,0.647,27,High,0.907,0.437,0.158,0.151,0.138,0.116,Elevated: main bearing vibration and motor current sustained above upper control limit; schedule condition-based intervention.
2026-04-15 00:00:00,CR-01,Crusher,54.83,63.88,0.705,27,High,0.871,0.408,0.169,0.166,0.144,0.114,Elevated: main bearing vibration and motor current sustained above upper control limit; schedule condition-based intervention.
2026-04-16 00:00:00,CR-01,Crusher,53.94,66.37,0.667,29,High,0.893,0.426,0.152,0.143,0.147,0.132,Elevated: main bearing vibration and motor current sustained above upper control limit; schedule condition-based intervention.
2026-04-17 00:00:00,CR-01,Crusher,52.87,65.37,0.631,23,High,0.914,0.424,0.165,0.154,0.141,0.117,Elevated: main bearing vibration and motor current sustained above upper control limit; schedule condition-based intervention.
2026-04-18 00:00:00,CR-01,Crusher,55.14,63.63,0.681,29,High,0.903,0.414,0.157,0.166,0.132,0.131,Elevated: main bearing vibration and motor current sustained above upper control limit; schedule condition-based intervention.
2026-04-19 00:00:00,CR-01,Crusher,51.8,66.24,0.638,24,High,0.899,0.411,0.186,0.146,0.136,0.12,Elevated: main bearing vibration and motor current sustained above upper control limit; schedule condition-based intervention.
2026-04-20 00:00:00,CR-01,Crusher,53.94,66.7,0.67,24,High,0.854,0.432,0.159,0.159,0.134,0.116,Elevated: main bearing vibration and motor current sustained above upper control limit; schedule condition-based intervention.
2026-04-21 00:00:00,CR-01,Crusher,53.46,61.93,0.642,30,High,0.889,0.429,0.157,0.158,0.135,0.121,Elevated: main bearing vibration and motor current sustained above upper control limit; schedule condition-based intervention.
2026-04-22 00:00:00,CR-01,Crusher,55.1,64.5,0.68,23,High,0.918,0.419,0.166,0.154,0.142,0.119,Elevated: main bearing vibration and motor current sustained above upper control limit; schedule condition-based intervention.
2026-04-23 00:00:00,CR-01,Crusher,52.23,66.91,0.666,30,High,0.896,0.406,0.17,0.151,0.14,0.133,Elevated: main bearing vibration and motor current sustained above upper control limit; schedule condition-based intervention.
2026-04-24 00:00:00,CR-01,Crusher,52.24,68.79,0.717,27,High,0.884,0.405,0.174,0.151,0.143,0.127,Elevated: main bearing vibration and motor current sustained above upper control limit; schedule condition-based intervention.
2026-04-25 00:00:00,CR-01,Crusher,50.92,67.15,0.645,20,High,0.907,0.416,0.161,0.157,0.141,0.126,Elevated: main bearing vibration and motor current sustained above upper control limit; schedule condition-based intervention.
2026-04-26 00:00:00,CR-01,Crusher,53.48,65.31,0.64,32,High,0.864,0.422,0.174,0.151,0.131,0.121,Elevated: main bearing vibration and motor current sustained above upper control limit; schedule condition-based intervention.
2026-04-27 00:00:00,CR-01,Crusher,51.97,67.36,0.694,27,High,0.884,0.417,0.154,0.161,0.145,0.124,Elevated: main bearing vibration and motor current sustained above upper control limit; schedule condition-based intervention.
2026-04-28 00:00:00,CR-01,Crusher,51.14,69.27,0.693,28,High,0.846,0.433,0.153,0.152,0.131,0.132,Elevated: main bearing vibration and motor current sustained above upper control limit; schedule condition-based intervention.
2026-04-29 00:00:00,CR-01,Crusher,51.17,66.27,0.635,30,High,0.883,0.416,0.177,0.154,0.129,0.123,Elevated: main bearing vibration and motor current sustained above upper control limit; schedule condition-based intervention.
2026-04-30 00:00:00,CR-01,Crusher,53.13,66.9,0.704,32,High,0.883,0.411,0.174,0.144,0.155,0.115,Elevated: main bearing vibration and motor current sustained above upper control limit; schedule condition-based intervention.
2026-05-01 00:00:00,CR-01,Crusher,50.37,65.79,0.666,27,High,0.872,0.415,0.164,0.152,0.148,0.121,Elevated: main bearing vibration and motor current sustained above upper control limit; schedule condition-based intervention.
2026-05-02 00:00:00,CR-01,Crusher,50.39,68.12,0.622,28,High,0.796,0.419,0.171,0.137,0.135,0.137,Elevated: main bearing vibration and motor current sustained above upper control limit; schedule condition-based intervention.
2026-05-03 00:00:00,CR-01,Crusher,53.31,62.24,0.639,27,High,0.905,0.418,0.17,0.152,0.132,0.128,Elevated: main bearing vibration and motor current sustained above upper control limit; schedule condition-based intervention.
2026-05-04 00:00:00,CR-01,Crusher,51.48,69.58,0.717,24,High,0.831,0.421,0.154,0.144,0.139,0.143,Elevated: main bearing vibration and motor current sustained above upper control limit; schedule condition-based intervention.
2026-05-05 00:00:00,CR-01,Crusher,53.15,66.39,0.662,19,High,0.891,0.426,0.17,0.15,0.143,0.111,Elevated: main bearing vibration and motor current sustained above upper control limit; schedule condition-based intervention.
2026-05-06 00:00:00,CR-01,Crusher,50.92,69.63,0.706,26,High,0.796,0.422,0.168,0.151,0.154,0.106,Elevated: main bearing vibration and motor current sustained above upper control limit; schedule condition-based intervention.
2026-05-07 00:00:00,CR-01,Crusher,51.36,71.04,0.758,31,Critical,0.847,0.411,0.17,0.149,0.138,0.133,Critical: main bearing vibration and motor current sustained above upper control limit; immediate inspection recommended.
2026-05-08 00:00:00,CR-01,Crusher,51.48,67.29,0.603,27,High,0.849,0.421,0.171,0.153,0.135,0.12,Elevated: main bearing vibration and motor current sustained above upper control limit; schedule condition-based intervention.
2026-05-09 00:00:00,CR-01,Crusher,53.32,66.57,0.701,21,High,0.884,0.427,0.166,0.137,0.144,0.127,Elevated: main bearing vibration and motor current sustained above upper control limit; schedule condition-based intervention.
2026-05-10 00:00:00,CR-01,Crusher,53.06,65.84,0.56,29,High,0.899,0.437,0.165,0.143,0.139,0.116,Elevated: main bearing vibration and motor current sustained above upper control limit; schedule condition-based intervention.
2026-05-11 00:00:00,CR-01,Crusher,52.69,66.06,0.631,24,High,0.986,0.426,0.171,0.158,0.126,0.119,Elevated: main bearing vibration and motor current sustained above upper control limit; schedule condition-based intervention.
2026-05-12 00:00:00,CR-01,Crusher,49.71,73.02,0.658,16,Critical,0.858,0.423,0.166,0.145,0.148,0.119,Critical: main bearing vibration and motor current sustained above upper control limit; immediate inspection recommended.
2026-05-13 00:00:00,CR-01,Crusher,49.01,75.56,0.813,29,Critical,0.942,0.425,0.164,0.143,0.135,0.132,Critical: main bearing vibration and motor current sustained above upper control limit; immediate inspection recommended.
2026-05-14 00:00:00,CR-01,Crusher,51.67,66.8,0.655,21,High,0.889,0.435,0.163,0.15,0.135,0.116,Elevated: main bearing vibration and motor current sustained above upper control limit; schedule condition-based intervention.
2026-05-15 00:00:00,CR-01,Crusher,52.53,68.13,0.68,32,High,0.863,0.416,0.173,0.153,0.124,0.134,Elevated: main bearing vibration and motor current sustained above upper control limit; schedule condition-based intervention.
2026-05-16 00:00:00,CR-01,Crusher,52.06,67.76,0.665,29,High,0.859,0.424,0.166,0.15,0.13,0.13,Elevated: main bearing vibration and motor current sustained above upper control limit; schedule condition-based intervention.
2026-05-17 00:00:00,CR-01,Crusher,50.09,70.54,0.699,23,Critical,0.93,0.418,0.175,0.14,0.145,0.121,Critical: main bearing vibration and motor current sustained above upper control limit; immediate inspection recommended.
2026-05-18 00:00:00,CR-01,Crusher,51.1,68.96,0.684,26,High,0.893,0.432,0.175,0.133,0.137,0.123,Elevated: main bearing vibration and motor current sustained above upper control limit; schedule condition-based intervention.
2026-05-19 00:00:00,CR-01,Crusher,51.0,67.94,0.715,34,High,0.837,0.438,0.153,0.152,0.134,0.123,Elevated: main bearing vibration and motor current sustained above upper control limit; schedule condition-based intervention.
2026-05-20 00:00:00,CR-01,Crusher,49.91,62.95,0.64,28,High,0.871,0.433,0.167,0.143,0.131,0.126,Elevated: main bearing vibration and motor current sustained above upper control limit; schedule condition-based intervention.
2026-05-21 00:00:00,CR-01,Crusher,49.85,73.28,0.702,25,Critical,0.835,0.425,0.167,0.144,0.145,0.118,Critical: main bearing vibration and motor current sustained above upper control limit; immediate inspection recommended.
2026-05-22 00:00:00,CR-01,Crusher,49.57,69.21,0.624,35,High,0.892,0.421,0.172,0.137,0.157,0.114,Elevated: main bearing vibration and motor current sustained above upper control limit; schedule condition-based intervention.
2026-05-23 00:00:00,CR-01,Crusher,48.02,72.29,0.771,24,Critical,0.812,0.432,0.15,0.136,0.148,0.134,Critical: main bearing vibration and motor current sustained above upper control limit; immediate inspection recommended.
2026-05-24 00:00:00,CR-01,Crusher,48.06,72.28,0.742,26,Critical,0.819,0.421,0.163,0.145,0.145,0.126,Critical: main bearing vibration and motor current sustained above upper control limit; immediate inspection recommended.
2026-05-25 00:00:00,CR-01,Crusher,47.9,71.37,0.702,20,Critical,0.837,0.444,0.157,0.157,0.124,0.118,Critical: main bearing vibration and motor current sustained above upper control limit; immediate inspection recommended.
2026-05-26 00:00:00,CR-01,Crusher,46.33,75.61,0.797,17,Critical,0.86,0.428,0.155,0.148,0.143,0.126,Critical: main bearing vibration and motor current sustained above upper control limit; immediate inspection recommended.
2026-05-27 00:00:00,CR-01,Crusher,48.99,71.33,0.801,22,Critical,0.924,0.42,0.171,0.15,0.154,0.105,Critical: main bearing vibration and motor current sustained above upper control limit; immediate inspection recommended.
2026-05-28 00:00:00,CR-01,Crusher,48.57,70.57,0.707,23,Critical,0.865,0.409,0.173,0.162,0.134,0.123,Critical: main bearing vibration and motor current sustained above upper control limit; immediate inspection recommended.
2026-05-29 00:00:00,CR-01,Crusher,49.72,70.69,0.761,24,Critical,0.847,0.423,0.17,0.143,0.144,0.121,Critical: main bearing vibration and motor current sustained above upper control limit; immediate inspection recommended.
2025-05-30 00:00:00,CP-01,Compressor,91.43,13.23,0.145,476,Low,0.899,0.321,0.188,0.172,0.182,0.137,Within baseline with monitored trend behaviour.
2025-05-31 00:00:00,CP-01,Compressor,94.98,4.33,0.066,472,Low,0.9,0.323,0.176,0.187,0.161,0.153,Within baseline with monitored trend behaviour.
2025-06-01 00:00:00,CP-01,Compressor,91.3,15.28,0.178,462,Low,0.923,0.328,0.182,0.174,0.175,0.142,Within baseline with monitored trend behaviour.
2025-06-02 00:00:00,CP-01,Compressor,92.49,12.32,0.088,466,Low,0.86,0.326,0.19,0.185,0.158,0.14,Within baseline with monitored trend behaviour.
2025-06-03 00:00:00,CP-01,Compressor,87.88,16.81,0.16,467,Low,0.857,0.324,0.199,0.173,0.168,0.136,Within baseline with monitored trend behaviour.
2025-06-04 00:00:00,CP-01,Compressor,93.22,10.43,0.04,457,Low,0.97,0.332,0.185,0.177,0.16,0.145,Within baseline with monitored trend behaviour.
2025-06-05 00:00:00,CP-01,Compressor,93.78,10.19,0.108,456,Low,0.903,0.327,0.199,0.158,0.162,0.154,Within baseline with monitored trend behaviour.
2025-06-06 00:00:00,CP-01,Compressor,90.18,11.08,0.115,463,Low,0.852,0.335,0.194,0.168,0.163,0.14,Within baseline with monitored trend behaviour.
2025-06-07 00:00:00,CP-01,Compressor,91.02,15.92,0.103,462,Low,0.872,0.326,0.183,0.173,0.159,0.159,Within baseline with monitored trend behaviour.
2025-06-08 00:00:00,CP-01,Compressor,92.54,11.4,0.057,454,Low,0.876,0.336,0.186,0.17,0.163,0.146,Within baseline with monitored trend behaviour.
2025-06-09 00:00:00,CP-01,Compressor,91.83,10.03,0.124,462,Low,0.935,0.317,0.197,0.175,0.17,0.142,Within baseline with monitored trend behaviour.
2025-06-10 00:00:00,CP-01,Compressor,92.53,8.27,0.135,464,Low,0.891,0.339,0.184,0.18,0.146,0.151,Within baseline with monitored trend behaviour.
2025-06-11 00:00:00,CP-01,Compressor,91.3,14.15,0.109,458,Low,0.931,0.33,0.184,0.173,0.173,0.14,Within baseline with monitored trend behaviour.
2025-06-12 00:00:00,CP-01,Compressor,94.72,7.81,0.073,458,Low,0.813,0.319,0.2,0.153,0.176,0.152,Within baseline with monitored trend behaviour.
2025-06-13 00:00:00,CP-01,Compressor,90.65,14.06,0.081,459,Low,0.87,0.323,0.193,0.183,0.145,0.156,Within baseline with monitored trend behaviour.
2025-06-14 00:00:00,CP-01,Compressor,96.01,5.64,0.093,458,Low,0.916,0.348,0.205,0.139,0.168,0.141,Within baseline with monitored trend behaviour.
2025-06-15 00:00:00,CP-01,Compressor,93.67,6.86,0.129,449,Low,0.905,0.339,0.197,0.181,0.155,0.128,Within baseline with monitored trend behaviour.
2025-06-16 00:00:00,CP-01,Compressor,92.99,10.83,0.063,451,Low,0.935,0.326,0.199,0.175,0.156,0.144,Within baseline with monitored trend behaviour.
2025-06-17 00:00:00,CP-01,Compressor,89.97,13.64,0.08,452,Low,0.838,0.338,0.175,0.19,0.156,0.141,Within baseline with monitored trend behaviour.
2025-06-18 00:00:00,CP-01,Compressor,93.07,9.65,0.089,450,Low,0.792,0.332,0.188,0.179,0.172,0.129,Within baseline with monitored trend behaviour.
2025-06-19 00:00:00,CP-01,Compressor,92.56,15.16,0.16,458,Low,0.831,0.323,0.2,0.176,0.17,0.132,Within baseline with monitored trend behaviour.
2025-06-20 00:00:00,CP-01,Compressor,88.19,18.28,0.132,454,Low,0.85,0.343,0.184,0.179,0.15,0.144,Within baseline with monitored trend behaviour.
2025-06-21 00:00:00,CP-01,Compressor,89.31,16.82,0.119,446,Low,0.849,0.332,0.174,0.18,0.163,0.151,Within baseline with monitored trend behaviour.
2025-06-22 00:00:00,CP-01,Compressor,92.11,16.49,0.207,449,Low,0.877,0.342,0.189,0.189,0.149,0.13,Within baseline with monitored trend behaviour.
2025-06-23 00:00:00,CP-01,Compressor,91.3,12.95,0.062,454,Low,0.876,0.327,0.191,0.176,0.148,0.158,Within baseline with monitored trend behaviour.
2025-06-24 00:00:00,CP-01,Compressor,90.67,13.3,0.072,446,Low,0.884,0.323,0.184,0.174,0.19,0.129,Within baseline with monitored trend behaviour.
2025-06-25 00:00:00,CP-01,Compressor,93.2,8.16,0.075,451,Low,0.91,0.32,0.199,0.175,0.169,0.137,Within baseline with monitored trend behaviour.
2025-06-26 00:00:00,CP-01,Compressor,90.04,13.04,0.205,452,Low,0.845,0.316,0.183,0.18,0.169,0.151,Within baseline with monitored trend behaviour.
2025-06-27 00:00:00,CP-01,Compressor,90.7,8.92,0.069,451,Low,0.928,0.333,0.18,0.171,0.169,0.146,Within baseline with monitored trend behaviour.
2025-06-28 00:00:00,CP-01,Compressor,90.38,15.05,0.103,446,Low,0.881,0.326,0.194,0.166,0.165,0.149,Within baseline with monitored trend behaviour.
2025-06-29 00:00:00,CP-01,Compressor,92.21,8.38,0.105,449,Low,0.944,0.327,0.194,0.162,0.162,0.155,Within baseline with monitored trend behaviour.
2025-06-30 00:00:00,CP-01,Compressor,88.62,17.74,0.222,441,Low,0.86,0.339,0.203,0.177,0.145,0.136,Within baseline with monitored trend behaviour.
2025-07-01 00:00:00,CP-01,Compressor,90.55,13.14,0.186,453,Low,0.851,0.331,0.191,0.168,0.165,0.144,Within baseline with monitored trend behaviour.
2025-07-02 00:00:00,CP-01,Compressor,88.57,16.26,0.178,443,Low,0.91,0.324,0.185,0.183,0.168,0.14,Within baseline with monitored trend behaviour.
2025-07-03 00:00:00,CP-01,Compressor,90.81,12.79,0.152,446,Low,0.864,0.324,0.189,0.169,0.173,0.146,Within baseline with monitored trend behaviour.
2025-07-04 00:00:00,CP-01,Compressor,92.44,13.35,0.158,439,Low,0.852,0.349,0.194,0.166,0.16,0.131,Within baseline with monitored trend behaviour.
2025-07-05 00:00:00,CP-01,Compressor,92.45,12.99,0.138,442,Low,0.815,0.333,0.185,0.169,0.156,0.156,Within baseline with monitored trend behaviour.
2025-07-06 00:00:00,CP-01,Compressor,90.08,13.83,0.212,441,Low,0.897,0.329,0.199,0.163,0.17,0.138,Within baseline with monitored trend behaviour.
2025-07-07 00:00:00,CP-01,Compressor,92.08,9.3,0.096,434,Low,0.883,0.33,0.191,0.183,0.166,0.13,Within baseline with monitored trend behaviour.
2025-07-08 00:00:00,CP-01,Compressor,90.9,14.58,0.143,433,Low,0.854,0.333,0.192,0.171,0.157,0.148,Within baseline with monitored trend behaviour.
2025-07-09 00:00:00,CP-01,Compressor,93.36,7.35,0.109,436,Low,0.862,0.334,0.2,0.165,0.164,0.136,Within baseline with monitored trend behaviour.
2025-07-10 00:00:00,CP-01,Compressor,90.95,9.56,0.104,440,Low,0.901,0.329,0.182,0.164,0.182,0.143,Within baseline with monitored trend behaviour.
2025-07-11 00:00:00,CP-01,Compressor,86.38,20.06,0.278,427,Low,0.88,0.335,0.183,0.159,0.178,0.145,Within baseline with monitored trend behaviour.
2025-07-12 00:00:00,CP-01,Compressor,92.55,12.87,0.208,433,Low,0.88,0.325,0.191,0.178,0.167,0.14,Within baseline with monitored trend behaviour.
2025-07-13 00:00:00,CP-01,Compressor,90.36,12.69,0.089,438,Low,0.85,0.352,0.182,0.178,0.156,0.131,Within baseline with monitored trend behaviour.
2025-07-14 00:00:00,CP-01,Compressor,90.63,13.92,0.172,427,Low,0.912,0.324,0.2,0.157,0.177,0.142,Within baseline with monitored trend behaviour.
2025-07-15 00:00:00,CP-01,Compressor,91.59,10.94,0.111,437,Low,0.847,0.331,0.189,0.173,0.163,0.144,Within baseline with monitored trend behaviour.
2025-07-16 00:00:00,CP-01,Compressor,88.75,17.19,0.186,426,Low,0.905,0.323,0.19,0.174,0.171,0.142,Within baseline with monitored trend behaviour.
2025-07-17 00:00:00,CP-01,Compressor,91.13,14.61,0.193,426,Low,0.883,0.343,0.184,0.179,0.156,0.137,Within baseline with monitored trend behaviour.
2025-07-18 00:00:00,CP-01,Compressor,91.84,10.9,0.098,429,Low,0.851,0.316,0.198,0.173,0.156,0.157,Within baseline with monitored trend behaviour.
2025-07-19 00:00:00,CP-01,Compressor,91.55,9.78,0.065,436,Low,0.832,0.322,0.192,0.174,0.179,0.133,Within baseline with monitored trend behaviour.
2025-07-20 00:00:00,CP-01,Compressor,89.99,11.11,0.088,425,Low,0.871,0.342,0.184,0.167,0.167,0.14,Within baseline with monitored trend behaviour.
2025-07-21 00:00:00,CP-01,Compressor,92.51,12.34,0.118,420,Low,0.812,0.35,0.186,0.167,0.168,0.13,Within baseline with monitored trend behaviour.
2025-07-22 00:00:00,CP-01,Compressor,89.3,12.7,0.047,420,Low,0.896,0.341,0.174,0.165,0.168,0.151,Within baseline with monitored trend behaviour.
2025-07-23 00:00:00,CP-01,Compressor,89.88,14.91,0.135,429,Low,0.903,0.333,0.188,0.174,0.17,0.134,Within baseline with monitored trend behaviour.
2025-07-24 00:00:00,CP-01,Compressor,90.64,14.66,0.146,419,Low,0.884,0.325,0.183,0.176,0.173,0.143,Within baseline with monitored trend behaviour.
2025-07-25 00:00:00,CP-01,Compressor,91.31,11.17,0.147,428,Low,0.853,0.34,0.183,0.171,0.17,0.136,Within baseline with monitored trend behaviour.
2025-07-26 00:00:00,CP-01,Compressor,90.29,13.26,0.108,423,Low,0.83,0.313,0.189,0.176,0.167,0.155,Within baseline with monitored trend behaviour.
2025-07-27 00:00:00,CP-01,Compressor,92.76,12.14,0.138,422,Low,0.874,0.334,0.192,0.174,0.175,0.125,Within baseline with monitored trend behaviour.
2025-07-28 00:00:00,CP-01,Compressor,91.24,10.64,0.109,423,Low,0.811,0.329,0.185,0.173,0.169,0.145,Within baseline with monitored trend behaviour.
2025-07-29 00:00:00,CP-01,Compressor,90.87,10.96,0.143,417,Low,0.861,0.332,0.183,0.166,0.156,0.163,Within baseline with monitored trend behaviour.
2025-07-30 00:00:00,CP-01,Compressor,91.14,11.93,0.166,420,Low,0.895,0.323,0.191,0.166,0.172,0.149,Within baseline with monitored trend behaviour.
2025-07-31 00:00:00,CP-01,Compressor,91.88,13.93,0.122,414,Low,0.855,0.324,0.195,0.169,0.168,0.144,Within baseline with monitored trend behaviour.
2025-08-01 00:00:00,CP-01,Compressor,91.07,15.73,0.204,424,Low,0.862,0.323,0.195,0.17,0.152,0.16,Within baseline with monitored trend behaviour.
2025-08-02 00:00:00,CP-01,Compressor,87.77,16.93,0.208,413,Low,0.915,0.321,0.186,0.187,0.157,0.148,Within baseline with monitored trend behaviour.
2025-08-03 00:00:00,CP-01,Compressor,92.38,9.24,0.079,418,Low,0.966,0.315,0.205,0.172,0.162,0.146,Within baseline with monitored trend behaviour.
2025-08-04 00:00:00,CP-01,Compressor,90.81,15.0,0.192,412,Low,0.898,0.322,0.189,0.176,0.162,0.151,Within baseline with monitored trend behaviour.
2025-08-05 00:00:00,CP-01,Compressor,91.69,8.29,0.093,413,Low,0.875,0.328,0.191,0.168,0.167,0.146,Within baseline with monitored trend behaviour.
2025-08-06 00:00:00,CP-01,Compressor,89.92,14.6,0.174,413,Low,0.878,0.324,0.194,0.185,0.154,0.143,Within baseline with monitored trend behaviour.
2025-08-07 00:00:00,CP-01,Compressor,87.63,17.23,0.195,425,Low,0.915,0.338,0.18,0.182,0.156,0.144,Within baseline with monitored trend behaviour.
2025-08-08 00:00:00,CP-01,Compressor,86.88,20.95,0.189,413,Low,0.83,0.334,0.197,0.162,0.15,0.157,Within baseline with monitored trend behaviour.
2025-08-09 00:00:00,CP-01,Compressor,89.0,18.2,0.158,409,Low,0.868,0.335,0.195,0.175,0.165,0.131,Within baseline with monitored trend behaviour.
2025-08-10 00:00:00,CP-01,Compressor,91.31,10.28,0.155,409,Low,0.919,0.337,0.174,0.182,0.175,0.131,Within baseline with monitored trend behaviour.
2025-08-11 00:00:00,CP-01,Compressor,92.54,10.78,0.089,404,Low,0.935,0.337,0.204,0.148,0.168,0.142,Within baseline with monitored trend behaviour.
2025-08-12 00:00:00,CP-01,Compressor,90.92,11.57,0.035,409,Low,0.911,0.319,0.184,0.184,0.158,0.155,Within baseline with monitored trend behaviour.
2025-08-13 00:00:00,CP-01,Compressor,88.73,15.19,0.123,416,Low,0.779,0.318,0.195,0.187,0.154,0.146,Within baseline with monitored trend behaviour.
2025-08-14 00:00:00,CP-01,Compressor,89.14,16.44,0.214,409,Low,0.862,0.329,0.184,0.165,0.179,0.143,Within baseline with monitored trend behaviour.
2025-08-15 00:00:00,CP-01,Compressor,92.55,9.76,0.156,411,Low,0.925,0.313,0.192,0.183,0.164,0.147,Within baseline with monitored trend behaviour.
2025-08-16 00:00:00,CP-01,Compressor,88.25,16.83,0.214,403,Low,0.902,0.339,0.179,0.188,0.164,0.129,Within baseline with monitored trend behaviour.
2025-08-17 00:00:00,CP-01,Compressor,93.69,10.75,0.092,405,Low,0.829,0.345,0.202,0.156,0.16,0.136,Within baseline with monitored trend behaviour.
2025-08-18 00:00:00,CP-01,Compressor,93.31,12.4,0.111,406,Low,0.841,0.335,0.194,0.165,0.162,0.144,Within baseline with monitored trend behaviour.
2025-08-19 00:00:00,CP-01,Compressor,93.7,9.4,0.11,401,Low,0.93,0.324,0.191,0.163,0.172,0.149,Within baseline with monitored trend behaviour.
2025-08-20 00:00:00,CP-01,Compressor,90.87,13.02,0.154,405,Low,0.826,0.315,0.21,0.165,0.166,0.144,Within baseline with monitored trend behaviour.
2025-08-21 00:00:00,CP-01,Compressor,89.69,12.22,0.041,405,Low,0.849,0.325,0.188,0.187,0.161,0.138,Within baseline with monitored trend behaviour.
2025-08-22 00:00:00,CP-01,Compressor,90.79,16.07,0.125,404,Low,0.919,0.335,0.177,0.173,0.174,0.141,Within baseline with monitored trend behaviour.
2025-08-23 00:00:00,CP-01,Compressor,91.65,12.68,0.131,400,Low,0.878,0.326,0.197,0.168,0.154,0.155,Within baseline with monitored trend behaviour.
2025-08-24 00:00:00,CP-01,Compressor,89.13,15.49,0.144,404,Low,0.825,0.347,0.191,0.14,0.183,0.138,Within baseline with monitored trend behaviour.
2025-08-25 00:00:00,CP-01,Compressor,88.39,16.43,0.133,398,Low,0.898,0.336,0.174,0.181,0.163,0.146,Within baseline with monitored trend behaviour.
2025-08-26 00:00:00,CP-01,Compressor,89.67,15.18,0.17,397,Low,0.886,0.326,0.185,0.185,0.16,0.144,Within baseline with monitored trend behaviour.
2025-08-27 00:00:00,CP-01,Compressor,88.87,17.13,0.149,403,Low,0.935,0.333,0.174,0.175,0.171,0.147,Within baseline with monitored trend behaviour.
2025-08-28 00:00:00,CP-01,Compressor,92.07,12.9,0.054,392,Low,0.891,0.325,0.176,0.177,0.162,0.161,Within baseline with monitored trend behaviour.
2025-08-29 00:00:00,CP-01,Compressor,89.07,18.52,0.225,389,Low,0.99,0.33,0.184,0.169,0.171,0.146,Within baseline with monitored trend behaviour.
2025-08-30 00:00:00,CP-01,Compressor,90.19,14.22,0.138,392,Low,0.874,0.328,0.186,0.17,0.164,0.152,Within baseline with monitored trend behaviour.
2025-08-31 00:00:00,CP-01,Compressor,91.59,15.29,0.166,396,Low,0.916,0.309,0.197,0.181,0.157,0.156,Within baseline with monitored trend behaviour.
2025-09-01 00:00:00,CP-01,Compressor,92.04,13.26,0.089,399,Low,0.869,0.332,0.187,0.164,0.169,0.147,Within baseline with monitored trend behaviour.
2025-09-02 00:00:00,CP-01,Compressor,90.3,13.46,0.095,390,Low,0.84,0.314,0.198,0.179,0.166,0.143,Within baseline with monitored trend behaviour.
2025-09-03 00:00:00,CP-01,Compressor,90.56,9.88,0.029,399,Low,0.932,0.334,0.208,0.163,0.155,0.139,Within baseline with monitored trend behaviour.
2025-09-04 00:00:00,CP-01,Compressor,88.3,16.56,0.181,391,Low,0.817,0.343,0.191,0.172,0.163,0.13,Within baseline with monitored trend behaviour.
2025-09-05 00:00:00,CP-01,Compressor,91.54,14.96,0.141,390,Low,0.84,0.321,0.203,0.19,0.155,0.131,Within baseline with monitored trend behaviour.
2025-09-06 00:00:00,CP-01,Compressor,91.9,9.79,0.145,386,Low,0.941,0.343,0.177,0.169,0.169,0.141,Within baseline with monitored trend behaviour.
2025-09-07 00:00:00,CP-01,Compressor,86.86,18.56,0.16,397,Low,0.794,0.321,0.188,0.17,0.164,0.156,Within baseline with monitored trend behaviour.
2025-09-08 00:00:00,CP-01,Compressor,92.65,10.62,0.067,387,Low,0.888,0.326,0.195,0.18,0.157,0.142,Within baseline with monitored trend behaviour.
2025-09-09 00:00:00,CP-01,Compressor,88.69,17.72,0.136,382,Low,0.871,0.332,0.206,0.171,0.167,0.124,Within baseline with monitored trend behaviour.
2025-09-10 00:00:00,CP-01,Compressor,90.74,12.19,0.152,396,Low,0.929,0.337,0.203,0.157,0.163,0.14,Within baseline with monitored trend behaviour.
2025-09-11 00:00:00,CP-01,Compressor,89.89,12.42,0.217,387,Low,0.903,0.313,0.197,0.176,0.17,0.145,Within baseline with monitored trend behaviour.
2025-09-12 00:00:00,CP-01,Compressor,89.64,15.64,0.142,388,Low,0.8,0.333,0.184,0.169,0.169,0.144,Within baseline with monitored trend behaviour.
2025-09-13 00:00:00,CP-01,Compressor,89.39,13.37,0.158,391,Low,0.913,0.325,0.212,0.174,0.146,0.143,Within baseline with monitored trend behaviour.
2025-09-14 00:00:00,CP-01,Compressor,88.11,12.98,0.109,386,Low,0.892,0.321,0.203,0.161,0.166,0.15,Within baseline with monitored trend behaviour.
2025-09-15 00:00:00,CP-01,Compressor,90.51,16.97,0.154,386,Low,0.901,0.332,0.206,0.176,0.144,0.142,Within baseline with monitored trend behaviour.
2025-09-16 00:00:00,CP-01,Compressor,89.19,16.99,0.123,382,Low,0.844,0.332,0.19,0.17,0.165,0.143,Within baseline with monitored trend behaviour.
2025-09-17 00:00:00,CP-01,Compressor,87.53,21.22,0.217,384,Low,0.886,0.346,0.187,0.159,0.168,0.139,Within baseline with monitored trend behaviour.
2025-09-18 00:00:00,CP-01,Compressor,87.95,18.62,0.161,380,Low,0.871,0.321,0.196,0.172,0.164,0.147,Within baseline with monitored trend behaviour.
2025-09-19 00:00:00,CP-01,Compressor,87.51,18.84,0.151,379,Low,0.861,0.334,0.186,0.183,0.162,0.134,Within baseline with monitored trend behaviour.
2025-09-20 00:00:00,CP-01,Compressor,88.72,16.53,0.212,379,Low,0.879,0.321,0.185,0.181,0.153,0.16,Within baseline with monitored trend behaviour.
2025-09-21 00:00:00,CP-01,Compressor,90.31,13.19,0.167,376,Low,0.99,0.325,0.204,0.171,0.158,0.142,Within baseline with monitored trend behaviour.
2025-09-22 00:00:00,CP-01,Compressor,88.37,17.3,0.221,379,Low,0.913,0.305,0.193,0.184,0.168,0.149,Within baseline with monitored trend behaviour.
2025-09-23 00:00:00,CP-01,Compressor,91.05,11.42,0.124,378,Low,0.842,0.331,0.186,0.177,0.161,0.144,Within baseline with monitored trend behaviour.
2025-09-24 00:00:00,CP-01,Compressor,89.27,12.88,0.097,379,Low,0.851,0.33,0.191,0.168,0.156,0.156,Within baseline with monitored trend behaviour.
2025-09-25 00:00:00,CP-01,Compressor,88.98,14.76,0.162,377,Low,0.897,0.322,0.195,0.165,0.17,0.148,Within baseline with monitored trend behaviour.
2025-09-26 00:00:00,CP-01,Compressor,89.45,17.36,0.184,382,Low,0.881,0.328,0.191,0.181,0.151,0.15,Within baseline with monitored trend behaviour.
2025-09-27 00:00:00,CP-01,Compressor,91.63,9.26,0.058,377,Low,0.911,0.34,0.175,0.167,0.163,0.155,Within baseline with monitored trend behaviour.
2025-09-28 00:00:00,CP-01,Compressor,87.18,15.52,0.23,371,Low,0.836,0.316,0.189,0.177,0.167,0.152,Within baseline with monitored trend behaviour.
2025-09-29 00:00:00,CP-01,Compressor,92.0,12.38,0.124,373,Low,0.867,0.346,0.182,0.174,0.157,0.142,Within baseline with monitored trend behaviour.
2025-09-30 00:00:00,CP-01,Compressor,90.86,11.96,0.127,376,Low,0.901,0.357,0.186,0.16,0.158,0.138,Within baseline with monitored trend behaviour.
2025-10-01 00:00:00,CP-01,Compressor,89.27,16.0,0.167,366,Low,0.835,0.331,0.197,0.177,0.157,0.139,Within baseline with monitored trend behaviour.
2025-10-02 00:00:00,CP-01,Compressor,91.17,14.34,0.163,377,Low,0.844,0.343,0.183,0.155,0.159,0.161,Within baseline with monitored trend behaviour.
2025-10-03 00:00:00,CP-01,Compressor,88.74,16.69,0.157,365,Low,0.808,0.338,0.186,0.163,0.159,0.153,Within baseline with monitored trend behaviour.
2025-10-04 00:00:00,CP-01,Compressor,89.69,13.17,0.182,371,Low,0.943,0.354,0.18,0.169,0.156,0.142,Within baseline with monitored trend behaviour.
2025-10-05 00:00:00,CP-01,Compressor,88.34,18.88,0.247,367,Low,0.936,0.33,0.189,0.18,0.155,0.146,Within baseline with monitored trend behaviour.
2025-10-06 00:00:00,CP-01,Compressor,90.73,14.46,0.068,366,Low,0.906,0.338,0.196,0.176,0.158,0.132,Within baseline with monitored trend behaviour.
2025-10-07 00:00:00,CP-01,Compressor,88.03,16.81,0.159,360,Low,0.888,0.318,0.191,0.182,0.171,0.139,Within baseline with monitored trend behaviour.
2025-10-08 00:00:00,CP-01,Compressor,89.06,15.28,0.197,368,Low,0.887,0.326,0.189,0.172,0.17,0.144,Within baseline with monitored trend behaviour.
2025-10-09 00:00:00,CP-01,Compressor,90.2,14.46,0.163,358,Low,0.894,0.329,0.186,0.18,0.167,0.138,Within baseline with monitored trend behaviour.
2025-10-10 00:00:00,CP-01,Compressor,90.77,12.3,0.08,357,Low,0.9,0.319,0.197,0.184,0.155,0.144,Within baseline with monitored trend behaviour.
2025-10-11 00:00:00,CP-01,Compressor,87.76,13.88,0.123,367,Low,0.869,0.334,0.187,0.176,0.172,0.131,Within baseline with monitored trend behaviour.
2025-10-12 00:00:00,CP-01,Compressor,90.25,15.15,0.212,368,Low,0.804,0.339,0.2,0.16,0.148,0.154,Within baseline with monitored trend behaviour.
2025-10-13 00:00:00,CP-01,Compressor,87.45,18.95,0.126,358,Low,0.926,0.32,0.198,0.184,0.152,0.145,Within baseline with monitored trend behaviour.
2025-10-14 00:00:00,CP-01,Compressor,85.56,15.62,0.161,364,Low,0.885,0.331,0.19,0.192,0.164,0.123,Within baseline with monitored trend behaviour.
2025-10-15 00:00:00,CP-01,Compressor,87.78,18.13,0.177,362,Low,0.942,0.329,0.198,0.176,0.164,0.133,Within baseline with monitored trend behaviour.
2025-10-16 00:00:00,CP-01,Compressor,90.29,17.11,0.156,358,Low,0.937,0.323,0.196,0.178,0.166,0.138,Within baseline with monitored trend behaviour.
2025-10-17 00:00:00,CP-01,Compressor,88.91,13.27,0.12,363,Low,0.894,0.324,0.19,0.177,0.159,0.151,Within baseline with monitored trend behaviour.
2025-10-18 00:00:00,CP-01,Compressor,88.05,16.59,0.191,356,Low,0.909,0.328,0.199,0.164,0.166,0.143,Within baseline with monitored trend behaviour.
2025-10-19 00:00:00,CP-01,Compressor,88.97,15.08,0.179,358,Low,0.984,0.329,0.182,0.161,0.172,0.156,Within baseline with monitored trend behaviour.
2025-10-20 00:00:00,CP-01,Compressor,88.89,18.87,0.202,350,Low,0.862,0.338,0.193,0.169,0.167,0.134,Within baseline with monitored trend behaviour.
2025-10-21 00:00:00,CP-01,Compressor,89.83,16.48,0.19,349,Low,0.912,0.33,0.176,0.174,0.173,0.147,Within baseline with monitored trend behaviour.
2025-10-22 00:00:00,CP-01,Compressor,86.23,17.52,0.17,358,Low,0.879,0.325,0.179,0.185,0.168,0.144,Within baseline with monitored trend behaviour.
2025-10-23 00:00:00,CP-01,Compressor,88.62,16.61,0.221,355,Low,0.896,0.321,0.196,0.176,0.166,0.14,Within baseline with monitored trend behaviour.
2025-10-24 00:00:00,CP-01,Compressor,88.96,20.06,0.229,351,Low,0.884,0.332,0.194,0.172,0.162,0.141,Within baseline with monitored trend behaviour.
2025-10-25 00:00:00,CP-01,Compressor,86.55,17.57,0.153,359,Low,0.828,0.319,0.194,0.172,0.18,0.135,Within baseline with monitored trend behaviour.
2025-10-26 00:00:00,CP-01,Compressor,86.51,18.87,0.209,358,Low,0.925,0.335,0.201,0.176,0.152,0.136,Within baseline with monitored trend behaviour.
2025-10-27 00:00:00,CP-01,Compressor,88.11,17.68,0.219,351,Low,0.932,0.342,0.194,0.168,0.162,0.134,Within baseline with monitored trend behaviour.
2025-10-28 00:00:00,CP-01,Compressor,88.68,14.63,0.155,343,Low,0.868,0.34,0.182,0.175,0.156,0.147,Within baseline with monitored trend behaviour.
2025-10-29 00:00:00,CP-01,Compressor,88.66,19.4,0.156,347,Low,0.905,0.329,0.198,0.163,0.166,0.144,Within baseline with monitored trend behaviour.
2025-10-30 00:00:00,CP-01,Compressor,87.73,16.23,0.09,344,Low,0.838,0.323,0.187,0.176,0.166,0.148,Within baseline with monitored trend behaviour.
2025-10-31 00:00:00,CP-01,Compressor,87.64,14.52,0.171,347,Low,0.897,0.332,0.204,0.155,0.149,0.159,Within baseline with monitored trend behaviour.
2025-11-01 00:00:00,CP-01,Compressor,87.94,15.83,0.115,342,Low,0.916,0.337,0.187,0.173,0.149,0.153,Within baseline with monitored trend behaviour.
2025-11-02 00:00:00,CP-01,Compressor,89.03,16.67,0.133,340,Low,0.783,0.34,0.172,0.176,0.162,0.15,Within baseline with monitored trend behaviour.
2025-11-03 00:00:00,CP-01,Compressor,90.52,11.68,0.085,335,Low,0.888,0.325,0.179,0.16,0.178,0.158,Within baseline with monitored trend behaviour.
2025-11-04 00:00:00,CP-01,Compressor,84.95,21.68,0.178,344,Low,0.886,0.317,0.189,0.194,0.165,0.135,Within baseline with monitored trend behaviour.
2025-11-05 00:00:00,CP-01,Compressor,89.47,15.86,0.145,333,Low,0.847,0.331,0.182,0.167,0.151,0.168,Within baseline with monitored trend behaviour.
2025-11-06 00:00:00,CP-01,Compressor,88.28,14.0,0.143,340,Low,0.885,0.331,0.192,0.183,0.147,0.146,Within baseline with monitored trend behaviour.
2025-11-07 00:00:00,CP-01,Compressor,89.27,13.89,0.11,343,Low,0.882,0.334,0.193,0.162,0.162,0.149,Within baseline with monitored trend behaviour.
2025-11-08 00:00:00,CP-01,Compressor,90.3,14.27,0.108,337,Low,0.896,0.325,0.203,0.178,0.155,0.139,Within baseline with monitored trend behaviour.
2025-11-09 00:00:00,CP-01,Compressor,87.17,19.36,0.179,335,Low,0.913,0.322,0.193,0.178,0.154,0.153,Within baseline with monitored trend behaviour.
2025-11-10 00:00:00,CP-01,Compressor,89.87,13.11,0.122,338,Low,0.904,0.314,0.199,0.189,0.165,0.133,Within baseline with monitored trend behaviour.
2025-11-11 00:00:00,CP-01,Compressor,86.33,19.45,0.205,334,Low,0.84,0.325,0.197,0.179,0.152,0.146,Within baseline with monitored trend behaviour.
2025-11-12 00:00:00,CP-01,Compressor,88.51,15.51,0.164,337,Low,0.833,0.324,0.203,0.177,0.142,0.153,Within baseline with monitored trend behaviour.
2025-11-13 00:00:00,CP-01,Compressor,87.9,18.4,0.135,332,Low,0.903,0.325,0.185,0.179,0.166,0.144,Within baseline with monitored trend behaviour.
2025-11-14 00:00:00,CP-01,Compressor,88.34,17.37,0.208,335,Low,0.924,0.318,0.194,0.17,0.167,0.153,Within baseline with monitored trend behaviour.
2025-11-15 00:00:00,CP-01,Compressor,86.65,17.94,0.124,333,Low,0.869,0.326,0.204,0.164,0.16,0.147,Within baseline with monitored trend behaviour.
2025-11-16 00:00:00,CP-01,Compressor,88.91,16.48,0.175,333,Low,0.841,0.341,0.194,0.158,0.152,0.154,Within baseline with monitored trend behaviour.
2025-11-17 00:00:00,CP-01,Compressor,90.73,12.16,0.116,339,Low,0.821,0.333,0.189,0.179,0.164,0.136,Within baseline with monitored trend behaviour.
2025-11-18 00:00:00,CP-01,Compressor,86.61,19.66,0.264,333,Low,0.866,0.338,0.19,0.159,0.165,0.147,Within baseline with monitored trend behaviour.
2025-11-19 00:00:00,CP-01,Compressor,88.44,17.12,0.153,333,Low,0.919,0.33,0.202,0.174,0.149,0.145,Within baseline with monitored trend behaviour.
2025-11-20 00:00:00,CP-01,Compressor,89.49,19.46,0.196,328,Low,0.848,0.321,0.201,0.174,0.15,0.154,Within baseline with monitored trend behaviour.
2025-11-21 00:00:00,CP-01,Compressor,87.62,16.66,0.169,330,Low,0.845,0.327,0.193,0.172,0.154,0.154,Within baseline with monitored trend behaviour.
2025-11-22 00:00:00,CP-01,Compressor,90.24,13.37,0.158,328,Low,0.804,0.327,0.2,0.172,0.16,0.141,Within baseline with monitored trend behaviour.
2025-11-23 00:00:00,CP-01,Compressor,87.36,16.41,0.211,328,Low,0.826,0.347,0.184,0.176,0.144,0.148,Within baseline with monitored trend behaviour.
2025-11-24 00:00:00,CP-01,Compressor,87.83,14.97,0.16,330,Low,0.872,0.327,0.19,0.163,0.169,0.15,Within baseline with monitored trend behaviour.
2025-11-25 00:00:00,CP-01,Compressor,86.41,18.12,0.274,324,Low,0.885,0.327,0.202,0.172,0.176,0.124,Within baseline with monitored trend behaviour.
2025-11-26 00:00:00,CP-01,Compressor,88.17,17.89,0.169,324,Low,0.891,0.33,0.183,0.182,0.161,0.144,Within baseline with monitored trend behaviour.
2025-11-27 00:00:00,CP-01,Compressor,87.95,18.34,0.231,323,Low,0.918,0.339,0.183,0.17,0.17,0.139,Within baseline with monitored trend behaviour.
2025-11-28 00:00:00,CP-01,Compressor,88.94,16.08,0.17,322,Low,0.843,0.33,0.195,0.171,0.16,0.144,Within baseline with monitored trend behaviour.
2025-11-29 00:00:00,CP-01,Compressor,86.88,17.78,0.183,324,Low,0.935,0.324,0.191,0.174,0.17,0.141,Within baseline with monitored trend behaviour.
2025-11-30 00:00:00,CP-01,Compressor,86.78,17.52,0.127,321,Low,0.936,0.322,0.185,0.178,0.177,0.138,Within baseline with monitored trend behaviour.
2025-12-01 00:00:00,CP-01,Compressor,88.59,14.14,0.165,328,Low,0.856,0.332,0.193,0.174,0.164,0.137,Within baseline with monitored trend behaviour.
2025-12-02 00:00:00,CP-01,Compressor,90.06,12.8,0.119,332,Low,0.84,0.325,0.187,0.179,0.175,0.134,Within baseline with monitored trend behaviour.
2025-12-03 00:00:00,CP-01,Compressor,88.81,13.08,0.13,318,Low,0.88,0.332,0.185,0.173,0.154,0.157,Within baseline with monitored trend behaviour.
2025-12-04 00:00:00,CP-01,Compressor,90.73,15.69,0.156,320,Low,0.878,0.345,0.205,0.16,0.15,0.141,Within baseline with monitored trend behaviour.
2025-12-05 00:00:00,CP-01,Compressor,88.64,19.58,0.218,323,Low,0.921,0.336,0.205,0.166,0.156,0.137,Within baseline with monitored trend behaviour.
2025-12-06 00:00:00,CP-01,Compressor,88.56,12.15,0.168,317,Low,0.875,0.343,0.182,0.182,0.16,0.132,Within baseline with monitored trend behaviour.
2025-12-07 00:00:00,CP-01,Compressor,88.79,16.27,0.155,313,Low,0.854,0.32,0.194,0.167,0.169,0.151,Within baseline with monitored trend behaviour.
2025-12-08 00:00:00,CP-01,Compressor,90.06,14.46,0.131,323,Low,0.812,0.319,0.196,0.168,0.168,0.149,Within baseline with monitored trend behaviour.
2025-12-09 00:00:00,CP-01,Compressor,89.63,14.93,0.159,318,Low,0.95,0.328,0.192,0.173,0.163,0.144,Within baseline with monitored trend behaviour.
2025-12-10 00:00:00,CP-01,Compressor,85.89,18.56,0.144,316,Low,0.837,0.332,0.186,0.168,0.16,0.155,Within baseline with monitored trend behaviour.
2025-12-11 00:00:00,CP-01,Compressor,88.89,17.6,0.142,320,Low,0.865,0.338,0.19,0.149,0.173,0.149,Within baseline with monitored trend behaviour.
2025-12-12 00:00:00,CP-01,Compressor,88.01,17.61,0.197,316,Low,0.873,0.321,0.194,0.178,0.156,0.152,Within baseline with monitored trend behaviour.
2025-12-13 00:00:00,CP-01,Compressor,87.25,19.92,0.176,312,Low,0.921,0.345,0.179,0.19,0.148,0.138,Within baseline with monitored trend behaviour.
2025-12-14 00:00:00,CP-01,Compressor,84.7,19.95,0.231,307,Low,0.818,0.335,0.201,0.163,0.157,0.143,Within baseline with monitored trend behaviour.
2025-12-15 00:00:00,CP-01,Compressor,85.04,18.17,0.178,309,Low,0.9,0.341,0.191,0.162,0.163,0.144,Within baseline with monitored trend behaviour.
2025-12-16 00:00:00,CP-01,Compressor,86.9,19.21,0.178,315,Low,0.841,0.324,0.182,0.168,0.181,0.145,Within baseline with monitored trend behaviour.
2025-12-17 00:00:00,CP-01,Compressor,85.11,18.91,0.235,312,Low,0.876,0.332,0.209,0.174,0.159,0.127,Within baseline with monitored trend behaviour.
2025-12-18 00:00:00,CP-01,Compressor,86.88,20.47,0.178,307,Low,0.883,0.331,0.203,0.159,0.175,0.132,Within baseline with monitored trend behaviour.
2025-12-19 00:00:00,CP-01,Compressor,88.55,11.77,0.118,314,Low,0.928,0.345,0.183,0.166,0.167,0.139,Within baseline with monitored trend behaviour.
2025-12-20 00:00:00,CP-01,Compressor,86.45,18.03,0.155,306,Low,0.894,0.322,0.198,0.175,0.161,0.143,Within baseline with monitored trend behaviour.
2025-12-21 00:00:00,CP-01,Compressor,87.49,16.28,0.162,310,Low,0.921,0.326,0.203,0.16,0.179,0.132,Within baseline with monitored trend behaviour.
2025-12-22 00:00:00,CP-01,Compressor,85.62,19.46,0.22,306,Low,0.945,0.342,0.205,0.15,0.161,0.142,Within baseline with monitored trend behaviour.
2025-12-23 00:00:00,CP-01,Compressor,87.79,17.62,0.182,312,Low,0.887,0.325,0.196,0.168,0.169,0.142,Within baseline with monitored trend behaviour.
2025-12-24 00:00:00,CP-01,Compressor,88.1,17.45,0.173,306,Low,0.867,0.334,0.182,0.187,0.147,0.149,Within baseline with monitored trend behaviour.
2025-12-25 00:00:00,CP-01,Compressor,84.98,22.3,0.218,303,Low,0.85,0.335,0.212,0.155,0.157,0.141,Within baseline with monitored trend behaviour.
2025-12-26 00:00:00,CP-01,Compressor,86.03,21.06,0.221,301,Low,0.905,0.347,0.197,0.171,0.158,0.128,Within baseline with monitored trend behaviour.
2025-12-27 00:00:00,CP-01,Compressor,85.18,20.4,0.222,301,Low,0.845,0.317,0.206,0.181,0.157,0.14,Within baseline with monitored trend behaviour.
2025-12-28 00:00:00,CP-01,Compressor,88.0,21.02,0.227,297,Low,0.853,0.321,0.184,0.168,0.167,0.159,Within baseline with monitored trend behaviour.
2025-12-29 00:00:00,CP-01,Compressor,87.42,20.38,0.211,294,Low,0.822,0.315,0.189,0.173,0.168,0.154,Within baseline with monitored trend behaviour.
2025-12-30 00:00:00,CP-01,Compressor,87.06,17.5,0.152,300,Low,0.872,0.333,0.21,0.176,0.152,0.129,Within baseline with monitored trend behaviour.
2025-12-31 00:00:00,CP-01,Compressor,86.91,18.06,0.175,296,Low,0.796,0.339,0.188,0.163,0.149,0.161,Within baseline with monitored trend behaviour.
2026-01-01 00:00:00,CP-01,Compressor,87.6,16.69,0.149,295,Low,0.82,0.329,0.182,0.172,0.163,0.153,Within baseline with monitored trend behaviour.
2026-01-02 00:00:00,CP-01,Compressor,87.61,18.07,0.196,296,Low,0.909,0.34,0.181,0.161,0.165,0.153,Within baseline with monitored trend behaviour.
2026-01-03 00:00:00,CP-01,Compressor,86.24,17.31,0.163,296,Low,0.845,0.336,0.192,0.176,0.16,0.136,Within baseline with monitored trend behaviour.
2026-01-04 00:00:00,CP-01,Compressor,86.0,18.03,0.171,295,Low,0.908,0.333,0.188,0.192,0.16,0.127,Within baseline with monitored trend behaviour.
2026-01-05 00:00:00,CP-01,Compressor,86.89,14.02,0.198,301,Low,0.872,0.335,0.192,0.172,0.16,0.14,Within baseline with monitored trend behaviour.
2026-01-06 00:00:00,CP-01,Compressor,86.66,17.88,0.175,296,Low,0.835,0.339,0.195,0.159,0.157,0.15,Within baseline with monitored trend behaviour.
2026-01-07 00:00:00,CP-01,Compressor,90.23,15.8,0.086,301,Low,0.847,0.328,0.203,0.16,0.156,0.153,Within baseline with monitored trend behaviour.
2026-01-08 00:00:00,CP-01,Compressor,86.3,18.88,0.255,290,Low,0.833,0.331,0.167,0.183,0.173,0.145,Within baseline with monitored trend behaviour.
2026-01-09 00:00:00,CP-01,Compressor,87.35,17.52,0.175,294,Low,0.864,0.324,0.201,0.177,0.161,0.137,Within baseline with monitored trend behaviour.
2026-01-10 00:00:00,CP-01,Compressor,87.61,17.91,0.167,288,Low,0.853,0.349,0.194,0.147,0.166,0.145,Within baseline with monitored trend behaviour.
2026-01-11 00:00:00,CP-01,Compressor,89.08,13.29,0.12,287,Low,0.867,0.348,0.191,0.18,0.144,0.138,Within baseline with monitored trend behaviour.
2026-01-12 00:00:00,CP-01,Compressor,85.51,20.33,0.19,297,Low,0.892,0.314,0.185,0.182,0.161,0.159,Within baseline with monitored trend behaviour.
2026-01-13 00:00:00,CP-01,Compressor,88.93,17.28,0.222,285,Low,0.841,0.311,0.201,0.175,0.162,0.15,Within baseline with monitored trend behaviour.
2026-01-14 00:00:00,CP-01,Compressor,86.53,19.48,0.172,278,Low,0.923,0.334,0.186,0.181,0.153,0.146,Within baseline with monitored trend behaviour.
2026-01-15 00:00:00,CP-01,Compressor,90.74,14.92,0.126,283,Low,0.875,0.328,0.205,0.167,0.152,0.147,Within baseline with monitored trend behaviour.
2026-01-16 00:00:00,CP-01,Compressor,87.29,20.32,0.196,277,Low,0.848,0.333,0.18,0.178,0.16,0.15,Within baseline with monitored trend behaviour.
2026-01-17 00:00:00,CP-01,Compressor,84.72,22.72,0.165,281,Low,0.846,0.326,0.192,0.184,0.168,0.13,Within baseline with monitored trend behaviour.
2026-01-18 00:00:00,CP-01,Compressor,86.35,17.69,0.16,280,Low,0.859,0.332,0.186,0.191,0.158,0.134,Within baseline with monitored trend behaviour.
2026-01-19 00:00:00,CP-01,Compressor,88.78,15.03,0.189,283,Low,0.984,0.334,0.188,0.187,0.149,0.141,Within baseline with monitored trend behaviour.
2026-01-20 00:00:00,CP-01,Compressor,86.74,22.42,0.236,274,Low,0.925,0.344,0.19,0.161,0.158,0.148,Within baseline with monitored trend behaviour.
2026-01-21 00:00:00,CP-01,Compressor,86.49,19.54,0.217,286,Low,0.808,0.317,0.18,0.17,0.179,0.154,Within baseline with monitored trend behaviour.
2026-01-22 00:00:00,CP-01,Compressor,87.71,17.57,0.152,273,Low,0.907,0.328,0.196,0.172,0.152,0.153,Within baseline with monitored trend behaviour.
2026-01-23 00:00:00,CP-01,Compressor,85.98,17.9,0.115,279,Low,0.915,0.34,0.192,0.167,0.166,0.135,Within baseline with monitored trend behaviour.
2026-01-24 00:00:00,CP-01,Compressor,86.17,19.17,0.217,278,Low,0.88,0.338,0.178,0.161,0.174,0.148,Within baseline with monitored trend behaviour.
2026-01-25 00:00:00,CP-01,Compressor,84.97,22.47,0.186,281,Low,0.805,0.323,0.194,0.174,0.161,0.149,Within baseline with monitored trend behaviour.
2026-01-26 00:00:00,CP-01,Compressor,89.23,15.11,0.09,279,Low,0.9,0.329,0.194,0.167,0.174,0.136,Within baseline with monitored trend behaviour.
2026-01-27 00:00:00,CP-01,Compressor,84.48,20.69,0.177,281,Low,0.916,0.335,0.193,0.156,0.176,0.14,Within baseline with monitored trend behaviour.
2026-01-28 00:00:00,CP-01,Compressor,86.68,18.07,0.155,274,Low,0.902,0.326,0.2,0.178,0.157,0.138,Within baseline with monitored trend behaviour.
2026-01-29 00:00:00,CP-01,Compressor,87.15,20.37,0.16,273,Low,0.915,0.319,0.197,0.183,0.164,0.137,Within baseline with monitored trend behaviour.
2026-01-30 00:00:00,CP-01,Compressor,86.34,20.46,0.206,276,Low,0.888,0.348,0.192,0.167,0.156,0.137,Within baseline with monitored trend behaviour.
2026-01-31 00:00:00,CP-01,Compressor,84.33,23.01,0.315,277,Low,0.864,0.329,0.174,0.175,0.167,0.156,Within baseline with monitored trend behaviour.
2026-02-01 00:00:00,CP-01,Compressor,84.71,22.29,0.221,276,Low,0.838,0.343,0.193,0.168,0.155,0.142,Within baseline with monitored trend behaviour.
2026-02-02 00:00:00,CP-01,Compressor,87.12,15.67,0.132,273,Low,0.865,0.333,0.189,0.158,0.17,0.15,Within baseline with monitored trend behaviour.
2026-02-03 00:00:00,CP-01,Compressor,85.01,21.53,0.218,272,Low,0.869,0.333,0.195,0.159,0.166,0.146,Within baseline with monitored trend behaviour.
2026-02-04 00:00:00,CP-01,Compressor,82.92,26.05,0.298,270,Low,0.864,0.31,0.221,0.167,0.157,0.145,Within baseline with monitored trend behaviour.
2026-02-05 00:00:00,CP-01,Compressor,86.83,17.92,0.093,271,Low,0.894,0.33,0.208,0.162,0.158,0.141,Within baseline with monitored trend behaviour.
2026-02-06 00:00:00,CP-01,Compressor,84.79,23.25,0.216,277,Low,0.873,0.351,0.185,0.176,0.15,0.138,Within baseline with monitored trend behaviour.
2026-02-07 00:00:00,CP-01,Compressor,87.17,19.06,0.201,267,Low,0.854,0.339,0.173,0.163,0.172,0.154,Within baseline with monitored trend behaviour.
2026-02-08 00:00:00,CP-01,Compressor,85.81,21.52,0.229,266,Low,0.931,0.317,0.181,0.181,0.166,0.155,Within baseline with monitored trend behaviour.
2026-02-09 00:00:00,CP-01,Compressor,85.71,20.11,0.182,264,Low,0.898,0.327,0.189,0.173,0.162,0.149,Within baseline with monitored trend behaviour.
2026-02-10 00:00:00,CP-01,Compressor,86.16,21.14,0.159,267,Low,0.799,0.336,0.182,0.174,0.157,0.151,Within baseline with monitored trend behaviour.
2026-02-11 00:00:00,CP-01,Compressor,84.23,19.14,0.199,256,Low,0.861,0.339,0.184,0.174,0.166,0.138,Within baseline with monitored trend behaviour.
2026-02-12 00:00:00,CP-01,Compressor,84.71,21.47,0.184,263,Low,0.918,0.328,0.187,0.174,0.17,0.14,Within baseline with monitored trend behaviour.
2026-02-13 00:00:00,CP-01,Compressor,85.59,21.6,0.11,267,Low,0.907,0.319,0.211,0.16,0.155,0.154,Within baseline with monitored trend behaviour.
2026-02-14 00:00:00,CP-01,Compressor,84.15,22.79,0.232,260,Low,0.908,0.337,0.194,0.167,0.151,0.151,Within baseline with monitored trend behaviour.
2026-02-15 00:00:00,CP-01,Compressor,87.1,20.26,0.212,262,Low,0.894,0.326,0.185,0.184,0.164,0.142,Within baseline with monitored trend behaviour.
2026-02-16 00:00:00,CP-01,Compressor,85.44,20.08,0.192,269,Low,0.911,0.347,0.183,0.164,0.163,0.142,Within baseline with monitored trend behaviour.
2026-02-17 00:00:00,CP-01,Compressor,83.58,21.89,0.286,261,Low,0.878,0.319,0.192,0.178,0.156,0.155,Within baseline with monitored trend behaviour.
2026-02-18 00:00:00,CP-01,Compressor,84.98,17.75,0.196,250,Low,0.822,0.333,0.189,0.161,0.159,0.158,Within baseline with monitored trend behaviour.
2026-02-19 00:00:00,CP-01,Compressor,86.01,19.04,0.196,253,Low,0.849,0.343,0.176,0.176,0.176,0.13,Within baseline with monitored trend behaviour.
2026-02-20 00:00:00,CP-01,Compressor,85.11,21.88,0.278,257,Low,0.89,0.345,0.188,0.172,0.162,0.133,Within baseline with monitored trend behaviour.
2026-02-21 00:00:00,CP-01,Compressor,86.44,20.51,0.279,254,Low,0.919,0.333,0.188,0.18,0.156,0.143,Within baseline with monitored trend behaviour.
2026-02-22 00:00:00,CP-01,Compressor,86.69,15.83,0.193,256,Low,0.874,0.333,0.183,0.166,0.165,0.153,Within baseline with monitored trend behaviour.
2026-02-23 00:00:00,CP-01,Compressor,89.59,16.92,0.151,254,Low,0.934,0.329,0.203,0.178,0.154,0.137,Within baseline with monitored trend behaviour.
2026-02-24 00:00:00,CP-01,Compressor,87.56,15.46,0.172,259,Low,0.862,0.337,0.195,0.174,0.157,0.137,Within baseline with monitored trend behaviour.
2026-02-25 00:00:00,CP-01,Compressor,83.08,23.45,0.267,249,Low,0.867,0.327,0.199,0.17,0.164,0.14,Within baseline with monitored trend behaviour.
2026-02-26 00:00:00,CP-01,Compressor,85.09,19.73,0.102,252,Low,0.834,0.339,0.169,0.189,0.165,0.137,Within baseline with monitored trend behaviour.
2026-02-27 00:00:00,CP-01,Compressor,85.22,21.53,0.168,253,Low,0.903,0.333,0.165,0.187,0.157,0.158,Within baseline with monitored trend behaviour.
2026-02-28 00:00:00,CP-01,Compressor,86.54,19.03,0.213,253,Low,0.905,0.324,0.196,0.164,0.158,0.159,Within baseline with monitored trend behaviour.
2026-03-01 00:00:00,CP-01,Compressor,84.1,23.62,0.232,251,Low,0.82,0.342,0.194,0.166,0.164,0.134,Within baseline with monitored trend behaviour.
2026-03-02 00:00:00,CP-01,Compressor,84.72,25.08,0.272,240,Low,0.908,0.338,0.189,0.181,0.161,0.13,Within baseline with monitored trend behaviour.
2026-03-03 00:00:00,CP-01,Compressor,83.55,23.82,0.265,249,Low,0.884,0.33,0.193,0.166,0.171,0.14,Within baseline with monitored trend behaviour.
2026-03-04 00:00:00,CP-01,Compressor,84.55,20.47,0.169,247,Low,0.895,0.335,0.18,0.173,0.163,0.149,Within baseline with monitored trend behaviour.
2026-03-05 00:00:00,CP-01,Compressor,84.59,22.5,0.217,251,Low,0.924,0.346,0.21,0.172,0.147,0.125,Within baseline with monitored trend behaviour.
2026-03-06 00:00:00,CP-01,Compressor,84.96,24.94,0.255,249,Low,0.916,0.313,0.185,0.179,0.162,0.162,Within baseline with monitored trend behaviour.
2026-03-07 00:00:00,CP-01,Compressor,83.54,24.36,0.277,247,Low,0.952,0.324,0.185,0.181,0.16,0.15,Within baseline with monitored trend behaviour.
2026-03-08 00:00:00,CP-01,Compressor,86.98,20.11,0.235,246,Low,0.868,0.336,0.193,0.168,0.159,0.145,Within baseline with monitored trend behaviour.
2026-03-09 00:00:00,CP-01,Compressor,86.14,16.21,0.097,249,Low,0.874,0.314,0.187,0.164,0.166,0.168,Within baseline with monitored trend behaviour.
2026-03-10 00:00:00,CP-01,Compressor,83.04,24.51,0.16,248,Low,0.876,0.336,0.19,0.162,0.162,0.15,Within baseline with monitored trend behaviour.
2026-03-11 00:00:00,CP-01,Compressor,85.38,19.94,0.177,244,Low,0.912,0.341,0.193,0.181,0.157,0.127,Within baseline with monitored trend behaviour.
2026-03-12 00:00:00,CP-01,Compressor,82.81,22.71,0.273,250,Low,0.885,0.347,0.187,0.158,0.151,0.157,Within baseline with monitored trend behaviour.
2026-03-13 00:00:00,CP-01,Compressor,87.43,17.55,0.153,238,Low,0.99,0.334,0.202,0.173,0.149,0.141,Within baseline with monitored trend behaviour.
2026-03-14 00:00:00,CP-01,Compressor,87.84,17.24,0.259,235,Low,0.897,0.333,0.191,0.162,0.163,0.151,Within baseline with monitored trend behaviour.
2026-03-15 00:00:00,CP-01,Compressor,85.14,19.55,0.143,239,Low,0.873,0.327,0.187,0.182,0.162,0.141,Within baseline with monitored trend behaviour.
2026-03-16 00:00:00,CP-01,Compressor,83.84,23.0,0.189,237,Low,0.909,0.335,0.2,0.161,0.163,0.141,Within baseline with monitored trend behaviour.
2026-03-17 00:00:00,CP-01,Compressor,84.12,21.89,0.192,228,Low,0.879,0.329,0.212,0.168,0.168,0.123,Within baseline with monitored trend behaviour.
2026-03-18 00:00:00,CP-01,Compressor,84.43,23.2,0.193,234,Low,0.822,0.322,0.179,0.174,0.179,0.147,Within baseline with monitored trend behaviour.
2026-03-19 00:00:00,CP-01,Compressor,84.96,21.51,0.181,238,Low,0.932,0.32,0.199,0.172,0.155,0.154,Within baseline with monitored trend behaviour.
2026-03-20 00:00:00,CP-01,Compressor,87.3,18.54,0.195,235,Low,0.846,0.315,0.202,0.166,0.162,0.154,Within baseline with monitored trend behaviour.
2026-03-21 00:00:00,CP-01,Compressor,86.61,20.71,0.208,231,Low,0.847,0.334,0.185,0.179,0.17,0.132,Within baseline with monitored trend behaviour.
2026-03-22 00:00:00,CP-01,Compressor,86.6,19.86,0.158,234,Low,0.865,0.335,0.193,0.17,0.168,0.133,Within baseline with monitored trend behaviour.
2026-03-23 00:00:00,CP-01,Compressor,85.3,20.57,0.209,234,Low,0.928,0.329,0.182,0.17,0.167,0.153,Within baseline with monitored trend behaviour.
2026-03-24 00:00:00,CP-01,Compressor,83.15,19.41,0.168,235,Low,0.853,0.324,0.194,0.178,0.169,0.135,Within baseline with monitored trend behaviour.
2026-03-25 00:00:00,CP-01,Compressor,83.74,23.79,0.267,229,Low,0.891,0.321,0.206,0.177,0.155,0.14,Within baseline with monitored trend behaviour.
2026-03-26 00:00:00,CP-01,Compressor,85.04,19.12,0.203,234,Low,0.862,0.321,0.186,0.178,0.171,0.144,Within baseline with monitored trend behaviour.
2026-03-27 00:00:00,CP-01,Compressor,83.0,23.63,0.257,225,Low,0.915,0.331,0.181,0.163,0.19,0.135,Within baseline with monitored trend behaviour.
2026-03-28 00:00:00,CP-01,Compressor,85.38,21.21,0.214,227,Low,0.832,0.327,0.198,0.182,0.149,0.144,Within baseline with monitored trend behaviour.
2026-03-29 00:00:00,CP-01,Compressor,86.16,22.05,0.215,235,Low,0.99,0.322,0.206,0.165,0.157,0.15,Within baseline with monitored trend behaviour.
2026-03-30 00:00:00,CP-01,Compressor,85.71,23.68,0.244,223,Low,0.829,0.324,0.184,0.17,0.169,0.153,Within baseline with monitored trend behaviour.
2026-03-31 00:00:00,CP-01,Compressor,85.62,18.28,0.289,224,Low,0.88,0.34,0.194,0.162,0.158,0.146,Within baseline with monitored trend behaviour.
2026-04-01 00:00:00,CP-01,Compressor,81.8,22.84,0.208,221,Low,0.949,0.323,0.208,0.175,0.156,0.138,Within baseline with monitored trend behaviour.
2026-04-02 00:00:00,CP-01,Compressor,86.9,19.0,0.216,222,Low,0.946,0.339,0.185,0.174,0.166,0.136,Within baseline with monitored trend behaviour.
2026-04-03 00:00:00,CP-01,Compressor,82.23,25.36,0.279,225,Low,0.874,0.315,0.206,0.16,0.165,0.154,Within baseline with monitored trend behaviour.
2026-04-04 00:00:00,CP-01,Compressor,84.47,19.34,0.288,226,Low,0.843,0.322,0.193,0.176,0.176,0.132,Within baseline with monitored trend behaviour.
2026-04-05 00:00:00,CP-01,Compressor,85.67,20.02,0.248,223,Low,0.93,0.338,0.187,0.171,0.164,0.14,Within baseline with monitored trend behaviour.
2026-04-06 00:00:00,CP-01,Compressor,85.23,21.87,0.148,221,Low,0.929,0.329,0.188,0.155,0.169,0.158,Within baseline with monitored trend behaviour.
2026-04-07 00:00:00,CP-01,Compressor,82.59,21.92,0.205,216,Low,0.849,0.313,0.207,0.182,0.166,0.133,Within baseline with monitored trend behaviour.
2026-04-08 00:00:00,CP-01,Compressor,82.85,22.02,0.134,217,Low,0.815,0.333,0.187,0.191,0.147,0.142,Within baseline with monitored trend behaviour.
2026-04-09 00:00:00,CP-01,Compressor,85.04,19.66,0.211,213,Low,0.836,0.329,0.189,0.163,0.176,0.143,Within baseline with monitored trend behaviour.
2026-04-10 00:00:00,CP-01,Compressor,85.37,20.06,0.211,222,Low,0.905,0.331,0.191,0.171,0.16,0.148,Within baseline with monitored trend behaviour.
2026-04-11 00:00:00,CP-01,Compressor,82.76,25.53,0.243,221,Low,0.913,0.314,0.204,0.169,0.171,0.142,Within baseline with monitored trend behaviour.
2026-04-12 00:00:00,CP-01,Compressor,85.13,20.17,0.213,217,Low,0.879,0.328,0.188,0.174,0.157,0.153,Within baseline with monitored trend behaviour.
2026-04-13 00:00:00,CP-01,Compressor,82.05,25.24,0.281,218,Low,0.905,0.322,0.198,0.181,0.144,0.155,Within baseline with monitored trend behaviour.
2026-04-14 00:00:00,CP-01,Compressor,85.45,24.87,0.227,219,Low,0.859,0.322,0.189,0.17,0.157,0.162,Within baseline with monitored trend behaviour.
2026-04-15 00:00:00,CP-01,Compressor,83.01,21.88,0.177,215,Low,0.823,0.318,0.195,0.173,0.162,0.152,Within baseline with monitored trend behaviour.
2026-04-16 00:00:00,CP-01,Compressor,84.52,20.36,0.181,220,Low,0.852,0.337,0.185,0.168,0.154,0.154,Within baseline with monitored trend behaviour.
2026-04-17 00:00:00,CP-01,Compressor,84.23,23.43,0.254,209,Low,0.909,0.326,0.192,0.167,0.165,0.15,Within baseline with monitored trend behaviour.
2026-04-18 00:00:00,CP-01,Compressor,86.2,21.3,0.213,211,Low,0.886,0.334,0.192,0.177,0.162,0.136,Within baseline with monitored trend behaviour.
2026-04-19 00:00:00,CP-01,Compressor,84.7,22.24,0.257,210,Low,0.873,0.338,0.193,0.157,0.161,0.15,Within baseline with monitored trend behaviour.
2026-04-20 00:00:00,CP-01,Compressor,83.33,26.95,0.217,213,Low,0.872,0.312,0.213,0.179,0.154,0.142,Within baseline with monitored trend behaviour.
2026-04-21 00:00:00,CP-01,Compressor,84.84,21.86,0.254,204,Low,0.955,0.32,0.197,0.178,0.166,0.139,Within baseline with monitored trend behaviour.
2026-04-22 00:00:00,CP-01,Compressor,87.67,13.32,0.184,215,Low,0.936,0.326,0.197,0.165,0.168,0.144,Within baseline with monitored trend behaviour.
2026-04-23 00:00:00,CP-01,Compressor,85.4,20.64,0.284,211,Low,0.798,0.325,0.203,0.169,0.157,0.146,Within baseline with monitored trend behaviour.
2026-04-24 00:00:00,CP-01,Compressor,84.09,21.13,0.223,215,Low,0.855,0.323,0.192,0.192,0.168,0.125,Within baseline with monitored trend behaviour.
2026-04-25 00:00:00,CP-01,Compressor,82.82,26.81,0.274,207,Low,0.846,0.318,0.196,0.182,0.149,0.155,Within baseline with monitored trend behaviour.
2026-04-26 00:00:00,CP-01,Compressor,83.15,25.53,0.286,204,Low,0.83,0.325,0.183,0.169,0.165,0.157,Within baseline with monitored trend behaviour.
2026-04-27 00:00:00,CP-01,Compressor,85.19,17.55,0.174,208,Low,0.86,0.321,0.202,0.171,0.158,0.148,Within baseline with monitored trend behaviour.
2026-04-28 00:00:00,CP-01,Compressor,82.66,26.98,0.237,209,Low,0.875,0.324,0.191,0.177,0.154,0.155,Within baseline with monitored trend behaviour.
2026-04-29 00:00:00,CP-01,Compressor,84.06,24.2,0.184,201,Low,0.887,0.33,0.187,0.17,0.157,0.156,Within baseline with monitored trend behaviour.
2026-04-30 00:00:00,CP-01,Compressor,86.33,18.5,0.155,195,Low,0.871,0.33,0.186,0.171,0.17,0.143,Within baseline with monitored trend behaviour.
2026-05-01 00:00:00,CP-01,Compressor,84.24,21.91,0.277,195,Low,0.889,0.325,0.183,0.169,0.18,0.143,Within baseline with monitored trend behaviour.
2026-05-02 00:00:00,CP-01,Compressor,82.25,27.64,0.289,202,Low,0.848,0.329,0.204,0.17,0.17,0.127,Within baseline with monitored trend behaviour.
2026-05-03 00:00:00,CP-01,Compressor,87.43,13.65,0.08,207,Low,0.929,0.324,0.189,0.169,0.175,0.143,Within baseline with monitored trend behaviour.
2026-05-04 00:00:00,CP-01,Compressor,86.74,19.46,0.197,195,Low,0.87,0.324,0.182,0.189,0.156,0.148,Within baseline with monitored trend behaviour.
2026-05-05 00:00:00,CP-01,Compressor,84.69,23.61,0.256,198,Low,0.883,0.329,0.184,0.17,0.164,0.153,Within baseline with monitored trend behaviour.
2026-05-06 00:00:00,CP-01,Compressor,85.91,19.55,0.233,197,Low,0.879,0.321,0.198,0.182,0.162,0.137,Within baseline with monitored trend behaviour.
2026-05-07 00:00:00,CP-01,Compressor,83.41,24.52,0.214,205,Low,0.858,0.339,0.182,0.176,0.167,0.137,Within baseline with monitored trend behaviour.
2026-05-08 00:00:00,CP-01,Compressor,84.97,21.25,0.208,206,Low,0.876,0.318,0.201,0.159,0.165,0.157,Within baseline with monitored trend behaviour.
2026-05-09 00:00:00,CP-01,Compressor,83.11,22.08,0.155,198,Low,0.868,0.337,0.189,0.174,0.147,0.153,Within baseline with monitored trend behaviour.
2026-05-10 00:00:00,CP-01,Compressor,81.59,24.16,0.262,199,Low,0.848,0.331,0.19,0.166,0.172,0.141,Within baseline with monitored trend behaviour.
2026-05-11 00:00:00,CP-01,Compressor,87.88,18.39,0.094,198,Low,0.847,0.325,0.184,0.188,0.165,0.137,Within baseline with monitored trend behaviour.
2026-05-12 00:00:00,CP-01,Compressor,81.46,24.69,0.235,188,Low,0.935,0.349,0.2,0.163,0.138,0.149,Within baseline with monitored trend behaviour.
2026-05-13 00:00:00,CP-01,Compressor,84.16,19.13,0.168,195,Low,0.866,0.324,0.199,0.191,0.151,0.135,Within baseline with monitored trend behaviour.
2026-05-14 00:00:00,CP-01,Compressor,84.11,22.49,0.293,188,Low,0.866,0.321,0.188,0.165,0.181,0.146,Within baseline with monitored trend behaviour.
2026-05-15 00:00:00,CP-01,Compressor,84.45,20.74,0.261,190,Low,0.805,0.331,0.19,0.186,0.15,0.143,Within baseline with monitored trend behaviour.
2026-05-16 00:00:00,CP-01,Compressor,83.46,20.76,0.17,195,Low,0.894,0.339,0.201,0.162,0.151,0.147,Within baseline with monitored trend behaviour.
2026-05-17 00:00:00,CP-01,Compressor,83.45,23.32,0.221,190,Low,0.852,0.318,0.191,0.181,0.169,0.141,Within baseline with monitored trend behaviour.
2026-05-18 00:00:00,CP-01,Compressor,83.77,24.26,0.164,193,Low,0.955,0.312,0.188,0.179,0.166,0.154,Within baseline with monitored trend behaviour.
2026-05-19 00:00:00,CP-01,Compressor,84.29,22.04,0.181,193,Low,0.814,0.33,0.172,0.168,0.174,0.156,Within baseline with monitored trend behaviour.
2026-05-20 00:00:00,CP-01,Compressor,83.49,20.98,0.167,180,Low,0.77,0.323,0.19,0.182,0.155,0.15,Within baseline with monitored trend behaviour.
2026-05-21 00:00:00,CP-01,Compressor,83.36,24.27,0.256,178,Low,0.902,0.338,0.186,0.175,0.153,0.148,Within baseline with monitored trend behaviour.
2026-05-22 00:00:00,CP-01,Compressor,81.32,28.22,0.306,190,Low,0.896,0.328,0.2,0.172,0.163,0.137,Within baseline with monitored trend behaviour.
2026-05-23 00:00:00,CP-01,Compressor,86.63,23.14,0.188,190,Low,0.896,0.319,0.186,0.18,0.177,0.138,Within baseline with monitored trend behaviour.
2026-05-24 00:00:00,CP-01,Compressor,84.24,24.95,0.302,185,Low,0.947,0.334,0.192,0.154,0.175,0.145,Within baseline with monitored trend behaviour.
2026-05-25 00:00:00,CP-01,Compressor,83.69,20.82,0.285,185,Low,0.861,0.317,0.189,0.177,0.184,0.133,Within baseline with monitored trend behaviour.
2026-05-26 00:00:00,CP-01,Compressor,82.33,26.45,0.238,186,Low,0.87,0.325,0.185,0.176,0.161,0.153,Within baseline with monitored trend behaviour.
2026-05-27 00:00:00,CP-01,Compressor,81.7,26.14,0.231,185,Low,0.851,0.333,0.189,0.175,0.163,0.141,Within baseline with monitored trend behaviour.
2026-05-28 00:00:00,CP-01,Compressor,84.65,19.18,0.229,180,Low,0.914,0.327,0.176,0.173,0.164,0.16,Within baseline with monitored trend behaviour.
2026-05-29 00:00:00,CP-01,Compressor,82.99,24.38,0.237,184,Low,0.83,0.32,0.188,0.177,0.163,0.151,Within baseline with monitored trend behaviour.
2025-05-30 00:00:00,EM-01,Energy Meter,94.47,8.35,0.012,837,Low,0.848,0.293,0.192,0.193,0.171,0.15,Within baseline with monitored trend behaviour.
2025-05-31 00:00:00,EM-01,Energy Meter,95.79,6.21,0.024,830,Low,0.861,0.299,0.201,0.184,0.156,0.159,Within baseline with monitored trend behaviour.
2025-06-01 00:00:00,EM-01,Energy Meter,95.11,9.81,0.184,829,Low,0.881,0.302,0.191,0.171,0.188,0.149,Within baseline with monitored trend behaviour.
2025-06-02 00:00:00,EM-01,Energy Meter,95.08,9.6,0.139,830,Low,0.869,0.311,0.191,0.184,0.169,0.145,Within baseline with monitored trend behaviour.
2025-06-03 00:00:00,EM-01,Energy Meter,96.03,5.32,0.031,826,Low,0.946,0.309,0.199,0.191,0.173,0.128,Within baseline with monitored trend behaviour.
2025-06-04 00:00:00,EM-01,Energy Meter,95.79,4.61,0.053,832,Low,0.888,0.3,0.212,0.169,0.171,0.148,Within baseline with monitored trend behaviour.
2025-06-05 00:00:00,EM-01,Energy Meter,97.65,4.15,0.002,818,Low,0.844,0.322,0.196,0.179,0.157,0.146,Within baseline with monitored trend behaviour.
2025-06-06 00:00:00,EM-01,Energy Meter,95.94,4.38,0.078,826,Low,0.978,0.303,0.2,0.178,0.167,0.152,Within baseline with monitored trend behaviour.
2025-06-07 00:00:00,EM-01,Energy Meter,96.84,6.19,0.02,820,Low,0.883,0.306,0.223,0.165,0.146,0.161,Within baseline with monitored trend behaviour.
2025-06-08 00:00:00,EM-01,Energy Meter,96.23,6.13,0.046,815,Low,0.932,0.299,0.202,0.177,0.175,0.148,Within baseline with monitored trend behaviour.
2025-06-09 00:00:00,EM-01,Energy Meter,98.19,7.87,0.048,827,Low,0.92,0.308,0.199,0.174,0.173,0.146,Within baseline with monitored trend behaviour.
2025-06-10 00:00:00,EM-01,Energy Meter,95.45,9.31,0.083,826,Low,0.846,0.308,0.207,0.179,0.165,0.141,Within baseline with monitored trend behaviour.
2025-06-11 00:00:00,EM-01,Energy Meter,95.45,4.21,0.054,814,Low,0.878,0.306,0.198,0.182,0.16,0.155,Within baseline with monitored trend behaviour.
2025-06-12 00:00:00,EM-01,Energy Meter,97.12,3.0,0.029,815,Low,0.842,0.323,0.204,0.175,0.158,0.14,Within baseline with monitored trend behaviour.
2025-06-13 00:00:00,EM-01,Energy Meter,95.41,2.59,0.066,810,Low,0.861,0.307,0.206,0.189,0.18,0.118,Within baseline with monitored trend behaviour.
2025-06-14 00:00:00,EM-01,Energy Meter,96.71,0.33,0.0,810,Low,0.866,0.305,0.193,0.16,0.177,0.165,Within baseline with monitored trend behaviour.
2025-06-15 00:00:00,EM-01,Energy Meter,99.65,0.72,0.0,805,Low,0.883,0.333,0.176,0.168,0.167,0.156,Within baseline with monitored trend behaviour.
2025-06-16 00:00:00,EM-01,Energy Meter,94.34,5.54,0.062,803,Low,0.835,0.3,0.206,0.185,0.164,0.145,Within baseline with monitored trend behaviour.
2025-06-17 00:00:00,EM-01,Energy Meter,98.35,5.6,0.121,814,Low,0.851,0.315,0.186,0.165,0.184,0.149,Within baseline with monitored trend behaviour.
2025-06-18 00:00:00,EM-01,Energy Meter,95.1,9.17,0.051,805,Low,0.85,0.299,0.205,0.183,0.184,0.129,Within baseline with monitored trend behaviour.
2025-06-19 00:00:00,EM-01,Energy Meter,98.03,2.22,0.045,804,Low,0.904,0.309,0.193,0.182,0.168,0.148,Within baseline with monitored trend behaviour.
2025-06-20 00:00:00,EM-01,Energy Meter,96.98,3.58,0.018,799,Low,0.864,0.298,0.202,0.182,0.19,0.128,Within baseline with monitored trend behaviour.
2025-06-21 00:00:00,EM-01,Energy Meter,96.83,7.4,0.042,802,Low,0.937,0.312,0.205,0.175,0.164,0.145,Within baseline with monitored trend behaviour.
2025-06-22 00:00:00,EM-01,Energy Meter,95.63,9.55,0.064,794,Low,0.924,0.312,0.193,0.174,0.163,0.158,Within baseline with monitored trend behaviour.
2025-06-23 00:00:00,EM-01,Energy Meter,95.46,4.49,0.065,795,Low,0.914,0.297,0.196,0.186,0.173,0.148,Within baseline with monitored trend behaviour.
2025-06-24 00:00:00,EM-01,Energy Meter,94.7,5.3,0.107,792,Low,0.909,0.329,0.194,0.165,0.17,0.14,Within baseline with monitored trend behaviour.
2025-06-25 00:00:00,EM-01,Energy Meter,95.86,5.19,0.1,801,Low,0.854,0.299,0.217,0.167,0.167,0.15,Within baseline with monitored trend behaviour.
2025-06-26 00:00:00,EM-01,Energy Meter,95.55,7.09,0.105,787,Low,0.93,0.3,0.195,0.192,0.167,0.145,Within baseline with monitored trend behaviour.
2025-06-27 00:00:00,EM-01,Energy Meter,96.14,4.37,0.049,788,Low,0.9,0.311,0.207,0.167,0.152,0.163,Within baseline with monitored trend behaviour.
2025-06-28 00:00:00,EM-01,Energy Meter,93.57,9.9,0.073,783,Low,0.954,0.308,0.189,0.176,0.189,0.138,Within baseline with monitored trend behaviour.
2025-06-29 00:00:00,EM-01,Energy Meter,95.86,9.69,0.134,786,Low,0.98,0.309,0.201,0.181,0.173,0.136,Within baseline with monitored trend behaviour.
2025-06-30 00:00:00,EM-01,Energy Meter,97.84,0.21,0.056,787,Low,0.894,0.309,0.201,0.175,0.167,0.149,Within baseline with monitored trend behaviour.
2025-07-01 00:00:00,EM-01,Energy Meter,97.32,2.85,0.011,791,Low,0.871,0.3,0.191,0.187,0.182,0.14,Within baseline with monitored trend behaviour.
2025-07-02 00:00:00,EM-01,Energy Meter,95.84,3.04,0.013,785,Low,0.918,0.308,0.208,0.178,0.166,0.141,Within baseline with monitored trend behaviour.
2025-07-03 00:00:00,EM-01,Energy Meter,99.9,0.0,0.017,783,Low,0.941,0.304,0.192,0.175,0.181,0.149,Within baseline with monitored trend behaviour.
2025-07-04 00:00:00,EM-01,Energy Meter,94.87,6.59,0.025,784,Low,0.846,0.294,0.196,0.174,0.191,0.146,Within baseline with monitored trend behaviour.
2025-07-05 00:00:00,EM-01,Energy Meter,95.65,4.63,0.055,780,Low,0.888,0.302,0.196,0.187,0.159,0.156,Within baseline with monitored trend behaviour.
2025-07-06 00:00:00,EM-01,Energy Meter,93.46,10.19,0.022,790,Low,0.862,0.314,0.204,0.177,0.154,0.151,Within baseline with monitored trend behaviour.
2025-07-07 00:00:00,EM-01,Energy Meter,95.13,7.12,0.112,776,Low,0.874,0.302,0.203,0.171,0.172,0.151,Within baseline with monitored trend behaviour.
2025-07-08 00:00:00,EM-01,Energy Meter,98.63,2.51,0.03,779,Low,0.83,0.299,0.184,0.18,0.18,0.156,Within baseline with monitored trend behaviour.
2025-07-09 00:00:00,EM-01,Energy Meter,95.18,6.13,0.067,779,Low,0.944,0.315,0.202,0.171,0.168,0.144,Within baseline with monitored trend behaviour.
2025-07-10 00:00:00,EM-01,Energy Meter,93.32,8.93,0.11,772,Low,0.932,0.305,0.208,0.177,0.179,0.132,Within baseline with monitored trend behaviour.
2025-07-11 00:00:00,EM-01,Energy Meter,97.15,3.29,0.014,774,Low,0.844,0.304,0.194,0.186,0.165,0.151,Within baseline with monitored trend behaviour.
2025-07-12 00:00:00,EM-01,Energy Meter,96.37,4.58,0.084,770,Low,0.808,0.334,0.194,0.171,0.163,0.139,Within baseline with monitored trend behaviour.
2025-07-13 00:00:00,EM-01,Energy Meter,97.07,4.94,0.097,771,Low,0.901,0.317,0.19,0.175,0.15,0.168,Within baseline with monitored trend behaviour.
2025-07-14 00:00:00,EM-01,Energy Meter,95.26,2.79,0.058,769,Low,0.819,0.295,0.2,0.18,0.17,0.155,Within baseline with monitored trend behaviour.
2025-07-15 00:00:00,EM-01,Energy Meter,94.12,8.81,0.119,767,Low,0.83,0.302,0.195,0.185,0.166,0.152,Within baseline with monitored trend behaviour.
2025-07-16 00:00:00,EM-01,Energy Meter,95.43,4.66,0.174,761,Low,0.903,0.297,0.201,0.18,0.168,0.153,Within baseline with monitored trend behaviour.
2025-07-17 00:00:00,EM-01,Energy Meter,96.6,4.08,0.105,772,Low,0.922,0.305,0.204,0.18,0.166,0.145,Within baseline with monitored trend behaviour.
2025-07-18 00:00:00,EM-01,Energy Meter,95.59,3.04,0.006,765,Low,0.841,0.317,0.193,0.171,0.163,0.156,Within baseline with monitored trend behaviour.
2025-07-19 00:00:00,EM-01,Energy Meter,96.33,4.43,0.052,755,Low,0.896,0.308,0.204,0.182,0.173,0.133,Within baseline with monitored trend behaviour.
2025-07-20 00:00:00,EM-01,Energy Meter,94.84,7.78,0.01,759,Low,0.853,0.305,0.195,0.164,0.18,0.156,Within baseline with monitored trend behaviour.
2025-07-21 00:00:00,EM-01,Energy Meter,96.37,5.99,0.089,753,Low,0.837,0.305,0.2,0.186,0.169,0.14,Within baseline with monitored trend behaviour.
2025-07-22 00:00:00,EM-01,Energy Meter,95.68,3.67,0.015,760,Low,0.874,0.32,0.188,0.172,0.167,0.152,Within baseline with monitored trend behaviour.
2025-07-23 00:00:00,EM-01,Energy Meter,94.55,8.45,0.155,756,Low,0.867,0.309,0.217,0.17,0.169,0.135,Within baseline with monitored trend behaviour.
2025-07-24 00:00:00,EM-01,Energy Meter,95.9,8.02,0.108,755,Low,0.933,0.3,0.187,0.167,0.181,0.165,Within baseline with monitored trend behaviour.
2025-07-25 00:00:00,EM-01,Energy Meter,95.05,5.94,0.04,750,Low,0.889,0.319,0.214,0.171,0.147,0.15,Within baseline with monitored trend behaviour.
2025-07-26 00:00:00,EM-01,Energy Meter,96.65,4.69,0.05,751,Low,0.896,0.308,0.201,0.18,0.165,0.145,Within baseline with monitored trend behaviour.
2025-07-27 00:00:00,EM-01,Energy Meter,97.05,0.0,0.044,754,Low,0.917,0.322,0.191,0.188,0.159,0.139,Within baseline with monitored trend behaviour.
2025-07-28 00:00:00,EM-01,Energy Meter,96.45,3.17,0.064,753,Low,0.896,0.326,0.189,0.16,0.165,0.161,Within baseline with monitored trend behaviour.
2025-07-29 00:00:00,EM-01,Energy Meter,93.03,10.3,0.075,751,Low,0.907,0.295,0.194,0.183,0.181,0.147,Within baseline with monitored trend behaviour.
2025-07-30 00:00:00,EM-01,Energy Meter,94.09,10.18,0.158,740,Low,0.857,0.313,0.197,0.174,0.173,0.143,Within baseline with monitored trend behaviour.
2025-07-31 00:00:00,EM-01,Energy Meter,94.61,6.35,0.0,744,Low,0.897,0.306,0.181,0.171,0.174,0.167,Within baseline with monitored trend behaviour.
2025-08-01 00:00:00,EM-01,Energy Meter,94.35,13.25,0.077,744,Low,0.831,0.325,0.198,0.183,0.165,0.129,Within baseline with monitored trend behaviour.
2025-08-02 00:00:00,EM-01,Energy Meter,94.75,7.98,0.077,739,Low,0.821,0.306,0.202,0.165,0.173,0.154,Within baseline with monitored trend behaviour.
2025-08-03 00:00:00,EM-01,Energy Meter,97.09,1.53,0.0,734,Low,0.926,0.322,0.2,0.167,0.171,0.139,Within baseline with monitored trend behaviour.
2025-08-04 00:00:00,EM-01,Energy Meter,96.72,7.16,0.083,734,Low,0.862,0.281,0.2,0.188,0.176,0.155,Within baseline with monitored trend behaviour.
2025-08-05 00:00:00,EM-01,Energy Meter,94.92,4.61,0.0,744,Low,0.894,0.307,0.199,0.165,0.175,0.154,Within baseline with monitored trend behaviour.
2025-08-06 00:00:00,EM-01,Energy Meter,96.54,5.5,0.026,732,Low,0.942,0.296,0.208,0.184,0.162,0.15,Within baseline with monitored trend behaviour.
2025-08-07 00:00:00,EM-01,Energy Meter,96.11,3.58,0.0,735,Low,0.881,0.306,0.204,0.189,0.16,0.141,Within baseline with monitored trend behaviour.
2025-08-08 00:00:00,EM-01,Energy Meter,95.53,3.55,0.0,733,Low,0.825,0.293,0.211,0.185,0.163,0.148,Within baseline with monitored trend behaviour.
2025-08-09 00:00:00,EM-01,Energy Meter,97.41,5.55,0.052,732,Low,0.838,0.309,0.191,0.177,0.163,0.159,Within baseline with monitored trend behaviour.
2025-08-10 00:00:00,EM-01,Energy Meter,94.51,7.17,0.029,729,Low,0.854,0.315,0.195,0.196,0.156,0.137,Within baseline with monitored trend behaviour.
2025-08-11 00:00:00,EM-01,Energy Meter,95.65,9.55,0.076,732,Low,0.859,0.317,0.205,0.166,0.148,0.164,Within baseline with monitored trend behaviour.
2025-08-12 00:00:00,EM-01,Energy Meter,93.87,6.54,0.048,728,Low,0.872,0.314,0.204,0.166,0.162,0.155,Within baseline with monitored trend behaviour.
2025-08-13 00:00:00,EM-01,Energy Meter,93.94,5.36,0.053,724,Low,0.839,0.295,0.197,0.174,0.178,0.156,Within baseline with monitored trend behaviour.
2025-08-14 00:00:00,EM-01,Energy Meter,93.36,8.33,0.015,725,Low,0.936,0.313,0.181,0.17,0.185,0.15,Within baseline with monitored trend behaviour.
2025-08-15 00:00:00,EM-01,Energy Meter,93.96,14.24,0.159,719,Low,0.931,0.313,0.205,0.18,0.149,0.153,Within baseline with monitored trend behaviour.
2025-08-16 00:00:00,EM-01,Energy Meter,95.66,7.74,0.052,724,Low,0.866,0.32,0.179,0.188,0.168,0.145,Within baseline with monitored trend behaviour.
2025-08-17 00:00:00,EM-01,Energy Meter,95.04,8.05,0.092,718,Low,0.902,0.308,0.189,0.177,0.174,0.151,Within baseline with monitored trend behaviour.
2025-08-18 00:00:00,EM-01,Energy Meter,95.08,8.06,0.074,717,Low,0.895,0.317,0.194,0.18,0.16,0.149,Within baseline with monitored trend behaviour.
2025-08-19 00:00:00,EM-01,Energy Meter,95.03,5.99,0.072,720,Low,0.923,0.307,0.197,0.172,0.173,0.151,Within baseline with monitored trend behaviour.
2025-08-20 00:00:00,EM-01,Energy Meter,98.34,7.78,0.086,715,Low,0.922,0.306,0.194,0.179,0.168,0.153,Within baseline with monitored trend behaviour.
2025-08-21 00:00:00,EM-01,Energy Meter,93.68,9.77,0.168,714,Low,0.957,0.32,0.201,0.163,0.177,0.139,Within baseline with monitored trend behaviour.
2025-08-22 00:00:00,EM-01,Energy Meter,93.5,9.83,0.039,719,Low,0.962,0.295,0.206,0.162,0.177,0.16,Within baseline with monitored trend behaviour.
2025-08-23 00:00:00,EM-01,Energy Meter,94.13,10.19,0.171,709,Low,0.878,0.319,0.198,0.177,0.169,0.137,Within baseline with monitored trend behaviour.
2025-08-24 00:00:00,EM-01,Energy Meter,95.36,3.95,0.088,713,Low,0.879,0.306,0.207,0.169,0.159,0.159,Within baseline with monitored trend behaviour.
2025-08-25 00:00:00,EM-01,Energy Meter,96.29,3.43,0.02,713,Low,0.906,0.298,0.208,0.177,0.171,0.146,Within baseline with monitored trend behaviour.
2025-08-26 00:00:00,EM-01,Energy Meter,96.45,4.47,0.075,713,Low,0.953,0.3,0.197,0.181,0.165,0.157,Within baseline with monitored trend behaviour.
2025-08-27 00:00:00,EM-01,Energy Meter,96.97,6.22,0.15,716,Low,0.867,0.323,0.202,0.178,0.153,0.144,Within baseline with monitored trend behaviour.
2025-08-28 00:00:00,EM-01,Energy Meter,95.28,4.01,0.0,703,Low,0.893,0.312,0.188,0.181,0.178,0.141,Within baseline with monitored trend behaviour.
2025-08-29 00:00:00,EM-01,Energy Meter,94.81,7.13,0.08,701,Low,0.831,0.32,0.197,0.177,0.163,0.142,Within baseline with monitored trend behaviour.
2025-08-30 00:00:00,EM-01,Energy Meter,98.05,2.31,0.0,706,Low,0.834,0.304,0.197,0.182,0.18,0.136,Within baseline with monitored trend behaviour.
2025-08-31 00:00:00,EM-01,Energy Meter,90.98,9.48,0.11,705,Low,0.881,0.312,0.188,0.178,0.173,0.149,Within baseline with monitored trend behaviour.
2025-09-01 00:00:00,EM-01,Energy Meter,95.53,5.24,0.092,697,Low,0.89,0.315,0.199,0.173,0.168,0.145,Within baseline with monitored trend behaviour.
2025-09-02 00:00:00,EM-01,Energy Meter,96.11,6.53,0.026,700,Low,0.847,0.304,0.211,0.18,0.161,0.144,Within baseline with monitored trend behaviour.
2025-09-03 00:00:00,EM-01,Energy Meter,98.41,0.0,0.0,708,Low,0.843,0.299,0.214,0.19,0.158,0.139,Within baseline with monitored trend behaviour.
2025-09-04 00:00:00,EM-01,Energy Meter,92.75,12.97,0.128,696,Low,0.859,0.317,0.202,0.184,0.16,0.138,Within baseline with monitored trend behaviour.
2025-09-05 00:00:00,EM-01,Energy Meter,94.73,8.32,0.121,698,Low,0.845,0.305,0.213,0.16,0.174,0.149,Within baseline with monitored trend behaviour.
2025-09-06 00:00:00,EM-01,Energy Meter,93.22,10.18,0.145,699,Low,0.908,0.303,0.193,0.174,0.169,0.161,Within baseline with monitored trend behaviour.
2025-09-07 00:00:00,EM-01,Energy Meter,92.51,10.5,0.126,701,Low,0.913,0.312,0.193,0.178,0.172,0.146,Within baseline with monitored trend behaviour.
2025-09-08 00:00:00,EM-01,Energy Meter,95.05,4.74,0.06,691,Low,0.928,0.321,0.18,0.17,0.182,0.147,Within baseline with monitored trend behaviour.
2025-09-09 00:00:00,EM-01,Energy Meter,96.71,3.31,0.035,694,Low,0.945,0.302,0.204,0.177,0.17,0.147,Within baseline with monitored trend behaviour.
2025-09-10 00:00:00,EM-01,Energy Meter,97.3,4.51,0.083,684,Low,0.828,0.295,0.202,0.173,0.18,0.15,Within baseline with monitored trend behaviour.
2025-09-11 00:00:00,EM-01,Energy Meter,94.51,6.38,0.087,686,Low,0.867,0.312,0.197,0.185,0.171,0.134,Within baseline with monitored trend behaviour.
2025-09-12 00:00:00,EM-01,Energy Meter,96.42,5.39,0.086,683,Low,0.784,0.301,0.195,0.179,0.173,0.152,Within baseline with monitored trend behaviour.
2025-09-13 00:00:00,EM-01,Energy Meter,95.03,5.16,0.062,675,Low,0.916,0.312,0.21,0.178,0.161,0.139,Within baseline with monitored trend behaviour.
2025-09-14 00:00:00,EM-01,Energy Meter,96.23,6.18,0.012,675,Low,0.882,0.315,0.194,0.181,0.165,0.145,Within baseline with monitored trend behaviour.
2025-09-15 00:00:00,EM-01,Energy Meter,97.18,5.0,0.005,682,Low,0.889,0.311,0.19,0.174,0.185,0.139,Within baseline with monitored trend behaviour.
2025-09-16 00:00:00,EM-01,Energy Meter,95.02,3.72,0.058,680,Low,0.938,0.322,0.196,0.176,0.165,0.141,Within baseline with monitored trend behaviour.
2025-09-17 00:00:00,EM-01,Energy Meter,97.05,4.27,0.025,673,Low,0.91,0.309,0.201,0.172,0.174,0.145,Within baseline with monitored trend behaviour.
2025-09-18 00:00:00,EM-01,Energy Meter,93.37,6.23,0.083,682,Low,0.915,0.297,0.212,0.171,0.17,0.15,Within baseline with monitored trend behaviour.
2025-09-19 00:00:00,EM-01,Energy Meter,96.36,1.38,0.0,670,Low,0.948,0.3,0.192,0.177,0.182,0.149,Within baseline with monitored trend behaviour.
2025-09-20 00:00:00,EM-01,Energy Meter,96.96,3.07,0.001,674,Low,0.894,0.316,0.19,0.191,0.158,0.145,Within baseline with monitored trend behaviour.
2025-09-21 00:00:00,EM-01,Energy Meter,96.78,10.1,0.13,670,Low,0.906,0.315,0.204,0.173,0.159,0.149,Within baseline with monitored trend behaviour.
2025-09-22 00:00:00,EM-01,Energy Meter,93.39,10.8,0.056,671,Low,0.829,0.313,0.208,0.171,0.159,0.149,Within baseline with monitored trend behaviour.
2025-09-23 00:00:00,EM-01,Energy Meter,94.95,9.85,0.123,672,Low,0.906,0.328,0.192,0.181,0.156,0.143,Within baseline with monitored trend behaviour.
2025-09-24 00:00:00,EM-01,Energy Meter,95.76,7.15,0.058,670,Low,0.825,0.298,0.193,0.194,0.172,0.144,Within baseline with monitored trend behaviour.
2025-09-25 00:00:00,EM-01,Energy Meter,95.98,6.04,0.031,669,Low,0.853,0.32,0.214,0.156,0.154,0.156,Within baseline with monitored trend behaviour.
2025-09-26 00:00:00,EM-01,Energy Meter,95.45,8.16,0.066,667,Low,0.869,0.318,0.192,0.191,0.154,0.145,Within baseline with monitored trend behaviour.
2025-09-27 00:00:00,EM-01,Energy Meter,97.54,2.16,0.028,658,Low,0.862,0.321,0.201,0.178,0.167,0.131,Within baseline with monitored trend behaviour.
2025-09-28 00:00:00,EM-01,Energy Meter,93.18,10.49,0.176,666,Low,0.873,0.303,0.204,0.173,0.176,0.144,Within baseline with monitored trend behaviour.
2025-09-29 00:00:00,EM-01,Energy Meter,94.86,9.55,0.116,656,Low,0.886,0.314,0.194,0.182,0.155,0.155,Within baseline with monitored trend behaviour.
2025-09-30 00:00:00,EM-01,Energy Meter,92.54,11.85,0.163,659,Low,0.863,0.306,0.204,0.192,0.161,0.137,Within baseline with monitored trend behaviour.
2025-10-01 00:00:00,EM-01,Energy Meter,96.22,7.77,0.107,656,Low,0.942,0.312,0.181,0.196,0.163,0.147,Within baseline with monitored trend behaviour.
2025-10-02 00:00:00,EM-01,Energy Meter,96.11,5.81,0.067,658,Low,0.889,0.309,0.204,0.192,0.16,0.134,Within baseline with monitored trend behaviour.
2025-10-03 00:00:00,EM-01,Energy Meter,100.0,3.38,0.018,653,Low,0.817,0.294,0.2,0.174,0.176,0.156,Within baseline with monitored trend behaviour.
2025-10-04 00:00:00,EM-01,Energy Meter,96.85,3.99,0.024,653,Low,0.815,0.309,0.188,0.184,0.158,0.161,Within baseline with monitored trend behaviour.
2025-10-05 00:00:00,EM-01,Energy Meter,95.73,10.21,0.095,658,Low,0.836,0.313,0.193,0.177,0.166,0.151,Within baseline with monitored trend behaviour.
2025-10-06 00:00:00,EM-01,Energy Meter,95.6,7.3,0.115,645,Low,0.859,0.296,0.209,0.174,0.179,0.143,Within baseline with monitored trend behaviour.
2025-10-07 00:00:00,EM-01,Energy Meter,94.68,6.68,0.16,649,Low,0.933,0.29,0.197,0.188,0.174,0.151,Within baseline with monitored trend behaviour.
2025-10-08 00:00:00,EM-01,Energy Meter,95.39,4.09,0.028,643,Low,0.858,0.309,0.202,0.182,0.173,0.135,Within baseline with monitored trend behaviour.
2025-10-09 00:00:00,EM-01,Energy Meter,95.62,4.52,0.054,649,Low,0.942,0.325,0.191,0.166,0.172,0.146,Within baseline with monitored trend behaviour.
2025-10-10 00:00:00,EM-01,Energy Meter,92.03,9.25,0.096,642,Low,0.868,0.301,0.19,0.201,0.162,0.145,Within baseline with monitored trend behaviour.
2025-10-11 00:00:00,EM-01,Energy Meter,95.48,6.15,0.046,644,Low,0.909,0.298,0.211,0.171,0.181,0.139,Within baseline with monitored trend behaviour.
2025-10-12 00:00:00,EM-01,Energy Meter,95.32,4.01,0.0,637,Low,0.879,0.303,0.194,0.182,0.175,0.147,Within baseline with monitored trend behaviour.
2025-10-13 00:00:00,EM-01,Energy Meter,97.96,5.45,0.112,646,Low,0.881,0.302,0.2,0.19,0.172,0.136,Within baseline with monitored trend behaviour.
2025-10-14 00:00:00,EM-01,Energy Meter,94.93,7.32,0.095,640,Low,0.899,0.305,0.188,0.177,0.174,0.156,Within baseline with monitored trend behaviour.
2025-10-15 00:00:00,EM-01,Energy Meter,93.91,8.66,0.111,638,Low,0.899,0.309,0.193,0.169,0.171,0.158,Within baseline with monitored trend behaviour.
2025-10-16 00:00:00,EM-01,Energy Meter,95.56,3.89,0.019,640,Low,0.824,0.293,0.209,0.176,0.172,0.15,Within baseline with monitored trend behaviour.
2025-10-17 00:00:00,EM-01,Energy Meter,95.24,5.12,0.078,630,Low,0.883,0.314,0.211,0.167,0.157,0.151,Within baseline with monitored trend behaviour.
2025-10-18 00:00:00,EM-01,Energy Meter,94.91,2.69,0.0,631,Low,0.893,0.319,0.191,0.188,0.155,0.147,Within baseline with monitored trend behaviour.
2025-10-19 00:00:00,EM-01,Energy Meter,93.06,12.95,0.142,633,Low,0.788,0.304,0.2,0.19,0.161,0.146,Within baseline with monitored trend behaviour.
2025-10-20 00:00:00,EM-01,Energy Meter,94.85,4.37,0.003,624,Low,0.938,0.307,0.208,0.166,0.162,0.157,Within baseline with monitored trend behaviour.
2025-10-21 00:00:00,EM-01,Energy Meter,94.17,5.48,0.016,623,Low,0.861,0.313,0.191,0.176,0.176,0.144,Within baseline with monitored trend behaviour.
2025-10-22 00:00:00,EM-01,Energy Meter,94.74,10.19,0.1,625,Low,0.898,0.302,0.207,0.179,0.163,0.149,Within baseline with monitored trend behaviour.
2025-10-23 00:00:00,EM-01,Energy Meter,96.25,6.02,0.048,622,Low,0.924,0.297,0.205,0.193,0.163,0.143,Within baseline with monitored trend behaviour.
2025-10-24 00:00:00,EM-01,Energy Meter,94.0,8.65,0.152,624,Low,0.832,0.296,0.225,0.171,0.167,0.142,Within baseline with monitored trend behaviour.
2025-10-25 00:00:00,EM-01,Energy Meter,94.71,8.08,0.013,626,Low,0.899,0.318,0.206,0.174,0.156,0.146,Within baseline with monitored trend behaviour.
2025-10-26 00:00:00,EM-01,Energy Meter,95.93,7.61,0.098,625,Low,0.923,0.321,0.208,0.182,0.151,0.138,Within baseline with monitored trend behaviour.
2025-10-27 00:00:00,EM-01,Energy Meter,94.62,7.73,0.12,628,Low,0.88,0.31,0.186,0.176,0.185,0.142,Within baseline with monitored trend behaviour.
2025-10-28 00:00:00,EM-01,Energy Meter,99.22,0.0,0.0,620,Low,0.911,0.304,0.185,0.196,0.161,0.154,Within baseline with monitored trend behaviour.
2025-10-29 00:00:00,EM-01,Energy Meter,95.44,7.85,0.067,619,Low,0.842,0.316,0.204,0.162,0.154,0.163,Within baseline with monitored trend behaviour.
2025-10-30 00:00:00,EM-01,Energy Meter,93.05,10.58,0.135,617,Low,0.911,0.327,0.184,0.174,0.17,0.145,Within baseline with monitored trend behaviour.
2025-10-31 00:00:00,EM-01,Energy Meter,93.68,11.18,0.075,617,Low,0.841,0.324,0.188,0.166,0.17,0.151,Within baseline with monitored trend behaviour.
2025-11-01 00:00:00,EM-01,Energy Meter,93.52,6.58,0.067,616,Low,0.84,0.317,0.185,0.18,0.164,0.154,Within baseline with monitored trend behaviour.
2025-11-02 00:00:00,EM-01,Energy Meter,93.69,7.37,0.069,616,Low,0.955,0.32,0.181,0.18,0.164,0.155,Within baseline with monitored trend behaviour.
2025-11-03 00:00:00,EM-01,Energy Meter,95.87,6.57,0.081,615,Low,0.865,0.298,0.199,0.172,0.18,0.151,Within baseline with monitored trend behaviour.
2025-11-04 00:00:00,EM-01,Energy Meter,93.23,7.59,0.083,612,Low,0.803,0.315,0.186,0.18,0.165,0.154,Within baseline with monitored trend behaviour.
2025-11-05 00:00:00,EM-01,Energy Meter,94.46,3.05,0.027,614,Low,0.873,0.311,0.201,0.168,0.155,0.165,Within baseline with monitored trend behaviour.
2025-11-06 00:00:00,EM-01,Energy Meter,96.82,4.85,0.047,607,Low,0.823,0.316,0.193,0.186,0.154,0.152,Within baseline with monitored trend behaviour.
2025-11-07 00:00:00,EM-01,Energy Meter,94.15,9.98,0.082,603,Low,0.895,0.306,0.215,0.17,0.167,0.142,Within baseline with monitored trend behaviour.
2025-11-08 00:00:00,EM-01,Energy Meter,96.05,5.28,0.085,602,Low,0.935,0.304,0.219,0.179,0.157,0.14,Within baseline with monitored trend behaviour.
2025-11-09 00:00:00,EM-01,Energy Meter,92.27,11.91,0.127,602,Low,0.901,0.303,0.208,0.186,0.163,0.141,Within baseline with monitored trend behaviour.
2025-11-10 00:00:00,EM-01,Energy Meter,94.37,8.69,0.092,597,Low,0.896,0.299,0.21,0.172,0.167,0.152,Within baseline with monitored trend behaviour.
2025-11-11 00:00:00,EM-01,Energy Meter,93.53,9.07,0.152,597,Low,0.823,0.306,0.182,0.176,0.175,0.161,Within baseline with monitored trend behaviour.
2025-11-12 00:00:00,EM-01,Energy Meter,95.43,6.68,0.1,594,Low,0.887,0.316,0.186,0.158,0.194,0.147,Within baseline with monitored trend behaviour.
2025-11-13 00:00:00,EM-01,Energy Meter,93.28,12.1,0.1,598,Low,0.87,0.313,0.213,0.174,0.159,0.141,Within baseline with monitored trend behaviour.
2025-11-14 00:00:00,EM-01,Energy Meter,98.24,0.53,0.093,597,Low,0.878,0.309,0.198,0.172,0.157,0.165,Within baseline with monitored trend behaviour.
2025-11-15 00:00:00,EM-01,Energy Meter,92.3,12.32,0.108,587,Low,0.911,0.312,0.185,0.187,0.172,0.145,Within baseline with monitored trend behaviour.
2025-11-16 00:00:00,EM-01,Energy Meter,96.74,2.21,0.127,590,Low,0.869,0.301,0.202,0.186,0.16,0.152,Within baseline with monitored trend behaviour.
2025-11-17 00:00:00,EM-01,Energy Meter,96.32,3.57,0.0,599,Low,0.951,0.315,0.205,0.154,0.173,0.153,Within baseline with monitored trend behaviour.
2025-11-18 00:00:00,EM-01,Energy Meter,95.4,8.83,0.069,593,Low,0.855,0.316,0.2,0.174,0.157,0.152,Within baseline with monitored trend behaviour.
2025-11-19 00:00:00,EM-01,Energy Meter,94.98,4.6,0.042,590,Low,0.891,0.299,0.194,0.18,0.177,0.149,Within baseline with monitored trend behaviour.
2025-11-20 00:00:00,EM-01,Energy Meter,97.86,2.52,0.018,585,Low,0.841,0.311,0.197,0.179,0.173,0.139,Within baseline with monitored trend behaviour.
2025-11-21 00:00:00,EM-01,Energy Meter,98.84,6.35,0.052,587,Low,0.888,0.322,0.201,0.152,0.175,0.15,Within baseline with monitored trend behaviour.
2025-11-22 00:00:00,EM-01,Energy Meter,94.55,9.69,0.118,584,Low,0.921,0.306,0.213,0.176,0.144,0.161,Within baseline with monitored trend behaviour.
2025-11-23 00:00:00,EM-01,Energy Meter,95.12,5.35,0.033,580,Low,0.851,0.293,0.187,0.182,0.189,0.149,Within baseline with monitored trend behaviour.
2025-11-24 00:00:00,EM-01,Energy Meter,93.98,7.3,0.077,580,Low,0.921,0.316,0.191,0.17,0.166,0.156,Within baseline with monitored trend behaviour.
2025-11-25 00:00:00,EM-01,Energy Meter,92.99,9.48,0.108,578,Low,0.895,0.302,0.195,0.165,0.182,0.155,Within baseline with monitored trend behaviour.
2025-11-26 00:00:00,EM-01,Energy Meter,95.59,8.8,0.217,573,Low,0.915,0.309,0.2,0.18,0.171,0.14,Within baseline with monitored trend behaviour.
2025-11-27 00:00:00,EM-01,Energy Meter,95.24,4.66,0.111,572,Low,0.815,0.309,0.193,0.169,0.18,0.15,Within baseline with monitored trend behaviour.
2025-11-28 00:00:00,EM-01,Energy Meter,92.26,8.71,0.112,575,Low,0.892,0.31,0.206,0.173,0.153,0.158,Within baseline with monitored trend behaviour.
2025-11-29 00:00:00,EM-01,Energy Meter,95.56,7.65,0.136,571,Low,0.842,0.317,0.197,0.159,0.173,0.153,Within baseline with monitored trend behaviour.
2025-11-30 00:00:00,EM-01,Energy Meter,95.27,3.25,0.0,572,Low,0.876,0.33,0.186,0.169,0.181,0.133,Within baseline with monitored trend behaviour.
2025-12-01 00:00:00,EM-01,Energy Meter,93.85,6.78,0.009,565,Low,0.91,0.304,0.199,0.169,0.189,0.14,Within baseline with monitored trend behaviour.
2025-12-02 00:00:00,EM-01,Energy Meter,93.74,8.59,0.078,574,Low,0.873,0.291,0.194,0.189,0.167,0.159,Within baseline with monitored trend behaviour.
2025-12-03 00:00:00,EM-01,Energy Meter,95.48,6.26,0.02,577,Low,0.899,0.314,0.199,0.168,0.179,0.14,Within baseline with monitored trend behaviour.
2025-12-04 00:00:00,EM-01,Energy Meter,97.37,0.96,0.032,572,Low,0.866,0.298,0.195,0.173,0.183,0.151,Within baseline with monitored trend behaviour.
2025-12-05 00:00:00,EM-01,Energy Meter,95.42,7.11,0.107,571,Low,0.917,0.306,0.197,0.173,0.155,0.168,Within baseline with monitored trend behaviour.
2025-12-06 00:00:00,EM-01,Energy Meter,96.03,6.67,0.059,567,Low,0.847,0.306,0.202,0.193,0.166,0.132,Within baseline with monitored trend behaviour.
2025-12-07 00:00:00,EM-01,Energy Meter,93.44,7.86,0.048,564,Low,0.907,0.301,0.2,0.167,0.179,0.152,Within baseline with monitored trend behaviour.
2025-12-08 00:00:00,EM-01,Energy Meter,94.1,11.58,0.171,562,Low,0.908,0.323,0.192,0.16,0.181,0.145,Within baseline with monitored trend behaviour.
2025-12-09 00:00:00,EM-01,Energy Meter,95.73,6.66,0.0,557,Low,0.934,0.309,0.2,0.188,0.161,0.142,Within baseline with monitored trend behaviour.
2025-12-10 00:00:00,EM-01,Energy Meter,92.58,8.38,0.072,562,Low,0.855,0.322,0.204,0.167,0.168,0.14,Within baseline with monitored trend behaviour.
2025-12-11 00:00:00,EM-01,Energy Meter,95.08,10.14,0.061,560,Low,0.846,0.311,0.193,0.183,0.164,0.148,Within baseline with monitored trend behaviour.
2025-12-12 00:00:00,EM-01,Energy Meter,95.53,5.22,0.05,554,Low,0.889,0.316,0.196,0.179,0.164,0.145,Within baseline with monitored trend behaviour.
2025-12-13 00:00:00,EM-01,Energy Meter,94.67,7.82,0.064,557,Low,0.861,0.316,0.203,0.175,0.155,0.151,Within baseline with monitored trend behaviour.
2025-12-14 00:00:00,EM-01,Energy Meter,95.23,5.7,0.049,551,Low,0.902,0.306,0.197,0.18,0.178,0.139,Within baseline with monitored trend behaviour.
2025-12-15 00:00:00,EM-01,Energy Meter,94.81,8.52,0.097,550,Low,0.84,0.29,0.216,0.167,0.169,0.157,Within baseline with monitored trend behaviour.
2025-12-16 00:00:00,EM-01,Energy Meter,93.71,7.84,0.156,554,Low,0.912,0.312,0.205,0.171,0.166,0.147,Within baseline with monitored trend behaviour.
2025-12-17 00:00:00,EM-01,Energy Meter,92.82,9.21,0.136,551,Low,0.912,0.315,0.19,0.163,0.184,0.149,Within baseline with monitored trend behaviour.
2025-12-18 00:00:00,EM-01,Energy Meter,94.55,7.31,0.061,547,Low,0.855,0.301,0.187,0.18,0.179,0.153,Within baseline with monitored trend behaviour.
2025-12-19 00:00:00,EM-01,Energy Meter,96.78,3.51,0.014,545,Low,0.847,0.299,0.207,0.184,0.162,0.148,Within baseline with monitored trend behaviour.
2025-12-20 00:00:00,EM-01,Energy Meter,96.32,7.3,0.09,546,Low,0.869,0.294,0.195,0.193,0.167,0.151,Within baseline with monitored trend behaviour.
2025-12-21 00:00:00,EM-01,Energy Meter,94.12,5.71,0.0,536,Low,0.875,0.306,0.204,0.18,0.173,0.137,Within baseline with monitored trend behaviour.
2025-12-22 00:00:00,EM-01,Energy Meter,94.08,8.21,0.0,539,Low,0.934,0.304,0.201,0.179,0.159,0.157,Within baseline with monitored trend behaviour.
2025-12-23 00:00:00,EM-01,Energy Meter,93.96,8.64,0.092,536,Low,0.922,0.312,0.193,0.176,0.166,0.152,Within baseline with monitored trend behaviour.
2025-12-24 00:00:00,EM-01,Energy Meter,93.95,8.22,0.078,539,Low,0.916,0.294,0.2,0.185,0.17,0.151,Within baseline with monitored trend behaviour.
2025-12-25 00:00:00,EM-01,Energy Meter,95.11,8.79,0.145,542,Low,0.872,0.311,0.188,0.19,0.177,0.135,Within baseline with monitored trend behaviour.
2025-12-26 00:00:00,EM-01,Energy Meter,96.33,2.13,0.016,539,Low,0.872,0.302,0.19,0.183,0.172,0.152,Within baseline with monitored trend behaviour.
2025-12-27 00:00:00,EM-01,Energy Meter,98.25,3.58,0.068,533,Low,0.874,0.307,0.214,0.172,0.157,0.149,Within baseline with monitored trend behaviour.
2025-12-28 00:00:00,EM-01,Energy Meter,93.3,6.89,0.088,531,Low,0.883,0.304,0.201,0.183,0.171,0.14,Within baseline with monitored trend behaviour.
2025-12-29 00:00:00,EM-01,Energy Meter,95.66,5.06,0.05,529,Low,0.935,0.303,0.209,0.165,0.16,0.164,Within baseline with monitored trend behaviour.
2025-12-30 00:00:00,EM-01,Energy Meter,95.48,3.64,0.0,539,Low,0.958,0.303,0.192,0.184,0.175,0.145,Within baseline with monitored trend behaviour.
2025-12-31 00:00:00,EM-01,Energy Meter,94.08,7.63,0.074,530,Low,0.911,0.298,0.193,0.187,0.161,0.161,Within baseline with monitored trend behaviour.
2026-01-01 00:00:00,EM-01,Energy Meter,92.95,8.71,0.04,529,Low,0.856,0.305,0.214,0.174,0.158,0.149,Within baseline with monitored trend behaviour.
2026-01-02 00:00:00,EM-01,Energy Meter,95.03,10.23,0.074,518,Low,0.905,0.314,0.198,0.173,0.155,0.16,Within baseline with monitored trend behaviour.
2026-01-03 00:00:00,EM-01,Energy Meter,97.97,3.32,0.0,521,Low,0.851,0.315,0.201,0.169,0.172,0.142,Within baseline with monitored trend behaviour.
2026-01-04 00:00:00,EM-01,Energy Meter,95.01,7.87,0.127,524,Low,0.851,0.297,0.212,0.174,0.178,0.138,Within baseline with monitored trend behaviour.
2026-01-05 00:00:00,EM-01,Energy Meter,93.31,7.15,0.067,521,Low,0.898,0.315,0.203,0.187,0.161,0.135,Within baseline with monitored trend behaviour.
2026-01-06 00:00:00,EM-01,Energy Meter,94.31,9.45,0.054,522,Low,0.887,0.299,0.196,0.174,0.187,0.145,Within baseline with monitored trend behaviour.
2026-01-07 00:00:00,EM-01,Energy Meter,92.73,13.46,0.085,520,Low,0.937,0.293,0.206,0.183,0.162,0.156,Within baseline with monitored trend behaviour.
2026-01-08 00:00:00,EM-01,Energy Meter,94.58,9.33,0.133,521,Low,0.859,0.305,0.209,0.178,0.155,0.152,Within baseline with monitored trend behaviour.
2026-01-09 00:00:00,EM-01,Energy Meter,95.63,3.49,0.065,509,Low,0.831,0.293,0.197,0.18,0.185,0.145,Within baseline with monitored trend behaviour.
2026-01-10 00:00:00,EM-01,Energy Meter,93.42,8.28,0.031,511,Low,0.863,0.293,0.2,0.189,0.17,0.147,Within baseline with monitored trend behaviour.
2026-01-11 00:00:00,EM-01,Energy Meter,89.32,15.17,0.175,514,Low,0.87,0.312,0.208,0.185,0.157,0.139,Within baseline with monitored trend behaviour.
2026-01-12 00:00:00,EM-01,Energy Meter,94.96,5.9,0.034,510,Low,0.915,0.308,0.191,0.18,0.17,0.151,Within baseline with monitored trend behaviour.
2026-01-13 00:00:00,EM-01,Energy Meter,93.71,13.87,0.17,510,Low,0.846,0.298,0.199,0.18,0.175,0.148,Within baseline with monitored trend behaviour.
2026-01-14 00:00:00,EM-01,Energy Meter,93.3,8.41,0.022,510,Low,0.89,0.305,0.196,0.177,0.181,0.141,Within baseline with monitored trend behaviour.
2026-01-15 00:00:00,EM-01,Energy Meter,93.28,9.32,0.093,506,Low,0.921,0.298,0.194,0.177,0.169,0.162,Within baseline with monitored trend behaviour.
2026-01-16 00:00:00,EM-01,Energy Meter,95.13,5.62,0.07,508,Low,0.861,0.292,0.197,0.19,0.172,0.148,Within baseline with monitored trend behaviour.
2026-01-17 00:00:00,EM-01,Energy Meter,93.83,9.1,0.152,508,Low,0.904,0.29,0.205,0.167,0.172,0.167,Within baseline with monitored trend behaviour.
2026-01-18 00:00:00,EM-01,Energy Meter,95.96,8.42,0.055,505,Low,0.897,0.298,0.197,0.189,0.164,0.151,Within baseline with monitored trend behaviour.
2026-01-19 00:00:00,EM-01,Energy Meter,95.99,5.84,0.019,506,Low,0.867,0.299,0.187,0.193,0.177,0.144,Within baseline with monitored trend behaviour.
2026-01-20 00:00:00,EM-01,Energy Meter,94.03,7.92,0.031,493,Low,0.9,0.304,0.211,0.176,0.173,0.136,Within baseline with monitored trend behaviour.
2026-01-21 00:00:00,EM-01,Energy Meter,93.62,6.78,0.032,498,Low,0.922,0.314,0.201,0.185,0.161,0.139,Within baseline with monitored trend behaviour.
2026-01-22 00:00:00,EM-01,Energy Meter,94.65,9.91,0.151,502,Low,0.843,0.292,0.206,0.182,0.181,0.139,Within baseline with monitored trend behaviour.
2026-01-23 00:00:00,EM-01,Energy Meter,94.21,7.82,0.038,494,Low,0.952,0.308,0.195,0.164,0.172,0.161,Within baseline with monitored trend behaviour.
2026-01-24 00:00:00,EM-01,Energy Meter,91.63,11.35,0.124,492,Low,0.89,0.319,0.192,0.178,0.165,0.146,Within baseline with monitored trend behaviour.
2026-01-25 00:00:00,EM-01,Energy Meter,97.49,0.0,0.01,494,Low,0.838,0.304,0.183,0.17,0.185,0.157,Within baseline with monitored trend behaviour.
2026-01-26 00:00:00,EM-01,Energy Meter,95.56,5.96,0.013,493,Low,0.845,0.31,0.195,0.173,0.163,0.159,Within baseline with monitored trend behaviour.
2026-01-27 00:00:00,EM-01,Energy Meter,93.67,8.06,0.101,489,Low,0.884,0.308,0.191,0.164,0.177,0.16,Within baseline with monitored trend behaviour.
2026-01-28 00:00:00,EM-01,Energy Meter,91.34,8.48,0.121,498,Low,0.875,0.316,0.192,0.184,0.167,0.14,Within baseline with monitored trend behaviour.
2026-01-29 00:00:00,EM-01,Energy Meter,94.11,10.23,0.08,490,Low,0.876,0.312,0.205,0.156,0.166,0.162,Within baseline with monitored trend behaviour.
2026-01-30 00:00:00,EM-01,Energy Meter,93.45,8.1,0.073,484,Low,0.909,0.301,0.211,0.187,0.163,0.137,Within baseline with monitored trend behaviour.
2026-01-31 00:00:00,EM-01,Energy Meter,94.28,11.79,0.102,480,Low,0.909,0.315,0.174,0.171,0.169,0.171,Within baseline with monitored trend behaviour.
2026-02-01 00:00:00,EM-01,Energy Meter,90.91,15.55,0.108,486,Low,0.846,0.297,0.193,0.194,0.159,0.157,Within baseline with monitored trend behaviour.
2026-02-02 00:00:00,EM-01,Energy Meter,93.61,7.5,0.091,479,Low,0.959,0.315,0.186,0.181,0.17,0.149,Within baseline with monitored trend behaviour.
2026-02-03 00:00:00,EM-01,Energy Meter,93.7,11.56,0.113,490,Low,0.862,0.321,0.191,0.17,0.178,0.139,Within baseline with monitored trend behaviour.
2026-02-04 00:00:00,EM-01,Energy Meter,94.04,11.56,0.123,482,Low,0.922,0.324,0.197,0.174,0.164,0.142,Within baseline with monitored trend behaviour.
2026-02-05 00:00:00,EM-01,Energy Meter,93.97,7.33,0.0,481,Low,0.88,0.311,0.195,0.176,0.175,0.143,Within baseline with monitored trend behaviour.
2026-02-06 00:00:00,EM-01,Energy Meter,94.42,5.74,0.071,479,Low,0.854,0.302,0.215,0.183,0.156,0.144,Within baseline with monitored trend behaviour.
2026-02-07 00:00:00,EM-01,Energy Meter,96.76,0.22,0.053,481,Low,0.885,0.306,0.215,0.173,0.166,0.14,Within baseline with monitored trend behaviour.
2026-02-08 00:00:00,EM-01,Energy Meter,93.5,9.86,0.074,465,Low,0.877,0.308,0.194,0.176,0.172,0.149,Within baseline with monitored trend behaviour.
2026-02-09 00:00:00,EM-01,Energy Meter,92.86,8.05,0.045,469,Low,0.886,0.311,0.182,0.176,0.176,0.156,Within baseline with monitored trend behaviour.
2026-02-10 00:00:00,EM-01,Energy Meter,91.54,12.66,0.155,476,Low,0.87,0.315,0.209,0.17,0.164,0.142,Within baseline with monitored trend behaviour.
2026-02-11 00:00:00,EM-01,Energy Meter,93.48,7.99,0.03,477,Low,0.849,0.303,0.195,0.185,0.166,0.151,Within baseline with monitored trend behaviour.
2026-02-12 00:00:00,EM-01,Energy Meter,92.05,9.57,0.0,464,Low,0.846,0.318,0.183,0.176,0.178,0.145,Within baseline with monitored trend behaviour.
2026-02-13 00:00:00,EM-01,Energy Meter,95.82,4.72,0.053,460,Low,0.925,0.322,0.192,0.176,0.166,0.144,Within baseline with monitored trend behaviour.
2026-02-14 00:00:00,EM-01,Energy Meter,94.13,5.62,0.032,467,Low,0.905,0.303,0.196,0.182,0.178,0.141,Within baseline with monitored trend behaviour.
2026-02-15 00:00:00,EM-01,Energy Meter,95.78,4.79,0.073,467,Low,0.931,0.315,0.185,0.173,0.166,0.16,Within baseline with monitored trend behaviour.
2026-02-16 00:00:00,EM-01,Energy Meter,96.61,3.27,0.035,464,Low,0.873,0.318,0.193,0.181,0.171,0.137,Within baseline with monitored trend behaviour.
2026-02-17 00:00:00,EM-01,Energy Meter,92.87,9.95,0.125,462,Low,0.909,0.324,0.187,0.181,0.168,0.139,Within baseline with monitored trend behaviour.
2026-02-18 00:00:00,EM-01,Energy Meter,93.69,9.04,0.095,453,Low,0.885,0.289,0.2,0.191,0.161,0.159,Within baseline with monitored trend behaviour.
2026-02-19 00:00:00,EM-01,Energy Meter,96.37,2.93,0.062,458,Low,0.793,0.289,0.196,0.178,0.186,0.15,Within baseline with monitored trend behaviour.
2026-02-20 00:00:00,EM-01,Energy Meter,94.54,9.85,0.224,457,Low,0.886,0.308,0.196,0.173,0.165,0.157,Within baseline with monitored trend behaviour.
2026-02-21 00:00:00,EM-01,Energy Meter,95.06,6.59,0.049,454,Low,0.886,0.317,0.196,0.169,0.173,0.145,Within baseline with monitored trend behaviour.
2026-02-22 00:00:00,EM-01,Energy Meter,95.87,8.78,0.08,447,Low,0.899,0.294,0.202,0.18,0.171,0.153,Within baseline with monitored trend behaviour.
2026-02-23 00:00:00,EM-01,Energy Meter,95.65,6.57,0.021,456,Low,0.908,0.315,0.196,0.187,0.167,0.135,Within baseline with monitored trend behaviour.
2026-02-24 00:00:00,EM-01,Energy Meter,94.86,7.33,0.063,456,Low,0.922,0.304,0.192,0.191,0.164,0.15,Within baseline with monitored trend behaviour.
2026-02-25 00:00:00,EM-01,Energy Meter,96.43,4.01,0.04,448,Low,0.855,0.3,0.203,0.177,0.179,0.141,Within baseline with monitored trend behaviour.
2026-02-26 00:00:00,EM-01,Energy Meter,94.08,9.51,0.079,449,Low,0.84,0.305,0.184,0.186,0.162,0.162,Within baseline with monitored trend behaviour.
2026-02-27 00:00:00,EM-01,Energy Meter,95.02,7.05,0.074,446,Low,0.902,0.317,0.194,0.171,0.171,0.148,Within baseline with monitored trend behaviour.
2026-02-28 00:00:00,EM-01,Energy Meter,93.89,10.26,0.107,445,Low,0.905,0.308,0.186,0.188,0.165,0.152,Within baseline with monitored trend behaviour.
2026-03-01 00:00:00,EM-01,Energy Meter,95.8,9.09,0.1,447,Low,0.926,0.306,0.193,0.17,0.177,0.154,Within baseline with monitored trend behaviour.
2026-03-02 00:00:00,EM-01,Energy Meter,93.04,8.29,0.066,446,Low,0.882,0.298,0.191,0.174,0.172,0.165,Within baseline with monitored trend behaviour.
2026-03-03 00:00:00,EM-01,Energy Meter,91.46,13.18,0.067,447,Low,0.863,0.32,0.21,0.173,0.154,0.143,Within baseline with monitored trend behaviour.
2026-03-04 00:00:00,EM-01,Energy Meter,95.2,7.9,0.106,445,Low,0.871,0.305,0.204,0.186,0.173,0.132,Within baseline with monitored trend behaviour.
2026-03-05 00:00:00,EM-01,Energy Meter,92.51,11.4,0.101,439,Low,0.767,0.32,0.182,0.176,0.167,0.155,Within baseline with monitored trend behaviour.
2026-03-06 00:00:00,EM-01,Energy Meter,92.34,9.85,0.129,450,Low,0.801,0.317,0.187,0.188,0.157,0.151,Within baseline with monitored trend behaviour.
2026-03-07 00:00:00,EM-01,Energy Meter,96.15,4.56,0.03,443,Low,0.874,0.299,0.203,0.172,0.174,0.152,Within baseline with monitored trend behaviour.
2026-03-08 00:00:00,EM-01,Energy Meter,95.66,4.9,0.0,433,Low,0.889,0.292,0.202,0.188,0.176,0.142,Within baseline with monitored trend behaviour.
2026-03-09 00:00:00,EM-01,Energy Meter,93.56,7.8,0.065,434,Low,0.901,0.304,0.197,0.188,0.169,0.142,Within baseline with monitored trend behaviour.
2026-03-10 00:00:00,EM-01,Energy Meter,89.23,13.4,0.058,425,Low,0.81,0.314,0.21,0.169,0.159,0.148,Within baseline with monitored trend behaviour.
2026-03-11 00:00:00,EM-01,Energy Meter,94.95,6.86,0.029,431,Low,0.888,0.301,0.197,0.186,0.162,0.155,Within baseline with monitored trend behaviour.
2026-03-12 00:00:00,EM-01,Energy Meter,95.15,5.28,0.04,436,Low,0.858,0.315,0.193,0.176,0.167,0.149,Within baseline with monitored trend behaviour.
2026-03-13 00:00:00,EM-01,Energy Meter,94.91,8.0,0.03,439,Low,0.834,0.31,0.192,0.19,0.156,0.153,Within baseline with monitored trend behaviour.
2026-03-14 00:00:00,EM-01,Energy Meter,94.83,7.36,0.064,426,Low,0.946,0.305,0.194,0.175,0.178,0.148,Within baseline with monitored trend behaviour.
2026-03-15 00:00:00,EM-01,Energy Meter,93.78,9.05,0.052,427,Low,0.873,0.318,0.195,0.186,0.155,0.146,Within baseline with monitored trend behaviour.
2026-03-16 00:00:00,EM-01,Energy Meter,93.4,8.69,0.109,427,Low,0.907,0.307,0.2,0.166,0.169,0.157,Within baseline with monitored trend behaviour.
2026-03-17 00:00:00,EM-01,Energy Meter,92.28,10.94,0.029,431,Low,0.903,0.316,0.208,0.158,0.152,0.166,Within baseline with monitored trend behaviour.
2026-03-18 00:00:00,EM-01,Energy Meter,92.93,9.41,0.104,417,Low,0.864,0.308,0.197,0.176,0.17,0.149,Within baseline with monitored trend behaviour.
2026-03-19 00:00:00,EM-01,Energy Meter,94.55,9.19,0.086,430,Low,0.852,0.31,0.199,0.172,0.178,0.142,Within baseline with monitored trend behaviour.
2026-03-20 00:00:00,EM-01,Energy Meter,94.57,6.72,0.038,417,Low,0.876,0.31,0.187,0.18,0.167,0.157,Within baseline with monitored trend behaviour.
2026-03-21 00:00:00,EM-01,Energy Meter,95.29,7.35,0.065,412,Low,0.894,0.297,0.196,0.167,0.18,0.16,Within baseline with monitored trend behaviour.
2026-03-22 00:00:00,EM-01,Energy Meter,91.76,8.92,0.103,414,Low,0.908,0.315,0.198,0.18,0.162,0.145,Within baseline with monitored trend behaviour.
2026-03-23 00:00:00,EM-01,Energy Meter,91.35,13.53,0.038,411,Low,0.899,0.303,0.201,0.174,0.163,0.16,Within baseline with monitored trend behaviour.
2026-03-24 00:00:00,EM-01,Energy Meter,93.39,8.13,0.105,415,Low,0.9,0.318,0.192,0.182,0.169,0.14,Within baseline with monitored trend behaviour.
2026-03-25 00:00:00,EM-01,Energy Meter,92.36,8.87,0.152,405,Low,0.942,0.312,0.179,0.176,0.183,0.15,Within baseline with monitored trend behaviour.
2026-03-26 00:00:00,EM-01,Energy Meter,94.28,5.73,0.002,411,Low,0.92,0.315,0.205,0.178,0.162,0.141,Within baseline with monitored trend behaviour.
2026-03-27 00:00:00,EM-01,Energy Meter,91.88,8.93,0.16,411,Low,0.818,0.297,0.187,0.189,0.181,0.146,Within baseline with monitored trend behaviour.
2026-03-28 00:00:00,EM-01,Energy Meter,95.86,4.84,0.084,413,Low,0.855,0.314,0.192,0.17,0.184,0.14,Within baseline with monitored trend behaviour.
2026-03-29 00:00:00,EM-01,Energy Meter,92.65,13.29,0.102,409,Low,0.875,0.319,0.195,0.179,0.164,0.142,Within baseline with monitored trend behaviour.
2026-03-30 00:00:00,EM-01,Energy Meter,96.5,3.61,0.04,410,Low,0.875,0.324,0.194,0.174,0.164,0.143,Within baseline with monitored trend behaviour.
2026-03-31 00:00:00,EM-01,Energy Meter,94.79,2.88,0.004,401,Low,0.884,0.309,0.192,0.188,0.179,0.131,Within baseline with monitored trend behaviour.
2026-04-01 00:00:00,EM-01,Energy Meter,92.25,11.58,0.121,403,Low,0.923,0.295,0.201,0.189,0.173,0.142,Within baseline with monitored trend behaviour.
2026-04-02 00:00:00,EM-01,Energy Meter,97.28,1.57,0.083,391,Low,0.812,0.306,0.202,0.171,0.173,0.147,Within baseline with monitored trend behaviour.
2026-04-03 00:00:00,EM-01,Energy Meter,94.35,9.54,0.117,398,Low,0.859,0.299,0.2,0.186,0.161,0.155,Within baseline with monitored trend behaviour.
2026-04-04 00:00:00,EM-01,Energy Meter,94.18,7.3,0.06,399,Low,0.904,0.329,0.191,0.178,0.156,0.146,Within baseline with monitored trend behaviour.
2026-04-05 00:00:00,EM-01,Energy Meter,93.81,8.12,0.097,398,Low,0.934,0.333,0.189,0.155,0.177,0.147,Within baseline with monitored trend behaviour.
2026-04-06 00:00:00,EM-01,Energy Meter,94.65,9.89,0.043,388,Low,0.835,0.297,0.217,0.172,0.166,0.149,Within baseline with monitored trend behaviour.
2026-04-07 00:00:00,EM-01,Energy Meter,94.74,8.61,0.15,392,Low,0.865,0.32,0.189,0.193,0.171,0.128,Within baseline with monitored trend behaviour.
2026-04-08 00:00:00,EM-01,Energy Meter,92.5,8.0,0.071,391,Low,0.875,0.305,0.196,0.19,0.166,0.143,Within baseline with monitored trend behaviour.
2026-04-09 00:00:00,EM-01,Energy Meter,93.54,6.85,0.059,389,Low,0.836,0.321,0.186,0.171,0.173,0.148,Within baseline with monitored trend behaviour.
2026-04-10 00:00:00,EM-01,Energy Meter,94.06,4.75,0.056,392,Low,0.872,0.307,0.212,0.174,0.161,0.146,Within baseline with monitored trend behaviour.
2026-04-11 00:00:00,EM-01,Energy Meter,94.8,12.49,0.105,387,Low,0.89,0.324,0.203,0.154,0.178,0.141,Within baseline with monitored trend behaviour.
2026-04-12 00:00:00,EM-01,Energy Meter,94.82,5.53,0.021,387,Low,0.88,0.31,0.207,0.177,0.164,0.141,Within baseline with monitored trend behaviour.
2026-04-13 00:00:00,EM-01,Energy Meter,94.11,10.58,0.119,383,Low,0.956,0.317,0.178,0.171,0.17,0.164,Within baseline with monitored trend behaviour.
2026-04-14 00:00:00,EM-01,Energy Meter,92.96,8.79,0.074,388,Low,0.862,0.304,0.2,0.183,0.161,0.153,Within baseline with monitored trend behaviour.
2026-04-15 00:00:00,EM-01,Energy Meter,92.87,7.82,0.032,386,Low,0.851,0.294,0.203,0.177,0.176,0.151,Within baseline with monitored trend behaviour.
2026-04-16 00:00:00,EM-01,Energy Meter,91.92,11.35,0.153,379,Low,0.863,0.318,0.202,0.184,0.156,0.14,Within baseline with monitored trend behaviour.
2026-04-17 00:00:00,EM-01,Energy Meter,94.77,6.67,0.0,390,Low,0.847,0.309,0.219,0.165,0.169,0.139,Within baseline with monitored trend behaviour.
2026-04-18 00:00:00,EM-01,Energy Meter,92.83,11.65,0.068,375,Low,0.872,0.319,0.211,0.161,0.16,0.149,Within baseline with monitored trend behaviour.
2026-04-19 00:00:00,EM-01,Energy Meter,93.5,10.73,0.139,380,Low,0.878,0.302,0.196,0.175,0.175,0.152,Within baseline with monitored trend behaviour.
2026-04-20 00:00:00,EM-01,Energy Meter,94.18,6.97,0.058,371,Low,0.823,0.319,0.205,0.175,0.155,0.146,Within baseline with monitored trend behaviour.
2026-04-21 00:00:00,EM-01,Energy Meter,93.8,5.81,0.107,377,Low,0.888,0.306,0.211,0.177,0.172,0.135,Within baseline with monitored trend behaviour.
2026-04-22 00:00:00,EM-01,Energy Meter,93.77,6.32,0.109,375,Low,0.861,0.311,0.192,0.179,0.159,0.159,Within baseline with monitored trend behaviour.
2026-04-23 00:00:00,EM-01,Energy Meter,92.33,6.18,0.1,367,Low,0.88,0.299,0.199,0.184,0.177,0.141,Within baseline with monitored trend behaviour.
2026-04-24 00:00:00,EM-01,Energy Meter,94.2,7.58,0.136,369,Low,0.925,0.322,0.189,0.18,0.17,0.14,Within baseline with monitored trend behaviour.
2026-04-25 00:00:00,EM-01,Energy Meter,93.26,9.41,0.084,375,Low,0.897,0.315,0.217,0.173,0.148,0.147,Within baseline with monitored trend behaviour.
2026-04-26 00:00:00,EM-01,Energy Meter,93.61,6.66,0.061,363,Low,0.876,0.299,0.196,0.175,0.157,0.173,Within baseline with monitored trend behaviour.
2026-04-27 00:00:00,EM-01,Energy Meter,95.6,3.64,0.038,367,Low,0.832,0.3,0.222,0.168,0.168,0.142,Within baseline with monitored trend behaviour.
2026-04-28 00:00:00,EM-01,Energy Meter,94.55,7.6,0.116,365,Low,0.934,0.312,0.194,0.163,0.185,0.146,Within baseline with monitored trend behaviour.
2026-04-29 00:00:00,EM-01,Energy Meter,92.82,8.79,0.065,362,Low,0.924,0.316,0.179,0.182,0.175,0.147,Within baseline with monitored trend behaviour.
2026-04-30 00:00:00,EM-01,Energy Meter,93.48,8.7,0.123,354,Low,0.899,0.296,0.208,0.168,0.179,0.149,Within baseline with monitored trend behaviour.
2026-05-01 00:00:00,EM-01,Energy Meter,96.27,4.48,0.048,363,Low,0.901,0.291,0.209,0.167,0.183,0.15,Within baseline with monitored trend behaviour.
2026-05-02 00:00:00,EM-01,Energy Meter,93.21,10.0,0.14,358,Low,0.948,0.307,0.196,0.163,0.179,0.154,Within baseline with monitored trend behaviour.
2026-05-03 00:00:00,EM-01,Energy Meter,93.76,7.6,0.112,361,Low,0.904,0.3,0.214,0.165,0.168,0.153,Within baseline with monitored trend behaviour.
2026-05-04 00:00:00,EM-01,Energy Meter,94.75,6.37,0.058,356,Low,0.905,0.305,0.185,0.179,0.163,0.168,Within baseline with monitored trend behaviour.
2026-05-05 00:00:00,EM-01,Energy Meter,94.03,4.6,0.112,354,Low,0.902,0.305,0.209,0.183,0.147,0.156,Within baseline with monitored trend behaviour.
2026-05-06 00:00:00,EM-01,Energy Meter,93.08,9.59,0.133,354,Low,0.864,0.313,0.198,0.173,0.158,0.157,Within baseline with monitored trend behaviour.
2026-05-07 00:00:00,EM-01,Energy Meter,92.48,10.71,0.035,347,Low,0.87,0.296,0.224,0.17,0.159,0.152,Within baseline with monitored trend behaviour.
2026-05-08 00:00:00,EM-01,Energy Meter,93.64,8.54,0.002,356,Low,0.851,0.313,0.196,0.174,0.17,0.147,Within baseline with monitored trend behaviour.
2026-05-09 00:00:00,EM-01,Energy Meter,94.71,11.24,0.072,347,Low,0.885,0.321,0.191,0.17,0.167,0.15,Within baseline with monitored trend behaviour.
2026-05-10 00:00:00,EM-01,Energy Meter,95.76,6.26,0.062,345,Low,0.871,0.295,0.203,0.17,0.182,0.15,Within baseline with monitored trend behaviour.
2026-05-11 00:00:00,EM-01,Energy Meter,91.29,11.88,0.164,350,Low,0.949,0.307,0.209,0.168,0.169,0.147,Within baseline with monitored trend behaviour.
2026-05-12 00:00:00,EM-01,Energy Meter,96.45,5.97,0.046,345,Low,0.917,0.289,0.212,0.174,0.165,0.16,Within baseline with monitored trend behaviour.
2026-05-13 00:00:00,EM-01,Energy Meter,93.16,13.8,0.125,342,Low,0.839,0.315,0.206,0.163,0.159,0.156,Within baseline with monitored trend behaviour.
2026-05-14 00:00:00,EM-01,Energy Meter,95.09,7.37,0.085,343,Low,0.875,0.309,0.193,0.165,0.178,0.155,Within baseline with monitored trend behaviour.
2026-05-15 00:00:00,EM-01,Energy Meter,92.43,6.15,0.121,342,Low,0.873,0.331,0.186,0.172,0.163,0.148,Within baseline with monitored trend behaviour.
2026-05-16 00:00:00,EM-01,Energy Meter,91.02,13.43,0.149,338,Low,0.888,0.301,0.209,0.175,0.16,0.155,Within baseline with monitored trend behaviour.
2026-05-17 00:00:00,EM-01,Energy Meter,91.49,10.15,0.092,341,Low,0.902,0.311,0.202,0.182,0.178,0.128,Within baseline with monitored trend behaviour.
2026-05-18 00:00:00,EM-01,Energy Meter,93.05,5.88,0.014,330,Low,0.883,0.307,0.193,0.185,0.174,0.141,Within baseline with monitored trend behaviour.
2026-05-19 00:00:00,EM-01,Energy Meter,94.42,11.21,0.061,335,Low,0.872,0.311,0.194,0.167,0.167,0.161,Within baseline with monitored trend behaviour.
2026-05-20 00:00:00,EM-01,Energy Meter,93.62,11.9,0.059,336,Low,0.855,0.311,0.219,0.155,0.175,0.139,Within baseline with monitored trend behaviour.
2026-05-21 00:00:00,EM-01,Energy Meter,93.16,7.76,0.097,334,Low,0.923,0.308,0.192,0.185,0.157,0.157,Within baseline with monitored trend behaviour.
2026-05-22 00:00:00,EM-01,Energy Meter,95.34,4.72,0.06,321,Low,0.888,0.303,0.189,0.178,0.185,0.146,Within baseline with monitored trend behaviour.
2026-05-23 00:00:00,EM-01,Energy Meter,93.55,9.35,0.117,328,Low,0.887,0.307,0.198,0.175,0.167,0.154,Within baseline with monitored trend behaviour.
2026-05-24 00:00:00,EM-01,Energy Meter,93.99,6.65,0.102,322,Low,0.911,0.308,0.183,0.189,0.163,0.158,Within baseline with monitored trend behaviour.
2026-05-25 00:00:00,EM-01,Energy Meter,98.51,1.82,0.025,331,Low,0.892,0.317,0.213,0.172,0.175,0.124,Within baseline with monitored trend behaviour.
2026-05-26 00:00:00,EM-01,Energy Meter,93.51,7.66,0.039,323,Low,0.879,0.323,0.196,0.185,0.155,0.142,Within baseline with monitored trend behaviour.
2026-05-27 00:00:00,EM-01,Energy Meter,92.4,9.84,0.072,328,Low,0.896,0.292,0.214,0.181,0.165,0.148,Within baseline with monitored trend behaviour.
2026-05-28 00:00:00,EM-01,Energy Meter,94.28,5.2,0.057,317,Low,0.87,0.298,0.203,0.182,0.163,0.154,Within baseline with monitored trend behaviour.
2026-05-29 00:00:00,EM-01,Energy Meter,94.67,9.11,0.075,322,Low,0.838,0.304,0.203,0.172,0.181,0.14,Within baseline with monitored trend behaviour.
2025-05-30 00:00:00,EMS-01,Underground EMS,94.24,6.6,0.075,785,Low,0.925,0.317,0.2,0.169,0.154,0.161,Within baseline with monitored trend behaviour.
2025-05-31 00:00:00,EMS-01,Underground EMS,95.23,3.87,0.0,780,Low,0.894,0.327,0.204,0.161,0.162,0.145,Within baseline with monitored trend behaviour.
2025-06-01 00:00:00,EMS-01,Underground EMS,94.85,6.04,0.078,775,Low,0.907,0.33,0.182,0.173,0.17,0.145,Within baseline with monitored trend behaviour.
2025-06-02 00:00:00,EMS-01,Underground EMS,94.74,8.52,0.039,768,Low,0.939,0.316,0.205,0.175,0.171,0.134,Within baseline with monitored trend behaviour.
2025-06-03 00:00:00,EMS-01,Underground EMS,94.59,5.74,0.086,785,Low,0.843,0.338,0.194,0.173,0.164,0.132,Within baseline with monitored trend behaviour.
2025-06-04 00:00:00,EMS-01,Underground EMS,94.9,3.28,0.024,781,Low,0.919,0.317,0.2,0.178,0.151,0.153,Within baseline with monitored trend behaviour.
2025-06-05 00:00:00,EMS-01,Underground EMS,95.46,6.64,0.138,778,Low,0.858,0.314,0.2,0.192,0.158,0.137,Within baseline with monitored trend behaviour.
2025-06-06 00:00:00,EMS-01,Underground EMS,95.25,5.52,0.119,768,Low,0.873,0.324,0.206,0.163,0.153,0.153,Within baseline with monitored trend behaviour.
2025-06-07 00:00:00,EMS-01,Underground EMS,96.69,1.18,0.055,767,Low,0.874,0.333,0.181,0.171,0.163,0.153,Within baseline with monitored trend behaviour.
2025-06-08 00:00:00,EMS-01,Underground EMS,94.0,8.55,0.046,770,Low,0.917,0.32,0.202,0.178,0.163,0.136,Within baseline with monitored trend behaviour.
2025-06-09 00:00:00,EMS-01,Underground EMS,95.24,5.89,0.026,763,Low,0.909,0.318,0.194,0.18,0.156,0.152,Within baseline with monitored trend behaviour.
2025-06-10 00:00:00,EMS-01,Underground EMS,98.76,5.09,0.056,762,Low,0.828,0.32,0.193,0.169,0.165,0.153,Within baseline with monitored trend behaviour.
2025-06-11 00:00:00,EMS-01,Underground EMS,94.76,7.51,0.099,770,Low,0.877,0.325,0.198,0.181,0.155,0.141,Within baseline with monitored trend behaviour.
2025-06-12 00:00:00,EMS-01,Underground EMS,94.81,8.44,0.084,763,Low,0.881,0.319,0.182,0.189,0.165,0.145,Within baseline with monitored trend behaviour.
2025-06-13 00:00:00,EMS-01,Underground EMS,92.78,10.07,0.093,757,Low,0.88,0.326,0.198,0.174,0.144,0.158,Within baseline with monitored trend behaviour.
2025-06-14 00:00:00,EMS-01,Underground EMS,93.65,7.7,0.1,764,Low,0.779,0.313,0.21,0.171,0.164,0.142,Within baseline with monitored trend behaviour.
2025-06-15 00:00:00,EMS-01,Underground EMS,94.6,6.58,0.124,757,Low,0.864,0.32,0.205,0.175,0.161,0.14,Within baseline with monitored trend behaviour.
2025-06-16 00:00:00,EMS-01,Underground EMS,95.61,8.31,0.157,750,Low,0.899,0.305,0.195,0.18,0.171,0.15,Within baseline with monitored trend behaviour.
2025-06-17 00:00:00,EMS-01,Underground EMS,95.78,7.4,0.144,752,Low,0.897,0.323,0.202,0.18,0.152,0.142,Within baseline with monitored trend behaviour.
2025-06-18 00:00:00,EMS-01,Underground EMS,95.25,3.67,0.0,753,Low,0.919,0.327,0.19,0.173,0.163,0.147,Within baseline with monitored trend behaviour.
2025-06-19 00:00:00,EMS-01,Underground EMS,96.0,3.1,0.0,755,Low,0.931,0.341,0.2,0.155,0.157,0.146,Within baseline with monitored trend behaviour.
2025-06-20 00:00:00,EMS-01,Underground EMS,93.1,7.27,0.099,753,Low,0.787,0.326,0.2,0.165,0.158,0.151,Within baseline with monitored trend behaviour.
2025-06-21 00:00:00,EMS-01,Underground EMS,95.47,8.47,0.127,756,Low,0.962,0.311,0.206,0.176,0.162,0.146,Within baseline with monitored trend behaviour.
2025-06-22 00:00:00,EMS-01,Underground EMS,94.69,3.97,0.08,749,Low,0.898,0.31,0.194,0.176,0.182,0.138,Within baseline with monitored trend behaviour.
2025-06-23 00:00:00,EMS-01,Underground EMS,94.85,8.78,0.127,746,Low,0.891,0.327,0.184,0.191,0.162,0.136,Within baseline with monitored trend behaviour.
2025-06-24 00:00:00,EMS-01,Underground EMS,94.06,9.11,0.134,752,Low,0.833,0.317,0.196,0.183,0.153,0.151,Within baseline with monitored trend behaviour.
2025-06-25 00:00:00,EMS-01,Underground EMS,93.1,9.95,0.1,750,Low,0.801,0.318,0.193,0.172,0.162,0.155,Within baseline with monitored trend behaviour.
2025-06-26 00:00:00,EMS-01,Underground EMS,92.67,9.32,0.109,744,Low,0.937,0.315,0.196,0.189,0.157,0.143,Within baseline with monitored trend behaviour.
2025-06-27 00:00:00,EMS-01,Underground EMS,95.11,9.23,0.12,744,Low,0.859,0.312,0.2,0.179,0.174,0.136,Within baseline with monitored trend behaviour.
2025-06-28 00:00:00,EMS-01,Underground EMS,95.38,6.7,0.097,740,Low,0.9,0.306,0.19,0.178,0.177,0.149,Within baseline with monitored trend behaviour.
2025-06-29 00:00:00,EMS-01,Underground EMS,94.36,5.01,0.039,736,Low,0.818,0.312,0.175,0.187,0.172,0.154,Within baseline with monitored trend behaviour.
2025-06-30 00:00:00,EMS-01,Underground EMS,94.53,5.24,0.012,748,Low,0.904,0.316,0.186,0.172,0.172,0.155,Within baseline with monitored trend behaviour.
2025-07-01 00:00:00,EMS-01,Underground EMS,93.38,5.97,0.0,736,Low,0.876,0.321,0.197,0.182,0.156,0.144,Within baseline with monitored trend behaviour.
2025-07-02 00:00:00,EMS-01,Underground EMS,95.32,8.95,0.074,738,Low,0.909,0.335,0.205,0.164,0.158,0.138,Within baseline with monitored trend behaviour.
2025-07-03 00:00:00,EMS-01,Underground EMS,94.6,10.41,0.055,729,Low,0.955,0.321,0.193,0.162,0.176,0.149,Within baseline with monitored trend behaviour.
2025-07-04 00:00:00,EMS-01,Underground EMS,93.9,10.71,0.106,737,Low,0.798,0.303,0.187,0.184,0.188,0.137,Within baseline with monitored trend behaviour.
2025-07-05 00:00:00,EMS-01,Underground EMS,95.86,5.51,0.089,728,Low,0.869,0.318,0.186,0.176,0.18,0.139,Within baseline with monitored trend behaviour.
2025-07-06 00:00:00,EMS-01,Underground EMS,95.49,3.46,0.048,738,Low,0.826,0.318,0.199,0.173,0.155,0.155,Within baseline with monitored trend behaviour.
2025-07-07 00:00:00,EMS-01,Underground EMS,91.99,9.11,0.089,737,Low,0.839,0.322,0.195,0.164,0.178,0.141,Within baseline with monitored trend behaviour.
2025-07-08 00:00:00,EMS-01,Underground EMS,94.51,5.71,0.08,731,Low,0.883,0.333,0.194,0.166,0.162,0.145,Within baseline with monitored trend behaviour.
2025-07-09 00:00:00,EMS-01,Underground EMS,92.88,9.88,0.061,728,Low,0.836,0.316,0.189,0.186,0.164,0.145,Within baseline with monitored trend behaviour.
2025-07-10 00:00:00,EMS-01,Underground EMS,94.62,10.3,0.135,725,Low,0.916,0.322,0.18,0.182,0.168,0.148,Within baseline with monitored trend behaviour.
2025-07-11 00:00:00,EMS-01,Underground EMS,89.34,17.69,0.187,724,Low,0.899,0.34,0.181,0.173,0.169,0.137,Within baseline with monitored trend behaviour.
2025-07-12 00:00:00,EMS-01,Underground EMS,94.68,6.47,0.042,725,Low,0.874,0.328,0.191,0.181,0.165,0.136,Within baseline with monitored trend behaviour.
2025-07-13 00:00:00,EMS-01,Underground EMS,95.49,1.84,0.052,722,Low,0.869,0.308,0.195,0.182,0.172,0.144,Within baseline with monitored trend behaviour.
2025-07-14 00:00:00,EMS-01,Underground EMS,94.16,5.84,0.0,725,Low,0.833,0.329,0.187,0.165,0.18,0.139,Within baseline with monitored trend behaviour.
2025-07-15 00:00:00,EMS-01,Underground EMS,92.46,12.93,0.131,716,Low,0.898,0.327,0.185,0.186,0.161,0.142,Within baseline with monitored trend behaviour.
2025-07-16 00:00:00,EMS-01,Underground EMS,97.44,4.05,0.023,724,Low,0.901,0.324,0.19,0.17,0.158,0.158,Within baseline with monitored trend behaviour.
2025-07-17 00:00:00,EMS-01,Underground EMS,96.14,4.69,0.018,715,Low,0.822,0.316,0.185,0.183,0.171,0.145,Within baseline with monitored trend behaviour.
2025-07-18 00:00:00,EMS-01,Underground EMS,93.43,8.35,0.063,712,Low,0.851,0.326,0.189,0.167,0.176,0.143,Within baseline with monitored trend behaviour.
2025-07-19 00:00:00,EMS-01,Underground EMS,93.84,7.12,0.093,716,Low,0.933,0.321,0.192,0.181,0.164,0.142,Within baseline with monitored trend behaviour.
2025-07-20 00:00:00,EMS-01,Underground EMS,91.08,10.09,0.087,714,Low,0.882,0.32,0.199,0.18,0.159,0.142,Within baseline with monitored trend behaviour.
2025-07-21 00:00:00,EMS-01,Underground EMS,94.99,11.16,0.162,704,Low,0.81,0.342,0.179,0.175,0.169,0.135,Within baseline with monitored trend behaviour.
2025-07-22 00:00:00,EMS-01,Underground EMS,92.02,14.6,0.093,708,Low,0.86,0.309,0.193,0.178,0.173,0.146,Within baseline with monitored trend behaviour.
2025-07-23 00:00:00,EMS-01,Underground EMS,95.27,4.98,0.056,700,Low,0.904,0.323,0.19,0.179,0.162,0.145,Within baseline with monitored trend behaviour.
2025-07-24 00:00:00,EMS-01,Underground EMS,95.83,2.34,0.0,705,Low,0.929,0.318,0.207,0.165,0.17,0.14,Within baseline with monitored trend behaviour.
2025-07-25 00:00:00,EMS-01,Underground EMS,94.06,8.66,0.144,704,Low,0.819,0.32,0.195,0.173,0.169,0.144,Within baseline with monitored trend behaviour.
2025-07-26 00:00:00,EMS-01,Underground EMS,92.45,10.28,0.126,706,Low,0.88,0.322,0.205,0.177,0.148,0.148,Within baseline with monitored trend behaviour.
2025-07-27 00:00:00,EMS-01,Underground EMS,96.14,6.67,0.025,700,Low,0.875,0.329,0.203,0.168,0.163,0.137,Within baseline with monitored trend behaviour.
2025-07-28 00:00:00,EMS-01,Underground EMS,94.13,9.93,0.126,700,Low,0.867,0.313,0.19,0.169,0.168,0.161,Within baseline with monitored trend behaviour.
2025-07-29 00:00:00,EMS-01,Underground EMS,94.26,5.7,0.106,706,Low,0.952,0.337,0.194,0.146,0.171,0.152,Within baseline with monitored trend behaviour.
2025-07-30 00:00:00,EMS-01,Underground EMS,92.6,12.92,0.122,708,Low,0.983,0.328,0.191,0.158,0.168,0.155,Within baseline with monitored trend behaviour.
2025-07-31 00:00:00,EMS-01,Underground EMS,94.38,7.16,0.071,695,Low,0.827,0.316,0.198,0.172,0.168,0.146,Within baseline with monitored trend behaviour.
2025-08-01 00:00:00,EMS-01,Underground EMS,93.73,9.99,0.115,701,Low,0.864,0.317,0.188,0.174,0.171,0.151,Within baseline with monitored trend behaviour.
2025-08-02 00:00:00,EMS-01,Underground EMS,91.92,10.79,0.108,697,Low,0.896,0.331,0.192,0.167,0.163,0.147,Within baseline with monitored trend behaviour.
2025-08-03 00:00:00,EMS-01,Underground EMS,96.17,7.2,0.121,687,Low,0.93,0.342,0.194,0.16,0.163,0.141,Within baseline with monitored trend behaviour.
2025-08-04 00:00:00,EMS-01,Underground EMS,96.83,0.0,0.01,690,Low,0.916,0.315,0.197,0.185,0.164,0.139,Within baseline with monitored trend behaviour.
2025-08-05 00:00:00,EMS-01,Underground EMS,95.63,7.6,0.095,680,Low,0.889,0.314,0.206,0.17,0.161,0.149,Within baseline with monitored trend behaviour.
2025-08-06 00:00:00,EMS-01,Underground EMS,95.37,4.82,0.073,692,Low,0.89,0.324,0.196,0.176,0.159,0.144,Within baseline with monitored trend behaviour.
2025-08-07 00:00:00,EMS-01,Underground EMS,96.79,4.64,0.06,685,Low,0.932,0.32,0.188,0.179,0.153,0.16,Within baseline with monitored trend behaviour.
2025-08-08 00:00:00,EMS-01,Underground EMS,92.27,13.31,0.137,688,Low,0.874,0.328,0.197,0.158,0.179,0.138,Within baseline with monitored trend behaviour.
2025-08-09 00:00:00,EMS-01,Underground EMS,92.24,9.26,0.08,697,Low,0.874,0.312,0.19,0.172,0.184,0.142,Within baseline with monitored trend behaviour.
2025-08-10 00:00:00,EMS-01,Underground EMS,93.25,7.52,0.089,691,Low,0.933,0.319,0.192,0.177,0.175,0.138,Within baseline with monitored trend behaviour.
2025-08-11 00:00:00,EMS-01,Underground EMS,94.38,7.13,0.088,681,Low,0.873,0.323,0.189,0.167,0.171,0.15,Within baseline with monitored trend behaviour.
2025-08-12 00:00:00,EMS-01,Underground EMS,93.42,8.35,0.1,678,Low,0.806,0.323,0.187,0.189,0.157,0.144,Within baseline with monitored trend behaviour.
2025-08-13 00:00:00,EMS-01,Underground EMS,92.24,8.77,0.019,686,Low,0.862,0.331,0.205,0.171,0.162,0.131,Within baseline with monitored trend behaviour.
2025-08-14 00:00:00,EMS-01,Underground EMS,93.86,8.8,0.11,676,Low,0.829,0.33,0.197,0.16,0.169,0.144,Within baseline with monitored trend behaviour.
2025-08-15 00:00:00,EMS-01,Underground EMS,93.69,9.15,0.105,682,Low,0.856,0.3,0.177,0.175,0.177,0.172,Within baseline with monitored trend behaviour.
2025-08-16 00:00:00,EMS-01,Underground EMS,95.17,7.69,0.104,688,Low,0.853,0.323,0.198,0.173,0.148,0.158,Within baseline with monitored trend behaviour.
2025-08-17 00:00:00,EMS-01,Underground EMS,93.88,6.93,0.019,679,Low,0.825,0.335,0.201,0.176,0.146,0.141,Within baseline with monitored trend behaviour.
2025-08-18 00:00:00,EMS-01,Underground EMS,90.74,11.07,0.108,679,Low,0.876,0.319,0.192,0.182,0.166,0.142,Within baseline with monitored trend behaviour.
2025-08-19 00:00:00,EMS-01,Underground EMS,94.39,7.62,0.092,677,Low,0.81,0.312,0.2,0.196,0.144,0.147,Within baseline with monitored trend behaviour.
2025-08-20 00:00:00,EMS-01,Underground EMS,96.29,4.7,0.054,670,Low,0.845,0.336,0.181,0.175,0.159,0.149,Within baseline with monitored trend behaviour.
2025-08-21 00:00:00,EMS-01,Underground EMS,93.79,8.24,0.112,672,Low,0.859,0.314,0.187,0.179,0.159,0.16,Within baseline with monitored trend behaviour.
2025-08-22 00:00:00,EMS-01,Underground EMS,95.31,5.16,0.049,665,Low,0.894,0.328,0.182,0.175,0.16,0.154,Within baseline with monitored trend behaviour.
2025-08-23 00:00:00,EMS-01,Underground EMS,92.9,10.6,0.048,673,Low,0.74,0.316,0.183,0.178,0.166,0.156,Within baseline with monitored trend behaviour.
2025-08-24 00:00:00,EMS-01,Underground EMS,94.6,5.68,0.0,662,Low,0.854,0.319,0.193,0.169,0.17,0.148,Within baseline with monitored trend behaviour.
2025-08-25 00:00:00,EMS-01,Underground EMS,92.49,10.27,0.062,668,Low,0.84,0.314,0.202,0.185,0.154,0.146,Within baseline with monitored trend behaviour.
2025-08-26 00:00:00,EMS-01,Underground EMS,93.27,8.81,0.051,668,Low,0.88,0.326,0.198,0.169,0.158,0.148,Within baseline with monitored trend behaviour.
2025-08-27 00:00:00,EMS-01,Underground EMS,93.26,9.36,0.137,661,Low,0.865,0.319,0.176,0.166,0.177,0.162,Within baseline with monitored trend behaviour.
2025-08-28 00:00:00,EMS-01,Underground EMS,94.39,10.22,0.148,658,Low,0.879,0.333,0.197,0.174,0.163,0.133,Within baseline with monitored trend behaviour.
2025-08-29 00:00:00,EMS-01,Underground EMS,92.3,8.16,0.119,659,Low,0.828,0.327,0.192,0.187,0.156,0.138,Within baseline with monitored trend behaviour.
2025-08-30 00:00:00,EMS-01,Underground EMS,91.25,7.46,0.072,655,Low,0.908,0.335,0.185,0.173,0.155,0.153,Within baseline with monitored trend behaviour.
2025-08-31 00:00:00,EMS-01,Underground EMS,94.33,6.74,0.003,658,Low,0.836,0.317,0.191,0.175,0.165,0.151,Within baseline with monitored trend behaviour.
2025-09-01 00:00:00,EMS-01,Underground EMS,94.26,5.74,0.038,652,Low,0.888,0.333,0.187,0.176,0.158,0.146,Within baseline with monitored trend behaviour.
2025-09-02 00:00:00,EMS-01,Underground EMS,93.73,2.75,0.096,651,Low,0.846,0.327,0.206,0.176,0.153,0.138,Within baseline with monitored trend behaviour.
2025-09-03 00:00:00,EMS-01,Underground EMS,95.03,10.46,0.065,656,Low,0.866,0.331,0.174,0.174,0.164,0.156,Within baseline with monitored trend behaviour.
2025-09-04 00:00:00,EMS-01,Underground EMS,93.19,10.65,0.129,655,Low,0.859,0.311,0.198,0.175,0.175,0.14,Within baseline with monitored trend behaviour.
2025-09-05 00:00:00,EMS-01,Underground EMS,93.95,9.8,0.097,650,Low,0.875,0.314,0.199,0.189,0.148,0.15,Within baseline with monitored trend behaviour.
2025-09-06 00:00:00,EMS-01,Underground EMS,92.92,9.33,0.079,643,Low,0.89,0.31,0.199,0.177,0.169,0.144,Within baseline with monitored trend behaviour.
2025-09-07 00:00:00,EMS-01,Underground EMS,93.05,10.57,0.097,653,Low,0.811,0.319,0.212,0.171,0.163,0.135,Within baseline with monitored trend behaviour.
2025-09-08 00:00:00,EMS-01,Underground EMS,94.0,7.56,0.113,645,Low,0.868,0.322,0.186,0.175,0.162,0.154,Within baseline with monitored trend behaviour.
2025-09-09 00:00:00,EMS-01,Underground EMS,97.06,5.74,0.0,654,Low,0.903,0.313,0.211,0.18,0.169,0.127,Within baseline with monitored trend behaviour.
2025-09-10 00:00:00,EMS-01,Underground EMS,94.61,7.93,0.087,644,Low,0.866,0.306,0.204,0.173,0.171,0.147,Within baseline with monitored trend behaviour.
2025-09-11 00:00:00,EMS-01,Underground EMS,94.28,7.93,0.0,643,Low,0.911,0.321,0.178,0.177,0.171,0.153,Within baseline with monitored trend behaviour.
2025-09-12 00:00:00,EMS-01,Underground EMS,94.62,7.6,0.064,640,Low,0.905,0.314,0.206,0.164,0.175,0.142,Within baseline with monitored trend behaviour.
2025-09-13 00:00:00,EMS-01,Underground EMS,89.61,17.47,0.199,641,Low,0.861,0.334,0.163,0.192,0.172,0.14,Within baseline with monitored trend behaviour.
2025-09-14 00:00:00,EMS-01,Underground EMS,93.86,8.92,0.119,653,Low,0.83,0.333,0.193,0.17,0.165,0.138,Within baseline with monitored trend behaviour.
2025-09-15 00:00:00,EMS-01,Underground EMS,94.79,5.23,0.069,636,Low,0.901,0.325,0.17,0.181,0.156,0.167,Within baseline with monitored trend behaviour.
2025-09-16 00:00:00,EMS-01,Underground EMS,93.46,9.83,0.091,641,Low,0.813,0.335,0.182,0.187,0.151,0.145,Within baseline with monitored trend behaviour.
2025-09-17 00:00:00,EMS-01,Underground EMS,93.24,10.45,0.127,635,Low,0.879,0.32,0.198,0.172,0.158,0.152,Within baseline with monitored trend behaviour.
2025-09-18 00:00:00,EMS-01,Underground EMS,91.78,11.21,0.184,638,Low,0.864,0.318,0.196,0.162,0.172,0.153,Within baseline with monitored trend behaviour.
2025-09-19 00:00:00,EMS-01,Underground EMS,92.58,10.29,0.124,625,Low,0.832,0.308,0.186,0.176,0.18,0.151,Within baseline with monitored trend behaviour.
2025-09-20 00:00:00,EMS-01,Underground EMS,91.92,9.18,0.0,639,Low,0.889,0.315,0.211,0.158,0.171,0.145,Within baseline with monitored trend behaviour.
2025-09-21 00:00:00,EMS-01,Underground EMS,94.84,7.42,0.088,631,Low,0.872,0.331,0.195,0.164,0.179,0.132,Within baseline with monitored trend behaviour.
2025-09-22 00:00:00,EMS-01,Underground EMS,95.63,3.7,0.081,627,Low,0.891,0.315,0.187,0.173,0.18,0.145,Within baseline with monitored trend behaviour.
2025-09-23 00:00:00,EMS-01,Underground EMS,96.3,4.68,0.054,631,Low,0.902,0.326,0.196,0.173,0.159,0.145,Within baseline with monitored trend behaviour.
2025-09-24 00:00:00,EMS-01,Underground EMS,91.83,10.1,0.073,626,Low,0.884,0.333,0.188,0.164,0.173,0.141,Within baseline with monitored trend behaviour.
2025-09-25 00:00:00,EMS-01,Underground EMS,92.1,13.02,0.18,620,Low,0.912,0.315,0.187,0.178,0.164,0.156,Within baseline with monitored trend behaviour.
2025-09-26 00:00:00,EMS-01,Underground EMS,91.96,14.36,0.139,613,Low,0.861,0.316,0.192,0.174,0.16,0.158,Within baseline with monitored trend behaviour.
2025-09-27 00:00:00,EMS-01,Underground EMS,91.51,9.6,0.046,629,Low,0.882,0.318,0.196,0.162,0.164,0.16,Within baseline with monitored trend behaviour.
2025-09-28 00:00:00,EMS-01,Underground EMS,91.52,11.86,0.118,620,Low,0.895,0.322,0.204,0.184,0.144,0.146,Within baseline with monitored trend behaviour.
2025-09-29 00:00:00,EMS-01,Underground EMS,92.28,10.18,0.138,617,Low,0.929,0.326,0.203,0.17,0.163,0.138,Within baseline with monitored trend behaviour.
2025-09-30 00:00:00,EMS-01,Underground EMS,94.49,8.64,0.087,616,Low,0.92,0.308,0.185,0.195,0.168,0.145,Within baseline with monitored trend behaviour.
2025-10-01 00:00:00,EMS-01,Underground EMS,91.93,11.5,0.09,622,Low,0.865,0.317,0.204,0.189,0.172,0.117,Within baseline with monitored trend behaviour.
2025-10-02 00:00:00,EMS-01,Underground EMS,94.74,6.59,0.09,613,Low,0.88,0.312,0.212,0.185,0.162,0.128,Within baseline with monitored trend behaviour.
2025-10-03 00:00:00,EMS-01,Underground EMS,95.23,6.87,0.095,616,Low,0.983,0.311,0.2,0.178,0.162,0.15,Within baseline with monitored trend behaviour.
2025-10-04 00:00:00,EMS-01,Underground EMS,93.48,8.7,0.049,611,Low,0.828,0.314,0.188,0.182,0.161,0.154,Within baseline with monitored trend behaviour.
2025-10-05 00:00:00,EMS-01,Underground EMS,94.97,10.22,0.088,606,Low,0.84,0.317,0.191,0.178,0.161,0.153,Within baseline with monitored trend behaviour.
2025-10-06 00:00:00,EMS-01,Underground EMS,90.81,11.28,0.081,613,Low,0.939,0.334,0.182,0.157,0.156,0.17,Within baseline with monitored trend behaviour.
2025-10-07 00:00:00,EMS-01,Underground EMS,92.08,11.6,0.124,613,Low,0.874,0.335,0.192,0.189,0.154,0.13,Within baseline with monitored trend behaviour.
2025-10-08 00:00:00,EMS-01,Underground EMS,93.26,10.46,0.172,605,Low,0.873,0.318,0.197,0.167,0.157,0.161,Within baseline with monitored trend behaviour.
2025-10-09 00:00:00,EMS-01,Underground EMS,93.3,10.26,0.161,606,Low,0.865,0.311,0.195,0.167,0.18,0.147,Within baseline with monitored trend behaviour.
2025-10-10 00:00:00,EMS-01,Underground EMS,95.21,6.11,0.063,605,Low,0.832,0.33,0.184,0.186,0.165,0.135,Within baseline with monitored trend behaviour.
2025-10-11 00:00:00,EMS-01,Underground EMS,91.31,14.9,0.086,605,Low,0.852,0.323,0.186,0.171,0.162,0.159,Within baseline with monitored trend behaviour.
2025-10-12 00:00:00,EMS-01,Underground EMS,92.03,6.98,0.072,610,Low,0.848,0.317,0.201,0.173,0.166,0.142,Within baseline with monitored trend behaviour.
2025-10-13 00:00:00,EMS-01,Underground EMS,92.74,7.98,0.071,599,Low,0.876,0.339,0.195,0.183,0.171,0.112,Within baseline with monitored trend behaviour.
2025-10-14 00:00:00,EMS-01,Underground EMS,92.03,12.49,0.085,598,Low,0.916,0.336,0.179,0.169,0.17,0.147,Within baseline with monitored trend behaviour.
2025-10-15 00:00:00,EMS-01,Underground EMS,91.17,10.6,0.145,597,Low,0.879,0.333,0.186,0.164,0.163,0.154,Within baseline with monitored trend behaviour.
2025-10-16 00:00:00,EMS-01,Underground EMS,92.06,9.24,0.13,593,Low,0.887,0.326,0.201,0.178,0.162,0.133,Within baseline with monitored trend behaviour.
2025-10-17 00:00:00,EMS-01,Underground EMS,92.41,9.69,0.099,588,Low,0.822,0.309,0.207,0.182,0.16,0.142,Within baseline with monitored trend behaviour.
2025-10-18 00:00:00,EMS-01,Underground EMS,95.11,5.28,0.045,595,Low,0.869,0.31,0.209,0.174,0.16,0.146,Within baseline with monitored trend behaviour.
2025-10-19 00:00:00,EMS-01,Underground EMS,91.14,13.68,0.099,595,Low,0.788,0.325,0.196,0.194,0.145,0.14,Within baseline with monitored trend behaviour.
2025-10-20 00:00:00,EMS-01,Underground EMS,94.06,10.13,0.115,591,Low,0.906,0.323,0.197,0.184,0.157,0.14,Within baseline with monitored trend behaviour.
2025-10-21 00:00:00,EMS-01,Underground EMS,94.77,7.49,0.103,590,Low,0.884,0.332,0.195,0.155,0.168,0.15,Within baseline with monitored trend behaviour.
2025-10-22 00:00:00,EMS-01,Underground EMS,91.9,13.45,0.158,585,Low,0.86,0.304,0.182,0.182,0.179,0.153,Within baseline with monitored trend behaviour.
2025-10-23 00:00:00,EMS-01,Underground EMS,93.12,6.86,0.076,588,Low,0.905,0.315,0.182,0.177,0.175,0.151,Within baseline with monitored trend behaviour.
2025-10-24 00:00:00,EMS-01,Underground EMS,93.61,9.1,0.162,587,Low,0.919,0.316,0.192,0.171,0.174,0.147,Within baseline with monitored trend behaviour.
2025-10-25 00:00:00,EMS-01,Underground EMS,93.33,12.04,0.137,587,Low,0.885,0.326,0.186,0.161,0.185,0.142,Within baseline with monitored trend behaviour.
2025-10-26 00:00:00,EMS-01,Underground EMS,92.79,12.05,0.109,585,Low,0.894,0.329,0.194,0.16,0.161,0.156,Within baseline with monitored trend behaviour.
2025-10-27 00:00:00,EMS-01,Underground EMS,91.55,14.7,0.124,584,Low,0.829,0.353,0.174,0.17,0.151,0.152,Within baseline with monitored trend behaviour.
2025-10-28 00:00:00,EMS-01,Underground EMS,93.68,7.67,0.034,586,Low,0.837,0.315,0.189,0.177,0.164,0.156,Within baseline with monitored trend behaviour.
2025-10-29 00:00:00,EMS-01,Underground EMS,92.0,13.03,0.216,582,Low,0.886,0.329,0.194,0.158,0.178,0.14,Within baseline with monitored trend behaviour.
2025-10-30 00:00:00,EMS-01,Underground EMS,92.63,9.46,0.127,580,Low,0.892,0.303,0.214,0.184,0.155,0.144,Within baseline with monitored trend behaviour.
2025-10-31 00:00:00,EMS-01,Underground EMS,92.85,11.2,0.164,570,Low,0.834,0.307,0.2,0.175,0.175,0.144,Within baseline with monitored trend behaviour.
2025-11-01 00:00:00,EMS-01,Underground EMS,93.92,11.13,0.118,580,Low,0.895,0.322,0.187,0.18,0.176,0.135,Within baseline with monitored trend behaviour.
2025-11-02 00:00:00,EMS-01,Underground EMS,95.62,4.54,0.056,573,Low,0.816,0.322,0.195,0.159,0.178,0.146,Within baseline with monitored trend behaviour.
2025-11-03 00:00:00,EMS-01,Underground EMS,91.34,8.42,0.049,573,Low,0.874,0.315,0.188,0.172,0.179,0.147,Within baseline with monitored trend behaviour.
2025-11-04 00:00:00,EMS-01,Underground EMS,92.58,14.08,0.129,567,Low,0.797,0.318,0.188,0.184,0.157,0.152,Within baseline with monitored trend behaviour.
2025-11-05 00:00:00,EMS-01,Underground EMS,90.11,14.82,0.136,579,Low,0.946,0.322,0.189,0.174,0.166,0.149,Within baseline with monitored trend behaviour.
2025-11-06 00:00:00,EMS-01,Underground EMS,94.84,7.01,0.03,559,Low,0.854,0.32,0.19,0.176,0.153,0.161,Within baseline with monitored trend behaviour.
2025-11-07 00:00:00,EMS-01,Underground EMS,92.52,10.15,0.122,574,Low,0.926,0.325,0.203,0.178,0.157,0.137,Within baseline with monitored trend behaviour.
2025-11-08 00:00:00,EMS-01,Underground EMS,91.95,7.07,0.216,568,Low,0.977,0.329,0.192,0.169,0.161,0.149,Within baseline with monitored trend behaviour.
2025-11-09 00:00:00,EMS-01,Underground EMS,92.5,10.92,0.058,557,Low,0.835,0.324,0.179,0.183,0.166,0.148,Within baseline with monitored trend behaviour.
2025-11-10 00:00:00,EMS-01,Underground EMS,92.56,9.35,0.115,572,Low,0.847,0.325,0.185,0.175,0.176,0.14,Within baseline with monitored trend behaviour.
2025-11-11 00:00:00,EMS-01,Underground EMS,91.21,12.41,0.103,564,Low,0.862,0.319,0.192,0.179,0.164,0.146,Within baseline with monitored trend behaviour.
2025-11-12 00:00:00,EMS-01,Underground EMS,94.26,8.09,0.092,552,Low,0.823,0.329,0.201,0.183,0.151,0.136,Within baseline with monitored trend behaviour.
2025-11-13 00:00:00,EMS-01,Underground EMS,93.38,2.51,0.092,558,Low,0.86,0.337,0.187,0.174,0.168,0.134,Within baseline with monitored trend behaviour.
2025-11-14 00:00:00,EMS-01,Underground EMS,93.58,9.96,0.031,561,Low,0.861,0.331,0.186,0.184,0.153,0.145,Within baseline with monitored trend behaviour.
2025-11-15 00:00:00,EMS-01,Underground EMS,91.22,12.66,0.081,564,Low,0.89,0.321,0.2,0.169,0.169,0.141,Within baseline with monitored trend behaviour.
2025-11-16 00:00:00,EMS-01,Underground EMS,91.12,13.08,0.118,554,Low,0.917,0.317,0.198,0.177,0.157,0.151,Within baseline with monitored trend behaviour.
2025-11-17 00:00:00,EMS-01,Underground EMS,92.1,10.7,0.108,544,Low,0.871,0.326,0.189,0.163,0.187,0.134,Within baseline with monitored trend behaviour.
2025-11-18 00:00:00,EMS-01,Underground EMS,93.54,9.14,0.065,559,Low,0.872,0.315,0.177,0.185,0.182,0.142,Within baseline with monitored trend behaviour.
2025-11-19 00:00:00,EMS-01,Underground EMS,93.05,10.08,0.09,554,Low,0.856,0.319,0.201,0.157,0.168,0.155,Within baseline with monitored trend behaviour.
2025-11-20 00:00:00,EMS-01,Underground EMS,90.98,13.17,0.168,542,Low,0.847,0.319,0.196,0.176,0.159,0.15,Within baseline with monitored trend behaviour.
2025-11-21 00:00:00,EMS-01,Underground EMS,93.28,10.36,0.057,551,Low,0.835,0.325,0.196,0.185,0.154,0.14,Within baseline with monitored trend behaviour.
2025-11-22 00:00:00,EMS-01,Underground EMS,90.64,13.67,0.112,550,Low,0.857,0.336,0.194,0.171,0.158,0.142,Within baseline with monitored trend behaviour.
2025-11-23 00:00:00,EMS-01,Underground EMS,91.12,16.14,0.133,545,Low,0.873,0.305,0.192,0.17,0.174,0.159,Within baseline with monitored trend behaviour.
2025-11-24 00:00:00,EMS-01,Underground EMS,92.41,9.17,0.139,542,Low,0.829,0.323,0.199,0.174,0.156,0.148,Within baseline with monitored trend behaviour.
2025-11-25 00:00:00,EMS-01,Underground EMS,90.27,12.88,0.114,542,Low,0.85,0.319,0.189,0.173,0.163,0.156,Within baseline with monitored trend behaviour.
2025-11-26 00:00:00,EMS-01,Underground EMS,90.58,16.57,0.143,541,Low,0.894,0.326,0.193,0.187,0.151,0.143,Within baseline with monitored trend behaviour.
2025-11-27 00:00:00,EMS-01,Underground EMS,94.59,7.27,0.062,543,Low,0.884,0.325,0.181,0.17,0.159,0.165,Within baseline with monitored trend behaviour.
2025-11-28 00:00:00,EMS-01,Underground EMS,94.27,9.88,0.1,543,Low,0.837,0.312,0.202,0.171,0.178,0.138,Within baseline with monitored trend behaviour.
2025-11-29 00:00:00,EMS-01,Underground EMS,95.73,6.24,0.114,530,Low,0.905,0.305,0.192,0.173,0.172,0.159,Within baseline with monitored trend behaviour.
2025-11-30 00:00:00,EMS-01,Underground EMS,92.77,9.66,0.114,538,Low,0.839,0.314,0.202,0.175,0.165,0.144,Within baseline with monitored trend behaviour.
2025-12-01 00:00:00,EMS-01,Underground EMS,93.07,11.68,0.194,538,Low,0.896,0.32,0.186,0.161,0.171,0.163,Within baseline with monitored trend behaviour.
2025-12-02 00:00:00,EMS-01,Underground EMS,91.77,12.56,0.105,535,Low,0.88,0.314,0.205,0.158,0.173,0.151,Within baseline with monitored trend behaviour.
2025-12-03 00:00:00,EMS-01,Underground EMS,91.44,8.92,0.125,532,Low,0.909,0.304,0.195,0.194,0.171,0.135,Within baseline with monitored trend behaviour.
2025-12-04 00:00:00,EMS-01,Underground EMS,93.38,9.62,0.153,538,Low,0.8,0.321,0.201,0.166,0.171,0.142,Within baseline with monitored trend behaviour.
2025-12-05 00:00:00,EMS-01,Underground EMS,94.14,6.21,0.012,536,Low,0.864,0.334,0.194,0.17,0.157,0.145,Within baseline with monitored trend behaviour.
2025-12-06 00:00:00,EMS-01,Underground EMS,93.21,12.05,0.064,528,Low,0.875,0.329,0.191,0.169,0.163,0.149,Within baseline with monitored trend behaviour.
2025-12-07 00:00:00,EMS-01,Underground EMS,90.59,16.69,0.15,528,Low,0.801,0.327,0.186,0.164,0.172,0.151,Within baseline with monitored trend behaviour.
2025-12-08 00:00:00,EMS-01,Underground EMS,92.54,14.19,0.215,530,Low,0.914,0.327,0.194,0.164,0.184,0.131,Within baseline with monitored trend behaviour.
2025-12-09 00:00:00,EMS-01,Underground EMS,90.66,13.79,0.145,531,Low,0.923,0.318,0.186,0.178,0.157,0.16,Within baseline with monitored trend behaviour.
2025-12-10 00:00:00,EMS-01,Underground EMS,91.36,11.17,0.124,521,Low,0.852,0.315,0.195,0.18,0.152,0.158,Within baseline with monitored trend behaviour.
2025-12-11 00:00:00,EMS-01,Underground EMS,94.48,8.37,0.074,519,Low,0.899,0.324,0.194,0.17,0.161,0.151,Within baseline with monitored trend behaviour.
2025-12-12 00:00:00,EMS-01,Underground EMS,89.92,12.23,0.142,523,Low,0.868,0.315,0.196,0.167,0.157,0.164,Within baseline with monitored trend behaviour.
2025-12-13 00:00:00,EMS-01,Underground EMS,95.3,11.28,0.119,516,Low,0.877,0.316,0.202,0.174,0.169,0.138,Within baseline with monitored trend behaviour.
2025-12-14 00:00:00,EMS-01,Underground EMS,92.69,12.63,0.072,511,Low,0.878,0.323,0.199,0.183,0.158,0.137,Within baseline with monitored trend behaviour.
2025-12-15 00:00:00,EMS-01,Underground EMS,91.05,13.15,0.041,514,Low,0.81,0.318,0.19,0.163,0.182,0.147,Within baseline with monitored trend behaviour.
2025-12-16 00:00:00,EMS-01,Underground EMS,91.88,13.36,0.184,518,Low,0.896,0.308,0.194,0.191,0.16,0.147,Within baseline with monitored trend behaviour.
2025-12-17 00:00:00,EMS-01,Underground EMS,90.66,12.09,0.025,521,Low,0.889,0.319,0.199,0.174,0.159,0.149,Within baseline with monitored trend behaviour.
2025-12-18 00:00:00,EMS-01,Underground EMS,90.86,10.58,0.086,511,Low,0.854,0.327,0.202,0.157,0.155,0.159,Within baseline with monitored trend behaviour.
2025-12-19 00:00:00,EMS-01,Underground EMS,91.84,7.0,0.047,512,Low,0.846,0.321,0.182,0.192,0.168,0.138,Within baseline with monitored trend behaviour.
2025-12-20 00:00:00,EMS-01,Underground EMS,91.18,12.52,0.116,512,Low,0.934,0.304,0.207,0.177,0.165,0.147,Within baseline with monitored trend behaviour.
2025-12-21 00:00:00,EMS-01,Underground EMS,90.19,13.31,0.13,507,Low,0.922,0.332,0.189,0.166,0.177,0.135,Within baseline with monitored trend behaviour.
2025-12-22 00:00:00,EMS-01,Underground EMS,91.31,13.2,0.187,505,Low,0.862,0.313,0.198,0.176,0.164,0.149,Within baseline with monitored trend behaviour.
2025-12-23 00:00:00,EMS-01,Underground EMS,89.55,14.66,0.16,508,Low,0.87,0.303,0.202,0.171,0.164,0.161,Within baseline with monitored trend behaviour.
2025-12-24 00:00:00,EMS-01,Underground EMS,89.6,15.51,0.208,501,Low,0.773,0.325,0.186,0.196,0.158,0.135,Within baseline with monitored trend behaviour.
2025-12-25 00:00:00,EMS-01,Underground EMS,89.56,16.23,0.145,501,Low,0.947,0.327,0.198,0.172,0.162,0.141,Within baseline with monitored trend behaviour.
2025-12-26 00:00:00,EMS-01,Underground EMS,94.27,5.1,0.044,502,Low,0.902,0.322,0.196,0.159,0.174,0.148,Within baseline with monitored trend behaviour.
2025-12-27 00:00:00,EMS-01,Underground EMS,92.23,12.62,0.079,503,Low,0.858,0.326,0.197,0.168,0.159,0.151,Within baseline with monitored trend behaviour.
2025-12-28 00:00:00,EMS-01,Underground EMS,92.51,9.67,0.08,494,Low,0.88,0.327,0.196,0.182,0.154,0.141,Within baseline with monitored trend behaviour.
2025-12-29 00:00:00,EMS-01,Underground EMS,91.56,12.85,0.146,499,Low,0.882,0.317,0.192,0.172,0.17,0.15,Within baseline with monitored trend behaviour.
2025-12-30 00:00:00,EMS-01,Underground EMS,92.34,12.77,0.046,493,Low,0.835,0.318,0.192,0.171,0.184,0.135,Within baseline with monitored trend behaviour.
2025-12-31 00:00:00,EMS-01,Underground EMS,93.39,11.31,0.126,494,Low,0.88,0.335,0.192,0.176,0.165,0.133,Within baseline with monitored trend behaviour.
2026-01-01 00:00:00,EMS-01,Underground EMS,92.14,11.26,0.061,498,Low,0.881,0.31,0.217,0.172,0.163,0.138,Within baseline with monitored trend behaviour.
2026-01-02 00:00:00,EMS-01,Underground EMS,94.1,8.62,0.057,494,Low,0.895,0.332,0.181,0.182,0.172,0.134,Within baseline with monitored trend behaviour.
2026-01-03 00:00:00,EMS-01,Underground EMS,91.4,13.83,0.18,499,Low,0.967,0.324,0.198,0.177,0.159,0.141,Within baseline with monitored trend behaviour.
2026-01-04 00:00:00,EMS-01,Underground EMS,92.4,7.64,0.036,491,Low,0.828,0.299,0.199,0.17,0.177,0.154,Within baseline with monitored trend behaviour.
2026-01-05 00:00:00,EMS-01,Underground EMS,92.55,8.53,0.052,494,Low,0.966,0.32,0.206,0.177,0.158,0.14,Within baseline with monitored trend behaviour.
2026-01-06 00:00:00,EMS-01,Underground EMS,89.91,13.57,0.166,492,Low,0.792,0.318,0.192,0.18,0.151,0.159,Within baseline with monitored trend behaviour.
2026-01-07 00:00:00,EMS-01,Underground EMS,91.45,9.3,0.098,487,Low,0.944,0.33,0.196,0.18,0.157,0.137,Within baseline with monitored trend behaviour.
2026-01-08 00:00:00,EMS-01,Underground EMS,88.42,15.67,0.091,481,Low,0.953,0.335,0.189,0.18,0.161,0.134,Within baseline with monitored trend behaviour.
2026-01-09 00:00:00,EMS-01,Underground EMS,91.14,11.75,0.104,484,Low,0.89,0.317,0.199,0.175,0.169,0.14,Within baseline with monitored trend behaviour.
2026-01-10 00:00:00,EMS-01,Underground EMS,90.88,12.94,0.113,481,Low,0.908,0.307,0.208,0.175,0.162,0.149,Within baseline with monitored trend behaviour.
2026-01-11 00:00:00,EMS-01,Underground EMS,90.77,12.81,0.127,480,Low,0.834,0.32,0.185,0.173,0.176,0.145,Within baseline with monitored trend behaviour.
2026-01-12 00:00:00,EMS-01,Underground EMS,90.64,15.24,0.157,481,Low,0.858,0.325,0.212,0.175,0.15,0.138,Within baseline with monitored trend behaviour.
2026-01-13 00:00:00,EMS-01,Underground EMS,92.1,12.21,0.096,474,Low,0.812,0.32,0.199,0.182,0.163,0.136,Within baseline with monitored trend behaviour.
2026-01-14 00:00:00,EMS-01,Underground EMS,89.84,14.08,0.262,475,Low,0.87,0.315,0.173,0.186,0.171,0.155,Within baseline with monitored trend behaviour.
2026-01-15 00:00:00,EMS-01,Underground EMS,94.22,7.43,0.06,473,Low,0.841,0.329,0.186,0.187,0.153,0.146,Within baseline with monitored trend behaviour.
2026-01-16 00:00:00,EMS-01,Underground EMS,92.13,10.92,0.125,474,Low,0.94,0.328,0.193,0.173,0.158,0.149,Within baseline with monitored trend behaviour.
2026-01-17 00:00:00,EMS-01,Underground EMS,89.92,14.05,0.062,471,Low,0.88,0.326,0.212,0.16,0.154,0.148,Within baseline with monitored trend behaviour.
2026-01-18 00:00:00,EMS-01,Underground EMS,92.22,15.93,0.134,470,Low,0.872,0.326,0.18,0.183,0.161,0.15,Within baseline with monitored trend behaviour.
2026-01-19 00:00:00,EMS-01,Underground EMS,92.76,7.22,0.073,472,Low,0.91,0.31,0.21,0.18,0.164,0.136,Within baseline with monitored trend behaviour.
2026-01-20 00:00:00,EMS-01,Underground EMS,91.74,9.71,0.046,468,Low,0.901,0.325,0.185,0.178,0.163,0.149,Within baseline with monitored trend behaviour.
2026-01-21 00:00:00,EMS-01,Underground EMS,89.52,12.52,0.108,469,Low,0.882,0.309,0.195,0.185,0.168,0.143,Within baseline with monitored trend behaviour.
2026-01-22 00:00:00,EMS-01,Underground EMS,94.7,7.97,0.088,463,Low,0.83,0.329,0.204,0.161,0.166,0.14,Within baseline with monitored trend behaviour.
2026-01-23 00:00:00,EMS-01,Underground EMS,92.12,11.49,0.059,463,Low,0.864,0.324,0.196,0.166,0.16,0.154,Within baseline with monitored trend behaviour.
2026-01-24 00:00:00,EMS-01,Underground EMS,89.08,14.14,0.115,473,Low,0.871,0.328,0.19,0.187,0.157,0.137,Within baseline with monitored trend behaviour.
2026-01-25 00:00:00,EMS-01,Underground EMS,91.4,13.84,0.139,461,Low,0.827,0.33,0.189,0.172,0.156,0.154,Within baseline with monitored trend behaviour.
2026-01-26 00:00:00,EMS-01,Underground EMS,90.69,13.77,0.164,454,Low,0.854,0.308,0.192,0.172,0.165,0.164,Within baseline with monitored trend behaviour.
2026-01-27 00:00:00,EMS-01,Underground EMS,91.04,14.43,0.17,462,Low,0.881,0.303,0.21,0.168,0.178,0.141,Within baseline with monitored trend behaviour.
2026-01-28 00:00:00,EMS-01,Underground EMS,89.1,17.67,0.177,457,Low,0.893,0.332,0.198,0.164,0.166,0.14,Within baseline with monitored trend behaviour.
2026-01-29 00:00:00,EMS-01,Underground EMS,91.08,8.23,0.076,459,Low,0.863,0.334,0.189,0.187,0.145,0.144,Within baseline with monitored trend behaviour.
2026-01-30 00:00:00,EMS-01,Underground EMS,89.64,15.87,0.214,457,Low,0.816,0.319,0.176,0.181,0.175,0.148,Within baseline with monitored trend behaviour.
2026-01-31 00:00:00,EMS-01,Underground EMS,90.39,10.87,0.178,458,Low,0.93,0.315,0.191,0.187,0.154,0.153,Within baseline with monitored trend behaviour.
2026-02-01 00:00:00,EMS-01,Underground EMS,91.55,12.32,0.193,454,Low,0.843,0.325,0.199,0.175,0.154,0.148,Within baseline with monitored trend behaviour.
2026-02-02 00:00:00,EMS-01,Underground EMS,90.15,13.64,0.145,452,Low,0.851,0.324,0.199,0.172,0.157,0.148,Within baseline with monitored trend behaviour.
2026-02-03 00:00:00,EMS-01,Underground EMS,90.43,13.33,0.124,456,Low,0.818,0.308,0.192,0.177,0.16,0.164,Within baseline with monitored trend behaviour.
2026-02-04 00:00:00,EMS-01,Underground EMS,92.19,8.52,0.088,441,Low,0.882,0.331,0.198,0.166,0.168,0.137,Within baseline with monitored trend behaviour.
2026-02-05 00:00:00,EMS-01,Underground EMS,89.44,16.84,0.125,444,Low,0.854,0.328,0.179,0.159,0.182,0.152,Within baseline with monitored trend behaviour.
2026-02-06 00:00:00,EMS-01,Underground EMS,89.81,11.69,0.092,444,Low,0.859,0.324,0.193,0.187,0.163,0.133,Within baseline with monitored trend behaviour.
2026-02-07 00:00:00,EMS-01,Underground EMS,88.82,17.15,0.16,440,Low,0.904,0.32,0.196,0.192,0.154,0.137,Within baseline with monitored trend behaviour.
2026-02-08 00:00:00,EMS-01,Underground EMS,89.49,11.85,0.132,443,Low,0.915,0.304,0.199,0.179,0.167,0.153,Within baseline with monitored trend behaviour.
2026-02-09 00:00:00,EMS-01,Underground EMS,91.0,12.57,0.156,441,Low,0.943,0.315,0.217,0.161,0.164,0.142,Within baseline with monitored trend behaviour.
2026-02-10 00:00:00,EMS-01,Underground EMS,91.79,15.1,0.208,446,Low,0.956,0.326,0.2,0.18,0.157,0.137,Within baseline with monitored trend behaviour.
2026-02-11 00:00:00,EMS-01,Underground EMS,89.46,19.47,0.261,441,Low,0.897,0.329,0.189,0.164,0.164,0.155,Within baseline with monitored trend behaviour.
2026-02-12 00:00:00,EMS-01,Underground EMS,91.71,8.37,0.069,439,Low,0.885,0.316,0.194,0.175,0.18,0.136,Within baseline with monitored trend behaviour.
2026-02-13 00:00:00,EMS-01,Underground EMS,90.89,11.35,0.12,437,Low,0.906,0.327,0.183,0.169,0.173,0.148,Within baseline with monitored trend behaviour.
2026-02-14 00:00:00,EMS-01,Underground EMS,88.49,15.07,0.202,433,Low,0.906,0.32,0.185,0.184,0.173,0.139,Within baseline with monitored trend behaviour.
2026-02-15 00:00:00,EMS-01,Underground EMS,90.96,17.17,0.179,439,Low,0.878,0.323,0.178,0.189,0.155,0.154,Within baseline with monitored trend behaviour.
2026-02-16 00:00:00,EMS-01,Underground EMS,92.57,10.26,0.059,439,Low,0.885,0.314,0.207,0.183,0.16,0.135,Within baseline with monitored trend behaviour.
2026-02-17 00:00:00,EMS-01,Underground EMS,87.62,19.49,0.235,428,Low,0.904,0.324,0.201,0.153,0.178,0.144,Within baseline with monitored trend behaviour.
2026-02-18 00:00:00,EMS-01,Underground EMS,93.83,9.23,0.071,438,Low,0.932,0.324,0.204,0.164,0.154,0.153,Within baseline with monitored trend behaviour.
2026-02-19 00:00:00,EMS-01,Underground EMS,89.63,12.12,0.066,428,Low,0.898,0.324,0.184,0.186,0.165,0.142,Within baseline with monitored trend behaviour.
2026-02-20 00:00:00,EMS-01,Underground EMS,87.95,13.15,0.099,426,Low,0.878,0.323,0.186,0.18,0.157,0.154,Within baseline with monitored trend behaviour.
2026-02-21 00:00:00,EMS-01,Underground EMS,90.79,11.66,0.136,430,Low,0.868,0.32,0.201,0.163,0.162,0.153,Within baseline with monitored trend behaviour.
2026-02-22 00:00:00,EMS-01,Underground EMS,91.88,16.0,0.169,429,Low,0.864,0.29,0.199,0.185,0.173,0.153,Within baseline with monitored trend behaviour.
2026-02-23 00:00:00,EMS-01,Underground EMS,90.09,14.4,0.125,425,Low,0.885,0.317,0.201,0.176,0.163,0.143,Within baseline with monitored trend behaviour.
2026-02-24 00:00:00,EMS-01,Underground EMS,91.01,14.69,0.245,423,Low,0.891,0.328,0.19,0.177,0.152,0.153,Within baseline with monitored trend behaviour.
2026-02-25 00:00:00,EMS-01,Underground EMS,93.89,5.72,0.011,427,Low,0.862,0.325,0.192,0.19,0.161,0.132,Within baseline with monitored trend behaviour.
2026-02-26 00:00:00,EMS-01,Underground EMS,90.81,12.22,0.098,419,Low,0.894,0.315,0.168,0.196,0.162,0.159,Within baseline with monitored trend behaviour.
2026-02-27 00:00:00,EMS-01,Underground EMS,95.23,8.23,0.071,420,Low,0.862,0.328,0.183,0.192,0.152,0.145,Within baseline with monitored trend behaviour.
2026-02-28 00:00:00,EMS-01,Underground EMS,92.47,8.37,0.029,425,Low,0.85,0.33,0.198,0.154,0.161,0.157,Within baseline with monitored trend behaviour.
2026-03-01 00:00:00,EMS-01,Underground EMS,90.51,13.16,0.117,412,Low,0.882,0.319,0.194,0.171,0.177,0.139,Within baseline with monitored trend behaviour.
2026-03-02 00:00:00,EMS-01,Underground EMS,90.87,11.02,0.047,414,Low,0.886,0.325,0.195,0.181,0.159,0.139,Within baseline with monitored trend behaviour.
2026-03-03 00:00:00,EMS-01,Underground EMS,89.88,15.83,0.184,419,Low,0.903,0.319,0.194,0.174,0.167,0.146,Within baseline with monitored trend behaviour.
2026-03-04 00:00:00,EMS-01,Underground EMS,90.77,13.72,0.146,416,Low,0.952,0.308,0.194,0.166,0.181,0.152,Within baseline with monitored trend behaviour.
2026-03-05 00:00:00,EMS-01,Underground EMS,91.25,13.62,0.144,416,Low,0.938,0.336,0.194,0.155,0.162,0.153,Within baseline with monitored trend behaviour.
2026-03-06 00:00:00,EMS-01,Underground EMS,89.69,16.18,0.213,405,Low,0.927,0.32,0.193,0.184,0.147,0.155,Within baseline with monitored trend behaviour.
2026-03-07 00:00:00,EMS-01,Underground EMS,88.11,16.2,0.16,411,Low,0.921,0.327,0.19,0.169,0.164,0.149,Within baseline with monitored trend behaviour.
2026-03-08 00:00:00,EMS-01,Underground EMS,92.41,12.63,0.061,407,Low,0.853,0.323,0.19,0.167,0.17,0.15,Within baseline with monitored trend behaviour.
2026-03-09 00:00:00,EMS-01,Underground EMS,91.83,10.25,0.087,416,Low,0.942,0.301,0.204,0.177,0.173,0.144,Within baseline with monitored trend behaviour.
2026-03-10 00:00:00,EMS-01,Underground EMS,87.99,18.06,0.212,409,Low,0.836,0.308,0.201,0.175,0.172,0.143,Within baseline with monitored trend behaviour.
2026-03-11 00:00:00,EMS-01,Underground EMS,90.51,9.34,0.061,404,Low,0.925,0.315,0.209,0.165,0.168,0.143,Within baseline with monitored trend behaviour.
2026-03-12 00:00:00,EMS-01,Underground EMS,91.86,9.9,0.105,404,Low,0.811,0.317,0.194,0.165,0.165,0.158,Within baseline with monitored trend behaviour.
2026-03-13 00:00:00,EMS-01,Underground EMS,91.68,16.28,0.132,402,Low,0.91,0.319,0.191,0.176,0.164,0.15,Within baseline with monitored trend behaviour.
2026-03-14 00:00:00,EMS-01,Underground EMS,89.07,16.52,0.131,403,Low,0.925,0.309,0.201,0.175,0.171,0.144,Within baseline with monitored trend behaviour.
2026-03-15 00:00:00,EMS-01,Underground EMS,91.74,12.79,0.13,395,Low,0.889,0.31,0.202,0.184,0.158,0.146,Within baseline with monitored trend behaviour.
2026-03-16 00:00:00,EMS-01,Underground EMS,90.17,12.11,0.163,403,Low,0.897,0.335,0.18,0.151,0.172,0.161,Within baseline with monitored trend behaviour.
2026-03-17 00:00:00,EMS-01,Underground EMS,90.75,10.76,0.085,391,Low,0.916,0.322,0.194,0.173,0.172,0.139,Within baseline with monitored trend behaviour.
2026-03-18 00:00:00,EMS-01,Underground EMS,88.64,15.38,0.205,396,Low,0.918,0.314,0.19,0.184,0.164,0.148,Within baseline with monitored trend behaviour.
2026-03-19 00:00:00,EMS-01,Underground EMS,83.28,23.27,0.227,390,Low,0.893,0.309,0.205,0.182,0.156,0.147,Within baseline with monitored trend behaviour.
2026-03-20 00:00:00,EMS-01,Underground EMS,88.83,19.47,0.176,392,Low,0.911,0.321,0.202,0.172,0.162,0.144,Within baseline with monitored trend behaviour.
2026-03-21 00:00:00,EMS-01,Underground EMS,90.91,14.76,0.112,395,Low,0.876,0.326,0.194,0.165,0.165,0.149,Within baseline with monitored trend behaviour.
2026-03-22 00:00:00,EMS-01,Underground EMS,89.71,14.63,0.149,383,Low,0.949,0.312,0.211,0.172,0.164,0.14,Within baseline with monitored trend behaviour.
2026-03-23 00:00:00,EMS-01,Underground EMS,91.06,12.65,0.128,388,Low,0.88,0.323,0.191,0.178,0.158,0.15,Within baseline with monitored trend behaviour.
2026-03-24 00:00:00,EMS-01,Underground EMS,91.77,13.04,0.114,381,Low,0.852,0.333,0.193,0.16,0.163,0.15,Within baseline with monitored trend behaviour.
2026-03-25 00:00:00,EMS-01,Underground EMS,89.45,12.13,0.081,385,Low,0.926,0.332,0.195,0.171,0.159,0.143,Within baseline with monitored trend behaviour.
2026-03-26 00:00:00,EMS-01,Underground EMS,89.28,11.17,0.024,379,Low,0.913,0.331,0.194,0.175,0.158,0.141,Within baseline with monitored trend behaviour.
2026-03-27 00:00:00,EMS-01,Underground EMS,86.44,20.46,0.192,384,Low,0.865,0.325,0.2,0.162,0.173,0.14,Within baseline with monitored trend behaviour.
2026-03-28 00:00:00,EMS-01,Underground EMS,87.45,17.72,0.176,380,Low,0.916,0.327,0.189,0.173,0.164,0.148,Within baseline with monitored trend behaviour.
2026-03-29 00:00:00,EMS-01,Underground EMS,87.76,14.51,0.202,383,Low,0.82,0.324,0.199,0.167,0.157,0.153,Within baseline with monitored trend behaviour.
2026-03-30 00:00:00,EMS-01,Underground EMS,90.78,8.72,0.088,384,Low,0.886,0.314,0.19,0.185,0.172,0.139,Within baseline with monitored trend behaviour.
2026-03-31 00:00:00,EMS-01,Underground EMS,89.36,16.69,0.21,378,Low,0.982,0.31,0.207,0.178,0.159,0.146,Within baseline with monitored trend behaviour.
2026-04-01 00:00:00,EMS-01,Underground EMS,89.0,14.36,0.118,380,Low,0.876,0.32,0.185,0.19,0.167,0.138,Within baseline with monitored trend behaviour.
2026-04-02 00:00:00,EMS-01,Underground EMS,88.79,16.49,0.127,381,Low,0.882,0.323,0.19,0.187,0.165,0.135,Within baseline with monitored trend behaviour.
2026-04-03 00:00:00,EMS-01,Underground EMS,88.57,15.48,0.03,370,Low,0.835,0.316,0.197,0.172,0.159,0.157,Within baseline with monitored trend behaviour.
2026-04-04 00:00:00,EMS-01,Underground EMS,91.27,12.15,0.108,378,Low,0.895,0.324,0.19,0.18,0.161,0.145,Within baseline with monitored trend behaviour.
2026-04-05 00:00:00,EMS-01,Underground EMS,89.92,12.92,0.17,371,Low,0.927,0.329,0.194,0.16,0.164,0.153,Within baseline with monitored trend behaviour.
2026-04-06 00:00:00,EMS-01,Underground EMS,91.34,11.97,0.034,366,Low,0.94,0.319,0.189,0.164,0.174,0.154,Within baseline with monitored trend behaviour.
2026-04-07 00:00:00,EMS-01,Underground EMS,86.23,20.43,0.2,370,Low,0.834,0.319,0.198,0.175,0.162,0.147,Within baseline with monitored trend behaviour.
2026-04-08 00:00:00,EMS-01,Underground EMS,90.57,12.65,0.154,367,Low,0.865,0.318,0.197,0.176,0.16,0.149,Within baseline with monitored trend behaviour.
2026-04-09 00:00:00,EMS-01,Underground EMS,88.93,14.84,0.1,360,Low,0.881,0.305,0.189,0.167,0.186,0.152,Within baseline with monitored trend behaviour.
2026-04-10 00:00:00,EMS-01,Underground EMS,89.23,16.29,0.184,360,Low,0.896,0.329,0.199,0.174,0.162,0.136,Within baseline with monitored trend behaviour.
2026-04-11 00:00:00,EMS-01,Underground EMS,91.83,12.79,0.098,370,Low,0.881,0.331,0.182,0.18,0.169,0.138,Within baseline with monitored trend behaviour.
2026-04-12 00:00:00,EMS-01,Underground EMS,89.02,13.1,0.197,363,Low,0.923,0.306,0.195,0.179,0.171,0.149,Within baseline with monitored trend behaviour.
2026-04-13 00:00:00,EMS-01,Underground EMS,90.41,13.37,0.086,367,Low,0.835,0.32,0.204,0.174,0.16,0.143,Within baseline with monitored trend behaviour.
2026-04-14 00:00:00,EMS-01,Underground EMS,87.98,15.78,0.195,358,Low,0.871,0.321,0.181,0.181,0.167,0.149,Within baseline with monitored trend behaviour.
2026-04-15 00:00:00,EMS-01,Underground EMS,89.65,14.52,0.059,355,Low,0.867,0.307,0.194,0.179,0.164,0.156,Within baseline with monitored trend behaviour.
2026-04-16 00:00:00,EMS-01,Underground EMS,87.02,21.04,0.246,350,Low,0.919,0.323,0.184,0.181,0.174,0.137,Within baseline with monitored trend behaviour.
2026-04-17 00:00:00,EMS-01,Underground EMS,89.46,15.48,0.146,359,Low,0.852,0.329,0.188,0.179,0.172,0.131,Within baseline with monitored trend behaviour.
2026-04-18 00:00:00,EMS-01,Underground EMS,90.15,18.12,0.198,356,Low,0.907,0.322,0.181,0.158,0.174,0.164,Within baseline with monitored trend behaviour.
2026-04-19 00:00:00,EMS-01,Underground EMS,91.28,12.64,0.062,351,Low,0.896,0.316,0.187,0.181,0.158,0.157,Within baseline with monitored trend behaviour.
2026-04-20 00:00:00,EMS-01,Underground EMS,88.18,16.21,0.144,348,Low,0.83,0.321,0.195,0.164,0.172,0.147,Within baseline with monitored trend behaviour.
2026-04-21 00:00:00,EMS-01,Underground EMS,88.63,15.88,0.188,355,Low,0.949,0.319,0.177,0.178,0.167,0.159,Within baseline with monitored trend behaviour.
2026-04-22 00:00:00,EMS-01,Underground EMS,88.42,16.49,0.161,348,Low,0.937,0.33,0.178,0.182,0.161,0.149,Within baseline with monitored trend behaviour.
2026-04-23 00:00:00,EMS-01,Underground EMS,89.03,16.0,0.131,347,Low,0.883,0.326,0.187,0.181,0.156,0.15,Within baseline with monitored trend behaviour.
2026-04-24 00:00:00,EMS-01,Underground EMS,87.88,14.99,0.207,344,Low,0.926,0.301,0.185,0.182,0.176,0.156,Within baseline with monitored trend behaviour.
2026-04-25 00:00:00,EMS-01,Underground EMS,85.95,19.21,0.194,343,Low,0.894,0.334,0.184,0.188,0.168,0.127,Within baseline with monitored trend behaviour.
2026-04-26 00:00:00,EMS-01,Underground EMS,87.71,15.76,0.191,346,Low,0.87,0.325,0.198,0.169,0.159,0.149,Within baseline with monitored trend behaviour.
2026-04-27 00:00:00,EMS-01,Underground EMS,89.28,17.06,0.109,337,Low,0.907,0.326,0.189,0.167,0.162,0.157,Within baseline with monitored trend behaviour.
2026-04-28 00:00:00,EMS-01,Underground EMS,89.1,11.4,0.103,341,Low,0.843,0.308,0.196,0.17,0.186,0.14,Within baseline with monitored trend behaviour.
2026-04-29 00:00:00,EMS-01,Underground EMS,90.21,14.03,0.107,343,Low,0.899,0.32,0.211,0.161,0.158,0.15,Within baseline with monitored trend behaviour.
2026-04-30 00:00:00,EMS-01,Underground EMS,90.65,10.05,0.079,338,Low,0.832,0.336,0.176,0.172,0.174,0.141,Within baseline with monitored trend behaviour.
2026-05-01 00:00:00,EMS-01,Underground EMS,88.57,16.87,0.261,341,Low,0.91,0.328,0.205,0.169,0.162,0.136,Within baseline with monitored trend behaviour.
2026-05-02 00:00:00,EMS-01,Underground EMS,86.73,17.78,0.208,341,Low,0.78,0.333,0.191,0.17,0.161,0.144,Within baseline with monitored trend behaviour.
2026-05-03 00:00:00,EMS-01,Underground EMS,89.89,10.52,0.101,338,Low,0.926,0.304,0.207,0.192,0.16,0.137,Within baseline with monitored trend behaviour.
2026-05-04 00:00:00,EMS-01,Underground EMS,89.21,16.99,0.156,331,Low,0.86,0.338,0.208,0.166,0.153,0.134,Within baseline with monitored trend behaviour.
2026-05-05 00:00:00,EMS-01,Underground EMS,88.8,10.65,0.05,332,Low,0.925,0.314,0.196,0.185,0.152,0.153,Within baseline with monitored trend behaviour.
2026-05-06 00:00:00,EMS-01,Underground EMS,91.14,12.34,0.078,332,Low,0.968,0.338,0.191,0.17,0.158,0.143,Within baseline with monitored trend behaviour.
2026-05-07 00:00:00,EMS-01,Underground EMS,89.89,15.53,0.181,327,Low,0.934,0.333,0.198,0.16,0.171,0.137,Within baseline with monitored trend behaviour.
2026-05-08 00:00:00,EMS-01,Underground EMS,89.35,17.67,0.168,326,Low,0.868,0.332,0.184,0.168,0.165,0.151,Within baseline with monitored trend behaviour.
2026-05-09 00:00:00,EMS-01,Underground EMS,89.4,11.63,0.097,324,Low,0.863,0.317,0.21,0.169,0.158,0.146,Within baseline with monitored trend behaviour.
2026-05-10 00:00:00,EMS-01,Underground EMS,90.47,12.31,0.027,335,Low,0.862,0.334,0.191,0.182,0.152,0.141,Within baseline with monitored trend behaviour.
2026-05-11 00:00:00,EMS-01,Underground EMS,87.99,18.98,0.181,323,Low,0.868,0.32,0.196,0.167,0.166,0.151,Within baseline with monitored trend behaviour.
2026-05-12 00:00:00,EMS-01,Underground EMS,87.67,19.57,0.301,327,Low,0.879,0.317,0.186,0.17,0.158,0.169,Within baseline with monitored trend behaviour.
2026-05-13 00:00:00,EMS-01,Underground EMS,88.68,18.41,0.209,318,Low,0.92,0.326,0.201,0.17,0.15,0.153,Within baseline with monitored trend behaviour.
2026-05-14 00:00:00,EMS-01,Underground EMS,87.15,23.11,0.212,327,Low,0.899,0.331,0.198,0.186,0.163,0.123,Within baseline with monitored trend behaviour.
2026-05-15 00:00:00,EMS-01,Underground EMS,88.95,14.46,0.151,317,Low,0.901,0.315,0.197,0.178,0.164,0.146,Within baseline with monitored trend behaviour.
2026-05-16 00:00:00,EMS-01,Underground EMS,89.15,15.93,0.133,317,Low,0.932,0.308,0.195,0.191,0.162,0.144,Within baseline with monitored trend behaviour.
2026-05-17 00:00:00,EMS-01,Underground EMS,88.87,14.89,0.223,308,Low,0.863,0.337,0.196,0.16,0.158,0.15,Within baseline with monitored trend behaviour.
2026-05-18 00:00:00,EMS-01,Underground EMS,88.38,12.31,0.16,319,Low,0.881,0.315,0.198,0.169,0.179,0.139,Within baseline with monitored trend behaviour.
2026-05-19 00:00:00,EMS-01,Underground EMS,91.59,11.6,0.127,319,Low,0.912,0.327,0.196,0.183,0.145,0.15,Within baseline with monitored trend behaviour.
2026-05-20 00:00:00,EMS-01,Underground EMS,90.43,9.41,0.067,307,Low,0.89,0.318,0.192,0.173,0.164,0.153,Within baseline with monitored trend behaviour.
2026-05-21 00:00:00,EMS-01,Underground EMS,88.75,14.71,0.175,315,Low,0.861,0.319,0.186,0.172,0.17,0.153,Within baseline with monitored trend behaviour.
2026-05-22 00:00:00,EMS-01,Underground EMS,89.03,12.42,0.142,304,Low,0.858,0.305,0.191,0.179,0.179,0.145,Within baseline with monitored trend behaviour.
2026-05-23 00:00:00,EMS-01,Underground EMS,91.07,13.38,0.155,310,Low,0.941,0.311,0.209,0.178,0.162,0.14,Within baseline with monitored trend behaviour.
2026-05-24 00:00:00,EMS-01,Underground EMS,87.91,15.37,0.176,305,Low,0.88,0.309,0.2,0.177,0.157,0.158,Within baseline with monitored trend behaviour.
2026-05-25 00:00:00,EMS-01,Underground EMS,87.28,14.23,0.139,311,Low,0.925,0.31,0.203,0.179,0.157,0.15,Within baseline with monitored trend behaviour.
2026-05-26 00:00:00,EMS-01,Underground EMS,89.17,16.89,0.103,305,Low,0.867,0.331,0.191,0.179,0.156,0.143,Within baseline with monitored trend behaviour.
2026-05-27 00:00:00,EMS-01,Underground EMS,89.45,13.56,0.141,306,Low,0.895,0.327,0.201,0.16,0.168,0.144,Within baseline with monitored trend behaviour.
2026-05-28 00:00:00,EMS-01,Underground EMS,89.55,13.76,0.117,306,Low,0.82,0.331,0.187,0.169,0.169,0.144,Within baseline with monitored trend behaviour.
2026-05-29 00:00:00,EMS-01,Underground EMS,90.07,11.94,0.065,299,Low,0.877,0.334,0.194,0.182,0.159,0.131,Within baseline with monitored trend behaviour.
