timestamp,granularity,asset_id,asset_name,asset_type,location,vibration_mm_s,temperature_c,motor_current_a,pressure_bar,flow_rate,speed_rpm,power_kw,operating_hours,status,alarm_count,downtime_minutes,health_score,failure_risk,rul_days,energy_kwh,demand_kw,energy_intensity,avoidable_loss_estimate,methane_ch4,carbon_monoxide_co,airflow_velocity,smoke_alarm,humidity,environmental_risk_score
2026-04-29 00:00:00,hourly,CM-01,Continuous Miner 01,Continuous Miner,Underground,2.722,66.681,174.472,210.456,,891.796,248.742,0.67,Running,0,4,90.64,10.71,153,247.477,,,,,,,,,
2026-04-29 01:00:00,hourly,CM-01,Continuous Miner 01,Continuous Miner,Underground,3.04,65.333,164.084,212.967,,979.376,226.697,0.9,Running,1,6,91.68,11.32,150,245.734,,,,,,,,,
2026-04-29 02:00:00,hourly,CM-01,Continuous Miner 01,Continuous Miner,Underground,2.569,63.521,159.993,204.816,,948.346,242.896,0.83,Running,1,6,90.14,13.83,153,258.782,,,,,,,,,
2026-04-29 03:00:00,hourly,CM-01,Continuous Miner 01,Continuous Miner,Underground,2.95,67.298,151.443,206.812,,955.238,246.626,0.75,Running,0,1,91.82,12.96,146,237.784,,,,,,,,,
2026-04-29 04:00:00,hourly,CM-01,Continuous Miner 01,Continuous Miner,Underground,2.894,68.203,168.906,208.337,,971.65,233.291,0.83,Running,1,2,87.85,19.49,148,256.504,,,,,,,,,
2026-04-29 05:00:00,hourly,CM-01,Continuous Miner 01,Continuous Miner,Underground,2.975,65.778,161.928,211.14,,994.329,230.439,0.85,Running,0,11,88.29,19.17,154,259.097,,,,,,,,,
2026-04-29 06:00:00,hourly,CM-01,Continuous Miner 01,Continuous Miner,Underground,2.91,66.466,166.696,203.196,,952.645,229.97,0.76,Running,1,1,88.97,16.52,158,255.513,,,,,,,,,
2026-04-29 07:00:00,hourly,CM-01,Continuous Miner 01,Continuous Miner,Underground,3.109,63.878,165.959,196.164,,984.737,237.401,0.81,Running,0,4,89.74,14.36,147,232.631,,,,,,,,,
2026-04-29 08:00:00,hourly,CM-01,Continuous Miner 01,Continuous Miner,Underground,3.323,64.858,169.699,208.498,,975.553,232.908,0.79,Running,0,6,89.92,17.08,146,247.621,,,,,,,,,
2026-04-29 09:00:00,hourly,CM-01,Continuous Miner 01,Continuous Miner,Underground,3.191,64.949,166.358,222.64,,899.276,262.241,0.88,Running,1,2,88.64,15.21,154,241.586,,,,,,,,,
2026-04-29 10:00:00,hourly,CM-01,Continuous Miner 01,Continuous Miner,Underground,3.426,67.239,162.185,196.716,,999.031,210.702,0.8,Running,0,0,88.22,16.61,144,248.836,,,,,,,,,
2026-04-29 11:00:00,hourly,CM-01,Continuous Miner 01,Continuous Miner,Underground,2.977,66.575,169.066,203.878,,964.166,246.577,0.68,Running,0,2,88.73,15.29,145,239.354,,,,,,,,,
2026-04-29 12:00:00,hourly,CM-01,Continuous Miner 01,Continuous Miner,Underground,3.183,65.288,172.241,201.547,,935.709,252.419,0.78,Running,0,0,87.03,13.9,150,269.916,,,,,,,,,
2026-04-29 13:00:00,hourly,CM-01,Continuous Miner 01,Continuous Miner,Underground,3.193,65.202,177.01,226.745,,954.528,231.545,0.74,Running,1,10,89.28,17.55,157,253.016,,,,,,,,,
2026-04-29 14:00:00,hourly,CM-01,Continuous Miner 01,Continuous Miner,Underground,3.39,61.688,155.679,196.382,,987.035,241.781,0.72,Running,0,8,89.63,15.87,146,224.138,,,,,,,,,
2026-04-29 15:00:00,hourly,CM-01,Continuous Miner 01,Continuous Miner,Underground,2.92,69.551,173.546,203.588,,981.542,240.241,0.91,Running,0,2,90.41,8.69,147,228.756,,,,,,,,,
2026-04-29 16:00:00,hourly,CM-01,Continuous Miner 01,Continuous Miner,Underground,3.3,61.432,151.951,201.753,,1002.472,243.95,0.88,Running,0,1,89.95,16.08,149,269.31,,,,,,,,,
2026-04-29 17:00:00,hourly,CM-01,Continuous Miner 01,Continuous Miner,Underground,2.889,66.95,172.775,193.749,,995.19,254.317,0.74,Running,0,7,92.53,9.85,147,247.156,,,,,,,,,
2026-04-29 18:00:00,hourly,CM-01,Continuous Miner 01,Continuous Miner,Underground,2.961,66.107,159.941,193.263,,938.896,253.067,0.72,Running,1,7,90.94,14.66,141,243.803,,,,,,,,,
2026-04-29 19:00:00,hourly,CM-01,Continuous Miner 01,Continuous Miner,Underground,3.014,65.441,171.403,210.16,,876.493,236.643,0.81,Running,0,3,90.8,13.03,152,268.1,,,,,,,,,
2026-04-29 20:00:00,hourly,CM-01,Continuous Miner 01,Continuous Miner,Underground,3.217,66.01,176.618,211.425,,984.118,223.983,0.71,Running,0,8,90.18,11.03,149,247.622,,,,,,,,,
2026-04-29 21:00:00,hourly,CM-01,Continuous Miner 01,Continuous Miner,Underground,2.832,64.571,166.516,200.015,,1001.962,247.36,0.8,Running,1,6,90.44,13.44,150,230.928,,,,,,,,,
2026-04-29 22:00:00,hourly,CM-01,Continuous Miner 01,Continuous Miner,Underground,2.868,67.468,164.709,217.735,,972.785,235.859,0.83,Running,0,6,89.21,13.31,147,232.011,,,,,,,,,
2026-04-29 23:00:00,hourly,CM-01,Continuous Miner 01,Continuous Miner,Underground,2.944,63.144,164.306,184.8,,1002.983,237.667,0.84,Running,0,2,89.7,11.98,154,260.097,,,,,,,,,
2026-04-30 00:00:00,hourly,CM-01,Continuous Miner 01,Continuous Miner,Underground,3.117,66.757,161.334,193.735,,944.796,248.187,0.85,Running,0,0,92.59,12.1,146,282.531,,,,,,,,,
2026-04-30 01:00:00,hourly,CM-01,Continuous Miner 01,Continuous Miner,Underground,2.871,64.547,174.1,197.642,,967.734,238.971,0.76,Running,1,0,89.39,15.64,143,263.496,,,,,,,,,
2026-04-30 02:00:00,hourly,CM-01,Continuous Miner 01,Continuous Miner,Underground,3.172,65.101,164.248,204.988,,947.616,249.36,0.83,Running,0,19,87.35,20.71,154,243.957,,,,,,,,,
2026-04-30 03:00:00,hourly,CM-01,Continuous Miner 01,Continuous Miner,Underground,3.017,65.162,147.714,201.014,,1004.232,280.249,0.92,Running,0,2,90.57,12.41,139,246.443,,,,,,,,,
2026-04-30 04:00:00,hourly,CM-01,Continuous Miner 01,Continuous Miner,Underground,3.271,65.68,172.196,203.267,,947.954,254.675,0.65,Running,0,5,90.84,10.9,147,250.85,,,,,,,,,
2026-04-30 05:00:00,hourly,CM-01,Continuous Miner 01,Continuous Miner,Underground,3.122,67.151,171.782,209.445,,1051.904,263.905,0.85,Running,1,8,89.66,15.75,147,217.759,,,,,,,,,
2026-04-30 06:00:00,hourly,CM-01,Continuous Miner 01,Continuous Miner,Underground,3.545,65.97,165.48,218.197,,962.23,252.233,0.73,Running,1,7,86.39,17.39,146,250.457,,,,,,,,,
2026-04-30 07:00:00,hourly,CM-01,Continuous Miner 01,Continuous Miner,Underground,3.138,68.103,158.836,212.31,,1007.726,246.164,0.93,Running,1,4,91.43,11.37,141,259.431,,,,,,,,,
2026-04-30 08:00:00,hourly,CM-01,Continuous Miner 01,Continuous Miner,Underground,2.803,68.352,155.866,205.597,,962.661,252.453,0.89,Running,0,5,89.72,15.44,142,278.457,,,,,,,,,
2026-04-30 09:00:00,hourly,CM-01,Continuous Miner 01,Continuous Miner,Underground,3.055,66.735,158.871,204.375,,1026.588,251.774,0.88,Running,0,8,88.84,15.38,150,267.545,,,,,,,,,
2026-04-30 10:00:00,hourly,CM-01,Continuous Miner 01,Continuous Miner,Underground,3.114,67.56,166.751,215.013,,1025.244,257.175,0.75,Running,1,2,91.21,11.32,152,280.976,,,,,,,,,
2026-04-30 11:00:00,hourly,CM-01,Continuous Miner 01,Continuous Miner,Underground,2.881,70.515,150.419,222.062,,968.419,245.931,0.84,Running,1,5,86.05,16.72,145,276.991,,,,,,,,,
2026-04-30 12:00:00,hourly,CM-01,Continuous Miner 01,Continuous Miner,Underground,3.488,62.953,168.57,210.853,,989.356,226.787,0.85,Running,0,0,89.45,16.64,142,272.421,,,,,,,,,
2026-04-30 13:00:00,hourly,CM-01,Continuous Miner 01,Continuous Miner,Underground,3.032,68.433,165.762,200.702,,1024.32,224.554,0.63,Running,0,0,88.38,15.52,139,250.529,,,,,,,,,
2026-04-30 14:00:00,hourly,CM-01,Continuous Miner 01,Continuous Miner,Underground,2.949,69.466,175.486,207.45,,990.372,251.569,0.83,Running,0,1,91.62,12.97,150,255.632,,,,,,,,,
2026-04-30 15:00:00,hourly,CM-01,Continuous Miner 01,Continuous Miner,Underground,3.155,67.024,170.805,210.344,,947.485,229.349,0.87,Running,0,10,89.6,15.54,150,223.395,,,,,,,,,
2026-04-30 16:00:00,hourly,CM-01,Continuous Miner 01,Continuous Miner,Underground,2.884,70.262,159.417,200.129,,982.152,254.73,0.71,Running,1,6,87.8,19.26,134,252.208,,,,,,,,,
2026-04-30 17:00:00,hourly,CM-01,Continuous Miner 01,Continuous Miner,Underground,3.352,69.978,151.682,212.922,,953.502,263.865,0.87,Running,0,7,90.99,12.15,136,259.185,,,,,,,,,
2026-04-30 18:00:00,hourly,CM-01,Continuous Miner 01,Continuous Miner,Underground,3.303,65.336,158.646,207.511,,984.964,242.039,0.83,Running,0,10,85.21,20.01,146,245.597,,,,,,,,,
2026-04-30 19:00:00,hourly,CM-01,Continuous Miner 01,Continuous Miner,Underground,3.144,65.507,176.273,215.621,,952.107,262.092,0.93,Running,0,6,89.94,11.87,146,225.469,,,,,,,,,
2026-04-30 20:00:00,hourly,CM-01,Continuous Miner 01,Continuous Miner,Underground,3.26,67.25,167.586,196.353,,992.706,248.762,0.79,Running,0,3,87.08,17.0,143,275.465,,,,,,,,,
2026-04-30 21:00:00,hourly,CM-01,Continuous Miner 01,Continuous Miner,Underground,2.987,64.713,170.017,189.475,,917.039,245.504,0.83,Running,0,7,88.34,17.0,145,256.641,,,,,,,,,
2026-04-30 22:00:00,hourly,CM-01,Continuous Miner 01,Continuous Miner,Underground,2.737,72.053,160.212,201.618,,940.366,246.166,0.85,Running,0,7,88.68,14.22,144,277.679,,,,,,,,,
2026-04-30 23:00:00,hourly,CM-01,Continuous Miner 01,Continuous Miner,Underground,3.032,67.827,169.131,205.371,,951.861,233.518,0.6,Running,0,13,90.5,13.93,145,262.028,,,,,,,,,
2026-05-01 00:00:00,hourly,CM-01,Continuous Miner 01,Continuous Miner,Underground,2.988,66.196,153.099,188.954,,974.005,231.734,0.79,Running,0,4,92.55,13.37,141,272.053,,,,,,,,,
2026-05-01 01:00:00,hourly,CM-01,Continuous Miner 01,Continuous Miner,Underground,2.605,62.994,172.75,199.691,,926.679,222.143,0.83,Running,1,11,86.15,18.5,144,268.772,,,,,,,,,
2026-05-01 02:00:00,hourly,CM-01,Continuous Miner 01,Continuous Miner,Underground,2.85,66.654,156.033,216.723,,948.669,234.901,0.63,Running,0,4,89.69,11.8,142,239.297,,,,,,,,,
2026-05-01 03:00:00,hourly,CM-01,Continuous Miner 01,Continuous Miner,Underground,2.807,63.494,149.488,209.976,,1006.813,275.12,0.87,Running,0,2,92.48,9.7,141,242.028,,,,,,,,,
2026-05-01 04:00:00,hourly,CM-01,Continuous Miner 01,Continuous Miner,Underground,2.852,67.777,183.39,206.425,,1010.968,224.266,0.83,Running,1,9,88.02,13.93,137,243.323,,,,,,,,,
2026-05-01 05:00:00,hourly,CM-01,Continuous Miner 01,Continuous Miner,Underground,3.449,60.603,166.379,195.684,,890.879,228.706,0.83,Running,0,17,87.9,19.61,143,234.72,,,,,,,,,
2026-05-01 06:00:00,hourly,CM-01,Continuous Miner 01,Continuous Miner,Underground,3.244,69.155,166.165,216.443,,959.007,233.904,0.88,Running,0,7,89.27,15.19,147,278.428,,,,,,,,,
2026-05-01 07:00:00,hourly,CM-01,Continuous Miner 01,Continuous Miner,Underground,3.358,65.18,150.356,201.44,,1024.151,234.566,0.79,Running,0,3,90.2,12.26,142,250.867,,,,,,,,,
2026-05-01 08:00:00,hourly,CM-01,Continuous Miner 01,Continuous Miner,Underground,3.244,62.395,170.304,206.056,,993.031,248.963,0.82,Running,0,7,89.9,13.01,142,257.548,,,,,,,,,
2026-05-01 09:00:00,hourly,CM-01,Continuous Miner 01,Continuous Miner,Underground,3.388,66.083,172.42,208.873,,993.765,236.632,0.89,Running,1,7,88.26,14.08,148,228.904,,,,,,,,,
2026-05-01 10:00:00,hourly,CM-01,Continuous Miner 01,Continuous Miner,Underground,3.124,66.159,163.745,206.752,,999.241,242.423,0.82,Running,1,19,87.53,19.49,147,263.303,,,,,,,,,
2026-05-01 11:00:00,hourly,CM-01,Continuous Miner 01,Continuous Miner,Underground,3.497,65.984,172.467,218.642,,945.921,233.314,0.67,Running,0,10,90.89,16.42,150,243.66,,,,,,,,,
2026-05-01 12:00:00,hourly,CM-01,Continuous Miner 01,Continuous Miner,Underground,2.811,69.164,174.72,210.397,,986.962,238.558,0.82,Running,1,2,87.53,14.47,152,270.391,,,,,,,,,
2026-05-01 13:00:00,hourly,CM-01,Continuous Miner 01,Continuous Miner,Underground,3.102,66.969,169.57,208.272,,995.969,244.381,0.83,Running,1,16,85.68,22.13,143,239.254,,,,,,,,,
2026-05-01 14:00:00,hourly,CM-01,Continuous Miner 01,Continuous Miner,Underground,2.863,67.886,148.043,204.454,,983.194,243.338,0.89,Running,1,11,86.4,18.55,138,271.536,,,,,,,,,
2026-05-01 15:00:00,hourly,CM-01,Continuous Miner 01,Continuous Miner,Underground,3.43,65.59,156.169,209.124,,965.657,272.957,0.79,Running,1,12,87.78,19.64,141,265.285,,,,,,,,,
2026-05-01 16:00:00,hourly,CM-01,Continuous Miner 01,Continuous Miner,Underground,3.225,67.08,178.885,203.352,,977.738,244.837,0.74,Running,0,5,91.07,8.83,145,242.785,,,,,,,,,
2026-05-01 17:00:00,hourly,CM-01,Continuous Miner 01,Continuous Miner,Underground,3.417,63.265,166.058,206.952,,939.503,242.3,0.74,Running,1,12,86.76,18.99,148,272.927,,,,,,,,,
2026-05-01 18:00:00,hourly,CM-01,Continuous Miner 01,Continuous Miner,Underground,2.77,66.714,166.102,202.177,,1000.891,210.284,0.94,Running,1,6,91.08,11.68,138,268.628,,,,,,,,,
2026-05-01 19:00:00,hourly,CM-01,Continuous Miner 01,Continuous Miner,Underground,2.971,64.482,158.762,200.763,,929.146,248.606,0.84,Running,0,5,90.71,14.32,143,258.086,,,,,,,,,
2026-05-01 20:00:00,hourly,CM-01,Continuous Miner 01,Continuous Miner,Underground,2.676,69.056,160.325,197.019,,950.801,217.601,0.93,Running,0,7,88.96,15.58,139,234.359,,,,,,,,,
2026-05-01 21:00:00,hourly,CM-01,Continuous Miner 01,Continuous Miner,Underground,3.213,66.322,174.974,202.828,,1003.219,252.981,0.94,Running,1,8,84.5,21.75,141,263.064,,,,,,,,,
2026-05-01 22:00:00,hourly,CM-01,Continuous Miner 01,Continuous Miner,Underground,3.016,67.617,177.43,202.243,,989.503,247.256,0.76,Running,1,9,86.66,18.46,141,251.324,,,,,,,,,
2026-05-01 23:00:00,hourly,CM-01,Continuous Miner 01,Continuous Miner,Underground,3.312,66.739,171.829,221.744,,962.385,256.438,0.75,Running,1,9,87.52,20.6,143,251.063,,,,,,,,,
2026-05-02 00:00:00,hourly,CM-01,Continuous Miner 01,Continuous Miner,Underground,3.132,70.139,169.872,214.215,,919.381,236.391,0.81,Running,1,4,91.28,11.86,150,251.46,,,,,,,,,
2026-05-02 01:00:00,hourly,CM-01,Continuous Miner 01,Continuous Miner,Underground,2.592,62.736,170.482,204.085,,977.689,245.656,0.87,Running,1,7,87.58,19.12,143,249.802,,,,,,,,,
2026-05-02 02:00:00,hourly,CM-01,Continuous Miner 01,Continuous Miner,Underground,2.71,65.922,164.915,201.487,,957.234,254.745,0.71,Running,1,8,87.23,19.13,140,236.44,,,,,,,,,
2026-05-02 03:00:00,hourly,CM-01,Continuous Miner 01,Continuous Miner,Underground,3.146,64.063,155.858,210.838,,996.092,232.275,0.86,Running,1,0,88.75,17.53,139,226.049,,,,,,,,,
2026-05-02 04:00:00,hourly,CM-01,Continuous Miner 01,Continuous Miner,Underground,3.242,61.669,154.138,222.789,,961.182,253.835,0.85,Running,1,11,86.17,17.33,140,222.753,,,,,,,,,
2026-05-02 05:00:00,hourly,CM-01,Continuous Miner 01,Continuous Miner,Underground,2.572,63.927,176.023,212.483,,917.977,253.2,0.73,Running,1,9,88.37,17.7,137,255.096,,,,,,,,,
2026-05-02 06:00:00,hourly,CM-01,Continuous Miner 01,Continuous Miner,Underground,3.106,68.764,165.251,189.839,,930.806,243.417,0.73,Running,1,5,87.11,18.73,141,211.531,,,,,,,,,
2026-05-02 07:00:00,hourly,CM-01,Continuous Miner 01,Continuous Miner,Underground,2.873,66.122,169.34,213.094,,964.278,267.41,0.86,Running,0,4,92.66,7.89,131,261.937,,,,,,,,,
2026-05-02 08:00:00,hourly,CM-01,Continuous Miner 01,Continuous Miner,Underground,2.85,65.708,167.219,214.694,,983.016,252.534,0.99,Running,0,5,86.87,17.95,140,258.422,,,,,,,,,
2026-05-02 09:00:00,hourly,CM-01,Continuous Miner 01,Continuous Miner,Underground,2.964,67.897,167.634,225.13,,938.459,221.884,0.8,Running,1,5,91.41,16.62,140,245.485,,,,,,,,,
2026-05-02 10:00:00,hourly,CM-01,Continuous Miner 01,Continuous Miner,Underground,3.159,66.453,168.311,203.108,,952.634,259.169,0.85,Running,0,9,86.47,18.15,136,266.759,,,,,,,,,
2026-05-02 11:00:00,hourly,CM-01,Continuous Miner 01,Continuous Miner,Underground,2.952,67.551,171.14,206.596,,1006.903,236.12,0.77,Running,0,11,88.7,15.09,139,246.179,,,,,,,,,
2026-05-02 12:00:00,hourly,CM-01,Continuous Miner 01,Continuous Miner,Underground,2.633,66.916,159.43,209.407,,1017.99,256.506,0.84,Running,0,8,89.05,16.22,144,257.043,,,,,,,,,
2026-05-02 13:00:00,hourly,CM-01,Continuous Miner 01,Continuous Miner,Underground,3.159,67.403,175.039,198.485,,988.831,249.482,0.77,Running,1,3,88.46,15.08,145,219.021,,,,,,,,,
2026-05-02 14:00:00,hourly,CM-01,Continuous Miner 01,Continuous Miner,Underground,3.043,65.223,159.688,197.675,,969.148,208.366,0.8,Running,1,5,88.34,16.61,138,214.488,,,,,,,,,
2026-05-02 15:00:00,hourly,CM-01,Continuous Miner 01,Continuous Miner,Underground,2.896,68.519,167.515,208.967,,957.361,253.824,1.0,Running,0,8,89.57,13.71,142,246.598,,,,,,,,,
2026-05-02 16:00:00,hourly,CM-01,Continuous Miner 01,Continuous Miner,Underground,3.055,63.553,156.145,191.491,,997.969,242.259,0.83,Running,0,8,88.84,16.44,133,257.135,,,,,,,,,
2026-05-02 17:00:00,hourly,CM-01,Continuous Miner 01,Continuous Miner,Underground,3.045,66.034,164.286,193.531,,968.008,238.935,0.69,Running,1,11,87.87,16.86,138,265.579,,,,,,,,,
2026-05-02 18:00:00,hourly,CM-01,Continuous Miner 01,Continuous Miner,Underground,3.143,68.639,160.35,212.731,,1011.271,239.462,0.87,Running,1,11,87.05,22.04,140,247.545,,,,,,,,,
2026-05-02 19:00:00,hourly,CM-01,Continuous Miner 01,Continuous Miner,Underground,3.071,65.891,165.832,209.877,,1013.096,256.423,0.91,Running,1,10,87.84,17.12,145,254.332,,,,,,,,,
2026-05-02 20:00:00,hourly,CM-01,Continuous Miner 01,Continuous Miner,Underground,3.175,65.285,171.531,216.65,,993.39,232.487,0.87,Running,0,15,87.8,16.64,144,262.973,,,,,,,,,
2026-05-02 21:00:00,hourly,CM-01,Continuous Miner 01,Continuous Miner,Underground,3.122,71.271,166.266,209.578,,961.606,260.977,0.81,Running,1,1,87.74,19.22,140,248.355,,,,,,,,,
2026-05-02 22:00:00,hourly,CM-01,Continuous Miner 01,Continuous Miner,Underground,3.339,69.361,181.355,205.509,,964.295,224.122,0.75,Running,0,14,88.16,13.79,135,259.801,,,,,,,,,
2026-05-02 23:00:00,hourly,CM-01,Continuous Miner 01,Continuous Miner,Underground,3.531,66.556,172.045,217.023,,921.464,249.542,0.75,Running,1,15,85.76,23.32,144,232.35,,,,,,,,,
2026-05-03 00:00:00,hourly,CM-01,Continuous Miner 01,Continuous Miner,Underground,3.132,64.113,163.86,201.621,,977.136,256.223,0.8,Running,1,18,86.35,17.13,137,223.914,,,,,,,,,
2026-05-03 01:00:00,hourly,CM-01,Continuous Miner 01,Continuous Miner,Underground,2.981,61.774,165.009,202.434,,976.034,255.885,0.79,Running,1,3,89.3,17.36,140,241.881,,,,,,,,,
2026-05-03 02:00:00,hourly,CM-01,Continuous Miner 01,Continuous Miner,Underground,2.777,67.814,168.73,204.859,,930.735,247.998,0.78,Running,1,12,84.35,24.82,138,262.825,,,,,,,,,
2026-05-03 03:00:00,hourly,CM-01,Continuous Miner 01,Continuous Miner,Underground,3.299,69.043,171.353,209.5,,1061.679,242.531,0.92,Running,0,6,89.84,13.17,146,239.059,,,,,,,,,
2026-05-03 04:00:00,hourly,CM-01,Continuous Miner 01,Continuous Miner,Underground,2.912,67.133,155.856,204.853,,998.387,237.733,0.89,Running,0,11,87.01,17.32,135,260.854,,,,,,,,,
2026-05-03 05:00:00,hourly,CM-01,Continuous Miner 01,Continuous Miner,Underground,3.725,62.502,170.832,192.093,,949.488,228.325,0.92,Running,0,7,90.56,13.0,141,234.016,,,,,,,,,
2026-05-03 06:00:00,hourly,CM-01,Continuous Miner 01,Continuous Miner,Underground,3.833,66.622,156.084,203.066,,1050.785,235.845,0.76,Running,0,8,89.83,15.49,137,241.134,,,,,,,,,
2026-05-03 07:00:00,hourly,CM-01,Continuous Miner 01,Continuous Miner,Underground,3.086,65.202,170.078,205.188,,961.511,231.992,0.75,Running,1,9,87.32,15.76,140,254.333,,,,,,,,,
2026-05-03 08:00:00,hourly,CM-01,Continuous Miner 01,Continuous Miner,Underground,2.724,66.633,174.57,206.511,,1007.919,229.703,0.83,Running,0,6,87.46,17.34,144,239.788,,,,,,,,,
2026-05-03 09:00:00,hourly,CM-01,Continuous Miner 01,Continuous Miner,Underground,3.304,70.556,168.178,201.44,,981.909,270.715,0.85,Running,0,3,90.35,12.89,129,242.505,,,,,,,,,
2026-05-03 10:00:00,hourly,CM-01,Continuous Miner 01,Continuous Miner,Underground,3.666,68.021,147.184,210.041,,962.665,221.397,0.83,Running,1,6,89.81,11.96,137,208.744,,,,,,,,,
2026-05-03 11:00:00,hourly,CM-01,Continuous Miner 01,Continuous Miner,Underground,2.813,67.556,151.542,191.003,,967.018,261.233,0.85,Running,0,3,89.31,12.88,133,263.913,,,,,,,,,
2026-05-03 12:00:00,hourly,CM-01,Continuous Miner 01,Continuous Miner,Underground,3.616,66.192,170.313,209.246,,1029.078,228.171,0.95,Running,1,5,89.56,14.87,139,248.594,,,,,,,,,
2026-05-03 13:00:00,hourly,CM-01,Continuous Miner 01,Continuous Miner,Underground,2.68,67.208,146.192,221.646,,1009.448,231.178,0.8,Running,1,1,85.97,19.86,140,235.373,,,,,,,,,
2026-05-03 14:00:00,hourly,CM-01,Continuous Miner 01,Continuous Miner,Underground,2.779,64.709,170.711,200.056,,974.48,230.956,0.88,Running,0,6,88.02,15.25,135,279.826,,,,,,,,,
2026-05-03 15:00:00,hourly,CM-01,Continuous Miner 01,Continuous Miner,Underground,3.221,67.524,173.721,206.042,,906.987,229.954,0.86,Running,1,3,86.43,19.15,134,237.885,,,,,,,,,
2026-05-03 16:00:00,hourly,CM-01,Continuous Miner 01,Continuous Miner,Underground,3.398,65.882,174.935,203.307,,989.388,258.427,0.83,Running,1,7,85.86,18.5,137,242.269,,,,,,,,,
2026-05-03 17:00:00,hourly,CM-01,Continuous Miner 01,Continuous Miner,Underground,3.128,64.502,163.932,203.465,,935.09,253.75,0.88,Running,1,3,87.88,19.58,131,235.135,,,,,,,,,
2026-05-03 18:00:00,hourly,CM-01,Continuous Miner 01,Continuous Miner,Underground,3.258,68.108,169.383,196.287,,997.552,242.263,0.76,Running,1,7,86.94,18.08,137,268.191,,,,,,,,,
2026-05-03 19:00:00,hourly,CM-01,Continuous Miner 01,Continuous Miner,Underground,3.422,61.409,167.557,223.474,,953.693,283.429,0.74,Running,1,12,87.31,19.96,133,273.477,,,,,,,,,
2026-05-03 20:00:00,hourly,CM-01,Continuous Miner 01,Continuous Miner,Underground,3.451,65.125,154.114,209.029,,957.339,245.298,0.85,Running,0,4,86.76,15.16,139,271.886,,,,,,,,,
2026-05-03 21:00:00,hourly,CM-01,Continuous Miner 01,Continuous Miner,Underground,2.991,67.676,171.868,199.526,,956.32,246.377,0.69,Running,1,3,85.53,20.91,130,271.74,,,,,,,,,
2026-05-03 22:00:00,hourly,CM-01,Continuous Miner 01,Continuous Miner,Underground,2.932,69.025,177.042,198.509,,1014.355,235.946,0.86,Running,1,9,90.23,14.87,133,241.0,,,,,,,,,
2026-05-03 23:00:00,hourly,CM-01,Continuous Miner 01,Continuous Miner,Underground,3.411,67.372,171.444,206.131,,916.801,234.286,0.73,Running,1,11,87.74,16.89,132,277.322,,,,,,,,,
2026-05-04 00:00:00,hourly,CM-01,Continuous Miner 01,Continuous Miner,Underground,3.262,64.86,161.918,186.075,,1004.426,238.095,0.94,Running,1,10,85.16,19.7,134,247.44,,,,,,,,,
2026-05-04 01:00:00,hourly,CM-01,Continuous Miner 01,Continuous Miner,Underground,3.296,66.23,171.871,215.066,,990.568,257.489,0.79,Running,1,5,87.74,16.86,141,225.894,,,,,,,,,
2026-05-04 02:00:00,hourly,CM-01,Continuous Miner 01,Continuous Miner,Underground,2.984,66.987,176.343,200.973,,976.029,253.567,0.94,Running,0,4,89.86,15.68,138,243.759,,,,,,,,,
2026-05-04 03:00:00,hourly,CM-01,Continuous Miner 01,Continuous Miner,Underground,3.31,69.784,175.303,209.104,,962.873,263.646,0.8,Running,0,4,88.94,13.07,133,255.805,,,,,,,,,
2026-05-04 04:00:00,hourly,CM-01,Continuous Miner 01,Continuous Miner,Underground,2.877,68.38,174.199,209.532,,995.565,235.546,0.8,Running,0,8,86.55,20.23,133,240.279,,,,,,,,,
2026-05-04 05:00:00,hourly,CM-01,Continuous Miner 01,Continuous Miner,Underground,3.213,68.4,153.261,214.306,,963.121,253.844,0.89,Running,0,0,86.57,19.45,138,252.954,,,,,,,,,
2026-05-04 06:00:00,hourly,CM-01,Continuous Miner 01,Continuous Miner,Underground,3.18,66.506,169.192,210.059,,962.788,249.875,0.84,Running,0,3,85.8,19.35,130,259.195,,,,,,,,,
2026-05-04 07:00:00,hourly,CM-01,Continuous Miner 01,Continuous Miner,Underground,3.182,64.01,171.183,212.321,,980.72,251.683,0.81,Running,1,14,86.12,18.99,135,257.187,,,,,,,,,
2026-05-04 08:00:00,hourly,CM-01,Continuous Miner 01,Continuous Miner,Underground,3.348,63.277,174.338,214.811,,1038.664,233.518,0.79,Running,0,9,86.23,19.4,132,261.106,,,,,,,,,
2026-05-04 09:00:00,hourly,CM-01,Continuous Miner 01,Continuous Miner,Underground,2.899,65.712,170.165,202.674,,925.505,231.076,0.79,Running,1,17,84.92,24.43,133,247.75,,,,,,,,,
2026-05-04 10:00:00,hourly,CM-01,Continuous Miner 01,Continuous Miner,Underground,3.324,67.917,178.467,225.016,,995.963,253.173,1.0,Running,0,13,86.54,19.55,137,239.001,,,,,,,,,
2026-05-04 11:00:00,hourly,CM-01,Continuous Miner 01,Continuous Miner,Underground,3.16,65.278,151.44,208.836,,973.415,257.851,0.69,Running,0,5,87.77,15.23,131,227.121,,,,,,,,,
2026-05-04 12:00:00,hourly,CM-01,Continuous Miner 01,Continuous Miner,Underground,2.958,67.646,170.541,205.416,,970.684,236.982,0.72,Running,1,6,86.54,17.97,138,249.243,,,,,,,,,
2026-05-04 13:00:00,hourly,CM-01,Continuous Miner 01,Continuous Miner,Underground,2.826,64.643,169.918,198.105,,924.944,254.171,0.91,Running,0,10,87.53,15.17,142,242.062,,,,,,,,,
2026-05-04 14:00:00,hourly,CM-01,Continuous Miner 01,Continuous Miner,Underground,3.629,64.986,173.319,203.818,,916.918,262.443,0.91,Running,0,6,89.75,10.57,136,248.77,,,,,,,,,
2026-05-04 15:00:00,hourly,CM-01,Continuous Miner 01,Continuous Miner,Underground,3.14,69.497,178.446,209.305,,990.251,240.593,0.75,Running,0,7,90.07,11.58,133,217.542,,,,,,,,,
2026-05-04 16:00:00,hourly,CM-01,Continuous Miner 01,Continuous Miner,Underground,3.069,68.09,159.014,206.553,,933.91,225.522,0.68,Running,0,7,87.0,18.44,138,226.384,,,,,,,,,
2026-05-04 17:00:00,hourly,CM-01,Continuous Miner 01,Continuous Miner,Underground,2.873,65.733,178.2,222.15,,1013.893,227.279,0.92,Running,0,8,88.5,18.65,129,258.846,,,,,,,,,
2026-05-04 18:00:00,hourly,CM-01,Continuous Miner 01,Continuous Miner,Underground,3.431,64.584,172.662,202.2,,942.747,236.208,0.74,Running,1,7,86.8,20.47,139,224.525,,,,,,,,,
2026-05-04 19:00:00,hourly,CM-01,Continuous Miner 01,Continuous Miner,Underground,3.412,68.503,164.658,211.831,,997.569,239.442,0.78,Running,1,7,86.26,16.92,130,247.659,,,,,,,,,
2026-05-04 20:00:00,hourly,CM-01,Continuous Miner 01,Continuous Miner,Underground,3.365,68.348,158.896,195.595,,958.106,245.187,0.83,Running,1,4,85.24,19.07,141,237.414,,,,,,,,,
2026-05-04 21:00:00,hourly,CM-01,Continuous Miner 01,Continuous Miner,Underground,3.146,67.83,167.749,225.381,,956.411,245.478,0.73,Running,1,6,87.14,16.13,130,236.405,,,,,,,,,
2026-05-04 22:00:00,hourly,CM-01,Continuous Miner 01,Continuous Miner,Underground,3.349,66.037,168.475,194.996,,946.248,241.894,0.89,Running,0,4,88.71,10.64,135,252.086,,,,,,,,,
2026-05-04 23:00:00,hourly,CM-01,Continuous Miner 01,Continuous Miner,Underground,2.956,64.025,168.931,224.415,,993.504,255.223,0.82,Running,1,6,84.92,20.78,126,251.185,,,,,,,,,
2026-05-05 00:00:00,hourly,CM-01,Continuous Miner 01,Continuous Miner,Underground,3.217,66.404,161.198,204.531,,1003.243,235.07,0.75,Running,1,12,86.47,20.54,131,259.476,,,,,,,,,
2026-05-05 01:00:00,hourly,CM-01,Continuous Miner 01,Continuous Miner,Underground,3.15,69.538,171.1,185.65,,967.137,263.433,0.76,Running,0,1,86.37,18.57,128,233.111,,,,,,,,,
2026-05-05 02:00:00,hourly,CM-01,Continuous Miner 01,Continuous Miner,Underground,3.231,64.445,162.993,217.937,,998.855,258.896,0.92,Running,0,7,87.28,15.27,126,236.598,,,,,,,,,
2026-05-05 03:00:00,hourly,CM-01,Continuous Miner 01,Continuous Miner,Underground,2.711,66.554,175.982,206.517,,978.587,257.877,0.8,Running,0,3,87.29,16.11,137,268.729,,,,,,,,,
2026-05-05 04:00:00,hourly,CM-01,Continuous Miner 01,Continuous Miner,Underground,3.633,70.053,179.943,201.702,,931.43,236.516,0.87,Running,1,3,87.7,16.56,127,247.17,,,,,,,,,
2026-05-05 05:00:00,hourly,CM-01,Continuous Miner 01,Continuous Miner,Underground,3.57,65.789,159.772,211.566,,991.359,244.126,0.82,Running,0,3,89.86,15.74,129,256.626,,,,,,,,,
2026-05-05 06:00:00,hourly,CM-01,Continuous Miner 01,Continuous Miner,Underground,2.879,66.182,166.764,211.778,,967.573,255.883,0.68,Running,0,10,85.41,20.07,128,242.825,,,,,,,,,
2026-05-05 07:00:00,hourly,CM-01,Continuous Miner 01,Continuous Miner,Underground,3.311,63.496,174.074,209.537,,886.574,242.971,0.88,Running,1,0,85.3,21.86,136,258.07,,,,,,,,,
2026-05-05 08:00:00,hourly,CM-01,Continuous Miner 01,Continuous Miner,Underground,2.796,67.842,168.516,216.028,,964.379,235.989,0.91,Running,1,8,87.15,17.83,135,210.973,,,,,,,,,
2026-05-05 09:00:00,hourly,CM-01,Continuous Miner 01,Continuous Miner,Underground,3.189,64.846,155.501,208.094,,918.766,235.435,0.97,Running,1,6,89.06,15.8,136,269.223,,,,,,,,,
2026-05-05 10:00:00,hourly,CM-01,Continuous Miner 01,Continuous Miner,Underground,2.62,63.06,173.251,211.676,,934.917,236.124,0.67,Running,1,3,84.37,20.0,128,243.523,,,,,,,,,
2026-05-05 11:00:00,hourly,CM-01,Continuous Miner 01,Continuous Miner,Underground,3.096,64.386,161.499,201.14,,969.289,229.546,0.57,Running,1,7,87.22,16.53,136,230.833,,,,,,,,,
2026-05-05 12:00:00,hourly,CM-01,Continuous Miner 01,Continuous Miner,Underground,3.048,66.947,167.961,212.733,,975.352,285.991,0.87,Running,1,2,86.34,16.61,128,233.823,,,,,,,,,
2026-05-05 13:00:00,hourly,CM-01,Continuous Miner 01,Continuous Miner,Underground,3.46,63.017,158.417,201.194,,948.74,218.481,0.77,Running,0,7,88.01,17.99,128,246.613,,,,,,,,,
2026-05-05 14:00:00,hourly,CM-01,Continuous Miner 01,Continuous Miner,Underground,3.589,63.449,172.739,195.738,,996.404,232.09,0.71,Running,1,1,87.62,16.74,128,249.071,,,,,,,,,
2026-05-05 15:00:00,hourly,CM-01,Continuous Miner 01,Continuous Miner,Underground,3.595,67.732,163.026,204.01,,973.922,254.172,0.83,Running,0,10,86.67,11.46,128,253.104,,,,,,,,,
2026-05-05 16:00:00,hourly,CM-01,Continuous Miner 01,Continuous Miner,Underground,3.462,66.347,173.61,203.392,,963.073,236.296,0.78,Running,1,11,87.35,18.67,130,231.77,,,,,,,,,
2026-05-05 17:00:00,hourly,CM-01,Continuous Miner 01,Continuous Miner,Underground,3.194,64.5,164.7,214.231,,979.413,240.919,0.72,Running,1,10,85.5,22.25,127,264.799,,,,,,,,,
2026-05-05 18:00:00,hourly,CM-01,Continuous Miner 01,Continuous Miner,Underground,3.271,65.808,162.581,192.81,,1020.052,251.383,0.81,Running,0,2,87.81,15.44,131,242.479,,,,,,,,,
2026-05-05 19:00:00,hourly,CM-01,Continuous Miner 01,Continuous Miner,Underground,3.27,70.344,169.741,215.739,,902.596,260.31,0.87,Running,0,6,88.72,16.75,119,241.686,,,,,,,,,
2026-05-05 20:00:00,hourly,CM-01,Continuous Miner 01,Continuous Miner,Underground,2.88,69.344,157.861,200.298,,1023.322,242.037,0.83,Running,1,6,86.64,18.28,131,247.262,,,,,,,,,
2026-05-05 21:00:00,hourly,CM-01,Continuous Miner 01,Continuous Miner,Underground,3.462,66.292,180.854,183.728,,956.237,258.78,0.83,Running,1,7,85.81,15.63,125,261.495,,,,,,,,,
2026-05-05 22:00:00,hourly,CM-01,Continuous Miner 01,Continuous Miner,Underground,3.349,68.329,167.966,195.053,,950.539,222.116,0.86,Running,0,12,86.21,23.22,127,250.355,,,,,,,,,
2026-05-05 23:00:00,hourly,CM-01,Continuous Miner 01,Continuous Miner,Underground,3.361,66.804,161.963,203.16,,963.707,237.403,0.68,Running,1,8,87.68,16.84,127,242.227,,,,,,,,,
2026-05-06 00:00:00,hourly,CM-01,Continuous Miner 01,Continuous Miner,Underground,2.607,62.639,163.311,209.933,,946.73,252.822,0.82,Running,0,9,86.33,19.55,133,245.733,,,,,,,,,
2026-05-06 01:00:00,hourly,CM-01,Continuous Miner 01,Continuous Miner,Underground,3.292,62.25,166.659,204.743,,941.332,273.526,0.84,Running,1,7,84.45,20.52,131,270.427,,,,,,,,,
2026-05-06 02:00:00,hourly,CM-01,Continuous Miner 01,Continuous Miner,Underground,3.431,64.551,174.498,195.065,,1007.366,232.394,0.79,Running,1,8,87.87,16.39,128,267.814,,,,,,,,,
2026-05-06 03:00:00,hourly,CM-01,Continuous Miner 01,Continuous Miner,Underground,3.176,63.089,159.387,198.952,,983.297,229.937,0.75,Running,1,5,84.75,21.67,126,256.789,,,,,,,,,
2026-05-06 04:00:00,hourly,CM-01,Continuous Miner 01,Continuous Miner,Underground,3.055,67.158,163.606,195.231,,910.57,250.704,0.76,Running,1,2,86.98,16.14,132,253.321,,,,,,,,,
2026-05-06 05:00:00,hourly,CM-01,Continuous Miner 01,Continuous Miner,Underground,2.84,65.355,166.173,208.303,,1001.264,246.676,0.8,Running,1,23,83.29,26.78,136,287.969,,,,,,,,,
2026-05-06 06:00:00,hourly,CM-01,Continuous Miner 01,Continuous Miner,Underground,2.823,67.505,178.921,205.167,,996.147,235.881,0.89,Running,1,10,86.43,20.68,128,258.375,,,,,,,,,
2026-05-06 07:00:00,hourly,CM-01,Continuous Miner 01,Continuous Miner,Underground,3.221,67.543,174.587,211.514,,925.672,228.913,0.94,Running,1,17,86.12,20.46,122,253.856,,,,,,,,,
2026-05-06 08:00:00,hourly,CM-01,Continuous Miner 01,Continuous Miner,Underground,3.124,68.097,179.328,190.067,,983.923,238.76,0.93,Running,1,8,83.06,23.43,125,247.741,,,,,,,,,
2026-05-06 09:00:00,hourly,CM-01,Continuous Miner 01,Continuous Miner,Underground,3.121,64.536,166.868,201.2,,999.311,253.259,0.7,Running,0,17,86.72,17.07,130,256.691,,,,,,,,,
2026-05-06 10:00:00,hourly,CM-01,Continuous Miner 01,Continuous Miner,Underground,3.567,67.722,178.095,224.273,,921.425,241.305,0.74,Running,0,10,84.4,23.9,126,202.265,,,,,,,,,
2026-05-06 11:00:00,hourly,CM-01,Continuous Miner 01,Continuous Miner,Underground,2.871,64.49,176.784,211.792,,987.542,262.374,0.87,Running,1,14,86.28,20.43,124,267.441,,,,,,,,,
2026-05-06 12:00:00,hourly,CM-01,Continuous Miner 01,Continuous Miner,Underground,3.099,68.162,172.233,203.365,,953.909,244.081,0.92,Running,0,8,85.46,19.56,124,230.657,,,,,,,,,
2026-05-06 13:00:00,hourly,CM-01,Continuous Miner 01,Continuous Miner,Underground,3.61,69.292,172.887,197.152,,996.495,254.414,0.74,Running,1,9,83.73,20.61,128,239.524,,,,,,,,,
2026-05-06 14:00:00,hourly,CM-01,Continuous Miner 01,Continuous Miner,Underground,3.109,68.197,161.928,216.016,,944.821,249.899,0.83,Running,1,7,84.4,18.69,121,228.618,,,,,,,,,
2026-05-06 15:00:00,hourly,CM-01,Continuous Miner 01,Continuous Miner,Underground,3.204,66.221,181.324,219.848,,1013.958,240.357,0.73,Running,1,6,84.51,21.75,127,239.246,,,,,,,,,
2026-05-06 16:00:00,hourly,CM-01,Continuous Miner 01,Continuous Miner,Underground,3.145,67.863,164.749,195.724,,968.937,257.679,0.84,Running,0,11,87.6,16.86,127,245.591,,,,,,,,,
2026-05-06 17:00:00,hourly,CM-01,Continuous Miner 01,Continuous Miner,Underground,3.365,63.247,171.201,196.584,,955.92,228.982,0.77,Running,1,8,87.34,20.09,125,265.274,,,,,,,,,
2026-05-06 18:00:00,hourly,CM-01,Continuous Miner 01,Continuous Miner,Underground,2.676,62.756,172.15,208.588,,952.134,238.281,0.83,Running,1,10,89.49,16.69,123,271.677,,,,,,,,,
2026-05-06 19:00:00,hourly,CM-01,Continuous Miner 01,Continuous Miner,Underground,3.14,67.657,155.779,209.437,,1007.993,240.245,0.72,Running,1,13,85.14,20.88,131,282.118,,,,,,,,,
2026-05-06 20:00:00,hourly,CM-01,Continuous Miner 01,Continuous Miner,Underground,3.205,69.512,166.354,210.44,,952.072,251.388,0.69,Running,1,16,85.07,20.75,121,252.704,,,,,,,,,
2026-05-06 21:00:00,hourly,CM-01,Continuous Miner 01,Continuous Miner,Underground,2.942,63.93,168.403,222.693,,1014.479,254.886,1.0,Running,0,9,86.13,17.12,127,247.571,,,,,,,,,
2026-05-06 22:00:00,hourly,CM-01,Continuous Miner 01,Continuous Miner,Underground,3.278,66.677,165.882,197.368,,984.814,234.65,0.83,Running,1,1,85.32,22.67,129,263.557,,,,,,,,,
2026-05-06 23:00:00,hourly,CM-01,Continuous Miner 01,Continuous Miner,Underground,3.39,67.614,166.488,206.478,,928.828,232.685,0.99,Running,1,7,84.94,20.98,127,237.426,,,,,,,,,
2026-05-07 00:00:00,hourly,CM-01,Continuous Miner 01,Continuous Miner,Underground,3.307,65.301,178.757,212.618,,978.214,247.178,0.94,Running,1,8,85.93,20.91,131,235.647,,,,,,,,,
2026-05-07 01:00:00,hourly,CM-01,Continuous Miner 01,Continuous Miner,Underground,3.639,65.912,160.211,212.53,,978.925,224.559,0.69,Running,1,8,86.95,20.63,121,245.233,,,,,,,,,
2026-05-07 02:00:00,hourly,CM-01,Continuous Miner 01,Continuous Miner,Underground,3.087,68.012,156.692,200.314,,927.63,260.204,0.85,Running,1,17,82.42,23.48,123,250.575,,,,,,,,,
2026-05-07 03:00:00,hourly,CM-01,Continuous Miner 01,Continuous Miner,Underground,3.32,66.906,162.163,200.677,,977.535,242.968,0.72,Running,0,13,84.86,19.54,124,218.055,,,,,,,,,
2026-05-07 04:00:00,hourly,CM-01,Continuous Miner 01,Continuous Miner,Underground,3.316,66.92,172.822,202.028,,996.202,229.736,0.8,Running,1,10,83.51,28.03,139,268.204,,,,,,,,,
2026-05-07 05:00:00,hourly,CM-01,Continuous Miner 01,Continuous Miner,Underground,3.138,64.516,173.615,221.5,,1016.691,229.467,0.67,Running,1,22,85.48,21.51,127,254.982,,,,,,,,,
2026-05-07 06:00:00,hourly,CM-01,Continuous Miner 01,Continuous Miner,Underground,3.481,66.614,171.743,197.371,,1015.138,250.509,0.69,Running,0,6,86.4,18.48,128,263.92,,,,,,,,,
2026-05-07 07:00:00,hourly,CM-01,Continuous Miner 01,Continuous Miner,Underground,3.271,65.812,174.203,203.267,,1060.782,250.139,0.75,Running,1,7,87.47,20.02,128,226.029,,,,,,,,,
2026-05-07 08:00:00,hourly,CM-01,Continuous Miner 01,Continuous Miner,Underground,2.899,65.934,168.97,213.173,,977.167,235.383,0.78,Running,0,3,84.97,20.43,125,240.524,,,,,,,,,
2026-05-07 09:00:00,hourly,CM-01,Continuous Miner 01,Continuous Miner,Underground,3.388,65.506,162.791,196.403,,996.509,244.555,0.82,Running,1,0,85.81,20.52,129,239.721,,,,,,,,,
2026-05-07 10:00:00,hourly,CM-01,Continuous Miner 01,Continuous Miner,Underground,3.076,66.642,159.388,208.533,,955.888,230.349,0.74,Running,0,2,82.92,22.77,117,247.937,,,,,,,,,
2026-05-07 11:00:00,hourly,CM-01,Continuous Miner 01,Continuous Miner,Underground,3.121,64.796,156.866,189.123,,1043.034,242.548,0.83,Running,1,14,84.21,22.07,126,250.652,,,,,,,,,
2026-05-07 12:00:00,hourly,CM-01,Continuous Miner 01,Continuous Miner,Underground,3.14,66.738,165.159,207.961,,945.883,266.831,0.91,Running,0,11,85.9,19.19,126,265.111,,,,,,,,,
2026-05-07 13:00:00,hourly,CM-01,Continuous Miner 01,Continuous Miner,Underground,3.387,65.913,173.296,206.707,,1041.419,276.01,0.84,Running,1,4,83.37,21.78,128,252.786,,,,,,,,,
2026-05-07 14:00:00,hourly,CM-01,Continuous Miner 01,Continuous Miner,Underground,3.473,64.671,168.899,207.717,,1036.908,243.225,0.81,Running,1,8,87.5,17.98,120,239.352,,,,,,,,,
2026-05-07 15:00:00,hourly,CM-01,Continuous Miner 01,Continuous Miner,Underground,3.164,62.439,167.2,198.433,,949.534,252.244,0.85,Running,1,11,86.34,17.85,120,286.226,,,,,,,,,
2026-05-07 16:00:00,hourly,CM-01,Continuous Miner 01,Continuous Miner,Underground,3.151,68.815,158.588,208.311,,1013.256,251.699,0.71,Running,1,0,84.03,23.51,120,246.982,,,,,,,,,
2026-05-07 17:00:00,hourly,CM-01,Continuous Miner 01,Continuous Miner,Underground,2.694,68.378,187.678,205.918,,992.95,222.12,0.9,Running,1,19,83.08,23.08,126,236.73,,,,,,,,,
2026-05-07 18:00:00,hourly,CM-01,Continuous Miner 01,Continuous Miner,Underground,3.029,64.97,160.454,217.97,,962.525,230.124,0.72,Running,1,12,84.28,18.57,126,221.085,,,,,,,,,
2026-05-07 19:00:00,hourly,CM-01,Continuous Miner 01,Continuous Miner,Underground,2.97,68.245,168.037,212.027,,972.171,213.811,0.94,Running,0,14,83.97,23.69,120,252.702,,,,,,,,,
2026-05-07 20:00:00,hourly,CM-01,Continuous Miner 01,Continuous Miner,Underground,3.286,64.496,175.11,193.255,,986.195,252.526,0.88,Running,1,17,83.44,24.47,131,262.316,,,,,,,,,
2026-05-07 21:00:00,hourly,CM-01,Continuous Miner 01,Continuous Miner,Underground,3.182,66.08,167.438,198.811,,989.505,273.482,0.86,Running,1,0,83.11,28.15,124,233.033,,,,,,,,,
2026-05-07 22:00:00,hourly,CM-01,Continuous Miner 01,Continuous Miner,Underground,2.982,65.594,160.657,200.765,,1029.159,261.177,0.87,Running,1,7,84.97,21.08,124,261.28,,,,,,,,,
2026-05-07 23:00:00,hourly,CM-01,Continuous Miner 01,Continuous Miner,Underground,3.248,66.155,173.596,207.945,,996.835,246.886,0.82,Running,0,14,86.48,19.29,122,252.627,,,,,,,,,
2026-05-08 00:00:00,hourly,CM-01,Continuous Miner 01,Continuous Miner,Underground,3.194,68.192,156.424,204.808,,949.876,244.921,0.76,Running,1,9,84.15,23.14,127,222.923,,,,,,,,,
2026-05-08 01:00:00,hourly,CM-01,Continuous Miner 01,Continuous Miner,Underground,2.576,65.892,181.091,204.779,,1002.827,241.347,0.74,Running,0,13,85.98,21.67,124,261.317,,,,,,,,,
2026-05-08 02:00:00,hourly,CM-01,Continuous Miner 01,Continuous Miner,Underground,3.489,66.033,169.426,231.707,,915.612,261.123,0.96,Running,1,18,84.72,23.31,130,247.073,,,,,,,,,
2026-05-08 03:00:00,hourly,CM-01,Continuous Miner 01,Continuous Miner,Underground,3.465,68.421,165.155,201.74,,963.229,249.315,0.83,Running,1,11,86.2,19.96,118,233.305,,,,,,,,,
2026-05-08 04:00:00,hourly,CM-01,Continuous Miner 01,Continuous Miner,Underground,3.154,66.926,155.865,218.882,,966.578,247.179,0.73,Running,0,8,83.94,22.42,116,266.642,,,,,,,,,
2026-05-08 05:00:00,hourly,CM-01,Continuous Miner 01,Continuous Miner,Underground,3.302,65.494,157.995,205.047,,999.759,230.867,0.86,Running,1,12,85.62,21.81,119,266.345,,,,,,,,,
2026-05-08 06:00:00,hourly,CM-01,Continuous Miner 01,Continuous Miner,Underground,3.134,67.33,166.808,186.775,,1038.675,254.736,0.85,Running,0,0,85.34,20.37,124,232.983,,,,,,,,,
2026-05-08 07:00:00,hourly,CM-01,Continuous Miner 01,Continuous Miner,Underground,2.815,68.99,182.38,208.112,,984.296,244.23,0.79,Running,0,8,87.31,15.19,120,256.052,,,,,,,,,
2026-05-08 08:00:00,hourly,CM-01,Continuous Miner 01,Continuous Miner,Underground,3.757,69.134,169.116,216.472,,964.008,251.895,0.75,Running,1,10,86.0,16.6,127,254.618,,,,,,,,,
2026-05-08 09:00:00,hourly,CM-01,Continuous Miner 01,Continuous Miner,Underground,3.405,63.902,170.043,212.109,,952.195,260.333,0.88,Running,1,9,85.49,19.73,120,250.287,,,,,,,,,
2026-05-08 10:00:00,hourly,CM-01,Continuous Miner 01,Continuous Miner,Underground,3.453,64.017,170.37,208.722,,1005.84,223.466,0.9,Running,1,17,82.71,24.45,126,243.132,,,,,,,,,
2026-05-08 11:00:00,hourly,CM-01,Continuous Miner 01,Continuous Miner,Underground,3.147,69.024,186.207,206.639,,969.773,242.224,0.85,Running,1,13,84.19,27.07,118,249.016,,,,,,,,,
2026-05-08 12:00:00,hourly,CM-01,Continuous Miner 01,Continuous Miner,Underground,3.501,66.199,163.778,201.982,,958.959,240.203,0.83,Running,0,10,83.73,22.54,126,266.415,,,,,,,,,
2026-05-08 13:00:00,hourly,CM-01,Continuous Miner 01,Continuous Miner,Underground,2.877,61.996,179.847,214.509,,1009.845,238.977,0.76,Running,0,20,83.67,22.95,127,257.954,,,,,,,,,
2026-05-08 14:00:00,hourly,CM-01,Continuous Miner 01,Continuous Miner,Underground,3.159,65.236,164.149,202.544,,1017.454,230.752,0.86,Running,0,3,84.99,20.21,119,220.571,,,,,,,,,
2026-05-08 15:00:00,hourly,CM-01,Continuous Miner 01,Continuous Miner,Underground,3.406,65.881,161.723,200.698,,942.931,236.211,0.77,Running,0,16,85.33,21.78,123,217.13,,,,,,,,,
2026-05-08 16:00:00,hourly,CM-01,Continuous Miner 01,Continuous Miner,Underground,3.066,66.164,166.729,210.165,,924.107,231.027,0.72,Running,0,15,85.37,21.05,122,221.72,,,,,,,,,
2026-05-08 17:00:00,hourly,CM-01,Continuous Miner 01,Continuous Miner,Underground,3.451,68.54,166.704,203.778,,973.043,257.962,0.91,Running,1,10,86.91,17.05,123,229.711,,,,,,,,,
2026-05-08 18:00:00,hourly,CM-01,Continuous Miner 01,Continuous Miner,Underground,3.3,64.818,171.891,218.015,,936.536,251.706,0.74,Running,1,5,85.64,18.08,126,239.368,,,,,,,,,
2026-05-08 19:00:00,hourly,CM-01,Continuous Miner 01,Continuous Miner,Underground,3.277,68.925,148.817,210.702,,931.726,250.744,0.67,Running,1,11,82.88,23.16,124,244.217,,,,,,,,,
2026-05-08 20:00:00,hourly,CM-01,Continuous Miner 01,Continuous Miner,Underground,3.045,67.5,168.606,199.504,,939.979,219.462,0.92,Running,1,4,85.15,19.11,122,250.42,,,,,,,,,
2026-05-08 21:00:00,hourly,CM-01,Continuous Miner 01,Continuous Miner,Underground,3.327,64.047,162.648,196.212,,1013.009,273.732,0.68,Running,0,5,85.74,19.51,123,250.936,,,,,,,,,
2026-05-08 22:00:00,hourly,CM-01,Continuous Miner 01,Continuous Miner,Underground,3.71,66.18,161.66,201.361,,999.123,240.737,0.79,Running,0,8,86.8,18.77,115,250.708,,,,,,,,,
2026-05-08 23:00:00,hourly,CM-01,Continuous Miner 01,Continuous Miner,Underground,3.271,67.976,157.1,227.574,,1062.349,270.89,0.73,Running,1,4,84.51,20.69,120,269.793,,,,,,,,,
2026-05-09 00:00:00,hourly,CM-01,Continuous Miner 01,Continuous Miner,Underground,3.367,66.98,164.562,204.403,,953.848,256.961,0.76,Running,0,8,84.5,24.61,115,224.676,,,,,,,,,
2026-05-09 01:00:00,hourly,CM-01,Continuous Miner 01,Continuous Miner,Underground,3.405,67.732,163.363,213.375,,1022.839,243.239,1.0,Running,0,3,86.43,21.31,120,256.856,,,,,,,,,
2026-05-09 02:00:00,hourly,CM-01,Continuous Miner 01,Continuous Miner,Underground,2.944,65.611,164.097,194.808,,993.548,275.096,0.81,Running,1,12,84.97,20.58,124,256.787,,,,,,,,,
2026-05-09 03:00:00,hourly,CM-01,Continuous Miner 01,Continuous Miner,Underground,3.197,68.129,154.416,196.82,,956.778,254.443,0.85,Running,1,19,82.1,23.13,119,231.327,,,,,,,,,
2026-05-09 04:00:00,hourly,CM-01,Continuous Miner 01,Continuous Miner,Underground,3.19,66.037,168.324,204.881,,971.096,243.311,0.88,Running,1,24,81.74,25.51,109,260.079,,,,,,,,,
2026-05-09 05:00:00,hourly,CM-01,Continuous Miner 01,Continuous Miner,Underground,2.701,72.521,161.221,221.896,,956.568,241.041,0.77,Running,1,2,87.56,17.15,115,257.509,,,,,,,,,
2026-05-09 06:00:00,hourly,CM-01,Continuous Miner 01,Continuous Miner,Underground,3.43,64.022,154.488,194.979,,985.242,260.973,0.91,Running,1,5,81.85,25.29,121,250.864,,,,,,,,,
2026-05-09 07:00:00,hourly,CM-01,Continuous Miner 01,Continuous Miner,Underground,3.0,72.865,163.198,200.937,,1010.699,239.023,0.85,Running,1,8,84.3,21.19,117,212.882,,,,,,,,,
2026-05-09 08:00:00,hourly,CM-01,Continuous Miner 01,Continuous Miner,Underground,3.404,64.843,161.405,214.729,,963.243,241.243,0.88,Running,0,11,85.95,17.56,122,266.995,,,,,,,,,
2026-05-09 09:00:00,hourly,CM-01,Continuous Miner 01,Continuous Miner,Underground,3.045,69.737,167.941,220.956,,1005.815,238.194,0.76,Running,1,10,81.69,25.7,114,255.21,,,,,,,,,
2026-05-09 10:00:00,hourly,CM-01,Continuous Miner 01,Continuous Miner,Underground,3.746,68.766,163.135,210.568,,1020.593,235.981,0.86,Running,1,16,82.76,23.43,120,258.049,,,,,,,,,
2026-05-09 11:00:00,hourly,CM-01,Continuous Miner 01,Continuous Miner,Underground,3.167,64.95,156.045,212.724,,1028.365,236.846,0.82,Running,1,13,82.48,24.01,120,197.349,,,,,,,,,
2026-05-09 12:00:00,hourly,CM-01,Continuous Miner 01,Continuous Miner,Underground,3.718,68.275,160.549,198.578,,935.003,271.392,0.91,Running,1,0,87.33,17.93,121,243.106,,,,,,,,,
2026-05-09 13:00:00,hourly,CM-01,Continuous Miner 01,Continuous Miner,Underground,3.195,65.871,153.858,194.753,,974.314,260.693,0.78,Running,1,8,87.65,17.15,116,228.68,,,,,,,,,
2026-05-09 14:00:00,hourly,CM-01,Continuous Miner 01,Continuous Miner,Underground,3.225,67.572,176.783,196.356,,1000.842,249.89,0.98,Running,0,3,83.23,23.63,121,272.323,,,,,,,,,
2026-05-09 15:00:00,hourly,CM-01,Continuous Miner 01,Continuous Miner,Underground,3.631,67.298,178.084,198.817,,937.954,238.939,0.85,Running,1,6,85.3,19.78,124,233.956,,,,,,,,,
2026-05-09 16:00:00,hourly,CM-01,Continuous Miner 01,Continuous Miner,Underground,3.011,66.209,179.067,208.717,,930.133,238.894,0.81,Running,1,7,84.85,21.94,109,275.314,,,,,,,,,
2026-05-09 17:00:00,hourly,CM-01,Continuous Miner 01,Continuous Miner,Underground,3.254,66.032,163.012,195.719,,975.021,241.489,0.8,Running,1,13,83.88,21.13,118,266.9,,,,,,,,,
2026-05-09 18:00:00,hourly,CM-01,Continuous Miner 01,Continuous Miner,Underground,3.377,67.738,178.122,208.959,,961.47,271.676,0.82,Running,1,10,81.7,23.44,110,255.205,,,,,,,,,
2026-05-09 19:00:00,hourly,CM-01,Continuous Miner 01,Continuous Miner,Underground,3.344,65.005,171.016,203.878,,969.87,250.712,0.77,Running,1,5,87.97,15.06,114,269.839,,,,,,,,,
2026-05-09 20:00:00,hourly,CM-01,Continuous Miner 01,Continuous Miner,Underground,3.254,65.094,161.198,201.661,,959.382,257.114,0.87,Running,1,24,81.35,24.75,114,236.571,,,,,,,,,
2026-05-09 21:00:00,hourly,CM-01,Continuous Miner 01,Continuous Miner,Underground,3.221,69.105,162.762,214.699,,1051.453,249.455,0.82,Running,1,4,84.57,19.02,117,239.447,,,,,,,,,
2026-05-09 22:00:00,hourly,CM-01,Continuous Miner 01,Continuous Miner,Underground,3.457,67.952,166.429,198.111,,959.677,234.267,0.98,Running,0,10,83.17,20.17,119,266.458,,,,,,,,,
2026-05-09 23:00:00,hourly,CM-01,Continuous Miner 01,Continuous Miner,Underground,3.29,64.141,168.64,219.673,,996.31,248.111,0.79,Running,1,12,85.8,20.89,121,236.672,,,,,,,,,
2026-05-10 00:00:00,hourly,CM-01,Continuous Miner 01,Continuous Miner,Underground,3.488,64.813,170.738,214.239,,993.941,231.622,0.81,Running,1,11,85.52,22.82,118,230.505,,,,,,,,,
2026-05-10 01:00:00,hourly,CM-01,Continuous Miner 01,Continuous Miner,Underground,3.345,62.326,167.836,197.86,,916.66,263.427,0.79,Running,1,5,82.57,25.51,119,246.587,,,,,,,,,
2026-05-10 02:00:00,hourly,CM-01,Continuous Miner 01,Continuous Miner,Underground,3.411,69.033,165.077,217.6,,1027.06,236.221,0.97,Running,1,4,82.85,23.04,112,237.622,,,,,,,,,
2026-05-10 03:00:00,hourly,CM-01,Continuous Miner 01,Continuous Miner,Underground,3.532,68.552,178.697,196.815,,997.626,238.704,0.7,Running,1,13,81.61,22.31,121,281.592,,,,,,,,,
2026-05-10 04:00:00,hourly,CM-01,Continuous Miner 01,Continuous Miner,Underground,3.172,64.647,166.985,218.436,,981.194,258.104,0.83,Running,1,15,84.38,22.25,103,264.161,,,,,,,,,
2026-05-10 05:00:00,hourly,CM-01,Continuous Miner 01,Continuous Miner,Underground,3.527,68.477,166.542,209.804,,1012.688,236.952,0.85,Running,0,7,85.18,17.53,122,242.548,,,,,,,,,
2026-05-10 06:00:00,hourly,CM-01,Continuous Miner 01,Continuous Miner,Underground,3.212,71.421,166.188,192.605,,973.983,243.671,0.73,Running,1,2,83.31,23.19,121,235.751,,,,,,,,,
2026-05-10 07:00:00,hourly,CM-01,Continuous Miner 01,Continuous Miner,Underground,2.902,63.672,167.035,195.168,,1006.501,209.819,1.0,Running,1,9,83.61,21.35,119,257.201,,,,,,,,,
2026-05-10 08:00:00,hourly,CM-01,Continuous Miner 01,Continuous Miner,Underground,3.17,65.711,157.057,203.192,,909.943,242.239,0.75,Running,1,11,87.03,13.6,125,270.792,,,,,,,,,
2026-05-10 09:00:00,hourly,CM-01,Continuous Miner 01,Continuous Miner,Underground,3.073,63.635,159.947,214.656,,1004.202,255.085,0.82,Running,1,4,85.45,23.33,108,256.455,,,,,,,,,
2026-05-10 10:00:00,hourly,CM-01,Continuous Miner 01,Continuous Miner,Underground,3.348,69.162,187.554,205.319,,981.993,238.004,0.95,Running,1,6,86.08,16.97,119,236.594,,,,,,,,,
2026-05-10 11:00:00,hourly,CM-01,Continuous Miner 01,Continuous Miner,Underground,3.184,66.869,154.798,205.104,,982.517,254.613,0.79,Running,0,12,80.32,26.85,116,228.832,,,,,,,,,
2026-05-10 12:00:00,hourly,CM-01,Continuous Miner 01,Continuous Miner,Underground,3.288,66.21,170.191,207.236,,946.04,246.566,0.83,Running,0,15,84.75,21.09,116,245.779,,,,,,,,,
2026-05-10 13:00:00,hourly,CM-01,Continuous Miner 01,Continuous Miner,Underground,3.51,67.592,170.773,188.928,,967.838,262.031,0.79,Running,1,6,84.26,21.1,110,256.892,,,,,,,,,
2026-05-10 14:00:00,hourly,CM-01,Continuous Miner 01,Continuous Miner,Underground,3.629,65.872,176.15,214.311,,966.79,236.52,0.82,Running,1,14,81.83,26.37,117,244.319,,,,,,,,,
2026-05-10 15:00:00,hourly,CM-01,Continuous Miner 01,Continuous Miner,Underground,3.331,66.219,170.997,218.96,,935.582,243.438,0.91,Running,1,18,82.14,23.53,116,267.98,,,,,,,,,
2026-05-10 16:00:00,hourly,CM-01,Continuous Miner 01,Continuous Miner,Underground,3.53,67.713,183.205,214.017,,987.969,226.253,0.79,Running,0,1,83.43,23.96,112,260.301,,,,,,,,,
2026-05-10 17:00:00,hourly,CM-01,Continuous Miner 01,Continuous Miner,Underground,3.216,65.772,170.011,203.111,,1030.467,245.549,0.61,Running,1,3,81.61,26.38,114,255.673,,,,,,,,,
2026-05-10 18:00:00,hourly,CM-01,Continuous Miner 01,Continuous Miner,Underground,2.87,66.088,178.892,198.966,,925.638,240.945,0.82,Running,1,9,82.46,21.8,109,260.004,,,,,,,,,
2026-05-10 19:00:00,hourly,CM-01,Continuous Miner 01,Continuous Miner,Underground,2.967,66.781,176.445,197.204,,992.519,260.298,0.83,Running,1,16,82.97,24.31,113,229.667,,,,,,,,,
2026-05-10 20:00:00,hourly,CM-01,Continuous Miner 01,Continuous Miner,Underground,3.213,67.331,180.476,196.752,,960.622,238.119,0.84,Running,0,10,84.61,19.44,118,243.931,,,,,,,,,
2026-05-10 21:00:00,hourly,CM-01,Continuous Miner 01,Continuous Miner,Underground,3.462,68.46,168.354,227.341,,956.557,240.942,0.81,Running,1,15,82.53,22.12,118,235.269,,,,,,,,,
2026-05-10 22:00:00,hourly,CM-01,Continuous Miner 01,Continuous Miner,Underground,3.216,68.425,171.354,206.261,,977.908,237.431,0.75,Running,1,0,82.92,24.49,117,258.072,,,,,,,,,
2026-05-10 23:00:00,hourly,CM-01,Continuous Miner 01,Continuous Miner,Underground,3.561,63.848,165.233,215.122,,978.415,247.273,0.8,Running,1,10,85.25,19.83,118,235.531,,,,,,,,,
2026-05-11 00:00:00,hourly,CM-01,Continuous Miner 01,Continuous Miner,Underground,3.723,70.25,169.48,214.636,,981.709,274.741,0.96,Running,1,0,80.77,27.67,118,253.252,,,,,,,,,
2026-05-11 01:00:00,hourly,CM-01,Continuous Miner 01,Continuous Miner,Underground,3.044,67.289,169.938,208.282,,935.642,197.943,0.82,Running,1,18,83.93,23.26,111,249.318,,,,,,,,,
2026-05-11 02:00:00,hourly,CM-01,Continuous Miner 01,Continuous Miner,Underground,3.798,66.434,151.614,198.624,,1013.346,246.251,0.87,Running,0,14,84.17,19.31,115,261.56,,,,,,,,,
2026-05-11 03:00:00,hourly,CM-01,Continuous Miner 01,Continuous Miner,Underground,2.859,65.182,167.104,211.687,,978.015,263.371,0.74,Running,1,8,84.19,23.62,118,232.822,,,,,,,,,
2026-05-11 04:00:00,hourly,CM-01,Continuous Miner 01,Continuous Miner,Underground,3.731,71.551,175.384,197.285,,995.936,239.735,0.8,Running,1,0,82.69,24.8,108,259.207,,,,,,,,,
2026-05-11 05:00:00,hourly,CM-01,Continuous Miner 01,Continuous Miner,Underground,3.261,72.373,157.479,212.459,,1017.64,254.326,0.74,Running,0,9,81.77,24.35,107,234.877,,,,,,,,,
2026-05-11 06:00:00,hourly,CM-01,Continuous Miner 01,Continuous Miner,Underground,3.212,71.292,160.405,197.716,,907.867,263.441,0.92,Running,1,14,85.88,19.5,107,236.569,,,,,,,,,
2026-05-11 07:00:00,hourly,CM-01,Continuous Miner 01,Continuous Miner,Underground,3.269,67.459,177.557,203.132,,997.149,243.101,0.7,Running,1,14,82.05,26.66,106,249.726,,,,,,,,,
2026-05-11 08:00:00,hourly,CM-01,Continuous Miner 01,Continuous Miner,Underground,3.072,67.955,179.073,203.127,,969.313,237.84,0.85,Running,1,22,81.61,25.1,108,271.126,,,,,,,,,
2026-05-11 09:00:00,hourly,CM-01,Continuous Miner 01,Continuous Miner,Underground,3.648,70.484,163.377,219.667,,1010.696,260.082,0.85,Running,1,10,83.41,27.46,110,238.561,,,,,,,,,
2026-05-11 10:00:00,hourly,CM-01,Continuous Miner 01,Continuous Miner,Underground,3.101,66.68,169.751,185.18,,946.966,253.93,0.84,Running,0,26,82.17,27.94,118,223.591,,,,,,,,,
2026-05-11 11:00:00,hourly,CM-01,Continuous Miner 01,Continuous Miner,Underground,3.133,68.406,167.75,228.074,,1007.726,246.131,0.63,Running,1,0,85.01,21.22,111,236.921,,,,,,,,,
2026-05-11 12:00:00,hourly,CM-01,Continuous Miner 01,Continuous Miner,Underground,2.93,67.721,177.806,199.853,,938.04,255.571,0.66,Running,1,6,82.88,23.51,106,245.892,,,,,,,,,
2026-05-11 13:00:00,hourly,CM-01,Continuous Miner 01,Continuous Miner,Underground,3.093,71.448,164.14,206.006,,989.019,260.468,0.83,Running,0,2,85.17,20.39,113,281.969,,,,,,,,,
2026-05-11 14:00:00,hourly,CM-01,Continuous Miner 01,Continuous Miner,Underground,3.102,70.392,165.393,210.846,,984.867,246.29,0.75,Running,1,13,83.97,21.23,111,258.287,,,,,,,,,
2026-05-11 15:00:00,hourly,CM-01,Continuous Miner 01,Continuous Miner,Underground,3.086,66.934,179.164,210.084,,969.455,251.319,0.77,Running,0,3,82.61,24.6,109,240.032,,,,,,,,,
2026-05-11 16:00:00,hourly,CM-01,Continuous Miner 01,Continuous Miner,Underground,3.235,70.599,160.427,214.738,,938.748,254.366,0.79,Running,1,15,84.99,22.39,109,249.833,,,,,,,,,
2026-05-11 17:00:00,hourly,CM-01,Continuous Miner 01,Continuous Miner,Underground,3.001,67.241,164.486,212.649,,961.943,240.595,0.74,Running,0,13,82.14,22.3,116,277.239,,,,,,,,,
2026-05-11 18:00:00,hourly,CM-01,Continuous Miner 01,Continuous Miner,Underground,3.679,66.054,169.549,225.498,,1007.124,263.702,0.72,Running,0,12,82.65,25.58,106,248.267,,,,,,,,,
2026-05-11 19:00:00,hourly,CM-01,Continuous Miner 01,Continuous Miner,Underground,3.243,66.633,180.692,213.76,,1026.872,232.647,0.82,Running,0,10,83.98,24.29,105,248.468,,,,,,,,,
2026-05-11 20:00:00,hourly,CM-01,Continuous Miner 01,Continuous Miner,Underground,3.375,67.591,158.97,206.129,,1043.172,245.252,0.67,Running,1,4,83.47,24.28,113,245.645,,,,,,,,,
2026-05-11 21:00:00,hourly,CM-01,Continuous Miner 01,Continuous Miner,Underground,3.498,65.545,162.849,202.218,,993.19,257.844,0.78,Running,0,14,82.01,24.93,109,263.279,,,,,,,,,
2026-05-11 22:00:00,hourly,CM-01,Continuous Miner 01,Continuous Miner,Underground,3.79,66.139,173.29,201.996,,983.529,232.318,0.77,Running,1,8,80.61,28.21,117,243.745,,,,,,,,,
2026-05-11 23:00:00,hourly,CM-01,Continuous Miner 01,Continuous Miner,Underground,3.512,64.108,174.542,218.854,,990.417,259.317,0.82,Running,1,16,83.01,26.39,110,266.118,,,,,,,,,
2026-05-12 00:00:00,hourly,CM-01,Continuous Miner 01,Continuous Miner,Underground,3.223,65.48,170.275,223.022,,1042.179,249.792,1.0,Running,1,20,81.85,25.29,110,269.175,,,,,,,,,
2026-05-12 01:00:00,hourly,CM-01,Continuous Miner 01,Continuous Miner,Underground,3.018,67.811,167.664,216.272,,992.879,265.69,0.74,Running,1,8,83.04,23.79,114,261.997,,,,,,,,,
2026-05-12 02:00:00,hourly,CM-01,Continuous Miner 01,Continuous Miner,Underground,3.371,69.594,169.651,178.765,,977.686,255.726,0.85,Running,1,22,82.29,29.05,104,248.603,,,,,,,,,
2026-05-12 03:00:00,hourly,CM-01,Continuous Miner 01,Continuous Miner,Underground,3.553,69.318,156.572,187.031,,964.974,244.877,0.84,Running,1,12,81.79,26.1,112,229.825,,,,,,,,,
2026-05-12 04:00:00,hourly,CM-01,Continuous Miner 01,Continuous Miner,Underground,3.324,68.258,169.458,207.197,,968.993,250.408,0.86,Running,0,13,82.49,22.5,109,248.626,,,,,,,,,
2026-05-12 05:00:00,hourly,CM-01,Continuous Miner 01,Continuous Miner,Underground,3.306,63.954,180.52,205.775,,988.085,250.921,0.8,Running,1,2,82.78,25.86,114,241.523,,,,,,,,,
2026-05-12 06:00:00,hourly,CM-01,Continuous Miner 01,Continuous Miner,Underground,3.343,65.43,158.118,207.465,,948.237,275.511,0.94,Running,1,6,83.98,23.23,107,239.765,,,,,,,,,
2026-05-12 07:00:00,hourly,CM-01,Continuous Miner 01,Continuous Miner,Underground,2.823,66.896,162.423,218.561,,952.588,248.38,0.87,Running,0,5,83.52,21.76,110,248.41,,,,,,,,,
2026-05-12 08:00:00,hourly,CM-01,Continuous Miner 01,Continuous Miner,Underground,3.328,69.454,165.536,218.123,,972.256,245.272,0.88,Running,0,13,86.17,17.15,108,259.917,,,,,,,,,
2026-05-12 09:00:00,hourly,CM-01,Continuous Miner 01,Continuous Miner,Underground,3.476,66.117,166.056,208.89,,958.648,244.477,0.71,Running,0,8,83.02,24.24,111,242.294,,,,,,,,,
2026-05-12 10:00:00,hourly,CM-01,Continuous Miner 01,Continuous Miner,Underground,3.282,64.664,183.475,193.611,,995.318,249.868,0.83,Running,1,15,81.7,25.5,108,230.272,,,,,,,,,
2026-05-12 11:00:00,hourly,CM-01,Continuous Miner 01,Continuous Miner,Underground,3.575,70.54,161.305,196.273,,998.004,231.353,0.78,Running,1,9,82.48,22.04,110,236.939,,,,,,,,,
2026-05-12 12:00:00,hourly,CM-01,Continuous Miner 01,Continuous Miner,Underground,3.584,65.743,159.723,207.953,,983.581,241.884,0.75,Running,1,8,83.63,22.74,116,279.334,,,,,,,,,
2026-05-12 13:00:00,hourly,CM-01,Continuous Miner 01,Continuous Miner,Underground,3.17,64.884,174.961,211.107,,991.515,233.083,0.77,Running,1,1,84.31,21.67,108,261.078,,,,,,,,,
2026-05-12 14:00:00,hourly,CM-01,Continuous Miner 01,Continuous Miner,Underground,3.407,67.871,163.634,196.41,,978.46,234.922,0.82,Running,1,0,84.82,21.12,110,236.985,,,,,,,,,
2026-05-12 15:00:00,hourly,CM-01,Continuous Miner 01,Continuous Miner,Underground,3.308,67.267,175.127,213.321,,841.591,258.529,0.86,Running,1,9,81.02,27.55,118,272.943,,,,,,,,,
2026-05-12 16:00:00,hourly,CM-01,Continuous Miner 01,Continuous Miner,Underground,2.791,66.283,167.265,191.615,,943.64,247.65,0.9,Running,1,6,84.68,17.93,110,248.489,,,,,,,,,
2026-05-12 17:00:00,hourly,CM-01,Continuous Miner 01,Continuous Miner,Underground,3.253,67.39,172.53,183.428,,999.028,236.906,0.89,Running,1,5,82.53,22.23,99,288.787,,,,,,,,,
2026-05-12 18:00:00,hourly,CM-01,Continuous Miner 01,Continuous Miner,Underground,3.042,65.358,156.332,199.531,,944.888,245.197,0.84,Running,1,12,81.1,25.49,106,256.541,,,,,,,,,
2026-05-12 19:00:00,hourly,CM-01,Continuous Miner 01,Continuous Miner,Underground,3.335,66.275,172.536,219.775,,1004.162,243.866,0.82,Running,1,25,82.23,27.53,103,261.407,,,,,,,,,
2026-05-12 20:00:00,hourly,CM-01,Continuous Miner 01,Continuous Miner,Underground,3.473,67.327,170.65,221.128,,1006.105,248.059,0.79,Running,1,21,84.47,26.48,112,265.765,,,,,,,,,
2026-05-12 21:00:00,hourly,CM-01,Continuous Miner 01,Continuous Miner,Underground,3.248,62.934,166.881,193.083,,964.881,226.231,0.8,Running,1,10,83.24,23.48,108,276.154,,,,,,,,,
2026-05-12 22:00:00,hourly,CM-01,Continuous Miner 01,Continuous Miner,Underground,3.079,69.52,159.079,193.782,,953.48,232.063,0.76,Running,1,12,80.54,27.33,112,245.364,,,,,,,,,
2026-05-12 23:00:00,hourly,CM-01,Continuous Miner 01,Continuous Miner,Underground,3.363,64.404,170.692,214.307,,974.46,227.17,0.79,Running,1,13,80.53,22.37,110,274.791,,,,,,,,,
2026-05-13 00:00:00,hourly,CM-01,Continuous Miner 01,Continuous Miner,Underground,3.916,65.365,174.766,203.502,,972.559,234.766,0.85,Running,0,14,80.46,29.16,110,242.428,,,,,,,,,
2026-05-13 01:00:00,hourly,CM-01,Continuous Miner 01,Continuous Miner,Underground,2.763,69.637,164.741,219.776,,996.02,237.252,0.94,Running,1,16,81.24,27.17,102,246.635,,,,,,,,,
2026-05-13 02:00:00,hourly,CM-01,Continuous Miner 01,Continuous Miner,Underground,3.365,68.695,164.915,214.191,,892.112,232.896,0.81,Running,1,12,82.51,25.06,109,252.571,,,,,,,,,
2026-05-13 03:00:00,hourly,CM-01,Continuous Miner 01,Continuous Miner,Underground,3.172,67.641,175.375,215.747,,948.333,258.091,0.76,Running,1,11,80.56,24.73,113,267.165,,,,,,,,,
2026-05-13 04:00:00,hourly,CM-01,Continuous Miner 01,Continuous Miner,Underground,3.202,63.696,182.722,200.113,,938.567,273.159,0.9,Running,1,7,81.65,29.65,101,247.165,,,,,,,,,
2026-05-13 05:00:00,hourly,CM-01,Continuous Miner 01,Continuous Miner,Underground,3.283,66.128,176.574,211.514,,885.836,258.968,0.66,Running,1,12,84.55,24.67,106,278.87,,,,,,,,,
2026-05-13 06:00:00,hourly,CM-01,Continuous Miner 01,Continuous Miner,Underground,3.224,66.991,170.909,225.678,,956.633,239.504,0.9,Running,1,0,84.87,21.76,108,273.692,,,,,,,,,
2026-05-13 07:00:00,hourly,CM-01,Continuous Miner 01,Continuous Miner,Underground,3.462,67.157,167.144,208.821,,921.441,250.372,0.71,Running,1,11,84.74,23.34,107,253.112,,,,,,,,,
2026-05-13 08:00:00,hourly,CM-01,Continuous Miner 01,Continuous Miner,Underground,3.252,69.99,168.887,207.146,,960.34,246.509,0.87,Running,1,0,79.37,28.99,112,237.032,,,,,,,,,
2026-05-13 09:00:00,hourly,CM-01,Continuous Miner 01,Continuous Miner,Underground,2.773,71.872,158.52,203.64,,956.799,238.926,0.78,Running,1,11,84.89,22.79,109,268.517,,,,,,,,,
2026-05-13 10:00:00,hourly,CM-01,Continuous Miner 01,Continuous Miner,Underground,3.634,68.843,167.905,193.155,,989.721,266.005,0.85,Running,1,4,82.34,22.12,108,218.979,,,,,,,,,
2026-05-13 11:00:00,hourly,CM-01,Continuous Miner 01,Continuous Miner,Underground,3.597,66.321,178.116,197.692,,965.072,275.57,0.99,Running,1,15,82.29,20.25,109,264.38,,,,,,,,,
2026-05-13 12:00:00,hourly,CM-01,Continuous Miner 01,Continuous Miner,Underground,3.164,70.174,169.491,199.566,,914.601,226.899,0.75,Running,1,9,83.79,20.16,109,239.348,,,,,,,,,
2026-05-13 13:00:00,hourly,CM-01,Continuous Miner 01,Continuous Miner,Underground,3.329,66.212,164.187,192.805,,985.907,267.653,0.74,Running,1,9,83.24,21.85,106,272.64,,,,,,,,,
2026-05-13 14:00:00,hourly,CM-01,Continuous Miner 01,Continuous Miner,Underground,3.622,61.743,163.463,193.722,,1058.449,239.225,0.83,Running,0,14,79.1,27.97,104,230.377,,,,,,,,,
2026-05-13 15:00:00,hourly,CM-01,Continuous Miner 01,Continuous Miner,Underground,3.577,64.772,168.97,185.59,,1011.355,243.836,0.94,Running,1,5,81.09,27.38,110,241.965,,,,,,,,,
2026-05-13 16:00:00,hourly,CM-01,Continuous Miner 01,Continuous Miner,Underground,3.658,62.309,159.364,200.592,,997.476,251.476,0.83,Running,1,18,81.46,25.45,102,259.581,,,,,,,,,
2026-05-13 17:00:00,hourly,CM-01,Continuous Miner 01,Continuous Miner,Underground,3.414,66.688,161.99,213.722,,966.837,269.196,0.82,Running,1,16,79.89,28.1,105,262.206,,,,,,,,,
2026-05-13 18:00:00,hourly,CM-01,Continuous Miner 01,Continuous Miner,Underground,3.513,67.147,181.537,204.807,,956.471,251.476,0.83,Running,0,6,83.59,20.61,101,242.573,,,,,,,,,
2026-05-13 19:00:00,hourly,CM-01,Continuous Miner 01,Continuous Miner,Underground,3.674,64.041,161.003,204.858,,954.017,253.323,0.74,Running,0,3,84.27,19.48,108,247.287,,,,,,,,,
2026-05-13 20:00:00,hourly,CM-01,Continuous Miner 01,Continuous Miner,Underground,3.237,65.672,162.896,214.578,,982.025,259.506,0.83,Running,1,8,81.93,25.38,110,267.854,,,,,,,,,
2026-05-13 21:00:00,hourly,CM-01,Continuous Miner 01,Continuous Miner,Underground,3.434,64.419,171.656,222.888,,933.819,261.725,0.79,Running,1,9,82.4,23.56,101,268.73,,,,,,,,,
2026-05-13 22:00:00,hourly,CM-01,Continuous Miner 01,Continuous Miner,Underground,2.788,67.284,165.809,228.158,,981.264,254.735,0.93,Running,1,3,81.88,25.38,104,247.004,,,,,,,,,
2026-05-13 23:00:00,hourly,CM-01,Continuous Miner 01,Continuous Miner,Underground,2.93,65.692,170.069,209.009,,950.299,261.832,0.88,Running,1,8,82.03,26.25,103,242.928,,,,,,,,,
2026-05-14 00:00:00,hourly,CM-01,Continuous Miner 01,Continuous Miner,Underground,3.451,69.797,176.28,205.183,,913.495,239.229,0.71,Running,1,7,83.63,26.19,109,230.748,,,,,,,,,
2026-05-14 01:00:00,hourly,CM-01,Continuous Miner 01,Continuous Miner,Underground,3.49,67.955,157.017,204.012,,949.755,223.327,0.8,Running,1,10,79.0,29.36,110,256.721,,,,,,,,,
2026-05-14 02:00:00,hourly,CM-01,Continuous Miner 01,Continuous Miner,Underground,3.231,71.118,175.445,213.061,,1017.243,273.17,0.86,Running,0,10,82.57,28.02,102,265.675,,,,,,,,,
2026-05-14 03:00:00,hourly,CM-01,Continuous Miner 01,Continuous Miner,Underground,3.177,66.594,164.769,206.344,,978.269,233.102,0.74,Running,1,14,81.79,26.31,92,255.105,,,,,,,,,
2026-05-14 04:00:00,hourly,CM-01,Continuous Miner 01,Continuous Miner,Underground,3.241,72.318,167.156,206.387,,849.062,240.166,0.73,Running,1,12,80.61,28.53,108,237.894,,,,,,,,,
2026-05-14 05:00:00,hourly,CM-01,Continuous Miner 01,Continuous Miner,Underground,3.379,67.612,184.839,206.994,,949.798,243.009,0.78,Running,1,14,80.92,28.82,104,281.289,,,,,,,,,
2026-05-14 06:00:00,hourly,CM-01,Continuous Miner 01,Continuous Miner,Underground,2.753,66.45,158.258,199.303,,1004.963,240.606,0.85,Running,1,11,84.63,22.96,104,219.06,,,,,,,,,
2026-05-14 07:00:00,hourly,CM-01,Continuous Miner 01,Continuous Miner,Underground,3.449,72.918,174.222,186.803,,962.881,237.504,0.9,Running,1,9,79.55,27.03,107,266.777,,,,,,,,,
2026-05-14 08:00:00,hourly,CM-01,Continuous Miner 01,Continuous Miner,Underground,3.341,63.602,178.538,201.781,,991.631,254.171,0.84,Running,1,16,81.38,28.24,102,256.203,,,,,,,,,
2026-05-14 09:00:00,hourly,CM-01,Continuous Miner 01,Continuous Miner,Underground,3.396,66.415,164.062,220.932,,959.438,254.33,1.0,Running,0,0,84.23,21.33,101,260.245,,,,,,,,,
2026-05-14 10:00:00,hourly,CM-01,Continuous Miner 01,Continuous Miner,Underground,3.304,63.974,164.206,220.519,,979.685,256.38,0.77,Running,0,9,79.57,29.21,102,240.167,,,,,,,,,
2026-05-14 11:00:00,hourly,CM-01,Continuous Miner 01,Continuous Miner,Underground,2.99,63.599,166.616,216.294,,974.457,255.512,0.88,Running,0,7,80.84,27.08,105,250.328,,,,,,,,,
2026-05-14 12:00:00,hourly,CM-01,Continuous Miner 01,Continuous Miner,Underground,3.062,63.102,164.067,203.403,,950.59,241.888,0.73,Running,2,12,81.62,28.02,106,257.471,,,,,,,,,
2026-05-14 13:00:00,hourly,CM-01,Continuous Miner 01,Continuous Miner,Underground,3.719,69.013,170.131,200.743,,993.172,241.875,0.95,Running,0,6,82.19,25.73,109,251.414,,,,,,,,,
2026-05-14 14:00:00,hourly,CM-01,Continuous Miner 01,Continuous Miner,Underground,3.178,64.738,176.758,222.489,,1026.749,263.411,0.93,Running,0,13,81.37,23.31,104,224.098,,,,,,,,,
2026-05-14 15:00:00,hourly,CM-01,Continuous Miner 01,Continuous Miner,Underground,3.541,67.108,166.728,198.131,,986.582,240.453,0.88,Running,1,19,80.04,32.12,102,280.209,,,,,,,,,
2026-05-14 16:00:00,hourly,CM-01,Continuous Miner 01,Continuous Miner,Underground,3.07,69.637,177.08,208.244,,976.732,240.185,0.68,Running,0,1,82.17,26.64,106,263.222,,,,,,,,,
2026-05-14 17:00:00,hourly,CM-01,Continuous Miner 01,Continuous Miner,Underground,3.337,68.7,180.877,223.106,,943.557,260.786,0.88,Running,0,11,81.27,25.13,98,253.383,,,,,,,,,
2026-05-14 18:00:00,hourly,CM-01,Continuous Miner 01,Continuous Miner,Underground,3.232,68.598,173.135,209.027,,1005.879,247.523,0.75,Running,0,2,82.41,22.36,108,254.425,,,,,,,,,
2026-05-14 19:00:00,hourly,CM-01,Continuous Miner 01,Continuous Miner,Underground,3.271,70.364,173.907,205.281,,955.129,240.723,0.86,Running,1,13,82.85,25.9,103,279.79,,,,,,,,,
2026-05-14 20:00:00,hourly,CM-01,Continuous Miner 01,Continuous Miner,Underground,3.259,71.24,164.969,218.371,,992.614,240.865,0.7,Running,0,8,78.97,27.4,101,240.977,,,,,,,,,
2026-05-14 21:00:00,hourly,CM-01,Continuous Miner 01,Continuous Miner,Underground,3.706,64.952,148.754,208.592,,999.624,263.549,0.84,Running,1,5,82.98,25.43,98,237.38,,,,,,,,,
2026-05-14 22:00:00,hourly,CM-01,Continuous Miner 01,Continuous Miner,Underground,3.828,68.775,174.441,209.72,,1007.501,256.029,0.79,Running,1,0,80.9,28.88,104,266.483,,,,,,,,,
2026-05-14 23:00:00,hourly,CM-01,Continuous Miner 01,Continuous Miner,Underground,3.406,67.119,176.145,221.597,,1008.127,251.146,0.76,Running,1,9,82.6,23.06,100,260.296,,,,,,,,,
2026-05-15 00:00:00,hourly,CM-01,Continuous Miner 01,Continuous Miner,Underground,3.244,67.402,171.73,185.072,,1006.835,231.517,0.87,Running,1,3,82.04,23.66,101,236.745,,,,,,,,,
2026-05-15 01:00:00,hourly,CM-01,Continuous Miner 01,Continuous Miner,Underground,3.016,64.406,177.086,211.216,,928.893,251.227,0.82,Running,1,1,84.19,21.19,94,270.333,,,,,,,,,
2026-05-15 02:00:00,hourly,CM-01,Continuous Miner 01,Continuous Miner,Underground,3.0,66.567,165.439,201.101,,942.767,244.887,0.8,Running,0,11,81.21,24.32,99,257.644,,,,,,,,,
2026-05-15 03:00:00,hourly,CM-01,Continuous Miner 01,Continuous Miner,Underground,3.713,66.813,173.991,206.144,,924.772,235.102,0.88,Running,1,18,80.53,27.71,99,238.568,,,,,,,,,
2026-05-15 04:00:00,hourly,CM-01,Continuous Miner 01,Continuous Miner,Underground,2.984,70.896,181.638,209.036,,922.389,239.465,0.97,Running,0,14,80.33,28.28,102,260.791,,,,,,,,,
2026-05-15 05:00:00,hourly,CM-01,Continuous Miner 01,Continuous Miner,Underground,3.242,65.214,175.203,201.951,,1026.143,257.643,0.84,Running,1,1,79.47,30.2,100,258.407,,,,,,,,,
2026-05-15 06:00:00,hourly,CM-01,Continuous Miner 01,Continuous Miner,Underground,3.392,62.514,180.638,210.098,,938.223,265.302,0.68,Running,1,8,82.4,22.98,90,251.558,,,,,,,,,
2026-05-15 07:00:00,hourly,CM-01,Continuous Miner 01,Continuous Miner,Underground,2.703,67.755,180.706,211.52,,933.276,233.114,0.7,Running,0,17,79.32,30.64,99,259.127,,,,,,,,,
2026-05-15 08:00:00,hourly,CM-01,Continuous Miner 01,Continuous Miner,Underground,3.042,65.01,160.16,209.894,,970.723,234.891,0.83,Running,1,8,82.33,22.76,94,263.007,,,,,,,,,
2026-05-15 09:00:00,hourly,CM-01,Continuous Miner 01,Continuous Miner,Underground,3.021,67.474,175.702,209.077,,946.543,257.657,0.9,Running,1,14,80.67,28.74,96,267.626,,,,,,,,,
2026-05-15 10:00:00,hourly,CM-01,Continuous Miner 01,Continuous Miner,Underground,3.19,69.241,164.91,207.027,,1051.793,242.221,0.83,Running,1,8,78.18,27.57,104,254.726,,,,,,,,,
2026-05-15 11:00:00,hourly,CM-01,Continuous Miner 01,Continuous Miner,Underground,3.422,67.575,161.124,207.215,,963.03,255.699,0.86,Running,1,8,83.36,26.43,93,248.691,,,,,,,,,
2026-05-15 12:00:00,hourly,CM-01,Continuous Miner 01,Continuous Miner,Underground,3.615,66.852,167.716,208.821,,988.155,242.054,0.82,Running,2,8,75.55,33.18,101,256.856,,,,,,,,,
2026-05-15 13:00:00,hourly,CM-01,Continuous Miner 01,Continuous Miner,Underground,3.193,67.462,184.052,199.636,,945.231,256.059,0.9,Running,1,16,80.8,28.08,98,272.096,,,,,,,,,
2026-05-15 14:00:00,hourly,CM-01,Continuous Miner 01,Continuous Miner,Underground,3.245,69.678,165.686,219.56,,914.35,228.759,0.87,Running,1,16,81.28,27.57,97,263.132,,,,,,,,,
2026-05-15 15:00:00,hourly,CM-01,Continuous Miner 01,Continuous Miner,Underground,3.331,65.279,155.989,207.32,,946.99,255.693,0.74,Running,1,8,77.19,29.39,95,247.836,,,,,,,,,
2026-05-15 16:00:00,hourly,CM-01,Continuous Miner 01,Continuous Miner,Underground,3.161,69.429,158.515,204.521,,947.339,218.623,0.86,Running,0,16,81.56,27.48,101,253.965,,,,,,,,,
2026-05-15 17:00:00,hourly,CM-01,Continuous Miner 01,Continuous Miner,Underground,3.467,65.623,173.917,211.725,,947.068,260.978,0.7,Running,1,1,79.76,27.24,101,279.735,,,,,,,,,
2026-05-15 18:00:00,hourly,CM-01,Continuous Miner 01,Continuous Miner,Underground,3.476,69.163,164.037,207.141,,916.414,247.557,0.86,Running,1,10,80.41,26.82,92,265.084,,,,,,,,,
2026-05-15 19:00:00,hourly,CM-01,Continuous Miner 01,Continuous Miner,Underground,2.684,64.45,153.78,219.368,,977.152,254.222,0.8,Running,0,1,82.93,22.56,103,255.535,,,,,,,,,
2026-05-15 20:00:00,hourly,CM-01,Continuous Miner 01,Continuous Miner,Underground,3.526,69.045,158.903,216.247,,960.575,251.375,0.83,Running,0,3,80.98,29.85,94,271.363,,,,,,,,,
2026-05-15 21:00:00,hourly,CM-01,Continuous Miner 01,Continuous Miner,Underground,3.398,67.634,171.497,209.043,,918.369,224.184,0.85,Running,1,1,80.17,25.42,100,244.439,,,,,,,,,
2026-05-15 22:00:00,hourly,CM-01,Continuous Miner 01,Continuous Miner,Underground,3.432,68.077,176.415,216.668,,976.029,267.212,0.84,Running,2,7,80.43,28.25,94,258.401,,,,,,,,,
2026-05-15 23:00:00,hourly,CM-01,Continuous Miner 01,Continuous Miner,Underground,3.663,69.981,166.631,210.346,,998.961,252.769,0.93,Running,0,12,83.52,21.82,97,283.16,,,,,,,,,
2026-05-16 00:00:00,hourly,CM-01,Continuous Miner 01,Continuous Miner,Underground,2.923,66.071,175.407,197.853,,1014.177,258.686,0.82,Running,1,11,81.3,28.36,93,263.617,,,,,,,,,
2026-05-16 01:00:00,hourly,CM-01,Continuous Miner 01,Continuous Miner,Underground,3.056,67.829,177.552,216.259,,887.52,236.919,0.84,Running,1,9,79.22,33.74,96,279.105,,,,,,,,,
2026-05-16 02:00:00,hourly,CM-01,Continuous Miner 01,Continuous Miner,Underground,3.354,68.557,163.981,191.158,,946.622,251.489,0.93,Running,1,10,79.82,26.98,97,251.842,,,,,,,,,
2026-05-16 03:00:00,hourly,CM-01,Continuous Miner 01,Continuous Miner,Underground,2.792,67.239,169.299,176.621,,924.2,229.791,0.97,Running,1,0,78.68,30.13,93,245.574,,,,,,,,,
2026-05-16 04:00:00,hourly,CM-01,Continuous Miner 01,Continuous Miner,Underground,3.32,69.48,165.483,214.566,,949.319,250.229,0.82,Running,2,15,79.83,27.46,99,271.767,,,,,,,,,
2026-05-16 05:00:00,hourly,CM-01,Continuous Miner 01,Continuous Miner,Underground,3.586,68.635,174.616,212.287,,1020.723,234.997,0.78,Running,1,0,83.1,25.73,99,223.962,,,,,,,,,
2026-05-16 06:00:00,hourly,CM-01,Continuous Miner 01,Continuous Miner,Underground,3.474,66.64,165.425,211.697,,946.644,318.263,0.78,Running,1,6,80.24,27.17,108,256.109,,,,,,,,,
2026-05-16 07:00:00,hourly,CM-01,Continuous Miner 01,Continuous Miner,Underground,3.396,70.696,160.635,220.824,,955.444,256.644,0.86,Running,1,12,78.34,32.13,101,269.731,,,,,,,,,
2026-05-16 08:00:00,hourly,CM-01,Continuous Miner 01,Continuous Miner,Underground,3.319,69.165,170.779,208.106,,943.026,266.815,0.8,Running,0,13,81.15,25.6,102,262.248,,,,,,,,,
2026-05-16 09:00:00,hourly,CM-01,Continuous Miner 01,Continuous Miner,Underground,3.271,66.082,179.259,204.936,,1028.924,244.699,0.68,Running,1,15,79.8,32.76,90,219.619,,,,,,,,,
2026-05-16 10:00:00,hourly,CM-01,Continuous Miner 01,Continuous Miner,Underground,3.257,66.066,174.479,215.521,,891.498,253.79,0.91,Running,1,8,81.3,21.79,89,231.734,,,,,,,,,
2026-05-16 11:00:00,hourly,CM-01,Continuous Miner 01,Continuous Miner,Underground,3.437,67.466,178.467,201.938,,952.49,260.89,0.89,Running,1,22,79.99,28.76,96,251.45,,,,,,,,,
2026-05-16 12:00:00,hourly,CM-01,Continuous Miner 01,Continuous Miner,Underground,2.993,68.94,177.783,206.231,,941.64,233.207,0.91,Running,1,22,82.67,24.24,104,260.889,,,,,,,,,
2026-05-16 13:00:00,hourly,CM-01,Continuous Miner 01,Continuous Miner,Underground,3.747,63.092,170.786,210.658,,911.668,238.82,0.93,Running,1,12,78.87,29.48,106,261.528,,,,,,,,,
2026-05-16 14:00:00,hourly,CM-01,Continuous Miner 01,Continuous Miner,Underground,3.198,66.207,165.687,211.389,,1010.46,261.862,0.84,Running,1,12,78.44,30.75,94,253.215,,,,,,,,,
2026-05-16 15:00:00,hourly,CM-01,Continuous Miner 01,Continuous Miner,Underground,3.523,66.704,163.527,205.41,,908.747,245.205,0.84,Running,1,9,81.78,25.62,94,265.008,,,,,,,,,
2026-05-16 16:00:00,hourly,CM-01,Continuous Miner 01,Continuous Miner,Underground,3.404,64.818,157.811,204.004,,955.748,237.801,0.9,Running,2,8,77.05,32.57,98,260.326,,,,,,,,,
2026-05-16 17:00:00,hourly,CM-01,Continuous Miner 01,Continuous Miner,Underground,3.097,65.74,180.038,198.351,,969.046,239.446,0.72,Running,1,14,79.96,28.88,95,251.289,,,,,,,,,
2026-05-16 18:00:00,hourly,CM-01,Continuous Miner 01,Continuous Miner,Underground,3.709,68.296,167.895,201.357,,945.492,231.176,0.79,Running,1,21,81.49,29.42,95,261.959,,,,,,,,,
2026-05-16 19:00:00,hourly,CM-01,Continuous Miner 01,Continuous Miner,Underground,3.658,66.925,156.92,224.824,,911.048,220.87,0.82,Running,1,0,76.67,27.13,98,243.009,,,,,,,,,
2026-05-16 20:00:00,hourly,CM-01,Continuous Miner 01,Continuous Miner,Underground,2.995,67.105,180.451,206.074,,965.831,224.566,0.89,Running,1,11,80.26,31.33,106,263.569,,,,,,,,,
2026-05-16 21:00:00,hourly,CM-01,Continuous Miner 01,Continuous Miner,Underground,3.371,64.981,171.349,210.179,,945.029,248.963,0.78,Running,1,28,77.74,36.29,101,239.84,,,,,,,,,
2026-05-16 22:00:00,hourly,CM-01,Continuous Miner 01,Continuous Miner,Underground,3.442,67.551,178.355,195.065,,999.969,257.736,0.76,Running,1,14,77.15,28.48,103,261.201,,,,,,,,,
2026-05-16 23:00:00,hourly,CM-01,Continuous Miner 01,Continuous Miner,Underground,2.873,64.718,168.539,231.567,,989.703,283.61,0.79,Running,1,15,78.37,30.37,88,260.818,,,,,,,,,
2026-05-17 00:00:00,hourly,CM-01,Continuous Miner 01,Continuous Miner,Underground,2.862,71.244,164.303,200.756,,1039.661,247.776,0.86,Running,1,0,79.76,31.08,99,248.642,,,,,,,,,
2026-05-17 01:00:00,hourly,CM-01,Continuous Miner 01,Continuous Miner,Underground,3.184,71.876,174.234,197.945,,975.434,230.447,0.81,Running,1,18,78.9,31.38,91,263.594,,,,,,,,,
2026-05-17 02:00:00,hourly,CM-01,Continuous Miner 01,Continuous Miner,Underground,3.065,67.006,174.915,207.982,,992.181,247.979,0.7,Running,0,19,81.78,28.87,102,278.129,,,,,,,,,
2026-05-17 03:00:00,hourly,CM-01,Continuous Miner 01,Continuous Miner,Underground,3.134,65.584,168.465,200.511,,958.967,258.229,0.72,Running,1,13,80.11,28.59,100,237.137,,,,,,,,,
2026-05-17 04:00:00,hourly,CM-01,Continuous Miner 01,Continuous Miner,Underground,3.067,69.94,181.231,211.84,,1031.413,262.821,0.83,Running,0,6,79.17,25.09,97,268.735,,,,,,,,,
2026-05-17 05:00:00,hourly,CM-01,Continuous Miner 01,Continuous Miner,Underground,3.366,69.37,178.305,194.962,,971.835,261.473,0.83,Running,1,17,77.83,33.64,92,270.863,,,,,,,,,
2026-05-17 06:00:00,hourly,CM-01,Continuous Miner 01,Continuous Miner,Underground,3.175,72.198,175.278,218.811,,967.859,256.44,0.82,Running,1,4,80.26,28.9,92,250.174,,,,,,,,,
2026-05-17 07:00:00,hourly,CM-01,Continuous Miner 01,Continuous Miner,Underground,3.677,72.79,161.898,217.048,,990.341,249.766,0.78,Running,1,3,83.17,26.49,93,266.316,,,,,,,,,
2026-05-17 08:00:00,hourly,CM-01,Continuous Miner 01,Continuous Miner,Underground,3.445,63.628,160.789,207.533,,948.82,258.758,0.88,Running,0,16,78.73,26.71,97,249.44,,,,,,,,,
2026-05-17 09:00:00,hourly,CM-01,Continuous Miner 01,Continuous Miner,Underground,3.599,70.642,180.407,193.713,,953.879,231.866,0.85,Running,1,18,78.89,27.12,96,273.623,,,,,,,,,
2026-05-17 10:00:00,hourly,CM-01,Continuous Miner 01,Continuous Miner,Underground,2.979,67.61,153.326,201.313,,990.234,220.35,0.85,Running,1,7,78.11,30.69,100,209.712,,,,,,,,,
2026-05-17 11:00:00,hourly,CM-01,Continuous Miner 01,Continuous Miner,Underground,3.245,69.315,170.124,209.198,,996.939,277.781,0.85,Running,1,3,81.67,28.33,100,276.665,,,,,,,,,
2026-05-17 12:00:00,hourly,CM-01,Continuous Miner 01,Continuous Miner,Underground,3.437,69.825,172.043,197.752,,992.181,247.828,0.95,Running,0,5,81.23,29.49,90,235.761,,,,,,,,,
2026-05-17 13:00:00,hourly,CM-01,Continuous Miner 01,Continuous Miner,Underground,3.517,69.739,166.971,199.228,,968.45,255.972,0.74,Running,0,13,79.01,27.93,95,255.008,,,,,,,,,
2026-05-17 14:00:00,hourly,CM-01,Continuous Miner 01,Continuous Miner,Underground,3.243,70.327,170.625,218.113,,980.694,209.284,0.79,Running,1,3,78.74,28.95,95,240.557,,,,,,,,,
2026-05-17 15:00:00,hourly,CM-01,Continuous Miner 01,Continuous Miner,Underground,3.281,66.901,174.288,210.075,,1004.816,270.148,0.79,Running,1,26,78.17,36.31,93,277.536,,,,,,,,,
2026-05-17 16:00:00,hourly,CM-01,Continuous Miner 01,Continuous Miner,Underground,3.309,66.044,166.247,209.803,,932.884,264.713,0.92,Running,1,8,79.19,28.03,97,249.938,,,,,,,,,
2026-05-17 17:00:00,hourly,CM-01,Continuous Miner 01,Continuous Miner,Underground,3.334,70.758,178.014,213.451,,971.195,226.623,0.79,Running,1,14,81.26,27.59,95,244.94,,,,,,,,,
2026-05-17 18:00:00,hourly,CM-01,Continuous Miner 01,Continuous Miner,Underground,3.95,66.236,175.641,207.241,,869.219,244.11,0.76,Running,1,6,79.67,27.56,91,271.548,,,,,,,,,
2026-05-17 19:00:00,hourly,CM-01,Continuous Miner 01,Continuous Miner,Underground,3.488,72.255,169.561,208.192,,996.999,252.291,0.81,Running,1,15,81.63,26.66,92,265.351,,,,,,,,,
2026-05-17 20:00:00,hourly,CM-01,Continuous Miner 01,Continuous Miner,Underground,3.421,66.485,164.407,212.843,,943.672,230.882,0.83,Running,1,16,78.4,28.51,91,248.31,,,,,,,,,
2026-05-17 21:00:00,hourly,CM-01,Continuous Miner 01,Continuous Miner,Underground,3.097,67.336,170.312,216.031,,944.573,255.428,0.92,Running,1,0,75.82,32.17,90,237.8,,,,,,,,,
2026-05-17 22:00:00,hourly,CM-01,Continuous Miner 01,Continuous Miner,Underground,3.104,67.761,187.941,213.245,,966.741,263.236,0.79,Running,1,5,83.67,22.12,92,235.65,,,,,,,,,
2026-05-17 23:00:00,hourly,CM-01,Continuous Miner 01,Continuous Miner,Underground,3.361,64.797,165.015,221.917,,992.648,253.147,0.77,Running,0,10,79.82,27.17,87,274.083,,,,,,,,,
2026-05-18 00:00:00,hourly,CM-01,Continuous Miner 01,Continuous Miner,Underground,3.697,64.81,183.34,209.007,,1054.666,226.692,0.75,Running,1,7,80.69,26.42,94,260.396,,,,,,,,,
2026-05-18 01:00:00,hourly,CM-01,Continuous Miner 01,Continuous Miner,Underground,3.366,70.207,157.071,196.672,,916.568,234.116,0.79,Running,1,20,78.16,31.62,98,256.479,,,,,,,,,
2026-05-18 02:00:00,hourly,CM-01,Continuous Miner 01,Continuous Miner,Underground,3.378,64.423,164.245,218.603,,941.164,246.908,1.0,Running,1,9,77.22,35.68,92,261.591,,,,,,,,,
2026-05-18 03:00:00,hourly,CM-01,Continuous Miner 01,Continuous Miner,Underground,3.232,73.757,166.809,206.614,,978.873,245.159,0.85,Running,1,16,79.62,27.35,95,222.549,,,,,,,,,
2026-05-18 04:00:00,hourly,CM-01,Continuous Miner 01,Continuous Miner,Underground,2.983,68.014,178.761,201.914,,945.405,245.454,0.87,Running,1,16,76.16,31.4,92,248.546,,,,,,,,,
2026-05-18 05:00:00,hourly,CM-01,Continuous Miner 01,Continuous Miner,Underground,3.529,65.963,171.63,215.255,,1000.071,244.97,0.82,Running,1,11,78.89,29.57,87,248.982,,,,,,,,,
2026-05-18 06:00:00,hourly,CM-01,Continuous Miner 01,Continuous Miner,Underground,3.357,69.159,181.687,212.192,,964.912,223.43,0.83,Running,1,15,80.93,24.99,99,269.463,,,,,,,,,
2026-05-18 07:00:00,hourly,CM-01,Continuous Miner 01,Continuous Miner,Underground,3.533,62.825,168.564,197.358,,1001.743,259.976,0.88,Running,1,0,79.99,24.75,81,230.267,,,,,,,,,
2026-05-18 08:00:00,hourly,CM-01,Continuous Miner 01,Continuous Miner,Underground,3.461,67.514,170.813,214.914,,962.032,257.49,0.87,Running,2,12,79.65,30.61,91,270.642,,,,,,,,,
2026-05-18 09:00:00,hourly,CM-01,Continuous Miner 01,Continuous Miner,Underground,3.183,67.803,168.633,225.759,,989.772,256.033,0.85,Running,1,5,82.01,25.35,88,282.506,,,,,,,,,
2026-05-18 10:00:00,hourly,CM-01,Continuous Miner 01,Continuous Miner,Underground,3.481,65.476,187.493,211.815,,937.174,254.747,0.82,Running,1,11,79.79,28.64,97,226.301,,,,,,,,,
2026-05-18 11:00:00,hourly,CM-01,Continuous Miner 01,Continuous Miner,Underground,3.103,66.878,162.338,206.608,,1038.455,244.764,0.79,Running,0,8,76.12,29.58,91,254.085,,,,,,,,,
2026-05-18 12:00:00,hourly,CM-01,Continuous Miner 01,Continuous Miner,Underground,3.481,71.632,167.254,193.902,,911.129,240.254,0.85,Running,1,12,78.9,28.36,101,261.819,,,,,,,,,
2026-05-18 13:00:00,hourly,CM-01,Continuous Miner 01,Continuous Miner,Underground,3.412,68.685,163.514,227.398,,945.817,234.518,0.83,Running,1,9,82.2,22.09,90,267.81,,,,,,,,,
2026-05-18 14:00:00,hourly,CM-01,Continuous Miner 01,Continuous Miner,Underground,3.814,69.167,175.944,204.296,,920.847,270.377,0.99,Running,1,13,78.6,29.92,87,219.22,,,,,,,,,
2026-05-18 15:00:00,hourly,CM-01,Continuous Miner 01,Continuous Miner,Underground,3.213,66.564,162.248,196.289,,998.543,248.5,0.9,Running,1,11,82.05,25.4,83,259.266,,,,,,,,,
2026-05-18 16:00:00,hourly,CM-01,Continuous Miner 01,Continuous Miner,Underground,3.099,65.391,185.972,209.97,,989.391,225.55,0.77,Running,1,15,80.68,27.32,94,250.376,,,,,,,,,
2026-05-18 17:00:00,hourly,CM-01,Continuous Miner 01,Continuous Miner,Underground,3.328,67.779,172.059,218.059,,927.84,248.4,0.73,Running,1,2,78.36,28.96,86,249.355,,,,,,,,,
2026-05-18 18:00:00,hourly,CM-01,Continuous Miner 01,Continuous Miner,Underground,3.585,62.909,174.732,220.119,,1005.347,219.641,0.79,Running,1,16,77.26,30.13,88,287.004,,,,,,,,,
2026-05-18 19:00:00,hourly,CM-01,Continuous Miner 01,Continuous Miner,Underground,2.734,65.91,175.157,202.958,,945.971,252.304,0.73,Running,1,1,79.51,28.3,94,250.461,,,,,,,,,
2026-05-18 20:00:00,hourly,CM-01,Continuous Miner 01,Continuous Miner,Underground,3.653,65.574,171.31,208.133,,983.948,250.845,0.78,Running,0,0,80.97,27.35,94,261.119,,,,,,,,,
2026-05-18 21:00:00,hourly,CM-01,Continuous Miner 01,Continuous Miner,Underground,3.383,63.851,172.463,209.035,,992.138,241.268,0.74,Running,1,28,76.39,31.9,87,252.008,,,,,,,,,
2026-05-18 22:00:00,hourly,CM-01,Continuous Miner 01,Continuous Miner,Underground,3.151,69.772,172.187,217.833,,961.765,235.713,0.79,Running,1,5,79.08,27.41,87,257.805,,,,,,,,,
2026-05-18 23:00:00,hourly,CM-01,Continuous Miner 01,Continuous Miner,Underground,3.345,68.063,175.682,214.391,,1002.152,256.751,0.79,Running,2,9,75.6,32.38,82,262.799,,,,,,,,,
2026-05-19 00:00:00,hourly,CM-01,Continuous Miner 01,Continuous Miner,Underground,3.253,66.994,164.968,211.503,,965.235,247.726,0.83,Running,1,0,78.29,29.07,81,268.261,,,,,,,,,
2026-05-19 01:00:00,hourly,CM-01,Continuous Miner 01,Continuous Miner,Underground,3.133,69.84,163.63,217.312,,982.106,221.716,0.8,Running,1,9,76.16,32.46,92,241.548,,,,,,,,,
2026-05-19 02:00:00,hourly,CM-01,Continuous Miner 01,Continuous Miner,Underground,2.956,64.753,178.153,196.832,,960.627,265.766,0.75,Running,1,12,79.69,26.24,92,256.433,,,,,,,,,
2026-05-19 03:00:00,hourly,CM-01,Continuous Miner 01,Continuous Miner,Underground,3.624,65.422,171.589,212.891,,904.805,235.765,0.92,Running,0,14,77.66,30.39,90,257.01,,,,,,,,,
2026-05-19 04:00:00,hourly,CM-01,Continuous Miner 01,Continuous Miner,Underground,3.302,70.843,155.572,211.109,,965.841,230.48,0.85,Running,1,3,80.59,29.65,89,227.646,,,,,,,,,
2026-05-19 05:00:00,hourly,CM-01,Continuous Miner 01,Continuous Miner,Underground,3.345,73.411,167.841,208.677,,939.558,267.967,0.78,Running,1,9,77.84,30.43,85,238.767,,,,,,,,,
2026-05-19 06:00:00,hourly,CM-01,Continuous Miner 01,Continuous Miner,Underground,3.655,69.904,183.902,206.891,,1018.837,263.791,0.75,Running,1,14,77.67,28.78,94,268.292,,,,,,,,,
2026-05-19 07:00:00,hourly,CM-01,Continuous Miner 01,Continuous Miner,Underground,3.459,69.443,170.398,210.358,,922.333,243.081,0.7,Running,1,13,76.07,28.98,81,246.663,,,,,,,,,
2026-05-19 08:00:00,hourly,CM-01,Continuous Miner 01,Continuous Miner,Underground,3.056,67.132,167.453,204.031,,1012.926,231.445,0.7,Running,0,14,79.26,32.71,86,295.853,,,,,,,,,
2026-05-19 09:00:00,hourly,CM-01,Continuous Miner 01,Continuous Miner,Underground,3.615,67.19,159.761,233.72,,963.765,236.255,0.9,Running,1,18,79.39,31.13,88,269.482,,,,,,,,,
2026-05-19 10:00:00,hourly,CM-01,Continuous Miner 01,Continuous Miner,Underground,3.819,68.926,167.196,221.417,,984.211,242.878,0.9,Running,0,11,80.08,28.45,88,261.314,,,,,,,,,
2026-05-19 11:00:00,hourly,CM-01,Continuous Miner 01,Continuous Miner,Underground,3.575,71.453,162.448,219.034,,921.668,266.041,0.77,Running,1,23,79.6,30.88,88,278.262,,,,,,,,,
2026-05-19 12:00:00,hourly,CM-01,Continuous Miner 01,Continuous Miner,Underground,3.234,69.378,175.211,204.443,,959.129,267.155,0.93,Running,1,10,79.17,30.21,85,266.471,,,,,,,,,
2026-05-19 13:00:00,hourly,CM-01,Continuous Miner 01,Continuous Miner,Underground,3.083,70.554,172.191,200.607,,946.646,251.361,0.87,Running,1,16,79.46,28.61,89,257.067,,,,,,,,,
2026-05-19 14:00:00,hourly,CM-01,Continuous Miner 01,Continuous Miner,Underground,3.227,66.438,168.908,207.327,,1043.493,258.15,0.84,Running,1,15,79.59,26.09,82,231.504,,,,,,,,,
2026-05-19 15:00:00,hourly,CM-01,Continuous Miner 01,Continuous Miner,Underground,3.479,69.818,165.738,210.274,,945.723,246.129,0.89,Running,1,0,79.91,31.95,86,264.788,,,,,,,,,
2026-05-19 16:00:00,hourly,CM-01,Continuous Miner 01,Continuous Miner,Underground,3.811,66.991,184.066,196.223,,1010.19,236.852,0.87,Running,1,17,75.98,32.75,89,276.502,,,,,,,,,
2026-05-19 17:00:00,hourly,CM-01,Continuous Miner 01,Continuous Miner,Underground,3.265,68.783,166.232,213.59,,1010.651,228.074,0.83,Running,1,7,77.66,30.51,85,244.68,,,,,,,,,
2026-05-19 18:00:00,hourly,CM-01,Continuous Miner 01,Continuous Miner,Underground,3.294,69.836,166.281,219.022,,1009.639,253.615,0.8,Running,1,5,75.78,33.98,87,224.961,,,,,,,,,
2026-05-19 19:00:00,hourly,CM-01,Continuous Miner 01,Continuous Miner,Underground,3.713,67.32,169.969,189.173,,948.95,261.711,0.81,Running,1,9,78.88,29.67,87,237.081,,,,,,,,,
2026-05-19 20:00:00,hourly,CM-01,Continuous Miner 01,Continuous Miner,Underground,3.35,66.258,171.107,201.203,,1032.878,241.968,0.69,Running,1,12,80.93,27.84,79,282.346,,,,,,,,,
2026-05-19 21:00:00,hourly,CM-01,Continuous Miner 01,Continuous Miner,Underground,3.888,69.3,175.808,220.369,,1040.104,265.754,0.76,Running,1,0,79.73,29.29,80,255.496,,,,,,,,,
2026-05-19 22:00:00,hourly,CM-01,Continuous Miner 01,Continuous Miner,Underground,3.423,68.213,179.415,212.696,,982.498,243.751,0.96,Running,1,12,77.3,30.62,87,277.581,,,,,,,,,
2026-05-19 23:00:00,hourly,CM-01,Continuous Miner 01,Continuous Miner,Underground,3.753,68.816,178.835,201.546,,953.331,250.324,0.75,Running,1,10,79.06,29.37,84,254.541,,,,,,,,,
2026-05-20 00:00:00,hourly,CM-01,Continuous Miner 01,Continuous Miner,Underground,3.558,69.969,191.449,215.973,,939.469,246.069,0.67,Running,0,20,78.78,30.79,84,246.304,,,,,,,,,
2026-05-20 01:00:00,hourly,CM-01,Continuous Miner 01,Continuous Miner,Underground,3.64,71.407,158.487,204.019,,986.074,266.486,0.89,Running,1,7,78.57,28.68,88,288.414,,,,,,,,,
2026-05-20 02:00:00,hourly,CM-01,Continuous Miner 01,Continuous Miner,Underground,3.42,69.997,173.896,207.254,,971.805,256.084,0.84,Running,2,25,76.09,36.37,82,248.326,,,,,,,,,
2026-05-20 03:00:00,hourly,CM-01,Continuous Miner 01,Continuous Miner,Underground,3.437,69.715,167.904,199.141,,975.899,248.381,0.84,Running,1,14,80.25,27.61,76,250.299,,,,,,,,,
2026-05-20 04:00:00,hourly,CM-01,Continuous Miner 01,Continuous Miner,Underground,3.571,67.451,188.166,209.555,,922.3,250.282,0.81,Running,1,14,76.23,36.47,92,261.665,,,,,,,,,
2026-05-20 05:00:00,hourly,CM-01,Continuous Miner 01,Continuous Miner,Underground,3.667,67.796,173.512,218.579,,970.6,232.577,0.89,Running,1,21,77.51,28.71,90,249.666,,,,,,,,,
2026-05-20 06:00:00,hourly,CM-01,Continuous Miner 01,Continuous Miner,Underground,3.6,69.566,155.89,205.13,,1009.452,217.965,0.94,Running,0,26,79.6,29.87,90,266.77,,,,,,,,,
2026-05-20 07:00:00,hourly,CM-01,Continuous Miner 01,Continuous Miner,Underground,3.027,67.774,175.62,215.249,,997.92,241.804,0.78,Running,1,10,77.44,29.8,80,261.466,,,,,,,,,
2026-05-20 08:00:00,hourly,CM-01,Continuous Miner 01,Continuous Miner,Underground,3.535,69.571,174.301,209.003,,954.865,246.54,0.87,Running,1,6,78.14,29.33,84,262.112,,,,,,,,,
2026-05-20 09:00:00,hourly,CM-01,Continuous Miner 01,Continuous Miner,Underground,3.307,66.793,178.248,219.175,,965.514,256.706,0.91,Running,1,16,78.18,32.36,80,244.489,,,,,,,,,
2026-05-20 10:00:00,hourly,CM-01,Continuous Miner 01,Continuous Miner,Underground,3.336,72.839,166.417,205.309,,917.909,246.996,0.77,Running,1,1,78.07,30.25,84,227.769,,,,,,,,,
2026-05-20 11:00:00,hourly,CM-01,Continuous Miner 01,Continuous Miner,Underground,3.588,69.027,174.848,223.484,,945.988,242.722,0.94,Running,1,3,78.12,35.82,83,241.064,,,,,,,,,
2026-05-20 12:00:00,hourly,CM-01,Continuous Miner 01,Continuous Miner,Underground,3.899,68.89,170.081,215.635,,957.342,208.037,0.91,Running,1,23,78.26,31.48,80,242.487,,,,,,,,,
2026-05-20 13:00:00,hourly,CM-01,Continuous Miner 01,Continuous Miner,Underground,3.417,67.553,166.894,211.709,,991.383,256.695,0.72,Running,1,16,78.01,29.4,86,259.085,,,,,,,,,
2026-05-20 14:00:00,hourly,CM-01,Continuous Miner 01,Continuous Miner,Underground,3.97,72.831,175.026,212.05,,944.462,252.281,0.95,Running,1,6,76.43,34.04,83,241.373,,,,,,,,,
2026-05-20 15:00:00,hourly,CM-01,Continuous Miner 01,Continuous Miner,Underground,3.203,65.872,173.526,205.352,,932.895,260.732,0.72,Running,2,40,75.36,34.03,91,230.982,,,,,,,,,
2026-05-20 16:00:00,hourly,CM-01,Continuous Miner 01,Continuous Miner,Underground,3.786,67.09,180.724,204.785,,995.644,249.731,0.77,Running,1,2,79.41,30.5,84,236.093,,,,,,,,,
2026-05-20 17:00:00,hourly,CM-01,Continuous Miner 01,Continuous Miner,Underground,3.587,70.521,172.559,211.921,,954.305,265.418,0.87,Running,1,16,79.45,28.17,73,260.652,,,,,,,,,
2026-05-20 18:00:00,hourly,CM-01,Continuous Miner 01,Continuous Miner,Underground,3.533,69.178,177.194,198.785,,939.704,241.666,0.9,Running,1,6,78.3,31.2,76,265.461,,,,,,,,,
2026-05-20 19:00:00,hourly,CM-01,Continuous Miner 01,Continuous Miner,Underground,3.827,67.389,162.723,204.171,,997.472,248.817,0.83,Running,1,26,78.26,30.83,92,246.368,,,,,,,,,
2026-05-20 20:00:00,hourly,CM-01,Continuous Miner 01,Continuous Miner,Underground,3.323,67.459,183.559,201.163,,985.066,252.764,0.77,Running,1,9,76.24,33.42,82,248.085,,,,,,,,,
2026-05-20 21:00:00,hourly,CM-01,Continuous Miner 01,Continuous Miner,Underground,3.803,68.032,166.205,214.757,,961.717,258.647,0.8,Running,1,13,73.78,38.79,84,264.322,,,,,,,,,
2026-05-20 22:00:00,hourly,CM-01,Continuous Miner 01,Continuous Miner,Underground,3.432,68.904,179.666,214.906,,956.655,255.25,0.79,Running,0,0,77.26,28.23,83,257.158,,,,,,,,,
2026-05-20 23:00:00,hourly,CM-01,Continuous Miner 01,Continuous Miner,Underground,3.325,72.104,174.567,221.046,,982.204,256.118,0.89,Running,1,33,74.59,35.77,89,273.5,,,,,,,,,
2026-05-21 00:00:00,hourly,CM-01,Continuous Miner 01,Continuous Miner,Underground,3.155,70.025,173.572,206.636,,987.748,253.207,0.79,Running,1,7,77.9,29.54,75,252.012,,,,,,,,,
2026-05-21 01:00:00,hourly,CM-01,Continuous Miner 01,Continuous Miner,Underground,3.884,70.952,178.584,202.39,,976.173,246.758,0.77,Running,1,13,79.66,25.77,88,241.243,,,,,,,,,
2026-05-21 02:00:00,hourly,CM-01,Continuous Miner 01,Continuous Miner,Underground,3.774,67.752,155.402,196.449,,973.054,262.085,0.7,Running,1,12,76.56,31.13,88,271.941,,,,,,,,,
2026-05-21 03:00:00,hourly,CM-01,Continuous Miner 01,Continuous Miner,Underground,3.37,69.849,167.953,212.123,,947.57,226.039,0.77,Running,1,8,76.63,31.48,82,249.59,,,,,,,,,
2026-05-21 04:00:00,hourly,CM-01,Continuous Miner 01,Continuous Miner,Underground,3.627,65.302,178.53,222.268,,949.638,240.683,0.81,Running,2,0,75.89,33.28,84,241.963,,,,,,,,,
2026-05-21 05:00:00,hourly,CM-01,Continuous Miner 01,Continuous Miner,Underground,3.523,69.13,187.958,209.038,,962.729,271.789,0.73,Running,1,11,77.54,32.11,81,268.88,,,,,,,,,
2026-05-21 06:00:00,hourly,CM-01,Continuous Miner 01,Continuous Miner,Underground,3.404,68.996,172.406,209.962,,935.075,240.098,0.68,Running,2,11,77.39,32.73,75,277.795,,,,,,,,,
2026-05-21 07:00:00,hourly,CM-01,Continuous Miner 01,Continuous Miner,Underground,3.735,72.751,153.12,209.678,,930.952,248.432,0.9,Running,2,16,75.79,33.08,84,257.551,,,,,,,,,
2026-05-21 08:00:00,hourly,CM-01,Continuous Miner 01,Continuous Miner,Underground,3.338,72.177,170.103,212.033,,965.514,268.967,0.74,Running,1,31,78.86,32.77,83,238.562,,,,,,,,,
2026-05-21 09:00:00,hourly,CM-01,Continuous Miner 01,Continuous Miner,Underground,2.948,68.189,172.18,218.732,,1003.255,247.785,0.72,Running,0,14,81.69,24.89,83,279.199,,,,,,,,,
2026-05-21 10:00:00,hourly,CM-01,Continuous Miner 01,Continuous Miner,Underground,3.562,66.967,181.557,227.044,,896.043,237.888,0.95,Running,1,15,79.25,25.16,83,260.683,,,,,,,,,
2026-05-21 11:00:00,hourly,CM-01,Continuous Miner 01,Continuous Miner,Underground,3.515,67.035,173.088,214.269,,954.865,266.351,0.89,Running,1,10,77.14,31.31,79,258.183,,,,,,,,,
2026-05-21 12:00:00,hourly,CM-01,Continuous Miner 01,Continuous Miner,Underground,3.351,68.131,162.507,214.875,,978.074,245.535,0.9,Running,2,2,77.1,32.16,87,248.216,,,,,,,,,
2026-05-21 13:00:00,hourly,CM-01,Continuous Miner 01,Continuous Miner,Underground,3.277,71.651,180.449,207.655,,1006.037,246.503,0.86,Running,1,9,76.44,26.43,81,272.769,,,,,,,,,
2026-05-21 14:00:00,hourly,CM-01,Continuous Miner 01,Continuous Miner,Underground,3.111,69.707,177.307,208.851,,1031.473,221.884,0.92,Running,1,8,76.38,35.48,83,236.968,,,,,,,,,
2026-05-21 15:00:00,hourly,CM-01,Continuous Miner 01,Continuous Miner,Underground,3.411,69.941,167.188,208.742,,959.422,247.839,0.89,Running,2,11,78.75,29.56,80,235.456,,,,,,,,,
2026-05-21 16:00:00,hourly,CM-01,Continuous Miner 01,Continuous Miner,Underground,3.284,70.593,178.56,206.551,,1037.455,259.195,0.79,Running,1,8,78.79,27.39,85,285.04,,,,,,,,,
2026-05-21 17:00:00,hourly,CM-01,Continuous Miner 01,Continuous Miner,Underground,3.745,66.628,168.448,211.006,,984.332,243.613,0.73,Running,1,0,75.29,32.67,81,240.941,,,,,,,,,
2026-05-21 18:00:00,hourly,CM-01,Continuous Miner 01,Continuous Miner,Underground,3.634,67.263,170.456,215.495,,996.855,231.718,0.72,Running,1,23,77.72,32.71,80,270.107,,,,,,,,,
2026-05-21 19:00:00,hourly,CM-01,Continuous Miner 01,Continuous Miner,Underground,3.385,69.975,168.624,210.456,,931.039,242.943,0.81,Running,1,11,78.89,31.33,85,276.819,,,,,,,,,
2026-05-21 20:00:00,hourly,CM-01,Continuous Miner 01,Continuous Miner,Underground,3.638,67.124,170.402,207.371,,984.166,241.068,0.73,Running,1,10,76.52,31.57,73,258.139,,,,,,,,,
2026-05-21 21:00:00,hourly,CM-01,Continuous Miner 01,Continuous Miner,Underground,3.481,65.486,180.156,211.043,,999.787,246.142,0.76,Running,1,4,76.72,29.88,79,240.693,,,,,,,,,
2026-05-21 22:00:00,hourly,CM-01,Continuous Miner 01,Continuous Miner,Underground,3.442,66.47,158.636,201.282,,944.11,242.459,0.81,Running,1,9,78.14,30.86,77,264.878,,,,,,,,,
2026-05-21 23:00:00,hourly,CM-01,Continuous Miner 01,Continuous Miner,Underground,3.497,71.179,181.775,217.164,,877.011,273.021,0.93,Running,1,6,78.16,31.2,81,277.082,,,,,,,,,
2026-05-22 00:00:00,hourly,CM-01,Continuous Miner 01,Continuous Miner,Underground,3.954,68.043,174.373,206.228,,973.393,253.962,0.7,Running,1,3,77.67,32.4,81,260.305,,,,,,,,,
2026-05-22 01:00:00,hourly,CM-01,Continuous Miner 01,Continuous Miner,Underground,3.673,69.371,169.862,199.564,,960.625,225.378,0.82,Running,1,13,77.36,30.57,79,242.895,,,,,,,,,
2026-05-22 02:00:00,hourly,CM-01,Continuous Miner 01,Continuous Miner,Underground,3.439,66.609,173.169,214.127,,1015.166,250.754,0.72,Running,1,9,77.55,31.19,77,259.747,,,,,,,,,
2026-05-22 03:00:00,hourly,CM-01,Continuous Miner 01,Continuous Miner,Underground,3.738,69.723,165.751,214.586,,949.246,249.206,0.78,Running,1,19,76.46,33.0,79,232.708,,,,,,,,,
2026-05-22 04:00:00,hourly,CM-01,Continuous Miner 01,Continuous Miner,Underground,3.73,68.302,159.989,202.257,,943.382,266.5,0.89,Running,1,11,75.09,36.81,80,239.296,,,,,,,,,
2026-05-22 05:00:00,hourly,CM-01,Continuous Miner 01,Continuous Miner,Underground,3.582,69.884,166.017,215.621,,927.027,247.605,0.75,Running,2,17,74.36,38.56,78,250.749,,,,,,,,,
2026-05-22 06:00:00,hourly,CM-01,Continuous Miner 01,Continuous Miner,Underground,3.436,67.859,157.92,215.727,,945.944,247.215,0.8,Running,1,14,77.78,34.32,83,255.884,,,,,,,,,
2026-05-22 07:00:00,hourly,CM-01,Continuous Miner 01,Continuous Miner,Underground,3.42,70.027,162.283,227.808,,1061.31,275.895,0.83,Running,0,17,76.97,34.85,81,235.679,,,,,,,,,
2026-05-22 08:00:00,hourly,CM-01,Continuous Miner 01,Continuous Miner,Underground,3.251,67.765,160.142,207.932,,912.404,234.862,0.88,Running,1,7,77.5,35.13,79,258.92,,,,,,,,,
2026-05-22 09:00:00,hourly,CM-01,Continuous Miner 01,Continuous Miner,Underground,3.566,68.755,182.935,209.57,,921.171,261.005,0.78,Running,1,23,75.42,36.44,69,263.283,,,,,,,,,
2026-05-22 10:00:00,hourly,CM-01,Continuous Miner 01,Continuous Miner,Underground,3.369,68.342,162.891,204.611,,965.976,250.744,0.92,Running,1,3,76.88,31.19,77,251.513,,,,,,,,,
2026-05-22 11:00:00,hourly,CM-01,Continuous Miner 01,Continuous Miner,Underground,3.414,69.004,172.855,214.528,,1036.956,242.849,0.78,Running,1,15,76.82,35.52,81,220.43,,,,,,,,,
2026-05-22 12:00:00,hourly,CM-01,Continuous Miner 01,Continuous Miner,Underground,3.68,69.568,182.139,210.056,,993.77,240.8,0.86,Running,1,3,78.71,27.05,77,256.644,,,,,,,,,
2026-05-22 13:00:00,hourly,CM-01,Continuous Miner 01,Continuous Miner,Underground,3.947,67.873,180.027,219.001,,1022.117,268.903,0.8,Running,1,13,78.0,35.53,79,284.023,,,,,,,,,
2026-05-22 14:00:00,hourly,CM-01,Continuous Miner 01,Continuous Miner,Underground,3.62,68.706,170.885,206.217,,954.279,256.412,0.88,Running,0,20,75.43,32.45,77,262.321,,,,,,,,,
2026-05-22 15:00:00,hourly,CM-01,Continuous Miner 01,Continuous Miner,Underground,3.501,69.386,170.942,214.382,,919.072,258.326,0.98,Running,1,18,77.39,33.42,79,255.26,,,,,,,,,
2026-05-22 16:00:00,hourly,CM-01,Continuous Miner 01,Continuous Miner,Underground,3.523,70.1,174.728,208.007,,951.972,262.379,0.8,Running,2,25,75.37,37.38,83,249.063,,,,,,,,,
2026-05-22 17:00:00,hourly,CM-01,Continuous Miner 01,Continuous Miner,Underground,3.814,68.823,190.205,193.578,,963.3,254.721,0.82,Running,1,13,72.35,39.62,81,264.269,,,,,,,,,
2026-05-22 18:00:00,hourly,CM-01,Continuous Miner 01,Continuous Miner,Underground,3.627,67.047,176.632,215.826,,968.018,235.092,0.79,Running,1,16,79.27,24.92,72,258.382,,,,,,,,,
2026-05-22 19:00:00,hourly,CM-01,Continuous Miner 01,Continuous Miner,Underground,3.58,69.196,178.694,194.454,,960.114,227.954,0.77,Running,1,7,75.88,31.87,71,266.377,,,,,,,,,
2026-05-22 20:00:00,hourly,CM-01,Continuous Miner 01,Continuous Miner,Underground,3.599,70.488,191.5,208.764,,988.249,271.526,0.76,Running,1,9,78.12,31.35,79,237.531,,,,,,,,,
2026-05-22 21:00:00,hourly,CM-01,Continuous Miner 01,Continuous Miner,Underground,3.176,66.087,175.612,208.917,,942.626,252.895,0.82,Running,1,15,75.37,35.75,82,257.026,,,,,,,,,
2026-05-22 22:00:00,hourly,CM-01,Continuous Miner 01,Continuous Miner,Underground,3.632,66.12,182.593,210.149,,935.062,251.105,0.76,Running,1,21,75.11,34.49,70,247.718,,,,,,,,,
2026-05-22 23:00:00,hourly,CM-01,Continuous Miner 01,Continuous Miner,Underground,3.317,67.578,177.252,210.663,,925.32,275.271,0.76,Running,1,9,75.5,34.45,76,261.055,,,,,,,,,
2026-05-23 00:00:00,hourly,CM-01,Continuous Miner 01,Continuous Miner,Underground,3.635,68.619,177.156,210.587,,974.627,235.118,0.57,Running,1,17,76.76,29.61,86,223.993,,,,,,,,,
2026-05-23 01:00:00,hourly,CM-01,Continuous Miner 01,Continuous Miner,Underground,3.354,64.217,165.765,213.53,,971.122,214.703,0.93,Running,1,17,76.61,36.3,75,248.851,,,,,,,,,
2026-05-23 02:00:00,hourly,CM-01,Continuous Miner 01,Continuous Miner,Underground,3.687,70.32,164.459,209.297,,1005.59,224.682,0.95,Running,1,15,77.09,31.31,86,263.826,,,,,,,,,
2026-05-23 03:00:00,hourly,CM-01,Continuous Miner 01,Continuous Miner,Underground,3.502,68.663,169.414,233.829,,1021.505,242.623,0.87,Running,2,7,75.48,35.91,73,266.419,,,,,,,,,
2026-05-23 04:00:00,hourly,CM-01,Continuous Miner 01,Continuous Miner,Underground,3.255,63.9,180.589,207.219,,925.071,251.709,0.75,Running,1,11,76.31,35.97,73,254.684,,,,,,,,,
2026-05-23 05:00:00,hourly,CM-01,Continuous Miner 01,Continuous Miner,Underground,3.469,66.63,180.23,199.31,,968.122,269.563,0.72,Running,1,12,74.87,32.87,73,220.618,,,,,,,,,
2026-05-23 06:00:00,hourly,CM-01,Continuous Miner 01,Continuous Miner,Underground,4.094,68.426,184.24,197.636,,960.081,261.898,0.69,Running,1,15,78.54,30.29,71,265.458,,,,,,,,,
2026-05-23 07:00:00,hourly,CM-01,Continuous Miner 01,Continuous Miner,Underground,2.976,65.195,173.506,216.264,,913.452,214.24,0.87,Running,1,7,74.06,36.87,69,280.555,,,,,,,,,
2026-05-23 08:00:00,hourly,CM-01,Continuous Miner 01,Continuous Miner,Underground,3.587,71.237,177.918,196.028,,948.721,289.327,0.92,Running,1,3,74.83,34.73,75,241.801,,,,,,,,,
2026-05-23 09:00:00,hourly,CM-01,Continuous Miner 01,Continuous Miner,Underground,3.294,69.52,177.972,199.477,,1022.008,244.382,0.83,Running,1,0,75.44,36.24,76,248.42,,,,,,,,,
2026-05-23 10:00:00,hourly,CM-01,Continuous Miner 01,Continuous Miner,Underground,3.892,70.609,172.797,198.194,,945.001,267.331,0.89,Running,1,16,79.91,26.79,72,268.151,,,,,,,,,
2026-05-23 11:00:00,hourly,CM-01,Continuous Miner 01,Continuous Miner,Underground,3.752,66.86,171.106,214.505,,939.15,257.798,0.86,Running,1,20,77.29,31.91,73,268.591,,,,,,,,,
2026-05-23 12:00:00,hourly,CM-01,Continuous Miner 01,Continuous Miner,Underground,3.596,70.036,161.819,222.38,,965.262,250.241,0.76,Running,1,0,74.67,34.72,81,272.824,,,,,,,,,
2026-05-23 13:00:00,hourly,CM-01,Continuous Miner 01,Continuous Miner,Underground,3.78,67.686,172.499,201.921,,998.962,246.86,0.9,Running,1,15,77.32,36.4,79,271.519,,,,,,,,,
2026-05-23 14:00:00,hourly,CM-01,Continuous Miner 01,Continuous Miner,Underground,3.613,68.723,172.908,214.228,,956.359,234.618,0.9,Running,1,10,76.81,31.14,74,230.782,,,,,,,,,
2026-05-23 15:00:00,hourly,CM-01,Continuous Miner 01,Continuous Miner,Underground,3.554,69.93,182.836,186.71,,971.461,232.173,0.74,Running,1,24,76.39,34.54,76,247.639,,,,,,,,,
2026-05-23 16:00:00,hourly,CM-01,Continuous Miner 01,Continuous Miner,Underground,3.404,69.007,183.645,203.752,,887.0,247.888,0.88,Running,1,12,77.04,35.73,68,265.345,,,,,,,,,
2026-05-23 17:00:00,hourly,CM-01,Continuous Miner 01,Continuous Miner,Underground,3.465,70.947,174.968,215.89,,986.961,230.793,0.81,Running,1,17,76.0,31.77,75,253.956,,,,,,,,,
2026-05-23 18:00:00,hourly,CM-01,Continuous Miner 01,Continuous Miner,Underground,3.44,69.482,190.33,207.67,,974.639,273.311,0.8,Running,1,10,76.15,33.58,74,261.202,,,,,,,,,
2026-05-23 19:00:00,hourly,CM-01,Continuous Miner 01,Continuous Miner,Underground,3.56,68.165,175.364,219.44,,997.832,251.61,0.85,Running,1,8,73.37,35.31,73,253.273,,,,,,,,,
2026-05-23 20:00:00,hourly,CM-01,Continuous Miner 01,Continuous Miner,Underground,3.085,71.046,182.128,190.408,,901.47,279.563,0.85,Running,0,16,78.13,26.59,74,248.399,,,,,,,,,
2026-05-23 21:00:00,hourly,CM-01,Continuous Miner 01,Continuous Miner,Underground,3.816,71.517,173.085,203.905,,956.22,244.179,0.89,Running,1,22,75.08,33.32,73,251.515,,,,,,,,,
2026-05-23 22:00:00,hourly,CM-01,Continuous Miner 01,Continuous Miner,Underground,4.047,69.399,164.785,214.607,,1000.522,242.023,0.75,Running,2,3,73.79,35.55,68,237.449,,,,,,,,,
2026-05-23 23:00:00,hourly,CM-01,Continuous Miner 01,Continuous Miner,Underground,3.453,72.153,170.525,214.507,,947.252,258.574,0.87,Running,1,23,74.94,34.06,80,243.835,,,,,,,,,
2026-05-24 00:00:00,hourly,CM-01,Continuous Miner 01,Continuous Miner,Underground,3.856,68.703,185.74,215.211,,968.5,246.685,0.73,Running,1,5,74.98,34.43,77,254.352,,,,,,,,,
2026-05-24 01:00:00,hourly,CM-01,Continuous Miner 01,Continuous Miner,Underground,3.53,68.947,171.855,212.439,,952.346,263.95,0.81,Running,1,0,74.41,35.84,72,254.656,,,,,,,,,
2026-05-24 02:00:00,hourly,CM-01,Continuous Miner 01,Continuous Miner,Underground,3.414,69.246,170.258,200.287,,953.172,270.474,0.81,Running,1,12,76.91,29.93,66,264.529,,,,,,,,,
2026-05-24 03:00:00,hourly,CM-01,Continuous Miner 01,Continuous Miner,Underground,3.47,68.958,173.978,203.586,,1007.47,265.74,0.9,Running,1,17,77.2,32.63,63,250.898,,,,,,,,,
2026-05-24 04:00:00,hourly,CM-01,Continuous Miner 01,Continuous Miner,Underground,3.588,68.568,170.916,231.458,,916.771,269.466,0.82,Running,1,1,72.48,40.96,81,282.286,,,,,,,,,
2026-05-24 05:00:00,hourly,CM-01,Continuous Miner 01,Continuous Miner,Underground,3.387,67.686,183.603,199.289,,964.799,261.823,0.8,Running,2,0,74.76,37.99,72,275.165,,,,,,,,,
2026-05-24 06:00:00,hourly,CM-01,Continuous Miner 01,Continuous Miner,Underground,3.72,67.079,189.157,197.896,,975.339,242.702,0.93,Running,1,10,74.85,34.69,76,247.461,,,,,,,,,
2026-05-24 07:00:00,hourly,CM-01,Continuous Miner 01,Continuous Miner,Underground,3.44,69.518,174.142,216.769,,999.33,266.36,0.79,Running,0,9,75.26,36.43,69,258.677,,,,,,,,,
2026-05-24 08:00:00,hourly,CM-01,Continuous Miner 01,Continuous Miner,Underground,3.303,71.918,178.439,201.129,,962.196,260.18,0.78,Running,1,22,78.24,29.11,71,274.93,,,,,,,,,
2026-05-24 09:00:00,hourly,CM-01,Continuous Miner 01,Continuous Miner,Underground,3.567,71.08,181.912,226.806,,1000.344,241.778,0.67,Running,1,14,74.18,35.46,71,245.286,,,,,,,,,
2026-05-24 10:00:00,hourly,CM-01,Continuous Miner 01,Continuous Miner,Underground,3.4,70.15,175.026,235.299,,964.49,243.566,0.8,Running,1,18,77.95,31.66,73,243.586,,,,,,,,,
2026-05-24 11:00:00,hourly,CM-01,Continuous Miner 01,Continuous Miner,Underground,3.492,72.052,167.155,208.533,,970.555,249.166,0.74,Running,1,15,75.19,34.06,72,276.352,,,,,,,,,
2026-05-24 12:00:00,hourly,CM-01,Continuous Miner 01,Continuous Miner,Underground,3.562,69.354,170.924,213.5,,969.187,266.025,0.8,Running,1,22,77.92,28.39,68,266.638,,,,,,,,,
2026-05-24 13:00:00,hourly,CM-01,Continuous Miner 01,Continuous Miner,Underground,3.241,67.144,177.517,194.306,,989.243,252.114,0.84,Running,1,7,74.88,36.84,68,272.769,,,,,,,,,
2026-05-24 14:00:00,hourly,CM-01,Continuous Miner 01,Continuous Miner,Underground,3.942,68.558,177.392,220.026,,985.238,250.41,0.73,Running,1,13,74.66,33.81,71,260.648,,,,,,,,,
2026-05-24 15:00:00,hourly,CM-01,Continuous Miner 01,Continuous Miner,Underground,3.782,69.201,159.925,190.606,,927.289,248.273,0.75,Running,1,0,75.29,33.56,65,251.536,,,,,,,,,
2026-05-24 16:00:00,hourly,CM-01,Continuous Miner 01,Continuous Miner,Underground,3.422,68.215,170.791,198.711,,973.811,245.567,0.69,Running,1,20,77.36,33.81,68,234.156,,,,,,,,,
2026-05-24 17:00:00,hourly,CM-01,Continuous Miner 01,Continuous Miner,Underground,3.576,70.692,168.409,211.848,,985.107,234.232,0.78,Running,2,24,75.52,35.34,71,257.829,,,,,,,,,
2026-05-24 18:00:00,hourly,CM-01,Continuous Miner 01,Continuous Miner,Underground,3.741,71.416,181.384,215.722,,1017.313,261.672,0.74,Running,2,21,75.58,34.54,73,275.366,,,,,,,,,
2026-05-24 19:00:00,hourly,CM-01,Continuous Miner 01,Continuous Miner,Underground,3.635,65.554,168.761,197.452,,930.818,236.308,0.99,Running,1,11,76.23,30.33,77,275.566,,,,,,,,,
2026-05-24 20:00:00,hourly,CM-01,Continuous Miner 01,Continuous Miner,Underground,4.054,69.053,170.679,205.937,,984.935,251.511,0.94,Running,1,1,73.78,34.38,69,272.81,,,,,,,,,
2026-05-24 21:00:00,hourly,CM-01,Continuous Miner 01,Continuous Miner,Underground,3.525,62.993,170.421,195.879,,953.882,244.853,0.93,Running,2,13,75.7,34.81,71,268.286,,,,,,,,,
2026-05-24 22:00:00,hourly,CM-01,Continuous Miner 01,Continuous Miner,Underground,3.883,69.186,180.741,207.993,,972.742,261.318,0.72,Running,2,9,74.13,37.48,63,291.081,,,,,,,,,
2026-05-24 23:00:00,hourly,CM-01,Continuous Miner 01,Continuous Miner,Underground,3.254,69.169,182.183,203.652,,928.423,245.814,0.81,Running,1,20,77.46,32.06,72,230.889,,,,,,,,,
2026-05-25 00:00:00,hourly,CM-01,Continuous Miner 01,Continuous Miner,Underground,3.293,73.311,178.402,205.151,,965.495,236.527,0.72,Running,1,10,75.75,33.0,67,259.424,,,,,,,,,
2026-05-25 01:00:00,hourly,CM-01,Continuous Miner 01,Continuous Miner,Underground,4.011,72.659,183.326,216.747,,977.094,264.478,0.97,Running,1,9,76.16,32.36,69,240.754,,,,,,,,,
2026-05-25 02:00:00,hourly,CM-01,Continuous Miner 01,Continuous Miner,Underground,3.483,71.47,184.379,213.433,,931.946,239.076,0.89,Running,1,38,71.77,39.96,72,280.594,,,,,,,,,
2026-05-25 03:00:00,hourly,CM-01,Continuous Miner 01,Continuous Miner,Underground,3.3,67.315,160.034,215.963,,1016.576,252.818,0.74,Running,1,19,76.13,30.91,72,246.926,,,,,,,,,
2026-05-25 04:00:00,hourly,CM-01,Continuous Miner 01,Continuous Miner,Underground,3.581,67.195,179.273,209.762,,911.79,268.498,0.85,Running,1,24,74.69,35.61,64,271.917,,,,,,,,,
2026-05-25 05:00:00,hourly,CM-01,Continuous Miner 01,Continuous Miner,Underground,3.91,67.03,171.601,217.391,,984.62,240.456,0.7,Running,1,10,72.65,35.51,73,248.604,,,,,,,,,
2026-05-25 06:00:00,hourly,CM-01,Continuous Miner 01,Continuous Miner,Underground,3.404,72.808,164.527,210.636,,880.779,249.241,0.81,Running,1,4,75.08,32.79,69,262.531,,,,,,,,,
2026-05-25 07:00:00,hourly,CM-01,Continuous Miner 01,Continuous Miner,Underground,3.586,67.454,172.044,206.542,,956.818,244.666,0.81,Running,2,26,72.47,38.9,75,254.083,,,,,,,,,
2026-05-25 08:00:00,hourly,CM-01,Continuous Miner 01,Continuous Miner,Underground,3.134,68.616,180.47,216.113,,982.498,252.556,0.88,Running,1,27,75.85,34.98,75,255.612,,,,,,,,,
2026-05-25 09:00:00,hourly,CM-01,Continuous Miner 01,Continuous Miner,Underground,3.481,67.493,186.287,207.181,,990.621,249.77,0.9,Running,1,3,77.14,32.69,76,261.183,,,,,,,,,
2026-05-25 10:00:00,hourly,CM-01,Continuous Miner 01,Continuous Miner,Underground,3.849,66.712,163.905,208.039,,961.96,263.627,0.82,Running,1,10,71.95,37.04,63,270.57,,,,,,,,,
2026-05-25 11:00:00,hourly,CM-01,Continuous Miner 01,Continuous Miner,Underground,3.404,70.219,179.635,220.632,,957.159,242.064,0.8,Running,1,5,74.74,31.62,71,254.122,,,,,,,,,
2026-05-25 12:00:00,hourly,CM-01,Continuous Miner 01,Continuous Miner,Underground,3.284,69.832,190.434,219.798,,985.445,268.605,0.56,Running,2,19,74.5,35.68,63,270.146,,,,,,,,,
2026-05-25 13:00:00,hourly,CM-01,Continuous Miner 01,Continuous Miner,Underground,3.409,64.609,189.376,208.37,,998.826,273.244,0.94,Running,1,24,71.55,36.03,74,272.502,,,,,,,,,
2026-05-25 14:00:00,hourly,CM-01,Continuous Miner 01,Continuous Miner,Underground,3.451,66.646,147.125,218.913,,1013.807,254.383,0.77,Running,1,11,76.18,35.24,74,249.236,,,,,,,,,
2026-05-25 15:00:00,hourly,CM-01,Continuous Miner 01,Continuous Miner,Underground,3.796,70.08,192.204,199.567,,920.31,239.742,0.83,Running,1,10,75.68,31.88,72,286.086,,,,,,,,,
2026-05-25 16:00:00,hourly,CM-01,Continuous Miner 01,Continuous Miner,Underground,3.701,69.367,182.483,208.462,,958.435,250.242,1.0,Running,2,0,77.9,35.41,67,267.859,,,,,,,,,
2026-05-25 17:00:00,hourly,CM-01,Continuous Miner 01,Continuous Miner,Underground,3.75,68.652,156.357,204.331,,888.652,249.082,0.72,Running,1,5,75.42,32.48,70,249.046,,,,,,,,,
2026-05-25 18:00:00,hourly,CM-01,Continuous Miner 01,Continuous Miner,Underground,3.615,70.874,168.712,211.095,,917.531,275.656,0.82,Running,1,30,73.2,38.45,66,265.786,,,,,,,,,
2026-05-25 19:00:00,hourly,CM-01,Continuous Miner 01,Continuous Miner,Underground,3.454,66.374,184.921,217.736,,940.717,249.411,0.86,Running,1,17,75.4,32.97,68,272.59,,,,,,,,,
2026-05-25 20:00:00,hourly,CM-01,Continuous Miner 01,Continuous Miner,Underground,3.416,68.248,177.762,216.139,,995.605,270.227,0.91,Running,1,20,76.61,32.42,67,265.423,,,,,,,,,
2026-05-25 21:00:00,hourly,CM-01,Continuous Miner 01,Continuous Miner,Underground,3.72,70.704,170.31,214.928,,948.467,252.441,0.82,Running,2,11,73.78,37.08,60,259.231,,,,,,,,,
2026-05-25 22:00:00,hourly,CM-01,Continuous Miner 01,Continuous Miner,Underground,4.01,68.144,175.455,212.402,,955.152,251.535,0.91,Running,2,12,75.86,35.52,64,200.792,,,,,,,,,
2026-05-25 23:00:00,hourly,CM-01,Continuous Miner 01,Continuous Miner,Underground,3.379,70.268,179.312,209.743,,975.735,245.945,0.79,Running,2,17,70.7,43.06,76,240.549,,,,,,,,,
2026-05-26 00:00:00,hourly,CM-01,Continuous Miner 01,Continuous Miner,Underground,3.36,67.066,170.332,222.002,,941.732,247.264,0.86,Running,1,16,76.8,33.93,67,266.898,,,,,,,,,
2026-05-26 01:00:00,hourly,CM-01,Continuous Miner 01,Continuous Miner,Underground,3.332,67.783,173.971,197.286,,895.356,263.388,0.85,Running,0,27,75.7,36.1,68,240.257,,,,,,,,,
2026-05-26 02:00:00,hourly,CM-01,Continuous Miner 01,Continuous Miner,Underground,3.825,65.682,182.184,205.217,,939.031,240.716,0.81,Running,1,9,70.32,40.32,67,264.288,,,,,,,,,
2026-05-26 03:00:00,hourly,CM-01,Continuous Miner 01,Continuous Miner,Underground,3.608,65.085,169.424,214.933,,960.881,264.394,0.85,Running,1,13,74.97,36.33,65,270.235,,,,,,,,,
2026-05-26 04:00:00,hourly,CM-01,Continuous Miner 01,Continuous Miner,Underground,3.758,68.572,164.196,224.996,,981.47,271.143,0.75,Running,1,8,71.16,39.7,67,254.29,,,,,,,,,
2026-05-26 05:00:00,hourly,CM-01,Continuous Miner 01,Continuous Miner,Underground,3.493,70.617,169.975,208.145,,957.818,242.698,0.8,Running,1,0,73.33,39.31,65,227.871,,,,,,,,,
2026-05-26 06:00:00,hourly,CM-01,Continuous Miner 01,Continuous Miner,Underground,3.776,69.382,167.984,208.923,,980.824,267.908,0.72,Running,0,22,75.37,34.72,57,244.33,,,,,,,,,
2026-05-26 07:00:00,hourly,CM-01,Continuous Miner 01,Continuous Miner,Underground,3.551,72.195,170.278,199.676,,997.342,265.684,0.78,Running,1,31,74.04,37.59,70,267.088,,,,,,,,,
2026-05-26 08:00:00,hourly,CM-01,Continuous Miner 01,Continuous Miner,Underground,3.238,68.786,161.319,206.425,,1004.165,263.191,0.91,Running,1,20,76.24,33.85,73,276.256,,,,,,,,,
2026-05-26 09:00:00,hourly,CM-01,Continuous Miner 01,Continuous Miner,Underground,3.856,64.993,177.045,217.686,,970.944,242.13,0.85,Running,1,17,74.3,37.5,61,222.852,,,,,,,,,
2026-05-26 10:00:00,hourly,CM-01,Continuous Miner 01,Continuous Miner,Underground,3.617,70.423,182.123,225.539,,925.081,249.376,0.84,Running,2,30,74.12,34.62,64,257.464,,,,,,,,,
2026-05-26 11:00:00,hourly,CM-01,Continuous Miner 01,Continuous Miner,Underground,3.55,67.301,168.71,208.699,,921.274,249.37,0.69,Running,1,16,75.91,30.59,72,232.704,,,,,,,,,
2026-05-26 12:00:00,hourly,CM-01,Continuous Miner 01,Continuous Miner,Underground,3.699,69.958,170.01,204.161,,924.502,280.343,0.85,Running,0,23,73.58,38.96,63,257.644,,,,,,,,,
2026-05-26 13:00:00,hourly,CM-01,Continuous Miner 01,Continuous Miner,Underground,3.268,64.661,173.748,211.993,,927.164,250.945,0.81,Running,1,17,74.05,39.01,67,253.698,,,,,,,,,
2026-05-26 14:00:00,hourly,CM-01,Continuous Miner 01,Continuous Miner,Underground,3.738,69.092,167.978,196.847,,968.232,248.533,0.86,Running,1,17,74.24,35.83,83,293.99,,,,,,,,,
2026-05-26 15:00:00,hourly,CM-01,Continuous Miner 01,Continuous Miner,Underground,3.483,71.25,183.161,222.513,,1030.781,235.041,0.93,Running,1,14,73.93,38.12,68,247.616,,,,,,,,,
2026-05-26 16:00:00,hourly,CM-01,Continuous Miner 01,Continuous Miner,Underground,3.594,70.989,168.203,200.329,,972.105,237.519,0.79,Running,2,19,75.87,30.52,65,273.031,,,,,,,,,
2026-05-26 17:00:00,hourly,CM-01,Continuous Miner 01,Continuous Miner,Underground,3.919,69.169,171.127,214.244,,961.716,241.56,0.79,Running,1,5,72.92,36.67,69,272.406,,,,,,,,,
2026-05-26 18:00:00,hourly,CM-01,Continuous Miner 01,Continuous Miner,Underground,3.796,69.615,169.25,214.124,,998.289,256.209,0.89,Running,2,19,72.63,38.48,68,253.158,,,,,,,,,
2026-05-26 19:00:00,hourly,CM-01,Continuous Miner 01,Continuous Miner,Underground,3.592,68.642,183.437,217.096,,935.591,231.227,0.77,Running,1,7,72.23,35.4,62,258.191,,,,,,,,,
2026-05-26 20:00:00,hourly,CM-01,Continuous Miner 01,Continuous Miner,Underground,3.612,69.087,173.551,213.76,,1001.03,241.854,0.83,Running,2,20,70.48,38.27,58,256.31,,,,,,,,,
2026-05-26 21:00:00,hourly,CM-01,Continuous Miner 01,Continuous Miner,Underground,2.998,71.13,191.366,211.498,,998.403,225.136,0.66,Running,1,34,76.25,33.56,67,244.416,,,,,,,,,
2026-05-26 22:00:00,hourly,CM-01,Continuous Miner 01,Continuous Miner,Underground,3.434,68.11,178.273,215.345,,966.559,270.829,0.8,Running,1,22,72.41,37.41,67,243.045,,,,,,,,,
2026-05-26 23:00:00,hourly,CM-01,Continuous Miner 01,Continuous Miner,Underground,3.682,68.333,184.732,219.013,,1037.743,252.705,0.92,Running,1,25,73.44,36.48,63,249.785,,,,,,,,,
2026-05-27 00:00:00,hourly,CM-01,Continuous Miner 01,Continuous Miner,Underground,3.451,66.3,172.892,227.682,,1003.462,255.574,0.85,Running,1,20,76.29,32.38,71,238.141,,,,,,,,,
2026-05-27 01:00:00,hourly,CM-01,Continuous Miner 01,Continuous Miner,Underground,3.311,71.206,167.967,201.605,,965.985,235.982,0.89,Running,1,0,73.55,34.47,70,248.362,,,,,,,,,
2026-05-27 02:00:00,hourly,CM-01,Continuous Miner 01,Continuous Miner,Underground,3.764,69.087,175.265,194.99,,959.336,267.512,0.9,Running,1,13,74.57,35.17,67,253.255,,,,,,,,,
2026-05-27 03:00:00,hourly,CM-01,Continuous Miner 01,Continuous Miner,Underground,3.972,67.02,170.12,197.633,,949.215,272.31,0.93,Running,1,20,71.45,39.95,63,258.984,,,,,,,,,
2026-05-27 04:00:00,hourly,CM-01,Continuous Miner 01,Continuous Miner,Underground,3.466,71.616,159.586,195.249,,959.723,252.217,0.79,Running,0,0,75.93,32.53,55,263.507,,,,,,,,,
2026-05-27 05:00:00,hourly,CM-01,Continuous Miner 01,Continuous Miner,Underground,3.866,69.592,183.704,200.785,,960.704,244.586,0.9,Running,1,12,73.47,36.14,63,253.28,,,,,,,,,
2026-05-27 06:00:00,hourly,CM-01,Continuous Miner 01,Continuous Miner,Underground,3.83,68.069,175.88,199.656,,953.052,259.038,1.0,Running,1,15,72.01,38.78,56,244.13,,,,,,,,,
2026-05-27 07:00:00,hourly,CM-01,Continuous Miner 01,Continuous Miner,Underground,3.406,71.674,170.037,207.862,,956.713,261.607,0.82,Running,1,4,71.98,40.87,54,263.257,,,,,,,,,
2026-05-27 08:00:00,hourly,CM-01,Continuous Miner 01,Continuous Miner,Underground,3.469,68.967,178.672,219.319,,922.432,263.517,0.71,Running,1,5,76.29,33.01,66,269.117,,,,,,,,,
2026-05-27 09:00:00,hourly,CM-01,Continuous Miner 01,Continuous Miner,Underground,4.103,66.274,176.059,217.275,,944.251,260.64,0.77,Running,0,25,72.62,34.48,68,248.701,,,,,,,,,
2026-05-27 10:00:00,hourly,CM-01,Continuous Miner 01,Continuous Miner,Underground,3.374,71.843,186.984,206.05,,908.2,264.854,0.86,Running,1,0,71.94,36.9,55,240.766,,,,,,,,,
2026-05-27 11:00:00,hourly,CM-01,Continuous Miner 01,Continuous Miner,Underground,3.502,67.894,179.19,206.841,,978.576,241.675,0.69,Running,1,19,72.81,39.93,62,249.361,,,,,,,,,
2026-05-27 12:00:00,hourly,CM-01,Continuous Miner 01,Continuous Miner,Underground,4.147,76.394,174.494,229.775,,966.84,264.151,0.76,Running,1,25,73.55,35.66,63,253.61,,,,,,,,,
2026-05-27 13:00:00,hourly,CM-01,Continuous Miner 01,Continuous Miner,Underground,3.514,68.777,181.319,217.045,,959.715,245.045,0.79,Running,1,14,73.69,36.65,61,274.849,,,,,,,,,
2026-05-27 14:00:00,hourly,CM-01,Continuous Miner 01,Continuous Miner,Underground,3.996,65.332,175.506,213.26,,994.991,216.272,0.83,Running,2,30,74.13,40.06,57,267.642,,,,,,,,,
2026-05-27 15:00:00,hourly,CM-01,Continuous Miner 01,Continuous Miner,Underground,3.403,73.633,177.286,212.812,,933.716,244.942,0.96,Running,2,11,73.77,37.99,68,256.503,,,,,,,,,
2026-05-27 16:00:00,hourly,CM-01,Continuous Miner 01,Continuous Miner,Underground,3.695,69.658,185.647,209.129,,939.029,243.682,0.88,Running,1,5,74.4,31.54,57,286.979,,,,,,,,,
2026-05-27 17:00:00,hourly,CM-01,Continuous Miner 01,Continuous Miner,Underground,3.933,70.353,166.511,229.775,,912.032,254.825,0.73,Running,0,16,72.9,40.82,54,256.025,,,,,,,,,
2026-05-27 18:00:00,hourly,CM-01,Continuous Miner 01,Continuous Miner,Underground,3.545,70.638,168.976,210.051,,999.648,263.195,1.0,Running,1,10,76.63,33.02,56,279.216,,,,,,,,,
2026-05-27 19:00:00,hourly,CM-01,Continuous Miner 01,Continuous Miner,Underground,3.688,66.812,172.549,213.117,,985.003,254.176,0.82,Running,1,10,72.51,39.23,64,276.149,,,,,,,,,
2026-05-27 20:00:00,hourly,CM-01,Continuous Miner 01,Continuous Miner,Underground,3.851,65.047,173.742,196.948,,1010.312,279.61,0.69,Running,0,12,75.42,35.02,61,275.032,,,,,,,,,
2026-05-27 21:00:00,hourly,CM-01,Continuous Miner 01,Continuous Miner,Underground,3.44,74.12,185.201,206.074,,1019.134,244.152,0.74,Running,1,8,72.27,40.64,58,261.774,,,,,,,,,
2026-05-27 22:00:00,hourly,CM-01,Continuous Miner 01,Continuous Miner,Underground,4.227,66.39,164.653,206.858,,948.858,223.688,0.74,Running,2,8,70.92,40.55,63,258.517,,,,,,,,,
2026-05-27 23:00:00,hourly,CM-01,Continuous Miner 01,Continuous Miner,Underground,3.927,73.441,175.756,216.205,,938.788,255.421,0.71,Running,1,5,70.51,38.32,63,256.745,,,,,,,,,
2026-05-28 00:00:00,hourly,CM-01,Continuous Miner 01,Continuous Miner,Underground,3.58,71.004,171.608,204.865,,900.804,243.914,0.86,Running,1,19,73.64,37.55,52,270.278,,,,,,,,,
2026-05-28 01:00:00,hourly,CM-01,Continuous Miner 01,Continuous Miner,Underground,3.612,70.239,189.641,212.291,,925.183,236.356,0.61,Running,1,5,74.98,32.26,63,244.06,,,,,,,,,
2026-05-28 02:00:00,hourly,CM-01,Continuous Miner 01,Continuous Miner,Underground,4.149,68.832,183.13,206.413,,952.207,247.403,0.9,Running,2,4,71.26,43.88,66,252.495,,,,,,,,,
2026-05-28 03:00:00,hourly,CM-01,Continuous Miner 01,Continuous Miner,Underground,3.584,74.949,177.991,201.978,,891.413,240.614,0.89,Running,1,5,71.67,38.94,60,283.387,,,,,,,,,
2026-05-28 04:00:00,hourly,CM-01,Continuous Miner 01,Continuous Miner,Underground,3.556,68.354,183.854,201.626,,925.807,242.008,0.78,Running,1,17,73.66,36.77,60,266.704,,,,,,,,,
2026-05-28 05:00:00,hourly,CM-01,Continuous Miner 01,Continuous Miner,Underground,3.961,68.423,165.57,210.351,,960.581,272.923,0.89,Running,1,21,73.01,36.43,68,272.009,,,,,,,,,
2026-05-28 06:00:00,hourly,CM-01,Continuous Miner 01,Continuous Miner,Underground,3.326,71.375,192.368,212.853,,994.718,253.362,0.73,Running,0,23,72.05,39.81,57,237.218,,,,,,,,,
2026-05-28 07:00:00,hourly,CM-01,Continuous Miner 01,Continuous Miner,Underground,3.658,68.422,169.435,210.195,,938.316,247.919,0.75,Running,1,19,70.92,41.63,60,249.857,,,,,,,,,
2026-05-28 08:00:00,hourly,CM-01,Continuous Miner 01,Continuous Miner,Underground,3.699,67.685,186.248,204.457,,967.86,274.014,0.86,Running,2,19,73.43,35.84,61,262.125,,,,,,,,,
2026-05-28 09:00:00,hourly,CM-01,Continuous Miner 01,Continuous Miner,Underground,3.503,69.792,180.628,210.727,,1028.58,247.524,0.8,Running,1,14,73.95,37.37,60,256.133,,,,,,,,,
2026-05-28 10:00:00,hourly,CM-01,Continuous Miner 01,Continuous Miner,Underground,3.289,71.441,178.351,209.076,,900.104,234.452,0.77,Running,1,19,73.67,37.0,59,237.205,,,,,,,,,
2026-05-28 11:00:00,hourly,CM-01,Continuous Miner 01,Continuous Miner,Underground,3.699,74.072,185.981,202.617,,1001.287,233.117,0.81,Running,1,19,72.9,37.75,60,268.98,,,,,,,,,
2026-05-28 12:00:00,hourly,CM-01,Continuous Miner 01,Continuous Miner,Underground,3.855,74.528,184.254,212.756,,976.576,250.581,0.93,Running,1,8,71.14,38.91,66,274.076,,,,,,,,,
2026-05-28 13:00:00,hourly,CM-01,Continuous Miner 01,Continuous Miner,Underground,3.514,66.013,177.163,228.315,,1007.544,228.722,0.92,Running,1,6,73.3,42.01,63,252.285,,,,,,,,,
2026-05-28 14:00:00,hourly,CM-01,Continuous Miner 01,Continuous Miner,Underground,3.39,72.255,172.953,210.69,,997.024,235.313,0.85,Running,1,29,73.16,39.95,59,269.596,,,,,,,,,
2026-05-28 15:00:00,hourly,CM-01,Continuous Miner 01,Continuous Miner,Underground,4.0,67.805,177.333,198.9,,939.937,246.403,0.79,Running,0,18,70.64,42.56,56,289.343,,,,,,,,,
2026-05-28 16:00:00,hourly,CM-01,Continuous Miner 01,Continuous Miner,Underground,3.82,67.922,175.548,225.281,,963.179,267.601,0.86,Running,1,27,72.23,41.13,56,281.297,,,,,,,,,
2026-05-28 17:00:00,hourly,CM-01,Continuous Miner 01,Continuous Miner,Underground,3.598,68.799,179.225,223.392,,911.964,269.852,0.75,Running,1,5,73.28,38.01,63,253.055,,,,,,,,,
2026-05-28 18:00:00,hourly,CM-01,Continuous Miner 01,Continuous Miner,Underground,3.92,68.667,184.58,224.984,,944.747,261.015,0.91,Running,2,11,72.54,37.75,52,239.262,,,,,,,,,
2026-05-28 19:00:00,hourly,CM-01,Continuous Miner 01,Continuous Miner,Underground,3.751,67.649,180.186,211.725,,964.04,251.739,0.9,Running,1,2,69.5,37.42,68,260.615,,,,,,,,,
2026-05-28 20:00:00,hourly,CM-01,Continuous Miner 01,Continuous Miner,Underground,4.139,64.895,177.939,205.067,,973.609,243.821,0.97,Running,1,21,71.58,37.34,58,294.497,,,,,,,,,
2026-05-28 21:00:00,hourly,CM-01,Continuous Miner 01,Continuous Miner,Underground,3.859,73.202,171.251,204.096,,990.58,257.257,0.76,Running,1,11,71.45,44.3,53,278.368,,,,,,,,,
2026-05-28 22:00:00,hourly,CM-01,Continuous Miner 01,Continuous Miner,Underground,3.347,72.005,179.102,222.418,,1018.319,276.781,0.75,Running,1,10,73.45,39.49,59,256.875,,,,,,,,,
2026-05-28 23:00:00,hourly,CM-01,Continuous Miner 01,Continuous Miner,Underground,3.531,70.001,162.96,226.614,,947.639,253.827,0.86,Running,1,29,76.68,33.05,55,281.982,,,,,,,,,
2026-05-29 00:00:00,hourly,CM-01,Continuous Miner 01,Continuous Miner,Underground,3.544,67.917,170.17,203.892,,1002.917,245.392,0.8,Running,1,20,72.71,35.04,56,275.699,,,,,,,,,
2026-04-29 00:00:00,hourly,TC-01,Trunk Conveyor 01,Trunk Conveyor,Underground,2.48,53.994,93.622,,,480.184,137.936,0.9,Running,0,3,93.05,8.48,316,144.809,,,,,,,,,
2026-04-29 01:00:00,hourly,TC-01,Trunk Conveyor 01,Trunk Conveyor,Underground,2.001,49.692,94.37,,,424.598,138.417,0.66,Running,0,12,90.06,13.02,310,137.535,,,,,,,,,
2026-04-29 02:00:00,hourly,TC-01,Trunk Conveyor 01,Trunk Conveyor,Underground,2.465,53.644,89.6,,,435.164,156.388,0.88,Running,1,4,89.0,16.39,308,163.553,,,,,,,,,
2026-04-29 03:00:00,hourly,TC-01,Trunk Conveyor 01,Trunk Conveyor,Underground,2.316,53.302,85.252,,,483.363,152.774,0.87,Running,0,6,93.51,8.56,309,160.228,,,,,,,,,
2026-04-29 04:00:00,hourly,TC-01,Trunk Conveyor 01,Trunk Conveyor,Underground,2.561,56.265,93.501,,,446.861,169.322,0.95,Running,0,1,88.36,17.3,312,153.761,,,,,,,,,
2026-04-29 05:00:00,hourly,TC-01,Trunk Conveyor 01,Trunk Conveyor,Underground,2.297,51.765,92.417,,,433.91,143.654,0.8,Running,0,5,91.13,12.71,304,150.849,,,,,,,,,
2026-04-29 06:00:00,hourly,TC-01,Trunk Conveyor 01,Trunk Conveyor,Underground,2.574,57.453,97.547,,,457.002,156.084,0.91,Running,0,5,90.62,13.73,315,155.556,,,,,,,,,
2026-04-29 07:00:00,hourly,TC-01,Trunk Conveyor 01,Trunk Conveyor,Underground,2.098,55.545,91.158,,,441.556,147.792,0.79,Running,0,2,90.42,14.1,310,132.646,,,,,,,,,
2026-04-29 08:00:00,hourly,TC-01,Trunk Conveyor 01,Trunk Conveyor,Underground,2.404,53.503,92.96,,,401.106,157.638,0.84,Running,0,3,91.18,11.29,312,152.113,,,,,,,,,
2026-04-29 09:00:00,hourly,TC-01,Trunk Conveyor 01,Trunk Conveyor,Underground,2.206,53.25,93.733,,,425.504,156.924,0.74,Running,0,7,90.18,13.12,310,163.618,,,,,,,,,
2026-04-29 10:00:00,hourly,TC-01,Trunk Conveyor 01,Trunk Conveyor,Underground,2.303,52.856,95.444,,,487.017,149.758,0.71,Running,0,5,89.91,15.94,307,161.446,,,,,,,,,
2026-04-29 11:00:00,hourly,TC-01,Trunk Conveyor 01,Trunk Conveyor,Underground,2.945,54.58,97.702,,,455.897,143.342,0.89,Running,1,2,92.25,14.5,305,138.45,,,,,,,,,
2026-04-29 12:00:00,hourly,TC-01,Trunk Conveyor 01,Trunk Conveyor,Underground,2.211,52.588,86.29,,,476.335,146.954,0.82,Running,0,7,93.54,10.89,306,152.048,,,,,,,,,
2026-04-29 13:00:00,hourly,TC-01,Trunk Conveyor 01,Trunk Conveyor,Underground,2.326,53.796,96.224,,,431.462,139.993,0.72,Running,0,4,89.04,9.77,303,137.657,,,,,,,,,
2026-04-29 14:00:00,hourly,TC-01,Trunk Conveyor 01,Trunk Conveyor,Underground,2.172,52.052,90.931,,,448.996,153.292,0.89,Running,0,5,92.11,9.52,310,151.737,,,,,,,,,
2026-04-29 15:00:00,hourly,TC-01,Trunk Conveyor 01,Trunk Conveyor,Underground,2.34,55.291,95.872,,,446.945,124.73,0.6,Running,0,7,92.65,10.52,307,141.736,,,,,,,,,
2026-04-29 16:00:00,hourly,TC-01,Trunk Conveyor 01,Trunk Conveyor,Underground,2.371,54.314,100.889,,,440.132,144.781,0.76,Running,0,7,92.49,8.32,302,140.441,,,,,,,,,
2026-04-29 17:00:00,hourly,TC-01,Trunk Conveyor 01,Trunk Conveyor,Underground,2.254,53.168,79.369,,,453.766,158.149,0.69,Running,0,0,91.4,9.74,305,153.951,,,,,,,,,
2026-04-29 18:00:00,hourly,TC-01,Trunk Conveyor 01,Trunk Conveyor,Underground,2.717,53.576,99.308,,,429.915,157.935,0.92,Running,0,5,90.79,12.06,310,142.03,,,,,,,,,
2026-04-29 19:00:00,hourly,TC-01,Trunk Conveyor 01,Trunk Conveyor,Underground,2.633,52.764,91.312,,,471.75,135.505,0.79,Running,0,0,92.94,10.57,312,141.272,,,,,,,,,
2026-04-29 20:00:00,hourly,TC-01,Trunk Conveyor 01,Trunk Conveyor,Underground,2.212,54.576,86.892,,,458.388,155.261,0.83,Running,0,13,92.25,12.08,302,153.883,,,,,,,,,
2026-04-29 21:00:00,hourly,TC-01,Trunk Conveyor 01,Trunk Conveyor,Underground,2.565,51.754,89.401,,,446.842,139.745,0.84,Running,0,7,88.67,15.13,315,133.719,,,,,,,,,
2026-04-29 22:00:00,hourly,TC-01,Trunk Conveyor 01,Trunk Conveyor,Underground,2.306,55.638,85.839,,,452.373,146.612,0.88,Running,0,7,91.33,11.25,302,146.475,,,,,,,,,
2026-04-29 23:00:00,hourly,TC-01,Trunk Conveyor 01,Trunk Conveyor,Underground,2.156,54.327,95.075,,,444.53,156.912,0.88,Running,0,2,91.76,9.85,299,133.111,,,,,,,,,
2026-04-30 00:00:00,hourly,TC-01,Trunk Conveyor 01,Trunk Conveyor,Underground,2.258,53.209,85.823,,,418.948,141.243,0.88,Running,1,5,89.91,15.15,313,135.114,,,,,,,,,
2026-04-30 01:00:00,hourly,TC-01,Trunk Conveyor 01,Trunk Conveyor,Underground,2.151,55.075,99.259,,,432.137,162.863,0.8,Running,0,9,91.25,13.13,301,162.898,,,,,,,,,
2026-04-30 02:00:00,hourly,TC-01,Trunk Conveyor 01,Trunk Conveyor,Underground,2.591,54.718,96.187,,,446.726,152.334,0.89,Running,0,7,92.41,12.44,311,145.442,,,,,,,,,
2026-04-30 03:00:00,hourly,TC-01,Trunk Conveyor 01,Trunk Conveyor,Underground,2.227,52.137,93.4,,,443.615,154.187,0.77,Running,1,11,90.29,13.86,302,142.133,,,,,,,,,
2026-04-30 04:00:00,hourly,TC-01,Trunk Conveyor 01,Trunk Conveyor,Underground,2.66,56.373,79.822,,,461.621,159.719,0.79,Running,0,2,91.97,8.62,303,159.384,,,,,,,,,
2026-04-30 05:00:00,hourly,TC-01,Trunk Conveyor 01,Trunk Conveyor,Underground,2.431,49.527,84.106,,,460.049,158.039,0.7,Running,0,5,90.0,13.3,299,167.801,,,,,,,,,
2026-04-30 06:00:00,hourly,TC-01,Trunk Conveyor 01,Trunk Conveyor,Underground,2.322,55.983,91.562,,,439.883,157.255,0.95,Running,0,9,89.59,16.29,309,152.794,,,,,,,,,
2026-04-30 07:00:00,hourly,TC-01,Trunk Conveyor 01,Trunk Conveyor,Underground,2.303,53.729,91.891,,,432.733,144.108,0.74,Running,0,4,92.54,6.98,308,161.255,,,,,,,,,
2026-04-30 08:00:00,hourly,TC-01,Trunk Conveyor 01,Trunk Conveyor,Underground,2.754,55.807,97.686,,,463.544,140.03,0.93,Running,0,5,93.42,9.05,301,143.961,,,,,,,,,
2026-04-30 09:00:00,hourly,TC-01,Trunk Conveyor 01,Trunk Conveyor,Underground,2.405,56.618,74.574,,,453.362,147.49,0.86,Running,0,1,89.63,15.09,303,150.628,,,,,,,,,
2026-04-30 10:00:00,hourly,TC-01,Trunk Conveyor 01,Trunk Conveyor,Underground,2.302,53.257,87.496,,,438.764,154.301,0.84,Running,0,2,93.03,13.76,306,150.112,,,,,,,,,
2026-04-30 11:00:00,hourly,TC-01,Trunk Conveyor 01,Trunk Conveyor,Underground,2.574,53.343,97.076,,,429.396,138.462,0.85,Running,0,5,91.47,10.74,301,153.595,,,,,,,,,
2026-04-30 12:00:00,hourly,TC-01,Trunk Conveyor 01,Trunk Conveyor,Underground,2.521,54.595,90.032,,,437.784,155.28,0.73,Running,0,0,87.94,16.64,308,160.645,,,,,,,,,
2026-04-30 13:00:00,hourly,TC-01,Trunk Conveyor 01,Trunk Conveyor,Underground,2.206,51.989,89.254,,,457.002,153.405,0.95,Running,0,3,89.17,18.54,302,133.87,,,,,,,,,
2026-04-30 14:00:00,hourly,TC-01,Trunk Conveyor 01,Trunk Conveyor,Underground,2.405,53.434,82.386,,,480.308,148.4,0.79,Running,0,4,92.42,9.43,300,140.245,,,,,,,,,
2026-04-30 15:00:00,hourly,TC-01,Trunk Conveyor 01,Trunk Conveyor,Underground,2.042,53.282,98.413,,,446.129,150.592,0.9,Running,0,4,88.84,17.78,295,144.7,,,,,,,,,
2026-04-30 16:00:00,hourly,TC-01,Trunk Conveyor 01,Trunk Conveyor,Underground,2.398,51.898,89.155,,,434.947,150.625,0.78,Running,0,6,90.43,14.18,296,139.368,,,,,,,,,
2026-04-30 17:00:00,hourly,TC-01,Trunk Conveyor 01,Trunk Conveyor,Underground,2.467,53.19,98.629,,,488.769,154.015,0.71,Running,0,4,91.27,11.77,303,152.569,,,,,,,,,
2026-04-30 18:00:00,hourly,TC-01,Trunk Conveyor 01,Trunk Conveyor,Underground,2.494,55.391,100.863,,,443.243,156.76,0.98,Running,1,2,92.11,11.95,302,152.433,,,,,,,,,
2026-04-30 19:00:00,hourly,TC-01,Trunk Conveyor 01,Trunk Conveyor,Underground,2.205,55.262,99.974,,,435.641,175.886,0.77,Running,0,2,91.67,11.37,304,150.688,,,,,,,,,
2026-04-30 20:00:00,hourly,TC-01,Trunk Conveyor 01,Trunk Conveyor,Underground,2.257,53.719,91.879,,,442.601,151.567,0.86,Running,0,9,93.87,13.1,298,145.615,,,,,,,,,
2026-04-30 21:00:00,hourly,TC-01,Trunk Conveyor 01,Trunk Conveyor,Underground,2.454,54.151,89.171,,,441.702,144.249,0.58,Running,0,5,90.04,9.81,293,164.872,,,,,,,,,
2026-04-30 22:00:00,hourly,TC-01,Trunk Conveyor 01,Trunk Conveyor,Underground,2.655,53.493,88.764,,,472.798,132.892,0.81,Running,0,5,91.49,11.35,298,152.431,,,,,,,,,
2026-04-30 23:00:00,hourly,TC-01,Trunk Conveyor 01,Trunk Conveyor,Underground,2.424,50.871,103.891,,,419.799,137.378,0.87,Running,0,4,92.04,10.64,308,148.397,,,,,,,,,
2026-05-01 00:00:00,hourly,TC-01,Trunk Conveyor 01,Trunk Conveyor,Underground,2.294,52.213,90.812,,,460.625,143.234,0.83,Running,0,2,92.44,10.32,295,150.783,,,,,,,,,
2026-05-01 01:00:00,hourly,TC-01,Trunk Conveyor 01,Trunk Conveyor,Underground,2.6,55.77,98.404,,,449.724,156.257,0.81,Running,1,3,92.97,12.01,299,158.24,,,,,,,,,
2026-05-01 02:00:00,hourly,TC-01,Trunk Conveyor 01,Trunk Conveyor,Underground,2.432,56.2,94.982,,,439.899,146.5,0.8,Running,0,0,90.58,12.3,289,152.407,,,,,,,,,
2026-05-01 03:00:00,hourly,TC-01,Trunk Conveyor 01,Trunk Conveyor,Underground,2.442,52.501,89.621,,,443.871,153.716,0.89,Running,0,3,92.3,11.77,296,140.549,,,,,,,,,
2026-05-01 04:00:00,hourly,TC-01,Trunk Conveyor 01,Trunk Conveyor,Underground,2.566,56.062,90.575,,,445.403,143.468,0.72,Running,0,4,89.76,14.8,296,169.448,,,,,,,,,
2026-05-01 05:00:00,hourly,TC-01,Trunk Conveyor 01,Trunk Conveyor,Underground,2.387,51.888,99.196,,,451.498,154.157,0.8,Running,0,8,91.1,14.14,299,155.14,,,,,,,,,
2026-05-01 06:00:00,hourly,TC-01,Trunk Conveyor 01,Trunk Conveyor,Underground,2.22,53.119,92.286,,,441.786,157.912,0.93,Running,1,3,92.01,10.91,296,137.388,,,,,,,,,
2026-05-01 07:00:00,hourly,TC-01,Trunk Conveyor 01,Trunk Conveyor,Underground,2.376,53.838,89.378,,,448.729,146.442,0.7,Running,0,6,92.76,10.79,291,130.087,,,,,,,,,
2026-05-01 08:00:00,hourly,TC-01,Trunk Conveyor 01,Trunk Conveyor,Underground,2.629,53.561,87.262,,,435.913,153.978,0.81,Running,0,4,92.09,10.82,294,157.64,,,,,,,,,
2026-05-01 09:00:00,hourly,TC-01,Trunk Conveyor 01,Trunk Conveyor,Underground,2.785,52.808,94.026,,,489.178,146.101,0.73,Running,0,4,91.31,10.19,296,164.283,,,,,,,,,
2026-05-01 10:00:00,hourly,TC-01,Trunk Conveyor 01,Trunk Conveyor,Underground,2.163,54.284,89.009,,,468.068,138.979,0.84,Running,1,6,91.02,15.77,293,155.038,,,,,,,,,
2026-05-01 11:00:00,hourly,TC-01,Trunk Conveyor 01,Trunk Conveyor,Underground,2.735,55.455,95.674,,,458.692,155.051,0.82,Running,0,6,92.01,9.66,293,156.807,,,,,,,,,
2026-05-01 12:00:00,hourly,TC-01,Trunk Conveyor 01,Trunk Conveyor,Underground,2.334,51.442,107.378,,,441.907,153.784,0.74,Running,0,5,94.62,6.57,300,157.086,,,,,,,,,
2026-05-01 13:00:00,hourly,TC-01,Trunk Conveyor 01,Trunk Conveyor,Underground,2.412,54.287,95.225,,,464.68,155.412,0.82,Running,0,1,92.47,8.83,293,150.123,,,,,,,,,
2026-05-01 14:00:00,hourly,TC-01,Trunk Conveyor 01,Trunk Conveyor,Underground,2.748,55.798,102.943,,,455.278,158.672,0.83,Running,0,10,91.7,12.42,297,131.576,,,,,,,,,
2026-05-01 15:00:00,hourly,TC-01,Trunk Conveyor 01,Trunk Conveyor,Underground,2.326,53.319,87.833,,,452.031,147.835,0.77,Running,0,3,88.88,14.61,294,142.387,,,,,,,,,
2026-05-01 16:00:00,hourly,TC-01,Trunk Conveyor 01,Trunk Conveyor,Underground,2.353,53.079,96.228,,,440.292,148.5,0.79,Running,0,6,89.71,17.44,290,158.816,,,,,,,,,
2026-05-01 17:00:00,hourly,TC-01,Trunk Conveyor 01,Trunk Conveyor,Underground,2.28,52.534,99.661,,,454.826,147.514,0.77,Running,0,4,90.53,14.33,293,156.524,,,,,,,,,
2026-05-01 18:00:00,hourly,TC-01,Trunk Conveyor 01,Trunk Conveyor,Underground,2.416,57.667,100.409,,,480.185,153.187,0.64,Running,0,8,92.48,9.97,296,147.927,,,,,,,,,
2026-05-01 19:00:00,hourly,TC-01,Trunk Conveyor 01,Trunk Conveyor,Underground,2.471,56.756,99.808,,,451.331,148.832,0.89,Running,0,2,89.51,12.86,301,144.051,,,,,,,,,
2026-05-01 20:00:00,hourly,TC-01,Trunk Conveyor 01,Trunk Conveyor,Underground,2.271,53.539,92.235,,,445.13,151.216,0.92,Running,0,6,92.03,10.94,291,151.995,,,,,,,,,
2026-05-01 21:00:00,hourly,TC-01,Trunk Conveyor 01,Trunk Conveyor,Underground,2.699,56.195,97.478,,,451.66,143.599,0.68,Running,0,0,91.17,13.4,293,146.31,,,,,,,,,
2026-05-01 22:00:00,hourly,TC-01,Trunk Conveyor 01,Trunk Conveyor,Underground,2.26,53.125,86.035,,,450.659,140.838,0.92,Running,0,7,91.54,11.76,297,149.211,,,,,,,,,
2026-05-01 23:00:00,hourly,TC-01,Trunk Conveyor 01,Trunk Conveyor,Underground,2.509,53.794,101.786,,,440.02,141.909,0.85,Running,0,5,90.61,12.87,298,151.542,,,,,,,,,
2026-05-02 00:00:00,hourly,TC-01,Trunk Conveyor 01,Trunk Conveyor,Underground,2.415,52.167,86.434,,,436.524,153.839,0.73,Running,0,4,89.98,11.98,290,141.54,,,,,,,,,
2026-05-02 01:00:00,hourly,TC-01,Trunk Conveyor 01,Trunk Conveyor,Underground,2.658,50.759,99.674,,,464.142,149.706,0.8,Running,1,4,89.36,19.38,292,158.892,,,,,,,,,
2026-05-02 02:00:00,hourly,TC-01,Trunk Conveyor 01,Trunk Conveyor,Underground,2.249,53.034,98.414,,,471.557,145.651,0.76,Running,0,4,91.89,10.96,297,148.281,,,,,,,,,
2026-05-02 03:00:00,hourly,TC-01,Trunk Conveyor 01,Trunk Conveyor,Underground,2.525,53.315,98.378,,,490.643,156.065,0.89,Running,0,3,90.77,10.18,294,155.458,,,,,,,,,
2026-05-02 04:00:00,hourly,TC-01,Trunk Conveyor 01,Trunk Conveyor,Underground,2.895,54.849,104.552,,,458.104,163.217,0.75,Running,0,0,89.15,13.04,296,150.795,,,,,,,,,
2026-05-02 05:00:00,hourly,TC-01,Trunk Conveyor 01,Trunk Conveyor,Underground,2.122,55.262,98.475,,,451.953,145.645,0.99,Running,0,2,91.22,11.61,296,167.063,,,,,,,,,
2026-05-02 06:00:00,hourly,TC-01,Trunk Conveyor 01,Trunk Conveyor,Underground,2.231,53.863,84.204,,,466.082,140.344,0.91,Running,0,5,96.32,9.04,293,156.072,,,,,,,,,
2026-05-02 07:00:00,hourly,TC-01,Trunk Conveyor 01,Trunk Conveyor,Underground,2.828,52.302,95.706,,,433.503,158.608,0.72,Running,0,4,90.51,12.95,292,154.586,,,,,,,,,
2026-05-02 08:00:00,hourly,TC-01,Trunk Conveyor 01,Trunk Conveyor,Underground,2.384,52.903,80.834,,,461.411,150.243,0.95,Running,0,2,93.46,8.4,288,154.188,,,,,,,,,
2026-05-02 09:00:00,hourly,TC-01,Trunk Conveyor 01,Trunk Conveyor,Underground,2.434,56.953,91.626,,,468.539,148.455,0.88,Running,1,8,86.66,20.36,289,173.029,,,,,,,,,
2026-05-02 10:00:00,hourly,TC-01,Trunk Conveyor 01,Trunk Conveyor,Underground,2.345,55.223,89.641,,,468.275,159.267,0.81,Running,0,8,90.35,15.34,289,149.622,,,,,,,,,
2026-05-02 11:00:00,hourly,TC-01,Trunk Conveyor 01,Trunk Conveyor,Underground,2.742,56.653,96.006,,,479.847,147.746,0.87,Running,0,7,92.3,12.1,295,151.912,,,,,,,,,
2026-05-02 12:00:00,hourly,TC-01,Trunk Conveyor 01,Trunk Conveyor,Underground,2.089,57.292,87.244,,,439.062,153.685,0.89,Running,0,6,90.78,13.31,290,151.264,,,,,,,,,
2026-05-02 13:00:00,hourly,TC-01,Trunk Conveyor 01,Trunk Conveyor,Underground,2.659,52.911,87.427,,,440.968,151.555,0.76,Running,0,9,89.71,12.2,290,128.487,,,,,,,,,
2026-05-02 14:00:00,hourly,TC-01,Trunk Conveyor 01,Trunk Conveyor,Underground,2.117,55.573,95.195,,,445.955,179.315,0.89,Running,0,5,90.68,11.55,285,151.138,,,,,,,,,
2026-05-02 15:00:00,hourly,TC-01,Trunk Conveyor 01,Trunk Conveyor,Underground,2.099,52.474,99.24,,,429.745,148.908,0.79,Running,0,3,92.28,7.62,294,161.296,,,,,,,,,
2026-05-02 16:00:00,hourly,TC-01,Trunk Conveyor 01,Trunk Conveyor,Underground,2.195,55.96,92.21,,,459.513,158.55,0.89,Running,0,5,94.12,7.78,285,155.781,,,,,,,,,
2026-05-02 17:00:00,hourly,TC-01,Trunk Conveyor 01,Trunk Conveyor,Underground,2.387,55.591,106.135,,,461.972,147.865,0.81,Running,0,2,92.38,9.82,287,166.742,,,,,,,,,
2026-05-02 18:00:00,hourly,TC-01,Trunk Conveyor 01,Trunk Conveyor,Underground,2.27,50.298,90.141,,,459.924,154.173,0.74,Running,0,4,89.85,13.15,293,158.764,,,,,,,,,
2026-05-02 19:00:00,hourly,TC-01,Trunk Conveyor 01,Trunk Conveyor,Underground,2.259,54.829,96.282,,,452.502,148.361,0.87,Running,0,0,90.27,14.18,291,155.647,,,,,,,,,
2026-05-02 20:00:00,hourly,TC-01,Trunk Conveyor 01,Trunk Conveyor,Underground,2.228,52.564,94.254,,,467.915,157.285,0.79,Running,0,11,90.27,12.31,284,159.904,,,,,,,,,
2026-05-02 21:00:00,hourly,TC-01,Trunk Conveyor 01,Trunk Conveyor,Underground,2.232,53.495,90.153,,,460.161,149.267,0.83,Running,0,13,89.23,14.4,283,154.141,,,,,,,,,
2026-05-02 22:00:00,hourly,TC-01,Trunk Conveyor 01,Trunk Conveyor,Underground,2.227,52.922,100.081,,,438.96,154.662,0.85,Running,0,4,90.35,12.54,286,147.043,,,,,,,,,
2026-05-02 23:00:00,hourly,TC-01,Trunk Conveyor 01,Trunk Conveyor,Underground,2.461,55.745,86.874,,,396.703,143.328,0.94,Running,1,8,90.14,13.73,284,148.718,,,,,,,,,
2026-05-03 00:00:00,hourly,TC-01,Trunk Conveyor 01,Trunk Conveyor,Underground,2.287,52.882,79.764,,,443.844,142.964,0.79,Running,1,10,88.65,16.62,281,123.921,,,,,,,,,
2026-05-03 01:00:00,hourly,TC-01,Trunk Conveyor 01,Trunk Conveyor,Underground,1.881,51.812,91.466,,,450.499,133.197,0.75,Running,0,4,91.89,8.66,283,167.682,,,,,,,,,
2026-05-03 02:00:00,hourly,TC-01,Trunk Conveyor 01,Trunk Conveyor,Underground,2.407,52.662,90.684,,,450.646,153.43,0.95,Running,0,9,91.21,13.21,275,147.957,,,,,,,,,
2026-05-03 03:00:00,hourly,TC-01,Trunk Conveyor 01,Trunk Conveyor,Underground,2.565,53.731,98.606,,,446.564,144.299,0.82,Running,0,1,89.49,15.24,289,138.662,,,,,,,,,
2026-05-03 04:00:00,hourly,TC-01,Trunk Conveyor 01,Trunk Conveyor,Underground,2.359,54.858,84.734,,,440.124,169.901,0.78,Running,0,5,90.74,13.8,289,146.112,,,,,,,,,
2026-05-03 05:00:00,hourly,TC-01,Trunk Conveyor 01,Trunk Conveyor,Underground,2.163,56.273,95.378,,,434.542,145.893,0.85,Running,0,0,88.95,15.74,291,169.473,,,,,,,,,
2026-05-03 06:00:00,hourly,TC-01,Trunk Conveyor 01,Trunk Conveyor,Underground,2.565,55.047,94.654,,,431.188,161.363,0.79,Running,0,2,89.59,15.3,286,150.936,,,,,,,,,
2026-05-03 07:00:00,hourly,TC-01,Trunk Conveyor 01,Trunk Conveyor,Underground,2.141,55.175,94.179,,,457.607,160.447,0.8,Running,1,0,91.56,10.99,283,152.974,,,,,,,,,
2026-05-03 08:00:00,hourly,TC-01,Trunk Conveyor 01,Trunk Conveyor,Underground,2.352,55.455,98.51,,,469.364,147.936,1.0,Running,0,0,91.2,13.21,288,173.098,,,,,,,,,
2026-05-03 09:00:00,hourly,TC-01,Trunk Conveyor 01,Trunk Conveyor,Underground,2.412,55.599,92.108,,,427.25,143.521,0.74,Running,0,5,89.61,16.84,281,159.342,,,,,,,,,
2026-05-03 10:00:00,hourly,TC-01,Trunk Conveyor 01,Trunk Conveyor,Underground,2.632,55.989,92.565,,,448.666,148.942,0.7,Running,0,6,90.91,11.74,278,146.984,,,,,,,,,
2026-05-03 11:00:00,hourly,TC-01,Trunk Conveyor 01,Trunk Conveyor,Underground,2.532,58.64,94.957,,,463.963,160.37,0.92,Running,0,3,90.28,12.69,283,131.458,,,,,,,,,
2026-05-03 12:00:00,hourly,TC-01,Trunk Conveyor 01,Trunk Conveyor,Underground,2.465,55.574,91.647,,,446.363,170.727,0.79,Running,0,4,88.78,16.96,285,157.187,,,,,,,,,
2026-05-03 13:00:00,hourly,TC-01,Trunk Conveyor 01,Trunk Conveyor,Underground,2.603,54.65,84.142,,,462.648,139.047,0.85,Running,1,3,90.1,12.76,280,142.7,,,,,,,,,
2026-05-03 14:00:00,hourly,TC-01,Trunk Conveyor 01,Trunk Conveyor,Underground,2.186,53.299,89.802,,,469.167,150.291,0.87,Running,0,5,91.04,11.11,278,157.421,,,,,,,,,
2026-05-03 15:00:00,hourly,TC-01,Trunk Conveyor 01,Trunk Conveyor,Underground,2.734,54.696,90.715,,,456.853,144.723,0.68,Running,0,3,90.82,13.69,281,149.634,,,,,,,,,
2026-05-03 16:00:00,hourly,TC-01,Trunk Conveyor 01,Trunk Conveyor,Underground,1.805,56.217,88.898,,,440.828,146.911,0.91,Running,1,2,87.61,16.49,284,154.663,,,,,,,,,
2026-05-03 17:00:00,hourly,TC-01,Trunk Conveyor 01,Trunk Conveyor,Underground,2.704,51.949,90.376,,,473.419,165.53,0.78,Running,0,10,90.57,15.65,281,160.023,,,,,,,,,
2026-05-03 18:00:00,hourly,TC-01,Trunk Conveyor 01,Trunk Conveyor,Underground,2.25,56.409,93.356,,,444.93,143.244,0.97,Running,0,2,90.33,12.61,292,131.149,,,,,,,,,
2026-05-03 19:00:00,hourly,TC-01,Trunk Conveyor 01,Trunk Conveyor,Underground,2.494,53.377,90.639,,,444.927,135.706,0.76,Running,1,1,87.23,16.24,281,151.589,,,,,,,,,
2026-05-03 20:00:00,hourly,TC-01,Trunk Conveyor 01,Trunk Conveyor,Underground,2.708,53.729,97.409,,,459.006,151.993,0.95,Running,0,9,88.96,15.44,284,149.975,,,,,,,,,
2026-05-03 21:00:00,hourly,TC-01,Trunk Conveyor 01,Trunk Conveyor,Underground,2.531,55.088,97.507,,,444.308,153.593,0.96,Running,0,0,91.03,13.44,275,153.344,,,,,,,,,
2026-05-03 22:00:00,hourly,TC-01,Trunk Conveyor 01,Trunk Conveyor,Underground,2.494,53.202,78.02,,,445.703,146.389,0.78,Running,0,8,92.44,11.23,283,155.727,,,,,,,,,
2026-05-03 23:00:00,hourly,TC-01,Trunk Conveyor 01,Trunk Conveyor,Underground,2.593,54.978,83.697,,,443.001,144.049,0.8,Running,0,3,87.58,18.46,278,151.853,,,,,,,,,
2026-05-04 00:00:00,hourly,TC-01,Trunk Conveyor 01,Trunk Conveyor,Underground,2.124,52.08,77.871,,,446.473,151.626,0.79,Running,0,4,91.76,10.43,280,143.057,,,,,,,,,
2026-05-04 01:00:00,hourly,TC-01,Trunk Conveyor 01,Trunk Conveyor,Underground,2.154,55.732,90.66,,,453.267,138.036,0.94,Running,1,3,87.17,20.24,286,137.762,,,,,,,,,
2026-05-04 02:00:00,hourly,TC-01,Trunk Conveyor 01,Trunk Conveyor,Underground,2.474,54.51,90.291,,,414.21,153.983,0.83,Running,0,3,92.4,7.34,278,132.723,,,,,,,,,
2026-05-04 03:00:00,hourly,TC-01,Trunk Conveyor 01,Trunk Conveyor,Underground,2.381,54.153,93.216,,,447.953,147.06,0.86,Running,0,3,89.76,12.77,274,151.506,,,,,,,,,
2026-05-04 04:00:00,hourly,TC-01,Trunk Conveyor 01,Trunk Conveyor,Underground,2.358,54.656,97.369,,,417.943,162.675,0.81,Running,0,2,88.98,15.5,274,155.986,,,,,,,,,
2026-05-04 05:00:00,hourly,TC-01,Trunk Conveyor 01,Trunk Conveyor,Underground,2.668,54.127,92.061,,,442.39,153.06,0.86,Running,0,0,90.68,11.65,279,146.432,,,,,,,,,
2026-05-04 06:00:00,hourly,TC-01,Trunk Conveyor 01,Trunk Conveyor,Underground,2.651,54.96,88.703,,,455.792,148.815,0.86,Running,1,4,88.56,15.4,279,159.334,,,,,,,,,
2026-05-04 07:00:00,hourly,TC-01,Trunk Conveyor 01,Trunk Conveyor,Underground,2.237,53.793,92.298,,,443.808,148.131,0.77,Running,0,6,90.91,10.77,278,148.939,,,,,,,,,
2026-05-04 08:00:00,hourly,TC-01,Trunk Conveyor 01,Trunk Conveyor,Underground,2.51,53.645,89.364,,,462.352,132.797,0.96,Running,0,8,89.87,13.77,273,149.259,,,,,,,,,
2026-05-04 09:00:00,hourly,TC-01,Trunk Conveyor 01,Trunk Conveyor,Underground,2.109,50.988,83.467,,,455.953,149.086,0.8,Running,1,5,83.95,23.39,286,134.382,,,,,,,,,
2026-05-04 10:00:00,hourly,TC-01,Trunk Conveyor 01,Trunk Conveyor,Underground,2.104,56.629,98.082,,,410.883,148.376,0.9,Running,0,3,88.74,14.7,283,145.328,,,,,,,,,
2026-05-04 11:00:00,hourly,TC-01,Trunk Conveyor 01,Trunk Conveyor,Underground,2.244,52.08,94.886,,,471.252,150.67,0.72,Running,1,4,90.32,11.79,278,160.335,,,,,,,,,
2026-05-04 12:00:00,hourly,TC-01,Trunk Conveyor 01,Trunk Conveyor,Underground,2.412,57.084,101.036,,,454.181,148.497,0.87,Running,0,4,91.71,10.69,271,165.582,,,,,,,,,
2026-05-04 13:00:00,hourly,TC-01,Trunk Conveyor 01,Trunk Conveyor,Underground,2.292,53.741,84.924,,,439.437,163.066,0.91,Running,0,6,90.52,15.49,283,148.118,,,,,,,,,
2026-05-04 14:00:00,hourly,TC-01,Trunk Conveyor 01,Trunk Conveyor,Underground,2.513,56.371,82.661,,,441.223,147.793,0.84,Running,1,4,91.65,13.88,281,159.752,,,,,,,,,
2026-05-04 15:00:00,hourly,TC-01,Trunk Conveyor 01,Trunk Conveyor,Underground,2.42,56.057,86.737,,,412.152,142.621,0.91,Running,0,5,88.52,15.11,276,165.775,,,,,,,,,
2026-05-04 16:00:00,hourly,TC-01,Trunk Conveyor 01,Trunk Conveyor,Underground,2.646,55.915,94.75,,,453.593,135.236,0.76,Running,0,4,91.1,13.47,281,139.907,,,,,,,,,
2026-05-04 17:00:00,hourly,TC-01,Trunk Conveyor 01,Trunk Conveyor,Underground,2.533,54.269,97.514,,,461.391,146.207,0.86,Running,1,0,91.11,12.41,273,153.712,,,,,,,,,
2026-05-04 18:00:00,hourly,TC-01,Trunk Conveyor 01,Trunk Conveyor,Underground,2.216,52.037,94.082,,,437.426,140.799,0.7,Running,1,6,87.3,20.35,271,152.316,,,,,,,,,
2026-05-04 19:00:00,hourly,TC-01,Trunk Conveyor 01,Trunk Conveyor,Underground,2.604,53.861,93.23,,,433.373,138.544,0.83,Running,0,7,91.65,12.07,276,162.05,,,,,,,,,
2026-05-04 20:00:00,hourly,TC-01,Trunk Conveyor 01,Trunk Conveyor,Underground,2.252,53.625,97.499,,,452.189,147.421,0.76,Running,1,10,90.4,13.04,268,141.041,,,,,,,,,
2026-05-04 21:00:00,hourly,TC-01,Trunk Conveyor 01,Trunk Conveyor,Underground,2.507,54.009,89.619,,,471.16,160.474,0.81,Running,1,13,89.41,18.03,270,153.702,,,,,,,,,
2026-05-04 22:00:00,hourly,TC-01,Trunk Conveyor 01,Trunk Conveyor,Underground,2.326,51.985,98.718,,,469.287,158.647,0.93,Running,0,6,89.36,13.04,276,147.39,,,,,,,,,
2026-05-04 23:00:00,hourly,TC-01,Trunk Conveyor 01,Trunk Conveyor,Underground,2.69,53.681,104.293,,,464.57,138.696,0.96,Running,1,2,88.16,17.21,275,154.909,,,,,,,,,
2026-05-05 00:00:00,hourly,TC-01,Trunk Conveyor 01,Trunk Conveyor,Underground,2.571,48.938,86.01,,,486.008,150.567,0.72,Running,0,4,90.82,15.59,268,163.672,,,,,,,,,
2026-05-05 01:00:00,hourly,TC-01,Trunk Conveyor 01,Trunk Conveyor,Underground,2.287,53.66,90.866,,,466.28,154.047,0.92,Running,1,3,90.28,14.94,272,166.489,,,,,,,,,
2026-05-05 02:00:00,hourly,TC-01,Trunk Conveyor 01,Trunk Conveyor,Underground,2.349,54.429,84.055,,,470.458,155.503,0.93,Running,0,1,90.71,11.48,268,163.773,,,,,,,,,
2026-05-05 03:00:00,hourly,TC-01,Trunk Conveyor 01,Trunk Conveyor,Underground,3.08,52.797,86.607,,,451.203,164.676,0.85,Running,1,2,89.89,12.52,271,139.35,,,,,,,,,
2026-05-05 04:00:00,hourly,TC-01,Trunk Conveyor 01,Trunk Conveyor,Underground,2.174,53.72,94.757,,,443.391,139.719,0.93,Running,0,2,90.07,11.08,270,145.043,,,,,,,,,
2026-05-05 05:00:00,hourly,TC-01,Trunk Conveyor 01,Trunk Conveyor,Underground,2.282,54.501,82.292,,,470.052,142.276,0.79,Running,0,1,89.26,18.01,276,161.318,,,,,,,,,
2026-05-05 06:00:00,hourly,TC-01,Trunk Conveyor 01,Trunk Conveyor,Underground,2.292,56.033,87.732,,,431.966,144.287,0.78,Running,0,6,91.44,9.72,271,156.903,,,,,,,,,
2026-05-05 07:00:00,hourly,TC-01,Trunk Conveyor 01,Trunk Conveyor,Underground,2.195,56.111,98.735,,,457.249,153.55,0.78,Running,0,8,90.67,14.49,271,147.363,,,,,,,,,
2026-05-05 08:00:00,hourly,TC-01,Trunk Conveyor 01,Trunk Conveyor,Underground,2.216,54.764,93.758,,,438.675,125.758,0.88,Running,0,4,89.96,11.21,270,140.174,,,,,,,,,
2026-05-05 09:00:00,hourly,TC-01,Trunk Conveyor 01,Trunk Conveyor,Underground,2.406,54.163,97.029,,,455.721,148.199,0.81,Running,1,10,89.45,19.88,264,107.283,,,,,,,,,
2026-05-05 10:00:00,hourly,TC-01,Trunk Conveyor 01,Trunk Conveyor,Underground,2.523,54.857,84.663,,,454.433,134.218,0.76,Running,0,8,86.82,15.75,271,132.724,,,,,,,,,
2026-05-05 11:00:00,hourly,TC-01,Trunk Conveyor 01,Trunk Conveyor,Underground,2.109,57.46,92.835,,,452.541,150.241,0.77,Running,1,4,86.46,19.04,273,146.902,,,,,,,,,
2026-05-05 12:00:00,hourly,TC-01,Trunk Conveyor 01,Trunk Conveyor,Underground,2.328,55.125,103.753,,,449.284,168.895,0.82,Running,1,15,89.03,17.79,271,147.071,,,,,,,,,
2026-05-05 13:00:00,hourly,TC-01,Trunk Conveyor 01,Trunk Conveyor,Underground,2.268,54.693,88.465,,,459.185,158.376,0.75,Running,0,2,91.63,10.31,273,154.789,,,,,,,,,
2026-05-05 14:00:00,hourly,TC-01,Trunk Conveyor 01,Trunk Conveyor,Underground,2.195,56.157,89.512,,,462.067,139.233,0.87,Running,0,0,88.46,17.29,273,156.887,,,,,,,,,
2026-05-05 15:00:00,hourly,TC-01,Trunk Conveyor 01,Trunk Conveyor,Underground,2.628,54.315,95.934,,,424.412,146.504,0.92,Running,0,7,88.5,15.53,278,175.121,,,,,,,,,
2026-05-05 16:00:00,hourly,TC-01,Trunk Conveyor 01,Trunk Conveyor,Underground,2.276,52.694,87.049,,,448.772,142.266,0.9,Running,0,10,88.0,17.58,265,141.806,,,,,,,,,
2026-05-05 17:00:00,hourly,TC-01,Trunk Conveyor 01,Trunk Conveyor,Underground,2.155,55.059,96.756,,,442.06,161.928,1.0,Running,1,6,87.47,19.7,270,128.813,,,,,,,,,
2026-05-05 18:00:00,hourly,TC-01,Trunk Conveyor 01,Trunk Conveyor,Underground,2.606,54.541,81.676,,,453.076,130.462,0.85,Running,1,11,88.06,15.86,270,140.061,,,,,,,,,
2026-05-05 19:00:00,hourly,TC-01,Trunk Conveyor 01,Trunk Conveyor,Underground,2.68,53.843,77.906,,,442.088,146.328,0.96,Running,1,8,89.95,17.06,267,168.725,,,,,,,,,
2026-05-05 20:00:00,hourly,TC-01,Trunk Conveyor 01,Trunk Conveyor,Underground,2.478,55.217,94.35,,,472.526,144.015,0.83,Running,0,3,88.7,16.52,266,150.425,,,,,,,,,
2026-05-05 21:00:00,hourly,TC-01,Trunk Conveyor 01,Trunk Conveyor,Underground,2.242,50.978,86.589,,,448.342,139.727,0.8,Running,0,5,88.61,19.84,270,161.422,,,,,,,,,
2026-05-05 22:00:00,hourly,TC-01,Trunk Conveyor 01,Trunk Conveyor,Underground,2.375,53.269,89.077,,,467.325,165.215,0.83,Running,0,6,88.45,14.5,269,144.097,,,,,,,,,
2026-05-05 23:00:00,hourly,TC-01,Trunk Conveyor 01,Trunk Conveyor,Underground,2.3,52.663,97.736,,,432.425,136.195,0.83,Running,1,5,89.82,12.97,263,144.775,,,,,,,,,
2026-05-06 00:00:00,hourly,TC-01,Trunk Conveyor 01,Trunk Conveyor,Underground,2.421,52.852,96.225,,,444.507,139.545,0.81,Running,1,9,90.05,13.47,260,131.437,,,,,,,,,
2026-05-06 01:00:00,hourly,TC-01,Trunk Conveyor 01,Trunk Conveyor,Underground,2.575,53.971,85.12,,,438.492,164.656,0.73,Running,1,10,86.42,16.59,265,146.658,,,,,,,,,
2026-05-06 02:00:00,hourly,TC-01,Trunk Conveyor 01,Trunk Conveyor,Underground,2.427,52.612,95.606,,,456.639,149.402,0.74,Running,1,0,88.17,18.41,264,150.418,,,,,,,,,
2026-05-06 03:00:00,hourly,TC-01,Trunk Conveyor 01,Trunk Conveyor,Underground,2.431,57.271,90.691,,,428.219,148.721,0.91,Running,0,5,89.23,14.92,269,159.844,,,,,,,,,
2026-05-06 04:00:00,hourly,TC-01,Trunk Conveyor 01,Trunk Conveyor,Underground,2.33,55.068,94.998,,,418.786,144.675,0.89,Running,0,1,90.06,11.62,262,156.475,,,,,,,,,
2026-05-06 05:00:00,hourly,TC-01,Trunk Conveyor 01,Trunk Conveyor,Underground,2.566,52.827,92.379,,,438.281,150.286,0.96,Running,0,10,89.55,12.99,265,172.164,,,,,,,,,
2026-05-06 06:00:00,hourly,TC-01,Trunk Conveyor 01,Trunk Conveyor,Underground,2.507,51.126,83.483,,,459.638,146.446,0.79,Running,0,2,90.64,11.36,259,148.616,,,,,,,,,
2026-05-06 07:00:00,hourly,TC-01,Trunk Conveyor 01,Trunk Conveyor,Underground,2.065,53.211,88.229,,,434.959,143.699,0.78,Running,0,9,87.05,19.98,259,152.978,,,,,,,,,
2026-05-06 08:00:00,hourly,TC-01,Trunk Conveyor 01,Trunk Conveyor,Underground,2.077,53.669,78.039,,,454.311,137.7,0.73,Running,1,3,89.96,14.97,262,150.141,,,,,,,,,
2026-05-06 09:00:00,hourly,TC-01,Trunk Conveyor 01,Trunk Conveyor,Underground,2.367,53.122,93.627,,,437.875,150.678,0.9,Running,0,0,92.56,10.15,264,142.669,,,,,,,,,
2026-05-06 10:00:00,hourly,TC-01,Trunk Conveyor 01,Trunk Conveyor,Underground,2.628,58.844,94.902,,,417.972,144.945,0.75,Running,0,1,89.34,14.2,261,154.824,,,,,,,,,
2026-05-06 11:00:00,hourly,TC-01,Trunk Conveyor 01,Trunk Conveyor,Underground,2.668,51.292,88.298,,,464.854,146.098,0.82,Running,0,5,89.39,14.38,265,147.288,,,,,,,,,
2026-05-06 12:00:00,hourly,TC-01,Trunk Conveyor 01,Trunk Conveyor,Underground,2.587,54.363,91.834,,,461.204,156.26,0.85,Running,1,9,90.06,17.48,257,168.618,,,,,,,,,
2026-05-06 13:00:00,hourly,TC-01,Trunk Conveyor 01,Trunk Conveyor,Underground,2.405,54.04,86.688,,,448.795,145.774,0.69,Running,0,8,88.34,15.86,263,141.642,,,,,,,,,
2026-05-06 14:00:00,hourly,TC-01,Trunk Conveyor 01,Trunk Conveyor,Underground,2.728,53.827,100.075,,,450.28,149.339,0.88,Running,0,1,87.68,18.96,263,146.59,,,,,,,,,
2026-05-06 15:00:00,hourly,TC-01,Trunk Conveyor 01,Trunk Conveyor,Underground,2.291,50.787,84.825,,,445.769,165.394,0.9,Running,1,7,89.27,14.36,257,136.649,,,,,,,,,
2026-05-06 16:00:00,hourly,TC-01,Trunk Conveyor 01,Trunk Conveyor,Underground,2.367,54.203,90.679,,,430.914,153.786,0.84,Running,1,14,86.52,22.24,264,154.055,,,,,,,,,
2026-05-06 17:00:00,hourly,TC-01,Trunk Conveyor 01,Trunk Conveyor,Underground,2.152,54.607,84.759,,,473.005,145.478,0.81,Running,0,6,89.78,11.87,254,135.733,,,,,,,,,
2026-05-06 18:00:00,hourly,TC-01,Trunk Conveyor 01,Trunk Conveyor,Underground,2.367,55.562,93.962,,,447.682,140.464,0.82,Running,0,5,90.03,15.57,260,150.249,,,,,,,,,
2026-05-06 19:00:00,hourly,TC-01,Trunk Conveyor 01,Trunk Conveyor,Underground,2.264,55.156,98.787,,,455.998,149.147,0.93,Running,1,7,86.55,17.31,265,137.482,,,,,,,,,
2026-05-06 20:00:00,hourly,TC-01,Trunk Conveyor 01,Trunk Conveyor,Underground,2.744,56.481,80.106,,,440.506,157.433,0.82,Running,1,8,89.36,19.33,253,139.524,,,,,,,,,
2026-05-06 21:00:00,hourly,TC-01,Trunk Conveyor 01,Trunk Conveyor,Underground,2.705,50.607,96.49,,,457.453,145.035,0.82,Running,1,13,88.73,17.17,264,141.932,,,,,,,,,
2026-05-06 22:00:00,hourly,TC-01,Trunk Conveyor 01,Trunk Conveyor,Underground,2.45,53.87,102.359,,,470.09,149.959,0.77,Running,0,7,91.43,8.59,257,158.373,,,,,,,,,
2026-05-06 23:00:00,hourly,TC-01,Trunk Conveyor 01,Trunk Conveyor,Underground,2.531,58.803,93.348,,,452.473,144.811,0.6,Running,0,6,91.14,10.54,259,149.311,,,,,,,,,
2026-05-07 00:00:00,hourly,TC-01,Trunk Conveyor 01,Trunk Conveyor,Underground,2.317,56.205,88.53,,,455.96,146.684,0.91,Running,1,6,90.38,14.84,266,149.003,,,,,,,,,
2026-05-07 01:00:00,hourly,TC-01,Trunk Conveyor 01,Trunk Conveyor,Underground,1.931,51.683,92.354,,,465.27,138.86,0.82,Running,1,5,90.95,13.98,258,156.543,,,,,,,,,
2026-05-07 02:00:00,hourly,TC-01,Trunk Conveyor 01,Trunk Conveyor,Underground,2.286,54.46,89.313,,,462.194,152.252,0.75,Running,0,7,88.41,17.39,267,143.098,,,,,,,,,
2026-05-07 03:00:00,hourly,TC-01,Trunk Conveyor 01,Trunk Conveyor,Underground,2.588,52.418,104.377,,,468.253,151.115,0.99,Running,1,7,89.4,15.16,259,128.738,,,,,,,,,
2026-05-07 04:00:00,hourly,TC-01,Trunk Conveyor 01,Trunk Conveyor,Underground,2.526,53.529,97.605,,,455.23,163.09,0.86,Running,0,4,88.56,15.38,259,138.276,,,,,,,,,
2026-05-07 05:00:00,hourly,TC-01,Trunk Conveyor 01,Trunk Conveyor,Underground,2.361,57.907,98.002,,,455.216,150.757,0.8,Running,1,18,87.35,19.88,263,147.221,,,,,,,,,
2026-05-07 06:00:00,hourly,TC-01,Trunk Conveyor 01,Trunk Conveyor,Underground,2.587,56.035,105.534,,,453.755,143.367,0.9,Running,1,3,89.07,13.58,261,149.831,,,,,,,,,
2026-05-07 07:00:00,hourly,TC-01,Trunk Conveyor 01,Trunk Conveyor,Underground,2.345,51.576,100.675,,,465.008,162.853,0.85,Running,1,11,88.78,15.81,260,156.518,,,,,,,,,
2026-05-07 08:00:00,hourly,TC-01,Trunk Conveyor 01,Trunk Conveyor,Underground,2.212,52.937,91.884,,,441.667,153.064,0.85,Running,0,0,88.58,14.75,257,148.777,,,,,,,,,
2026-05-07 09:00:00,hourly,TC-01,Trunk Conveyor 01,Trunk Conveyor,Underground,2.588,54.318,92.769,,,458.984,151.489,0.77,Running,0,5,88.79,14.3,252,161.563,,,,,,,,,
2026-05-07 10:00:00,hourly,TC-01,Trunk Conveyor 01,Trunk Conveyor,Underground,2.318,53.843,106.78,,,490.784,149.659,0.88,Running,0,5,88.96,14.53,252,154.356,,,,,,,,,
2026-05-07 11:00:00,hourly,TC-01,Trunk Conveyor 01,Trunk Conveyor,Underground,2.646,54.885,88.19,,,455.888,151.148,0.9,Running,0,6,90.27,12.15,263,134.893,,,,,,,,,
2026-05-07 12:00:00,hourly,TC-01,Trunk Conveyor 01,Trunk Conveyor,Underground,2.042,52.93,91.6,,,427.874,141.999,0.77,Running,0,6,87.9,18.04,264,122.365,,,,,,,,,
2026-05-07 13:00:00,hourly,TC-01,Trunk Conveyor 01,Trunk Conveyor,Underground,2.327,53.666,86.556,,,444.196,149.011,0.67,Running,1,12,86.77,15.57,258,139.306,,,,,,,,,
2026-05-07 14:00:00,hourly,TC-01,Trunk Conveyor 01,Trunk Conveyor,Underground,2.561,52.913,81.729,,,460.589,147.775,0.9,Running,0,5,89.89,15.02,250,151.906,,,,,,,,,
2026-05-07 15:00:00,hourly,TC-01,Trunk Conveyor 01,Trunk Conveyor,Underground,2.541,53.668,87.364,,,437.34,152.962,0.87,Running,1,2,90.16,12.51,254,154.474,,,,,,,,,
2026-05-07 16:00:00,hourly,TC-01,Trunk Conveyor 01,Trunk Conveyor,Underground,2.398,55.599,87.486,,,431.805,159.803,0.89,Running,1,2,89.34,14.98,253,149.236,,,,,,,,,
2026-05-07 17:00:00,hourly,TC-01,Trunk Conveyor 01,Trunk Conveyor,Underground,2.5,54.869,88.901,,,424.576,158.451,0.82,Running,0,5,86.93,17.96,254,151.721,,,,,,,,,
2026-05-07 18:00:00,hourly,TC-01,Trunk Conveyor 01,Trunk Conveyor,Underground,2.471,53.074,96.329,,,445.65,154.361,0.9,Running,0,9,88.52,15.07,252,164.927,,,,,,,,,
2026-05-07 19:00:00,hourly,TC-01,Trunk Conveyor 01,Trunk Conveyor,Underground,2.145,56.377,92.589,,,478.405,134.251,0.77,Running,1,11,89.17,17.58,258,150.558,,,,,,,,,
2026-05-07 20:00:00,hourly,TC-01,Trunk Conveyor 01,Trunk Conveyor,Underground,2.371,56.256,98.73,,,439.829,145.852,0.81,Running,0,2,86.99,17.47,256,154.255,,,,,,,,,
2026-05-07 21:00:00,hourly,TC-01,Trunk Conveyor 01,Trunk Conveyor,Underground,2.489,54.341,93.575,,,465.152,133.37,0.74,Running,1,4,87.46,18.96,262,167.97,,,,,,,,,
2026-05-07 22:00:00,hourly,TC-01,Trunk Conveyor 01,Trunk Conveyor,Underground,2.545,53.881,93.748,,,444.36,159.51,0.91,Running,1,2,88.43,17.62,253,130.487,,,,,,,,,
2026-05-07 23:00:00,hourly,TC-01,Trunk Conveyor 01,Trunk Conveyor,Underground,2.431,57.521,90.93,,,442.408,148.69,0.82,Running,0,4,90.55,12.69,255,169.221,,,,,,,,,
2026-05-08 00:00:00,hourly,TC-01,Trunk Conveyor 01,Trunk Conveyor,Underground,2.334,57.243,104.364,,,458.68,148.452,0.84,Running,1,8,89.0,12.89,257,122.267,,,,,,,,,
2026-05-08 01:00:00,hourly,TC-01,Trunk Conveyor 01,Trunk Conveyor,Underground,2.178,51.626,90.146,,,421.764,143.608,0.85,Running,0,7,87.7,15.45,258,141.333,,,,,,,,,
2026-05-08 02:00:00,hourly,TC-01,Trunk Conveyor 01,Trunk Conveyor,Underground,2.596,56.505,98.191,,,479.415,161.159,0.8,Running,1,10,88.28,18.97,249,144.272,,,,,,,,,
2026-05-08 03:00:00,hourly,TC-01,Trunk Conveyor 01,Trunk Conveyor,Underground,2.574,57.46,85.602,,,459.034,150.7,0.89,Running,0,11,87.52,18.46,255,132.459,,,,,,,,,
2026-05-08 04:00:00,hourly,TC-01,Trunk Conveyor 01,Trunk Conveyor,Underground,2.643,55.541,91.239,,,468.284,148.759,0.95,Running,1,4,87.91,17.2,254,148.614,,,,,,,,,
2026-05-08 05:00:00,hourly,TC-01,Trunk Conveyor 01,Trunk Conveyor,Underground,2.23,53.521,104.75,,,444.712,150.919,0.9,Running,0,1,89.71,13.27,254,149.868,,,,,,,,,
2026-05-08 06:00:00,hourly,TC-01,Trunk Conveyor 01,Trunk Conveyor,Underground,2.471,53.742,96.819,,,458.285,151.612,0.68,Running,1,6,85.46,23.81,253,158.574,,,,,,,,,
2026-05-08 07:00:00,hourly,TC-01,Trunk Conveyor 01,Trunk Conveyor,Underground,2.308,57.445,84.315,,,466.136,148.585,0.83,Running,0,7,90.62,11.39,259,158.222,,,,,,,,,
2026-05-08 08:00:00,hourly,TC-01,Trunk Conveyor 01,Trunk Conveyor,Underground,2.456,55.872,86.527,,,447.709,161.163,0.83,Running,0,6,92.01,11.47,249,152.348,,,,,,,,,
2026-05-08 09:00:00,hourly,TC-01,Trunk Conveyor 01,Trunk Conveyor,Underground,3.028,55.356,102.335,,,433.62,161.074,0.92,Running,0,7,88.75,16.76,248,162.744,,,,,,,,,
2026-05-08 10:00:00,hourly,TC-01,Trunk Conveyor 01,Trunk Conveyor,Underground,2.628,58.572,93.257,,,432.357,150.651,0.78,Running,0,10,87.14,15.39,248,157.538,,,,,,,,,
2026-05-08 11:00:00,hourly,TC-01,Trunk Conveyor 01,Trunk Conveyor,Underground,2.297,52.562,91.08,,,441.719,142.809,0.74,Running,0,5,90.31,12.04,250,146.873,,,,,,,,,
2026-05-08 12:00:00,hourly,TC-01,Trunk Conveyor 01,Trunk Conveyor,Underground,2.397,54.214,88.062,,,453.411,152.754,0.89,Running,1,5,88.88,14.65,252,151.76,,,,,,,,,
2026-05-08 13:00:00,hourly,TC-01,Trunk Conveyor 01,Trunk Conveyor,Underground,2.376,54.722,90.836,,,446.39,144.458,0.82,Running,1,0,87.58,19.11,249,143.46,,,,,,,,,
2026-05-08 14:00:00,hourly,TC-01,Trunk Conveyor 01,Trunk Conveyor,Underground,2.473,54.002,101.228,,,440.508,162.661,0.77,Running,1,13,86.85,17.54,255,136.975,,,,,,,,,
2026-05-08 15:00:00,hourly,TC-01,Trunk Conveyor 01,Trunk Conveyor,Underground,2.144,51.072,88.549,,,461.517,163.958,0.8,Running,1,5,87.74,14.3,250,155.165,,,,,,,,,
2026-05-08 16:00:00,hourly,TC-01,Trunk Conveyor 01,Trunk Conveyor,Underground,2.514,56.194,89.142,,,441.01,156.309,0.71,Running,0,4,88.68,12.79,250,133.973,,,,,,,,,
2026-05-08 17:00:00,hourly,TC-01,Trunk Conveyor 01,Trunk Conveyor,Underground,2.026,53.037,96.356,,,438.548,139.385,0.83,Running,0,5,89.79,12.77,245,148.402,,,,,,,,,
2026-05-08 18:00:00,hourly,TC-01,Trunk Conveyor 01,Trunk Conveyor,Underground,2.115,53.007,86.525,,,466.209,145.64,0.8,Running,0,10,88.79,12.71,257,125.188,,,,,,,,,
2026-05-08 19:00:00,hourly,TC-01,Trunk Conveyor 01,Trunk Conveyor,Underground,2.85,53.748,87.158,,,459.206,148.034,0.86,Running,1,11,89.05,16.87,249,151.25,,,,,,,,,
2026-05-08 20:00:00,hourly,TC-01,Trunk Conveyor 01,Trunk Conveyor,Underground,2.378,53.982,92.81,,,427.241,142.276,0.8,Running,1,6,87.77,18.74,256,142.475,,,,,,,,,
2026-05-08 21:00:00,hourly,TC-01,Trunk Conveyor 01,Trunk Conveyor,Underground,2.736,54.18,92.965,,,425.333,147.119,0.82,Running,0,8,89.65,14.5,246,156.725,,,,,,,,,
2026-05-08 22:00:00,hourly,TC-01,Trunk Conveyor 01,Trunk Conveyor,Underground,2.289,56.136,87.926,,,429.344,151.944,0.78,Running,1,12,87.94,16.36,252,148.03,,,,,,,,,
2026-05-08 23:00:00,hourly,TC-01,Trunk Conveyor 01,Trunk Conveyor,Underground,2.031,56.508,95.625,,,448.728,154.599,0.8,Running,0,7,91.19,13.81,246,149.077,,,,,,,,,
2026-05-09 00:00:00,hourly,TC-01,Trunk Conveyor 01,Trunk Conveyor,Underground,2.241,53.939,94.103,,,470.487,161.448,0.73,Running,0,8,87.19,19.33,255,151.057,,,,,,,,,
2026-05-09 01:00:00,hourly,TC-01,Trunk Conveyor 01,Trunk Conveyor,Underground,2.989,53.332,80.954,,,475.324,149.668,0.9,Running,0,0,88.85,13.64,252,143.76,,,,,,,,,
2026-05-09 02:00:00,hourly,TC-01,Trunk Conveyor 01,Trunk Conveyor,Underground,2.17,54.18,97.483,,,462.775,147.166,0.82,Running,0,7,91.71,9.92,251,144.257,,,,,,,,,
2026-05-09 03:00:00,hourly,TC-01,Trunk Conveyor 01,Trunk Conveyor,Underground,2.808,52.804,89.387,,,483.694,138.277,0.66,Running,1,2,89.85,15.62,244,144.264,,,,,,,,,
2026-05-09 04:00:00,hourly,TC-01,Trunk Conveyor 01,Trunk Conveyor,Underground,2.522,54.364,97.645,,,452.887,153.0,0.69,Running,1,0,89.36,15.44,255,149.118,,,,,,,,,
2026-05-09 05:00:00,hourly,TC-01,Trunk Conveyor 01,Trunk Conveyor,Underground,2.477,52.715,105.292,,,469.216,145.804,0.9,Running,0,0,88.63,17.14,255,144.371,,,,,,,,,
2026-05-09 06:00:00,hourly,TC-01,Trunk Conveyor 01,Trunk Conveyor,Underground,2.304,58.249,92.416,,,438.968,148.007,0.82,Running,1,3,88.22,14.7,245,155.455,,,,,,,,,
2026-05-09 07:00:00,hourly,TC-01,Trunk Conveyor 01,Trunk Conveyor,Underground,2.273,54.653,88.954,,,421.235,144.797,0.82,Running,0,8,87.84,15.52,247,131.036,,,,,,,,,
2026-05-09 08:00:00,hourly,TC-01,Trunk Conveyor 01,Trunk Conveyor,Underground,2.567,53.457,101.1,,,443.685,145.054,0.82,Running,0,13,87.2,18.84,250,134.015,,,,,,,,,
2026-05-09 09:00:00,hourly,TC-01,Trunk Conveyor 01,Trunk Conveyor,Underground,2.718,55.698,87.798,,,446.984,156.358,0.86,Running,1,9,85.63,18.76,238,171.283,,,,,,,,,
2026-05-09 10:00:00,hourly,TC-01,Trunk Conveyor 01,Trunk Conveyor,Underground,2.494,52.212,104.192,,,495.76,149.39,0.94,Running,1,10,89.09,12.23,250,145.736,,,,,,,,,
2026-05-09 11:00:00,hourly,TC-01,Trunk Conveyor 01,Trunk Conveyor,Underground,2.603,53.151,90.06,,,449.22,163.964,0.86,Running,0,6,85.59,18.84,249,139.353,,,,,,,,,
2026-05-09 12:00:00,hourly,TC-01,Trunk Conveyor 01,Trunk Conveyor,Underground,2.37,55.197,89.085,,,430.903,139.847,0.84,Running,0,5,89.08,14.88,243,150.237,,,,,,,,,
2026-05-09 13:00:00,hourly,TC-01,Trunk Conveyor 01,Trunk Conveyor,Underground,2.89,54.681,107.046,,,466.583,161.167,0.77,Running,0,0,87.52,20.87,236,158.958,,,,,,,,,
2026-05-09 14:00:00,hourly,TC-01,Trunk Conveyor 01,Trunk Conveyor,Underground,2.504,56.327,95.034,,,435.543,145.478,0.7,Running,1,4,86.47,17.26,246,157.574,,,,,,,,,
2026-05-09 15:00:00,hourly,TC-01,Trunk Conveyor 01,Trunk Conveyor,Underground,2.863,49.529,102.592,,,451.795,149.422,0.86,Running,0,0,90.23,13.55,239,142.296,,,,,,,,,
2026-05-09 16:00:00,hourly,TC-01,Trunk Conveyor 01,Trunk Conveyor,Underground,2.263,55.917,92.708,,,464.998,154.372,0.86,Running,1,2,85.65,24.18,237,144.89,,,,,,,,,
2026-05-09 17:00:00,hourly,TC-01,Trunk Conveyor 01,Trunk Conveyor,Underground,2.448,53.469,92.286,,,432.433,159.164,0.91,Running,1,9,86.88,16.18,245,146.861,,,,,,,,,
2026-05-09 18:00:00,hourly,TC-01,Trunk Conveyor 01,Trunk Conveyor,Underground,2.671,52.343,75.323,,,476.512,159.522,0.96,Running,1,0,87.02,19.5,248,153.96,,,,,,,,,
2026-05-09 19:00:00,hourly,TC-01,Trunk Conveyor 01,Trunk Conveyor,Underground,2.486,51.35,98.95,,,469.476,159.35,0.73,Running,0,0,88.16,15.16,242,151.038,,,,,,,,,
2026-05-09 20:00:00,hourly,TC-01,Trunk Conveyor 01,Trunk Conveyor,Underground,2.561,53.454,95.196,,,455.548,148.064,0.77,Running,1,0,86.92,19.12,247,140.453,,,,,,,,,
2026-05-09 21:00:00,hourly,TC-01,Trunk Conveyor 01,Trunk Conveyor,Underground,2.262,57.319,92.218,,,480.715,166.255,0.87,Running,1,11,90.22,18.36,245,144.939,,,,,,,,,
2026-05-09 22:00:00,hourly,TC-01,Trunk Conveyor 01,Trunk Conveyor,Underground,2.377,56.203,96.445,,,442.3,155.479,0.82,Running,0,18,85.67,21.64,237,147.628,,,,,,,,,
2026-05-09 23:00:00,hourly,TC-01,Trunk Conveyor 01,Trunk Conveyor,Underground,2.284,57.403,93.128,,,463.471,123.464,0.94,Running,0,3,94.38,8.16,240,166.852,,,,,,,,,
2026-05-10 00:00:00,hourly,TC-01,Trunk Conveyor 01,Trunk Conveyor,Underground,2.442,54.259,87.243,,,454.19,150.485,0.8,Running,1,11,86.14,17.51,246,148.601,,,,,,,,,
2026-05-10 01:00:00,hourly,TC-01,Trunk Conveyor 01,Trunk Conveyor,Underground,2.422,54.659,95.084,,,437.686,146.761,0.98,Running,0,1,92.54,10.09,239,186.951,,,,,,,,,
2026-05-10 02:00:00,hourly,TC-01,Trunk Conveyor 01,Trunk Conveyor,Underground,2.354,51.626,91.769,,,438.223,147.375,0.82,Running,1,10,89.55,13.5,244,147.597,,,,,,,,,
2026-05-10 03:00:00,hourly,TC-01,Trunk Conveyor 01,Trunk Conveyor,Underground,2.586,51.628,97.364,,,485.718,155.928,0.95,Running,0,3,87.6,14.45,239,132.046,,,,,,,,,
2026-05-10 04:00:00,hourly,TC-01,Trunk Conveyor 01,Trunk Conveyor,Underground,2.247,54.21,91.241,,,468.222,152.965,0.63,Running,1,7,88.13,12.37,243,154.427,,,,,,,,,
2026-05-10 05:00:00,hourly,TC-01,Trunk Conveyor 01,Trunk Conveyor,Underground,2.031,51.999,90.115,,,465.161,144.12,0.86,Running,1,6,87.14,16.34,242,162.086,,,,,,,,,
2026-05-10 06:00:00,hourly,TC-01,Trunk Conveyor 01,Trunk Conveyor,Underground,2.346,52.936,89.667,,,437.89,163.737,0.82,Running,0,0,88.28,16.34,239,155.796,,,,,,,,,
2026-05-10 07:00:00,hourly,TC-01,Trunk Conveyor 01,Trunk Conveyor,Underground,2.892,54.559,87.633,,,461.884,138.647,0.65,Running,1,4,86.53,21.09,243,152.736,,,,,,,,,
2026-05-10 08:00:00,hourly,TC-01,Trunk Conveyor 01,Trunk Conveyor,Underground,2.563,56.774,89.806,,,442.512,138.042,0.82,Running,0,6,88.83,14.16,231,146.399,,,,,,,,,
2026-05-10 09:00:00,hourly,TC-01,Trunk Conveyor 01,Trunk Conveyor,Underground,2.292,54.504,95.538,,,479.696,140.444,0.72,Running,0,0,87.97,17.23,235,147.443,,,,,,,,,
2026-05-10 10:00:00,hourly,TC-01,Trunk Conveyor 01,Trunk Conveyor,Underground,2.551,52.04,88.453,,,470.96,154.22,0.78,Running,0,8,86.08,16.09,237,124.98,,,,,,,,,
2026-05-10 11:00:00,hourly,TC-01,Trunk Conveyor 01,Trunk Conveyor,Underground,2.436,51.212,85.904,,,465.671,153.531,0.84,Running,0,1,88.33,14.74,243,160.034,,,,,,,,,
2026-05-10 12:00:00,hourly,TC-01,Trunk Conveyor 01,Trunk Conveyor,Underground,2.54,54.71,97.698,,,463.838,142.917,0.81,Running,0,6,88.21,11.61,233,146.417,,,,,,,,,
2026-05-10 13:00:00,hourly,TC-01,Trunk Conveyor 01,Trunk Conveyor,Underground,2.639,53.364,92.137,,,447.534,144.874,0.85,Running,1,1,86.46,23.42,238,163.201,,,,,,,,,
2026-05-10 14:00:00,hourly,TC-01,Trunk Conveyor 01,Trunk Conveyor,Underground,2.502,54.708,97.579,,,457.879,150.197,0.83,Running,1,10,86.91,18.72,239,144.735,,,,,,,,,
2026-05-10 15:00:00,hourly,TC-01,Trunk Conveyor 01,Trunk Conveyor,Underground,2.488,54.134,91.654,,,476.849,140.62,1.0,Running,0,10,88.4,16.58,239,150.008,,,,,,,,,
2026-05-10 16:00:00,hourly,TC-01,Trunk Conveyor 01,Trunk Conveyor,Underground,2.761,54.377,89.55,,,457.5,157.428,0.84,Running,0,6,89.3,16.04,237,164.341,,,,,,,,,
2026-05-10 17:00:00,hourly,TC-01,Trunk Conveyor 01,Trunk Conveyor,Underground,2.572,56.669,82.526,,,433.963,164.339,0.83,Running,1,9,87.31,22.82,235,165.298,,,,,,,,,
2026-05-10 18:00:00,hourly,TC-01,Trunk Conveyor 01,Trunk Conveyor,Underground,2.504,56.405,86.211,,,471.68,148.648,0.85,Running,0,11,89.01,14.51,236,159.859,,,,,,,,,
2026-05-10 19:00:00,hourly,TC-01,Trunk Conveyor 01,Trunk Conveyor,Underground,2.473,55.175,87.76,,,436.857,153.369,0.82,Running,1,3,89.38,12.91,240,130.026,,,,,,,,,
2026-05-10 20:00:00,hourly,TC-01,Trunk Conveyor 01,Trunk Conveyor,Underground,2.352,52.903,94.686,,,448.55,151.229,0.69,Running,1,5,89.58,18.59,234,136.564,,,,,,,,,
2026-05-10 21:00:00,hourly,TC-01,Trunk Conveyor 01,Trunk Conveyor,Underground,2.216,53.524,92.352,,,440.552,162.563,0.88,Running,0,8,88.14,14.14,227,158.327,,,,,,,,,
2026-05-10 22:00:00,hourly,TC-01,Trunk Conveyor 01,Trunk Conveyor,Underground,2.6,55.893,86.857,,,402.112,167.727,0.92,Running,1,11,86.01,22.18,238,142.935,,,,,,,,,
2026-05-10 23:00:00,hourly,TC-01,Trunk Conveyor 01,Trunk Conveyor,Underground,2.722,56.864,76.331,,,452.224,147.044,0.94,Running,1,5,88.87,15.44,241,151.432,,,,,,,,,
2026-05-11 00:00:00,hourly,TC-01,Trunk Conveyor 01,Trunk Conveyor,Underground,2.552,52.231,95.796,,,488.174,150.557,0.88,Running,1,2,87.12,18.9,231,152.906,,,,,,,,,
2026-05-11 01:00:00,hourly,TC-01,Trunk Conveyor 01,Trunk Conveyor,Underground,2.58,57.276,98.29,,,454.819,157.993,0.8,Running,0,9,88.22,13.62,240,153.445,,,,,,,,,
2026-05-11 02:00:00,hourly,TC-01,Trunk Conveyor 01,Trunk Conveyor,Underground,2.29,53.126,98.818,,,502.395,153.377,0.84,Running,1,2,86.38,24.25,237,139.017,,,,,,,,,
2026-05-11 03:00:00,hourly,TC-01,Trunk Conveyor 01,Trunk Conveyor,Underground,2.348,55.735,87.246,,,446.293,142.07,0.96,Running,1,18,86.41,18.26,230,161.884,,,,,,,,,
2026-05-11 04:00:00,hourly,TC-01,Trunk Conveyor 01,Trunk Conveyor,Underground,2.211,59.576,99.201,,,453.032,133.997,0.8,Running,1,2,86.23,17.87,231,144.867,,,,,,,,,
2026-05-11 05:00:00,hourly,TC-01,Trunk Conveyor 01,Trunk Conveyor,Underground,2.418,51.675,96.441,,,447.165,144.907,0.72,Running,0,3,85.22,21.79,231,157.128,,,,,,,,,
2026-05-11 06:00:00,hourly,TC-01,Trunk Conveyor 01,Trunk Conveyor,Underground,2.665,55.449,96.418,,,450.123,153.236,1.0,Running,1,9,86.38,17.78,234,148.363,,,,,,,,,
2026-05-11 07:00:00,hourly,TC-01,Trunk Conveyor 01,Trunk Conveyor,Underground,2.329,53.977,89.399,,,455.692,146.742,0.74,Running,0,11,85.65,20.94,233,171.775,,,,,,,,,
2026-05-11 08:00:00,hourly,TC-01,Trunk Conveyor 01,Trunk Conveyor,Underground,2.454,55.35,92.264,,,476.213,140.799,0.69,Running,0,2,88.19,14.01,237,166.582,,,,,,,,,
2026-05-11 09:00:00,hourly,TC-01,Trunk Conveyor 01,Trunk Conveyor,Underground,2.61,53.433,104.054,,,433.924,145.072,0.85,Running,0,17,85.56,20.5,236,174.099,,,,,,,,,
2026-05-11 10:00:00,hourly,TC-01,Trunk Conveyor 01,Trunk Conveyor,Underground,2.711,50.087,103.134,,,449.175,166.775,0.85,Running,1,9,86.18,18.14,226,168.835,,,,,,,,,
2026-05-11 11:00:00,hourly,TC-01,Trunk Conveyor 01,Trunk Conveyor,Underground,2.141,53.195,92.786,,,460.097,140.144,0.86,Running,0,6,87.24,16.3,227,149.18,,,,,,,,,
2026-05-11 12:00:00,hourly,TC-01,Trunk Conveyor 01,Trunk Conveyor,Underground,2.375,55.179,94.23,,,472.051,147.472,0.89,Running,0,6,90.12,11.95,234,144.787,,,,,,,,,
2026-05-11 13:00:00,hourly,TC-01,Trunk Conveyor 01,Trunk Conveyor,Underground,2.323,56.986,79.915,,,410.165,145.662,0.81,Running,1,15,86.09,21.24,230,138.174,,,,,,,,,
2026-05-11 14:00:00,hourly,TC-01,Trunk Conveyor 01,Trunk Conveyor,Underground,2.296,55.29,100.314,,,423.829,167.917,0.81,Running,1,16,84.97,20.34,231,153.595,,,,,,,,,
2026-05-11 15:00:00,hourly,TC-01,Trunk Conveyor 01,Trunk Conveyor,Underground,2.395,57.214,97.569,,,449.726,137.062,0.77,Running,1,9,85.07,20.54,233,150.938,,,,,,,,,
2026-05-11 16:00:00,hourly,TC-01,Trunk Conveyor 01,Trunk Conveyor,Underground,2.082,53.677,95.171,,,469.138,143.25,0.83,Running,1,2,85.77,20.77,234,150.2,,,,,,,,,
2026-05-11 17:00:00,hourly,TC-01,Trunk Conveyor 01,Trunk Conveyor,Underground,2.399,53.533,89.491,,,440.334,150.903,0.86,Running,0,2,86.08,21.77,226,141.556,,,,,,,,,
2026-05-11 18:00:00,hourly,TC-01,Trunk Conveyor 01,Trunk Conveyor,Underground,2.479,55.188,93.509,,,461.023,151.846,0.89,Running,0,1,90.8,11.03,222,154.65,,,,,,,,,
2026-05-11 19:00:00,hourly,TC-01,Trunk Conveyor 01,Trunk Conveyor,Underground,2.264,53.898,101.91,,,484.578,160.432,0.75,Running,1,4,88.64,16.34,230,146.482,,,,,,,,,
2026-05-11 20:00:00,hourly,TC-01,Trunk Conveyor 01,Trunk Conveyor,Underground,2.377,56.596,95.293,,,449.158,159.505,0.72,Running,1,7,86.58,16.97,226,145.377,,,,,,,,,
2026-05-11 21:00:00,hourly,TC-01,Trunk Conveyor 01,Trunk Conveyor,Underground,2.477,52.048,108.916,,,444.86,144.009,0.89,Running,0,6,90.03,13.55,230,152.491,,,,,,,,,
2026-05-11 22:00:00,hourly,TC-01,Trunk Conveyor 01,Trunk Conveyor,Underground,2.498,56.134,98.0,,,457.456,153.169,0.78,Running,1,15,86.07,21.64,229,149.835,,,,,,,,,
2026-05-11 23:00:00,hourly,TC-01,Trunk Conveyor 01,Trunk Conveyor,Underground,2.147,56.758,87.624,,,452.198,148.793,0.74,Running,1,0,86.37,14.39,225,135.007,,,,,,,,,
2026-05-12 00:00:00,hourly,TC-01,Trunk Conveyor 01,Trunk Conveyor,Underground,2.614,55.243,90.676,,,453.548,146.235,0.67,Running,0,7,86.26,17.39,237,142.033,,,,,,,,,
2026-05-12 01:00:00,hourly,TC-01,Trunk Conveyor 01,Trunk Conveyor,Underground,2.62,56.232,88.888,,,445.693,159.503,0.93,Running,0,8,88.64,15.45,229,156.56,,,,,,,,,
2026-05-12 02:00:00,hourly,TC-01,Trunk Conveyor 01,Trunk Conveyor,Underground,2.327,53.423,98.298,,,444.315,152.651,0.84,Running,1,0,86.86,19.15,226,150.179,,,,,,,,,
2026-05-12 03:00:00,hourly,TC-01,Trunk Conveyor 01,Trunk Conveyor,Underground,2.811,53.098,100.078,,,430.859,164.715,0.86,Running,0,9,89.37,17.32,228,129.339,,,,,,,,,
2026-05-12 04:00:00,hourly,TC-01,Trunk Conveyor 01,Trunk Conveyor,Underground,2.567,55.231,103.46,,,459.974,154.652,0.85,Running,0,15,87.64,13.91,230,158.397,,,,,,,,,
2026-05-12 05:00:00,hourly,TC-01,Trunk Conveyor 01,Trunk Conveyor,Underground,2.538,53.299,91.173,,,430.214,158.716,0.84,Running,1,11,88.38,19.1,225,150.17,,,,,,,,,
2026-05-12 06:00:00,hourly,TC-01,Trunk Conveyor 01,Trunk Conveyor,Underground,2.613,55.143,95.98,,,434.217,125.947,0.82,Running,1,11,84.0,23.44,236,139.038,,,,,,,,,
2026-05-12 07:00:00,hourly,TC-01,Trunk Conveyor 01,Trunk Conveyor,Underground,2.27,55.148,100.86,,,427.359,151.192,0.81,Running,0,7,84.17,21.68,221,143.362,,,,,,,,,
2026-05-12 08:00:00,hourly,TC-01,Trunk Conveyor 01,Trunk Conveyor,Underground,2.406,54.486,102.481,,,443.045,154.287,0.74,Running,1,9,84.21,19.17,221,152.54,,,,,,,,,
2026-05-12 09:00:00,hourly,TC-01,Trunk Conveyor 01,Trunk Conveyor,Underground,2.601,55.118,85.804,,,449.378,155.121,0.68,Running,0,14,86.17,18.22,220,126.431,,,,,,,,,
2026-05-12 10:00:00,hourly,TC-01,Trunk Conveyor 01,Trunk Conveyor,Underground,2.318,55.755,96.914,,,429.111,164.325,1.0,Running,1,7,84.38,23.92,226,155.355,,,,,,,,,
2026-05-12 11:00:00,hourly,TC-01,Trunk Conveyor 01,Trunk Conveyor,Underground,2.408,54.435,86.04,,,444.107,155.988,0.82,Running,1,11,88.81,15.73,228,161.587,,,,,,,,,
2026-05-12 12:00:00,hourly,TC-01,Trunk Conveyor 01,Trunk Conveyor,Underground,2.599,53.76,89.593,,,451.808,139.519,0.78,Running,0,10,86.48,18.56,224,160.532,,,,,,,,,
2026-05-12 13:00:00,hourly,TC-01,Trunk Conveyor 01,Trunk Conveyor,Underground,2.541,56.101,85.368,,,420.644,155.287,0.76,Running,0,12,87.77,15.18,227,163.436,,,,,,,,,
2026-05-12 14:00:00,hourly,TC-01,Trunk Conveyor 01,Trunk Conveyor,Underground,2.483,55.115,89.488,,,435.217,157.98,0.9,Running,0,14,85.98,21.1,227,142.163,,,,,,,,,
2026-05-12 15:00:00,hourly,TC-01,Trunk Conveyor 01,Trunk Conveyor,Underground,2.492,55.438,84.521,,,481.366,144.961,0.83,Running,1,7,88.07,16.4,223,162.119,,,,,,,,,
2026-05-12 16:00:00,hourly,TC-01,Trunk Conveyor 01,Trunk Conveyor,Underground,2.445,55.677,86.132,,,436.122,146.753,0.75,Running,0,10,83.59,22.5,226,153.744,,,,,,,,,
2026-05-12 17:00:00,hourly,TC-01,Trunk Conveyor 01,Trunk Conveyor,Underground,2.651,54.899,87.802,,,461.624,157.55,0.8,Running,0,6,86.64,18.52,223,141.563,,,,,,,,,
2026-05-12 18:00:00,hourly,TC-01,Trunk Conveyor 01,Trunk Conveyor,Underground,2.899,54.014,95.053,,,439.733,150.506,0.84,Running,1,10,87.5,16.21,222,155.89,,,,,,,,,
2026-05-12 19:00:00,hourly,TC-01,Trunk Conveyor 01,Trunk Conveyor,Underground,2.539,53.526,93.443,,,452.465,160.335,0.79,Running,1,4,87.62,15.7,222,155.559,,,,,,,,,
2026-05-12 20:00:00,hourly,TC-01,Trunk Conveyor 01,Trunk Conveyor,Underground,2.738,54.48,83.381,,,434.507,152.171,0.89,Running,1,7,86.16,16.34,224,167.707,,,,,,,,,
2026-05-12 21:00:00,hourly,TC-01,Trunk Conveyor 01,Trunk Conveyor,Underground,2.394,55.509,109.699,,,414.622,130.866,0.99,Running,0,7,83.91,21.29,228,163.933,,,,,,,,,
2026-05-12 22:00:00,hourly,TC-01,Trunk Conveyor 01,Trunk Conveyor,Underground,2.346,55.596,90.324,,,440.911,151.041,0.79,Running,0,1,88.25,12.85,218,143.171,,,,,,,,,
2026-05-12 23:00:00,hourly,TC-01,Trunk Conveyor 01,Trunk Conveyor,Underground,2.325,54.907,85.285,,,456.797,146.946,0.8,Running,0,9,85.98,20.59,221,154.518,,,,,,,,,
2026-05-13 00:00:00,hourly,TC-01,Trunk Conveyor 01,Trunk Conveyor,Underground,2.299,55.284,96.761,,,461.048,156.076,0.75,Running,1,0,86.11,18.12,223,154.404,,,,,,,,,
2026-05-13 01:00:00,hourly,TC-01,Trunk Conveyor 01,Trunk Conveyor,Underground,2.424,52.665,93.244,,,451.409,154.35,0.81,Running,0,4,90.13,13.04,229,153.542,,,,,,,,,
2026-05-13 02:00:00,hourly,TC-01,Trunk Conveyor 01,Trunk Conveyor,Underground,2.66,53.82,88.401,,,434.836,142.064,0.66,Running,1,11,86.71,18.53,224,147.427,,,,,,,,,
2026-05-13 03:00:00,hourly,TC-01,Trunk Conveyor 01,Trunk Conveyor,Underground,2.684,55.866,95.626,,,465.389,152.336,0.91,Running,0,8,85.71,18.4,218,170.085,,,,,,,,,
2026-05-13 04:00:00,hourly,TC-01,Trunk Conveyor 01,Trunk Conveyor,Underground,2.382,53.161,89.253,,,435.824,155.379,0.71,Running,1,8,85.6,17.81,218,143.933,,,,,,,,,
2026-05-13 05:00:00,hourly,TC-01,Trunk Conveyor 01,Trunk Conveyor,Underground,2.42,54.918,91.518,,,436.922,154.556,0.76,Running,1,3,87.54,17.89,225,169.121,,,,,,,,,
2026-05-13 06:00:00,hourly,TC-01,Trunk Conveyor 01,Trunk Conveyor,Underground,2.484,54.759,102.092,,,431.166,159.357,0.83,Running,0,16,85.18,24.53,220,135.121,,,,,,,,,
2026-05-13 07:00:00,hourly,TC-01,Trunk Conveyor 01,Trunk Conveyor,Underground,2.532,54.464,94.044,,,441.19,141.366,0.93,Running,0,3,87.29,19.61,216,146.601,,,,,,,,,
2026-05-13 08:00:00,hourly,TC-01,Trunk Conveyor 01,Trunk Conveyor,Underground,2.603,55.894,96.993,,,443.48,149.165,0.75,Running,0,11,88.22,19.06,224,159.21,,,,,,,,,
2026-05-13 09:00:00,hourly,TC-01,Trunk Conveyor 01,Trunk Conveyor,Underground,2.406,55.084,90.181,,,454.075,130.522,0.81,Running,0,12,86.3,16.59,221,139.222,,,,,,,,,
2026-05-13 10:00:00,hourly,TC-01,Trunk Conveyor 01,Trunk Conveyor,Underground,2.446,52.522,94.238,,,424.438,161.197,0.84,Running,1,0,88.0,16.42,215,142.722,,,,,,,,,
2026-05-13 11:00:00,hourly,TC-01,Trunk Conveyor 01,Trunk Conveyor,Underground,2.757,55.609,88.7,,,440.499,151.679,0.77,Running,0,6,86.29,18.79,214,156.694,,,,,,,,,
2026-05-13 12:00:00,hourly,TC-01,Trunk Conveyor 01,Trunk Conveyor,Underground,2.431,53.77,88.439,,,434.37,149.807,0.81,Running,0,6,85.29,23.46,211,131.801,,,,,,,,,
2026-05-13 13:00:00,hourly,TC-01,Trunk Conveyor 01,Trunk Conveyor,Underground,2.372,52.231,90.861,,,456.472,149.664,0.69,Running,0,12,83.7,24.65,216,162.969,,,,,,,,,
2026-05-13 14:00:00,hourly,TC-01,Trunk Conveyor 01,Trunk Conveyor,Underground,2.47,56.025,89.173,,,454.216,155.142,0.78,Running,1,3,86.79,18.16,220,167.084,,,,,,,,,
2026-05-13 15:00:00,hourly,TC-01,Trunk Conveyor 01,Trunk Conveyor,Underground,2.503,52.557,99.574,,,430.235,160.189,0.92,Running,0,2,86.81,13.89,222,167.559,,,,,,,,,
2026-05-13 16:00:00,hourly,TC-01,Trunk Conveyor 01,Trunk Conveyor,Underground,2.18,54.056,96.826,,,457.621,148.206,0.89,Running,1,6,87.89,14.64,220,154.407,,,,,,,,,
2026-05-13 17:00:00,hourly,TC-01,Trunk Conveyor 01,Trunk Conveyor,Underground,2.4,55.225,79.603,,,447.813,154.515,0.78,Running,1,5,87.71,18.47,213,146.124,,,,,,,,,
2026-05-13 18:00:00,hourly,TC-01,Trunk Conveyor 01,Trunk Conveyor,Underground,2.573,54.568,103.707,,,463.028,154.414,0.74,Running,0,5,89.59,13.93,216,146.846,,,,,,,,,
2026-05-13 19:00:00,hourly,TC-01,Trunk Conveyor 01,Trunk Conveyor,Underground,2.89,53.579,97.214,,,437.115,131.05,0.8,Running,0,13,85.33,20.31,223,153.997,,,,,,,,,
2026-05-13 20:00:00,hourly,TC-01,Trunk Conveyor 01,Trunk Conveyor,Underground,2.384,52.916,100.24,,,459.369,144.467,0.7,Running,0,0,86.81,19.69,215,152.265,,,,,,,,,
2026-05-13 21:00:00,hourly,TC-01,Trunk Conveyor 01,Trunk Conveyor,Underground,2.643,53.34,92.353,,,464.306,154.762,0.8,Running,1,9,85.13,23.08,220,146.66,,,,,,,,,
2026-05-13 22:00:00,hourly,TC-01,Trunk Conveyor 01,Trunk Conveyor,Underground,2.526,52.771,84.419,,,449.972,161.951,0.79,Running,0,4,87.7,15.66,219,168.269,,,,,,,,,
2026-05-13 23:00:00,hourly,TC-01,Trunk Conveyor 01,Trunk Conveyor,Underground,2.723,54.486,85.445,,,486.487,163.081,0.78,Running,0,9,84.71,22.59,219,148.141,,,,,,,,,
2026-05-14 00:00:00,hourly,TC-01,Trunk Conveyor 01,Trunk Conveyor,Underground,2.367,53.735,103.638,,,457.568,139.831,0.81,Running,0,5,87.64,20.53,218,166.663,,,,,,,,,
2026-05-14 01:00:00,hourly,TC-01,Trunk Conveyor 01,Trunk Conveyor,Underground,2.712,52.237,83.636,,,480.447,159.851,0.86,Running,1,3,84.98,23.88,219,151.955,,,,,,,,,
2026-05-14 02:00:00,hourly,TC-01,Trunk Conveyor 01,Trunk Conveyor,Underground,2.772,54.201,84.732,,,494.104,160.158,0.74,Running,0,8,87.37,16.63,210,151.276,,,,,,,,,
2026-05-14 03:00:00,hourly,TC-01,Trunk Conveyor 01,Trunk Conveyor,Underground,2.781,53.567,90.814,,,418.594,154.577,0.9,Running,1,19,88.05,17.32,221,156.561,,,,,,,,,
2026-05-14 04:00:00,hourly,TC-01,Trunk Conveyor 01,Trunk Conveyor,Underground,2.778,55.21,85.108,,,469.431,132.687,0.91,Running,0,9,83.62,24.44,208,156.422,,,,,,,,,
2026-05-14 05:00:00,hourly,TC-01,Trunk Conveyor 01,Trunk Conveyor,Underground,2.531,55.382,96.62,,,457.99,146.035,1.0,Running,0,5,83.93,22.54,216,149.279,,,,,,,,,
2026-05-14 06:00:00,hourly,TC-01,Trunk Conveyor 01,Trunk Conveyor,Underground,2.61,57.148,97.092,,,453.072,151.847,0.84,Running,1,4,86.45,18.48,214,157.084,,,,,,,,,
2026-05-14 07:00:00,hourly,TC-01,Trunk Conveyor 01,Trunk Conveyor,Underground,2.41,55.902,95.915,,,436.791,148.753,0.94,Running,0,10,86.26,15.78,212,158.439,,,,,,,,,
2026-05-14 08:00:00,hourly,TC-01,Trunk Conveyor 01,Trunk Conveyor,Underground,2.049,52.78,89.753,,,432.638,131.362,0.9,Running,1,3,85.57,18.48,210,169.065,,,,,,,,,
2026-05-14 09:00:00,hourly,TC-01,Trunk Conveyor 01,Trunk Conveyor,Underground,2.545,50.83,95.176,,,429.72,148.531,0.84,Running,1,14,85.26,19.25,216,151.667,,,,,,,,,
2026-05-14 10:00:00,hourly,TC-01,Trunk Conveyor 01,Trunk Conveyor,Underground,2.462,52.01,104.15,,,488.69,142.51,0.72,Running,1,0,84.63,18.99,217,142.297,,,,,,,,,
2026-05-14 11:00:00,hourly,TC-01,Trunk Conveyor 01,Trunk Conveyor,Underground,2.687,53.842,84.851,,,457.439,156.207,0.89,Running,1,9,86.51,19.1,213,143.435,,,,,,,,,
2026-05-14 12:00:00,hourly,TC-01,Trunk Conveyor 01,Trunk Conveyor,Underground,2.668,51.855,100.16,,,424.196,155.212,0.84,Running,1,13,84.42,23.54,212,176.94,,,,,,,,,
2026-05-14 13:00:00,hourly,TC-01,Trunk Conveyor 01,Trunk Conveyor,Underground,2.283,53.644,98.313,,,429.709,155.604,0.96,Running,0,11,86.53,18.02,218,130.219,,,,,,,,,
2026-05-14 14:00:00,hourly,TC-01,Trunk Conveyor 01,Trunk Conveyor,Underground,2.964,54.814,92.839,,,412.199,147.575,0.88,Running,0,10,85.01,16.58,211,137.81,,,,,,,,,
2026-05-14 15:00:00,hourly,TC-01,Trunk Conveyor 01,Trunk Conveyor,Underground,2.574,53.745,94.475,,,470.085,151.085,0.9,Running,1,10,85.24,20.43,212,151.188,,,,,,,,,
2026-05-14 16:00:00,hourly,TC-01,Trunk Conveyor 01,Trunk Conveyor,Underground,2.24,55.263,95.622,,,449.456,150.151,0.77,Running,1,12,87.84,17.57,211,144.14,,,,,,,,,
2026-05-14 17:00:00,hourly,TC-01,Trunk Conveyor 01,Trunk Conveyor,Underground,2.268,53.669,87.628,,,457.801,159.132,0.84,Running,0,3,87.4,18.05,221,159.917,,,,,,,,,
2026-05-14 18:00:00,hourly,TC-01,Trunk Conveyor 01,Trunk Conveyor,Underground,2.062,53.395,83.699,,,448.674,146.113,0.67,Running,1,5,84.26,20.59,208,158.958,,,,,,,,,
2026-05-14 19:00:00,hourly,TC-01,Trunk Conveyor 01,Trunk Conveyor,Underground,2.65,57.844,98.938,,,465.686,144.102,0.86,Running,1,6,84.44,19.37,214,145.035,,,,,,,,,
2026-05-14 20:00:00,hourly,TC-01,Trunk Conveyor 01,Trunk Conveyor,Underground,2.393,54.713,86.035,,,441.477,159.573,0.92,Running,0,15,87.07,19.88,204,167.461,,,,,,,,,
2026-05-14 21:00:00,hourly,TC-01,Trunk Conveyor 01,Trunk Conveyor,Underground,2.33,54.977,86.951,,,453.933,158.311,0.93,Running,1,12,83.51,23.79,207,138.786,,,,,,,,,
2026-05-14 22:00:00,hourly,TC-01,Trunk Conveyor 01,Trunk Conveyor,Underground,2.37,56.298,90.422,,,453.543,155.12,0.79,Running,0,9,88.11,15.28,209,142.817,,,,,,,,,
2026-05-14 23:00:00,hourly,TC-01,Trunk Conveyor 01,Trunk Conveyor,Underground,2.439,56.36,95.228,,,427.72,165.144,0.67,Running,1,6,85.99,16.62,209,168.227,,,,,,,,,
2026-05-15 00:00:00,hourly,TC-01,Trunk Conveyor 01,Trunk Conveyor,Underground,2.615,54.125,90.53,,,435.586,169.729,0.78,Running,1,13,84.83,21.69,209,136.574,,,,,,,,,
2026-05-15 01:00:00,hourly,TC-01,Trunk Conveyor 01,Trunk Conveyor,Underground,2.171,56.669,89.188,,,443.143,162.012,0.81,Running,1,0,85.75,18.15,209,154.752,,,,,,,,,
2026-05-15 02:00:00,hourly,TC-01,Trunk Conveyor 01,Trunk Conveyor,Underground,2.286,53.982,99.254,,,454.368,144.214,0.85,Running,1,5,87.89,17.71,206,168.191,,,,,,,,,
2026-05-15 03:00:00,hourly,TC-01,Trunk Conveyor 01,Trunk Conveyor,Underground,2.594,56.622,91.544,,,473.576,158.423,0.66,Running,1,9,82.29,25.11,214,122.352,,,,,,,,,
2026-05-15 04:00:00,hourly,TC-01,Trunk Conveyor 01,Trunk Conveyor,Underground,2.382,52.574,88.758,,,450.663,151.939,0.81,Running,1,6,87.32,21.9,205,147.232,,,,,,,,,
2026-05-15 05:00:00,hourly,TC-01,Trunk Conveyor 01,Trunk Conveyor,Underground,2.618,54.246,95.922,,,446.996,145.89,0.74,Running,0,6,87.57,17.24,211,161.374,,,,,,,,,
2026-05-15 06:00:00,hourly,TC-01,Trunk Conveyor 01,Trunk Conveyor,Underground,2.402,55.202,93.911,,,454.149,144.284,0.94,Running,1,13,85.13,24.82,211,147.983,,,,,,,,,
2026-05-15 07:00:00,hourly,TC-01,Trunk Conveyor 01,Trunk Conveyor,Underground,2.817,55.453,93.738,,,445.737,153.381,0.63,Running,1,9,85.51,20.44,204,151.609,,,,,,,,,
2026-05-15 08:00:00,hourly,TC-01,Trunk Conveyor 01,Trunk Conveyor,Underground,2.544,53.288,96.232,,,448.151,158.312,0.9,Running,1,13,85.83,18.51,206,153.029,,,,,,,,,
2026-05-15 09:00:00,hourly,TC-01,Trunk Conveyor 01,Trunk Conveyor,Underground,2.748,51.842,92.752,,,475.84,163.378,0.81,Running,0,0,86.77,16.42,207,154.404,,,,,,,,,
2026-05-15 10:00:00,hourly,TC-01,Trunk Conveyor 01,Trunk Conveyor,Underground,2.607,55.641,98.651,,,444.534,157.034,0.66,Running,0,16,84.41,20.08,214,142.103,,,,,,,,,
2026-05-15 11:00:00,hourly,TC-01,Trunk Conveyor 01,Trunk Conveyor,Underground,2.619,54.443,85.017,,,453.259,156.136,0.95,Running,1,5,85.53,21.11,205,159.399,,,,,,,,,
2026-05-15 12:00:00,hourly,TC-01,Trunk Conveyor 01,Trunk Conveyor,Underground,2.353,54.115,101.041,,,436.929,149.121,0.93,Running,1,15,85.38,20.73,221,153.779,,,,,,,,,
2026-05-15 13:00:00,hourly,TC-01,Trunk Conveyor 01,Trunk Conveyor,Underground,2.738,57.799,88.12,,,471.229,152.926,0.92,Running,0,4,86.61,15.07,209,138.371,,,,,,,,,
2026-05-15 14:00:00,hourly,TC-01,Trunk Conveyor 01,Trunk Conveyor,Underground,2.548,54.297,83.785,,,432.123,137.527,0.83,Running,1,8,89.78,16.34,207,145.859,,,,,,,,,
2026-05-15 15:00:00,hourly,TC-01,Trunk Conveyor 01,Trunk Conveyor,Underground,2.314,53.897,88.881,,,447.229,156.072,0.77,Running,1,3,84.31,24.92,209,135.44,,,,,,,,,
2026-05-15 16:00:00,hourly,TC-01,Trunk Conveyor 01,Trunk Conveyor,Underground,2.083,51.59,91.519,,,466.203,154.874,0.83,Running,1,2,85.59,16.47,198,153.34,,,,,,,,,
2026-05-15 17:00:00,hourly,TC-01,Trunk Conveyor 01,Trunk Conveyor,Underground,2.534,52.884,89.212,,,432.925,168.22,0.86,Running,1,13,84.23,24.1,210,156.389,,,,,,,,,
2026-05-15 18:00:00,hourly,TC-01,Trunk Conveyor 01,Trunk Conveyor,Underground,2.808,56.412,87.836,,,464.129,150.638,0.78,Running,0,0,84.65,24.86,200,153.329,,,,,,,,,
2026-05-15 19:00:00,hourly,TC-01,Trunk Conveyor 01,Trunk Conveyor,Underground,2.325,53.533,99.697,,,411.619,161.72,0.75,Running,1,2,83.69,19.24,208,157.047,,,,,,,,,
2026-05-15 20:00:00,hourly,TC-01,Trunk Conveyor 01,Trunk Conveyor,Underground,2.319,55.973,88.415,,,428.842,146.733,0.86,Running,0,14,82.95,22.94,202,152.47,,,,,,,,,
2026-05-15 21:00:00,hourly,TC-01,Trunk Conveyor 01,Trunk Conveyor,Underground,2.444,52.518,80.098,,,446.796,166.279,0.84,Running,0,5,87.27,16.12,201,159.389,,,,,,,,,
2026-05-15 22:00:00,hourly,TC-01,Trunk Conveyor 01,Trunk Conveyor,Underground,2.728,53.283,91.547,,,491.86,164.054,0.89,Running,0,4,85.93,21.64,211,149.602,,,,,,,,,
2026-05-15 23:00:00,hourly,TC-01,Trunk Conveyor 01,Trunk Conveyor,Underground,2.141,53.24,105.928,,,451.1,161.2,0.94,Running,1,15,85.49,19.48,203,158.732,,,,,,,,,
2026-05-16 00:00:00,hourly,TC-01,Trunk Conveyor 01,Trunk Conveyor,Underground,2.378,55.712,87.277,,,451.478,151.558,0.89,Running,1,19,83.93,21.59,197,136.871,,,,,,,,,
2026-05-16 01:00:00,hourly,TC-01,Trunk Conveyor 01,Trunk Conveyor,Underground,2.308,54.475,88.269,,,469.13,149.019,0.73,Running,1,9,85.19,21.58,207,135.65,,,,,,,,,
2026-05-16 02:00:00,hourly,TC-01,Trunk Conveyor 01,Trunk Conveyor,Underground,2.622,52.86,91.251,,,428.911,147.684,0.82,Running,0,19,83.44,26.3,198,151.976,,,,,,,,,
2026-05-16 03:00:00,hourly,TC-01,Trunk Conveyor 01,Trunk Conveyor,Underground,2.481,56.148,102.944,,,393.861,142.272,0.85,Running,0,16,85.23,20.56,208,158.555,,,,,,,,,
2026-05-16 04:00:00,hourly,TC-01,Trunk Conveyor 01,Trunk Conveyor,Underground,2.441,55.755,91.527,,,479.665,155.239,0.88,Running,0,8,85.79,18.95,202,147.985,,,,,,,,,
2026-05-16 05:00:00,hourly,TC-01,Trunk Conveyor 01,Trunk Conveyor,Underground,2.474,55.481,87.55,,,459.334,148.798,0.89,Running,1,6,84.37,21.32,197,158.053,,,,,,,,,
2026-05-16 06:00:00,hourly,TC-01,Trunk Conveyor 01,Trunk Conveyor,Underground,2.668,55.402,95.874,,,440.43,154.481,0.82,Running,1,10,84.01,23.71,205,154.446,,,,,,,,,
2026-05-16 07:00:00,hourly,TC-01,Trunk Conveyor 01,Trunk Conveyor,Underground,2.735,53.337,95.433,,,449.472,152.569,0.78,Running,0,1,84.41,19.16,203,128.503,,,,,,,,,
2026-05-16 08:00:00,hourly,TC-01,Trunk Conveyor 01,Trunk Conveyor,Underground,2.716,57.142,96.627,,,467.373,141.38,0.9,Running,1,10,86.49,18.89,193,176.601,,,,,,,,,
2026-05-16 09:00:00,hourly,TC-01,Trunk Conveyor 01,Trunk Conveyor,Underground,2.627,54.698,87.339,,,446.102,160.599,0.85,Running,1,6,85.49,18.44,201,137.202,,,,,,,,,
2026-05-16 10:00:00,hourly,TC-01,Trunk Conveyor 01,Trunk Conveyor,Underground,2.789,55.365,90.332,,,451.032,151.916,0.84,Running,1,9,82.58,21.99,202,140.659,,,,,,,,,
2026-05-16 11:00:00,hourly,TC-01,Trunk Conveyor 01,Trunk Conveyor,Underground,2.326,55.575,100.479,,,485.054,158.814,0.76,Running,0,6,86.29,15.31,201,163.7,,,,,,,,,
2026-05-16 12:00:00,hourly,TC-01,Trunk Conveyor 01,Trunk Conveyor,Underground,2.59,53.188,96.184,,,426.029,140.57,0.99,Running,0,3,85.98,18.6,199,151.275,,,,,,,,,
2026-05-16 13:00:00,hourly,TC-01,Trunk Conveyor 01,Trunk Conveyor,Underground,2.983,58.305,98.588,,,457.718,144.186,0.84,Running,0,9,85.39,22.61,203,142.616,,,,,,,,,
2026-05-16 14:00:00,hourly,TC-01,Trunk Conveyor 01,Trunk Conveyor,Underground,2.146,54.846,93.417,,,426.406,147.534,0.81,Running,1,1,87.71,13.24,202,145.899,,,,,,,,,
2026-05-16 15:00:00,hourly,TC-01,Trunk Conveyor 01,Trunk Conveyor,Underground,2.407,54.958,100.086,,,476.535,153.255,0.84,Running,1,6,85.1,21.95,199,141.384,,,,,,,,,
2026-05-16 16:00:00,hourly,TC-01,Trunk Conveyor 01,Trunk Conveyor,Underground,2.307,54.158,95.512,,,453.668,150.14,0.81,Running,0,2,85.73,18.68,198,142.269,,,,,,,,,
2026-05-16 17:00:00,hourly,TC-01,Trunk Conveyor 01,Trunk Conveyor,Underground,2.572,56.973,90.618,,,436.024,163.355,0.72,Running,1,3,85.77,17.79,199,159.758,,,,,,,,,
2026-05-16 18:00:00,hourly,TC-01,Trunk Conveyor 01,Trunk Conveyor,Underground,2.803,57.052,98.238,,,421.371,160.391,0.84,Running,1,0,86.41,19.72,196,145.6,,,,,,,,,
2026-05-16 19:00:00,hourly,TC-01,Trunk Conveyor 01,Trunk Conveyor,Underground,2.623,55.194,88.52,,,442.072,144.504,0.7,Running,0,7,84.63,24.14,194,139.33,,,,,,,,,
2026-05-16 20:00:00,hourly,TC-01,Trunk Conveyor 01,Trunk Conveyor,Underground,2.472,52.274,103.038,,,451.712,177.603,0.83,Running,1,13,83.94,25.49,193,142.726,,,,,,,,,
2026-05-16 21:00:00,hourly,TC-01,Trunk Conveyor 01,Trunk Conveyor,Underground,2.625,54.619,99.831,,,469.217,150.326,0.69,Running,0,9,86.51,19.46,197,149.381,,,,,,,,,
2026-05-16 22:00:00,hourly,TC-01,Trunk Conveyor 01,Trunk Conveyor,Underground,2.459,54.801,92.032,,,428.675,162.714,0.65,Running,0,13,86.41,18.89,194,142.853,,,,,,,,,
2026-05-16 23:00:00,hourly,TC-01,Trunk Conveyor 01,Trunk Conveyor,Underground,2.556,54.108,92.684,,,433.511,148.536,0.87,Running,1,3,86.95,19.05,196,147.709,,,,,,,,,
2026-05-17 00:00:00,hourly,TC-01,Trunk Conveyor 01,Trunk Conveyor,Underground,2.641,53.154,94.594,,,439.403,156.723,0.73,Running,1,7,85.56,25.17,202,154.93,,,,,,,,,
2026-05-17 01:00:00,hourly,TC-01,Trunk Conveyor 01,Trunk Conveyor,Underground,2.868,52.13,92.769,,,434.391,159.653,0.85,Running,1,15,82.24,24.28,196,145.815,,,,,,,,,
2026-05-17 02:00:00,hourly,TC-01,Trunk Conveyor 01,Trunk Conveyor,Underground,2.608,57.578,101.726,,,439.077,137.569,0.83,Running,0,9,85.12,23.1,197,141.651,,,,,,,,,
2026-05-17 03:00:00,hourly,TC-01,Trunk Conveyor 01,Trunk Conveyor,Underground,2.562,56.268,90.585,,,431.32,166.833,0.83,Running,1,9,84.9,19.96,195,143.446,,,,,,,,,
2026-05-17 04:00:00,hourly,TC-01,Trunk Conveyor 01,Trunk Conveyor,Underground,2.926,54.998,84.808,,,455.836,144.083,0.77,Running,0,16,86.79,16.83,201,166.428,,,,,,,,,
2026-05-17 05:00:00,hourly,TC-01,Trunk Conveyor 01,Trunk Conveyor,Underground,2.128,53.77,92.277,,,439.63,147.976,0.81,Running,1,8,86.5,22.44,202,175.043,,,,,,,,,
2026-05-17 06:00:00,hourly,TC-01,Trunk Conveyor 01,Trunk Conveyor,Underground,2.501,55.591,98.35,,,448.512,145.675,0.77,Running,0,6,85.77,19.93,193,151.629,,,,,,,,,
2026-05-17 07:00:00,hourly,TC-01,Trunk Conveyor 01,Trunk Conveyor,Underground,2.372,55.313,99.929,,,453.789,146.021,0.9,Running,0,4,81.45,26.41,198,159.099,,,,,,,,,
2026-05-17 08:00:00,hourly,TC-01,Trunk Conveyor 01,Trunk Conveyor,Underground,2.473,54.226,94.53,,,423.477,146.448,0.78,Running,1,8,83.43,24.29,203,140.79,,,,,,,,,
2026-05-17 09:00:00,hourly,TC-01,Trunk Conveyor 01,Trunk Conveyor,Underground,2.642,55.653,90.05,,,458.986,140.387,0.8,Running,0,13,84.15,20.4,190,144.641,,,,,,,,,
2026-05-17 10:00:00,hourly,TC-01,Trunk Conveyor 01,Trunk Conveyor,Underground,2.717,55.877,93.594,,,452.066,157.987,0.88,Running,0,12,84.17,21.29,198,156.086,,,,,,,,,
2026-05-17 11:00:00,hourly,TC-01,Trunk Conveyor 01,Trunk Conveyor,Underground,2.418,56.195,89.933,,,452.079,152.177,0.77,Running,1,15,84.96,19.77,187,125.14,,,,,,,,,
2026-05-17 12:00:00,hourly,TC-01,Trunk Conveyor 01,Trunk Conveyor,Underground,2.656,53.362,80.039,,,445.885,149.899,0.68,Running,0,9,87.05,18.8,194,159.642,,,,,,,,,
2026-05-17 13:00:00,hourly,TC-01,Trunk Conveyor 01,Trunk Conveyor,Underground,2.343,55.74,88.764,,,443.427,160.292,0.74,Running,1,0,85.91,20.46,193,144.937,,,,,,,,,
2026-05-17 14:00:00,hourly,TC-01,Trunk Conveyor 01,Trunk Conveyor,Underground,2.267,57.086,96.944,,,449.242,167.049,0.9,Running,1,12,83.17,22.36,186,139.294,,,,,,,,,
2026-05-17 15:00:00,hourly,TC-01,Trunk Conveyor 01,Trunk Conveyor,Underground,2.537,55.503,92.264,,,449.991,137.114,0.83,Running,0,12,83.3,27.44,197,155.424,,,,,,,,,
2026-05-17 16:00:00,hourly,TC-01,Trunk Conveyor 01,Trunk Conveyor,Underground,2.48,58.947,92.043,,,427.02,165.77,0.84,Running,0,9,83.14,23.55,193,167.025,,,,,,,,,
2026-05-17 17:00:00,hourly,TC-01,Trunk Conveyor 01,Trunk Conveyor,Underground,2.822,54.651,100.541,,,476.613,150.953,0.84,Running,1,16,84.4,22.04,189,147.718,,,,,,,,,
2026-05-17 18:00:00,hourly,TC-01,Trunk Conveyor 01,Trunk Conveyor,Underground,2.95,51.887,88.122,,,435.728,139.007,0.96,Running,1,7,85.86,22.48,193,154.379,,,,,,,,,
2026-05-17 19:00:00,hourly,TC-01,Trunk Conveyor 01,Trunk Conveyor,Underground,2.403,53.454,88.714,,,449.447,154.883,0.65,Running,0,10,86.1,17.72,195,156.159,,,,,,,,,
2026-05-17 20:00:00,hourly,TC-01,Trunk Conveyor 01,Trunk Conveyor,Underground,2.163,53.78,95.903,,,469.215,150.12,0.81,Running,1,3,83.93,21.45,184,153.813,,,,,,,,,
2026-05-17 21:00:00,hourly,TC-01,Trunk Conveyor 01,Trunk Conveyor,Underground,2.252,55.993,89.653,,,442.084,158.921,0.82,Running,1,0,84.47,22.31,179,140.212,,,,,,,,,
2026-05-17 22:00:00,hourly,TC-01,Trunk Conveyor 01,Trunk Conveyor,Underground,2.359,56.488,89.629,,,452.496,152.488,0.82,Running,1,4,87.18,15.0,191,153.638,,,,,,,,,
2026-05-17 23:00:00,hourly,TC-01,Trunk Conveyor 01,Trunk Conveyor,Underground,2.568,55.239,103.231,,,408.783,154.395,0.88,Running,1,8,82.11,24.58,188,153.209,,,,,,,,,
2026-05-18 00:00:00,hourly,TC-01,Trunk Conveyor 01,Trunk Conveyor,Underground,2.474,55.524,87.509,,,412.547,147.27,0.89,Running,1,13,85.48,24.42,196,121.16,,,,,,,,,
2026-05-18 01:00:00,hourly,TC-01,Trunk Conveyor 01,Trunk Conveyor,Underground,2.275,58.447,89.552,,,447.753,141.935,0.8,Running,1,3,85.29,24.25,189,160.624,,,,,,,,,
2026-05-18 02:00:00,hourly,TC-01,Trunk Conveyor 01,Trunk Conveyor,Underground,2.885,53.507,96.587,,,451.619,157.87,0.68,Running,0,19,83.95,24.26,191,134.654,,,,,,,,,
2026-05-18 03:00:00,hourly,TC-01,Trunk Conveyor 01,Trunk Conveyor,Underground,2.66,54.875,93.666,,,468.113,146.473,1.0,Running,1,4,84.38,24.23,189,152.609,,,,,,,,,
2026-05-18 04:00:00,hourly,TC-01,Trunk Conveyor 01,Trunk Conveyor,Underground,2.88,54.195,85.725,,,462.618,154.823,0.82,Running,0,8,85.06,21.9,183,167.897,,,,,,,,,
2026-05-18 05:00:00,hourly,TC-01,Trunk Conveyor 01,Trunk Conveyor,Underground,2.168,52.899,104.675,,,419.535,164.578,0.83,Running,1,9,83.9,21.68,189,148.523,,,,,,,,,
2026-05-18 06:00:00,hourly,TC-01,Trunk Conveyor 01,Trunk Conveyor,Underground,2.783,51.371,89.212,,,471.015,149.771,0.92,Running,1,13,83.33,26.62,183,139.702,,,,,,,,,
2026-05-18 07:00:00,hourly,TC-01,Trunk Conveyor 01,Trunk Conveyor,Underground,2.5,57.352,92.51,,,426.751,157.513,0.79,Running,1,11,83.2,21.63,183,157.363,,,,,,,,,
2026-05-18 08:00:00,hourly,TC-01,Trunk Conveyor 01,Trunk Conveyor,Underground,2.451,53.646,96.61,,,463.706,150.941,0.92,Running,1,19,87.3,19.72,184,166.637,,,,,,,,,
2026-05-18 09:00:00,hourly,TC-01,Trunk Conveyor 01,Trunk Conveyor,Underground,2.535,54.574,106.97,,,440.039,147.938,0.8,Running,1,5,83.6,21.95,183,139.025,,,,,,,,,
2026-05-18 10:00:00,hourly,TC-01,Trunk Conveyor 01,Trunk Conveyor,Underground,2.391,55.803,91.543,,,497.049,137.163,0.97,Running,1,10,84.6,20.66,187,125.268,,,,,,,,,
2026-05-18 11:00:00,hourly,TC-01,Trunk Conveyor 01,Trunk Conveyor,Underground,2.502,52.889,88.491,,,437.533,150.873,0.86,Running,1,8,85.52,21.35,186,164.237,,,,,,,,,
2026-05-18 12:00:00,hourly,TC-01,Trunk Conveyor 01,Trunk Conveyor,Underground,2.721,53.532,97.0,,,446.821,149.753,0.77,Running,1,17,83.91,26.6,188,160.627,,,,,,,,,
2026-05-18 13:00:00,hourly,TC-01,Trunk Conveyor 01,Trunk Conveyor,Underground,2.139,54.998,106.548,,,450.997,143.398,0.99,Running,0,13,84.28,24.86,181,155.468,,,,,,,,,
2026-05-18 14:00:00,hourly,TC-01,Trunk Conveyor 01,Trunk Conveyor,Underground,2.832,54.251,94.841,,,443.777,132.923,0.87,Running,1,10,85.01,21.66,186,131.44,,,,,,,,,
2026-05-18 15:00:00,hourly,TC-01,Trunk Conveyor 01,Trunk Conveyor,Underground,2.611,52.747,92.319,,,430.188,136.211,0.77,Running,1,1,82.83,24.16,184,157.817,,,,,,,,,
2026-05-18 16:00:00,hourly,TC-01,Trunk Conveyor 01,Trunk Conveyor,Underground,2.511,56.139,96.385,,,487.805,167.313,0.71,Running,0,8,81.71,27.16,187,162.615,,,,,,,,,
2026-05-18 17:00:00,hourly,TC-01,Trunk Conveyor 01,Trunk Conveyor,Underground,2.72,54.214,81.591,,,437.134,151.59,0.88,Running,1,4,82.99,26.55,187,174.97,,,,,,,,,
2026-05-18 18:00:00,hourly,TC-01,Trunk Conveyor 01,Trunk Conveyor,Underground,2.606,55.299,90.359,,,436.483,138.327,0.93,Running,1,4,86.9,14.82,186,148.157,,,,,,,,,
2026-05-18 19:00:00,hourly,TC-01,Trunk Conveyor 01,Trunk Conveyor,Underground,2.438,55.158,83.104,,,446.146,145.838,0.85,Running,1,5,83.2,23.27,181,153.006,,,,,,,,,
2026-05-18 20:00:00,hourly,TC-01,Trunk Conveyor 01,Trunk Conveyor,Underground,2.38,56.804,91.902,,,451.588,151.352,0.85,Running,1,5,84.31,19.86,185,127.581,,,,,,,,,
2026-05-18 21:00:00,hourly,TC-01,Trunk Conveyor 01,Trunk Conveyor,Underground,2.835,55.698,90.99,,,435.776,155.304,0.94,Running,0,7,81.96,24.82,183,161.916,,,,,,,,,
2026-05-18 22:00:00,hourly,TC-01,Trunk Conveyor 01,Trunk Conveyor,Underground,2.239,53.512,78.249,,,465.261,149.169,0.87,Running,0,5,86.21,16.79,190,161.654,,,,,,,,,
2026-05-18 23:00:00,hourly,TC-01,Trunk Conveyor 01,Trunk Conveyor,Underground,2.496,57.16,95.155,,,450.842,169.463,0.77,Running,1,6,83.56,19.4,185,155.714,,,,,,,,,
2026-05-19 00:00:00,hourly,TC-01,Trunk Conveyor 01,Trunk Conveyor,Underground,2.254,54.219,97.795,,,448.449,169.891,0.77,Running,1,3,83.3,20.74,184,164.339,,,,,,,,,
2026-05-19 01:00:00,hourly,TC-01,Trunk Conveyor 01,Trunk Conveyor,Underground,2.634,53.61,92.932,,,458.127,154.726,0.86,Running,1,9,83.79,21.58,179,142.68,,,,,,,,,
2026-05-19 02:00:00,hourly,TC-01,Trunk Conveyor 01,Trunk Conveyor,Underground,2.517,53.346,84.928,,,432.801,147.987,0.86,Running,1,3,88.01,17.96,181,148.883,,,,,,,,,
2026-05-19 03:00:00,hourly,TC-01,Trunk Conveyor 01,Trunk Conveyor,Underground,2.287,50.862,101.696,,,437.539,154.73,0.91,Running,1,5,84.68,19.82,184,149.317,,,,,,,,,
2026-05-19 04:00:00,hourly,TC-01,Trunk Conveyor 01,Trunk Conveyor,Underground,2.364,53.989,105.493,,,447.668,139.33,0.85,Running,1,8,83.7,21.08,183,163.382,,,,,,,,,
2026-05-19 05:00:00,hourly,TC-01,Trunk Conveyor 01,Trunk Conveyor,Underground,2.547,55.801,96.518,,,464.797,160.289,0.87,Running,1,0,79.32,29.74,182,163.632,,,,,,,,,
2026-05-19 06:00:00,hourly,TC-01,Trunk Conveyor 01,Trunk Conveyor,Underground,2.595,52.639,91.998,,,443.663,152.843,0.85,Running,0,21,86.08,20.06,175,154.793,,,,,,,,,
2026-05-19 07:00:00,hourly,TC-01,Trunk Conveyor 01,Trunk Conveyor,Underground,2.151,58.169,92.082,,,442.34,140.438,0.9,Running,1,15,82.79,27.5,179,154.22,,,,,,,,,
2026-05-19 08:00:00,hourly,TC-01,Trunk Conveyor 01,Trunk Conveyor,Underground,2.398,51.063,96.735,,,410.091,146.047,0.88,Running,1,13,82.52,26.35,181,157.365,,,,,,,,,
2026-05-19 09:00:00,hourly,TC-01,Trunk Conveyor 01,Trunk Conveyor,Underground,2.572,53.69,94.681,,,435.553,156.47,0.8,Running,1,6,82.64,22.25,186,147.608,,,,,,,,,
2026-05-19 10:00:00,hourly,TC-01,Trunk Conveyor 01,Trunk Conveyor,Underground,2.782,52.425,96.76,,,418.321,136.326,0.8,Running,1,8,86.19,18.0,174,166.291,,,,,,,,,
2026-05-19 11:00:00,hourly,TC-01,Trunk Conveyor 01,Trunk Conveyor,Underground,2.708,56.758,96.853,,,422.799,143.275,0.85,Running,1,2,83.76,24.23,177,146.345,,,,,,,,,
2026-05-19 12:00:00,hourly,TC-01,Trunk Conveyor 01,Trunk Conveyor,Underground,2.45,56.284,89.73,,,454.603,147.127,0.83,Running,1,13,81.37,24.31,173,156.045,,,,,,,,,
2026-05-19 13:00:00,hourly,TC-01,Trunk Conveyor 01,Trunk Conveyor,Underground,2.741,54.633,89.228,,,507.753,160.101,0.93,Running,1,0,83.46,22.5,182,144.765,,,,,,,,,
2026-05-19 14:00:00,hourly,TC-01,Trunk Conveyor 01,Trunk Conveyor,Underground,2.479,52.556,92.489,,,451.504,166.757,0.84,Running,1,2,82.44,21.16,185,161.743,,,,,,,,,
2026-05-19 15:00:00,hourly,TC-01,Trunk Conveyor 01,Trunk Conveyor,Underground,1.918,52.961,96.983,,,453.992,154.74,0.71,Running,1,4,84.33,19.33,181,150.236,,,,,,,,,
2026-05-19 16:00:00,hourly,TC-01,Trunk Conveyor 01,Trunk Conveyor,Underground,2.831,55.572,84.828,,,434.308,122.894,0.73,Running,0,20,83.12,26.16,182,174.068,,,,,,,,,
2026-05-19 17:00:00,hourly,TC-01,Trunk Conveyor 01,Trunk Conveyor,Underground,2.634,53.908,92.818,,,429.12,141.288,0.8,Running,1,3,81.2,26.65,175,149.948,,,,,,,,,
2026-05-19 18:00:00,hourly,TC-01,Trunk Conveyor 01,Trunk Conveyor,Underground,2.581,54.116,93.98,,,484.996,182.804,0.88,Running,0,11,83.57,21.75,181,161.654,,,,,,,,,
2026-05-19 19:00:00,hourly,TC-01,Trunk Conveyor 01,Trunk Conveyor,Underground,2.545,54.998,91.282,,,433.483,152.763,0.76,Running,1,0,83.59,22.0,176,144.411,,,,,,,,,
2026-05-19 20:00:00,hourly,TC-01,Trunk Conveyor 01,Trunk Conveyor,Underground,2.605,54.392,102.625,,,411.976,127.893,0.87,Running,1,12,81.66,29.11,179,147.971,,,,,,,,,
2026-05-19 21:00:00,hourly,TC-01,Trunk Conveyor 01,Trunk Conveyor,Underground,2.546,51.988,101.607,,,452.389,172.709,0.76,Running,0,22,80.51,25.98,180,150.892,,,,,,,,,
2026-05-19 22:00:00,hourly,TC-01,Trunk Conveyor 01,Trunk Conveyor,Underground,2.487,52.745,96.714,,,440.227,139.334,0.83,Running,0,12,84.08,23.24,177,155.223,,,,,,,,,
2026-05-19 23:00:00,hourly,TC-01,Trunk Conveyor 01,Trunk Conveyor,Underground,2.415,52.792,104.85,,,458.683,156.523,0.85,Running,0,0,83.16,25.32,181,143.15,,,,,,,,,
2026-05-20 00:00:00,hourly,TC-01,Trunk Conveyor 01,Trunk Conveyor,Underground,2.561,53.838,99.504,,,476.169,141.049,0.73,Running,1,11,83.24,26.35,177,145.087,,,,,,,,,
2026-05-20 01:00:00,hourly,TC-01,Trunk Conveyor 01,Trunk Conveyor,Underground,2.37,55.312,95.044,,,454.588,171.189,0.85,Running,0,6,84.76,19.63,178,152.351,,,,,,,,,
2026-05-20 02:00:00,hourly,TC-01,Trunk Conveyor 01,Trunk Conveyor,Underground,2.318,55.242,91.384,,,452.025,138.621,0.95,Running,1,17,80.45,24.57,185,155.759,,,,,,,,,
2026-05-20 03:00:00,hourly,TC-01,Trunk Conveyor 01,Trunk Conveyor,Underground,2.601,57.293,91.881,,,459.808,146.109,0.8,Running,0,8,83.63,20.71,179,150.978,,,,,,,,,
2026-05-20 04:00:00,hourly,TC-01,Trunk Conveyor 01,Trunk Conveyor,Underground,2.743,52.627,96.541,,,496.613,160.822,0.83,Running,1,1,84.57,23.06,174,149.407,,,,,,,,,
2026-05-20 05:00:00,hourly,TC-01,Trunk Conveyor 01,Trunk Conveyor,Underground,2.388,55.715,92.034,,,488.936,146.406,0.84,Running,0,10,83.2,27.5,174,136.783,,,,,,,,,
2026-05-20 06:00:00,hourly,TC-01,Trunk Conveyor 01,Trunk Conveyor,Underground,2.424,53.75,85.169,,,442.23,155.766,0.83,Running,2,6,81.21,27.84,179,156.893,,,,,,,,,
2026-05-20 07:00:00,hourly,TC-01,Trunk Conveyor 01,Trunk Conveyor,Underground,2.209,58.725,91.993,,,465.008,158.868,0.82,Running,1,0,82.4,23.32,180,160.664,,,,,,,,,
2026-05-20 08:00:00,hourly,TC-01,Trunk Conveyor 01,Trunk Conveyor,Underground,2.286,54.982,100.449,,,480.056,152.99,0.82,Running,2,9,82.72,26.57,175,161.969,,,,,,,,,
2026-05-20 09:00:00,hourly,TC-01,Trunk Conveyor 01,Trunk Conveyor,Underground,2.294,54.165,78.845,,,460.382,141.4,0.69,Running,1,10,80.9,25.81,169,153.051,,,,,,,,,
2026-05-20 10:00:00,hourly,TC-01,Trunk Conveyor 01,Trunk Conveyor,Underground,2.745,55.673,102.714,,,446.701,144.321,0.86,Running,1,10,84.0,20.74,171,144.767,,,,,,,,,
2026-05-20 11:00:00,hourly,TC-01,Trunk Conveyor 01,Trunk Conveyor,Underground,2.203,55.537,97.746,,,438.928,147.957,0.73,Running,1,15,83.39,22.59,175,147.868,,,,,,,,,
2026-05-20 12:00:00,hourly,TC-01,Trunk Conveyor 01,Trunk Conveyor,Underground,2.642,54.502,92.902,,,449.658,156.698,0.85,Running,0,8,82.34,23.57,177,153.109,,,,,,,,,
2026-05-20 13:00:00,hourly,TC-01,Trunk Conveyor 01,Trunk Conveyor,Underground,2.498,56.258,96.04,,,427.36,158.72,0.88,Running,1,0,84.92,19.7,178,151.209,,,,,,,,,
2026-05-20 14:00:00,hourly,TC-01,Trunk Conveyor 01,Trunk Conveyor,Underground,2.672,57.911,100.087,,,463.988,153.265,0.85,Running,1,5,82.49,26.95,166,142.122,,,,,,,,,
2026-05-20 15:00:00,hourly,TC-01,Trunk Conveyor 01,Trunk Conveyor,Underground,2.785,56.848,94.528,,,472.902,157.742,0.75,Running,1,8,85.68,19.02,177,132.917,,,,,,,,,
2026-05-20 16:00:00,hourly,TC-01,Trunk Conveyor 01,Trunk Conveyor,Underground,2.546,54.93,100.025,,,440.715,137.102,0.85,Running,1,15,82.86,20.82,179,145.315,,,,,,,,,
2026-05-20 17:00:00,hourly,TC-01,Trunk Conveyor 01,Trunk Conveyor,Underground,2.779,58.4,99.445,,,439.745,154.11,0.8,Running,1,11,81.75,26.73,163,148.385,,,,,,,,,
2026-05-20 18:00:00,hourly,TC-01,Trunk Conveyor 01,Trunk Conveyor,Underground,2.863,56.073,95.397,,,428.838,150.85,0.77,Running,1,9,81.78,23.6,173,154.835,,,,,,,,,
2026-05-20 19:00:00,hourly,TC-01,Trunk Conveyor 01,Trunk Conveyor,Underground,2.823,53.232,87.688,,,456.248,155.895,0.99,Running,1,7,83.38,21.42,176,146.932,,,,,,,,,
2026-05-20 20:00:00,hourly,TC-01,Trunk Conveyor 01,Trunk Conveyor,Underground,2.419,55.31,93.772,,,447.641,158.212,0.75,Running,0,11,81.51,27.29,167,148.676,,,,,,,,,
2026-05-20 21:00:00,hourly,TC-01,Trunk Conveyor 01,Trunk Conveyor,Underground,2.16,54.824,82.117,,,421.85,141.986,0.86,Running,1,19,83.43,21.75,170,152.674,,,,,,,,,
2026-05-20 22:00:00,hourly,TC-01,Trunk Conveyor 01,Trunk Conveyor,Underground,2.53,54.243,97.045,,,500.294,150.46,0.94,Running,1,9,82.54,23.54,174,168.683,,,,,,,,,
2026-05-20 23:00:00,hourly,TC-01,Trunk Conveyor 01,Trunk Conveyor,Underground,2.591,55.787,91.859,,,415.81,163.464,0.85,Running,0,8,82.49,24.6,169,149.624,,,,,,,,,
2026-05-21 00:00:00,hourly,TC-01,Trunk Conveyor 01,Trunk Conveyor,Underground,2.165,51.842,90.692,,,421.898,154.193,0.77,Running,1,9,83.08,23.12,170,134.422,,,,,,,,,
2026-05-21 01:00:00,hourly,TC-01,Trunk Conveyor 01,Trunk Conveyor,Underground,2.568,58.113,98.323,,,464.719,150.559,0.78,Running,1,5,84.73,20.51,172,143.932,,,,,,,,,
2026-05-21 02:00:00,hourly,TC-01,Trunk Conveyor 01,Trunk Conveyor,Underground,2.042,56.332,86.774,,,459.63,140.504,0.71,Running,1,0,82.24,20.18,166,171.353,,,,,,,,,
2026-05-21 03:00:00,hourly,TC-01,Trunk Conveyor 01,Trunk Conveyor,Underground,2.866,51.92,95.075,,,434.939,156.355,0.83,Running,1,0,83.38,22.92,166,167.244,,,,,,,,,
2026-05-21 04:00:00,hourly,TC-01,Trunk Conveyor 01,Trunk Conveyor,Underground,2.653,56.317,92.37,,,433.774,138.961,0.83,Running,1,6,83.78,25.93,172,161.809,,,,,,,,,
2026-05-21 05:00:00,hourly,TC-01,Trunk Conveyor 01,Trunk Conveyor,Underground,2.394,56.038,93.333,,,456.027,149.871,0.8,Running,1,19,81.12,27.7,174,159.194,,,,,,,,,
2026-05-21 06:00:00,hourly,TC-01,Trunk Conveyor 01,Trunk Conveyor,Underground,2.583,57.881,96.128,,,454.585,147.06,0.93,Running,1,15,83.87,21.83,171,159.323,,,,,,,,,
2026-05-21 07:00:00,hourly,TC-01,Trunk Conveyor 01,Trunk Conveyor,Underground,2.608,58.35,105.369,,,435.103,155.026,0.82,Running,1,3,84.32,22.89,175,148.856,,,,,,,,,
2026-05-21 08:00:00,hourly,TC-01,Trunk Conveyor 01,Trunk Conveyor,Underground,2.655,58.657,96.825,,,465.657,146.1,0.7,Running,1,8,84.54,22.9,171,161.029,,,,,,,,,
2026-05-21 09:00:00,hourly,TC-01,Trunk Conveyor 01,Trunk Conveyor,Underground,2.573,54.754,102.591,,,458.055,148.536,0.94,Running,0,11,81.2,24.63,176,161.461,,,,,,,,,
2026-05-21 10:00:00,hourly,TC-01,Trunk Conveyor 01,Trunk Conveyor,Underground,2.749,56.23,102.82,,,471.812,143.3,0.73,Running,1,6,81.3,28.7,169,160.785,,,,,,,,,
2026-05-21 11:00:00,hourly,TC-01,Trunk Conveyor 01,Trunk Conveyor,Underground,2.306,54.395,99.072,,,446.853,149.264,0.86,Running,0,18,82.85,24.33,169,144.915,,,,,,,,,
2026-05-21 12:00:00,hourly,TC-01,Trunk Conveyor 01,Trunk Conveyor,Underground,2.535,57.025,83.397,,,462.327,153.437,0.87,Running,1,14,82.74,23.53,170,147.932,,,,,,,,,
2026-05-21 13:00:00,hourly,TC-01,Trunk Conveyor 01,Trunk Conveyor,Underground,2.918,51.376,93.028,,,443.629,148.381,0.82,Running,1,13,82.93,27.07,165,144.449,,,,,,,,,
2026-05-21 14:00:00,hourly,TC-01,Trunk Conveyor 01,Trunk Conveyor,Underground,2.491,52.974,87.929,,,457.472,148.69,0.9,Running,0,9,82.31,20.62,164,162.478,,,,,,,,,
2026-05-21 15:00:00,hourly,TC-01,Trunk Conveyor 01,Trunk Conveyor,Underground,2.61,54.492,111.661,,,454.167,152.997,0.83,Running,1,0,83.16,21.22,164,154.85,,,,,,,,,
2026-05-21 16:00:00,hourly,TC-01,Trunk Conveyor 01,Trunk Conveyor,Underground,2.363,55.168,88.463,,,462.986,160.53,0.79,Running,1,23,78.76,31.02,165,155.833,,,,,,,,,
2026-05-21 17:00:00,hourly,TC-01,Trunk Conveyor 01,Trunk Conveyor,Underground,2.994,55.574,85.508,,,457.066,158.225,0.66,Running,0,13,83.88,23.91,175,157.855,,,,,,,,,
2026-05-21 18:00:00,hourly,TC-01,Trunk Conveyor 01,Trunk Conveyor,Underground,2.62,57.577,77.876,,,413.709,139.883,0.68,Running,1,12,85.17,24.06,174,135.995,,,,,,,,,
2026-05-21 19:00:00,hourly,TC-01,Trunk Conveyor 01,Trunk Conveyor,Underground,2.312,54.116,88.287,,,436.425,158.438,1.0,Running,1,4,81.91,20.82,165,161.232,,,,,,,,,
2026-05-21 20:00:00,hourly,TC-01,Trunk Conveyor 01,Trunk Conveyor,Underground,2.782,52.964,95.248,,,449.194,163.846,0.88,Running,1,6,83.1,25.38,164,145.586,,,,,,,,,
2026-05-21 21:00:00,hourly,TC-01,Trunk Conveyor 01,Trunk Conveyor,Underground,2.35,54.595,101.041,,,456.086,157.891,0.92,Running,1,9,85.44,17.89,157,146.59,,,,,,,,,
2026-05-21 22:00:00,hourly,TC-01,Trunk Conveyor 01,Trunk Conveyor,Underground,2.701,54.205,88.103,,,462.533,129.822,1.0,Running,1,17,82.79,24.93,161,142.35,,,,,,,,,
2026-05-21 23:00:00,hourly,TC-01,Trunk Conveyor 01,Trunk Conveyor,Underground,2.771,56.295,101.559,,,457.556,153.93,0.79,Running,1,19,83.21,23.38,162,152.427,,,,,,,,,
2026-05-22 00:00:00,hourly,TC-01,Trunk Conveyor 01,Trunk Conveyor,Underground,2.971,58.048,94.155,,,434.989,164.002,0.81,Running,1,5,85.65,21.8,163,150.816,,,,,,,,,
2026-05-22 01:00:00,hourly,TC-01,Trunk Conveyor 01,Trunk Conveyor,Underground,2.611,57.889,91.631,,,464.194,147.517,0.69,Running,1,7,85.94,19.21,162,136.253,,,,,,,,,
2026-05-22 02:00:00,hourly,TC-01,Trunk Conveyor 01,Trunk Conveyor,Underground,2.576,57.271,95.587,,,433.099,177.66,0.8,Running,1,0,80.96,28.67,165,131.879,,,,,,,,,
2026-05-22 03:00:00,hourly,TC-01,Trunk Conveyor 01,Trunk Conveyor,Underground,2.161,54.288,103.062,,,470.394,131.941,0.8,Running,1,0,81.98,23.57,167,149.335,,,,,,,,,
2026-05-22 04:00:00,hourly,TC-01,Trunk Conveyor 01,Trunk Conveyor,Underground,2.476,55.025,94.869,,,471.589,152.882,0.79,Running,0,12,84.05,22.16,161,160.52,,,,,,,,,
2026-05-22 05:00:00,hourly,TC-01,Trunk Conveyor 01,Trunk Conveyor,Underground,2.425,56.084,87.92,,,447.462,158.081,0.91,Running,1,4,83.4,23.62,169,159.463,,,,,,,,,
2026-05-22 06:00:00,hourly,TC-01,Trunk Conveyor 01,Trunk Conveyor,Underground,2.532,53.936,97.12,,,435.973,153.123,0.88,Running,1,0,83.72,26.15,165,162.582,,,,,,,,,
2026-05-22 07:00:00,hourly,TC-01,Trunk Conveyor 01,Trunk Conveyor,Underground,2.464,54.107,97.031,,,435.103,152.965,0.9,Running,1,3,78.37,31.94,166,149.403,,,,,,,,,
2026-05-22 08:00:00,hourly,TC-01,Trunk Conveyor 01,Trunk Conveyor,Underground,2.726,56.003,93.447,,,427.934,142.221,0.73,Running,1,14,79.42,29.22,161,147.692,,,,,,,,,
2026-05-22 09:00:00,hourly,TC-01,Trunk Conveyor 01,Trunk Conveyor,Underground,2.457,52.877,100.724,,,431.013,146.409,0.83,Running,1,11,85.39,21.74,165,150.365,,,,,,,,,
2026-05-22 10:00:00,hourly,TC-01,Trunk Conveyor 01,Trunk Conveyor,Underground,2.665,57.303,80.867,,,444.366,156.754,0.85,Running,0,0,83.75,24.92,164,160.44,,,,,,,,,
2026-05-22 11:00:00,hourly,TC-01,Trunk Conveyor 01,Trunk Conveyor,Underground,2.547,54.617,96.75,,,437.539,132.571,0.97,Running,1,17,83.06,24.47,168,169.333,,,,,,,,,
2026-05-22 12:00:00,hourly,TC-01,Trunk Conveyor 01,Trunk Conveyor,Underground,2.446,56.316,99.32,,,418.624,159.746,0.83,Running,1,6,80.49,25.27,164,146.535,,,,,,,,,
2026-05-22 13:00:00,hourly,TC-01,Trunk Conveyor 01,Trunk Conveyor,Underground,2.428,55.718,85.928,,,438.892,150.576,0.81,Running,1,13,81.79,26.75,165,148.679,,,,,,,,,
2026-05-22 14:00:00,hourly,TC-01,Trunk Conveyor 01,Trunk Conveyor,Underground,2.618,57.607,85.728,,,449.262,156.577,0.91,Running,1,10,83.35,23.25,159,151.946,,,,,,,,,
2026-05-22 15:00:00,hourly,TC-01,Trunk Conveyor 01,Trunk Conveyor,Underground,2.846,51.522,100.623,,,441.48,159.228,0.8,Running,1,11,80.21,27.01,166,148.693,,,,,,,,,
2026-05-22 16:00:00,hourly,TC-01,Trunk Conveyor 01,Trunk Conveyor,Underground,2.426,57.625,101.687,,,431.47,185.187,0.86,Running,1,4,81.27,24.65,155,145.227,,,,,,,,,
2026-05-22 17:00:00,hourly,TC-01,Trunk Conveyor 01,Trunk Conveyor,Underground,2.582,57.588,102.806,,,404.531,164.207,0.86,Running,1,10,82.98,24.98,158,150.236,,,,,,,,,
2026-05-22 18:00:00,hourly,TC-01,Trunk Conveyor 01,Trunk Conveyor,Underground,2.67,55.869,90.495,,,468.184,140.807,0.78,Running,0,11,83.31,24.39,161,142.925,,,,,,,,,
2026-05-22 19:00:00,hourly,TC-01,Trunk Conveyor 01,Trunk Conveyor,Underground,2.57,56.304,95.866,,,446.847,171.082,0.77,Running,0,8,81.51,23.98,155,159.608,,,,,,,,,
2026-05-22 20:00:00,hourly,TC-01,Trunk Conveyor 01,Trunk Conveyor,Underground,2.222,56.443,96.666,,,453.327,127.21,0.82,Running,1,9,83.9,20.33,156,167.843,,,,,,,,,
2026-05-22 21:00:00,hourly,TC-01,Trunk Conveyor 01,Trunk Conveyor,Underground,2.67,53.751,84.43,,,450.803,147.641,0.79,Running,1,18,83.83,26.43,156,148.511,,,,,,,,,
2026-05-22 22:00:00,hourly,TC-01,Trunk Conveyor 01,Trunk Conveyor,Underground,2.273,55.474,95.623,,,456.495,153.201,0.7,Running,1,9,79.42,30.53,160,169.932,,,,,,,,,
2026-05-22 23:00:00,hourly,TC-01,Trunk Conveyor 01,Trunk Conveyor,Underground,2.277,56.982,95.518,,,451.867,148.726,0.88,Running,1,12,84.89,21.33,158,150.455,,,,,,,,,
2026-05-23 00:00:00,hourly,TC-01,Trunk Conveyor 01,Trunk Conveyor,Underground,2.315,52.165,99.164,,,449.306,154.182,0.87,Running,0,8,84.12,23.45,162,143.975,,,,,,,,,
2026-05-23 01:00:00,hourly,TC-01,Trunk Conveyor 01,Trunk Conveyor,Underground,2.544,56.234,91.27,,,461.264,150.132,0.76,Running,0,18,82.56,23.48,166,159.2,,,,,,,,,
2026-05-23 02:00:00,hourly,TC-01,Trunk Conveyor 01,Trunk Conveyor,Underground,2.384,55.546,102.208,,,465.12,163.217,0.75,Running,1,1,81.99,24.86,159,141.488,,,,,,,,,
2026-05-23 03:00:00,hourly,TC-01,Trunk Conveyor 01,Trunk Conveyor,Underground,2.29,56.522,95.194,,,472.412,147.318,0.86,Running,0,17,83.46,23.2,156,158.522,,,,,,,,,
2026-05-23 04:00:00,hourly,TC-01,Trunk Conveyor 01,Trunk Conveyor,Underground,2.653,53.107,104.977,,,432.532,150.622,0.96,Running,1,7,83.03,25.69,159,154.455,,,,,,,,,
2026-05-23 05:00:00,hourly,TC-01,Trunk Conveyor 01,Trunk Conveyor,Underground,2.572,54.061,99.205,,,451.99,167.61,0.9,Running,1,21,81.72,22.76,153,147.226,,,,,,,,,
2026-05-23 06:00:00,hourly,TC-01,Trunk Conveyor 01,Trunk Conveyor,Underground,2.73,52.89,96.398,,,418.598,160.383,0.92,Running,1,10,84.71,19.37,157,146.067,,,,,,,,,
2026-05-23 07:00:00,hourly,TC-01,Trunk Conveyor 01,Trunk Conveyor,Underground,2.433,52.874,87.647,,,438.823,150.145,0.8,Running,1,17,78.75,27.3,166,142.074,,,,,,,,,
2026-05-23 08:00:00,hourly,TC-01,Trunk Conveyor 01,Trunk Conveyor,Underground,2.566,56.905,86.825,,,443.937,155.929,0.85,Running,1,10,81.04,28.25,155,163.026,,,,,,,,,
2026-05-23 09:00:00,hourly,TC-01,Trunk Conveyor 01,Trunk Conveyor,Underground,2.74,54.353,104.357,,,460.813,168.536,0.81,Running,1,14,82.8,23.88,157,149.232,,,,,,,,,
2026-05-23 10:00:00,hourly,TC-01,Trunk Conveyor 01,Trunk Conveyor,Underground,2.317,54.224,100.025,,,445.35,139.225,0.76,Running,1,13,81.98,23.4,155,155.11,,,,,,,,,
2026-05-23 11:00:00,hourly,TC-01,Trunk Conveyor 01,Trunk Conveyor,Underground,2.448,57.383,93.054,,,459.575,141.903,0.84,Running,0,8,83.16,23.13,154,151.569,,,,,,,,,
2026-05-23 12:00:00,hourly,TC-01,Trunk Conveyor 01,Trunk Conveyor,Underground,2.779,54.805,92.271,,,441.246,146.523,0.75,Running,1,16,79.79,27.02,157,149.361,,,,,,,,,
2026-05-23 13:00:00,hourly,TC-01,Trunk Conveyor 01,Trunk Conveyor,Underground,2.585,57.161,96.109,,,437.054,153.653,0.76,Running,1,0,81.6,22.89,150,155.289,,,,,,,,,
2026-05-23 14:00:00,hourly,TC-01,Trunk Conveyor 01,Trunk Conveyor,Underground,2.551,53.541,86.714,,,433.007,160.418,0.78,Running,1,6,83.83,25.16,154,157.335,,,,,,,,,
2026-05-23 15:00:00,hourly,TC-01,Trunk Conveyor 01,Trunk Conveyor,Underground,2.574,54.81,91.985,,,459.873,144.823,0.79,Running,1,11,79.58,28.29,149,153.23,,,,,,,,,
2026-05-23 16:00:00,hourly,TC-01,Trunk Conveyor 01,Trunk Conveyor,Underground,2.827,53.807,98.473,,,440.623,143.236,0.82,Running,0,15,81.57,28.38,160,149.633,,,,,,,,,
2026-05-23 17:00:00,hourly,TC-01,Trunk Conveyor 01,Trunk Conveyor,Underground,2.578,56.427,99.282,,,403.751,139.91,0.65,Running,0,15,81.08,23.59,158,139.761,,,,,,,,,
2026-05-23 18:00:00,hourly,TC-01,Trunk Conveyor 01,Trunk Conveyor,Underground,2.592,55.071,92.603,,,458.865,143.238,0.75,Running,1,9,82.49,25.52,151,145.08,,,,,,,,,
2026-05-23 19:00:00,hourly,TC-01,Trunk Conveyor 01,Trunk Conveyor,Underground,2.58,56.763,104.419,,,430.689,145.821,0.95,Running,0,7,82.52,21.58,146,148.356,,,,,,,,,
2026-05-23 20:00:00,hourly,TC-01,Trunk Conveyor 01,Trunk Conveyor,Underground,2.261,55.726,101.094,,,450.887,132.256,0.82,Running,2,19,82.03,30.05,155,151.903,,,,,,,,,
2026-05-23 21:00:00,hourly,TC-01,Trunk Conveyor 01,Trunk Conveyor,Underground,2.685,51.951,90.218,,,427.08,146.679,0.86,Running,1,16,81.39,22.59,153,132.601,,,,,,,,,
2026-05-23 22:00:00,hourly,TC-01,Trunk Conveyor 01,Trunk Conveyor,Underground,2.421,54.982,87.183,,,447.663,142.289,0.85,Running,1,17,81.94,28.88,162,158.549,,,,,,,,,
2026-05-23 23:00:00,hourly,TC-01,Trunk Conveyor 01,Trunk Conveyor,Underground,2.333,52.697,98.412,,,395.724,150.264,0.81,Running,1,9,81.55,25.78,158,155.271,,,,,,,,,
2026-05-24 00:00:00,hourly,TC-01,Trunk Conveyor 01,Trunk Conveyor,Underground,2.237,56.088,92.151,,,446.779,167.026,0.75,Running,1,26,81.75,25.19,155,145.342,,,,,,,,,
2026-05-24 01:00:00,hourly,TC-01,Trunk Conveyor 01,Trunk Conveyor,Underground,2.279,56.467,91.017,,,431.626,137.406,0.78,Running,1,10,84.11,23.42,150,141.668,,,,,,,,,
2026-05-24 02:00:00,hourly,TC-01,Trunk Conveyor 01,Trunk Conveyor,Underground,2.133,56.657,96.202,,,424.554,160.877,0.98,Running,1,12,79.84,26.35,150,144.198,,,,,,,,,
2026-05-24 03:00:00,hourly,TC-01,Trunk Conveyor 01,Trunk Conveyor,Underground,2.382,55.253,99.187,,,461.122,166.765,0.78,Running,1,21,82.29,26.37,152,137.195,,,,,,,,,
2026-05-24 04:00:00,hourly,TC-01,Trunk Conveyor 01,Trunk Conveyor,Underground,2.501,52.54,99.629,,,445.225,160.443,0.96,Running,1,23,80.22,29.41,152,148.027,,,,,,,,,
2026-05-24 05:00:00,hourly,TC-01,Trunk Conveyor 01,Trunk Conveyor,Underground,2.8,55.859,95.215,,,442.961,154.845,0.79,Running,0,12,84.83,21.26,148,149.789,,,,,,,,,
2026-05-24 06:00:00,hourly,TC-01,Trunk Conveyor 01,Trunk Conveyor,Underground,2.601,56.218,81.128,,,434.311,163.593,0.79,Running,1,5,81.83,25.94,145,161.871,,,,,,,,,
2026-05-24 07:00:00,hourly,TC-01,Trunk Conveyor 01,Trunk Conveyor,Underground,2.64,55.16,100.624,,,463.445,157.468,0.83,Running,1,14,79.64,32.37,158,156.989,,,,,,,,,
2026-05-24 08:00:00,hourly,TC-01,Trunk Conveyor 01,Trunk Conveyor,Underground,2.845,55.646,90.068,,,439.511,161.772,0.81,Running,1,15,81.28,27.51,150,165.494,,,,,,,,,
2026-05-24 09:00:00,hourly,TC-01,Trunk Conveyor 01,Trunk Conveyor,Underground,2.02,52.097,96.761,,,474.11,152.848,0.74,Running,0,24,79.29,27.42,151,153.014,,,,,,,,,
2026-05-24 10:00:00,hourly,TC-01,Trunk Conveyor 01,Trunk Conveyor,Underground,2.669,55.618,94.185,,,469.456,142.241,0.82,Running,1,33,80.6,28.67,146,141.762,,,,,,,,,
2026-05-24 11:00:00,hourly,TC-01,Trunk Conveyor 01,Trunk Conveyor,Underground,2.654,55.307,108.389,,,472.973,162.262,0.7,Running,1,6,82.58,23.32,155,170.936,,,,,,,,,
2026-05-24 12:00:00,hourly,TC-01,Trunk Conveyor 01,Trunk Conveyor,Underground,2.756,53.322,107.278,,,464.736,175.279,0.85,Running,0,13,83.75,21.29,153,148.288,,,,,,,,,
2026-05-24 13:00:00,hourly,TC-01,Trunk Conveyor 01,Trunk Conveyor,Underground,2.232,56.46,92.181,,,436.393,148.732,0.84,Running,1,5,83.28,24.43,149,134.795,,,,,,,,,
2026-05-24 14:00:00,hourly,TC-01,Trunk Conveyor 01,Trunk Conveyor,Underground,2.477,54.623,86.877,,,448.244,152.004,0.88,Running,1,9,81.37,24.07,149,154.223,,,,,,,,,
2026-05-24 15:00:00,hourly,TC-01,Trunk Conveyor 01,Trunk Conveyor,Underground,2.406,55.928,87.353,,,443.638,152.812,0.78,Running,0,5,82.43,24.69,149,134.316,,,,,,,,,
2026-05-24 16:00:00,hourly,TC-01,Trunk Conveyor 01,Trunk Conveyor,Underground,2.335,56.398,96.587,,,462.374,138.587,0.88,Running,1,21,82.79,25.44,148,150.878,,,,,,,,,
2026-05-24 17:00:00,hourly,TC-01,Trunk Conveyor 01,Trunk Conveyor,Underground,3.056,56.114,91.726,,,447.09,144.178,0.85,Running,1,11,85.08,24.71,150,146.584,,,,,,,,,
2026-05-24 18:00:00,hourly,TC-01,Trunk Conveyor 01,Trunk Conveyor,Underground,2.481,53.113,88.305,,,442.896,154.557,0.83,Running,1,14,80.49,28.59,149,157.577,,,,,,,,,
2026-05-24 19:00:00,hourly,TC-01,Trunk Conveyor 01,Trunk Conveyor,Underground,2.78,54.838,91.836,,,477.113,150.976,0.98,Running,1,8,83.85,19.66,146,162.31,,,,,,,,,
2026-05-24 20:00:00,hourly,TC-01,Trunk Conveyor 01,Trunk Conveyor,Underground,2.736,59.366,97.692,,,441.369,151.975,0.86,Running,1,13,79.67,25.83,142,148.253,,,,,,,,,
2026-05-24 21:00:00,hourly,TC-01,Trunk Conveyor 01,Trunk Conveyor,Underground,2.307,58.048,94.522,,,436.016,152.068,0.78,Running,1,13,83.29,26.85,146,147.472,,,,,,,,,
2026-05-24 22:00:00,hourly,TC-01,Trunk Conveyor 01,Trunk Conveyor,Underground,2.491,57.042,92.104,,,440.015,150.787,0.94,Running,1,6,80.39,26.19,149,160.173,,,,,,,,,
2026-05-24 23:00:00,hourly,TC-01,Trunk Conveyor 01,Trunk Conveyor,Underground,2.608,56.037,92.864,,,466.526,144.946,0.86,Running,1,0,80.27,24.59,149,143.403,,,,,,,,,
2026-05-25 00:00:00,hourly,TC-01,Trunk Conveyor 01,Trunk Conveyor,Underground,2.676,53.768,94.04,,,450.618,155.756,0.96,Running,1,2,80.89,24.75,151,152.551,,,,,,,,,
2026-05-25 01:00:00,hourly,TC-01,Trunk Conveyor 01,Trunk Conveyor,Underground,2.663,55.258,96.354,,,455.484,154.802,0.67,Running,1,0,80.08,29.47,151,157.802,,,,,,,,,
2026-05-25 02:00:00,hourly,TC-01,Trunk Conveyor 01,Trunk Conveyor,Underground,2.948,54.793,96.713,,,451.473,143.927,0.8,Running,1,11,81.99,25.44,148,143.153,,,,,,,,,
2026-05-25 03:00:00,hourly,TC-01,Trunk Conveyor 01,Trunk Conveyor,Underground,2.78,55.405,85.142,,,407.747,155.587,0.8,Running,0,5,83.25,24.74,146,148.547,,,,,,,,,
2026-05-25 04:00:00,hourly,TC-01,Trunk Conveyor 01,Trunk Conveyor,Underground,2.73,52.957,96.039,,,427.974,146.247,0.67,Running,1,20,77.89,30.89,146,152.968,,,,,,,,,
2026-05-25 05:00:00,hourly,TC-01,Trunk Conveyor 01,Trunk Conveyor,Underground,2.792,57.282,92.873,,,442.189,157.74,0.83,Running,0,11,80.97,24.44,142,166.5,,,,,,,,,
2026-05-25 06:00:00,hourly,TC-01,Trunk Conveyor 01,Trunk Conveyor,Underground,2.87,50.732,88.97,,,452.866,151.478,0.79,Running,1,0,79.49,25.14,147,138.562,,,,,,,,,
2026-05-25 07:00:00,hourly,TC-01,Trunk Conveyor 01,Trunk Conveyor,Underground,2.475,57.114,92.823,,,429.477,155.418,0.66,Running,0,7,82.66,22.61,149,150.229,,,,,,,,,
2026-05-25 08:00:00,hourly,TC-01,Trunk Conveyor 01,Trunk Conveyor,Underground,2.284,57.152,102.003,,,428.915,153.459,0.76,Running,1,0,83.47,23.39,148,166.766,,,,,,,,,
2026-05-25 09:00:00,hourly,TC-01,Trunk Conveyor 01,Trunk Conveyor,Underground,2.479,59.767,99.925,,,441.56,151.372,0.93,Running,1,3,80.89,24.38,145,162.564,,,,,,,,,
2026-05-25 10:00:00,hourly,TC-01,Trunk Conveyor 01,Trunk Conveyor,Underground,2.326,55.132,95.663,,,471.049,154.827,0.89,Running,1,8,80.03,29.92,142,148.852,,,,,,,,,
2026-05-25 11:00:00,hourly,TC-01,Trunk Conveyor 01,Trunk Conveyor,Underground,2.405,54.649,89.704,,,408.418,159.466,0.76,Running,1,5,78.55,28.03,141,151.103,,,,,,,,,
2026-05-25 12:00:00,hourly,TC-01,Trunk Conveyor 01,Trunk Conveyor,Underground,2.622,55.805,86.936,,,399.435,152.976,0.76,Running,1,16,84.23,18.77,142,156.945,,,,,,,,,
2026-05-25 13:00:00,hourly,TC-01,Trunk Conveyor 01,Trunk Conveyor,Underground,2.491,56.6,89.449,,,478.393,152.834,0.89,Running,1,14,83.21,23.51,139,157.177,,,,,,,,,
2026-05-25 14:00:00,hourly,TC-01,Trunk Conveyor 01,Trunk Conveyor,Underground,2.732,55.433,95.18,,,419.604,148.715,0.66,Running,1,10,77.91,32.44,143,167.059,,,,,,,,,
2026-05-25 15:00:00,hourly,TC-01,Trunk Conveyor 01,Trunk Conveyor,Underground,2.664,53.47,95.313,,,439.849,135.536,0.87,Running,1,21,82.11,28.03,130,164.35,,,,,,,,,
2026-05-25 16:00:00,hourly,TC-01,Trunk Conveyor 01,Trunk Conveyor,Underground,2.676,56.608,91.212,,,420.124,152.212,0.67,Running,1,4,79.26,25.81,139,136.703,,,,,,,,,
2026-05-25 17:00:00,hourly,TC-01,Trunk Conveyor 01,Trunk Conveyor,Underground,2.351,55.605,100.394,,,441.686,140.515,0.95,Running,1,10,80.21,30.56,141,134.367,,,,,,,,,
2026-05-25 18:00:00,hourly,TC-01,Trunk Conveyor 01,Trunk Conveyor,Underground,2.429,53.795,97.441,,,444.675,146.823,0.87,Running,0,18,79.0,29.76,151,145.936,,,,,,,,,
2026-05-25 19:00:00,hourly,TC-01,Trunk Conveyor 01,Trunk Conveyor,Underground,2.223,52.689,79.233,,,476.111,144.126,0.67,Running,1,4,77.78,29.86,141,131.543,,,,,,,,,
2026-05-25 20:00:00,hourly,TC-01,Trunk Conveyor 01,Trunk Conveyor,Underground,2.719,60.061,95.803,,,460.085,145.467,0.79,Running,1,16,80.89,28.11,140,166.361,,,,,,,,,
2026-05-25 21:00:00,hourly,TC-01,Trunk Conveyor 01,Trunk Conveyor,Underground,2.99,57.118,99.688,,,424.01,146.032,0.85,Running,1,12,83.98,25.14,137,135.474,,,,,,,,,
2026-05-25 22:00:00,hourly,TC-01,Trunk Conveyor 01,Trunk Conveyor,Underground,2.642,56.631,96.376,,,412.757,156.303,0.66,Running,1,14,79.44,25.42,147,148.642,,,,,,,,,
2026-05-25 23:00:00,hourly,TC-01,Trunk Conveyor 01,Trunk Conveyor,Underground,2.66,55.42,98.658,,,456.088,154.932,0.82,Running,1,20,82.33,23.87,136,142.354,,,,,,,,,
2026-05-26 00:00:00,hourly,TC-01,Trunk Conveyor 01,Trunk Conveyor,Underground,2.501,56.873,93.594,,,437.735,152.94,0.86,Running,0,12,82.57,23.32,147,134.483,,,,,,,,,
2026-05-26 01:00:00,hourly,TC-01,Trunk Conveyor 01,Trunk Conveyor,Underground,2.564,53.74,94.791,,,434.066,162.831,0.65,Running,1,11,82.02,26.42,136,164.934,,,,,,,,,
2026-05-26 02:00:00,hourly,TC-01,Trunk Conveyor 01,Trunk Conveyor,Underground,2.863,55.997,94.923,,,468.401,179.476,0.88,Running,1,1,84.04,25.26,142,145.606,,,,,,,,,
2026-05-26 03:00:00,hourly,TC-01,Trunk Conveyor 01,Trunk Conveyor,Underground,2.627,56.079,96.3,,,415.453,156.521,0.81,Running,1,11,82.36,24.84,138,172.932,,,,,,,,,
2026-05-26 04:00:00,hourly,TC-01,Trunk Conveyor 01,Trunk Conveyor,Underground,2.737,53.795,91.728,,,440.469,160.131,0.89,Running,0,6,83.7,22.24,136,167.418,,,,,,,,,
2026-05-26 05:00:00,hourly,TC-01,Trunk Conveyor 01,Trunk Conveyor,Underground,2.869,55.46,101.765,,,458.41,154.485,0.8,Running,1,11,78.96,30.35,142,151.928,,,,,,,,,
2026-05-26 06:00:00,hourly,TC-01,Trunk Conveyor 01,Trunk Conveyor,Underground,2.83,54.909,103.753,,,425.805,157.798,0.74,Running,1,7,81.97,24.78,143,128.919,,,,,,,,,
2026-05-26 07:00:00,hourly,TC-01,Trunk Conveyor 01,Trunk Conveyor,Underground,2.617,54.28,92.037,,,470.41,137.352,0.73,Running,1,10,83.17,19.22,137,148.229,,,,,,,,,
2026-05-26 08:00:00,hourly,TC-01,Trunk Conveyor 01,Trunk Conveyor,Underground,2.632,54.689,88.218,,,428.828,127.634,0.8,Running,1,5,79.5,29.73,137,177.12,,,,,,,,,
2026-05-26 09:00:00,hourly,TC-01,Trunk Conveyor 01,Trunk Conveyor,Underground,2.534,52.59,87.166,,,445.764,132.953,0.8,Running,2,17,75.14,36.78,135,156.689,,,,,,,,,
2026-05-26 10:00:00,hourly,TC-01,Trunk Conveyor 01,Trunk Conveyor,Underground,2.711,57.579,97.674,,,434.545,146.362,0.91,Running,2,4,78.67,32.01,137,150.143,,,,,,,,,
2026-05-26 11:00:00,hourly,TC-01,Trunk Conveyor 01,Trunk Conveyor,Underground,2.529,58.482,98.778,,,397.696,164.29,0.8,Running,1,0,79.52,26.36,132,145.262,,,,,,,,,
2026-05-26 12:00:00,hourly,TC-01,Trunk Conveyor 01,Trunk Conveyor,Underground,2.682,54.006,97.713,,,439.442,154.29,0.7,Running,1,9,81.56,27.04,125,161.751,,,,,,,,,
2026-05-26 13:00:00,hourly,TC-01,Trunk Conveyor 01,Trunk Conveyor,Underground,2.821,57.675,98.236,,,461.267,148.48,0.78,Running,1,16,79.73,31.44,128,156.063,,,,,,,,,
2026-05-26 14:00:00,hourly,TC-01,Trunk Conveyor 01,Trunk Conveyor,Underground,2.276,55.623,91.862,,,428.378,157.125,0.7,Running,0,7,80.62,32.19,135,155.123,,,,,,,,,
2026-05-26 15:00:00,hourly,TC-01,Trunk Conveyor 01,Trunk Conveyor,Underground,2.242,55.666,83.338,,,435.685,155.183,0.85,Running,1,13,79.63,29.47,131,164.502,,,,,,,,,
2026-05-26 16:00:00,hourly,TC-01,Trunk Conveyor 01,Trunk Conveyor,Underground,2.605,53.356,92.302,,,437.69,139.812,0.87,Running,1,9,80.38,29.44,134,163.915,,,,,,,,,
2026-05-26 17:00:00,hourly,TC-01,Trunk Conveyor 01,Trunk Conveyor,Underground,2.749,54.687,105.216,,,456.629,156.233,0.88,Running,1,4,80.46,25.38,133,156.823,,,,,,,,,
2026-05-26 18:00:00,hourly,TC-01,Trunk Conveyor 01,Trunk Conveyor,Underground,2.673,56.654,96.888,,,440.499,159.508,0.8,Running,1,14,79.53,26.41,132,134.562,,,,,,,,,
2026-05-26 19:00:00,hourly,TC-01,Trunk Conveyor 01,Trunk Conveyor,Underground,2.373,53.943,97.854,,,447.385,170.929,0.76,Running,0,6,81.84,27.4,132,141.216,,,,,,,,,
2026-05-26 20:00:00,hourly,TC-01,Trunk Conveyor 01,Trunk Conveyor,Underground,2.796,54.367,100.742,,,447.613,151.31,0.78,Running,1,10,82.71,20.13,138,145.243,,,,,,,,,
2026-05-26 21:00:00,hourly,TC-01,Trunk Conveyor 01,Trunk Conveyor,Underground,2.998,54.791,90.28,,,437.533,167.274,0.81,Running,1,1,78.65,30.2,135,151.62,,,,,,,,,
2026-05-26 22:00:00,hourly,TC-01,Trunk Conveyor 01,Trunk Conveyor,Underground,2.443,49.576,96.668,,,477.362,148.391,0.78,Running,2,13,80.81,29.72,140,168.523,,,,,,,,,
2026-05-26 23:00:00,hourly,TC-01,Trunk Conveyor 01,Trunk Conveyor,Underground,2.472,56.303,98.407,,,428.487,172.977,0.95,Running,1,18,78.16,32.0,133,174.617,,,,,,,,,
2026-05-27 00:00:00,hourly,TC-01,Trunk Conveyor 01,Trunk Conveyor,Underground,2.623,56.863,89.746,,,459.589,146.688,0.79,Running,1,16,77.62,32.74,125,156.351,,,,,,,,,
2026-05-27 01:00:00,hourly,TC-01,Trunk Conveyor 01,Trunk Conveyor,Underground,2.593,56.376,97.531,,,469.894,157.831,0.81,Running,1,16,82.07,25.01,128,158.099,,,,,,,,,
2026-05-27 02:00:00,hourly,TC-01,Trunk Conveyor 01,Trunk Conveyor,Underground,2.859,57.42,103.127,,,444.434,154.631,0.76,Running,1,12,83.6,22.14,133,135.428,,,,,,,,,
2026-05-27 03:00:00,hourly,TC-01,Trunk Conveyor 01,Trunk Conveyor,Underground,2.676,54.927,92.958,,,448.012,165.464,0.76,Running,2,15,79.84,32.53,133,147.405,,,,,,,,,
2026-05-27 04:00:00,hourly,TC-01,Trunk Conveyor 01,Trunk Conveyor,Underground,2.561,58.99,85.035,,,456.457,164.253,0.72,Running,1,16,83.28,25.87,129,145.975,,,,,,,,,
2026-05-27 05:00:00,hourly,TC-01,Trunk Conveyor 01,Trunk Conveyor,Underground,2.502,54.213,96.412,,,440.221,142.682,0.74,Running,1,9,79.29,30.68,128,145.061,,,,,,,,,
2026-05-27 06:00:00,hourly,TC-01,Trunk Conveyor 01,Trunk Conveyor,Underground,2.315,55.333,91.444,,,412.768,149.042,0.97,Running,1,15,79.94,28.14,129,158.445,,,,,,,,,
2026-05-27 07:00:00,hourly,TC-01,Trunk Conveyor 01,Trunk Conveyor,Underground,2.895,55.159,96.477,,,442.402,171.21,0.86,Running,0,9,82.96,22.69,130,147.112,,,,,,,,,
2026-05-27 08:00:00,hourly,TC-01,Trunk Conveyor 01,Trunk Conveyor,Underground,2.747,56.08,90.344,,,476.509,152.969,0.79,Running,1,27,78.81,31.82,130,131.23,,,,,,,,,
2026-05-27 09:00:00,hourly,TC-01,Trunk Conveyor 01,Trunk Conveyor,Underground,2.604,55.317,95.77,,,457.117,159.407,0.77,Running,1,12,81.72,24.98,126,161.35,,,,,,,,,
2026-05-27 10:00:00,hourly,TC-01,Trunk Conveyor 01,Trunk Conveyor,Underground,2.644,55.567,102.774,,,448.26,142.452,0.92,Running,1,2,79.68,28.61,131,165.324,,,,,,,,,
2026-05-27 11:00:00,hourly,TC-01,Trunk Conveyor 01,Trunk Conveyor,Underground,2.601,54.534,95.251,,,460.478,149.877,0.75,Running,1,14,79.06,30.54,131,155.261,,,,,,,,,
2026-05-27 12:00:00,hourly,TC-01,Trunk Conveyor 01,Trunk Conveyor,Underground,2.27,54.97,85.53,,,444.26,145.716,0.68,Running,1,5,79.38,29.28,129,150.244,,,,,,,,,
2026-05-27 13:00:00,hourly,TC-01,Trunk Conveyor 01,Trunk Conveyor,Underground,2.34,51.741,97.686,,,447.383,160.432,0.86,Running,1,21,76.71,35.71,127,142.205,,,,,,,,,
2026-05-27 14:00:00,hourly,TC-01,Trunk Conveyor 01,Trunk Conveyor,Underground,2.583,57.211,95.558,,,439.084,158.741,0.75,Running,1,13,82.18,22.31,132,142.892,,,,,,,,,
2026-05-27 15:00:00,hourly,TC-01,Trunk Conveyor 01,Trunk Conveyor,Underground,2.581,53.93,96.725,,,455.435,163.119,0.72,Running,1,7,80.5,27.43,134,163.888,,,,,,,,,
2026-05-27 16:00:00,hourly,TC-01,Trunk Conveyor 01,Trunk Conveyor,Underground,2.623,54.89,101.292,,,437.183,142.344,0.73,Running,1,5,79.88,32.44,127,143.879,,,,,,,,,
2026-05-27 17:00:00,hourly,TC-01,Trunk Conveyor 01,Trunk Conveyor,Underground,2.965,53.87,92.31,,,441.152,157.054,0.85,Running,0,14,78.99,31.21,126,174.255,,,,,,,,,
2026-05-27 18:00:00,hourly,TC-01,Trunk Conveyor 01,Trunk Conveyor,Underground,2.569,56.806,93.739,,,462.642,152.302,0.81,Running,1,5,80.58,26.79,130,162.566,,,,,,,,,
2026-05-27 19:00:00,hourly,TC-01,Trunk Conveyor 01,Trunk Conveyor,Underground,2.474,54.806,89.298,,,443.316,130.122,0.74,Running,1,5,81.48,27.53,123,155.86,,,,,,,,,
2026-05-27 20:00:00,hourly,TC-01,Trunk Conveyor 01,Trunk Conveyor,Underground,2.638,51.39,96.641,,,456.982,156.297,0.86,Running,1,8,79.6,28.46,122,181.989,,,,,,,,,
2026-05-27 21:00:00,hourly,TC-01,Trunk Conveyor 01,Trunk Conveyor,Underground,2.348,56.297,96.491,,,458.464,163.761,0.75,Running,1,16,81.57,28.74,125,166.166,,,,,,,,,
2026-05-27 22:00:00,hourly,TC-01,Trunk Conveyor 01,Trunk Conveyor,Underground,2.659,54.45,93.937,,,445.414,166.274,0.69,Running,1,1,80.44,29.02,128,147.402,,,,,,,,,
2026-05-27 23:00:00,hourly,TC-01,Trunk Conveyor 01,Trunk Conveyor,Underground,2.483,55.757,99.985,,,440.497,151.823,0.72,Running,0,6,79.84,26.5,123,140.881,,,,,,,,,
2026-05-28 00:00:00,hourly,TC-01,Trunk Conveyor 01,Trunk Conveyor,Underground,2.674,57.3,89.289,,,423.026,159.612,0.82,Running,1,26,81.43,26.48,126,147.482,,,,,,,,,
2026-05-28 01:00:00,hourly,TC-01,Trunk Conveyor 01,Trunk Conveyor,Underground,2.593,54.028,96.278,,,427.04,157.058,0.76,Running,0,27,79.13,30.05,118,151.02,,,,,,,,,
2026-05-28 02:00:00,hourly,TC-01,Trunk Conveyor 01,Trunk Conveyor,Underground,2.601,55.718,99.13,,,457.732,145.313,0.83,Running,1,22,77.92,31.84,128,143.813,,,,,,,,,
2026-05-28 03:00:00,hourly,TC-01,Trunk Conveyor 01,Trunk Conveyor,Underground,2.756,54.424,92.278,,,457.393,144.089,0.91,Running,1,12,79.82,28.89,131,139.79,,,,,,,,,
2026-05-28 04:00:00,hourly,TC-01,Trunk Conveyor 01,Trunk Conveyor,Underground,2.778,57.593,87.296,,,428.938,151.732,0.77,Running,1,17,79.94,29.21,122,154.753,,,,,,,,,
2026-05-28 05:00:00,hourly,TC-01,Trunk Conveyor 01,Trunk Conveyor,Underground,3.038,55.963,85.373,,,453.884,150.045,1.0,Running,1,9,79.51,29.52,127,161.938,,,,,,,,,
2026-05-28 06:00:00,hourly,TC-01,Trunk Conveyor 01,Trunk Conveyor,Underground,2.771,55.783,96.484,,,450.637,152.966,0.84,Running,1,0,81.75,24.1,124,172.606,,,,,,,,,
2026-05-28 07:00:00,hourly,TC-01,Trunk Conveyor 01,Trunk Conveyor,Underground,2.583,53.594,105.723,,,463.575,148.416,0.81,Running,1,7,80.63,26.2,125,153.02,,,,,,,,,
2026-05-28 08:00:00,hourly,TC-01,Trunk Conveyor 01,Trunk Conveyor,Underground,2.506,57.182,91.908,,,485.708,154.092,0.71,Running,1,8,79.63,28.01,123,158.808,,,,,,,,,
2026-05-28 09:00:00,hourly,TC-01,Trunk Conveyor 01,Trunk Conveyor,Underground,2.702,57.414,98.281,,,457.07,142.587,0.79,Running,0,12,79.78,28.5,123,131.822,,,,,,,,,
2026-05-28 10:00:00,hourly,TC-01,Trunk Conveyor 01,Trunk Conveyor,Underground,2.926,54.46,81.028,,,434.282,165.901,0.8,Running,1,14,79.9,27.64,120,161.634,,,,,,,,,
2026-05-28 11:00:00,hourly,TC-01,Trunk Conveyor 01,Trunk Conveyor,Underground,2.805,56.119,97.827,,,460.091,135.814,0.88,Running,1,24,80.59,29.37,119,141.096,,,,,,,,,
2026-05-28 12:00:00,hourly,TC-01,Trunk Conveyor 01,Trunk Conveyor,Underground,2.492,56.904,89.064,,,427.949,151.468,0.77,Running,0,11,79.82,26.34,128,155.551,,,,,,,,,
2026-05-28 13:00:00,hourly,TC-01,Trunk Conveyor 01,Trunk Conveyor,Underground,2.725,59.842,93.242,,,486.682,150.37,0.85,Running,1,4,79.47,25.28,116,151.728,,,,,,,,,
2026-05-28 14:00:00,hourly,TC-01,Trunk Conveyor 01,Trunk Conveyor,Underground,2.68,56.557,96.082,,,424.615,150.987,0.82,Running,0,12,77.56,35.35,123,149.546,,,,,,,,,
2026-05-28 15:00:00,hourly,TC-01,Trunk Conveyor 01,Trunk Conveyor,Underground,2.846,55.856,85.651,,,454.577,144.615,0.9,Running,1,16,78.54,28.41,122,135.89,,,,,,,,,
2026-05-28 16:00:00,hourly,TC-01,Trunk Conveyor 01,Trunk Conveyor,Underground,2.697,55.58,114.497,,,446.711,138.616,0.9,Running,1,11,80.1,30.06,122,143.888,,,,,,,,,
2026-05-28 17:00:00,hourly,TC-01,Trunk Conveyor 01,Trunk Conveyor,Underground,2.69,55.691,91.998,,,439.225,154.383,0.85,Running,1,6,79.94,29.31,125,141.72,,,,,,,,,
2026-05-28 18:00:00,hourly,TC-01,Trunk Conveyor 01,Trunk Conveyor,Underground,2.401,57.249,99.279,,,438.085,150.38,0.88,Running,1,16,77.24,30.3,120,145.689,,,,,,,,,
2026-05-28 19:00:00,hourly,TC-01,Trunk Conveyor 01,Trunk Conveyor,Underground,2.796,54.284,104.6,,,471.17,155.689,0.91,Running,1,3,78.7,29.56,124,165.235,,,,,,,,,
2026-05-28 20:00:00,hourly,TC-01,Trunk Conveyor 01,Trunk Conveyor,Underground,2.36,57.554,97.411,,,456.847,137.383,0.86,Running,1,5,78.09,30.11,129,148.353,,,,,,,,,
2026-05-28 21:00:00,hourly,TC-01,Trunk Conveyor 01,Trunk Conveyor,Underground,2.657,53.105,88.292,,,443.902,167.686,0.84,Running,1,13,81.74,26.27,120,144.835,,,,,,,,,
2026-05-28 22:00:00,hourly,TC-01,Trunk Conveyor 01,Trunk Conveyor,Underground,2.529,57.082,96.282,,,477.818,151.523,0.85,Running,1,5,79.94,26.55,112,159.386,,,,,,,,,
2026-05-28 23:00:00,hourly,TC-01,Trunk Conveyor 01,Trunk Conveyor,Underground,2.518,57.587,84.647,,,444.495,124.871,0.95,Running,1,9,80.21,27.36,120,155.838,,,,,,,,,
2026-05-29 00:00:00,hourly,TC-01,Trunk Conveyor 01,Trunk Conveyor,Underground,2.757,57.341,93.694,,,459.853,153.949,0.83,Running,1,12,79.39,28.77,119,174.605,,,,,,,,,
2026-04-29 00:00:00,hourly,VF-01,Ventilation Fan 01,Ventilation Fan,Surface,2.571,59.306,187.486,,313.967,901.135,331.565,0.98,Running,0,2,92.93,7.55,102,356.705,,,,,,313.967,,,
2026-04-29 01:00:00,hourly,VF-01,Ventilation Fan 01,Ventilation Fan,Surface,2.939,55.031,184.768,,301.361,870.367,309.397,0.82,Running,1,7,91.42,11.87,102,354.82,,,,,,301.361,,,
2026-04-29 02:00:00,hourly,VF-01,Ventilation Fan 01,Ventilation Fan,Surface,2.62,61.177,189.263,,318.693,907.78,324.149,0.87,Running,0,0,93.46,9.95,105,332.484,,,,,,318.693,,,
2026-04-29 03:00:00,hourly,VF-01,Ventilation Fan 01,Ventilation Fan,Surface,2.486,61.264,208.594,,301.392,910.852,328.164,0.85,Running,1,8,91.43,11.85,110,321.41,,,,,,301.392,,,
2026-04-29 04:00:00,hourly,VF-01,Ventilation Fan 01,Ventilation Fan,Surface,2.298,61.122,184.992,,300.837,859.515,323.734,0.81,Running,0,9,95.5,11.3,104,323.87,,,,,,300.837,,,
2026-04-29 05:00:00,hourly,VF-01,Ventilation Fan 01,Ventilation Fan,Surface,2.674,61.812,182.164,,306.466,868.839,321.799,0.92,Running,0,8,92.18,10.56,107,348.642,,,,,,306.466,,,
2026-04-29 06:00:00,hourly,VF-01,Ventilation Fan 01,Ventilation Fan,Surface,2.33,59.896,186.146,,323.869,939.189,330.681,0.85,Running,0,1,93.76,5.17,104,340.763,,,,,,323.869,,,
2026-04-29 07:00:00,hourly,VF-01,Ventilation Fan 01,Ventilation Fan,Surface,3.018,63.065,172.326,,318.967,887.669,345.872,0.9,Running,0,4,93.93,8.61,109,321.471,,,,,,318.967,,,
2026-04-29 08:00:00,hourly,VF-01,Ventilation Fan 01,Ventilation Fan,Surface,2.357,58.283,189.84,,320.587,888.178,314.972,0.8,Running,1,4,92.15,12.65,103,374.07,,,,,,320.587,,,
2026-04-29 09:00:00,hourly,VF-01,Ventilation Fan 01,Ventilation Fan,Surface,2.619,60.975,181.512,,311.424,894.183,289.605,0.78,Running,0,0,91.13,10.67,103,299.445,,,,,,311.424,,,
2026-04-29 10:00:00,hourly,VF-01,Ventilation Fan 01,Ventilation Fan,Surface,2.629,59.769,198.208,,316.774,880.846,349.884,0.79,Running,0,4,93.81,8.59,102,318.02,,,,,,316.774,,,
2026-04-29 11:00:00,hourly,VF-01,Ventilation Fan 01,Ventilation Fan,Surface,2.741,63.038,168.667,,317.144,855.94,319.526,0.84,Running,0,0,90.33,13.39,101,318.474,,,,,,317.144,,,
2026-04-29 12:00:00,hourly,VF-01,Ventilation Fan 01,Ventilation Fan,Surface,2.513,59.438,183.122,,301.665,870.238,320.897,0.91,Running,0,7,90.54,13.12,110,332.188,,,,,,301.665,,,
2026-04-29 13:00:00,hourly,VF-01,Ventilation Fan 01,Ventilation Fan,Surface,2.954,61.172,177.443,,316.975,880.862,321.349,0.99,Running,0,5,93.51,7.89,104,352.722,,,,,,316.975,,,
2026-04-29 14:00:00,hourly,VF-01,Ventilation Fan 01,Ventilation Fan,Surface,2.741,61.204,173.503,,309.859,883.845,308.829,0.83,Running,0,9,92.18,13.14,102,346.656,,,,,,309.859,,,
2026-04-29 15:00:00,hourly,VF-01,Ventilation Fan 01,Ventilation Fan,Surface,2.701,61.429,188.715,,305.037,877.974,323.773,0.97,Running,0,9,91.34,16.47,99,332.625,,,,,,305.037,,,
2026-04-29 16:00:00,hourly,VF-01,Ventilation Fan 01,Ventilation Fan,Surface,2.563,59.581,180.264,,305.603,862.07,325.623,0.87,Running,0,3,91.63,10.04,104,303.558,,,,,,305.603,,,
2026-04-29 17:00:00,hourly,VF-01,Ventilation Fan 01,Ventilation Fan,Surface,2.827,61.776,195.108,,303.248,882.704,337.073,0.77,Running,0,3,91.12,9.82,102,349.212,,,,,,303.248,,,
2026-04-29 18:00:00,hourly,VF-01,Ventilation Fan 01,Ventilation Fan,Surface,3.014,61.105,178.366,,306.496,919.408,321.355,0.83,Running,0,2,95.85,4.94,101,307.413,,,,,,306.496,,,
2026-04-29 19:00:00,hourly,VF-01,Ventilation Fan 01,Ventilation Fan,Surface,3.3,61.739,179.622,,309.759,880.08,291.065,0.88,Running,0,9,93.95,11.28,102,322.091,,,,,,309.759,,,
2026-04-29 20:00:00,hourly,VF-01,Ventilation Fan 01,Ventilation Fan,Surface,2.501,64.204,201.298,,317.826,890.841,308.739,0.89,Running,0,9,90.97,12.13,105,328.626,,,,,,317.826,,,
2026-04-29 21:00:00,hourly,VF-01,Ventilation Fan 01,Ventilation Fan,Surface,2.678,61.292,171.021,,327.947,926.606,347.994,0.78,Running,0,5,91.75,12.28,100,313.997,,,,,,327.947,,,
2026-04-29 22:00:00,hourly,VF-01,Ventilation Fan 01,Ventilation Fan,Surface,2.289,59.073,176.138,,316.646,879.708,316.714,0.79,Running,0,5,93.17,7.74,103,313.617,,,,,,316.646,,,
2026-04-29 23:00:00,hourly,VF-01,Ventilation Fan 01,Ventilation Fan,Surface,2.859,64.99,155.394,,311.219,962.076,338.899,0.79,Running,0,5,90.61,16.71,108,347.902,,,,,,311.219,,,
2026-04-30 00:00:00,hourly,VF-01,Ventilation Fan 01,Ventilation Fan,Surface,2.41,63.03,179.193,,285.8,914.432,318.761,0.8,Running,0,6,91.25,11.67,102,359.26,,,,,,285.8,,,
2026-04-30 01:00:00,hourly,VF-01,Ventilation Fan 01,Ventilation Fan,Surface,2.771,62.384,189.445,,338.817,896.497,343.192,0.84,Running,0,4,91.63,12.22,100,328.707,,,,,,338.817,,,
2026-04-30 02:00:00,hourly,VF-01,Ventilation Fan 01,Ventilation Fan,Surface,2.983,60.715,186.929,,301.282,889.329,331.783,0.97,Running,0,5,90.66,11.49,108,294.617,,,,,,301.282,,,
2026-04-30 03:00:00,hourly,VF-01,Ventilation Fan 01,Ventilation Fan,Surface,2.621,62.564,184.552,,301.658,924.3,306.987,0.79,Running,0,1,93.78,6.92,104,335.819,,,,,,301.658,,,
2026-04-30 04:00:00,hourly,VF-01,Ventilation Fan 01,Ventilation Fan,Surface,2.507,56.974,175.38,,324.923,879.512,311.484,0.69,Running,0,1,90.85,12.8,103,316.296,,,,,,324.923,,,
2026-04-30 05:00:00,hourly,VF-01,Ventilation Fan 01,Ventilation Fan,Surface,3.003,64.186,181.567,,296.526,885.231,306.393,0.68,Running,0,1,91.77,11.73,106,337.442,,,,,,296.526,,,
2026-04-30 06:00:00,hourly,VF-01,Ventilation Fan 01,Ventilation Fan,Surface,2.87,62.891,179.716,,314.19,930.099,344.841,0.89,Running,0,7,92.11,12.78,104,336.151,,,,,,314.19,,,
2026-04-30 07:00:00,hourly,VF-01,Ventilation Fan 01,Ventilation Fan,Surface,2.466,60.748,183.259,,304.161,886.465,310.112,0.78,Running,0,1,94.42,4.44,104,292.62,,,,,,304.161,,,
2026-04-30 08:00:00,hourly,VF-01,Ventilation Fan 01,Ventilation Fan,Surface,2.746,62.849,184.89,,306.67,884.447,324.356,0.84,Running,1,3,91.71,9.71,97,322.456,,,,,,306.67,,,
2026-04-30 09:00:00,hourly,VF-01,Ventilation Fan 01,Ventilation Fan,Surface,2.528,62.35,180.179,,310.286,880.128,328.991,0.76,Running,0,3,95.23,5.31,100,342.603,,,,,,310.286,,,
2026-04-30 10:00:00,hourly,VF-01,Ventilation Fan 01,Ventilation Fan,Surface,2.95,59.098,183.565,,295.352,852.176,333.839,0.81,Running,0,9,91.19,12.57,111,328.423,,,,,,295.352,,,
2026-04-30 11:00:00,hourly,VF-01,Ventilation Fan 01,Ventilation Fan,Surface,2.744,61.479,182.485,,308.181,917.002,322.923,0.79,Running,0,2,91.38,9.81,99,308.372,,,,,,308.181,,,
2026-04-30 12:00:00,hourly,VF-01,Ventilation Fan 01,Ventilation Fan,Surface,3.054,61.877,177.305,,321.961,893.717,305.103,0.77,Running,0,0,93.2,9.33,104,343.437,,,,,,321.961,,,
2026-04-30 13:00:00,hourly,VF-01,Ventilation Fan 01,Ventilation Fan,Surface,2.514,60.864,184.11,,308.74,918.182,311.015,0.92,Running,0,1,94.73,6.09,110,297.014,,,,,,308.74,,,
2026-04-30 14:00:00,hourly,VF-01,Ventilation Fan 01,Ventilation Fan,Surface,2.769,60.698,171.916,,351.605,890.92,313.504,0.92,Running,0,5,91.2,12.05,106,335.016,,,,,,351.605,,,
2026-04-30 15:00:00,hourly,VF-01,Ventilation Fan 01,Ventilation Fan,Surface,2.717,62.944,185.057,,310.707,885.337,287.976,0.87,Running,0,4,93.56,7.46,104,319.567,,,,,,310.707,,,
2026-04-30 16:00:00,hourly,VF-01,Ventilation Fan 01,Ventilation Fan,Surface,2.777,61.499,173.443,,295.234,880.013,337.266,0.98,Running,0,1,92.91,7.91,100,339.042,,,,,,295.234,,,
2026-04-30 17:00:00,hourly,VF-01,Ventilation Fan 01,Ventilation Fan,Surface,2.597,64.907,183.226,,303.321,909.642,338.46,0.71,Running,0,0,90.3,14.16,100,325.811,,,,,,303.321,,,
2026-04-30 18:00:00,hourly,VF-01,Ventilation Fan 01,Ventilation Fan,Surface,2.227,59.851,187.66,,286.351,876.889,313.237,0.8,Running,0,2,91.45,14.2,102,340.11,,,,,,286.351,,,
2026-04-30 19:00:00,hourly,VF-01,Ventilation Fan 01,Ventilation Fan,Surface,2.872,61.981,175.154,,322.482,903.026,351.272,0.79,Running,0,4,91.37,13.7,104,357.621,,,,,,322.482,,,
2026-04-30 20:00:00,hourly,VF-01,Ventilation Fan 01,Ventilation Fan,Surface,2.735,59.327,192.798,,328.801,895.392,328.71,0.88,Running,1,15,89.75,16.57,108,344.296,,,,,,328.801,,,
2026-04-30 21:00:00,hourly,VF-01,Ventilation Fan 01,Ventilation Fan,Surface,2.541,62.528,199.613,,319.636,871.601,343.985,0.72,Running,0,6,91.63,14.18,103,343.947,,,,,,319.636,,,
2026-04-30 22:00:00,hourly,VF-01,Ventilation Fan 01,Ventilation Fan,Surface,2.615,58.95,177.685,,299.424,884.662,342.853,0.87,Running,0,7,91.45,11.64,100,342.097,,,,,,299.424,,,
2026-04-30 23:00:00,hourly,VF-01,Ventilation Fan 01,Ventilation Fan,Surface,2.469,61.76,182.249,,299.021,894.731,328.305,0.7,Running,1,10,91.89,15.1,102,296.117,,,,,,299.021,,,
2026-05-01 00:00:00,hourly,VF-01,Ventilation Fan 01,Ventilation Fan,Surface,2.318,63.551,194.475,,318.315,887.664,297.996,0.88,Running,0,4,91.36,13.6,104,332.076,,,,,,318.315,,,
2026-05-01 01:00:00,hourly,VF-01,Ventilation Fan 01,Ventilation Fan,Surface,2.956,61.299,167.401,,303.209,936.176,333.664,0.91,Running,0,5,90.15,11.9,103,335.873,,,,,,303.209,,,
2026-05-01 02:00:00,hourly,VF-01,Ventilation Fan 01,Ventilation Fan,Surface,2.854,59.219,183.902,,299.117,899.636,338.915,0.73,Running,0,3,95.09,5.54,101,341.55,,,,,,299.117,,,
2026-05-01 03:00:00,hourly,VF-01,Ventilation Fan 01,Ventilation Fan,Surface,2.432,63.096,180.9,,297.759,890.136,320.066,0.79,Running,0,7,91.49,12.22,97,328.816,,,,,,297.759,,,
2026-05-01 04:00:00,hourly,VF-01,Ventilation Fan 01,Ventilation Fan,Surface,3.285,61.932,191.739,,331.842,886.447,333.094,0.92,Running,0,4,93.18,11.31,106,344.832,,,,,,331.842,,,
2026-05-01 05:00:00,hourly,VF-01,Ventilation Fan 01,Ventilation Fan,Surface,2.483,61.047,181.446,,303.828,889.377,330.076,0.93,Running,1,7,91.76,11.07,101,311.359,,,,,,303.828,,,
2026-05-01 06:00:00,hourly,VF-01,Ventilation Fan 01,Ventilation Fan,Surface,2.889,59.288,187.737,,319.361,881.033,315.296,0.71,Running,0,5,93.44,7.25,103,370.405,,,,,,319.361,,,
2026-05-01 07:00:00,hourly,VF-01,Ventilation Fan 01,Ventilation Fan,Surface,2.733,58.008,176.279,,315.96,876.281,328.965,0.85,Running,0,5,89.75,15.94,99,341.728,,,,,,315.96,,,
2026-05-01 08:00:00,hourly,VF-01,Ventilation Fan 01,Ventilation Fan,Surface,2.455,65.738,192.269,,299.165,907.543,322.43,0.87,Running,0,6,90.81,10.63,99,312.171,,,,,,299.165,,,
2026-05-01 09:00:00,hourly,VF-01,Ventilation Fan 01,Ventilation Fan,Surface,2.811,60.094,173.628,,309.819,928.238,336.593,0.82,Running,0,7,90.2,14.33,103,357.701,,,,,,309.819,,,
2026-05-01 10:00:00,hourly,VF-01,Ventilation Fan 01,Ventilation Fan,Surface,2.694,59.261,191.577,,297.302,884.426,321.167,0.93,Running,0,15,89.96,14.14,96,308.287,,,,,,297.302,,,
2026-05-01 11:00:00,hourly,VF-01,Ventilation Fan 01,Ventilation Fan,Surface,2.595,61.882,184.444,,326.675,903.772,319.235,0.78,Running,0,6,91.27,9.54,97,330.81,,,,,,326.675,,,
2026-05-01 12:00:00,hourly,VF-01,Ventilation Fan 01,Ventilation Fan,Surface,3.027,59.222,162.586,,298.353,879.696,304.432,0.79,Running,1,8,90.41,16.99,107,332.943,,,,,,298.353,,,
2026-05-01 13:00:00,hourly,VF-01,Ventilation Fan 01,Ventilation Fan,Surface,2.875,62.261,184.362,,313.649,896.577,365.954,0.77,Running,0,4,88.48,16.16,104,322.453,,,,,,313.649,,,
2026-05-01 14:00:00,hourly,VF-01,Ventilation Fan 01,Ventilation Fan,Surface,2.896,63.973,189.275,,303.319,865.491,323.425,0.84,Running,0,2,90.24,11.29,103,328.224,,,,,,303.319,,,
2026-05-01 15:00:00,hourly,VF-01,Ventilation Fan 01,Ventilation Fan,Surface,2.692,59.161,172.767,,298.133,875.484,312.593,0.8,Running,0,7,90.07,14.0,97,331.946,,,,,,298.133,,,
2026-05-01 16:00:00,hourly,VF-01,Ventilation Fan 01,Ventilation Fan,Surface,2.817,60.686,176.226,,322.143,874.683,340.352,0.89,Running,0,0,92.06,7.66,102,309.23,,,,,,322.143,,,
2026-05-01 17:00:00,hourly,VF-01,Ventilation Fan 01,Ventilation Fan,Surface,2.735,62.151,184.668,,302.944,891.033,333.702,0.79,Running,1,14,88.29,17.11,100,336.179,,,,,,302.944,,,
2026-05-01 18:00:00,hourly,VF-01,Ventilation Fan 01,Ventilation Fan,Surface,2.851,58.859,179.283,,287.225,868.474,339.498,0.81,Running,0,0,89.75,16.07,99,330.787,,,,,,287.225,,,
2026-05-01 19:00:00,hourly,VF-01,Ventilation Fan 01,Ventilation Fan,Surface,2.529,59.48,186.872,,314.255,844.903,341.208,0.84,Running,0,3,89.33,20.34,100,369.621,,,,,,314.255,,,
2026-05-01 20:00:00,hourly,VF-01,Ventilation Fan 01,Ventilation Fan,Surface,2.221,61.075,182.041,,300.656,864.036,348.311,0.76,Running,1,8,91.69,11.83,95,360.436,,,,,,300.656,,,
2026-05-01 21:00:00,hourly,VF-01,Ventilation Fan 01,Ventilation Fan,Surface,3.043,65.236,172.067,,311.019,890.321,313.737,0.91,Running,0,5,89.58,13.26,92,316.11,,,,,,311.019,,,
2026-05-01 22:00:00,hourly,VF-01,Ventilation Fan 01,Ventilation Fan,Surface,2.742,59.615,204.918,,319.384,876.708,333.135,0.88,Running,1,5,92.09,11.48,101,327.969,,,,,,319.384,,,
2026-05-01 23:00:00,hourly,VF-01,Ventilation Fan 01,Ventilation Fan,Surface,2.872,60.762,180.924,,313.372,881.386,305.54,0.88,Running,0,4,90.31,16.45,101,316.932,,,,,,313.372,,,
2026-05-02 00:00:00,hourly,VF-01,Ventilation Fan 01,Ventilation Fan,Surface,2.596,66.293,185.12,,319.74,899.928,325.914,0.74,Running,0,5,91.13,13.42,101,325.721,,,,,,319.74,,,
2026-05-02 01:00:00,hourly,VF-01,Ventilation Fan 01,Ventilation Fan,Surface,2.699,62.931,199.973,,293.478,876.028,341.568,0.95,Running,0,7,92.07,12.76,103,348.027,,,,,,293.478,,,
2026-05-02 02:00:00,hourly,VF-01,Ventilation Fan 01,Ventilation Fan,Surface,3.083,57.958,191.807,,323.42,892.313,316.53,0.68,Running,1,3,88.34,17.84,102,328.801,,,,,,323.42,,,
2026-05-02 03:00:00,hourly,VF-01,Ventilation Fan 01,Ventilation Fan,Surface,2.83,60.886,188.988,,305.451,941.063,366.563,0.88,Running,1,5,89.83,15.25,106,320.89,,,,,,305.451,,,
2026-05-02 04:00:00,hourly,VF-01,Ventilation Fan 01,Ventilation Fan,Surface,3.236,62.53,193.601,,291.882,885.657,331.174,0.84,Running,0,4,90.86,9.99,104,342.994,,,,,,291.882,,,
2026-05-02 05:00:00,hourly,VF-01,Ventilation Fan 01,Ventilation Fan,Surface,2.948,64.26,189.064,,279.528,889.5,301.937,0.88,Running,0,3,90.47,10.43,100,292.169,,,,,,279.528,,,
2026-05-02 06:00:00,hourly,VF-01,Ventilation Fan 01,Ventilation Fan,Surface,2.606,64.159,189.083,,305.264,902.374,342.202,0.81,Running,0,8,88.04,13.59,100,323.191,,,,,,305.264,,,
2026-05-02 07:00:00,hourly,VF-01,Ventilation Fan 01,Ventilation Fan,Surface,2.851,62.5,189.245,,299.512,875.996,366.458,0.83,Running,0,5,91.19,9.94,100,358.335,,,,,,299.512,,,
2026-05-02 08:00:00,hourly,VF-01,Ventilation Fan 01,Ventilation Fan,Surface,3.125,62.821,182.642,,299.679,880.949,295.169,0.88,Running,0,4,90.11,11.68,93,359.303,,,,,,299.679,,,
2026-05-02 09:00:00,hourly,VF-01,Ventilation Fan 01,Ventilation Fan,Surface,2.804,58.796,193.854,,312.921,891.851,342.399,0.82,Running,0,0,90.2,17.44,103,357.075,,,,,,312.921,,,
2026-05-02 10:00:00,hourly,VF-01,Ventilation Fan 01,Ventilation Fan,Surface,2.898,60.015,190.272,,329.533,898.201,315.156,0.84,Running,0,9,89.61,13.14,101,306.36,,,,,,329.533,,,
2026-05-02 11:00:00,hourly,VF-01,Ventilation Fan 01,Ventilation Fan,Surface,3.068,58.813,163.526,,298.051,873.443,330.137,0.84,Running,1,4,84.83,21.44,92,306.227,,,,,,298.051,,,
2026-05-02 12:00:00,hourly,VF-01,Ventilation Fan 01,Ventilation Fan,Surface,2.242,63.475,191.9,,309.956,906.174,310.072,1.0,Running,0,11,90.76,12.45,105,321.145,,,,,,309.956,,,
2026-05-02 13:00:00,hourly,VF-01,Ventilation Fan 01,Ventilation Fan,Surface,2.914,62.175,177.123,,302.019,927.903,344.692,0.7,Running,1,3,90.78,13.29,97,331.287,,,,,,302.019,,,
2026-05-02 14:00:00,hourly,VF-01,Ventilation Fan 01,Ventilation Fan,Surface,3.057,61.641,186.471,,296.97,851.771,325.958,0.93,Running,0,7,89.13,15.36,98,316.392,,,,,,296.97,,,
2026-05-02 15:00:00,hourly,VF-01,Ventilation Fan 01,Ventilation Fan,Surface,2.592,64.522,169.255,,296.602,902.453,349.636,0.86,Running,0,8,87.39,15.14,98,297.458,,,,,,296.602,,,
2026-05-02 16:00:00,hourly,VF-01,Ventilation Fan 01,Ventilation Fan,Surface,2.992,62.519,179.077,,328.482,891.811,314.614,0.85,Running,0,6,88.87,16.78,98,349.644,,,,,,328.482,,,
2026-05-02 17:00:00,hourly,VF-01,Ventilation Fan 01,Ventilation Fan,Surface,2.762,63.726,181.069,,308.914,887.266,327.799,0.72,Running,0,5,91.28,10.85,108,346.328,,,,,,308.914,,,
2026-05-02 18:00:00,hourly,VF-01,Ventilation Fan 01,Ventilation Fan,Surface,2.392,62.969,189.199,,306.454,900.961,294.102,0.92,Running,0,5,89.0,13.98,97,319.307,,,,,,306.454,,,
2026-05-02 19:00:00,hourly,VF-01,Ventilation Fan 01,Ventilation Fan,Surface,2.939,63.171,179.101,,300.492,924.108,372.703,0.73,Running,1,12,89.65,13.88,97,345.379,,,,,,300.492,,,
2026-05-02 20:00:00,hourly,VF-01,Ventilation Fan 01,Ventilation Fan,Surface,2.764,59.385,164.919,,309.502,899.401,361.872,0.94,Running,1,8,89.04,16.96,98,350.027,,,,,,309.502,,,
2026-05-02 21:00:00,hourly,VF-01,Ventilation Fan 01,Ventilation Fan,Surface,2.751,63.426,180.021,,301.019,914.827,366.043,0.78,Running,0,5,90.04,12.7,95,283.577,,,,,,301.019,,,
2026-05-02 22:00:00,hourly,VF-01,Ventilation Fan 01,Ventilation Fan,Surface,2.91,62.431,181.03,,331.816,892.848,355.722,0.94,Running,0,8,87.39,17.84,99,344.062,,,,,,331.816,,,
2026-05-02 23:00:00,hourly,VF-01,Ventilation Fan 01,Ventilation Fan,Surface,2.561,60.674,190.174,,311.657,901.719,321.756,0.77,Running,1,11,89.13,16.02,95,329.993,,,,,,311.657,,,
2026-05-03 00:00:00,hourly,VF-01,Ventilation Fan 01,Ventilation Fan,Surface,2.94,62.868,185.831,,310.289,881.702,330.522,0.75,Running,1,6,91.17,12.87,100,280.964,,,,,,310.289,,,
2026-05-03 01:00:00,hourly,VF-01,Ventilation Fan 01,Ventilation Fan,Surface,2.571,64.079,177.621,,309.997,894.482,335.909,0.82,Running,0,8,87.91,17.33,94,351.61,,,,,,309.997,,,
2026-05-03 02:00:00,hourly,VF-01,Ventilation Fan 01,Ventilation Fan,Surface,3.105,61.318,187.036,,324.269,887.645,337.256,0.76,Running,0,1,88.9,12.73,95,332.853,,,,,,324.269,,,
2026-05-03 03:00:00,hourly,VF-01,Ventilation Fan 01,Ventilation Fan,Surface,3.024,60.022,201.068,,308.29,895.959,313.754,0.81,Running,0,9,90.99,12.87,94,299.359,,,,,,308.29,,,
2026-05-03 04:00:00,hourly,VF-01,Ventilation Fan 01,Ventilation Fan,Surface,3.113,60.122,195.12,,302.816,857.174,312.968,0.96,Running,0,6,90.46,11.53,95,339.251,,,,,,302.816,,,
2026-05-03 05:00:00,hourly,VF-01,Ventilation Fan 01,Ventilation Fan,Surface,2.878,58.746,167.424,,310.446,869.037,309.926,0.78,Running,0,3,89.95,10.55,90,334.939,,,,,,310.446,,,
2026-05-03 06:00:00,hourly,VF-01,Ventilation Fan 01,Ventilation Fan,Surface,2.683,61.207,206.907,,317.989,919.688,324.513,0.84,Running,0,6,89.81,13.35,88,342.154,,,,,,317.989,,,
2026-05-03 07:00:00,hourly,VF-01,Ventilation Fan 01,Ventilation Fan,Surface,2.619,62.732,195.308,,322.668,924.199,326.236,0.95,Running,0,10,89.74,13.32,96,292.673,,,,,,322.668,,,
2026-05-03 08:00:00,hourly,VF-01,Ventilation Fan 01,Ventilation Fan,Surface,2.607,65.026,198.945,,311.031,855.417,324.131,0.84,Running,1,13,88.74,21.69,91,325.364,,,,,,311.031,,,
2026-05-03 09:00:00,hourly,VF-01,Ventilation Fan 01,Ventilation Fan,Surface,2.742,59.955,171.02,,311.183,881.015,335.412,0.91,Running,0,13,90.83,14.79,104,311.777,,,,,,311.183,,,
2026-05-03 10:00:00,hourly,VF-01,Ventilation Fan 01,Ventilation Fan,Surface,2.63,62.292,180.993,,320.322,877.017,309.285,0.87,Running,1,11,88.28,17.98,96,328.152,,,,,,320.322,,,
2026-05-03 11:00:00,hourly,VF-01,Ventilation Fan 01,Ventilation Fan,Surface,2.853,61.627,190.041,,275.578,899.023,317.76,0.9,Running,0,0,87.4,16.83,100,297.466,,,,,,275.578,,,
2026-05-03 12:00:00,hourly,VF-01,Ventilation Fan 01,Ventilation Fan,Surface,2.606,61.572,174.673,,309.426,891.586,319.283,0.82,Running,1,13,86.74,18.2,98,309.106,,,,,,309.426,,,
2026-05-03 13:00:00,hourly,VF-01,Ventilation Fan 01,Ventilation Fan,Surface,2.647,58.537,189.541,,301.333,908.373,344.571,0.87,Running,1,0,87.92,22.05,92,362.257,,,,,,301.333,,,
2026-05-03 14:00:00,hourly,VF-01,Ventilation Fan 01,Ventilation Fan,Surface,2.701,59.583,199.513,,309.021,863.66,334.646,0.97,Running,0,12,87.86,15.72,95,354.717,,,,,,309.021,,,
2026-05-03 15:00:00,hourly,VF-01,Ventilation Fan 01,Ventilation Fan,Surface,2.615,65.241,181.838,,312.572,901.066,336.916,0.8,Running,0,11,87.69,17.74,99,350.938,,,,,,312.572,,,
2026-05-03 16:00:00,hourly,VF-01,Ventilation Fan 01,Ventilation Fan,Surface,2.712,63.638,200.19,,323.222,886.002,316.581,0.86,Running,1,18,86.91,22.01,99,360.939,,,,,,323.222,,,
2026-05-03 17:00:00,hourly,VF-01,Ventilation Fan 01,Ventilation Fan,Surface,2.917,62.193,191.205,,291.646,877.106,332.191,0.77,Running,0,7,89.35,13.46,100,294.152,,,,,,291.646,,,
2026-05-03 18:00:00,hourly,VF-01,Ventilation Fan 01,Ventilation Fan,Surface,2.595,62.559,168.178,,299.608,903.023,319.172,0.91,Running,1,9,87.2,18.22,94,330.43,,,,,,299.608,,,
2026-05-03 19:00:00,hourly,VF-01,Ventilation Fan 01,Ventilation Fan,Surface,2.526,63.13,177.109,,297.544,887.847,319.739,0.69,Running,0,10,89.55,14.59,98,336.46,,,,,,297.544,,,
2026-05-03 20:00:00,hourly,VF-01,Ventilation Fan 01,Ventilation Fan,Surface,2.752,60.755,194.927,,300.913,891.047,337.514,0.8,Running,0,1,89.79,12.52,94,323.853,,,,,,300.913,,,
2026-05-03 21:00:00,hourly,VF-01,Ventilation Fan 01,Ventilation Fan,Surface,2.542,60.845,175.687,,291.731,922.642,321.27,0.9,Running,0,5,92.71,11.75,100,294.403,,,,,,291.731,,,
2026-05-03 22:00:00,hourly,VF-01,Ventilation Fan 01,Ventilation Fan,Surface,3.088,60.435,194.713,,333.801,894.781,329.951,0.81,Running,0,5,87.83,14.81,100,349.312,,,,,,333.801,,,
2026-05-03 23:00:00,hourly,VF-01,Ventilation Fan 01,Ventilation Fan,Surface,2.641,62.013,190.528,,318.578,935.989,327.341,0.68,Running,0,5,88.26,17.99,90,344.016,,,,,,318.578,,,
2026-05-04 00:00:00,hourly,VF-01,Ventilation Fan 01,Ventilation Fan,Surface,2.807,59.381,187.86,,298.803,841.924,312.891,0.76,Running,1,5,87.28,18.66,97,319.265,,,,,,298.803,,,
2026-05-04 01:00:00,hourly,VF-01,Ventilation Fan 01,Ventilation Fan,Surface,2.897,60.363,179.877,,308.271,892.947,322.458,0.77,Running,1,9,86.56,20.61,91,348.61,,,,,,308.271,,,
2026-05-04 02:00:00,hourly,VF-01,Ventilation Fan 01,Ventilation Fan,Surface,2.521,62.711,187.806,,302.846,868.681,322.734,0.95,Running,0,10,87.73,16.79,99,334.205,,,,,,302.846,,,
2026-05-04 03:00:00,hourly,VF-01,Ventilation Fan 01,Ventilation Fan,Surface,2.614,61.001,200.262,,309.915,872.697,325.631,0.89,Running,0,15,87.12,18.81,91,344.414,,,,,,309.915,,,
2026-05-04 04:00:00,hourly,VF-01,Ventilation Fan 01,Ventilation Fan,Surface,2.662,58.214,181.634,,298.806,878.671,302.911,0.9,Running,1,7,86.43,21.06,97,313.47,,,,,,298.806,,,
2026-05-04 05:00:00,hourly,VF-01,Ventilation Fan 01,Ventilation Fan,Surface,2.974,60.964,190.66,,289.72,913.368,320.109,0.73,Running,0,4,88.66,13.06,98,336.551,,,,,,289.72,,,
2026-05-04 06:00:00,hourly,VF-01,Ventilation Fan 01,Ventilation Fan,Surface,3.206,62.822,203.25,,301.107,884.103,346.387,0.82,Running,1,0,86.53,16.45,95,336.782,,,,,,301.107,,,
2026-05-04 07:00:00,hourly,VF-01,Ventilation Fan 01,Ventilation Fan,Surface,3.212,61.971,187.578,,324.527,867.914,338.816,0.95,Running,1,13,89.11,16.41,98,327.187,,,,,,324.527,,,
2026-05-04 08:00:00,hourly,VF-01,Ventilation Fan 01,Ventilation Fan,Surface,3.085,58.368,180.826,,290.109,907.521,325.446,0.9,Running,1,1,89.53,16.3,96,278.359,,,,,,290.109,,,
2026-05-04 09:00:00,hourly,VF-01,Ventilation Fan 01,Ventilation Fan,Surface,2.534,63.82,180.753,,321.071,866.972,312.982,0.78,Running,0,10,86.74,18.84,101,335.293,,,,,,321.071,,,
2026-05-04 10:00:00,hourly,VF-01,Ventilation Fan 01,Ventilation Fan,Surface,2.615,61.271,166.537,,314.603,929.747,333.484,0.89,Running,0,7,90.32,15.39,90,336.674,,,,,,314.603,,,
2026-05-04 11:00:00,hourly,VF-01,Ventilation Fan 01,Ventilation Fan,Surface,3.114,62.45,174.413,,303.065,864.538,347.381,0.72,Running,1,10,88.68,15.12,93,312.985,,,,,,303.065,,,
2026-05-04 12:00:00,hourly,VF-01,Ventilation Fan 01,Ventilation Fan,Surface,3.145,63.87,188.385,,316.838,886.598,356.191,0.76,Running,1,4,87.89,19.49,87,343.364,,,,,,316.838,,,
2026-05-04 13:00:00,hourly,VF-01,Ventilation Fan 01,Ventilation Fan,Surface,2.986,61.541,194.094,,310.318,935.234,323.555,0.67,Running,1,11,85.12,20.69,93,336.832,,,,,,310.318,,,
2026-05-04 14:00:00,hourly,VF-01,Ventilation Fan 01,Ventilation Fan,Surface,2.989,57.979,181.555,,282.142,885.733,314.998,0.81,Running,1,15,85.18,19.19,90,340.149,,,,,,282.142,,,
2026-05-04 15:00:00,hourly,VF-01,Ventilation Fan 01,Ventilation Fan,Surface,2.719,65.316,194.028,,302.914,902.172,339.688,0.87,Running,0,7,90.4,16.29,89,324.43,,,,,,302.914,,,
2026-05-04 16:00:00,hourly,VF-01,Ventilation Fan 01,Ventilation Fan,Surface,3.192,57.398,193.487,,303.242,890.42,337.746,0.75,Running,0,3,89.95,15.72,88,297.825,,,,,,303.242,,,
2026-05-04 17:00:00,hourly,VF-01,Ventilation Fan 01,Ventilation Fan,Surface,2.655,61.157,178.528,,325.062,892.779,332.188,0.82,Running,0,0,90.36,12.59,92,298.289,,,,,,325.062,,,
2026-05-04 18:00:00,hourly,VF-01,Ventilation Fan 01,Ventilation Fan,Surface,2.463,64.422,180.129,,302.889,874.778,321.878,0.76,Running,0,9,90.74,12.11,95,345.791,,,,,,302.889,,,
2026-05-04 19:00:00,hourly,VF-01,Ventilation Fan 01,Ventilation Fan,Surface,2.994,60.444,173.401,,305.145,902.733,311.121,0.78,Running,0,4,89.92,15.31,96,310.185,,,,,,305.145,,,
2026-05-04 20:00:00,hourly,VF-01,Ventilation Fan 01,Ventilation Fan,Surface,2.691,60.571,192.237,,293.717,921.942,342.877,0.74,Running,0,5,88.07,14.71,98,316.123,,,,,,293.717,,,
2026-05-04 21:00:00,hourly,VF-01,Ventilation Fan 01,Ventilation Fan,Surface,2.535,61.422,185.601,,306.869,849.992,346.449,0.92,Running,1,17,88.54,16.69,98,348.896,,,,,,306.869,,,
2026-05-04 22:00:00,hourly,VF-01,Ventilation Fan 01,Ventilation Fan,Surface,3.015,61.503,193.582,,293.338,872.359,326.365,0.77,Running,0,12,86.51,18.55,89,289.396,,,,,,293.338,,,
2026-05-04 23:00:00,hourly,VF-01,Ventilation Fan 01,Ventilation Fan,Surface,2.421,60.152,185.081,,320.614,880.514,359.515,0.8,Running,1,12,87.95,17.31,91,300.015,,,,,,320.614,,,
2026-05-05 00:00:00,hourly,VF-01,Ventilation Fan 01,Ventilation Fan,Surface,2.924,60.609,177.178,,302.511,873.129,335.946,0.78,Running,0,10,88.72,11.75,94,347.949,,,,,,302.511,,,
2026-05-05 01:00:00,hourly,VF-01,Ventilation Fan 01,Ventilation Fan,Surface,2.727,64.039,192.687,,293.238,906.765,329.389,0.85,Running,1,0,88.71,14.0,94,333.874,,,,,,293.238,,,
2026-05-05 02:00:00,hourly,VF-01,Ventilation Fan 01,Ventilation Fan,Surface,3.179,60.836,167.862,,322.216,879.272,313.283,1.0,Running,0,14,87.24,18.37,99,292.339,,,,,,322.216,,,
2026-05-05 03:00:00,hourly,VF-01,Ventilation Fan 01,Ventilation Fan,Surface,2.928,62.912,182.687,,291.813,894.361,305.023,1.0,Running,1,20,84.16,24.29,92,323.438,,,,,,291.813,,,
2026-05-05 04:00:00,hourly,VF-01,Ventilation Fan 01,Ventilation Fan,Surface,3.065,60.09,178.778,,310.526,925.362,324.06,0.81,Running,0,6,84.94,20.82,96,335.771,,,,,,310.526,,,
2026-05-05 05:00:00,hourly,VF-01,Ventilation Fan 01,Ventilation Fan,Surface,2.592,64.693,199.503,,289.59,853.048,338.173,0.86,Running,1,11,88.09,18.13,92,310.234,,,,,,289.59,,,
2026-05-05 06:00:00,hourly,VF-01,Ventilation Fan 01,Ventilation Fan,Surface,2.459,63.808,201.547,,310.93,899.485,369.632,0.9,Running,0,10,86.48,15.97,94,303.375,,,,,,310.93,,,
2026-05-05 07:00:00,hourly,VF-01,Ventilation Fan 01,Ventilation Fan,Surface,2.753,61.763,189.634,,320.2,889.788,333.397,0.92,Running,0,3,88.31,15.47,94,298.543,,,,,,320.2,,,
2026-05-05 08:00:00,hourly,VF-01,Ventilation Fan 01,Ventilation Fan,Surface,2.968,63.233,180.642,,299.587,889.829,341.813,0.87,Running,1,13,85.26,21.2,93,349.265,,,,,,299.587,,,
2026-05-05 09:00:00,hourly,VF-01,Ventilation Fan 01,Ventilation Fan,Surface,2.851,65.003,201.368,,293.183,872.53,319.123,0.91,Running,0,4,89.34,14.8,89,353.225,,,,,,293.183,,,
2026-05-05 10:00:00,hourly,VF-01,Ventilation Fan 01,Ventilation Fan,Surface,3.09,59.964,179.619,,293.533,884.045,335.719,0.86,Running,0,23,85.62,21.65,94,347.474,,,,,,293.533,,,
2026-05-05 11:00:00,hourly,VF-01,Ventilation Fan 01,Ventilation Fan,Surface,2.958,59.865,173.474,,306.628,892.22,333.65,0.77,Running,0,6,89.45,14.26,95,357.048,,,,,,306.628,,,
2026-05-05 12:00:00,hourly,VF-01,Ventilation Fan 01,Ventilation Fan,Surface,2.608,62.734,168.073,,330.404,888.321,317.296,0.91,Running,0,11,84.56,21.12,93,358.032,,,,,,330.404,,,
2026-05-05 13:00:00,hourly,VF-01,Ventilation Fan 01,Ventilation Fan,Surface,2.942,59.409,186.905,,320.059,907.683,353.857,0.84,Running,1,0,87.97,18.15,81,302.125,,,,,,320.059,,,
2026-05-05 14:00:00,hourly,VF-01,Ventilation Fan 01,Ventilation Fan,Surface,2.879,58.899,170.575,,321.264,868.256,330.323,0.85,Running,1,10,85.47,19.27,91,352.493,,,,,,321.264,,,
2026-05-05 15:00:00,hourly,VF-01,Ventilation Fan 01,Ventilation Fan,Surface,3.122,58.806,198.807,,294.355,861.569,350.175,0.72,Running,0,12,86.91,16.51,95,334.733,,,,,,294.355,,,
2026-05-05 16:00:00,hourly,VF-01,Ventilation Fan 01,Ventilation Fan,Surface,2.64,62.318,180.84,,320.332,848.139,332.666,0.76,Running,0,3,88.6,16.89,88,370.502,,,,,,320.332,,,
2026-05-05 17:00:00,hourly,VF-01,Ventilation Fan 01,Ventilation Fan,Surface,2.699,57.959,174.513,,318.989,895.361,327.231,0.79,Running,1,4,88.28,14.48,96,400.252,,,,,,318.989,,,
2026-05-05 18:00:00,hourly,VF-01,Ventilation Fan 01,Ventilation Fan,Surface,2.934,61.232,196.158,,310.779,908.87,320.055,0.87,Running,0,5,85.48,23.16,89,328.643,,,,,,310.779,,,
2026-05-05 19:00:00,hourly,VF-01,Ventilation Fan 01,Ventilation Fan,Surface,3.159,55.188,194.027,,299.516,866.39,326.972,0.97,Running,0,2,85.78,16.22,90,326.478,,,,,,299.516,,,
2026-05-05 20:00:00,hourly,VF-01,Ventilation Fan 01,Ventilation Fan,Surface,2.805,62.933,201.142,,318.736,864.404,356.035,0.89,Running,1,2,84.2,21.52,92,324.926,,,,,,318.736,,,
2026-05-05 21:00:00,hourly,VF-01,Ventilation Fan 01,Ventilation Fan,Surface,2.981,63.076,170.903,,298.91,933.704,318.243,0.81,Running,1,17,83.81,25.92,88,334.06,,,,,,298.91,,,
2026-05-05 22:00:00,hourly,VF-01,Ventilation Fan 01,Ventilation Fan,Surface,2.859,61.65,169.035,,314.906,920.234,343.305,0.75,Running,1,2,85.3,24.53,95,337.283,,,,,,314.906,,,
2026-05-05 23:00:00,hourly,VF-01,Ventilation Fan 01,Ventilation Fan,Surface,2.843,64.448,200.299,,302.426,921.45,327.688,0.92,Running,1,0,85.23,20.49,96,385.428,,,,,,302.426,,,
2026-05-06 00:00:00,hourly,VF-01,Ventilation Fan 01,Ventilation Fan,Surface,3.107,63.684,161.024,,295.143,899.766,342.121,0.85,Running,1,7,84.15,24.4,87,335.552,,,,,,295.143,,,
2026-05-06 01:00:00,hourly,VF-01,Ventilation Fan 01,Ventilation Fan,Surface,2.879,60.52,175.368,,302.081,907.577,336.021,0.57,Running,1,9,86.19,20.89,90,324.119,,,,,,302.081,,,
2026-05-06 02:00:00,hourly,VF-01,Ventilation Fan 01,Ventilation Fan,Surface,2.759,60.357,186.833,,330.533,885.719,311.401,0.91,Running,0,10,86.42,18.02,99,332.996,,,,,,330.533,,,
2026-05-06 03:00:00,hourly,VF-01,Ventilation Fan 01,Ventilation Fan,Surface,2.747,63.888,174.398,,292.902,860.688,335.407,0.85,Running,0,4,86.41,19.95,95,316.257,,,,,,292.902,,,
2026-05-06 04:00:00,hourly,VF-01,Ventilation Fan 01,Ventilation Fan,Surface,2.792,63.5,188.292,,318.766,861.775,367.431,0.65,Running,1,5,85.12,19.11,84,299.217,,,,,,318.766,,,
2026-05-06 05:00:00,hourly,VF-01,Ventilation Fan 01,Ventilation Fan,Surface,2.708,61.601,176.08,,316.925,892.031,337.721,0.87,Running,1,9,85.43,17.28,96,329.842,,,,,,316.925,,,
2026-05-06 06:00:00,hourly,VF-01,Ventilation Fan 01,Ventilation Fan,Surface,2.809,58.629,198.056,,304.604,912.286,347.657,0.83,Running,0,13,85.81,20.88,77,379.492,,,,,,304.604,,,
2026-05-06 07:00:00,hourly,VF-01,Ventilation Fan 01,Ventilation Fan,Surface,2.876,64.016,192.934,,300.165,888.227,337.603,0.72,Running,0,13,87.58,18.51,93,350.614,,,,,,300.165,,,
2026-05-06 08:00:00,hourly,VF-01,Ventilation Fan 01,Ventilation Fan,Surface,2.927,62.301,188.977,,291.785,905.285,345.481,0.99,Running,1,10,85.15,18.42,87,323.276,,,,,,291.785,,,
2026-05-06 09:00:00,hourly,VF-01,Ventilation Fan 01,Ventilation Fan,Surface,2.649,62.06,183.334,,322.203,889.888,321.404,0.86,Running,1,0,83.51,22.81,92,339.911,,,,,,322.203,,,
2026-05-06 10:00:00,hourly,VF-01,Ventilation Fan 01,Ventilation Fan,Surface,2.774,56.507,177.256,,292.437,898.533,330.973,0.79,Running,1,3,85.64,17.74,91,383.199,,,,,,292.437,,,
2026-05-06 11:00:00,hourly,VF-01,Ventilation Fan 01,Ventilation Fan,Surface,2.787,63.261,185.373,,273.227,908.771,347.02,0.76,Running,1,14,85.41,19.5,91,336.917,,,,,,273.227,,,
2026-05-06 12:00:00,hourly,VF-01,Ventilation Fan 01,Ventilation Fan,Surface,2.702,62.082,175.526,,310.357,921.066,327.359,0.81,Running,1,19,83.49,22.25,93,315.159,,,,,,310.357,,,
2026-05-06 13:00:00,hourly,VF-01,Ventilation Fan 01,Ventilation Fan,Surface,2.743,61.133,203.894,,290.426,898.04,350.139,0.81,Running,1,8,85.39,21.94,88,334.355,,,,,,290.426,,,
2026-05-06 14:00:00,hourly,VF-01,Ventilation Fan 01,Ventilation Fan,Surface,3.07,60.55,189.543,,305.293,934.403,316.951,0.87,Running,1,7,84.57,20.6,88,345.846,,,,,,305.293,,,
2026-05-06 15:00:00,hourly,VF-01,Ventilation Fan 01,Ventilation Fan,Surface,3.174,62.454,178.867,,290.458,886.584,333.972,0.8,Running,0,3,85.82,17.32,94,341.364,,,,,,290.458,,,
2026-05-06 16:00:00,hourly,VF-01,Ventilation Fan 01,Ventilation Fan,Surface,2.806,63.178,200.819,,299.581,920.808,328.912,0.79,Running,1,17,86.58,22.22,90,362.109,,,,,,299.581,,,
2026-05-06 17:00:00,hourly,VF-01,Ventilation Fan 01,Ventilation Fan,Surface,2.72,61.487,186.339,,307.364,904.477,375.29,0.84,Running,1,3,85.01,21.98,87,335.073,,,,,,307.364,,,
2026-05-06 18:00:00,hourly,VF-01,Ventilation Fan 01,Ventilation Fan,Surface,2.86,63.38,199.372,,309.763,851.363,326.864,0.79,Running,1,18,86.64,20.49,89,286.24,,,,,,309.763,,,
2026-05-06 19:00:00,hourly,VF-01,Ventilation Fan 01,Ventilation Fan,Surface,2.897,59.966,199.128,,322.544,922.711,339.847,0.81,Running,0,8,85.29,21.8,89,342.559,,,,,,322.544,,,
2026-05-06 20:00:00,hourly,VF-01,Ventilation Fan 01,Ventilation Fan,Surface,3.033,60.975,190.768,,306.469,871.386,301.285,0.93,Running,1,4,85.32,22.43,88,341.224,,,,,,306.469,,,
2026-05-06 21:00:00,hourly,VF-01,Ventilation Fan 01,Ventilation Fan,Surface,2.794,63.662,175.444,,307.712,886.085,314.486,0.79,Running,0,0,85.21,21.58,91,339.945,,,,,,307.712,,,
2026-05-06 22:00:00,hourly,VF-01,Ventilation Fan 01,Ventilation Fan,Surface,2.764,61.49,181.673,,303.521,910.744,338.086,0.81,Running,1,7,85.35,21.44,86,316.223,,,,,,303.521,,,
2026-05-06 23:00:00,hourly,VF-01,Ventilation Fan 01,Ventilation Fan,Surface,3.424,65.742,219.228,,317.46,875.129,328.996,0.76,Running,1,9,83.42,23.47,95,373.084,,,,,,317.46,,,
2026-05-07 00:00:00,hourly,VF-01,Ventilation Fan 01,Ventilation Fan,Surface,2.601,62.872,181.994,,292.774,889.92,329.327,0.91,Running,1,7,82.65,23.41,90,311.492,,,,,,292.774,,,
2026-05-07 01:00:00,hourly,VF-01,Ventilation Fan 01,Ventilation Fan,Surface,3.085,59.992,184.667,,301.068,905.916,328.066,0.68,Running,1,8,87.33,19.52,82,313.641,,,,,,301.068,,,
2026-05-07 02:00:00,hourly,VF-01,Ventilation Fan 01,Ventilation Fan,Surface,3.216,59.199,182.765,,306.277,873.343,330.328,0.75,Running,1,14,85.84,19.3,90,328.712,,,,,,306.277,,,
2026-05-07 03:00:00,hourly,VF-01,Ventilation Fan 01,Ventilation Fan,Surface,2.834,63.916,178.585,,295.392,886.218,305.929,0.88,Running,1,12,84.59,21.81,85,359.84,,,,,,295.392,,,
2026-05-07 04:00:00,hourly,VF-01,Ventilation Fan 01,Ventilation Fan,Surface,2.988,61.143,193.406,,322.988,883.605,331.948,0.81,Running,1,8,87.12,18.78,89,360.731,,,,,,322.988,,,
2026-05-07 05:00:00,hourly,VF-01,Ventilation Fan 01,Ventilation Fan,Surface,2.524,64.2,175.049,,310.034,912.562,329.851,0.89,Running,0,10,89.96,14.97,88,346.164,,,,,,310.034,,,
2026-05-07 06:00:00,hourly,VF-01,Ventilation Fan 01,Ventilation Fan,Surface,2.899,61.296,179.652,,291.477,925.832,350.448,0.8,Running,0,4,82.93,21.87,91,351.251,,,,,,291.477,,,
2026-05-07 07:00:00,hourly,VF-01,Ventilation Fan 01,Ventilation Fan,Surface,3.15,62.87,189.936,,311.058,867.102,346.771,0.77,Running,1,12,85.23,21.08,91,307.358,,,,,,311.058,,,
2026-05-07 08:00:00,hourly,VF-01,Ventilation Fan 01,Ventilation Fan,Surface,2.923,61.725,184.932,,321.852,892.986,288.172,0.81,Running,1,10,86.32,17.11,89,299.436,,,,,,321.852,,,
2026-05-07 09:00:00,hourly,VF-01,Ventilation Fan 01,Ventilation Fan,Surface,2.906,62.916,188.684,,297.468,879.72,321.702,0.72,Running,1,19,82.6,24.72,96,326.016,,,,,,297.468,,,
2026-05-07 10:00:00,hourly,VF-01,Ventilation Fan 01,Ventilation Fan,Surface,3.281,63.874,186.967,,322.416,891.907,362.314,0.75,Running,1,1,82.73,25.74,85,351.193,,,,,,322.416,,,
2026-05-07 11:00:00,hourly,VF-01,Ventilation Fan 01,Ventilation Fan,Surface,3.081,62.463,176.726,,309.132,930.066,347.999,0.89,Running,0,4,86.65,22.29,94,351.738,,,,,,309.132,,,
2026-05-07 12:00:00,hourly,VF-01,Ventilation Fan 01,Ventilation Fan,Surface,3.058,63.757,200.486,,308.442,899.528,341.382,0.8,Running,1,4,85.0,22.16,94,316.147,,,,,,308.442,,,
2026-05-07 13:00:00,hourly,VF-01,Ventilation Fan 01,Ventilation Fan,Surface,2.725,59.048,197.622,,320.376,878.759,325.509,0.82,Running,1,13,83.93,24.22,89,314.009,,,,,,320.376,,,
2026-05-07 14:00:00,hourly,VF-01,Ventilation Fan 01,Ventilation Fan,Surface,2.367,63.286,178.764,,308.412,861.018,345.419,0.83,Running,0,10,82.38,22.5,90,356.95,,,,,,308.412,,,
2026-05-07 15:00:00,hourly,VF-01,Ventilation Fan 01,Ventilation Fan,Surface,2.988,62.511,191.685,,310.624,913.073,309.357,0.69,Running,1,12,85.48,21.4,92,337.406,,,,,,310.624,,,
2026-05-07 16:00:00,hourly,VF-01,Ventilation Fan 01,Ventilation Fan,Surface,2.909,61.95,183.008,,307.02,880.964,324.571,0.7,Running,1,0,82.68,22.02,86,292.192,,,,,,307.02,,,
2026-05-07 17:00:00,hourly,VF-01,Ventilation Fan 01,Ventilation Fan,Surface,3.077,57.702,197.204,,284.84,873.968,339.168,0.85,Running,0,20,83.25,25.86,86,311.167,,,,,,284.84,,,
2026-05-07 18:00:00,hourly,VF-01,Ventilation Fan 01,Ventilation Fan,Surface,2.938,59.157,195.214,,310.796,897.701,343.397,0.79,Running,0,10,83.31,21.24,86,343.378,,,,,,310.796,,,
2026-05-07 19:00:00,hourly,VF-01,Ventilation Fan 01,Ventilation Fan,Surface,2.922,62.959,198.818,,308.856,903.725,337.162,0.8,Running,0,11,84.25,20.09,89,309.973,,,,,,308.856,,,
2026-05-07 20:00:00,hourly,VF-01,Ventilation Fan 01,Ventilation Fan,Surface,2.92,63.221,179.018,,301.242,882.853,340.021,0.87,Running,1,12,82.99,25.32,85,314.037,,,,,,301.242,,,
2026-05-07 21:00:00,hourly,VF-01,Ventilation Fan 01,Ventilation Fan,Surface,2.671,63.343,175.38,,275.18,870.123,336.375,0.75,Running,1,7,83.19,26.89,84,314.789,,,,,,275.18,,,
2026-05-07 22:00:00,hourly,VF-01,Ventilation Fan 01,Ventilation Fan,Surface,2.51,62.52,170.877,,313.212,921.015,328.729,0.77,Running,1,11,86.18,21.46,83,351.272,,,,,,313.212,,,
2026-05-07 23:00:00,hourly,VF-01,Ventilation Fan 01,Ventilation Fan,Surface,2.723,60.147,211.71,,295.395,905.918,355.249,0.79,Running,1,9,84.9,20.43,83,333.607,,,,,,295.395,,,
2026-05-08 00:00:00,hourly,VF-01,Ventilation Fan 01,Ventilation Fan,Surface,2.676,60.498,195.819,,292.17,912.573,363.444,0.85,Running,0,8,84.61,19.56,84,367.35,,,,,,292.17,,,
2026-05-08 01:00:00,hourly,VF-01,Ventilation Fan 01,Ventilation Fan,Surface,2.91,58.346,198.899,,291.0,882.973,333.035,0.79,Running,1,10,85.25,19.8,84,325.268,,,,,,291.0,,,
2026-05-08 02:00:00,hourly,VF-01,Ventilation Fan 01,Ventilation Fan,Surface,2.563,62.824,174.82,,282.127,872.547,315.068,0.77,Running,1,9,82.81,24.31,87,329.654,,,,,,282.127,,,
2026-05-08 03:00:00,hourly,VF-01,Ventilation Fan 01,Ventilation Fan,Surface,2.819,66.396,193.474,,311.147,879.052,330.138,0.96,Running,1,1,85.05,20.78,84,340.589,,,,,,311.147,,,
2026-05-08 04:00:00,hourly,VF-01,Ventilation Fan 01,Ventilation Fan,Surface,3.349,62.411,172.29,,333.851,857.225,335.312,0.82,Running,0,7,85.11,18.79,89,321.429,,,,,,333.851,,,
2026-05-08 05:00:00,hourly,VF-01,Ventilation Fan 01,Ventilation Fan,Surface,2.91,61.085,191.912,,298.592,883.359,298.587,0.87,Running,0,22,82.74,26.73,94,301.977,,,,,,298.592,,,
2026-05-08 06:00:00,hourly,VF-01,Ventilation Fan 01,Ventilation Fan,Surface,2.938,62.667,188.03,,315.374,875.833,355.388,0.68,Running,1,6,85.3,23.2,91,326.921,,,,,,315.374,,,
2026-05-08 07:00:00,hourly,VF-01,Ventilation Fan 01,Ventilation Fan,Surface,2.932,62.354,185.192,,304.371,888.954,323.785,0.72,Running,0,11,84.68,25.22,82,319.024,,,,,,304.371,,,
2026-05-08 08:00:00,hourly,VF-01,Ventilation Fan 01,Ventilation Fan,Surface,2.977,59.163,183.029,,308.775,891.715,320.794,0.87,Running,0,11,84.68,18.13,85,331.487,,,,,,308.775,,,
2026-05-08 09:00:00,hourly,VF-01,Ventilation Fan 01,Ventilation Fan,Surface,2.816,63.154,198.52,,304.638,892.605,328.615,0.8,Running,0,16,86.88,16.75,81,322.084,,,,,,304.638,,,
2026-05-08 10:00:00,hourly,VF-01,Ventilation Fan 01,Ventilation Fan,Surface,2.897,62.439,183.262,,314.797,877.704,326.509,0.79,Running,1,8,84.37,22.38,87,343.087,,,,,,314.797,,,
2026-05-08 11:00:00,hourly,VF-01,Ventilation Fan 01,Ventilation Fan,Surface,2.815,62.325,200.18,,290.883,864.413,335.005,0.74,Running,1,2,82.65,24.29,87,327.059,,,,,,290.883,,,
2026-05-08 12:00:00,hourly,VF-01,Ventilation Fan 01,Ventilation Fan,Surface,2.608,66.653,187.604,,306.547,858.799,346.758,0.9,Running,0,12,84.3,21.08,87,301.804,,,,,,306.547,,,
2026-05-08 13:00:00,hourly,VF-01,Ventilation Fan 01,Ventilation Fan,Surface,3.196,62.485,191.424,,318.941,894.797,354.557,0.87,Running,1,4,84.07,20.59,82,321.696,,,,,,318.941,,,
2026-05-08 14:00:00,hourly,VF-01,Ventilation Fan 01,Ventilation Fan,Surface,2.745,66.343,193.045,,313.709,893.45,346.823,0.81,Running,1,11,82.23,22.88,83,310.129,,,,,,313.709,,,
2026-05-08 15:00:00,hourly,VF-01,Ventilation Fan 01,Ventilation Fan,Surface,3.293,61.053,192.26,,309.182,859.819,319.115,0.84,Running,1,17,80.73,31.03,89,372.632,,,,,,309.182,,,
2026-05-08 16:00:00,hourly,VF-01,Ventilation Fan 01,Ventilation Fan,Surface,2.774,59.698,190.21,,306.408,921.799,332.48,0.8,Running,1,6,83.82,19.8,87,335.146,,,,,,306.408,,,
2026-05-08 17:00:00,hourly,VF-01,Ventilation Fan 01,Ventilation Fan,Surface,2.645,61.109,207.559,,300.878,908.754,335.925,0.77,Running,1,6,85.39,17.34,82,347.594,,,,,,300.878,,,
2026-05-08 18:00:00,hourly,VF-01,Ventilation Fan 01,Ventilation Fan,Surface,3.371,65.085,198.376,,300.947,867.889,339.191,0.78,Running,0,11,85.36,18.11,80,332.358,,,,,,300.947,,,
2026-05-08 19:00:00,hourly,VF-01,Ventilation Fan 01,Ventilation Fan,Surface,2.621,61.232,165.238,,286.511,896.174,342.13,0.88,Running,1,15,84.25,22.43,85,370.979,,,,,,286.511,,,
2026-05-08 20:00:00,hourly,VF-01,Ventilation Fan 01,Ventilation Fan,Surface,2.45,59.908,186.405,,311.16,887.295,335.572,0.79,Running,1,8,86.27,18.68,85,309.109,,,,,,311.16,,,
2026-05-08 21:00:00,hourly,VF-01,Ventilation Fan 01,Ventilation Fan,Surface,2.631,63.451,201.685,,321.471,896.077,332.97,0.82,Running,1,10,83.99,23.24,80,318.521,,,,,,321.471,,,
2026-05-08 22:00:00,hourly,VF-01,Ventilation Fan 01,Ventilation Fan,Surface,2.92,62.014,181.024,,308.593,894.034,348.95,0.79,Running,0,3,83.36,21.89,84,356.636,,,,,,308.593,,,
2026-05-08 23:00:00,hourly,VF-01,Ventilation Fan 01,Ventilation Fan,Surface,2.658,63.94,188.415,,305.235,904.999,332.28,0.9,Running,1,10,83.96,22.64,83,324.051,,,,,,305.235,,,
2026-05-09 00:00:00,hourly,VF-01,Ventilation Fan 01,Ventilation Fan,Surface,2.83,61.458,189.119,,312.195,922.736,349.741,0.77,Running,1,7,82.42,24.79,82,319.465,,,,,,312.195,,,
2026-05-09 01:00:00,hourly,VF-01,Ventilation Fan 01,Ventilation Fan,Surface,2.508,60.966,202.765,,279.555,896.748,347.471,0.94,Running,1,12,81.52,29.02,83,323.227,,,,,,279.555,,,
2026-05-09 02:00:00,hourly,VF-01,Ventilation Fan 01,Ventilation Fan,Surface,3.196,66.141,179.048,,298.861,901.863,357.726,0.77,Running,1,22,81.94,28.84,86,373.118,,,,,,298.861,,,
2026-05-09 03:00:00,hourly,VF-01,Ventilation Fan 01,Ventilation Fan,Surface,3.051,61.168,180.37,,304.032,922.336,337.992,0.77,Running,1,3,82.7,23.92,85,375.399,,,,,,304.032,,,
2026-05-09 04:00:00,hourly,VF-01,Ventilation Fan 01,Ventilation Fan,Surface,2.681,61.173,193.081,,284.408,878.249,357.633,0.98,Running,0,16,84.81,22.98,89,342.728,,,,,,284.408,,,
2026-05-09 05:00:00,hourly,VF-01,Ventilation Fan 01,Ventilation Fan,Surface,2.452,63.778,191.665,,306.786,869.526,329.704,0.73,Running,1,12,81.06,26.84,85,338.494,,,,,,306.786,,,
2026-05-09 06:00:00,hourly,VF-01,Ventilation Fan 01,Ventilation Fan,Surface,2.764,57.292,193.294,,282.621,904.808,340.116,0.82,Running,1,11,81.78,27.05,87,350.255,,,,,,282.621,,,
2026-05-09 07:00:00,hourly,VF-01,Ventilation Fan 01,Ventilation Fan,Surface,3.107,64.341,191.527,,313.094,863.093,346.852,0.9,Running,1,4,84.58,22.35,79,342.462,,,,,,313.094,,,
2026-05-09 08:00:00,hourly,VF-01,Ventilation Fan 01,Ventilation Fan,Surface,3.203,66.463,187.592,,307.482,872.201,318.468,0.7,Running,1,12,82.68,25.72,85,338.153,,,,,,307.482,,,
2026-05-09 09:00:00,hourly,VF-01,Ventilation Fan 01,Ventilation Fan,Surface,2.915,64.627,193.733,,302.452,923.049,328.38,0.84,Running,1,24,82.89,25.66,82,325.652,,,,,,302.452,,,
2026-05-09 10:00:00,hourly,VF-01,Ventilation Fan 01,Ventilation Fan,Surface,2.858,60.825,190.571,,313.849,852.118,324.005,0.7,Running,1,0,82.57,25.25,87,322.377,,,,,,313.849,,,
2026-05-09 11:00:00,hourly,VF-01,Ventilation Fan 01,Ventilation Fan,Surface,2.843,61.472,186.513,,306.447,896.545,333.796,0.82,Running,1,0,86.22,19.57,85,344.64,,,,,,306.447,,,
2026-05-09 12:00:00,hourly,VF-01,Ventilation Fan 01,Ventilation Fan,Surface,3.039,63.058,188.216,,310.358,858.126,326.22,0.98,Running,1,9,83.98,24.51,90,337.526,,,,,,310.358,,,
2026-05-09 13:00:00,hourly,VF-01,Ventilation Fan 01,Ventilation Fan,Surface,3.167,63.67,183.962,,308.026,898.857,336.474,0.63,Running,1,11,83.45,22.91,80,364.14,,,,,,308.026,,,
2026-05-09 14:00:00,hourly,VF-01,Ventilation Fan 01,Ventilation Fan,Surface,2.943,66.178,182.48,,294.273,930.11,333.549,0.81,Running,1,14,83.32,22.2,81,329.616,,,,,,294.273,,,
2026-05-09 15:00:00,hourly,VF-01,Ventilation Fan 01,Ventilation Fan,Surface,2.894,66.099,193.902,,323.383,867.488,330.352,0.78,Running,0,10,83.61,19.83,85,316.319,,,,,,323.383,,,
2026-05-09 16:00:00,hourly,VF-01,Ventilation Fan 01,Ventilation Fan,Surface,3.149,62.541,177.154,,319.483,843.466,337.262,0.74,Running,0,0,85.87,20.63,83,305.627,,,,,,319.483,,,
2026-05-09 17:00:00,hourly,VF-01,Ventilation Fan 01,Ventilation Fan,Surface,3.308,61.92,195.148,,309.648,897.556,323.958,0.7,Running,1,15,82.28,26.2,79,319.512,,,,,,309.648,,,
2026-05-09 18:00:00,hourly,VF-01,Ventilation Fan 01,Ventilation Fan,Surface,2.918,61.43,186.606,,306.278,875.875,321.107,0.91,Running,0,7,83.1,20.21,85,306.142,,,,,,306.278,,,
2026-05-09 19:00:00,hourly,VF-01,Ventilation Fan 01,Ventilation Fan,Surface,3.001,64.293,188.085,,313.448,885.603,315.837,0.84,Running,1,14,82.84,22.8,81,357.881,,,,,,313.448,,,
2026-05-09 20:00:00,hourly,VF-01,Ventilation Fan 01,Ventilation Fan,Surface,2.818,65.175,187.45,,319.536,897.648,306.348,0.67,Running,1,5,84.19,23.63,85,326.453,,,,,,319.536,,,
2026-05-09 21:00:00,hourly,VF-01,Ventilation Fan 01,Ventilation Fan,Surface,3.003,63.163,193.607,,327.232,901.98,324.107,0.74,Running,1,0,85.43,20.11,76,319.626,,,,,,327.232,,,
2026-05-09 22:00:00,hourly,VF-01,Ventilation Fan 01,Ventilation Fan,Surface,2.783,63.035,202.432,,297.855,902.167,343.63,0.78,Running,1,7,81.72,25.7,82,344.604,,,,,,297.855,,,
2026-05-09 23:00:00,hourly,VF-01,Ventilation Fan 01,Ventilation Fan,Surface,3.301,67.274,205.376,,316.873,888.933,331.872,0.69,Running,1,13,83.35,25.14,83,374.017,,,,,,316.873,,,
2026-05-10 00:00:00,hourly,VF-01,Ventilation Fan 01,Ventilation Fan,Surface,3.185,64.419,198.605,,303.247,899.094,335.258,0.83,Running,1,12,82.86,23.78,83,326.527,,,,,,303.247,,,
2026-05-10 01:00:00,hourly,VF-01,Ventilation Fan 01,Ventilation Fan,Surface,3.374,58.964,189.916,,284.953,885.343,328.614,0.84,Running,1,11,80.31,28.34,85,312.409,,,,,,284.953,,,
2026-05-10 02:00:00,hourly,VF-01,Ventilation Fan 01,Ventilation Fan,Surface,2.87,63.012,196.437,,314.289,882.212,366.032,0.84,Running,1,5,84.05,20.17,81,327.204,,,,,,314.289,,,
2026-05-10 03:00:00,hourly,VF-01,Ventilation Fan 01,Ventilation Fan,Surface,3.45,63.495,171.077,,321.81,889.062,337.792,0.98,Running,1,8,84.95,21.77,84,297.968,,,,,,321.81,,,
2026-05-10 04:00:00,hourly,VF-01,Ventilation Fan 01,Ventilation Fan,Surface,3.05,62.564,194.779,,315.848,902.091,326.071,0.74,Running,1,15,83.72,20.11,82,345.464,,,,,,315.848,,,
2026-05-10 05:00:00,hourly,VF-01,Ventilation Fan 01,Ventilation Fan,Surface,2.968,65.637,192.848,,302.112,875.127,318.288,0.78,Running,1,24,81.35,23.51,85,346.736,,,,,,302.112,,,
2026-05-10 06:00:00,hourly,VF-01,Ventilation Fan 01,Ventilation Fan,Surface,3.276,62.465,175.471,,308.761,894.058,362.636,0.78,Running,1,14,80.15,26.78,76,326.436,,,,,,308.761,,,
2026-05-10 07:00:00,hourly,VF-01,Ventilation Fan 01,Ventilation Fan,Surface,2.776,61.166,184.177,,312.466,879.204,312.821,0.89,Running,1,16,83.31,24.47,71,312.843,,,,,,312.466,,,
2026-05-10 08:00:00,hourly,VF-01,Ventilation Fan 01,Ventilation Fan,Surface,3.01,61.726,191.938,,310.925,873.082,322.563,0.88,Running,1,6,80.51,27.39,87,383.285,,,,,,310.925,,,
2026-05-10 09:00:00,hourly,VF-01,Ventilation Fan 01,Ventilation Fan,Surface,2.969,64.507,192.908,,318.78,912.375,322.599,0.73,Running,1,19,80.63,25.54,79,310.718,,,,,,318.78,,,
2026-05-10 10:00:00,hourly,VF-01,Ventilation Fan 01,Ventilation Fan,Surface,3.097,60.459,198.121,,315.304,897.379,334.778,0.94,Running,0,8,82.49,26.27,75,320.329,,,,,,315.304,,,
2026-05-10 11:00:00,hourly,VF-01,Ventilation Fan 01,Ventilation Fan,Surface,2.909,62.194,204.567,,297.011,897.552,341.041,0.75,Running,1,2,83.29,24.03,81,336.043,,,,,,297.011,,,
2026-05-10 12:00:00,hourly,VF-01,Ventilation Fan 01,Ventilation Fan,Surface,2.89,64.885,188.23,,304.244,868.357,336.483,0.89,Running,1,19,81.53,27.95,79,352.604,,,,,,304.244,,,
2026-05-10 13:00:00,hourly,VF-01,Ventilation Fan 01,Ventilation Fan,Surface,2.926,60.481,179.365,,297.839,883.7,329.581,0.88,Running,1,10,81.7,23.84,83,332.401,,,,,,297.839,,,
2026-05-10 14:00:00,hourly,VF-01,Ventilation Fan 01,Ventilation Fan,Surface,2.948,61.139,197.037,,305.8,902.312,313.088,0.85,Running,1,21,81.8,28.34,83,336.15,,,,,,305.8,,,
2026-05-10 15:00:00,hourly,VF-01,Ventilation Fan 01,Ventilation Fan,Surface,3.031,59.834,201.264,,281.408,897.255,365.176,0.79,Running,0,19,80.48,30.5,80,347.71,,,,,,281.408,,,
2026-05-10 16:00:00,hourly,VF-01,Ventilation Fan 01,Ventilation Fan,Surface,3.298,61.444,201.114,,326.942,945.458,339.736,0.8,Running,1,2,81.29,28.02,85,399.611,,,,,,326.942,,,
2026-05-10 17:00:00,hourly,VF-01,Ventilation Fan 01,Ventilation Fan,Surface,2.542,62.202,193.977,,294.416,893.844,344.607,0.86,Running,1,13,79.27,30.0,76,323.941,,,,,,294.416,,,
2026-05-10 18:00:00,hourly,VF-01,Ventilation Fan 01,Ventilation Fan,Surface,3.187,62.783,207.772,,297.583,874.347,324.736,0.86,Running,1,4,82.99,24.81,72,325.354,,,,,,297.583,,,
2026-05-10 19:00:00,hourly,VF-01,Ventilation Fan 01,Ventilation Fan,Surface,2.916,61.436,187.342,,304.703,879.373,330.826,0.88,Running,1,14,86.23,19.94,81,333.427,,,,,,304.703,,,
2026-05-10 20:00:00,hourly,VF-01,Ventilation Fan 01,Ventilation Fan,Surface,2.982,62.516,204.235,,287.146,870.073,354.373,0.88,Running,1,10,81.82,22.7,80,349.188,,,,,,287.146,,,
2026-05-10 21:00:00,hourly,VF-01,Ventilation Fan 01,Ventilation Fan,Surface,2.784,65.251,179.433,,299.623,874.667,300.352,0.85,Running,1,5,83.59,21.78,73,386.139,,,,,,299.623,,,
2026-05-10 22:00:00,hourly,VF-01,Ventilation Fan 01,Ventilation Fan,Surface,3.034,63.971,169.514,,305.64,891.051,347.879,0.93,Running,1,0,81.22,26.08,83,333.449,,,,,,305.64,,,
2026-05-10 23:00:00,hourly,VF-01,Ventilation Fan 01,Ventilation Fan,Surface,2.94,67.583,179.351,,323.369,878.624,331.738,0.77,Running,1,18,79.45,26.72,74,346.784,,,,,,323.369,,,
2026-05-11 00:00:00,hourly,VF-01,Ventilation Fan 01,Ventilation Fan,Surface,2.978,61.979,184.806,,305.259,918.19,342.374,0.82,Running,1,7,85.16,23.65,80,292.536,,,,,,305.259,,,
2026-05-11 01:00:00,hourly,VF-01,Ventilation Fan 01,Ventilation Fan,Surface,3.157,62.438,190.017,,298.655,908.148,362.385,0.78,Running,1,10,80.16,28.77,83,337.039,,,,,,298.655,,,
2026-05-11 02:00:00,hourly,VF-01,Ventilation Fan 01,Ventilation Fan,Surface,3.17,63.656,181.651,,289.983,907.745,328.129,1.0,Running,0,14,82.99,27.38,81,335.492,,,,,,289.983,,,
2026-05-11 03:00:00,hourly,VF-01,Ventilation Fan 01,Ventilation Fan,Surface,3.345,62.331,191.228,,329.119,883.164,292.57,0.88,Running,1,5,81.77,27.1,81,356.184,,,,,,329.119,,,
2026-05-11 04:00:00,hourly,VF-01,Ventilation Fan 01,Ventilation Fan,Surface,2.904,63.318,195.934,,304.348,908.779,318.368,0.9,Running,1,0,83.29,20.61,78,325.484,,,,,,304.348,,,
2026-05-11 05:00:00,hourly,VF-01,Ventilation Fan 01,Ventilation Fan,Surface,3.186,59.547,193.321,,304.386,911.154,336.065,0.86,Running,1,13,81.24,28.88,81,311.41,,,,,,304.386,,,
2026-05-11 06:00:00,hourly,VF-01,Ventilation Fan 01,Ventilation Fan,Surface,3.176,62.652,188.941,,286.907,923.723,362.272,0.82,Running,0,5,79.44,27.88,82,340.48,,,,,,286.907,,,
2026-05-11 07:00:00,hourly,VF-01,Ventilation Fan 01,Ventilation Fan,Surface,3.058,65.16,201.039,,309.63,876.679,329.703,1.0,Running,0,12,80.19,30.46,77,304.732,,,,,,309.63,,,
2026-05-11 08:00:00,hourly,VF-01,Ventilation Fan 01,Ventilation Fan,Surface,3.411,67.224,183.045,,296.245,888.809,360.711,0.92,Running,1,4,84.98,24.05,75,319.868,,,,,,296.245,,,
2026-05-11 09:00:00,hourly,VF-01,Ventilation Fan 01,Ventilation Fan,Surface,2.902,66.325,188.113,,320.93,872.005,298.776,0.79,Running,1,2,81.68,28.35,83,337.07,,,,,,320.93,,,
2026-05-11 10:00:00,hourly,VF-01,Ventilation Fan 01,Ventilation Fan,Surface,3.077,63.691,185.368,,308.811,946.557,327.941,0.8,Running,0,0,84.61,23.69,87,288.064,,,,,,308.811,,,
2026-05-11 11:00:00,hourly,VF-01,Ventilation Fan 01,Ventilation Fan,Surface,3.112,64.413,196.227,,304.707,884.021,352.633,0.84,Running,1,12,80.5,28.17,85,330.912,,,,,,304.707,,,
2026-05-11 12:00:00,hourly,VF-01,Ventilation Fan 01,Ventilation Fan,Surface,2.783,64.123,186.557,,287.301,916.499,351.157,0.78,Running,1,17,82.19,24.92,69,367.665,,,,,,287.301,,,
2026-05-11 13:00:00,hourly,VF-01,Ventilation Fan 01,Ventilation Fan,Surface,3.327,62.365,194.023,,301.964,891.846,304.815,0.79,Running,1,21,78.95,33.25,84,303.864,,,,,,301.964,,,
2026-05-11 14:00:00,hourly,VF-01,Ventilation Fan 01,Ventilation Fan,Surface,3.027,61.567,197.803,,300.545,907.717,322.671,0.7,Running,1,11,81.0,27.14,77,322.443,,,,,,300.545,,,
2026-05-11 15:00:00,hourly,VF-01,Ventilation Fan 01,Ventilation Fan,Surface,3.148,63.993,185.929,,304.554,888.021,333.925,0.63,Running,1,16,84.47,20.97,86,347.909,,,,,,304.554,,,
2026-05-11 16:00:00,hourly,VF-01,Ventilation Fan 01,Ventilation Fan,Surface,3.401,63.288,176.14,,279.406,908.618,325.542,0.98,Running,1,8,79.62,29.42,75,352.477,,,,,,279.406,,,
2026-05-11 17:00:00,hourly,VF-01,Ventilation Fan 01,Ventilation Fan,Surface,3.102,65.198,188.533,,292.1,894.357,354.905,0.78,Running,1,19,79.72,30.68,74,337.355,,,,,,292.1,,,
2026-05-11 18:00:00,hourly,VF-01,Ventilation Fan 01,Ventilation Fan,Surface,3.065,58.77,183.434,,297.032,925.76,336.431,0.8,Running,0,8,82.11,27.27,79,332.499,,,,,,297.032,,,
2026-05-11 19:00:00,hourly,VF-01,Ventilation Fan 01,Ventilation Fan,Surface,3.073,63.196,184.848,,308.953,894.952,313.144,0.83,Running,1,5,80.93,24.53,77,369.322,,,,,,308.953,,,
2026-05-11 20:00:00,hourly,VF-01,Ventilation Fan 01,Ventilation Fan,Surface,2.839,65.973,168.424,,279.754,872.291,343.653,0.88,Running,0,15,83.73,24.93,77,340.537,,,,,,279.754,,,
2026-05-11 21:00:00,hourly,VF-01,Ventilation Fan 01,Ventilation Fan,Surface,2.978,64.719,176.115,,319.467,899.552,344.529,0.88,Running,1,15,80.27,29.0,82,315.157,,,,,,319.467,,,
2026-05-11 22:00:00,hourly,VF-01,Ventilation Fan 01,Ventilation Fan,Surface,3.03,61.612,197.934,,317.758,888.327,317.951,0.9,Running,1,15,80.72,26.3,83,338.742,,,,,,317.758,,,
2026-05-11 23:00:00,hourly,VF-01,Ventilation Fan 01,Ventilation Fan,Surface,3.086,60.972,182.332,,290.889,866.387,322.112,0.87,Running,0,1,81.08,24.84,74,333.67,,,,,,290.889,,,
2026-05-12 00:00:00,hourly,VF-01,Ventilation Fan 01,Ventilation Fan,Surface,3.37,63.509,201.207,,332.418,896.404,325.01,0.8,Running,2,21,78.81,32.53,85,327.624,,,,,,332.418,,,
2026-05-12 01:00:00,hourly,VF-01,Ventilation Fan 01,Ventilation Fan,Surface,3.272,65.183,184.398,,305.617,874.46,358.291,0.92,Running,1,19,78.41,33.29,73,302.801,,,,,,305.617,,,
2026-05-12 02:00:00,hourly,VF-01,Ventilation Fan 01,Ventilation Fan,Surface,2.94,64.657,195.251,,301.417,882.811,335.042,0.81,Running,1,10,78.22,33.64,76,336.312,,,,,,301.417,,,
2026-05-12 03:00:00,hourly,VF-01,Ventilation Fan 01,Ventilation Fan,Surface,3.066,63.867,188.63,,309.821,888.871,301.133,0.9,Running,1,18,75.1,32.24,88,348.133,,,,,,309.821,,,
2026-05-12 04:00:00,hourly,VF-01,Ventilation Fan 01,Ventilation Fan,Surface,3.381,64.932,196.791,,307.677,843.334,317.257,0.7,Running,0,18,80.22,27.28,79,351.521,,,,,,307.677,,,
2026-05-12 05:00:00,hourly,VF-01,Ventilation Fan 01,Ventilation Fan,Surface,2.695,64.175,188.698,,304.034,878.415,347.994,0.92,Running,0,7,78.23,30.59,75,336.763,,,,,,304.034,,,
2026-05-12 06:00:00,hourly,VF-01,Ventilation Fan 01,Ventilation Fan,Surface,3.026,64.87,192.934,,289.58,908.197,330.038,0.75,Running,1,7,79.41,31.84,79,337.28,,,,,,289.58,,,
2026-05-12 07:00:00,hourly,VF-01,Ventilation Fan 01,Ventilation Fan,Surface,2.791,65.558,202.127,,297.316,883.612,316.96,0.7,Running,1,9,81.86,27.02,80,325.399,,,,,,297.316,,,
2026-05-12 08:00:00,hourly,VF-01,Ventilation Fan 01,Ventilation Fan,Surface,3.617,62.805,195.325,,306.817,845.971,330.572,0.72,Running,0,0,78.67,29.42,79,355.987,,,,,,306.817,,,
2026-05-12 09:00:00,hourly,VF-01,Ventilation Fan 01,Ventilation Fan,Surface,3.251,61.935,184.927,,312.506,885.982,352.357,0.84,Running,1,13,81.24,26.59,82,312.874,,,,,,312.506,,,
2026-05-12 10:00:00,hourly,VF-01,Ventilation Fan 01,Ventilation Fan,Surface,2.974,65.177,174.298,,319.739,898.373,371.503,1.0,Running,1,21,77.57,32.83,74,326.265,,,,,,319.739,,,
2026-05-12 11:00:00,hourly,VF-01,Ventilation Fan 01,Ventilation Fan,Surface,3.077,62.709,190.211,,296.944,881.164,335.787,0.8,Running,1,17,78.96,30.96,75,320.597,,,,,,296.944,,,
2026-05-12 12:00:00,hourly,VF-01,Ventilation Fan 01,Ventilation Fan,Surface,2.905,59.85,195.1,,303.349,881.844,344.577,0.81,Running,1,14,82.79,27.45,74,334.509,,,,,,303.349,,,
2026-05-12 13:00:00,hourly,VF-01,Ventilation Fan 01,Ventilation Fan,Surface,3.526,66.609,192.649,,294.442,877.834,335.17,0.88,Running,1,21,79.28,31.92,74,363.028,,,,,,294.442,,,
2026-05-12 14:00:00,hourly,VF-01,Ventilation Fan 01,Ventilation Fan,Surface,2.585,64.274,183.398,,315.458,901.274,340.305,0.77,Running,1,10,81.98,27.72,77,313.048,,,,,,315.458,,,
2026-05-12 15:00:00,hourly,VF-01,Ventilation Fan 01,Ventilation Fan,Surface,3.163,64.197,192.699,,298.563,869.504,322.031,0.81,Running,1,0,83.65,21.37,73,342.416,,,,,,298.563,,,
2026-05-12 16:00:00,hourly,VF-01,Ventilation Fan 01,Ventilation Fan,Surface,3.077,63.42,197.308,,295.211,899.575,359.981,0.79,Running,1,12,79.16,27.76,78,342.891,,,,,,295.211,,,
2026-05-12 17:00:00,hourly,VF-01,Ventilation Fan 01,Ventilation Fan,Surface,2.868,65.476,203.947,,302.977,881.631,329.555,0.98,Running,1,20,78.73,27.8,79,317.608,,,,,,302.977,,,
2026-05-12 18:00:00,hourly,VF-01,Ventilation Fan 01,Ventilation Fan,Surface,3.041,61.247,189.408,,282.124,915.063,319.328,0.83,Running,1,17,76.29,34.04,72,333.067,,,,,,282.124,,,
2026-05-12 19:00:00,hourly,VF-01,Ventilation Fan 01,Ventilation Fan,Surface,2.741,63.833,213.59,,308.66,876.785,324.642,0.88,Running,1,8,80.17,26.82,74,319.013,,,,,,308.66,,,
2026-05-12 20:00:00,hourly,VF-01,Ventilation Fan 01,Ventilation Fan,Surface,3.445,64.402,204.592,,298.416,862.994,347.617,0.76,Running,1,17,80.27,28.82,74,338.992,,,,,,298.416,,,
2026-05-12 21:00:00,hourly,VF-01,Ventilation Fan 01,Ventilation Fan,Surface,3.107,64.952,193.063,,335.312,901.013,325.825,0.73,Running,1,14,80.85,28.29,75,334.642,,,,,,335.312,,,
2026-05-12 22:00:00,hourly,VF-01,Ventilation Fan 01,Ventilation Fan,Surface,3.304,60.445,193.939,,294.649,898.207,361.304,0.87,Running,1,9,81.8,25.97,76,367.133,,,,,,294.649,,,
2026-05-12 23:00:00,hourly,VF-01,Ventilation Fan 01,Ventilation Fan,Surface,2.998,65.061,204.121,,298.826,896.396,347.299,0.84,Running,1,14,77.89,32.77,80,321.76,,,,,,298.826,,,
2026-05-13 00:00:00,hourly,VF-01,Ventilation Fan 01,Ventilation Fan,Surface,3.402,63.048,182.988,,314.208,905.925,350.88,0.9,Running,0,7,82.48,23.3,80,333.657,,,,,,314.208,,,
2026-05-13 01:00:00,hourly,VF-01,Ventilation Fan 01,Ventilation Fan,Surface,3.116,62.595,184.472,,311.352,865.23,330.426,0.75,Running,1,15,78.99,26.51,73,329.653,,,,,,311.352,,,
2026-05-13 02:00:00,hourly,VF-01,Ventilation Fan 01,Ventilation Fan,Surface,3.346,60.787,180.138,,314.365,869.893,327.212,0.81,Running,1,5,79.98,26.67,79,364.289,,,,,,314.365,,,
2026-05-13 03:00:00,hourly,VF-01,Ventilation Fan 01,Ventilation Fan,Surface,3.236,68.387,189.469,,298.544,916.239,337.712,0.72,Running,1,15,79.25,30.79,81,327.338,,,,,,298.544,,,
2026-05-13 04:00:00,hourly,VF-01,Ventilation Fan 01,Ventilation Fan,Surface,3.106,63.678,184.061,,288.104,896.755,318.22,0.78,Running,1,21,78.08,34.43,80,319.391,,,,,,288.104,,,
2026-05-13 05:00:00,hourly,VF-01,Ventilation Fan 01,Ventilation Fan,Surface,3.335,64.437,188.643,,333.852,877.117,344.803,0.7,Running,1,16,77.35,34.73,76,321.725,,,,,,333.852,,,
2026-05-13 06:00:00,hourly,VF-01,Ventilation Fan 01,Ventilation Fan,Surface,4.037,61.854,191.562,,307.996,848.31,351.95,0.8,Running,1,13,79.56,28.28,75,321.424,,,,,,307.996,,,
2026-05-13 07:00:00,hourly,VF-01,Ventilation Fan 01,Ventilation Fan,Surface,2.869,60.911,179.504,,304.475,859.703,326.231,0.92,Running,1,14,77.64,33.29,70,325.679,,,,,,304.475,,,
2026-05-13 08:00:00,hourly,VF-01,Ventilation Fan 01,Ventilation Fan,Surface,3.093,65.612,204.243,,311.403,865.98,348.37,0.75,Running,1,14,78.79,27.0,74,320.218,,,,,,311.403,,,
2026-05-13 09:00:00,hourly,VF-01,Ventilation Fan 01,Ventilation Fan,Surface,2.837,61.294,202.71,,286.061,874.665,341.438,0.75,Running,1,10,78.44,33.36,69,337.673,,,,,,286.061,,,
2026-05-13 10:00:00,hourly,VF-01,Ventilation Fan 01,Ventilation Fan,Surface,3.215,66.614,187.88,,296.189,893.7,355.253,0.81,Running,0,11,78.47,31.27,80,311.421,,,,,,296.189,,,
2026-05-13 11:00:00,hourly,VF-01,Ventilation Fan 01,Ventilation Fan,Surface,3.175,67.62,205.393,,289.116,856.899,363.721,0.81,Running,1,6,76.13,35.08,74,348.955,,,,,,289.116,,,
2026-05-13 12:00:00,hourly,VF-01,Ventilation Fan 01,Ventilation Fan,Surface,3.554,62.48,195.589,,303.601,875.302,349.961,0.88,Running,1,11,73.9,32.8,75,338.277,,,,,,303.601,,,
2026-05-13 13:00:00,hourly,VF-01,Ventilation Fan 01,Ventilation Fan,Surface,3.072,63.121,202.022,,285.027,859.086,336.583,0.72,Running,1,0,80.26,28.64,72,369.919,,,,,,285.027,,,
2026-05-13 14:00:00,hourly,VF-01,Ventilation Fan 01,Ventilation Fan,Surface,3.34,58.969,179.957,,309.616,877.579,356.805,0.62,Running,1,13,80.68,30.83,69,346.851,,,,,,309.616,,,
2026-05-13 15:00:00,hourly,VF-01,Ventilation Fan 01,Ventilation Fan,Surface,2.674,60.582,189.176,,315.699,939.279,338.3,0.83,Running,2,20,74.73,36.05,77,344.861,,,,,,315.699,,,
2026-05-13 16:00:00,hourly,VF-01,Ventilation Fan 01,Ventilation Fan,Surface,3.167,65.344,197.893,,315.224,912.948,333.325,0.96,Running,1,11,79.46,28.67,77,377.765,,,,,,315.224,,,
2026-05-13 17:00:00,hourly,VF-01,Ventilation Fan 01,Ventilation Fan,Surface,2.944,66.601,190.801,,306.714,899.369,327.847,0.8,Running,1,18,79.09,28.85,78,346.292,,,,,,306.714,,,
2026-05-13 18:00:00,hourly,VF-01,Ventilation Fan 01,Ventilation Fan,Surface,3.268,62.541,190.73,,303.701,875.229,339.198,0.85,Running,1,23,76.58,31.44,67,333.338,,,,,,303.701,,,
2026-05-13 19:00:00,hourly,VF-01,Ventilation Fan 01,Ventilation Fan,Surface,3.392,62.856,191.354,,296.345,862.993,353.746,0.81,Running,1,11,80.09,28.15,80,320.28,,,,,,296.345,,,
2026-05-13 20:00:00,hourly,VF-01,Ventilation Fan 01,Ventilation Fan,Surface,3.009,60.967,195.748,,306.709,884.746,321.19,0.88,Running,0,4,80.43,25.06,74,366.752,,,,,,306.709,,,
2026-05-13 21:00:00,hourly,VF-01,Ventilation Fan 01,Ventilation Fan,Surface,3.261,61.881,193.427,,299.975,852.444,317.882,0.8,Running,1,19,80.26,28.63,77,317.557,,,,,,299.975,,,
2026-05-13 22:00:00,hourly,VF-01,Ventilation Fan 01,Ventilation Fan,Surface,3.066,66.811,206.483,,278.823,900.846,318.23,0.81,Running,1,18,81.32,28.47,63,314.964,,,,,,278.823,,,
2026-05-13 23:00:00,hourly,VF-01,Ventilation Fan 01,Ventilation Fan,Surface,3.156,64.786,183.593,,293.823,882.194,354.135,0.95,Running,1,14,80.08,27.13,76,315.084,,,,,,293.823,,,
2026-05-14 00:00:00,hourly,VF-01,Ventilation Fan 01,Ventilation Fan,Surface,3.238,60.588,193.385,,310.698,885.916,344.187,0.91,Running,1,9,77.11,32.92,74,322.766,,,,,,310.698,,,
2026-05-14 01:00:00,hourly,VF-01,Ventilation Fan 01,Ventilation Fan,Surface,2.928,65.324,198.907,,287.647,849.876,361.437,0.76,Running,1,15,78.42,30.18,73,338.714,,,,,,287.647,,,
2026-05-14 02:00:00,hourly,VF-01,Ventilation Fan 01,Ventilation Fan,Surface,2.931,68.945,181.416,,287.377,887.551,329.572,0.77,Running,1,10,78.97,30.34,73,332.634,,,,,,287.377,,,
2026-05-14 03:00:00,hourly,VF-01,Ventilation Fan 01,Ventilation Fan,Surface,3.344,63.427,189.553,,298.691,881.163,318.343,0.77,Running,1,6,80.74,28.89,71,348.414,,,,,,298.691,,,
2026-05-14 04:00:00,hourly,VF-01,Ventilation Fan 01,Ventilation Fan,Surface,3.006,62.895,194.248,,275.026,865.343,362.849,0.73,Running,1,16,77.86,31.92,68,316.137,,,,,,275.026,,,
2026-05-14 05:00:00,hourly,VF-01,Ventilation Fan 01,Ventilation Fan,Surface,3.438,65.403,206.247,,309.773,891.294,326.201,0.78,Running,1,5,77.21,33.73,68,320.532,,,,,,309.773,,,
2026-05-14 06:00:00,hourly,VF-01,Ventilation Fan 01,Ventilation Fan,Surface,2.768,66.266,193.986,,308.678,877.556,348.812,0.81,Running,1,21,75.53,35.4,73,341.069,,,,,,308.678,,,
2026-05-14 07:00:00,hourly,VF-01,Ventilation Fan 01,Ventilation Fan,Surface,3.366,65.908,199.617,,312.315,892.773,316.681,0.76,Running,2,14,79.53,30.49,78,318.745,,,,,,312.315,,,
2026-05-14 08:00:00,hourly,VF-01,Ventilation Fan 01,Ventilation Fan,Surface,3.163,63.643,200.244,,303.569,899.859,340.952,0.86,Running,1,12,78.42,30.94,77,310.816,,,,,,303.569,,,
2026-05-14 09:00:00,hourly,VF-01,Ventilation Fan 01,Ventilation Fan,Surface,3.143,63.449,168.068,,290.645,862.357,335.48,0.69,Running,1,13,76.66,33.44,74,307.493,,,,,,290.645,,,
2026-05-14 10:00:00,hourly,VF-01,Ventilation Fan 01,Ventilation Fan,Surface,3.198,60.854,193.631,,286.085,888.544,315.338,0.73,Running,2,4,79.23,30.56,71,337.151,,,,,,286.085,,,
2026-05-14 11:00:00,hourly,VF-01,Ventilation Fan 01,Ventilation Fan,Surface,2.849,61.856,189.024,,307.422,888.096,368.423,0.87,Running,1,5,77.41,31.58,81,336.775,,,,,,307.422,,,
2026-05-14 12:00:00,hourly,VF-01,Ventilation Fan 01,Ventilation Fan,Surface,3.415,65.049,206.511,,309.361,913.484,323.969,0.97,Running,1,29,75.79,34.89,75,335.863,,,,,,309.361,,,
2026-05-14 13:00:00,hourly,VF-01,Ventilation Fan 01,Ventilation Fan,Surface,3.076,63.271,199.308,,287.34,904.592,323.25,0.84,Running,1,10,80.0,26.32,75,362.552,,,,,,287.34,,,
2026-05-14 14:00:00,hourly,VF-01,Ventilation Fan 01,Ventilation Fan,Surface,2.989,64.845,200.931,,285.698,878.393,327.774,0.75,Running,1,1,74.52,32.14,67,344.288,,,,,,285.698,,,
2026-05-14 15:00:00,hourly,VF-01,Ventilation Fan 01,Ventilation Fan,Surface,3.65,63.888,197.772,,300.443,876.657,303.409,0.73,Running,1,20,78.01,31.07,73,338.282,,,,,,300.443,,,
2026-05-14 16:00:00,hourly,VF-01,Ventilation Fan 01,Ventilation Fan,Surface,3.099,64.501,194.076,,302.276,889.281,333.072,0.79,Running,1,4,77.56,29.92,67,365.266,,,,,,302.276,,,
2026-05-14 17:00:00,hourly,VF-01,Ventilation Fan 01,Ventilation Fan,Surface,2.987,64.429,200.691,,311.82,861.236,327.872,0.92,Running,2,21,75.07,38.86,81,357.837,,,,,,311.82,,,
2026-05-14 18:00:00,hourly,VF-01,Ventilation Fan 01,Ventilation Fan,Surface,3.358,65.895,193.017,,308.516,864.502,354.245,0.86,Running,1,22,78.17,29.06,69,323.77,,,,,,308.516,,,
2026-05-14 19:00:00,hourly,VF-01,Ventilation Fan 01,Ventilation Fan,Surface,3.239,66.113,204.805,,299.572,875.595,343.454,0.72,Running,1,12,76.49,34.53,70,355.09,,,,,,299.572,,,
2026-05-14 20:00:00,hourly,VF-01,Ventilation Fan 01,Ventilation Fan,Surface,3.405,64.394,183.663,,312.923,833.459,318.145,0.85,Running,1,18,80.25,26.32,69,373.889,,,,,,312.923,,,
2026-05-14 21:00:00,hourly,VF-01,Ventilation Fan 01,Ventilation Fan,Surface,3.203,64.032,202.663,,296.268,864.049,328.007,0.93,Running,1,17,79.12,29.28,70,373.994,,,,,,296.268,,,
2026-05-14 22:00:00,hourly,VF-01,Ventilation Fan 01,Ventilation Fan,Surface,3.396,64.382,190.096,,296.724,878.478,372.984,0.91,Running,1,23,77.82,28.9,74,358.027,,,,,,296.724,,,
2026-05-14 23:00:00,hourly,VF-01,Ventilation Fan 01,Ventilation Fan,Surface,3.64,62.898,199.514,,310.571,946.385,323.933,0.93,Running,1,19,73.44,34.86,72,346.283,,,,,,310.571,,,
2026-05-15 00:00:00,hourly,VF-01,Ventilation Fan 01,Ventilation Fan,Surface,3.023,66.651,179.291,,311.848,871.549,351.731,0.88,Running,1,9,76.49,33.57,72,344.359,,,,,,311.848,,,
2026-05-15 01:00:00,hourly,VF-01,Ventilation Fan 01,Ventilation Fan,Surface,3.091,63.367,195.902,,312.126,900.211,327.704,0.72,Running,1,0,76.32,32.44,74,367.73,,,,,,312.126,,,
2026-05-15 02:00:00,hourly,VF-01,Ventilation Fan 01,Ventilation Fan,Surface,2.841,64.184,192.153,,298.133,881.294,322.568,0.76,Running,1,6,79.23,30.65,65,311.863,,,,,,298.133,,,
2026-05-15 03:00:00,hourly,VF-01,Ventilation Fan 01,Ventilation Fan,Surface,3.279,64.869,193.143,,301.111,895.297,329.978,0.96,Running,2,9,77.53,34.04,74,364.001,,,,,,301.111,,,
2026-05-15 04:00:00,hourly,VF-01,Ventilation Fan 01,Ventilation Fan,Surface,3.225,65.15,177.681,,289.82,861.769,362.206,0.79,Running,1,18,77.71,28.1,72,341.288,,,,,,289.82,,,
2026-05-15 05:00:00,hourly,VF-01,Ventilation Fan 01,Ventilation Fan,Surface,3.477,65.08,193.923,,310.98,851.546,315.233,0.67,Running,0,22,78.79,31.88,68,320.257,,,,,,310.98,,,
2026-05-15 06:00:00,hourly,VF-01,Ventilation Fan 01,Ventilation Fan,Surface,3.194,64.282,194.833,,293.05,915.818,349.247,0.87,Running,1,3,79.72,26.46,72,315.102,,,,,,293.05,,,
2026-05-15 07:00:00,hourly,VF-01,Ventilation Fan 01,Ventilation Fan,Surface,3.184,67.858,177.669,,276.151,856.22,358.285,0.9,Running,1,20,79.4,28.17,71,304.661,,,,,,276.151,,,
2026-05-15 08:00:00,hourly,VF-01,Ventilation Fan 01,Ventilation Fan,Surface,3.247,64.731,183.386,,294.782,918.088,329.973,0.81,Running,1,6,77.9,28.14,60,350.095,,,,,,294.782,,,
2026-05-15 09:00:00,hourly,VF-01,Ventilation Fan 01,Ventilation Fan,Surface,3.155,64.091,195.2,,289.769,877.252,354.789,0.86,Running,2,6,76.55,30.09,76,377.286,,,,,,289.769,,,
2026-05-15 10:00:00,hourly,VF-01,Ventilation Fan 01,Ventilation Fan,Surface,3.289,68.201,197.481,,267.52,867.184,352.33,0.75,Running,1,1,77.63,27.42,76,328.884,,,,,,267.52,,,
2026-05-15 11:00:00,hourly,VF-01,Ventilation Fan 01,Ventilation Fan,Surface,3.26,63.064,193.402,,293.086,873.985,325.994,0.78,Running,1,15,76.84,31.61,65,321.82,,,,,,293.086,,,
2026-05-15 12:00:00,hourly,VF-01,Ventilation Fan 01,Ventilation Fan,Surface,3.33,68.222,194.3,,309.322,920.559,323.734,0.68,Running,1,8,78.11,30.77,67,363.1,,,,,,309.322,,,
2026-05-15 13:00:00,hourly,VF-01,Ventilation Fan 01,Ventilation Fan,Surface,3.163,60.654,194.176,,304.861,869.91,336.499,0.73,Running,0,24,75.9,33.0,76,341.233,,,,,,304.861,,,
2026-05-15 14:00:00,hourly,VF-01,Ventilation Fan 01,Ventilation Fan,Surface,3.336,63.854,189.069,,304.803,876.837,340.725,0.93,Running,1,5,78.21,26.93,73,364.082,,,,,,304.803,,,
2026-05-15 15:00:00,hourly,VF-01,Ventilation Fan 01,Ventilation Fan,Surface,3.353,61.331,192.407,,316.934,906.664,333.11,0.55,Running,1,17,76.79,28.58,72,319.509,,,,,,316.934,,,
2026-05-15 16:00:00,hourly,VF-01,Ventilation Fan 01,Ventilation Fan,Surface,3.147,61.959,181.436,,292.843,895.596,348.098,0.79,Running,1,3,77.29,31.82,72,352.109,,,,,,292.843,,,
2026-05-15 17:00:00,hourly,VF-01,Ventilation Fan 01,Ventilation Fan,Surface,3.203,65.602,188.827,,286.009,930.844,326.709,0.78,Running,2,24,74.71,36.98,72,375.393,,,,,,286.009,,,
2026-05-15 18:00:00,hourly,VF-01,Ventilation Fan 01,Ventilation Fan,Surface,3.184,65.28,193.746,,305.646,910.742,324.535,0.87,Running,0,15,76.14,33.89,66,318.123,,,,,,305.646,,,
2026-05-15 19:00:00,hourly,VF-01,Ventilation Fan 01,Ventilation Fan,Surface,2.954,63.506,205.29,,303.967,869.753,339.216,0.65,Running,1,17,77.25,35.58,68,332.738,,,,,,303.967,,,
2026-05-15 20:00:00,hourly,VF-01,Ventilation Fan 01,Ventilation Fan,Surface,3.119,68.002,193.11,,284.452,913.693,342.84,0.76,Running,2,10,76.2,33.24,74,331.953,,,,,,284.452,,,
2026-05-15 21:00:00,hourly,VF-01,Ventilation Fan 01,Ventilation Fan,Surface,3.395,67.017,212.797,,297.497,842.713,360.207,0.77,Running,2,12,72.69,38.86,72,354.207,,,,,,297.497,,,
2026-05-15 22:00:00,hourly,VF-01,Ventilation Fan 01,Ventilation Fan,Surface,3.416,64.658,211.653,,306.037,901.912,346.518,0.85,Running,1,19,74.43,35.76,71,364.461,,,,,,306.037,,,
2026-05-15 23:00:00,hourly,VF-01,Ventilation Fan 01,Ventilation Fan,Surface,3.306,61.157,194.949,,302.836,870.53,350.631,0.82,Running,1,26,76.91,30.77,67,325.645,,,,,,302.836,,,
2026-05-16 00:00:00,hourly,VF-01,Ventilation Fan 01,Ventilation Fan,Surface,3.01,66.705,190.637,,308.285,898.001,333.792,0.69,Running,1,4,78.72,29.46,73,389.273,,,,,,308.285,,,
2026-05-16 01:00:00,hourly,VF-01,Ventilation Fan 01,Ventilation Fan,Surface,3.45,63.835,214.794,,291.4,928.061,333.932,0.79,Running,1,11,75.9,35.42,65,340.474,,,,,,291.4,,,
2026-05-16 02:00:00,hourly,VF-01,Ventilation Fan 01,Ventilation Fan,Surface,3.644,65.397,201.153,,282.409,848.079,329.207,0.76,Running,1,9,75.44,36.14,75,328.023,,,,,,282.409,,,
2026-05-16 03:00:00,hourly,VF-01,Ventilation Fan 01,Ventilation Fan,Surface,3.369,66.421,198.426,,288.435,905.098,342.333,0.86,Running,1,1,77.86,31.71,66,367.962,,,,,,288.435,,,
2026-05-16 04:00:00,hourly,VF-01,Ventilation Fan 01,Ventilation Fan,Surface,3.24,64.037,188.024,,309.73,903.242,341.77,0.8,Running,1,1,76.15,36.55,66,342.242,,,,,,309.73,,,
2026-05-16 05:00:00,hourly,VF-01,Ventilation Fan 01,Ventilation Fan,Surface,3.052,67.41,190.709,,311.75,899.249,341.022,0.96,Running,1,7,77.28,32.72,69,331.948,,,,,,311.75,,,
2026-05-16 06:00:00,hourly,VF-01,Ventilation Fan 01,Ventilation Fan,Surface,3.241,64.106,185.591,,297.275,863.125,336.263,0.77,Running,1,10,75.57,34.85,70,328.657,,,,,,297.275,,,
2026-05-16 07:00:00,hourly,VF-01,Ventilation Fan 01,Ventilation Fan,Surface,3.137,65.956,208.027,,317.401,882.685,338.854,0.77,Running,1,28,75.35,37.51,69,381.581,,,,,,317.401,,,
2026-05-16 08:00:00,hourly,VF-01,Ventilation Fan 01,Ventilation Fan,Surface,3.204,66.402,199.188,,297.268,863.432,366.079,0.78,Running,1,20,77.27,30.39,63,319.691,,,,,,297.268,,,
2026-05-16 09:00:00,hourly,VF-01,Ventilation Fan 01,Ventilation Fan,Surface,3.534,66.729,191.921,,293.028,894.044,343.99,0.8,Running,1,7,76.99,35.07,70,362.118,,,,,,293.028,,,
2026-05-16 10:00:00,hourly,VF-01,Ventilation Fan 01,Ventilation Fan,Surface,3.446,68.406,190.502,,282.21,855.854,348.968,0.89,Running,1,19,75.35,32.56,72,323.401,,,,,,282.21,,,
2026-05-16 11:00:00,hourly,VF-01,Ventilation Fan 01,Ventilation Fan,Surface,3.178,63.286,185.87,,298.196,874.894,347.168,0.78,Running,1,7,74.02,35.83,68,327.211,,,,,,298.196,,,
2026-05-16 12:00:00,hourly,VF-01,Ventilation Fan 01,Ventilation Fan,Surface,3.275,62.678,194.203,,311.794,898.341,336.91,0.79,Running,2,13,73.11,33.98,62,338.059,,,,,,311.794,,,
2026-05-16 13:00:00,hourly,VF-01,Ventilation Fan 01,Ventilation Fan,Surface,3.256,64.314,196.407,,314.254,868.324,348.32,0.85,Running,1,18,73.27,37.92,67,349.039,,,,,,314.254,,,
2026-05-16 14:00:00,hourly,VF-01,Ventilation Fan 01,Ventilation Fan,Surface,3.164,71.057,174.431,,311.826,875.691,340.096,0.74,Running,1,35,74.68,38.11,64,306.868,,,,,,311.826,,,
2026-05-16 15:00:00,hourly,VF-01,Ventilation Fan 01,Ventilation Fan,Surface,2.965,67.684,186.272,,304.952,864.431,319.79,0.87,Running,1,15,76.15,31.51,60,328.906,,,,,,304.952,,,
2026-05-16 16:00:00,hourly,VF-01,Ventilation Fan 01,Ventilation Fan,Surface,3.445,63.896,188.9,,318.083,889.986,330.537,0.79,Running,1,1,72.93,37.33,66,360.409,,,,,,318.083,,,
2026-05-16 17:00:00,hourly,VF-01,Ventilation Fan 01,Ventilation Fan,Surface,3.525,64.314,204.798,,287.261,881.275,371.756,0.75,Running,2,22,72.99,37.37,74,360.351,,,,,,287.261,,,
2026-05-16 18:00:00,hourly,VF-01,Ventilation Fan 01,Ventilation Fan,Surface,3.133,64.993,190.085,,313.069,868.15,358.562,0.67,Running,0,23,76.11,33.01,67,334.086,,,,,,313.069,,,
2026-05-16 19:00:00,hourly,VF-01,Ventilation Fan 01,Ventilation Fan,Surface,3.125,65.582,178.959,,302.187,870.358,335.143,0.73,Running,1,18,77.97,28.74,67,316.419,,,,,,302.187,,,
2026-05-16 20:00:00,hourly,VF-01,Ventilation Fan 01,Ventilation Fan,Surface,3.47,66.332,185.24,,301.302,887.676,350.756,0.8,Running,1,5,77.16,32.05,70,344.268,,,,,,301.302,,,
2026-05-16 21:00:00,hourly,VF-01,Ventilation Fan 01,Ventilation Fan,Surface,3.126,66.428,210.708,,281.662,860.881,343.489,0.81,Running,2,18,72.43,41.74,70,356.661,,,,,,281.662,,,
2026-05-16 22:00:00,hourly,VF-01,Ventilation Fan 01,Ventilation Fan,Surface,2.969,67.469,191.873,,302.798,883.153,367.907,0.8,Running,1,13,75.96,32.66,62,343.654,,,,,,302.798,,,
2026-05-16 23:00:00,hourly,VF-01,Ventilation Fan 01,Ventilation Fan,Surface,3.178,69.095,185.921,,312.513,884.822,337.982,0.7,Running,1,28,76.81,32.92,75,368.163,,,,,,312.513,,,
2026-05-17 00:00:00,hourly,VF-01,Ventilation Fan 01,Ventilation Fan,Surface,3.576,64.835,180.245,,273.083,887.491,343.68,0.8,Running,1,20,74.45,36.22,68,334.693,,,,,,273.083,,,
2026-05-17 01:00:00,hourly,VF-01,Ventilation Fan 01,Ventilation Fan,Surface,3.164,64.688,195.567,,308.138,872.354,327.368,0.7,Running,1,29,74.82,34.47,71,313.761,,,,,,308.138,,,
2026-05-17 02:00:00,hourly,VF-01,Ventilation Fan 01,Ventilation Fan,Surface,3.139,64.401,196.555,,271.133,897.297,338.003,0.72,Running,1,8,75.68,34.6,65,328.258,,,,,,271.133,,,
2026-05-17 03:00:00,hourly,VF-01,Ventilation Fan 01,Ventilation Fan,Surface,3.18,64.589,199.397,,281.509,905.105,296.328,0.91,Running,1,11,75.89,33.0,59,340.217,,,,,,281.509,,,
2026-05-17 04:00:00,hourly,VF-01,Ventilation Fan 01,Ventilation Fan,Surface,3.032,65.894,220.008,,297.349,898.155,344.374,0.81,Running,1,9,75.66,34.91,66,326.15,,,,,,297.349,,,
2026-05-17 05:00:00,hourly,VF-01,Ventilation Fan 01,Ventilation Fan,Surface,2.997,66.44,184.381,,317.436,888.494,356.308,0.85,Running,1,21,76.17,33.22,62,329.86,,,,,,317.436,,,
2026-05-17 06:00:00,hourly,VF-01,Ventilation Fan 01,Ventilation Fan,Surface,3.231,68.635,192.224,,296.869,852.461,367.36,0.93,Running,1,22,75.32,31.75,71,359.519,,,,,,296.869,,,
2026-05-17 07:00:00,hourly,VF-01,Ventilation Fan 01,Ventilation Fan,Surface,2.982,63.778,198.219,,304.009,920.67,348.013,0.81,Running,2,16,73.92,32.91,61,324.071,,,,,,304.009,,,
2026-05-17 08:00:00,hourly,VF-01,Ventilation Fan 01,Ventilation Fan,Surface,3.205,65.926,191.689,,287.414,885.061,334.504,0.89,Running,1,14,74.17,31.89,67,313.688,,,,,,287.414,,,
2026-05-17 09:00:00,hourly,VF-01,Ventilation Fan 01,Ventilation Fan,Surface,3.353,63.541,177.077,,295.964,890.596,327.24,0.85,Running,2,18,73.59,36.16,69,356.583,,,,,,295.964,,,
2026-05-17 10:00:00,hourly,VF-01,Ventilation Fan 01,Ventilation Fan,Surface,3.379,66.046,200.31,,297.599,868.189,332.812,0.76,Running,1,2,74.05,37.99,68,353.324,,,,,,297.599,,,
2026-05-17 11:00:00,hourly,VF-01,Ventilation Fan 01,Ventilation Fan,Surface,3.268,70.595,190.066,,317.771,878.939,314.874,0.81,Running,1,10,75.64,32.64,64,319.706,,,,,,317.771,,,
2026-05-17 12:00:00,hourly,VF-01,Ventilation Fan 01,Ventilation Fan,Surface,3.037,64.989,186.213,,289.216,909.575,336.453,0.76,Running,1,12,73.46,36.66,59,354.631,,,,,,289.216,,,
2026-05-17 13:00:00,hourly,VF-01,Ventilation Fan 01,Ventilation Fan,Surface,3.212,70.181,187.788,,290.236,900.811,320.905,0.87,Running,1,13,76.37,31.78,60,317.904,,,,,,290.236,,,
2026-05-17 14:00:00,hourly,VF-01,Ventilation Fan 01,Ventilation Fan,Surface,3.38,63.616,209.83,,311.031,876.708,330.993,0.9,Running,1,9,73.03,36.09,63,326.078,,,,,,311.031,,,
2026-05-17 15:00:00,hourly,VF-01,Ventilation Fan 01,Ventilation Fan,Surface,3.443,64.383,207.601,,295.11,917.129,337.312,0.71,Running,2,7,74.89,39.56,60,318.493,,,,,,295.11,,,
2026-05-17 16:00:00,hourly,VF-01,Ventilation Fan 01,Ventilation Fan,Surface,3.248,64.631,186.13,,299.392,861.281,345.885,0.75,Running,1,0,75.86,32.21,65,331.447,,,,,,299.392,,,
2026-05-17 17:00:00,hourly,VF-01,Ventilation Fan 01,Ventilation Fan,Surface,3.155,65.68,180.405,,303.219,846.47,314.23,0.79,Running,1,16,75.19,32.03,63,351.929,,,,,,303.219,,,
2026-05-17 18:00:00,hourly,VF-01,Ventilation Fan 01,Ventilation Fan,Surface,3.33,65.036,204.117,,290.321,840.971,335.192,0.75,Running,2,2,71.47,38.15,60,346.079,,,,,,290.321,,,
2026-05-17 19:00:00,hourly,VF-01,Ventilation Fan 01,Ventilation Fan,Surface,3.236,66.885,214.596,,273.294,900.865,351.691,0.8,Running,2,23,74.6,35.71,60,324.44,,,,,,273.294,,,
2026-05-17 20:00:00,hourly,VF-01,Ventilation Fan 01,Ventilation Fan,Surface,3.092,59.875,217.107,,310.786,868.027,363.144,0.85,Running,1,18,73.16,36.43,59,344.537,,,,,,310.786,,,
2026-05-17 21:00:00,hourly,VF-01,Ventilation Fan 01,Ventilation Fan,Surface,3.385,63.425,183.409,,299.24,880.216,339.592,0.92,Running,1,25,72.18,39.52,65,348.423,,,,,,299.24,,,
2026-05-17 22:00:00,hourly,VF-01,Ventilation Fan 01,Ventilation Fan,Surface,3.323,69.187,208.414,,282.485,907.344,375.97,0.78,Running,2,6,74.6,34.09,62,359.924,,,,,,282.485,,,
2026-05-17 23:00:00,hourly,VF-01,Ventilation Fan 01,Ventilation Fan,Surface,3.078,62.596,196.186,,307.109,890.464,352.053,0.77,Running,1,33,72.2,37.74,65,348.033,,,,,,307.109,,,
2026-05-18 00:00:00,hourly,VF-01,Ventilation Fan 01,Ventilation Fan,Surface,3.184,64.712,178.907,,321.845,857.101,341.868,0.85,Running,2,33,74.55,34.22,65,355.635,,,,,,321.845,,,
2026-05-18 01:00:00,hourly,VF-01,Ventilation Fan 01,Ventilation Fan,Surface,3.283,66.664,188.58,,312.007,918.891,360.809,0.81,Running,1,13,76.44,32.8,64,342.211,,,,,,312.007,,,
2026-05-18 02:00:00,hourly,VF-01,Ventilation Fan 01,Ventilation Fan,Surface,2.992,65.361,189.285,,322.63,876.721,332.835,0.69,Running,1,18,74.55,37.06,67,324.651,,,,,,322.63,,,
2026-05-18 03:00:00,hourly,VF-01,Ventilation Fan 01,Ventilation Fan,Surface,3.169,63.766,200.677,,282.887,881.702,324.216,0.75,Running,2,15,73.65,38.53,59,344.218,,,,,,282.887,,,
2026-05-18 04:00:00,hourly,VF-01,Ventilation Fan 01,Ventilation Fan,Surface,3.47,66.37,184.136,,300.577,867.368,355.877,0.79,Running,2,26,73.72,39.61,67,365.327,,,,,,300.577,,,
2026-05-18 05:00:00,hourly,VF-01,Ventilation Fan 01,Ventilation Fan,Surface,3.225,67.165,204.975,,301.803,858.47,349.539,0.88,Running,1,19,75.39,31.82,66,366.405,,,,,,301.803,,,
2026-05-18 06:00:00,hourly,VF-01,Ventilation Fan 01,Ventilation Fan,Surface,3.159,64.313,200.8,,296.106,888.045,357.79,0.91,Running,1,0,73.4,35.17,64,289.453,,,,,,296.106,,,
2026-05-18 07:00:00,hourly,VF-01,Ventilation Fan 01,Ventilation Fan,Surface,3.575,66.335,205.742,,293.536,851.23,357.454,0.73,Running,1,7,73.1,35.83,61,353.694,,,,,,293.536,,,
2026-05-18 08:00:00,hourly,VF-01,Ventilation Fan 01,Ventilation Fan,Surface,3.415,67.256,190.661,,261.917,881.077,373.314,0.76,Running,1,19,72.3,38.77,64,331.265,,,,,,261.917,,,
2026-05-18 09:00:00,hourly,VF-01,Ventilation Fan 01,Ventilation Fan,Surface,3.493,67.709,200.212,,317.704,917.747,317.96,0.89,Running,1,22,72.32,36.6,66,349.195,,,,,,317.704,,,
2026-05-18 10:00:00,hourly,VF-01,Ventilation Fan 01,Ventilation Fan,Surface,3.17,66.302,187.362,,277.954,899.359,335.545,0.78,Running,1,15,75.13,33.44,59,313.899,,,,,,277.954,,,
2026-05-18 11:00:00,hourly,VF-01,Ventilation Fan 01,Ventilation Fan,Surface,3.282,68.994,202.816,,308.162,887.26,336.644,0.85,Running,1,0,72.88,39.34,66,332.647,,,,,,308.162,,,
2026-05-18 12:00:00,hourly,VF-01,Ventilation Fan 01,Ventilation Fan,Surface,3.344,65.684,194.631,,297.411,858.596,359.952,0.8,Running,0,20,74.5,37.84,71,309.201,,,,,,297.411,,,
2026-05-18 13:00:00,hourly,VF-01,Ventilation Fan 01,Ventilation Fan,Surface,3.398,63.637,195.555,,296.876,881.386,347.282,0.82,Running,1,32,74.58,36.97,64,332.665,,,,,,296.876,,,
2026-05-18 14:00:00,hourly,VF-01,Ventilation Fan 01,Ventilation Fan,Surface,3.853,65.179,196.555,,294.738,865.172,360.081,0.78,Running,2,0,71.99,39.85,69,353.503,,,,,,294.738,,,
2026-05-18 15:00:00,hourly,VF-01,Ventilation Fan 01,Ventilation Fan,Surface,3.371,68.054,181.218,,299.553,914.377,345.916,0.91,Running,1,24,72.2,37.59,66,350.287,,,,,,299.553,,,
2026-05-18 16:00:00,hourly,VF-01,Ventilation Fan 01,Ventilation Fan,Surface,3.592,63.857,207.64,,304.816,872.185,341.124,0.69,Running,1,31,74.35,35.95,65,384.338,,,,,,304.816,,,
2026-05-18 17:00:00,hourly,VF-01,Ventilation Fan 01,Ventilation Fan,Surface,3.859,61.174,197.719,,308.509,865.283,352.345,0.79,Running,2,25,73.61,39.23,61,331.153,,,,,,308.509,,,
2026-05-18 18:00:00,hourly,VF-01,Ventilation Fan 01,Ventilation Fan,Surface,3.735,66.591,207.759,,295.54,877.748,345.668,0.9,Running,1,15,73.05,39.05,62,323.921,,,,,,295.54,,,
2026-05-18 19:00:00,hourly,VF-01,Ventilation Fan 01,Ventilation Fan,Surface,3.394,64.798,207.137,,282.547,865.303,347.757,0.8,Running,1,24,74.03,38.12,59,369.24,,,,,,282.547,,,
2026-05-18 20:00:00,hourly,VF-01,Ventilation Fan 01,Ventilation Fan,Surface,3.614,70.195,189.778,,282.096,887.649,351.985,0.81,Running,1,14,74.87,37.09,67,307.229,,,,,,282.096,,,
2026-05-18 21:00:00,hourly,VF-01,Ventilation Fan 01,Ventilation Fan,Surface,3.392,66.246,194.71,,309.403,922.495,348.529,0.89,Running,2,20,73.14,36.95,60,345.453,,,,,,309.403,,,
2026-05-18 22:00:00,hourly,VF-01,Ventilation Fan 01,Ventilation Fan,Surface,3.357,68.201,183.223,,293.642,882.548,357.347,0.85,Running,2,17,72.25,40.12,70,351.681,,,,,,293.642,,,
2026-05-18 23:00:00,hourly,VF-01,Ventilation Fan 01,Ventilation Fan,Surface,3.553,64.76,208.256,,284.562,862.052,342.486,0.88,Running,2,16,73.3,36.62,65,295.453,,,,,,284.562,,,
2026-05-19 00:00:00,hourly,VF-01,Ventilation Fan 01,Ventilation Fan,Surface,3.564,66.942,200.185,,287.92,878.84,344.405,0.91,Running,1,9,71.78,40.7,64,319.886,,,,,,287.92,,,
2026-05-19 01:00:00,hourly,VF-01,Ventilation Fan 01,Ventilation Fan,Surface,3.483,66.511,199.116,,295.655,854.32,325.711,0.7,Running,0,11,73.25,39.9,57,314.42,,,,,,295.655,,,
2026-05-19 02:00:00,hourly,VF-01,Ventilation Fan 01,Ventilation Fan,Surface,3.337,68.541,194.862,,281.343,945.459,357.489,0.78,Running,1,33,72.98,40.94,65,358.423,,,,,,281.343,,,
2026-05-19 03:00:00,hourly,VF-01,Ventilation Fan 01,Ventilation Fan,Surface,3.269,66.179,188.661,,296.331,921.825,369.175,0.75,Running,2,10,71.62,40.92,62,328.944,,,,,,296.331,,,
2026-05-19 04:00:00,hourly,VF-01,Ventilation Fan 01,Ventilation Fan,Surface,3.112,64.763,208.975,,311.703,909.603,312.994,0.84,Running,1,0,72.24,39.66,60,336.621,,,,,,311.703,,,
2026-05-19 05:00:00,hourly,VF-01,Ventilation Fan 01,Ventilation Fan,Surface,3.415,67.901,215.521,,295.204,898.662,352.118,0.9,Running,2,53,72.32,41.53,60,309.591,,,,,,295.204,,,
2026-05-19 06:00:00,hourly,VF-01,Ventilation Fan 01,Ventilation Fan,Surface,3.433,64.409,209.408,,275.379,878.453,339.561,0.62,Running,1,10,73.97,34.72,57,325.699,,,,,,275.379,,,
2026-05-19 07:00:00,hourly,VF-01,Ventilation Fan 01,Ventilation Fan,Surface,3.566,64.217,196.049,,306.964,878.902,338.981,0.69,Running,2,14,71.35,43.01,62,326.129,,,,,,306.964,,,
2026-05-19 08:00:00,hourly,VF-01,Ventilation Fan 01,Ventilation Fan,Surface,3.064,65.778,201.109,,309.834,877.171,352.008,0.65,Running,1,12,71.41,40.29,61,337.602,,,,,,309.834,,,
2026-05-19 09:00:00,hourly,VF-01,Ventilation Fan 01,Ventilation Fan,Surface,3.41,65.228,207.269,,310.428,934.273,341.524,0.75,Running,1,16,72.06,39.4,57,335.881,,,,,,310.428,,,
2026-05-19 10:00:00,hourly,VF-01,Ventilation Fan 01,Ventilation Fan,Surface,3.345,65.927,198.528,,297.143,877.718,348.314,0.82,Running,1,8,73.51,36.18,64,371.438,,,,,,297.143,,,
2026-05-19 11:00:00,hourly,VF-01,Ventilation Fan 01,Ventilation Fan,Surface,3.379,64.572,215.225,,324.374,869.498,336.313,0.94,Running,1,27,73.73,34.43,70,355.902,,,,,,324.374,,,
2026-05-19 12:00:00,hourly,VF-01,Ventilation Fan 01,Ventilation Fan,Surface,3.667,68.162,209.001,,305.189,879.571,366.179,0.71,Running,2,14,72.94,40.83,56,306.574,,,,,,305.189,,,
2026-05-19 13:00:00,hourly,VF-01,Ventilation Fan 01,Ventilation Fan,Surface,3.677,68.147,222.877,,332.196,893.207,338.409,1.0,Running,1,5,73.62,37.75,61,362.488,,,,,,332.196,,,
2026-05-19 14:00:00,hourly,VF-01,Ventilation Fan 01,Ventilation Fan,Surface,3.621,67.611,199.597,,312.498,805.184,329.992,0.85,Running,0,0,74.29,35.26,68,359.773,,,,,,312.498,,,
2026-05-19 15:00:00,hourly,VF-01,Ventilation Fan 01,Ventilation Fan,Surface,3.42,67.428,176.158,,310.623,890.411,347.758,0.86,Running,1,26,72.63,39.01,58,343.569,,,,,,310.623,,,
2026-05-19 16:00:00,hourly,VF-01,Ventilation Fan 01,Ventilation Fan,Surface,3.359,62.282,198.58,,288.73,825.786,328.882,0.87,Running,2,12,71.05,39.85,63,361.955,,,,,,288.73,,,
2026-05-19 17:00:00,hourly,VF-01,Ventilation Fan 01,Ventilation Fan,Surface,3.668,66.225,194.559,,284.787,914.069,346.032,0.7,Running,1,18,72.17,35.56,63,366.326,,,,,,284.787,,,
2026-05-19 18:00:00,hourly,VF-01,Ventilation Fan 01,Ventilation Fan,Surface,3.781,67.722,199.573,,297.51,843.715,368.663,0.77,Running,0,7,70.06,41.55,64,332.594,,,,,,297.51,,,
2026-05-19 19:00:00,hourly,VF-01,Ventilation Fan 01,Ventilation Fan,Surface,3.759,68.701,214.108,,293.774,863.938,341.627,0.73,Running,2,15,72.83,35.23,68,317.949,,,,,,293.774,,,
2026-05-19 20:00:00,hourly,VF-01,Ventilation Fan 01,Ventilation Fan,Surface,3.517,65.626,193.226,,289.594,839.396,320.71,0.86,Running,0,16,71.36,40.56,54,353.676,,,,,,289.594,,,
2026-05-19 21:00:00,hourly,VF-01,Ventilation Fan 01,Ventilation Fan,Surface,3.42,68.655,190.66,,294.445,921.151,335.772,0.74,Running,1,26,72.28,41.97,62,326.104,,,,,,294.445,,,
2026-05-19 22:00:00,hourly,VF-01,Ventilation Fan 01,Ventilation Fan,Surface,3.565,66.677,192.366,,293.591,881.225,355.448,0.8,Running,1,17,71.92,38.02,59,347.735,,,,,,293.591,,,
2026-05-19 23:00:00,hourly,VF-01,Ventilation Fan 01,Ventilation Fan,Surface,3.581,60.911,217.617,,288.246,930.443,344.193,0.76,Running,1,5,71.4,41.62,61,321.723,,,,,,288.246,,,
2026-05-20 00:00:00,hourly,VF-01,Ventilation Fan 01,Ventilation Fan,Surface,3.329,65.892,194.125,,303.775,925.154,353.738,0.93,Running,2,37,72.33,37.46,61,361.999,,,,,,303.775,,,
2026-05-20 01:00:00,hourly,VF-01,Ventilation Fan 01,Ventilation Fan,Surface,3.377,64.424,200.649,,286.83,908.866,332.43,0.76,Running,1,20,71.72,39.55,59,327.364,,,,,,286.83,,,
2026-05-20 02:00:00,hourly,VF-01,Ventilation Fan 01,Ventilation Fan,Surface,4.091,64.895,214.975,,295.293,850.507,335.996,0.72,Running,1,6,70.87,39.03,56,338.368,,,,,,295.293,,,
2026-05-20 03:00:00,hourly,VF-01,Ventilation Fan 01,Ventilation Fan,Surface,3.335,68.237,204.372,,281.198,884.947,352.761,0.85,Running,1,19,70.07,43.14,56,337.119,,,,,,281.198,,,
2026-05-20 04:00:00,hourly,VF-01,Ventilation Fan 01,Ventilation Fan,Surface,3.612,66.742,178.151,,296.933,911.325,368.432,0.81,Running,2,21,72.35,41.4,69,314.332,,,,,,296.933,,,
2026-05-20 05:00:00,hourly,VF-01,Ventilation Fan 01,Ventilation Fan,Surface,3.314,65.125,194.136,,298.108,889.785,336.496,0.92,Running,1,22,69.81,42.65,55,364.282,,,,,,298.108,,,
2026-05-20 06:00:00,hourly,VF-01,Ventilation Fan 01,Ventilation Fan,Surface,3.402,64.822,192.652,,284.117,873.057,343.325,0.84,Running,0,18,74.56,36.68,65,368.429,,,,,,284.117,,,
2026-05-20 07:00:00,hourly,VF-01,Ventilation Fan 01,Ventilation Fan,Surface,3.228,67.066,182.885,,296.459,888.889,360.36,0.83,Running,2,17,73.71,37.88,56,339.893,,,,,,296.459,,,
2026-05-20 08:00:00,hourly,VF-01,Ventilation Fan 01,Ventilation Fan,Surface,3.231,65.835,194.326,,294.401,890.967,344.894,0.88,Running,2,27,69.06,42.82,60,327.606,,,,,,294.401,,,
2026-05-20 09:00:00,hourly,VF-01,Ventilation Fan 01,Ventilation Fan,Surface,3.571,67.612,174.155,,290.006,848.58,353.036,0.85,Running,1,24,72.56,41.03,68,338.152,,,,,,290.006,,,
2026-05-20 10:00:00,hourly,VF-01,Ventilation Fan 01,Ventilation Fan,Surface,3.547,64.58,201.623,,290.08,868.57,331.025,0.88,Running,1,21,73.33,36.3,63,332.747,,,,,,290.08,,,
2026-05-20 11:00:00,hourly,VF-01,Ventilation Fan 01,Ventilation Fan,Surface,3.844,65.486,198.807,,300.829,895.372,342.959,0.87,Running,1,0,70.52,38.12,54,342.447,,,,,,300.829,,,
2026-05-20 12:00:00,hourly,VF-01,Ventilation Fan 01,Ventilation Fan,Surface,3.447,64.022,192.41,,295.756,900.202,332.995,0.79,Running,1,0,71.98,37.39,58,336.703,,,,,,295.756,,,
2026-05-20 13:00:00,hourly,VF-01,Ventilation Fan 01,Ventilation Fan,Surface,3.477,65.168,182.541,,306.868,886.282,316.003,0.72,Running,1,8,71.17,41.59,59,324.828,,,,,,306.868,,,
2026-05-20 14:00:00,hourly,VF-01,Ventilation Fan 01,Ventilation Fan,Surface,3.436,70.645,211.419,,282.901,871.916,328.856,0.8,Running,2,13,72.41,37.85,64,365.635,,,,,,282.901,,,
2026-05-20 15:00:00,hourly,VF-01,Ventilation Fan 01,Ventilation Fan,Surface,3.233,64.831,193.797,,293.047,876.628,350.214,0.65,Running,1,9,70.56,41.4,60,338.761,,,,,,293.047,,,
2026-05-20 16:00:00,hourly,VF-01,Ventilation Fan 01,Ventilation Fan,Surface,3.579,65.371,208.833,,287.885,864.218,351.907,0.75,Running,2,5,72.85,37.53,59,381.711,,,,,,287.885,,,
2026-05-20 17:00:00,hourly,VF-01,Ventilation Fan 01,Ventilation Fan,Surface,3.414,64.684,197.866,,295.944,878.485,355.41,0.78,Running,2,19,70.96,41.02,66,345.198,,,,,,295.944,,,
2026-05-20 18:00:00,hourly,VF-01,Ventilation Fan 01,Ventilation Fan,Surface,3.137,65.98,212.175,,298.408,899.438,351.292,0.92,Running,1,8,70.63,43.3,65,335.052,,,,,,298.408,,,
2026-05-20 19:00:00,hourly,VF-01,Ventilation Fan 01,Ventilation Fan,Surface,3.699,66.217,204.344,,280.956,934.118,339.631,0.8,Running,2,0,72.13,42.07,62,337.541,,,,,,280.956,,,
2026-05-20 20:00:00,hourly,VF-01,Ventilation Fan 01,Ventilation Fan,Surface,3.331,68.812,200.13,,302.215,854.166,313.889,0.95,Running,1,2,72.49,36.58,56,335.874,,,,,,302.215,,,
2026-05-20 21:00:00,hourly,VF-01,Ventilation Fan 01,Ventilation Fan,Surface,3.532,65.579,191.613,,321.012,908.49,324.948,0.85,Warning,1,12,67.26,47.7,48,341.131,,,,,,321.012,,,
2026-05-20 22:00:00,hourly,VF-01,Ventilation Fan 01,Ventilation Fan,Surface,3.542,66.633,210.905,,297.067,889.005,360.965,0.68,Warning,2,16,66.31,47.56,54,347.769,,,,,,297.067,,,
2026-05-20 23:00:00,hourly,VF-01,Ventilation Fan 01,Ventilation Fan,Surface,3.509,62.671,197.407,,284.565,845.317,329.851,0.9,Running,1,23,71.45,37.52,52,320.886,,,,,,284.565,,,
2026-05-21 00:00:00,hourly,VF-01,Ventilation Fan 01,Ventilation Fan,Surface,3.244,64.704,191.965,,291.435,878.357,342.168,0.9,Running,3,22,69.8,43.27,58,322.933,,,,,,291.435,,,
2026-05-21 01:00:00,hourly,VF-01,Ventilation Fan 01,Ventilation Fan,Surface,3.774,68.619,197.927,,291.009,876.464,344.4,0.68,Warning,1,0,68.7,47.51,62,358.999,,,,,,291.009,,,
2026-05-21 02:00:00,hourly,VF-01,Ventilation Fan 01,Ventilation Fan,Surface,3.309,64.75,198.971,,286.852,880.394,321.268,0.87,Running,2,31,70.17,40.28,66,353.685,,,,,,286.852,,,
2026-05-21 03:00:00,hourly,VF-01,Ventilation Fan 01,Ventilation Fan,Surface,2.931,68.012,207.297,,303.492,903.442,348.782,0.93,Running,1,12,75.38,34.01,63,311.965,,,,,,303.492,,,
2026-05-21 04:00:00,hourly,VF-01,Ventilation Fan 01,Ventilation Fan,Surface,3.66,64.64,182.534,,272.902,923.799,367.947,0.64,Running,1,17,68.55,40.82,55,353.954,,,,,,272.902,,,
2026-05-21 05:00:00,hourly,VF-01,Ventilation Fan 01,Ventilation Fan,Surface,3.655,66.159,220.964,,298.009,908.805,343.238,0.73,Running,2,17,72.05,38.9,59,360.345,,,,,,298.009,,,
2026-05-21 06:00:00,hourly,VF-01,Ventilation Fan 01,Ventilation Fan,Surface,3.215,69.95,203.73,,310.185,884.957,339.265,0.89,Running,0,8,69.37,43.21,60,348.622,,,,,,310.185,,,
2026-05-21 07:00:00,hourly,VF-01,Ventilation Fan 01,Ventilation Fan,Surface,3.478,68.024,199.46,,309.371,887.362,325.075,0.8,Warning,2,26,68.21,48.45,52,310.527,,,,,,309.371,,,
2026-05-21 08:00:00,hourly,VF-01,Ventilation Fan 01,Ventilation Fan,Surface,3.719,62.644,203.642,,306.913,925.935,339.262,0.93,Running,2,0,69.51,40.81,54,316.903,,,,,,306.913,,,
2026-05-21 09:00:00,hourly,VF-01,Ventilation Fan 01,Ventilation Fan,Surface,3.794,73.006,185.907,,286.657,856.867,352.34,0.89,Warning,1,34,68.17,46.49,56,342.74,,,,,,286.657,,,
2026-05-21 10:00:00,hourly,VF-01,Ventilation Fan 01,Ventilation Fan,Surface,3.62,64.501,200.85,,312.029,907.446,343.614,0.88,Warning,1,20,67.89,45.56,66,381.363,,,,,,312.029,,,
2026-05-21 11:00:00,hourly,VF-01,Ventilation Fan 01,Ventilation Fan,Surface,3.67,70.325,205.63,,298.898,854.842,336.716,0.91,Warning,2,23,69.19,47.6,59,332.984,,,,,,298.898,,,
2026-05-21 12:00:00,hourly,VF-01,Ventilation Fan 01,Ventilation Fan,Surface,3.647,65.714,197.169,,311.537,846.482,359.882,0.75,Running,1,24,68.56,44.36,52,355.897,,,,,,311.537,,,
2026-05-21 13:00:00,hourly,VF-01,Ventilation Fan 01,Ventilation Fan,Surface,3.462,64.164,204.576,,307.396,893.89,339.638,0.79,Running,1,12,70.03,41.86,56,330.944,,,,,,307.396,,,
2026-05-21 14:00:00,hourly,VF-01,Ventilation Fan 01,Ventilation Fan,Surface,3.254,65.734,207.046,,298.15,843.497,337.013,0.97,Running,1,31,70.48,43.02,59,377.858,,,,,,298.15,,,
2026-05-21 15:00:00,hourly,VF-01,Ventilation Fan 01,Ventilation Fan,Surface,3.438,65.344,193.395,,291.4,871.284,346.154,0.79,Running,2,10,68.9,44.51,56,344.724,,,,,,291.4,,,
2026-05-21 16:00:00,hourly,VF-01,Ventilation Fan 01,Ventilation Fan,Surface,3.745,65.569,211.234,,322.666,910.121,364.842,0.9,Running,2,6,71.13,42.29,56,319.678,,,,,,322.666,,,
2026-05-21 17:00:00,hourly,VF-01,Ventilation Fan 01,Ventilation Fan,Surface,3.745,66.799,199.497,,272.898,859.743,341.494,0.8,Running,1,19,69.01,44.51,60,327.655,,,,,,272.898,,,
2026-05-21 18:00:00,hourly,VF-01,Ventilation Fan 01,Ventilation Fan,Surface,3.547,67.65,217.241,,292.134,919.339,329.834,0.75,Running,0,2,69.78,39.36,62,326.077,,,,,,292.134,,,
2026-05-21 19:00:00,hourly,VF-01,Ventilation Fan 01,Ventilation Fan,Surface,3.431,69.55,211.911,,277.31,830.105,352.771,0.73,Warning,2,12,66.51,47.93,62,346.365,,,,,,277.31,,,
2026-05-21 20:00:00,hourly,VF-01,Ventilation Fan 01,Ventilation Fan,Surface,3.888,67.152,203.828,,295.539,902.706,338.766,0.86,Running,2,20,70.07,42.91,55,330.148,,,,,,295.539,,,
2026-05-21 21:00:00,hourly,VF-01,Ventilation Fan 01,Ventilation Fan,Surface,3.535,66.893,192.908,,298.375,849.242,352.988,0.92,Running,1,21,73.49,35.63,56,334.206,,,,,,298.375,,,
2026-05-21 22:00:00,hourly,VF-01,Ventilation Fan 01,Ventilation Fan,Surface,3.65,65.308,199.254,,286.338,875.379,311.367,0.85,Running,1,16,71.11,41.02,55,383.072,,,,,,286.338,,,
2026-05-21 23:00:00,hourly,VF-01,Ventilation Fan 01,Ventilation Fan,Surface,3.247,66.207,209.373,,287.2,884.361,344.771,0.83,Running,1,7,69.52,39.0,61,332.454,,,,,,287.2,,,
2026-05-22 00:00:00,hourly,VF-01,Ventilation Fan 01,Ventilation Fan,Surface,3.502,65.774,195.31,,278.125,873.365,340.24,0.72,Warning,1,14,67.89,45.46,55,347.747,,,,,,278.125,,,
2026-05-22 01:00:00,hourly,VF-01,Ventilation Fan 01,Ventilation Fan,Surface,3.755,64.05,204.291,,299.355,873.877,328.901,0.81,Running,1,9,72.31,40.13,49,338.795,,,,,,299.355,,,
2026-05-22 02:00:00,hourly,VF-01,Ventilation Fan 01,Ventilation Fan,Surface,3.217,71.913,205.352,,288.295,847.58,324.883,0.83,Running,1,17,69.4,44.76,58,343.306,,,,,,288.295,,,
2026-05-22 03:00:00,hourly,VF-01,Ventilation Fan 01,Ventilation Fan,Surface,3.512,67.311,199.466,,298.919,910.587,339.846,0.74,Warning,1,11,68.53,45.46,58,357.663,,,,,,298.919,,,
2026-05-22 04:00:00,hourly,VF-01,Ventilation Fan 01,Ventilation Fan,Surface,3.613,67.351,193.127,,287.524,852.363,327.252,0.85,Running,2,7,68.52,42.29,54,300.398,,,,,,287.524,,,
2026-05-22 05:00:00,hourly,VF-01,Ventilation Fan 01,Ventilation Fan,Surface,3.839,69.291,214.945,,296.735,852.304,296.945,0.76,Running,1,4,72.83,35.11,63,347.405,,,,,,296.735,,,
2026-05-22 06:00:00,hourly,VF-01,Ventilation Fan 01,Ventilation Fan,Surface,3.741,61.707,204.886,,302.603,877.201,325.63,0.78,Running,1,0,69.28,44.89,54,336.912,,,,,,302.603,,,
2026-05-22 07:00:00,hourly,VF-01,Ventilation Fan 01,Ventilation Fan,Surface,3.901,71.362,197.938,,299.429,863.971,324.974,0.88,Running,1,29,70.14,42.61,61,347.982,,,,,,299.429,,,
2026-05-22 08:00:00,hourly,VF-01,Ventilation Fan 01,Ventilation Fan,Surface,3.714,65.182,193.588,,296.174,897.71,344.976,0.94,Running,1,26,69.05,44.32,50,340.44,,,,,,296.174,,,
2026-05-22 09:00:00,hourly,VF-01,Ventilation Fan 01,Ventilation Fan,Surface,3.729,65.148,208.83,,292.364,867.484,325.523,0.93,Warning,1,4,69.22,46.45,57,340.656,,,,,,292.364,,,
2026-05-22 10:00:00,hourly,VF-01,Ventilation Fan 01,Ventilation Fan,Surface,3.325,65.843,200.163,,299.291,879.157,344.569,0.8,Running,2,23,68.6,40.74,52,350.491,,,,,,299.291,,,
2026-05-22 11:00:00,hourly,VF-01,Ventilation Fan 01,Ventilation Fan,Surface,3.321,68.913,209.629,,286.291,881.662,329.366,0.86,Running,1,18,71.51,43.49,55,333.613,,,,,,286.291,,,
2026-05-22 12:00:00,hourly,VF-01,Ventilation Fan 01,Ventilation Fan,Surface,3.909,71.248,192.577,,291.135,900.528,357.173,0.86,Running,1,3,69.26,41.91,58,383.995,,,,,,291.135,,,
2026-05-22 13:00:00,hourly,VF-01,Ventilation Fan 01,Ventilation Fan,Surface,3.442,70.253,203.644,,297.6,867.455,350.684,0.86,Warning,2,7,66.89,48.01,53,325.448,,,,,,297.6,,,
2026-05-22 14:00:00,hourly,VF-01,Ventilation Fan 01,Ventilation Fan,Surface,3.424,66.025,196.647,,311.847,842.246,339.924,0.82,Running,2,15,69.73,42.36,52,373.508,,,,,,311.847,,,
2026-05-22 15:00:00,hourly,VF-01,Ventilation Fan 01,Ventilation Fan,Surface,3.038,63.407,216.683,,286.015,861.174,347.065,0.92,Running,3,25,68.86,42.9,54,319.937,,,,,,286.015,,,
2026-05-22 16:00:00,hourly,VF-01,Ventilation Fan 01,Ventilation Fan,Surface,3.781,66.189,204.368,,282.696,903.967,353.994,0.76,Running,2,22,69.61,39.53,70,339.527,,,,,,282.696,,,
2026-05-22 17:00:00,hourly,VF-01,Ventilation Fan 01,Ventilation Fan,Surface,3.303,65.754,192.137,,296.7,886.564,345.813,0.72,Running,1,11,68.42,42.86,56,351.05,,,,,,296.7,,,
2026-05-22 18:00:00,hourly,VF-01,Ventilation Fan 01,Ventilation Fan,Surface,3.371,63.758,209.558,,307.721,870.718,347.13,0.84,Warning,1,24,68.04,45.68,55,326.216,,,,,,307.721,,,
2026-05-22 19:00:00,hourly,VF-01,Ventilation Fan 01,Ventilation Fan,Surface,3.795,68.228,212.3,,302.936,880.172,311.191,0.79,Running,1,15,70.29,42.3,56,324.872,,,,,,302.936,,,
2026-05-22 20:00:00,hourly,VF-01,Ventilation Fan 01,Ventilation Fan,Surface,3.07,67.086,198.199,,293.416,872.944,336.651,0.97,Running,1,9,71.79,41.4,48,339.327,,,,,,293.416,,,
2026-05-22 21:00:00,hourly,VF-01,Ventilation Fan 01,Ventilation Fan,Surface,3.857,68.093,193.989,,307.82,896.077,332.524,0.78,Warning,2,30,65.79,46.51,58,362.897,,,,,,307.82,,,
2026-05-22 22:00:00,hourly,VF-01,Ventilation Fan 01,Ventilation Fan,Surface,3.378,68.571,181.495,,271.349,886.133,361.831,0.9,Warning,2,20,68.85,45.1,57,346.657,,,,,,271.349,,,
2026-05-22 23:00:00,hourly,VF-01,Ventilation Fan 01,Ventilation Fan,Surface,3.53,68.492,211.273,,305.167,872.533,338.808,0.85,Warning,1,24,67.81,45.2,47,382.949,,,,,,305.167,,,
2026-05-23 00:00:00,hourly,VF-01,Ventilation Fan 01,Ventilation Fan,Surface,3.394,67.008,185.634,,289.218,898.817,334.295,0.7,Warning,2,6,67.17,47.23,64,356.385,,,,,,289.218,,,
2026-05-23 01:00:00,hourly,VF-01,Ventilation Fan 01,Ventilation Fan,Surface,3.274,70.432,201.021,,300.507,904.478,354.422,0.86,Warning,1,13,65.13,49.85,54,335.981,,,,,,300.507,,,
2026-05-23 02:00:00,hourly,VF-01,Ventilation Fan 01,Ventilation Fan,Surface,3.402,66.187,185.974,,305.001,858.323,320.861,0.76,Running,2,26,69.11,42.3,49,291.283,,,,,,305.001,,,
2026-05-23 03:00:00,hourly,VF-01,Ventilation Fan 01,Ventilation Fan,Surface,3.389,65.905,217.755,,295.189,858.686,343.822,1.0,Warning,1,15,67.71,45.71,55,314.184,,,,,,295.189,,,
2026-05-23 04:00:00,hourly,VF-01,Ventilation Fan 01,Ventilation Fan,Surface,3.302,66.733,213.601,,293.664,931.291,313.616,0.75,Warning,2,16,67.57,46.32,50,339.931,,,,,,293.664,,,
2026-05-23 05:00:00,hourly,VF-01,Ventilation Fan 01,Ventilation Fan,Surface,3.914,68.288,204.336,,288.083,892.203,333.75,0.74,Running,1,6,70.32,43.13,47,313.976,,,,,,288.083,,,
2026-05-23 06:00:00,hourly,VF-01,Ventilation Fan 01,Ventilation Fan,Surface,3.364,68.591,211.109,,313.038,915.115,337.905,0.64,Warning,1,22,67.64,48.31,52,341.459,,,,,,313.038,,,
2026-05-23 07:00:00,hourly,VF-01,Ventilation Fan 01,Ventilation Fan,Surface,3.164,66.561,200.535,,296.832,897.981,368.662,0.75,Running,1,6,67.53,44.19,53,349.815,,,,,,296.832,,,
2026-05-23 08:00:00,hourly,VF-01,Ventilation Fan 01,Ventilation Fan,Surface,3.127,66.618,194.347,,295.325,888.417,343.003,0.87,Warning,2,22,66.11,45.11,47,339.533,,,,,,295.325,,,
2026-05-23 09:00:00,hourly,VF-01,Ventilation Fan 01,Ventilation Fan,Surface,3.679,69.881,186.727,,310.728,831.262,331.174,0.73,Warning,1,7,66.75,49.12,50,339.996,,,,,,310.728,,,
2026-05-23 10:00:00,hourly,VF-01,Ventilation Fan 01,Ventilation Fan,Surface,3.204,64.671,208.988,,286.543,851.364,343.323,0.86,Running,1,13,70.5,38.72,49,384.612,,,,,,286.543,,,
2026-05-23 11:00:00,hourly,VF-01,Ventilation Fan 01,Ventilation Fan,Surface,3.548,72.796,192.821,,289.534,892.496,368.546,0.83,Warning,1,36,69.09,45.34,52,346.811,,,,,,289.534,,,
2026-05-23 12:00:00,hourly,VF-01,Ventilation Fan 01,Ventilation Fan,Surface,4.023,66.715,224.689,,303.739,858.241,312.66,0.74,Running,2,20,70.12,40.01,56,342.778,,,,,,303.739,,,
2026-05-23 13:00:00,hourly,VF-01,Ventilation Fan 01,Ventilation Fan,Surface,3.632,66.923,191.984,,313.741,874.847,357.931,0.8,Warning,0,14,66.67,45.4,54,325.684,,,,,,313.741,,,
2026-05-23 14:00:00,hourly,VF-01,Ventilation Fan 01,Ventilation Fan,Surface,3.665,68.086,211.149,,292.941,898.096,351.676,0.74,Running,2,27,68.55,43.88,53,345.542,,,,,,292.941,,,
2026-05-23 15:00:00,hourly,VF-01,Ventilation Fan 01,Ventilation Fan,Surface,3.479,68.426,213.57,,297.004,881.013,343.778,0.88,Running,1,9,69.6,39.66,45,336.074,,,,,,297.004,,,
2026-05-23 16:00:00,hourly,VF-01,Ventilation Fan 01,Ventilation Fan,Surface,3.595,66.067,190.073,,273.262,886.761,340.712,0.67,Running,2,6,68.8,41.74,53,381.716,,,,,,273.262,,,
2026-05-23 17:00:00,hourly,VF-01,Ventilation Fan 01,Ventilation Fan,Surface,3.553,68.069,198.129,,307.668,908.483,368.712,0.87,Running,1,12,70.36,38.15,48,357.106,,,,,,307.668,,,
2026-05-23 18:00:00,hourly,VF-01,Ventilation Fan 01,Ventilation Fan,Surface,3.67,65.54,200.152,,279.241,910.621,357.25,0.76,Warning,2,31,68.42,45.54,46,374.163,,,,,,279.241,,,
2026-05-23 19:00:00,hourly,VF-01,Ventilation Fan 01,Ventilation Fan,Surface,3.969,66.225,233.61,,285.724,876.629,329.19,0.82,Warning,2,30,67.73,45.15,56,349.962,,,,,,285.724,,,
2026-05-23 20:00:00,hourly,VF-01,Ventilation Fan 01,Ventilation Fan,Surface,3.513,64.228,200.104,,294.416,905.854,346.187,0.85,Warning,1,14,63.92,50.54,47,370.747,,,,,,294.416,,,
2026-05-23 21:00:00,hourly,VF-01,Ventilation Fan 01,Ventilation Fan,Surface,3.435,67.734,192.114,,284.325,856.648,365.791,0.83,Running,2,15,68.31,44.25,53,325.853,,,,,,284.325,,,
2026-05-23 22:00:00,hourly,VF-01,Ventilation Fan 01,Ventilation Fan,Surface,3.594,67.115,206.829,,268.797,882.736,354.51,0.98,Running,2,22,68.55,44.0,50,350.896,,,,,,268.797,,,
2026-05-23 23:00:00,hourly,VF-01,Ventilation Fan 01,Ventilation Fan,Surface,3.824,63.455,193.021,,277.201,890.158,350.139,0.78,Running,1,42,69.38,41.9,48,328.557,,,,,,277.201,,,
2026-05-24 00:00:00,hourly,VF-01,Ventilation Fan 01,Ventilation Fan,Surface,3.541,66.136,201.94,,293.169,875.347,325.129,0.7,Warning,1,17,66.23,49.2,57,337.186,,,,,,293.169,,,
2026-05-24 01:00:00,hourly,VF-01,Ventilation Fan 01,Ventilation Fan,Surface,3.676,67.456,198.445,,309.901,872.74,383.03,0.99,Running,0,31,67.4,42.12,49,346.849,,,,,,309.901,,,
2026-05-24 02:00:00,hourly,VF-01,Ventilation Fan 01,Ventilation Fan,Surface,3.732,69.247,207.247,,308.893,852.958,357.596,0.84,Warning,2,21,64.86,46.31,50,326.91,,,,,,308.893,,,
2026-05-24 03:00:00,hourly,VF-01,Ventilation Fan 01,Ventilation Fan,Surface,4.095,64.98,197.58,,296.446,876.762,374.626,0.83,Warning,2,32,64.78,52.03,49,316.848,,,,,,296.446,,,
2026-05-24 04:00:00,hourly,VF-01,Ventilation Fan 01,Ventilation Fan,Surface,3.827,66.957,196.411,,293.7,842.117,350.948,0.99,Warning,1,30,68.13,45.15,52,365.802,,,,,,293.7,,,
2026-05-24 05:00:00,hourly,VF-01,Ventilation Fan 01,Ventilation Fan,Surface,3.434,65.374,212.433,,301.349,874.533,345.874,0.71,Running,1,17,69.29,38.95,51,312.553,,,,,,301.349,,,
2026-05-24 06:00:00,hourly,VF-01,Ventilation Fan 01,Ventilation Fan,Surface,3.146,69.039,205.369,,307.643,878.749,335.893,0.81,Running,1,17,69.3,43.62,49,380.004,,,,,,307.643,,,
2026-05-24 07:00:00,hourly,VF-01,Ventilation Fan 01,Ventilation Fan,Surface,3.663,66.268,203.067,,293.098,893.777,361.844,0.73,Running,2,15,67.87,41.8,48,329.927,,,,,,293.098,,,
2026-05-24 08:00:00,hourly,VF-01,Ventilation Fan 01,Ventilation Fan,Surface,3.477,68.657,185.534,,293.468,851.463,370.239,0.81,Running,1,21,70.39,44.05,51,357.608,,,,,,293.468,,,
2026-05-24 09:00:00,hourly,VF-01,Ventilation Fan 01,Ventilation Fan,Surface,3.528,66.918,208.501,,294.051,884.778,362.976,0.7,Warning,1,34,66.44,48.82,49,358.817,,,,,,294.051,,,
2026-05-24 10:00:00,hourly,VF-01,Ventilation Fan 01,Ventilation Fan,Surface,3.417,64.242,198.714,,303.681,889.793,382.443,0.82,Warning,1,35,68.46,48.35,58,324.24,,,,,,303.681,,,
2026-05-24 11:00:00,hourly,VF-01,Ventilation Fan 01,Ventilation Fan,Surface,3.528,67.525,205.502,,275.102,876.734,348.487,0.82,Warning,1,34,64.87,48.58,49,355.592,,,,,,275.102,,,
2026-05-24 12:00:00,hourly,VF-01,Ventilation Fan 01,Ventilation Fan,Surface,3.525,65.312,186.443,,291.678,887.022,336.494,0.81,Warning,1,14,61.9,50.9,52,349.861,,,,,,291.678,,,
2026-05-24 13:00:00,hourly,VF-01,Ventilation Fan 01,Ventilation Fan,Surface,3.618,69.935,205.583,,296.246,883.075,350.582,0.63,Warning,1,12,66.11,46.36,50,359.091,,,,,,296.246,,,
2026-05-24 14:00:00,hourly,VF-01,Ventilation Fan 01,Ventilation Fan,Surface,3.497,71.348,204.872,,268.677,819.882,359.368,0.88,Warning,2,9,66.64,45.66,50,370.695,,,,,,268.677,,,
2026-05-24 15:00:00,hourly,VF-01,Ventilation Fan 01,Ventilation Fan,Surface,3.49,69.002,201.114,,302.36,856.769,342.336,0.8,Warning,1,20,67.16,46.74,54,362.814,,,,,,302.36,,,
2026-05-24 16:00:00,hourly,VF-01,Ventilation Fan 01,Ventilation Fan,Surface,3.766,66.461,195.251,,304.226,924.156,345.883,1.0,Running,2,27,66.44,43.32,53,329.211,,,,,,304.226,,,
2026-05-24 17:00:00,hourly,VF-01,Ventilation Fan 01,Ventilation Fan,Surface,3.651,67.802,213.766,,267.916,891.407,350.037,0.78,Warning,1,12,67.27,45.81,53,343.896,,,,,,267.916,,,
2026-05-24 18:00:00,hourly,VF-01,Ventilation Fan 01,Ventilation Fan,Surface,3.655,68.353,196.599,,286.266,863.698,354.551,0.76,Running,0,14,69.43,40.77,52,330.173,,,,,,286.266,,,
2026-05-24 19:00:00,hourly,VF-01,Ventilation Fan 01,Ventilation Fan,Surface,3.645,69.957,211.555,,286.623,884.958,348.848,0.83,Running,1,25,67.78,44.08,44,335.175,,,,,,286.623,,,
2026-05-24 20:00:00,hourly,VF-01,Ventilation Fan 01,Ventilation Fan,Surface,3.461,67.427,212.834,,280.475,892.493,350.104,0.72,Warning,1,16,65.33,51.31,52,356.488,,,,,,280.475,,,
2026-05-24 21:00:00,hourly,VF-01,Ventilation Fan 01,Ventilation Fan,Surface,3.976,68.635,195.966,,282.088,910.715,356.942,0.91,Warning,4,19,62.48,54.53,49,358.869,,,,,,282.088,,,
2026-05-24 22:00:00,hourly,VF-01,Ventilation Fan 01,Ventilation Fan,Surface,4.11,64.476,210.234,,284.787,868.204,359.103,0.74,Warning,1,34,64.74,50.83,48,358.446,,,,,,284.787,,,
2026-05-24 23:00:00,hourly,VF-01,Ventilation Fan 01,Ventilation Fan,Surface,3.937,68.333,199.681,,298.333,863.616,338.923,0.75,Warning,1,18,68.56,45.29,64,352.599,,,,,,298.333,,,
2026-05-25 00:00:00,hourly,VF-01,Ventilation Fan 01,Ventilation Fan,Surface,3.279,66.144,209.341,,305.94,865.737,317.5,0.88,Warning,1,10,65.56,47.69,44,355.693,,,,,,305.94,,,
2026-05-25 01:00:00,hourly,VF-01,Ventilation Fan 01,Ventilation Fan,Surface,3.523,67.966,195.217,,297.55,864.075,330.307,0.84,Warning,1,19,67.4,45.54,49,337.824,,,,,,297.55,,,
2026-05-25 02:00:00,hourly,VF-01,Ventilation Fan 01,Ventilation Fan,Surface,3.827,65.819,202.651,,279.919,863.295,354.333,0.84,Running,1,22,67.29,42.65,49,373.979,,,,,,279.919,,,
2026-05-25 03:00:00,hourly,VF-01,Ventilation Fan 01,Ventilation Fan,Surface,3.508,68.734,204.427,,300.335,880.686,335.301,0.71,Running,2,46,66.13,44.95,49,360.355,,,,,,300.335,,,
2026-05-25 04:00:00,hourly,VF-01,Ventilation Fan 01,Ventilation Fan,Surface,3.521,69.202,203.515,,298.048,867.26,351.281,0.9,Warning,2,37,66.03,47.81,45,346.612,,,,,,298.048,,,
2026-05-25 05:00:00,hourly,VF-01,Ventilation Fan 01,Ventilation Fan,Surface,3.376,67.476,207.257,,255.56,875.116,346.154,0.74,Warning,1,56,65.06,46.67,50,369.595,,,,,,255.56,,,
2026-05-25 06:00:00,hourly,VF-01,Ventilation Fan 01,Ventilation Fan,Surface,3.6,66.225,196.593,,305.593,917.632,348.179,0.68,Running,1,6,69.64,43.88,45,336.805,,,,,,305.593,,,
2026-05-25 07:00:00,hourly,VF-01,Ventilation Fan 01,Ventilation Fan,Surface,3.501,69.121,198.947,,292.274,855.325,355.008,0.85,Warning,1,37,64.5,49.6,50,349.538,,,,,,292.274,,,
2026-05-25 08:00:00,hourly,VF-01,Ventilation Fan 01,Ventilation Fan,Surface,3.158,71.103,210.389,,292.676,883.768,366.224,0.8,Running,1,35,67.78,44.52,50,365.082,,,,,,292.676,,,
2026-05-25 09:00:00,hourly,VF-01,Ventilation Fan 01,Ventilation Fan,Surface,3.94,71.847,200.3,,269.671,851.333,346.956,0.8,Running,1,18,67.26,44.62,48,322.861,,,,,,269.671,,,
2026-05-25 10:00:00,hourly,VF-01,Ventilation Fan 01,Ventilation Fan,Surface,3.78,68.811,199.582,,309.91,896.669,330.587,0.87,Warning,2,14,66.87,47.28,49,391.714,,,,,,309.91,,,
2026-05-25 11:00:00,hourly,VF-01,Ventilation Fan 01,Ventilation Fan,Surface,3.397,68.591,196.528,,294.543,900.851,352.274,0.79,Warning,3,29,65.65,49.45,55,335.521,,,,,,294.543,,,
2026-05-25 12:00:00,hourly,VF-01,Ventilation Fan 01,Ventilation Fan,Surface,3.884,65.42,200.01,,299.758,857.103,358.744,0.68,Warning,1,16,63.42,49.45,51,338.286,,,,,,299.758,,,
2026-05-25 13:00:00,hourly,VF-01,Ventilation Fan 01,Ventilation Fan,Surface,3.723,70.694,194.954,,274.528,860.842,311.316,0.79,Warning,1,6,63.91,49.48,49,347.777,,,,,,274.528,,,
2026-05-25 14:00:00,hourly,VF-01,Ventilation Fan 01,Ventilation Fan,Surface,3.952,63.436,210.808,,296.512,890.777,335.856,0.84,Warning,1,2,64.46,49.38,50,362.214,,,,,,296.512,,,
2026-05-25 15:00:00,hourly,VF-01,Ventilation Fan 01,Ventilation Fan,Surface,3.861,70.48,200.249,,296.708,870.029,347.919,0.83,Warning,2,1,66.24,47.91,49,364.163,,,,,,296.708,,,
2026-05-25 16:00:00,hourly,VF-01,Ventilation Fan 01,Ventilation Fan,Surface,3.531,68.166,194.584,,288.418,907.204,339.805,0.81,Warning,1,21,67.03,46.78,50,377.473,,,,,,288.418,,,
2026-05-25 17:00:00,hourly,VF-01,Ventilation Fan 01,Ventilation Fan,Surface,3.851,63.264,202.556,,274.723,849.545,349.679,1.0,Warning,2,27,66.06,47.32,46,346.251,,,,,,274.723,,,
2026-05-25 18:00:00,hourly,VF-01,Ventilation Fan 01,Ventilation Fan,Surface,3.863,68.817,191.862,,289.461,899.638,337.581,0.95,Warning,2,8,65.92,49.13,57,354.168,,,,,,289.461,,,
2026-05-25 19:00:00,hourly,VF-01,Ventilation Fan 01,Ventilation Fan,Surface,3.94,67.846,196.776,,278.694,925.127,362.598,0.72,Warning,1,24,67.13,45.75,49,316.841,,,,,,278.694,,,
2026-05-25 20:00:00,hourly,VF-01,Ventilation Fan 01,Ventilation Fan,Surface,3.93,67.277,216.715,,281.733,884.486,348.465,0.71,Warning,2,26,62.07,50.31,59,326.227,,,,,,281.733,,,
2026-05-25 21:00:00,hourly,VF-01,Ventilation Fan 01,Ventilation Fan,Surface,4.17,67.651,194.778,,303.989,861.807,318.885,0.93,Warning,1,27,61.83,56.11,57,345.855,,,,,,303.989,,,
2026-05-25 22:00:00,hourly,VF-01,Ventilation Fan 01,Ventilation Fan,Surface,3.924,68.168,203.327,,291.066,858.681,359.422,0.91,Warning,2,31,62.84,53.99,46,354.877,,,,,,291.066,,,
2026-05-25 23:00:00,hourly,VF-01,Ventilation Fan 01,Ventilation Fan,Surface,3.544,68.178,224.522,,289.011,872.171,360.476,0.94,Running,1,20,66.75,43.8,49,346.835,,,,,,289.011,,,
2026-05-26 00:00:00,hourly,VF-01,Ventilation Fan 01,Ventilation Fan,Surface,3.758,65.286,206.955,,275.833,890.567,347.199,0.78,Warning,0,39,62.0,53.55,49,358.282,,,,,,275.833,,,
2026-05-26 01:00:00,hourly,VF-01,Ventilation Fan 01,Ventilation Fan,Surface,3.491,69.059,200.161,,289.346,842.793,318.405,0.81,Warning,2,29,65.16,51.38,51,346.7,,,,,,289.346,,,
2026-05-26 02:00:00,hourly,VF-01,Ventilation Fan 01,Ventilation Fan,Surface,3.99,67.509,186.917,,288.05,868.795,362.305,0.68,Warning,1,4,63.67,50.26,48,343.194,,,,,,288.05,,,
2026-05-26 03:00:00,hourly,VF-01,Ventilation Fan 01,Ventilation Fan,Surface,3.537,71.458,206.355,,278.029,878.464,331.56,0.83,Warning,2,43,65.32,50.09,52,395.917,,,,,,278.029,,,
2026-05-26 04:00:00,hourly,VF-01,Ventilation Fan 01,Ventilation Fan,Surface,4.219,70.02,197.99,,302.785,909.718,342.17,0.77,Warning,1,8,64.8,51.5,40,342.687,,,,,,302.785,,,
2026-05-26 05:00:00,hourly,VF-01,Ventilation Fan 01,Ventilation Fan,Surface,3.666,70.261,209.967,,302.167,916.442,338.802,0.76,Warning,1,19,65.38,49.0,45,368.238,,,,,,302.167,,,
2026-05-26 06:00:00,hourly,VF-01,Ventilation Fan 01,Ventilation Fan,Surface,3.723,72.054,198.907,,280.384,872.548,324.995,0.89,Warning,2,56,64.29,54.27,46,321.913,,,,,,280.384,,,
2026-05-26 07:00:00,hourly,VF-01,Ventilation Fan 01,Ventilation Fan,Surface,3.632,69.819,207.535,,294.384,851.017,348.164,0.81,Warning,1,26,66.02,48.88,44,350.532,,,,,,294.384,,,
2026-05-26 08:00:00,hourly,VF-01,Ventilation Fan 01,Ventilation Fan,Surface,3.579,68.07,218.105,,267.358,878.442,351.349,0.89,Warning,0,9,67.18,46.15,40,334.614,,,,,,267.358,,,
2026-05-26 09:00:00,hourly,VF-01,Ventilation Fan 01,Ventilation Fan,Surface,3.622,63.261,211.176,,293.366,879.188,349.958,0.81,Warning,1,22,66.81,46.13,50,387.744,,,,,,293.366,,,
2026-05-26 10:00:00,hourly,VF-01,Ventilation Fan 01,Ventilation Fan,Surface,3.792,68.876,193.317,,298.88,901.37,344.833,0.86,Warning,1,27,64.16,50.08,42,337.03,,,,,,298.88,,,
2026-05-26 11:00:00,hourly,VF-01,Ventilation Fan 01,Ventilation Fan,Surface,3.747,71.871,206.03,,275.987,865.472,336.301,0.71,Warning,1,23,63.31,50.24,44,347.603,,,,,,275.987,,,
2026-05-26 12:00:00,hourly,VF-01,Ventilation Fan 01,Ventilation Fan,Surface,3.652,70.215,213.948,,289.597,853.433,371.765,0.74,Warning,2,13,64.96,46.83,49,331.79,,,,,,289.597,,,
2026-05-26 13:00:00,hourly,VF-01,Ventilation Fan 01,Ventilation Fan,Surface,3.815,67.426,191.647,,290.904,874.893,351.264,0.86,Running,1,3,67.76,43.34,51,330.625,,,,,,290.904,,,
2026-05-26 14:00:00,hourly,VF-01,Ventilation Fan 01,Ventilation Fan,Surface,3.631,68.577,220.556,,323.999,867.625,333.369,0.96,Warning,1,5,64.46,49.46,44,346.813,,,,,,323.999,,,
2026-05-26 15:00:00,hourly,VF-01,Ventilation Fan 01,Ventilation Fan,Surface,3.751,67.361,206.687,,320.255,866.999,355.423,0.86,Warning,2,10,65.84,49.43,42,355.627,,,,,,320.255,,,
2026-05-26 16:00:00,hourly,VF-01,Ventilation Fan 01,Ventilation Fan,Surface,4.143,69.1,210.654,,293.105,855.92,354.245,0.82,Warning,1,35,65.71,48.66,43,369.567,,,,,,293.105,,,
2026-05-26 17:00:00,hourly,VF-01,Ventilation Fan 01,Ventilation Fan,Surface,3.631,67.484,202.419,,281.234,847.361,358.299,0.94,Warning,2,5,65.64,48.44,50,336.872,,,,,,281.234,,,
2026-05-26 18:00:00,hourly,VF-01,Ventilation Fan 01,Ventilation Fan,Surface,3.692,71.399,205.978,,292.088,888.366,347.977,0.8,Warning,2,23,66.39,51.29,51,336.577,,,,,,292.088,,,
2026-05-26 19:00:00,hourly,VF-01,Ventilation Fan 01,Ventilation Fan,Surface,3.507,68.777,197.558,,302.625,880.705,338.569,0.76,Warning,2,42,62.2,56.28,47,374.234,,,,,,302.625,,,
2026-05-26 20:00:00,hourly,VF-01,Ventilation Fan 01,Ventilation Fan,Surface,3.689,69.067,219.579,,268.979,857.176,326.659,0.82,Warning,1,28,62.72,50.37,47,380.448,,,,,,268.979,,,
2026-05-26 21:00:00,hourly,VF-01,Ventilation Fan 01,Ventilation Fan,Surface,3.848,66.911,221.841,,263.925,892.851,340.124,0.85,Warning,1,39,64.29,51.4,40,346.926,,,,,,263.925,,,
2026-05-26 22:00:00,hourly,VF-01,Ventilation Fan 01,Ventilation Fan,Surface,3.652,67.748,225.071,,275.227,834.232,322.147,0.72,Warning,1,11,66.13,45.04,47,357.962,,,,,,275.227,,,
2026-05-26 23:00:00,hourly,VF-01,Ventilation Fan 01,Ventilation Fan,Surface,3.521,66.288,189.907,,298.083,865.752,353.5,0.83,Warning,1,27,66.08,48.02,49,382.079,,,,,,298.083,,,
2026-05-27 00:00:00,hourly,VF-01,Ventilation Fan 01,Ventilation Fan,Surface,3.852,71.45,208.812,,298.738,879.423,323.028,0.68,Warning,1,33,64.0,47.66,46,401.703,,,,,,298.738,,,
2026-05-27 01:00:00,hourly,VF-01,Ventilation Fan 01,Ventilation Fan,Surface,3.878,67.605,209.782,,294.154,899.015,343.078,0.8,Warning,1,30,65.62,46.92,46,357.142,,,,,,294.154,,,
2026-05-27 02:00:00,hourly,VF-01,Ventilation Fan 01,Ventilation Fan,Surface,3.912,68.966,199.591,,302.132,862.379,360.468,0.81,Warning,1,33,63.3,52.63,41,363.87,,,,,,302.132,,,
2026-05-27 03:00:00,hourly,VF-01,Ventilation Fan 01,Ventilation Fan,Surface,3.507,65.565,209.344,,286.58,899.287,344.97,0.82,Warning,2,5,62.6,51.45,50,351.501,,,,,,286.58,,,
2026-05-27 04:00:00,hourly,VF-01,Ventilation Fan 01,Ventilation Fan,Surface,4.083,66.215,193.107,,285.463,860.178,347.937,0.66,Warning,1,29,61.75,51.39,40,319.279,,,,,,285.463,,,
2026-05-27 05:00:00,hourly,VF-01,Ventilation Fan 01,Ventilation Fan,Surface,3.676,68.194,219.328,,293.292,892.545,356.017,0.83,Warning,2,26,63.61,49.57,45,355.852,,,,,,293.292,,,
2026-05-27 06:00:00,hourly,VF-01,Ventilation Fan 01,Ventilation Fan,Surface,3.564,68.088,192.333,,309.162,911.438,357.173,0.89,Warning,1,18,63.23,49.59,47,376.384,,,,,,309.162,,,
2026-05-27 07:00:00,hourly,VF-01,Ventilation Fan 01,Ventilation Fan,Surface,4.014,69.216,208.433,,293.516,852.39,365.606,0.93,Warning,1,12,65.34,49.35,49,333.937,,,,,,293.516,,,
2026-05-27 08:00:00,hourly,VF-01,Ventilation Fan 01,Ventilation Fan,Surface,4.084,72.765,213.33,,287.389,877.677,358.052,0.94,Warning,2,27,64.59,51.99,49,311.949,,,,,,287.389,,,
2026-05-27 09:00:00,hourly,VF-01,Ventilation Fan 01,Ventilation Fan,Surface,3.723,64.724,200.88,,293.328,886.197,354.803,0.82,Warning,2,8,63.72,50.39,49,360.895,,,,,,293.328,,,
2026-05-27 10:00:00,hourly,VF-01,Ventilation Fan 01,Ventilation Fan,Surface,3.612,70.731,218.677,,305.524,846.887,317.734,1.0,Warning,1,15,63.68,52.9,43,313.992,,,,,,305.524,,,
2026-05-27 11:00:00,hourly,VF-01,Ventilation Fan 01,Ventilation Fan,Surface,3.894,69.787,189.946,,284.088,883.733,353.023,0.76,Warning,0,32,62.87,50.84,54,317.715,,,,,,284.088,,,
2026-05-27 12:00:00,hourly,VF-01,Ventilation Fan 01,Ventilation Fan,Surface,3.506,67.57,206.143,,282.986,861.714,375.733,0.76,Warning,2,36,60.65,54.89,49,316.505,,,,,,282.986,,,
2026-05-27 13:00:00,hourly,VF-01,Ventilation Fan 01,Ventilation Fan,Surface,4.363,67.955,191.287,,282.628,855.589,359.594,0.82,Warning,2,30,61.55,57.39,43,309.177,,,,,,282.628,,,
2026-05-27 14:00:00,hourly,VF-01,Ventilation Fan 01,Ventilation Fan,Surface,3.577,71.078,199.555,,298.056,864.777,364.789,0.89,Warning,2,14,64.65,49.13,43,370.422,,,,,,298.056,,,
2026-05-27 15:00:00,hourly,VF-01,Ventilation Fan 01,Ventilation Fan,Surface,3.885,68.73,202.118,,278.877,863.133,338.525,0.87,Warning,2,7,63.13,53.76,47,352.08,,,,,,278.877,,,
2026-05-27 16:00:00,hourly,VF-01,Ventilation Fan 01,Ventilation Fan,Surface,3.773,68.226,201.617,,295.872,891.62,348.251,0.63,Warning,2,11,61.2,52.88,42,390.487,,,,,,295.872,,,
2026-05-27 17:00:00,hourly,VF-01,Ventilation Fan 01,Ventilation Fan,Surface,3.608,66.789,218.097,,270.486,873.942,358.426,0.74,Warning,1,35,65.44,48.35,39,364.086,,,,,,270.486,,,
2026-05-27 18:00:00,hourly,VF-01,Ventilation Fan 01,Ventilation Fan,Surface,3.607,67.23,196.155,,284.978,924.755,356.52,0.88,Warning,0,21,65.92,46.0,44,390.661,,,,,,284.978,,,
2026-05-27 19:00:00,hourly,VF-01,Ventilation Fan 01,Ventilation Fan,Surface,4.063,66.486,192.767,,287.351,862.083,362.113,0.75,Warning,2,18,65.08,49.02,35,336.592,,,,,,287.351,,,
2026-05-27 20:00:00,hourly,VF-01,Ventilation Fan 01,Ventilation Fan,Surface,3.898,70.703,202.924,,309.46,884.259,331.362,0.81,Warning,1,23,63.78,51.18,45,356.759,,,,,,309.46,,,
2026-05-27 21:00:00,hourly,VF-01,Ventilation Fan 01,Ventilation Fan,Surface,3.667,67.382,207.871,,299.605,870.476,336.861,0.85,Warning,1,30,63.52,52.59,46,324.067,,,,,,299.605,,,
2026-05-27 22:00:00,hourly,VF-01,Ventilation Fan 01,Ventilation Fan,Surface,3.699,66.578,211.428,,283.646,845.672,328.889,0.86,Warning,1,7,62.97,50.68,42,344.043,,,,,,283.646,,,
2026-05-27 23:00:00,hourly,VF-01,Ventilation Fan 01,Ventilation Fan,Surface,3.645,69.332,217.332,,281.649,908.695,353.768,0.89,Warning,1,14,63.22,51.15,48,378.321,,,,,,281.649,,,
2026-05-28 00:00:00,hourly,VF-01,Ventilation Fan 01,Ventilation Fan,Surface,4.02,67.366,187.646,,279.737,876.293,346.672,0.92,Warning,1,30,63.92,52.89,47,348.858,,,,,,279.737,,,
2026-05-28 01:00:00,hourly,VF-01,Ventilation Fan 01,Ventilation Fan,Surface,4.032,72.108,222.242,,274.316,856.438,346.595,0.87,Warning,2,22,64.0,47.99,39,345.012,,,,,,274.316,,,
2026-05-28 02:00:00,hourly,VF-01,Ventilation Fan 01,Ventilation Fan,Surface,3.947,69.113,199.727,,307.127,882.373,338.858,0.72,Warning,2,31,63.54,46.09,43,349.305,,,,,,307.127,,,
2026-05-28 03:00:00,hourly,VF-01,Ventilation Fan 01,Ventilation Fan,Surface,3.889,69.457,204.635,,278.621,896.268,336.293,0.87,Warning,1,34,57.53,58.16,41,352.659,,,,,,278.621,,,
2026-05-28 04:00:00,hourly,VF-01,Ventilation Fan 01,Ventilation Fan,Surface,3.973,69.479,207.398,,308.299,854.815,349.857,0.91,Warning,2,11,64.56,50.83,42,352.724,,,,,,308.299,,,
2026-05-28 05:00:00,hourly,VF-01,Ventilation Fan 01,Ventilation Fan,Surface,3.475,70.221,187.704,,288.796,874.555,367.585,0.86,Warning,2,0,62.99,51.98,47,376.528,,,,,,288.796,,,
2026-05-28 06:00:00,hourly,VF-01,Ventilation Fan 01,Ventilation Fan,Surface,3.901,70.516,203.394,,286.57,896.292,374.985,0.92,Warning,3,24,60.45,53.46,45,335.486,,,,,,286.57,,,
2026-05-28 07:00:00,hourly,VF-01,Ventilation Fan 01,Ventilation Fan,Surface,4.077,69.17,216.263,,288.686,876.993,375.081,0.84,Warning,2,7,62.89,52.09,40,345.812,,,,,,288.686,,,
2026-05-28 08:00:00,hourly,VF-01,Ventilation Fan 01,Ventilation Fan,Surface,3.895,67.096,213.066,,301.99,885.51,342.491,0.81,Warning,2,27,63.01,51.05,43,351.945,,,,,,301.99,,,
2026-05-28 09:00:00,hourly,VF-01,Ventilation Fan 01,Ventilation Fan,Surface,3.859,68.837,202.928,,277.172,867.466,331.098,0.75,Warning,2,42,59.96,52.92,39,331.956,,,,,,277.172,,,
2026-05-28 10:00:00,hourly,VF-01,Ventilation Fan 01,Ventilation Fan,Surface,3.709,69.279,209.398,,293.479,838.628,364.205,0.98,Warning,1,8,61.4,53.36,40,341.131,,,,,,293.479,,,
2026-05-28 11:00:00,hourly,VF-01,Ventilation Fan 01,Ventilation Fan,Surface,3.726,65.912,211.683,,286.87,867.649,370.499,0.74,Warning,1,32,60.61,56.63,48,365.434,,,,,,286.87,,,
2026-05-28 12:00:00,hourly,VF-01,Ventilation Fan 01,Ventilation Fan,Surface,3.739,64.983,205.248,,292.13,860.811,356.827,0.82,Warning,2,34,60.77,54.36,52,333.663,,,,,,292.13,,,
2026-05-28 13:00:00,hourly,VF-01,Ventilation Fan 01,Ventilation Fan,Surface,3.905,66.783,212.058,,284.792,870.704,349.818,0.79,Warning,1,24,63.2,48.5,49,405.661,,,,,,284.792,,,
2026-05-28 14:00:00,hourly,VF-01,Ventilation Fan 01,Ventilation Fan,Surface,3.752,65.323,200.471,,282.869,860.966,340.195,0.71,Warning,4,28,61.24,57.72,43,382.957,,,,,,282.869,,,
2026-05-28 15:00:00,hourly,VF-01,Ventilation Fan 01,Ventilation Fan,Surface,3.459,68.268,199.215,,293.459,876.762,359.954,0.89,Warning,2,0,62.34,50.74,43,353.803,,,,,,293.459,,,
2026-05-28 16:00:00,hourly,VF-01,Ventilation Fan 01,Ventilation Fan,Surface,4.038,67.712,205.099,,270.544,865.345,359.516,0.86,Warning,1,22,63.32,52.1,46,361.817,,,,,,270.544,,,
2026-05-28 17:00:00,hourly,VF-01,Ventilation Fan 01,Ventilation Fan,Surface,3.98,69.451,186.092,,303.793,890.724,354.873,0.84,Warning,2,22,61.4,55.72,42,365.756,,,,,,303.793,,,
2026-05-28 18:00:00,hourly,VF-01,Ventilation Fan 01,Ventilation Fan,Surface,3.946,70.708,214.109,,288.316,886.43,332.682,0.77,Warning,1,35,63.29,52.24,36,361.585,,,,,,288.316,,,
2026-05-28 19:00:00,hourly,VF-01,Ventilation Fan 01,Ventilation Fan,Surface,3.664,69.885,208.667,,280.382,852.505,334.527,0.87,Warning,1,32,64.16,49.71,49,352.333,,,,,,280.382,,,
2026-05-28 20:00:00,hourly,VF-01,Ventilation Fan 01,Ventilation Fan,Surface,3.764,70.191,205.967,,291.354,900.443,348.962,0.8,Warning,1,13,63.3,47.75,37,405.502,,,,,,291.354,,,
2026-05-28 21:00:00,hourly,VF-01,Ventilation Fan 01,Ventilation Fan,Surface,3.989,71.231,215.185,,278.551,856.844,367.175,0.86,Warning,2,0,62.86,54.35,46,336.138,,,,,,278.551,,,
2026-05-28 22:00:00,hourly,VF-01,Ventilation Fan 01,Ventilation Fan,Surface,3.882,68.703,211.549,,287.786,847.977,365.1,0.93,Warning,1,0,63.21,49.17,44,342.805,,,,,,287.786,,,
2026-05-28 23:00:00,hourly,VF-01,Ventilation Fan 01,Ventilation Fan,Surface,3.725,64.158,217.688,,287.815,895.886,344.199,0.62,Warning,2,41,62.43,54.54,49,352.038,,,,,,287.815,,,
2026-05-29 00:00:00,hourly,VF-01,Ventilation Fan 01,Ventilation Fan,Surface,4.167,65.899,222.381,,301.848,859.594,321.395,0.9,Warning,1,21,63.11,53.87,44,363.526,,,,,,301.848,,,
2026-04-29 00:00:00,hourly,DMS-01,DMS Drum 01,DMS Drum,Surface,3.0,58.704,133.061,,,26.063,232.582,0.69,Running,0,10,86.69,19.4,252,222.683,,,,,,,,,
2026-04-29 01:00:00,hourly,DMS-01,DMS Drum 01,DMS Drum,Surface,3.098,58.74,129.398,,,24.984,208.101,0.77,Running,1,3,86.87,19.52,245,206.373,,,,,,,,,
2026-04-29 02:00:00,hourly,DMS-01,DMS Drum 01,DMS Drum,Surface,3.024,55.199,124.137,,,23.887,193.77,0.83,Running,0,5,89.34,13.99,250,233.435,,,,,,,,,
2026-04-29 03:00:00,hourly,DMS-01,DMS Drum 01,DMS Drum,Surface,3.165,57.688,135.431,,,25.133,239.25,0.79,Running,1,8,89.15,15.44,244,203.337,,,,,,,,,
2026-04-29 04:00:00,hourly,DMS-01,DMS Drum 01,DMS Drum,Surface,3.078,58.12,122.627,,,27.311,200.701,0.73,Running,1,8,91.59,10.81,252,196.628,,,,,,,,,
2026-04-29 05:00:00,hourly,DMS-01,DMS Drum 01,DMS Drum,Surface,2.777,60.235,130.236,,,26.249,216.315,0.89,Running,0,8,88.79,17.22,249,203.942,,,,,,,,,
2026-04-29 06:00:00,hourly,DMS-01,DMS Drum 01,DMS Drum,Surface,3.018,56.69,124.367,,,25.499,200.605,0.9,Running,0,11,89.52,15.65,248,187.835,,,,,,,,,
2026-04-29 07:00:00,hourly,DMS-01,DMS Drum 01,DMS Drum,Surface,2.975,57.004,119.214,,,23.924,219.532,0.88,Running,1,7,88.82,17.08,250,183.601,,,,,,,,,
2026-04-29 08:00:00,hourly,DMS-01,DMS Drum 01,DMS Drum,Surface,2.855,58.261,126.52,,,23.58,209.828,0.79,Running,1,2,90.19,13.17,246,219.244,,,,,,,,,
2026-04-29 09:00:00,hourly,DMS-01,DMS Drum 01,DMS Drum,Surface,2.897,59.416,121.116,,,24.706,201.047,0.8,Running,0,11,91.68,12.17,246,214.652,,,,,,,,,
2026-04-29 10:00:00,hourly,DMS-01,DMS Drum 01,DMS Drum,Surface,3.142,57.767,138.344,,,24.27,193.982,0.92,Running,0,5,90.36,14.52,244,191.989,,,,,,,,,
2026-04-29 11:00:00,hourly,DMS-01,DMS Drum 01,DMS Drum,Surface,3.031,57.436,122.738,,,25.02,201.5,0.88,Running,0,8,91.98,12.72,254,216.554,,,,,,,,,
2026-04-29 12:00:00,hourly,DMS-01,DMS Drum 01,DMS Drum,Surface,3.124,55.942,127.108,,,25.18,197.953,0.92,Running,0,4,89.68,15.78,246,217.115,,,,,,,,,
2026-04-29 13:00:00,hourly,DMS-01,DMS Drum 01,DMS Drum,Surface,2.911,56.394,123.475,,,23.292,188.877,0.83,Running,0,10,86.26,18.99,246,201.553,,,,,,,,,
2026-04-29 14:00:00,hourly,DMS-01,DMS Drum 01,DMS Drum,Surface,3.177,56.727,119.377,,,23.993,218.829,0.87,Running,0,7,87.46,15.25,249,196.676,,,,,,,,,
2026-04-29 15:00:00,hourly,DMS-01,DMS Drum 01,DMS Drum,Surface,3.087,58.343,132.818,,,24.573,223.413,0.87,Running,1,6,90.08,14.89,246,221.101,,,,,,,,,
2026-04-29 16:00:00,hourly,DMS-01,DMS Drum 01,DMS Drum,Surface,2.708,57.865,127.367,,,25.522,201.851,0.94,Running,1,16,88.36,17.2,237,216.288,,,,,,,,,
2026-04-29 17:00:00,hourly,DMS-01,DMS Drum 01,DMS Drum,Surface,2.816,55.704,144.434,,,25.567,185.03,0.64,Running,0,7,88.74,13.57,254,234.381,,,,,,,,,
2026-04-29 18:00:00,hourly,DMS-01,DMS Drum 01,DMS Drum,Surface,2.698,58.629,135.366,,,23.758,214.38,0.83,Running,1,6,87.42,19.3,244,216.127,,,,,,,,,
2026-04-29 19:00:00,hourly,DMS-01,DMS Drum 01,DMS Drum,Surface,2.643,56.694,128.527,,,23.529,211.888,0.9,Running,0,10,91.01,12.89,242,185.206,,,,,,,,,
2026-04-29 20:00:00,hourly,DMS-01,DMS Drum 01,DMS Drum,Surface,3.545,56.722,130.609,,,23.862,198.022,0.91,Running,0,0,91.14,12.15,245,188.575,,,,,,,,,
2026-04-29 21:00:00,hourly,DMS-01,DMS Drum 01,DMS Drum,Surface,3.303,58.477,127.412,,,25.954,209.318,0.78,Running,0,1,88.3,16.8,243,206.981,,,,,,,,,
2026-04-29 22:00:00,hourly,DMS-01,DMS Drum 01,DMS Drum,Surface,3.18,58.715,120.854,,,24.429,176.939,0.85,Running,1,11,88.3,18.24,243,221.356,,,,,,,,,
2026-04-29 23:00:00,hourly,DMS-01,DMS Drum 01,DMS Drum,Surface,3.01,57.677,117.989,,,25.125,210.132,0.88,Running,0,7,90.68,16.17,245,214.525,,,,,,,,,
2026-04-30 00:00:00,hourly,DMS-01,DMS Drum 01,DMS Drum,Surface,2.773,60.577,120.663,,,25.498,208.198,0.92,Running,0,4,90.3,13.48,237,201.399,,,,,,,,,
2026-04-30 01:00:00,hourly,DMS-01,DMS Drum 01,DMS Drum,Surface,2.637,53.461,137.416,,,26.471,225.99,0.85,Running,0,10,86.0,19.15,247,186.479,,,,,,,,,
2026-04-30 02:00:00,hourly,DMS-01,DMS Drum 01,DMS Drum,Surface,2.853,58.859,129.857,,,23.533,213.085,0.84,Running,0,10,89.68,15.67,248,230.603,,,,,,,,,
2026-04-30 03:00:00,hourly,DMS-01,DMS Drum 01,DMS Drum,Surface,2.731,55.126,131.821,,,26.453,211.131,0.8,Running,1,2,89.37,12.21,237,229.935,,,,,,,,,
2026-04-30 04:00:00,hourly,DMS-01,DMS Drum 01,DMS Drum,Surface,3.075,56.995,133.574,,,25.691,233.612,0.91,Running,1,7,88.86,17.33,245,190.341,,,,,,,,,
2026-04-30 05:00:00,hourly,DMS-01,DMS Drum 01,DMS Drum,Surface,2.94,57.075,126.666,,,26.998,200.522,0.92,Running,0,6,87.14,15.3,240,219.348,,,,,,,,,
2026-04-30 06:00:00,hourly,DMS-01,DMS Drum 01,DMS Drum,Surface,3.109,56.935,123.831,,,26.683,192.096,0.9,Running,0,7,87.16,15.23,241,213.621,,,,,,,,,
2026-04-30 07:00:00,hourly,DMS-01,DMS Drum 01,DMS Drum,Surface,2.962,55.316,142.211,,,25.128,221.005,0.88,Running,1,15,83.55,26.14,244,219.628,,,,,,,,,
2026-04-30 08:00:00,hourly,DMS-01,DMS Drum 01,DMS Drum,Surface,2.499,54.468,131.792,,,24.098,222.596,0.84,Running,0,0,87.44,13.42,246,231.303,,,,,,,,,
2026-04-30 09:00:00,hourly,DMS-01,DMS Drum 01,DMS Drum,Surface,2.863,53.397,116.429,,,25.789,222.884,0.77,Running,1,12,85.32,23.16,244,230.007,,,,,,,,,
2026-04-30 10:00:00,hourly,DMS-01,DMS Drum 01,DMS Drum,Surface,2.998,56.656,115.797,,,23.653,207.261,0.76,Running,1,0,87.59,20.49,237,217.145,,,,,,,,,
2026-04-30 11:00:00,hourly,DMS-01,DMS Drum 01,DMS Drum,Surface,2.971,57.309,133.337,,,25.255,201.525,0.9,Running,0,6,89.09,15.96,242,206.646,,,,,,,,,
2026-04-30 12:00:00,hourly,DMS-01,DMS Drum 01,DMS Drum,Surface,2.772,58.183,121.906,,,24.103,195.144,0.91,Running,0,3,86.56,20.03,244,205.869,,,,,,,,,
2026-04-30 13:00:00,hourly,DMS-01,DMS Drum 01,DMS Drum,Surface,2.788,59.262,127.182,,,24.706,199.415,0.84,Running,0,5,90.54,10.09,239,207.001,,,,,,,,,
2026-04-30 14:00:00,hourly,DMS-01,DMS Drum 01,DMS Drum,Surface,2.746,58.654,112.783,,,22.377,192.006,0.84,Running,0,6,91.52,10.88,238,248.285,,,,,,,,,
2026-04-30 15:00:00,hourly,DMS-01,DMS Drum 01,DMS Drum,Surface,2.505,58.936,124.859,,,24.894,204.79,0.84,Running,1,7,88.76,16.46,241,210.701,,,,,,,,,
2026-04-30 16:00:00,hourly,DMS-01,DMS Drum 01,DMS Drum,Surface,2.899,55.159,134.49,,,25.139,229.981,0.92,Running,0,4,89.34,15.59,243,220.987,,,,,,,,,
2026-04-30 17:00:00,hourly,DMS-01,DMS Drum 01,DMS Drum,Surface,3.093,59.16,124.361,,,24.356,203.536,0.88,Running,1,1,85.76,20.83,239,215.898,,,,,,,,,
2026-04-30 18:00:00,hourly,DMS-01,DMS Drum 01,DMS Drum,Surface,2.792,57.774,119.921,,,24.894,211.617,0.79,Running,1,6,88.62,16.59,242,196.225,,,,,,,,,
2026-04-30 19:00:00,hourly,DMS-01,DMS Drum 01,DMS Drum,Surface,2.608,54.596,126.406,,,23.694,216.644,0.86,Running,1,6,86.06,19.55,235,216.767,,,,,,,,,
2026-04-30 20:00:00,hourly,DMS-01,DMS Drum 01,DMS Drum,Surface,3.145,59.101,128.363,,,25.93,205.749,0.69,Running,0,9,85.54,17.8,241,200.809,,,,,,,,,
2026-04-30 21:00:00,hourly,DMS-01,DMS Drum 01,DMS Drum,Surface,3.234,55.392,125.657,,,25.024,205.659,0.77,Running,1,6,86.25,19.95,233,196.832,,,,,,,,,
2026-04-30 22:00:00,hourly,DMS-01,DMS Drum 01,DMS Drum,Surface,2.801,55.101,117.079,,,27.68,225.517,0.68,Running,0,11,88.02,14.5,241,218.405,,,,,,,,,
2026-04-30 23:00:00,hourly,DMS-01,DMS Drum 01,DMS Drum,Surface,2.682,60.002,130.885,,,25.345,212.326,0.75,Running,0,7,88.18,15.82,243,192.384,,,,,,,,,
2026-05-01 00:00:00,hourly,DMS-01,DMS Drum 01,DMS Drum,Surface,2.873,57.528,124.118,,,25.453,223.642,0.76,Running,0,12,88.11,19.42,239,222.377,,,,,,,,,
2026-05-01 01:00:00,hourly,DMS-01,DMS Drum 01,DMS Drum,Surface,2.975,55.093,129.359,,,24.43,238.748,0.65,Running,1,4,86.35,15.98,241,218.077,,,,,,,,,
2026-05-01 02:00:00,hourly,DMS-01,DMS Drum 01,DMS Drum,Surface,2.8,56.054,121.308,,,26.424,199.658,0.91,Running,1,9,88.37,16.04,240,227.805,,,,,,,,,
2026-05-01 03:00:00,hourly,DMS-01,DMS Drum 01,DMS Drum,Surface,2.531,59.088,136.868,,,24.479,208.232,0.78,Running,1,11,87.07,19.84,233,216.819,,,,,,,,,
2026-05-01 04:00:00,hourly,DMS-01,DMS Drum 01,DMS Drum,Surface,3.139,54.798,133.139,,,27.068,208.098,0.79,Running,1,4,88.37,17.56,234,196.724,,,,,,,,,
2026-05-01 05:00:00,hourly,DMS-01,DMS Drum 01,DMS Drum,Surface,2.967,56.812,125.637,,,27.033,204.158,0.75,Running,1,0,87.77,17.73,237,225.704,,,,,,,,,
2026-05-01 06:00:00,hourly,DMS-01,DMS Drum 01,DMS Drum,Surface,3.281,56.812,130.289,,,24.378,204.929,0.87,Running,1,14,85.25,19.3,237,226.429,,,,,,,,,
2026-05-01 07:00:00,hourly,DMS-01,DMS Drum 01,DMS Drum,Surface,2.919,62.257,139.614,,,24.66,226.945,0.93,Running,1,6,87.03,20.78,235,222.619,,,,,,,,,
2026-05-01 08:00:00,hourly,DMS-01,DMS Drum 01,DMS Drum,Surface,3.263,54.316,136.393,,,24.122,211.304,0.86,Running,0,3,88.97,13.0,233,220.377,,,,,,,,,
2026-05-01 09:00:00,hourly,DMS-01,DMS Drum 01,DMS Drum,Surface,2.855,54.396,138.737,,,23.388,239.99,0.85,Running,0,5,89.42,16.19,226,189.425,,,,,,,,,
2026-05-01 10:00:00,hourly,DMS-01,DMS Drum 01,DMS Drum,Surface,2.765,56.012,132.412,,,25.344,205.243,0.66,Running,0,3,86.09,19.77,244,222.103,,,,,,,,,
2026-05-01 11:00:00,hourly,DMS-01,DMS Drum 01,DMS Drum,Surface,2.79,55.875,124.386,,,24.997,228.195,0.81,Running,1,9,86.83,16.87,244,192.634,,,,,,,,,
2026-05-01 12:00:00,hourly,DMS-01,DMS Drum 01,DMS Drum,Surface,3.348,57.159,132.303,,,25.785,231.232,0.87,Running,0,7,87.32,16.98,233,201.422,,,,,,,,,
2026-05-01 13:00:00,hourly,DMS-01,DMS Drum 01,DMS Drum,Surface,2.866,56.198,140.083,,,24.931,209.132,0.92,Running,0,7,89.89,17.78,231,198.484,,,,,,,,,
2026-05-01 14:00:00,hourly,DMS-01,DMS Drum 01,DMS Drum,Surface,3.29,58.705,132.433,,,26.038,215.497,0.87,Running,1,9,88.75,13.43,242,188.17,,,,,,,,,
2026-05-01 15:00:00,hourly,DMS-01,DMS Drum 01,DMS Drum,Surface,2.8,57.265,122.408,,,24.934,220.728,0.99,Running,1,7,85.93,16.17,228,212.617,,,,,,,,,
2026-05-01 16:00:00,hourly,DMS-01,DMS Drum 01,DMS Drum,Surface,2.579,55.265,128.666,,,24.757,203.454,0.76,Running,0,11,88.75,14.47,240,209.701,,,,,,,,,
2026-05-01 17:00:00,hourly,DMS-01,DMS Drum 01,DMS Drum,Surface,3.079,56.65,133.529,,,25.095,230.104,0.76,Running,0,6,89.98,14.86,238,228.735,,,,,,,,,
2026-05-01 18:00:00,hourly,DMS-01,DMS Drum 01,DMS Drum,Surface,2.758,56.591,129.415,,,25.902,200.406,0.85,Running,1,0,88.28,19.26,234,227.017,,,,,,,,,
2026-05-01 19:00:00,hourly,DMS-01,DMS Drum 01,DMS Drum,Surface,2.985,59.28,133.559,,,24.547,203.898,0.92,Running,1,3,86.67,18.71,241,212.622,,,,,,,,,
2026-05-01 20:00:00,hourly,DMS-01,DMS Drum 01,DMS Drum,Surface,2.961,58.753,123.884,,,26.08,204.033,0.94,Running,0,3,89.26,11.79,232,221.182,,,,,,,,,
2026-05-01 21:00:00,hourly,DMS-01,DMS Drum 01,DMS Drum,Surface,2.957,58.467,126.72,,,24.105,212.855,0.66,Running,0,7,88.18,16.74,238,208.693,,,,,,,,,
2026-05-01 22:00:00,hourly,DMS-01,DMS Drum 01,DMS Drum,Surface,3.308,55.733,130.617,,,24.613,214.089,0.83,Running,1,15,87.47,19.26,234,208.608,,,,,,,,,
2026-05-01 23:00:00,hourly,DMS-01,DMS Drum 01,DMS Drum,Surface,2.974,57.711,130.954,,,22.751,202.521,0.9,Running,1,7,89.28,15.65,230,211.916,,,,,,,,,
2026-05-02 00:00:00,hourly,DMS-01,DMS Drum 01,DMS Drum,Surface,2.942,54.931,123.808,,,24.58,208.803,0.89,Running,1,6,87.82,18.03,242,208.051,,,,,,,,,
2026-05-02 01:00:00,hourly,DMS-01,DMS Drum 01,DMS Drum,Surface,2.828,58.36,111.095,,,23.643,196.79,0.87,Running,0,4,87.94,13.14,231,213.133,,,,,,,,,
2026-05-02 02:00:00,hourly,DMS-01,DMS Drum 01,DMS Drum,Surface,3.043,59.434,108.08,,,25.654,224.142,0.81,Running,0,7,89.17,12.47,232,219.455,,,,,,,,,
2026-05-02 03:00:00,hourly,DMS-01,DMS Drum 01,DMS Drum,Surface,3.021,53.16,127.925,,,25.599,218.51,0.58,Running,1,9,86.98,17.96,237,193.095,,,,,,,,,
2026-05-02 04:00:00,hourly,DMS-01,DMS Drum 01,DMS Drum,Surface,2.818,56.967,129.538,,,26.448,206.006,0.98,Running,1,13,85.91,21.99,238,204.46,,,,,,,,,
2026-05-02 05:00:00,hourly,DMS-01,DMS Drum 01,DMS Drum,Surface,3.141,56.967,126.812,,,26.982,207.87,0.87,Running,1,3,88.27,14.85,228,221.039,,,,,,,,,
2026-05-02 06:00:00,hourly,DMS-01,DMS Drum 01,DMS Drum,Surface,2.866,58.863,128.512,,,24.792,202.222,0.75,Running,1,14,90.22,14.1,239,202.42,,,,,,,,,
2026-05-02 07:00:00,hourly,DMS-01,DMS Drum 01,DMS Drum,Surface,3.054,56.022,139.479,,,24.102,199.032,0.79,Running,1,7,84.07,22.63,233,202.718,,,,,,,,,
2026-05-02 08:00:00,hourly,DMS-01,DMS Drum 01,DMS Drum,Surface,2.597,55.997,124.801,,,25.55,197.217,0.84,Running,0,3,88.87,13.5,232,224.403,,,,,,,,,
2026-05-02 09:00:00,hourly,DMS-01,DMS Drum 01,DMS Drum,Surface,3.135,57.457,130.836,,,24.521,199.079,0.86,Running,0,11,87.73,15.7,232,199.83,,,,,,,,,
2026-05-02 10:00:00,hourly,DMS-01,DMS Drum 01,DMS Drum,Surface,2.744,58.311,140.073,,,24.261,221.695,0.71,Running,1,12,86.81,18.42,232,216.261,,,,,,,,,
2026-05-02 11:00:00,hourly,DMS-01,DMS Drum 01,DMS Drum,Surface,3.078,57.55,121.037,,,24.966,222.625,0.74,Running,0,4,86.61,18.01,226,212.294,,,,,,,,,
2026-05-02 12:00:00,hourly,DMS-01,DMS Drum 01,DMS Drum,Surface,3.224,58.836,140.688,,,24.28,193.766,0.86,Running,1,10,89.07,16.94,233,222.626,,,,,,,,,
2026-05-02 13:00:00,hourly,DMS-01,DMS Drum 01,DMS Drum,Surface,3.015,58.473,135.098,,,27.458,218.587,0.77,Running,1,4,88.7,14.98,232,209.278,,,,,,,,,
2026-05-02 14:00:00,hourly,DMS-01,DMS Drum 01,DMS Drum,Surface,3.194,56.184,126.134,,,24.669,195.555,0.68,Running,1,11,85.93,21.47,230,199.139,,,,,,,,,
2026-05-02 15:00:00,hourly,DMS-01,DMS Drum 01,DMS Drum,Surface,2.659,57.214,110.566,,,24.949,219.384,0.76,Running,0,7,88.06,15.99,232,201.079,,,,,,,,,
2026-05-02 16:00:00,hourly,DMS-01,DMS Drum 01,DMS Drum,Surface,2.898,58.216,138.05,,,25.957,211.222,0.82,Running,1,15,89.76,14.39,230,233.395,,,,,,,,,
2026-05-02 17:00:00,hourly,DMS-01,DMS Drum 01,DMS Drum,Surface,2.762,55.669,140.712,,,27.613,203.967,0.69,Running,1,13,88.66,17.48,230,202.746,,,,,,,,,
2026-05-02 18:00:00,hourly,DMS-01,DMS Drum 01,DMS Drum,Surface,2.76,55.886,123.463,,,24.714,215.57,0.95,Running,0,14,84.86,20.98,232,201.834,,,,,,,,,
2026-05-02 19:00:00,hourly,DMS-01,DMS Drum 01,DMS Drum,Surface,2.54,54.408,141.162,,,22.738,226.407,0.92,Running,0,9,88.54,15.19,229,203.76,,,,,,,,,
2026-05-02 20:00:00,hourly,DMS-01,DMS Drum 01,DMS Drum,Surface,2.938,59.425,116.502,,,24.893,187.73,0.89,Running,1,2,85.5,20.17,227,206.438,,,,,,,,,
2026-05-02 21:00:00,hourly,DMS-01,DMS Drum 01,DMS Drum,Surface,3.145,61.305,130.383,,,22.937,223.886,0.83,Running,1,8,87.82,18.83,233,204.517,,,,,,,,,
2026-05-02 22:00:00,hourly,DMS-01,DMS Drum 01,DMS Drum,Surface,3.223,55.902,127.103,,,24.365,200.69,0.72,Running,1,6,86.26,19.9,225,218.139,,,,,,,,,
2026-05-02 23:00:00,hourly,DMS-01,DMS Drum 01,DMS Drum,Surface,2.666,58.285,118.991,,,26.781,227.321,0.75,Running,0,5,88.08,12.39,234,211.66,,,,,,,,,
2026-05-03 00:00:00,hourly,DMS-01,DMS Drum 01,DMS Drum,Surface,2.805,59.567,126.607,,,24.022,220.64,0.93,Running,1,7,86.35,17.66,228,201.978,,,,,,,,,
2026-05-03 01:00:00,hourly,DMS-01,DMS Drum 01,DMS Drum,Surface,2.742,54.979,128.146,,,23.728,196.788,0.76,Running,1,0,85.73,18.55,232,220.36,,,,,,,,,
2026-05-03 02:00:00,hourly,DMS-01,DMS Drum 01,DMS Drum,Surface,2.726,57.862,120.039,,,26.013,203.263,0.82,Running,1,6,87.89,18.12,234,214.191,,,,,,,,,
2026-05-03 03:00:00,hourly,DMS-01,DMS Drum 01,DMS Drum,Surface,2.85,59.726,133.098,,,24.721,216.016,0.8,Running,0,6,87.56,13.59,228,228.828,,,,,,,,,
2026-05-03 04:00:00,hourly,DMS-01,DMS Drum 01,DMS Drum,Surface,2.926,56.708,123.606,,,26.435,221.618,0.81,Running,0,10,88.67,16.42,232,214.684,,,,,,,,,
2026-05-03 05:00:00,hourly,DMS-01,DMS Drum 01,DMS Drum,Surface,2.852,57.064,125.868,,,24.647,215.972,0.81,Running,1,4,86.49,20.19,231,208.465,,,,,,,,,
2026-05-03 06:00:00,hourly,DMS-01,DMS Drum 01,DMS Drum,Surface,2.587,59.845,138.516,,,25.756,214.943,0.8,Running,1,5,84.9,22.41,229,207.413,,,,,,,,,
2026-05-03 07:00:00,hourly,DMS-01,DMS Drum 01,DMS Drum,Surface,3.155,56.42,123.812,,,23.131,202.6,0.78,Running,1,3,88.39,16.09,230,212.298,,,,,,,,,
2026-05-03 08:00:00,hourly,DMS-01,DMS Drum 01,DMS Drum,Surface,2.965,56.138,112.567,,,23.86,210.675,0.79,Running,0,4,89.6,11.33,226,215.407,,,,,,,,,
2026-05-03 09:00:00,hourly,DMS-01,DMS Drum 01,DMS Drum,Surface,3.017,56.882,126.643,,,24.76,209.393,0.8,Running,1,2,86.35,18.6,234,210.244,,,,,,,,,
2026-05-03 10:00:00,hourly,DMS-01,DMS Drum 01,DMS Drum,Surface,3.031,60.698,129.172,,,24.497,192.263,0.74,Running,0,14,88.03,19.71,227,204.106,,,,,,,,,
2026-05-03 11:00:00,hourly,DMS-01,DMS Drum 01,DMS Drum,Surface,3.071,58.76,126.725,,,27.979,214.306,0.71,Running,0,10,86.74,17.38,224,219.053,,,,,,,,,
2026-05-03 12:00:00,hourly,DMS-01,DMS Drum 01,DMS Drum,Surface,2.96,58.273,134.443,,,26.2,205.88,0.79,Running,1,19,90.31,17.93,225,216.347,,,,,,,,,
2026-05-03 13:00:00,hourly,DMS-01,DMS Drum 01,DMS Drum,Surface,2.724,58.255,131.227,,,26.168,226.799,0.75,Running,1,6,86.36,20.72,230,210.549,,,,,,,,,
2026-05-03 14:00:00,hourly,DMS-01,DMS Drum 01,DMS Drum,Surface,3.288,55.139,124.235,,,24.775,224.328,0.81,Running,0,11,87.11,17.76,222,219.649,,,,,,,,,
2026-05-03 15:00:00,hourly,DMS-01,DMS Drum 01,DMS Drum,Surface,3.078,58.336,133.312,,,23.308,212.506,0.73,Running,0,2,83.93,22.95,233,209.226,,,,,,,,,
2026-05-03 16:00:00,hourly,DMS-01,DMS Drum 01,DMS Drum,Surface,2.709,56.471,131.687,,,26.988,223.549,0.67,Running,0,12,89.67,15.22,231,210.469,,,,,,,,,
2026-05-03 17:00:00,hourly,DMS-01,DMS Drum 01,DMS Drum,Surface,2.713,56.921,131.481,,,23.034,217.685,0.94,Running,0,6,86.28,18.06,221,219.144,,,,,,,,,
2026-05-03 18:00:00,hourly,DMS-01,DMS Drum 01,DMS Drum,Surface,3.403,56.826,127.335,,,24.319,210.038,0.77,Running,1,5,89.19,14.3,228,221.519,,,,,,,,,
2026-05-03 19:00:00,hourly,DMS-01,DMS Drum 01,DMS Drum,Surface,2.887,59.094,130.457,,,25.667,193.321,0.64,Running,1,17,86.02,23.55,221,219.457,,,,,,,,,
2026-05-03 20:00:00,hourly,DMS-01,DMS Drum 01,DMS Drum,Surface,2.763,60.788,129.228,,,28.109,208.399,0.88,Running,1,15,86.95,21.25,222,199.61,,,,,,,,,
2026-05-03 21:00:00,hourly,DMS-01,DMS Drum 01,DMS Drum,Surface,2.799,55.581,126.368,,,27.067,206.312,0.78,Running,0,3,85.81,19.11,223,215.58,,,,,,,,,
2026-05-03 22:00:00,hourly,DMS-01,DMS Drum 01,DMS Drum,Surface,3.035,59.358,131.83,,,25.726,208.994,0.81,Running,1,7,85.55,18.67,221,210.931,,,,,,,,,
2026-05-03 23:00:00,hourly,DMS-01,DMS Drum 01,DMS Drum,Surface,2.813,57.049,132.378,,,27.557,207.579,0.83,Running,0,12,86.56,15.63,227,215.811,,,,,,,,,
2026-05-04 00:00:00,hourly,DMS-01,DMS Drum 01,DMS Drum,Surface,2.959,58.841,132.387,,,24.385,223.57,0.89,Running,1,7,86.79,22.81,225,235.859,,,,,,,,,
2026-05-04 01:00:00,hourly,DMS-01,DMS Drum 01,DMS Drum,Surface,3.482,57.974,132.812,,,25.518,224.9,0.84,Running,1,10,86.41,21.08,225,207.386,,,,,,,,,
2026-05-04 02:00:00,hourly,DMS-01,DMS Drum 01,DMS Drum,Surface,2.551,56.241,112.75,,,26.728,204.479,0.7,Running,1,13,84.54,24.14,224,210.645,,,,,,,,,
2026-05-04 03:00:00,hourly,DMS-01,DMS Drum 01,DMS Drum,Surface,2.831,56.214,134.834,,,23.294,194.446,0.72,Running,0,12,87.41,16.54,221,202.463,,,,,,,,,
2026-05-04 04:00:00,hourly,DMS-01,DMS Drum 01,DMS Drum,Surface,2.943,57.01,121.761,,,25.428,198.696,0.7,Running,1,12,83.81,21.45,221,207.66,,,,,,,,,
2026-05-04 05:00:00,hourly,DMS-01,DMS Drum 01,DMS Drum,Surface,2.506,58.103,136.356,,,25.507,225.249,0.77,Running,1,6,86.38,17.22,227,200.865,,,,,,,,,
2026-05-04 06:00:00,hourly,DMS-01,DMS Drum 01,DMS Drum,Surface,3.053,58.369,118.998,,,25.469,221.836,0.84,Running,0,0,84.38,15.55,221,195.33,,,,,,,,,
2026-05-04 07:00:00,hourly,DMS-01,DMS Drum 01,DMS Drum,Surface,3.144,63.073,139.601,,,23.724,196.681,0.75,Running,0,8,88.33,14.59,228,182.977,,,,,,,,,
2026-05-04 08:00:00,hourly,DMS-01,DMS Drum 01,DMS Drum,Surface,2.597,58.471,113.247,,,25.499,192.758,0.76,Running,1,7,88.84,16.26,220,200.625,,,,,,,,,
2026-05-04 09:00:00,hourly,DMS-01,DMS Drum 01,DMS Drum,Surface,2.911,54.975,130.802,,,25.329,203.269,0.76,Running,1,15,87.8,17.58,222,201.594,,,,,,,,,
2026-05-04 10:00:00,hourly,DMS-01,DMS Drum 01,DMS Drum,Surface,2.974,59.835,125.985,,,24.315,231.918,0.77,Running,0,10,86.07,18.26,223,209.545,,,,,,,,,
2026-05-04 11:00:00,hourly,DMS-01,DMS Drum 01,DMS Drum,Surface,3.069,58.582,131.795,,,25.911,215.403,0.87,Running,1,6,85.63,21.42,226,202.822,,,,,,,,,
2026-05-04 12:00:00,hourly,DMS-01,DMS Drum 01,DMS Drum,Surface,3.572,57.144,140.635,,,26.595,207.54,0.79,Running,1,2,86.4,17.7,225,224.831,,,,,,,,,
2026-05-04 13:00:00,hourly,DMS-01,DMS Drum 01,DMS Drum,Surface,2.754,55.35,130.219,,,24.13,208.872,0.9,Running,1,7,86.7,20.16,222,213.555,,,,,,,,,
2026-05-04 14:00:00,hourly,DMS-01,DMS Drum 01,DMS Drum,Surface,3.061,56.929,135.145,,,25.568,187.808,0.77,Running,1,9,87.54,18.96,221,220.773,,,,,,,,,
2026-05-04 15:00:00,hourly,DMS-01,DMS Drum 01,DMS Drum,Surface,2.902,59.687,139.317,,,26.631,206.885,0.82,Running,1,8,87.39,19.3,217,224.151,,,,,,,,,
2026-05-04 16:00:00,hourly,DMS-01,DMS Drum 01,DMS Drum,Surface,2.861,58.413,124.247,,,26.652,225.274,0.8,Running,1,2,83.47,23.29,220,229.81,,,,,,,,,
2026-05-04 17:00:00,hourly,DMS-01,DMS Drum 01,DMS Drum,Surface,2.937,60.046,131.12,,,24.787,205.664,0.84,Running,1,0,87.77,15.49,229,224.018,,,,,,,,,
2026-05-04 18:00:00,hourly,DMS-01,DMS Drum 01,DMS Drum,Surface,3.032,59.948,138.169,,,26.259,207.471,0.86,Running,1,2,87.31,15.38,216,198.027,,,,,,,,,
2026-05-04 19:00:00,hourly,DMS-01,DMS Drum 01,DMS Drum,Surface,2.936,57.864,131.068,,,24.681,214.354,0.82,Running,1,0,85.43,16.06,218,222.433,,,,,,,,,
2026-05-04 20:00:00,hourly,DMS-01,DMS Drum 01,DMS Drum,Surface,3.0,51.491,124.499,,,25.953,196.919,1.0,Running,1,3,85.11,22.36,214,214.893,,,,,,,,,
2026-05-04 21:00:00,hourly,DMS-01,DMS Drum 01,DMS Drum,Surface,2.915,55.762,132.216,,,24.085,214.408,0.94,Running,0,7,86.74,15.19,217,229.263,,,,,,,,,
2026-05-04 22:00:00,hourly,DMS-01,DMS Drum 01,DMS Drum,Surface,2.71,54.55,129.421,,,23.146,200.483,0.77,Running,1,14,86.91,18.05,215,210.778,,,,,,,,,
2026-05-04 23:00:00,hourly,DMS-01,DMS Drum 01,DMS Drum,Surface,3.133,60.175,132.188,,,25.611,204.429,0.92,Running,1,0,84.84,21.65,214,226.444,,,,,,,,,
2026-05-05 00:00:00,hourly,DMS-01,DMS Drum 01,DMS Drum,Surface,3.182,58.461,124.93,,,26.027,205.886,0.91,Running,1,2,86.68,16.5,220,211.823,,,,,,,,,
2026-05-05 01:00:00,hourly,DMS-01,DMS Drum 01,DMS Drum,Surface,3.171,57.074,130.33,,,25.818,205.898,0.71,Running,0,9,86.87,18.14,222,212.385,,,,,,,,,
2026-05-05 02:00:00,hourly,DMS-01,DMS Drum 01,DMS Drum,Surface,3.098,56.497,127.664,,,23.99,211.659,0.65,Running,0,5,87.93,17.54,220,219.757,,,,,,,,,
2026-05-05 03:00:00,hourly,DMS-01,DMS Drum 01,DMS Drum,Surface,2.75,59.548,125.184,,,22.003,209.554,0.83,Running,1,8,86.36,18.55,214,206.033,,,,,,,,,
2026-05-05 04:00:00,hourly,DMS-01,DMS Drum 01,DMS Drum,Surface,2.708,55.783,137.822,,,26.018,208.258,0.81,Running,1,12,83.28,24.34,211,218.179,,,,,,,,,
2026-05-05 05:00:00,hourly,DMS-01,DMS Drum 01,DMS Drum,Surface,3.157,55.04,125.064,,,26.72,211.908,0.62,Running,0,5,86.91,17.44,210,189.186,,,,,,,,,
2026-05-05 06:00:00,hourly,DMS-01,DMS Drum 01,DMS Drum,Surface,2.648,54.879,123.379,,,22.696,199.557,0.83,Running,1,16,83.78,22.15,213,217.219,,,,,,,,,
2026-05-05 07:00:00,hourly,DMS-01,DMS Drum 01,DMS Drum,Surface,2.773,57.701,120.367,,,24.603,184.561,0.82,Running,0,19,85.11,19.07,213,192.649,,,,,,,,,
2026-05-05 08:00:00,hourly,DMS-01,DMS Drum 01,DMS Drum,Surface,3.453,55.949,128.225,,,23.845,210.355,0.77,Running,1,3,84.29,21.73,215,218.219,,,,,,,,,
2026-05-05 09:00:00,hourly,DMS-01,DMS Drum 01,DMS Drum,Surface,3.06,59.394,127.618,,,25.264,202.212,0.94,Running,0,11,87.22,17.9,218,166.773,,,,,,,,,
2026-05-05 10:00:00,hourly,DMS-01,DMS Drum 01,DMS Drum,Surface,2.977,57.469,133.746,,,26.572,215.922,0.8,Running,1,18,84.68,19.61,215,185.062,,,,,,,,,
2026-05-05 11:00:00,hourly,DMS-01,DMS Drum 01,DMS Drum,Surface,2.495,54.828,120.077,,,24.688,203.847,0.79,Running,0,13,88.0,17.66,223,211.211,,,,,,,,,
2026-05-05 12:00:00,hourly,DMS-01,DMS Drum 01,DMS Drum,Surface,2.778,57.015,116.912,,,24.36,187.701,0.82,Running,0,4,84.53,16.73,226,211.461,,,,,,,,,
2026-05-05 13:00:00,hourly,DMS-01,DMS Drum 01,DMS Drum,Surface,3.14,55.612,115.726,,,25.437,209.041,0.71,Running,0,8,83.14,25.77,216,206.942,,,,,,,,,
2026-05-05 14:00:00,hourly,DMS-01,DMS Drum 01,DMS Drum,Surface,2.584,57.221,131.908,,,22.418,223.102,0.74,Running,0,0,85.79,17.06,208,220.597,,,,,,,,,
2026-05-05 15:00:00,hourly,DMS-01,DMS Drum 01,DMS Drum,Surface,3.037,59.527,135.964,,,25.972,214.242,0.59,Running,1,6,84.2,24.2,214,223.543,,,,,,,,,
2026-05-05 16:00:00,hourly,DMS-01,DMS Drum 01,DMS Drum,Surface,2.609,57.159,135.4,,,26.236,193.445,0.85,Running,1,5,88.41,17.46,214,245.925,,,,,,,,,
2026-05-05 17:00:00,hourly,DMS-01,DMS Drum 01,DMS Drum,Surface,2.791,56.182,125.224,,,24.972,202.992,0.89,Running,1,12,85.2,22.74,218,211.112,,,,,,,,,
2026-05-05 18:00:00,hourly,DMS-01,DMS Drum 01,DMS Drum,Surface,2.564,58.292,129.652,,,24.438,204.541,0.84,Running,0,2,88.12,14.38,210,224.984,,,,,,,,,
2026-05-05 19:00:00,hourly,DMS-01,DMS Drum 01,DMS Drum,Surface,2.965,56.637,113.02,,,24.628,208.298,0.83,Running,0,8,85.76,19.52,208,198.905,,,,,,,,,
2026-05-05 20:00:00,hourly,DMS-01,DMS Drum 01,DMS Drum,Surface,2.534,58.464,140.079,,,24.632,203.466,0.81,Running,0,9,86.81,19.06,216,202.853,,,,,,,,,
2026-05-05 21:00:00,hourly,DMS-01,DMS Drum 01,DMS Drum,Surface,2.922,58.071,136.858,,,24.896,189.44,0.94,Running,1,6,85.37,21.34,212,199.021,,,,,,,,,
2026-05-05 22:00:00,hourly,DMS-01,DMS Drum 01,DMS Drum,Surface,3.096,55.447,135.095,,,23.092,208.868,0.81,Running,1,10,90.0,15.67,212,208.977,,,,,,,,,
2026-05-05 23:00:00,hourly,DMS-01,DMS Drum 01,DMS Drum,Surface,2.991,54.956,122.49,,,25.461,227.711,0.89,Running,1,7,84.35,23.22,210,213.648,,,,,,,,,
2026-05-06 00:00:00,hourly,DMS-01,DMS Drum 01,DMS Drum,Surface,3.055,56.748,126.235,,,24.523,202.685,0.88,Running,1,13,81.28,27.16,212,225.113,,,,,,,,,
2026-05-06 01:00:00,hourly,DMS-01,DMS Drum 01,DMS Drum,Surface,2.998,58.232,127.456,,,24.989,195.608,0.71,Running,1,1,86.56,19.79,214,215.371,,,,,,,,,
2026-05-06 02:00:00,hourly,DMS-01,DMS Drum 01,DMS Drum,Surface,2.923,60.741,140.695,,,24.27,227.631,0.87,Running,1,5,84.49,23.08,204,229.25,,,,,,,,,
2026-05-06 03:00:00,hourly,DMS-01,DMS Drum 01,DMS Drum,Surface,2.928,55.301,135.8,,,25.42,233.591,0.73,Running,0,12,86.44,19.03,213,229.484,,,,,,,,,
2026-05-06 04:00:00,hourly,DMS-01,DMS Drum 01,DMS Drum,Surface,3.015,55.534,127.497,,,26.558,205.652,0.77,Running,1,0,85.98,21.92,216,211.109,,,,,,,,,
2026-05-06 05:00:00,hourly,DMS-01,DMS Drum 01,DMS Drum,Surface,2.683,59.298,132.905,,,25.213,213.401,0.8,Running,0,12,85.23,20.53,214,209.09,,,,,,,,,
2026-05-06 06:00:00,hourly,DMS-01,DMS Drum 01,DMS Drum,Surface,2.851,57.805,122.438,,,22.998,213.202,0.92,Running,0,5,85.41,17.05,221,189.206,,,,,,,,,
2026-05-06 07:00:00,hourly,DMS-01,DMS Drum 01,DMS Drum,Surface,3.434,57.097,119.132,,,24.967,221.224,0.76,Running,0,0,86.7,21.12,211,202.959,,,,,,,,,
2026-05-06 08:00:00,hourly,DMS-01,DMS Drum 01,DMS Drum,Surface,3.063,58.715,128.351,,,25.213,197.158,0.84,Running,0,6,85.44,21.31,212,199.234,,,,,,,,,
2026-05-06 09:00:00,hourly,DMS-01,DMS Drum 01,DMS Drum,Surface,3.247,59.798,120.878,,,24.896,210.209,0.69,Running,0,11,85.76,19.64,217,199.849,,,,,,,,,
2026-05-06 10:00:00,hourly,DMS-01,DMS Drum 01,DMS Drum,Surface,3.029,59.414,117.003,,,24.042,197.492,0.8,Running,0,20,85.19,20.96,212,204.638,,,,,,,,,
2026-05-06 11:00:00,hourly,DMS-01,DMS Drum 01,DMS Drum,Surface,2.772,56.11,129.085,,,24.906,214.72,0.78,Running,0,16,88.57,19.01,217,217.942,,,,,,,,,
2026-05-06 12:00:00,hourly,DMS-01,DMS Drum 01,DMS Drum,Surface,2.875,58.281,127.006,,,25.97,228.737,0.92,Running,1,3,88.05,16.94,214,214.64,,,,,,,,,
2026-05-06 13:00:00,hourly,DMS-01,DMS Drum 01,DMS Drum,Surface,2.53,59.598,121.805,,,24.605,214.585,0.76,Running,1,16,83.58,26.03,212,224.422,,,,,,,,,
2026-05-06 14:00:00,hourly,DMS-01,DMS Drum 01,DMS Drum,Surface,3.279,56.903,126.071,,,26.616,200.39,0.69,Running,1,6,85.92,20.66,211,215.976,,,,,,,,,
2026-05-06 15:00:00,hourly,DMS-01,DMS Drum 01,DMS Drum,Surface,3.164,58.166,131.53,,,24.179,222.542,0.78,Running,1,5,84.59,20.84,210,202.314,,,,,,,,,
2026-05-06 16:00:00,hourly,DMS-01,DMS Drum 01,DMS Drum,Surface,2.749,56.345,127.306,,,23.722,203.266,0.77,Running,1,13,83.89,19.94,210,221.197,,,,,,,,,
2026-05-06 17:00:00,hourly,DMS-01,DMS Drum 01,DMS Drum,Surface,3.133,55.652,129.873,,,24.681,216.285,0.84,Running,1,12,80.74,27.14,207,191.412,,,,,,,,,
2026-05-06 18:00:00,hourly,DMS-01,DMS Drum 01,DMS Drum,Surface,3.112,58.254,127.71,,,22.519,201.29,0.92,Running,1,11,85.32,23.18,213,224.288,,,,,,,,,
2026-05-06 19:00:00,hourly,DMS-01,DMS Drum 01,DMS Drum,Surface,2.969,59.225,141.017,,,24.948,194.67,0.79,Running,0,0,85.43,19.27,217,199.892,,,,,,,,,
2026-05-06 20:00:00,hourly,DMS-01,DMS Drum 01,DMS Drum,Surface,3.065,58.926,138.218,,,24.56,201.5,0.85,Running,0,3,87.98,17.57,202,178.476,,,,,,,,,
2026-05-06 21:00:00,hourly,DMS-01,DMS Drum 01,DMS Drum,Surface,3.088,54.939,129.734,,,25.782,178.19,0.81,Running,1,4,87.46,20.62,214,218.245,,,,,,,,,
2026-05-06 22:00:00,hourly,DMS-01,DMS Drum 01,DMS Drum,Surface,3.044,59.979,123.191,,,22.906,197.62,0.86,Running,1,8,86.56,15.27,210,206.3,,,,,,,,,
2026-05-06 23:00:00,hourly,DMS-01,DMS Drum 01,DMS Drum,Surface,2.989,58.595,125.011,,,25.875,236.327,0.74,Running,0,11,86.93,19.09,213,227.077,,,,,,,,,
2026-05-07 00:00:00,hourly,DMS-01,DMS Drum 01,DMS Drum,Surface,2.973,59.638,119.901,,,25.142,176.806,0.82,Running,1,16,87.1,19.17,206,224.114,,,,,,,,,
2026-05-07 01:00:00,hourly,DMS-01,DMS Drum 01,DMS Drum,Surface,2.817,55.736,123.365,,,26.859,191.791,0.89,Running,0,3,86.5,19.62,208,196.833,,,,,,,,,
2026-05-07 02:00:00,hourly,DMS-01,DMS Drum 01,DMS Drum,Surface,3.171,59.108,133.63,,,24.752,231.544,0.76,Running,0,11,87.91,13.51,213,231.967,,,,,,,,,
2026-05-07 03:00:00,hourly,DMS-01,DMS Drum 01,DMS Drum,Surface,3.429,58.73,124.806,,,25.365,199.136,0.8,Running,1,7,83.65,21.37,208,184.268,,,,,,,,,
2026-05-07 04:00:00,hourly,DMS-01,DMS Drum 01,DMS Drum,Surface,2.685,55.117,127.743,,,25.717,205.814,0.81,Running,1,7,84.88,16.99,211,217.162,,,,,,,,,
2026-05-07 05:00:00,hourly,DMS-01,DMS Drum 01,DMS Drum,Surface,2.963,58.364,137.245,,,22.515,210.475,0.7,Running,1,7,84.64,18.87,205,230.603,,,,,,,,,
2026-05-07 06:00:00,hourly,DMS-01,DMS Drum 01,DMS Drum,Surface,2.798,55.572,132.853,,,26.288,190.885,0.87,Running,1,11,84.74,23.05,207,196.444,,,,,,,,,
2026-05-07 07:00:00,hourly,DMS-01,DMS Drum 01,DMS Drum,Surface,3.087,57.565,129.471,,,24.8,223.193,0.77,Running,0,11,85.37,19.83,209,240.235,,,,,,,,,
2026-05-07 08:00:00,hourly,DMS-01,DMS Drum 01,DMS Drum,Surface,3.058,61.944,128.196,,,23.429,209.226,0.81,Running,0,12,88.2,18.16,209,212.942,,,,,,,,,
2026-05-07 09:00:00,hourly,DMS-01,DMS Drum 01,DMS Drum,Surface,2.988,58.094,127.616,,,24.863,203.058,0.87,Running,0,7,87.0,19.72,210,215.896,,,,,,,,,
2026-05-07 10:00:00,hourly,DMS-01,DMS Drum 01,DMS Drum,Surface,2.815,57.33,135.528,,,26.359,222.01,0.87,Running,0,6,87.51,15.24,205,227.125,,,,,,,,,
2026-05-07 11:00:00,hourly,DMS-01,DMS Drum 01,DMS Drum,Surface,2.843,54.73,131.102,,,24.542,194.718,0.72,Running,0,4,85.41,20.76,206,216.541,,,,,,,,,
2026-05-07 12:00:00,hourly,DMS-01,DMS Drum 01,DMS Drum,Surface,2.775,58.104,127.228,,,25.078,211.152,0.85,Running,0,10,85.32,17.38,210,192.143,,,,,,,,,
2026-05-07 13:00:00,hourly,DMS-01,DMS Drum 01,DMS Drum,Surface,2.545,57.268,120.114,,,22.551,198.518,0.9,Running,0,9,86.42,19.55,212,165.665,,,,,,,,,
2026-05-07 14:00:00,hourly,DMS-01,DMS Drum 01,DMS Drum,Surface,3.253,53.74,132.417,,,23.926,195.634,0.76,Running,0,4,86.17,20.21,202,197.038,,,,,,,,,
2026-05-07 15:00:00,hourly,DMS-01,DMS Drum 01,DMS Drum,Surface,3.119,55.49,131.442,,,25.801,234.736,0.88,Running,1,2,86.15,18.93,210,198.283,,,,,,,,,
2026-05-07 16:00:00,hourly,DMS-01,DMS Drum 01,DMS Drum,Surface,3.269,59.258,117.976,,,26.222,212.223,0.85,Running,0,5,89.15,11.82,202,197.433,,,,,,,,,
2026-05-07 17:00:00,hourly,DMS-01,DMS Drum 01,DMS Drum,Surface,2.876,60.023,127.977,,,25.204,222.087,0.86,Running,1,12,86.36,16.11,206,201.86,,,,,,,,,
2026-05-07 18:00:00,hourly,DMS-01,DMS Drum 01,DMS Drum,Surface,3.077,57.713,131.411,,,25.652,204.482,0.89,Running,0,22,84.15,27.28,206,170.853,,,,,,,,,
2026-05-07 19:00:00,hourly,DMS-01,DMS Drum 01,DMS Drum,Surface,2.757,59.497,127.244,,,24.47,198.377,0.75,Running,0,2,84.26,23.27,203,194.041,,,,,,,,,
2026-05-07 20:00:00,hourly,DMS-01,DMS Drum 01,DMS Drum,Surface,2.824,57.644,141.779,,,24.975,173.33,0.74,Running,0,11,86.72,18.04,204,218.378,,,,,,,,,
2026-05-07 21:00:00,hourly,DMS-01,DMS Drum 01,DMS Drum,Surface,3.453,56.147,139.777,,,23.677,206.931,0.91,Running,1,12,86.58,20.71,197,225.325,,,,,,,,,
2026-05-07 22:00:00,hourly,DMS-01,DMS Drum 01,DMS Drum,Surface,2.872,61.769,120.26,,,24.361,190.84,0.79,Running,0,16,86.9,21.28,207,200.538,,,,,,,,,
2026-05-07 23:00:00,hourly,DMS-01,DMS Drum 01,DMS Drum,Surface,3.189,54.907,127.364,,,24.915,211.878,0.7,Running,0,11,86.15,21.81,203,220.414,,,,,,,,,
2026-05-08 00:00:00,hourly,DMS-01,DMS Drum 01,DMS Drum,Surface,3.022,58.397,135.891,,,23.073,195.237,0.81,Running,1,7,83.64,22.52,203,174.498,,,,,,,,,
2026-05-08 01:00:00,hourly,DMS-01,DMS Drum 01,DMS Drum,Surface,2.628,56.36,128.532,,,27.822,216.369,0.81,Running,1,10,87.74,16.5,201,214.536,,,,,,,,,
2026-05-08 02:00:00,hourly,DMS-01,DMS Drum 01,DMS Drum,Surface,2.931,57.203,134.282,,,24.103,235.461,0.84,Running,1,0,87.41,19.22,206,227.345,,,,,,,,,
2026-05-08 03:00:00,hourly,DMS-01,DMS Drum 01,DMS Drum,Surface,3.054,60.621,124.595,,,25.2,244.676,0.79,Running,0,3,84.63,21.05,204,217.983,,,,,,,,,
2026-05-08 04:00:00,hourly,DMS-01,DMS Drum 01,DMS Drum,Surface,3.134,57.69,118.149,,,23.447,214.616,0.96,Running,1,4,85.81,22.26,198,210.398,,,,,,,,,
2026-05-08 05:00:00,hourly,DMS-01,DMS Drum 01,DMS Drum,Surface,2.535,56.993,133.998,,,21.319,210.637,0.75,Running,0,5,85.51,20.52,202,175.068,,,,,,,,,
2026-05-08 06:00:00,hourly,DMS-01,DMS Drum 01,DMS Drum,Surface,2.733,56.574,126.827,,,27.002,202.366,0.66,Running,0,0,84.6,23.15,198,237.245,,,,,,,,,
2026-05-08 07:00:00,hourly,DMS-01,DMS Drum 01,DMS Drum,Surface,3.039,58.682,147.207,,,25.014,201.405,0.7,Running,1,7,83.32,25.44,202,237.957,,,,,,,,,
2026-05-08 08:00:00,hourly,DMS-01,DMS Drum 01,DMS Drum,Surface,2.74,55.818,135.748,,,22.338,199.765,0.76,Running,0,4,86.07,16.9,205,220.601,,,,,,,,,
2026-05-08 09:00:00,hourly,DMS-01,DMS Drum 01,DMS Drum,Surface,3.258,57.8,121.754,,,23.715,228.584,0.86,Running,1,8,82.75,24.44,202,229.44,,,,,,,,,
2026-05-08 10:00:00,hourly,DMS-01,DMS Drum 01,DMS Drum,Surface,2.951,57.368,133.896,,,27.428,206.095,0.8,Running,1,12,84.16,24.47,203,210.827,,,,,,,,,
2026-05-08 11:00:00,hourly,DMS-01,DMS Drum 01,DMS Drum,Surface,3.083,56.139,128.695,,,25.524,236.727,0.85,Running,0,1,87.84,15.41,205,221.462,,,,,,,,,
2026-05-08 12:00:00,hourly,DMS-01,DMS Drum 01,DMS Drum,Surface,3.278,54.908,132.876,,,21.849,199.663,0.77,Running,1,5,85.75,18.86,198,222.557,,,,,,,,,
2026-05-08 13:00:00,hourly,DMS-01,DMS Drum 01,DMS Drum,Surface,2.676,57.697,124.14,,,24.33,209.123,0.85,Running,1,8,85.67,22.46,199,209.925,,,,,,,,,
2026-05-08 14:00:00,hourly,DMS-01,DMS Drum 01,DMS Drum,Surface,3.079,56.928,131.396,,,24.725,195.599,0.69,Running,1,0,84.57,24.66,193,199.243,,,,,,,,,
2026-05-08 15:00:00,hourly,DMS-01,DMS Drum 01,DMS Drum,Surface,3.001,58.064,136.633,,,25.574,217.21,0.83,Running,1,7,82.53,17.42,199,223.074,,,,,,,,,
2026-05-08 16:00:00,hourly,DMS-01,DMS Drum 01,DMS Drum,Surface,3.008,53.522,134.983,,,24.933,208.394,0.87,Running,1,10,85.67,22.46,198,237.13,,,,,,,,,
2026-05-08 17:00:00,hourly,DMS-01,DMS Drum 01,DMS Drum,Surface,2.915,56.772,136.895,,,22.862,210.432,0.74,Running,1,9,85.79,15.25,203,228.22,,,,,,,,,
2026-05-08 18:00:00,hourly,DMS-01,DMS Drum 01,DMS Drum,Surface,3.008,59.268,151.051,,,24.182,207.12,0.95,Running,0,1,86.24,19.14,202,215.61,,,,,,,,,
2026-05-08 19:00:00,hourly,DMS-01,DMS Drum 01,DMS Drum,Surface,2.268,54.517,125.98,,,23.854,217.523,0.67,Running,0,7,84.32,19.18,205,214.537,,,,,,,,,
2026-05-08 20:00:00,hourly,DMS-01,DMS Drum 01,DMS Drum,Surface,3.269,61.215,141.893,,,25.841,218.894,0.87,Running,1,15,84.28,20.91,197,215.346,,,,,,,,,
2026-05-08 21:00:00,hourly,DMS-01,DMS Drum 01,DMS Drum,Surface,2.65,58.346,131.332,,,24.29,220.826,0.89,Running,1,0,85.82,20.06,201,178.863,,,,,,,,,
2026-05-08 22:00:00,hourly,DMS-01,DMS Drum 01,DMS Drum,Surface,3.397,57.389,126.56,,,24.276,199.57,0.75,Running,0,10,82.88,25.02,202,209.368,,,,,,,,,
2026-05-08 23:00:00,hourly,DMS-01,DMS Drum 01,DMS Drum,Surface,2.744,57.866,129.227,,,24.628,214.715,0.84,Running,1,0,86.18,22.21,208,207.84,,,,,,,,,
2026-05-09 00:00:00,hourly,DMS-01,DMS Drum 01,DMS Drum,Surface,2.734,56.044,135.605,,,23.906,204.9,0.75,Running,1,6,84.6,18.87,200,193.966,,,,,,,,,
2026-05-09 01:00:00,hourly,DMS-01,DMS Drum 01,DMS Drum,Surface,3.07,60.363,126.715,,,26.751,226.817,0.84,Running,1,5,85.31,22.88,198,225.634,,,,,,,,,
2026-05-09 02:00:00,hourly,DMS-01,DMS Drum 01,DMS Drum,Surface,3.038,58.009,115.581,,,26.287,213.847,0.8,Running,0,8,88.51,15.52,198,214.825,,,,,,,,,
2026-05-09 03:00:00,hourly,DMS-01,DMS Drum 01,DMS Drum,Surface,3.081,57.798,135.186,,,26.343,214.486,0.82,Running,1,7,84.37,21.37,200,174.245,,,,,,,,,
2026-05-09 04:00:00,hourly,DMS-01,DMS Drum 01,DMS Drum,Surface,3.06,59.581,130.908,,,23.459,207.567,0.77,Running,1,2,85.01,24.39,203,214.177,,,,,,,,,
2026-05-09 05:00:00,hourly,DMS-01,DMS Drum 01,DMS Drum,Surface,2.94,58.414,125.69,,,25.362,201.132,0.77,Running,1,18,84.81,22.94,196,228.764,,,,,,,,,
2026-05-09 06:00:00,hourly,DMS-01,DMS Drum 01,DMS Drum,Surface,2.886,56.39,120.504,,,25.885,211.78,0.76,Running,1,10,81.58,22.42,194,202.558,,,,,,,,,
2026-05-09 07:00:00,hourly,DMS-01,DMS Drum 01,DMS Drum,Surface,3.115,57.621,132.186,,,23.707,225.603,0.87,Running,1,13,85.71,19.85,207,196.557,,,,,,,,,
2026-05-09 08:00:00,hourly,DMS-01,DMS Drum 01,DMS Drum,Surface,2.809,58.766,138.382,,,23.53,201.676,0.95,Running,1,3,80.97,25.15,192,192.862,,,,,,,,,
2026-05-09 09:00:00,hourly,DMS-01,DMS Drum 01,DMS Drum,Surface,3.004,57.802,123.077,,,23.747,226.752,1.0,Running,0,6,85.9,18.86,200,212.312,,,,,,,,,
2026-05-09 10:00:00,hourly,DMS-01,DMS Drum 01,DMS Drum,Surface,2.569,55.134,131.335,,,23.183,217.752,0.89,Running,1,15,83.57,22.74,198,200.754,,,,,,,,,
2026-05-09 11:00:00,hourly,DMS-01,DMS Drum 01,DMS Drum,Surface,3.038,60.356,144.863,,,26.194,186.561,0.82,Running,1,5,83.47,24.06,197,190.337,,,,,,,,,
2026-05-09 12:00:00,hourly,DMS-01,DMS Drum 01,DMS Drum,Surface,3.001,58.004,136.018,,,26.082,199.942,0.9,Running,0,8,84.58,19.08,191,233.611,,,,,,,,,
2026-05-09 13:00:00,hourly,DMS-01,DMS Drum 01,DMS Drum,Surface,2.968,56.951,129.417,,,24.548,238.396,0.85,Running,1,9,82.5,24.06,206,213.789,,,,,,,,,
2026-05-09 14:00:00,hourly,DMS-01,DMS Drum 01,DMS Drum,Surface,3.387,58.941,128.721,,,24.859,209.484,0.79,Running,0,0,84.42,21.02,196,203.602,,,,,,,,,
2026-05-09 15:00:00,hourly,DMS-01,DMS Drum 01,DMS Drum,Surface,3.337,56.768,126.125,,,24.118,200.097,0.98,Running,1,9,82.83,24.81,193,234.378,,,,,,,,,
2026-05-09 16:00:00,hourly,DMS-01,DMS Drum 01,DMS Drum,Surface,3.198,54.799,129.984,,,27.712,200.485,0.9,Running,1,7,82.5,24.39,190,214.791,,,,,,,,,
2026-05-09 17:00:00,hourly,DMS-01,DMS Drum 01,DMS Drum,Surface,3.193,57.703,126.583,,,24.412,209.323,0.76,Running,0,9,84.2,24.0,187,209.069,,,,,,,,,
2026-05-09 18:00:00,hourly,DMS-01,DMS Drum 01,DMS Drum,Surface,3.005,58.986,127.621,,,24.3,221.978,0.9,Running,1,4,86.48,19.44,197,214.013,,,,,,,,,
2026-05-09 19:00:00,hourly,DMS-01,DMS Drum 01,DMS Drum,Surface,3.054,57.202,128.693,,,24.781,206.914,0.86,Running,0,2,85.66,21.28,191,203.565,,,,,,,,,
2026-05-09 20:00:00,hourly,DMS-01,DMS Drum 01,DMS Drum,Surface,3.084,57.279,118.283,,,23.356,201.665,0.74,Running,0,5,83.62,23.4,193,209.017,,,,,,,,,
2026-05-09 21:00:00,hourly,DMS-01,DMS Drum 01,DMS Drum,Surface,3.126,57.367,128.551,,,25.255,183.79,0.82,Running,1,5,84.21,19.81,192,219.154,,,,,,,,,
2026-05-09 22:00:00,hourly,DMS-01,DMS Drum 01,DMS Drum,Surface,2.998,57.528,148.585,,,26.644,200.063,0.81,Running,0,12,83.58,22.23,196,234.52,,,,,,,,,
2026-05-09 23:00:00,hourly,DMS-01,DMS Drum 01,DMS Drum,Surface,3.112,58.005,120.01,,,24.724,202.608,0.61,Running,0,6,82.52,23.13,195,203.299,,,,,,,,,
2026-05-10 00:00:00,hourly,DMS-01,DMS Drum 01,DMS Drum,Surface,2.998,59.245,140.5,,,25.894,214.849,0.71,Running,1,11,82.74,25.68,196,219.783,,,,,,,,,
2026-05-10 01:00:00,hourly,DMS-01,DMS Drum 01,DMS Drum,Surface,3.084,59.131,137.161,,,22.58,215.864,0.91,Running,1,10,84.82,22.96,196,190.349,,,,,,,,,
2026-05-10 02:00:00,hourly,DMS-01,DMS Drum 01,DMS Drum,Surface,3.203,61.596,134.366,,,23.789,228.269,0.76,Running,1,6,83.21,23.34,190,218.085,,,,,,,,,
2026-05-10 03:00:00,hourly,DMS-01,DMS Drum 01,DMS Drum,Surface,2.826,61.051,126.164,,,25.048,196.724,0.87,Running,1,14,84.26,22.32,187,236.26,,,,,,,,,
2026-05-10 04:00:00,hourly,DMS-01,DMS Drum 01,DMS Drum,Surface,3.016,56.105,136.377,,,22.713,212.615,0.92,Running,2,6,82.71,21.05,192,211.343,,,,,,,,,
2026-05-10 05:00:00,hourly,DMS-01,DMS Drum 01,DMS Drum,Surface,3.003,57.309,142.844,,,25.325,212.945,0.65,Running,0,5,85.59,19.4,194,202.935,,,,,,,,,
2026-05-10 06:00:00,hourly,DMS-01,DMS Drum 01,DMS Drum,Surface,2.74,59.117,137.65,,,24.561,199.025,0.95,Running,0,11,85.32,15.54,192,203.582,,,,,,,,,
2026-05-10 07:00:00,hourly,DMS-01,DMS Drum 01,DMS Drum,Surface,3.319,54.344,131.872,,,25.285,221.984,0.81,Running,1,9,86.77,20.13,184,217.805,,,,,,,,,
2026-05-10 08:00:00,hourly,DMS-01,DMS Drum 01,DMS Drum,Surface,2.788,58.349,130.289,,,24.651,231.485,0.85,Running,0,0,86.44,23.44,192,211.877,,,,,,,,,
2026-05-10 09:00:00,hourly,DMS-01,DMS Drum 01,DMS Drum,Surface,3.33,56.127,125.702,,,24.732,211.326,0.97,Running,1,0,82.77,23.05,187,205.376,,,,,,,,,
2026-05-10 10:00:00,hourly,DMS-01,DMS Drum 01,DMS Drum,Surface,2.664,57.656,130.944,,,21.803,205.316,0.9,Running,1,20,82.85,24.47,191,220.194,,,,,,,,,
2026-05-10 11:00:00,hourly,DMS-01,DMS Drum 01,DMS Drum,Surface,2.628,57.783,134.039,,,23.618,228.977,0.81,Running,1,9,84.77,22.15,195,198.761,,,,,,,,,
2026-05-10 12:00:00,hourly,DMS-01,DMS Drum 01,DMS Drum,Surface,2.907,54.4,130.546,,,25.537,216.297,0.78,Running,1,8,82.77,21.85,181,223.167,,,,,,,,,
2026-05-10 13:00:00,hourly,DMS-01,DMS Drum 01,DMS Drum,Surface,3.083,62.361,129.732,,,23.228,196.48,0.78,Running,1,0,84.55,21.37,197,206.651,,,,,,,,,
2026-05-10 14:00:00,hourly,DMS-01,DMS Drum 01,DMS Drum,Surface,3.083,56.743,129.836,,,23.75,208.74,0.77,Running,1,9,83.6,23.9,186,220.291,,,,,,,,,
2026-05-10 15:00:00,hourly,DMS-01,DMS Drum 01,DMS Drum,Surface,3.299,60.505,143.141,,,24.403,206.728,0.92,Running,1,3,85.6,20.5,194,222.829,,,,,,,,,
2026-05-10 16:00:00,hourly,DMS-01,DMS Drum 01,DMS Drum,Surface,2.804,54.67,131.55,,,24.513,200.927,0.86,Running,0,6,85.63,20.24,193,183.883,,,,,,,,,
2026-05-10 17:00:00,hourly,DMS-01,DMS Drum 01,DMS Drum,Surface,3.212,56.533,131.819,,,25.786,201.492,0.84,Running,1,5,83.61,22.36,188,210.091,,,,,,,,,
2026-05-10 18:00:00,hourly,DMS-01,DMS Drum 01,DMS Drum,Surface,2.592,59.268,113.548,,,25.201,203.055,0.8,Running,1,8,81.15,24.76,191,189.682,,,,,,,,,
2026-05-10 19:00:00,hourly,DMS-01,DMS Drum 01,DMS Drum,Surface,2.759,57.295,137.107,,,24.132,220.822,0.88,Running,1,10,85.68,21.41,186,186.86,,,,,,,,,
2026-05-10 20:00:00,hourly,DMS-01,DMS Drum 01,DMS Drum,Surface,2.928,59.276,134.462,,,22.868,207.567,0.67,Running,1,13,83.06,27.23,182,207.815,,,,,,,,,
2026-05-10 21:00:00,hourly,DMS-01,DMS Drum 01,DMS Drum,Surface,2.727,58.965,134.139,,,28.593,212.137,0.97,Running,1,7,83.98,18.41,193,215.404,,,,,,,,,
2026-05-10 22:00:00,hourly,DMS-01,DMS Drum 01,DMS Drum,Surface,3.123,56.186,134.62,,,24.97,222.721,0.8,Running,1,8,83.78,18.4,186,189.482,,,,,,,,,
2026-05-10 23:00:00,hourly,DMS-01,DMS Drum 01,DMS Drum,Surface,2.836,60.09,123.732,,,26.021,207.529,0.74,Running,0,0,84.6,19.13,196,214.914,,,,,,,,,
2026-05-11 00:00:00,hourly,DMS-01,DMS Drum 01,DMS Drum,Surface,3.234,58.859,128.35,,,22.063,196.689,0.91,Running,0,9,82.97,22.96,192,198.88,,,,,,,,,
2026-05-11 01:00:00,hourly,DMS-01,DMS Drum 01,DMS Drum,Surface,3.202,55.019,142.724,,,24.478,222.457,0.91,Running,0,11,82.16,24.46,185,212.077,,,,,,,,,
2026-05-11 02:00:00,hourly,DMS-01,DMS Drum 01,DMS Drum,Surface,2.832,57.966,120.591,,,24.432,206.566,0.81,Running,1,9,84.17,22.42,190,246.544,,,,,,,,,
2026-05-11 03:00:00,hourly,DMS-01,DMS Drum 01,DMS Drum,Surface,2.91,59.011,121.025,,,24.365,232.517,0.93,Running,0,16,85.23,20.82,190,206.694,,,,,,,,,
2026-05-11 04:00:00,hourly,DMS-01,DMS Drum 01,DMS Drum,Surface,2.973,57.584,120.129,,,25.856,223.247,0.9,Running,1,8,83.69,22.55,194,195.205,,,,,,,,,
2026-05-11 05:00:00,hourly,DMS-01,DMS Drum 01,DMS Drum,Surface,3.32,57.869,129.131,,,24.604,217.499,0.85,Running,1,2,83.67,25.41,185,210.897,,,,,,,,,
2026-05-11 06:00:00,hourly,DMS-01,DMS Drum 01,DMS Drum,Surface,2.769,58.704,141.593,,,24.406,213.87,0.69,Running,1,9,81.95,23.41,186,208.492,,,,,,,,,
2026-05-11 07:00:00,hourly,DMS-01,DMS Drum 01,DMS Drum,Surface,2.426,54.677,132.383,,,24.905,224.631,0.83,Running,0,6,84.66,23.3,188,206.321,,,,,,,,,
2026-05-11 08:00:00,hourly,DMS-01,DMS Drum 01,DMS Drum,Surface,2.895,57.405,138.055,,,24.951,214.156,0.82,Running,1,0,84.75,25.32,187,211.644,,,,,,,,,
2026-05-11 09:00:00,hourly,DMS-01,DMS Drum 01,DMS Drum,Surface,2.776,57.078,116.462,,,23.468,185.111,0.8,Running,1,6,83.62,19.99,181,208.582,,,,,,,,,
2026-05-11 10:00:00,hourly,DMS-01,DMS Drum 01,DMS Drum,Surface,2.63,59.228,124.571,,,26.108,209.955,0.79,Running,0,16,82.22,21.0,190,193.848,,,,,,,,,
2026-05-11 11:00:00,hourly,DMS-01,DMS Drum 01,DMS Drum,Surface,2.989,56.725,125.695,,,24.226,218.041,0.88,Running,1,7,83.89,22.93,192,222.723,,,,,,,,,
2026-05-11 12:00:00,hourly,DMS-01,DMS Drum 01,DMS Drum,Surface,2.717,61.499,141.688,,,24.795,199.137,0.72,Running,1,16,84.0,23.69,186,229.576,,,,,,,,,
2026-05-11 13:00:00,hourly,DMS-01,DMS Drum 01,DMS Drum,Surface,3.08,56.687,131.488,,,26.715,242.3,0.92,Running,1,13,83.65,22.96,180,205.983,,,,,,,,,
2026-05-11 14:00:00,hourly,DMS-01,DMS Drum 01,DMS Drum,Surface,2.711,55.663,130.149,,,28.406,209.44,0.82,Running,0,21,81.97,20.99,185,216.107,,,,,,,,,
2026-05-11 15:00:00,hourly,DMS-01,DMS Drum 01,DMS Drum,Surface,3.708,60.139,131.871,,,25.48,217.944,0.75,Running,1,10,84.09,18.9,181,182.566,,,,,,,,,
2026-05-11 16:00:00,hourly,DMS-01,DMS Drum 01,DMS Drum,Surface,3.254,58.939,128.85,,,22.828,225.276,0.8,Running,0,9,83.92,21.49,184,210.952,,,,,,,,,
2026-05-11 17:00:00,hourly,DMS-01,DMS Drum 01,DMS Drum,Surface,2.825,58.537,144.446,,,24.573,218.465,0.84,Running,1,10,84.31,22.79,185,238.143,,,,,,,,,
2026-05-11 18:00:00,hourly,DMS-01,DMS Drum 01,DMS Drum,Surface,2.816,57.344,144.175,,,26.976,209.94,0.94,Running,0,11,83.41,22.52,187,222.42,,,,,,,,,
2026-05-11 19:00:00,hourly,DMS-01,DMS Drum 01,DMS Drum,Surface,2.956,57.136,138.381,,,24.64,216.035,0.88,Running,1,7,85.66,20.5,190,213.382,,,,,,,,,
2026-05-11 20:00:00,hourly,DMS-01,DMS Drum 01,DMS Drum,Surface,3.179,58.682,137.6,,,25.916,208.913,0.91,Running,0,6,83.58,23.35,186,210.612,,,,,,,,,
2026-05-11 21:00:00,hourly,DMS-01,DMS Drum 01,DMS Drum,Surface,2.895,56.734,126.981,,,25.898,210.105,0.81,Running,0,11,85.8,21.74,179,207.051,,,,,,,,,
2026-05-11 22:00:00,hourly,DMS-01,DMS Drum 01,DMS Drum,Surface,2.724,61.197,133.846,,,24.071,197.475,0.8,Running,1,5,83.91,20.21,186,217.119,,,,,,,,,
2026-05-11 23:00:00,hourly,DMS-01,DMS Drum 01,DMS Drum,Surface,2.655,58.271,116.55,,,27.186,208.126,0.97,Running,1,0,81.68,25.83,182,225.646,,,,,,,,,
2026-05-12 00:00:00,hourly,DMS-01,DMS Drum 01,DMS Drum,Surface,2.999,57.307,127.574,,,25.429,196.819,0.81,Running,1,2,84.85,24.09,182,204.231,,,,,,,,,
2026-05-12 01:00:00,hourly,DMS-01,DMS Drum 01,DMS Drum,Surface,2.83,57.039,119.718,,,24.882,211.202,0.78,Running,1,18,82.91,22.35,183,221.775,,,,,,,,,
2026-05-12 02:00:00,hourly,DMS-01,DMS Drum 01,DMS Drum,Surface,3.073,55.515,134.104,,,24.718,206.381,0.77,Running,1,7,82.76,22.88,183,199.945,,,,,,,,,
2026-05-12 03:00:00,hourly,DMS-01,DMS Drum 01,DMS Drum,Surface,2.495,59.175,129.899,,,23.507,217.291,0.84,Running,0,12,85.12,21.01,186,205.151,,,,,,,,,
2026-05-12 04:00:00,hourly,DMS-01,DMS Drum 01,DMS Drum,Surface,3.119,56.333,135.988,,,23.966,193.329,0.73,Running,0,5,81.44,23.87,184,195.715,,,,,,,,,
2026-05-12 05:00:00,hourly,DMS-01,DMS Drum 01,DMS Drum,Surface,2.929,57.551,135.21,,,23.685,200.142,0.83,Running,1,15,80.61,24.81,177,213.526,,,,,,,,,
2026-05-12 06:00:00,hourly,DMS-01,DMS Drum 01,DMS Drum,Surface,2.586,62.639,138.508,,,27.641,200.245,0.83,Running,1,12,83.05,23.04,176,212.456,,,,,,,,,
2026-05-12 07:00:00,hourly,DMS-01,DMS Drum 01,DMS Drum,Surface,3.094,54.375,125.282,,,26.156,211.117,0.87,Running,1,20,83.86,22.11,184,216.845,,,,,,,,,
2026-05-12 08:00:00,hourly,DMS-01,DMS Drum 01,DMS Drum,Surface,3.127,57.617,118.071,,,23.7,208.359,0.68,Running,1,17,84.75,22.86,183,215.619,,,,,,,,,
2026-05-12 09:00:00,hourly,DMS-01,DMS Drum 01,DMS Drum,Surface,2.814,55.209,144.254,,,27.123,224.463,0.66,Running,0,12,83.57,21.21,186,221.429,,,,,,,,,
2026-05-12 10:00:00,hourly,DMS-01,DMS Drum 01,DMS Drum,Surface,3.164,56.792,126.865,,,26.549,211.812,0.78,Running,1,7,79.72,28.45,181,240.499,,,,,,,,,
2026-05-12 11:00:00,hourly,DMS-01,DMS Drum 01,DMS Drum,Surface,2.681,57.546,130.361,,,24.139,211.317,0.81,Running,1,3,81.75,28.02,182,221.577,,,,,,,,,
2026-05-12 12:00:00,hourly,DMS-01,DMS Drum 01,DMS Drum,Surface,2.459,55.343,138.191,,,25.547,198.66,0.73,Running,0,10,81.27,28.57,182,183.697,,,,,,,,,
2026-05-12 13:00:00,hourly,DMS-01,DMS Drum 01,DMS Drum,Surface,2.969,58.601,128.648,,,24.092,207.862,0.71,Running,0,11,80.25,27.43,174,207.856,,,,,,,,,
2026-05-12 14:00:00,hourly,DMS-01,DMS Drum 01,DMS Drum,Surface,2.798,60.617,122.7,,,26.139,195.32,0.85,Running,1,7,82.97,24.22,174,210.84,,,,,,,,,
2026-05-12 15:00:00,hourly,DMS-01,DMS Drum 01,DMS Drum,Surface,2.712,58.463,145.531,,,25.5,217.263,0.8,Running,0,12,84.04,20.53,183,189.154,,,,,,,,,
2026-05-12 16:00:00,hourly,DMS-01,DMS Drum 01,DMS Drum,Surface,3.148,59.431,126.883,,,24.4,221.314,0.88,Running,1,9,84.76,21.91,181,222.965,,,,,,,,,
2026-05-12 17:00:00,hourly,DMS-01,DMS Drum 01,DMS Drum,Surface,3.063,60.924,143.673,,,23.423,193.259,0.71,Running,1,10,83.98,25.49,185,236.391,,,,,,,,,
2026-05-12 18:00:00,hourly,DMS-01,DMS Drum 01,DMS Drum,Surface,3.406,58.995,133.34,,,24.83,211.89,0.81,Running,1,21,82.28,27.41,187,199.224,,,,,,,,,
2026-05-12 19:00:00,hourly,DMS-01,DMS Drum 01,DMS Drum,Surface,3.113,53.369,137.829,,,25.497,210.108,0.95,Running,1,9,84.88,21.12,178,229.046,,,,,,,,,
2026-05-12 20:00:00,hourly,DMS-01,DMS Drum 01,DMS Drum,Surface,3.146,58.189,137.702,,,26.467,225.819,0.8,Running,1,2,82.79,24.78,177,226.394,,,,,,,,,
2026-05-12 21:00:00,hourly,DMS-01,DMS Drum 01,DMS Drum,Surface,2.804,53.098,127.929,,,25.661,199.378,0.77,Running,1,14,83.21,22.04,173,215.213,,,,,,,,,
2026-05-12 22:00:00,hourly,DMS-01,DMS Drum 01,DMS Drum,Surface,2.501,56.483,135.029,,,26.018,202.261,0.89,Running,1,11,82.03,23.29,180,223.008,,,,,,,,,
2026-05-12 23:00:00,hourly,DMS-01,DMS Drum 01,DMS Drum,Surface,3.489,55.011,144.656,,,24.004,214.553,0.92,Running,0,8,82.68,23.52,170,200.682,,,,,,,,,
2026-05-13 00:00:00,hourly,DMS-01,DMS Drum 01,DMS Drum,Surface,3.133,58.381,140.097,,,22.532,205.537,0.77,Running,1,4,82.38,25.21,174,227.503,,,,,,,,,
2026-05-13 01:00:00,hourly,DMS-01,DMS Drum 01,DMS Drum,Surface,3.401,56.162,138.963,,,22.874,206.172,0.78,Running,1,20,80.82,28.29,179,229.121,,,,,,,,,
2026-05-13 02:00:00,hourly,DMS-01,DMS Drum 01,DMS Drum,Surface,2.733,58.441,135.699,,,24.555,205.957,0.89,Running,0,18,84.04,22.19,175,218.082,,,,,,,,,
2026-05-13 03:00:00,hourly,DMS-01,DMS Drum 01,DMS Drum,Surface,3.258,59.358,130.195,,,23.977,217.679,0.84,Running,1,6,83.27,24.31,177,215.685,,,,,,,,,
2026-05-13 04:00:00,hourly,DMS-01,DMS Drum 01,DMS Drum,Surface,3.086,56.057,124.919,,,24.756,225.047,0.85,Running,1,8,84.25,16.95,176,200.307,,,,,,,,,
2026-05-13 05:00:00,hourly,DMS-01,DMS Drum 01,DMS Drum,Surface,3.273,58.358,142.084,,,25.784,210.43,0.84,Running,1,13,81.83,25.78,172,224.669,,,,,,,,,
2026-05-13 06:00:00,hourly,DMS-01,DMS Drum 01,DMS Drum,Surface,3.157,52.908,126.95,,,25.656,208.178,0.82,Running,0,0,84.07,21.06,168,211.626,,,,,,,,,
2026-05-13 07:00:00,hourly,DMS-01,DMS Drum 01,DMS Drum,Surface,2.964,55.052,127.529,,,22.088,219.404,0.9,Running,1,10,80.41,24.92,179,209.521,,,,,,,,,
2026-05-13 08:00:00,hourly,DMS-01,DMS Drum 01,DMS Drum,Surface,3.087,60.3,131.078,,,27.998,213.917,0.93,Running,1,0,83.77,23.63,176,224.656,,,,,,,,,
2026-05-13 09:00:00,hourly,DMS-01,DMS Drum 01,DMS Drum,Surface,2.935,56.22,120.712,,,25.371,213.349,0.74,Running,1,10,83.96,25.35,177,207.401,,,,,,,,,
2026-05-13 10:00:00,hourly,DMS-01,DMS Drum 01,DMS Drum,Surface,3.221,56.901,128.366,,,25.249,225.053,0.89,Running,0,25,81.2,26.29,176,201.572,,,,,,,,,
2026-05-13 11:00:00,hourly,DMS-01,DMS Drum 01,DMS Drum,Surface,2.83,56.349,125.699,,,24.723,198.655,0.82,Running,0,1,84.63,23.28,175,226.684,,,,,,,,,
2026-05-13 12:00:00,hourly,DMS-01,DMS Drum 01,DMS Drum,Surface,2.852,54.613,120.938,,,24.565,208.302,0.72,Running,0,17,85.32,19.72,176,190.33,,,,,,,,,
2026-05-13 13:00:00,hourly,DMS-01,DMS Drum 01,DMS Drum,Surface,2.983,55.945,122.21,,,26.221,199.696,0.75,Running,1,25,81.89,29.47,174,221.657,,,,,,,,,
2026-05-13 14:00:00,hourly,DMS-01,DMS Drum 01,DMS Drum,Surface,3.17,57.903,130.763,,,23.732,205.036,0.79,Running,0,7,85.1,17.7,174,194.237,,,,,,,,,
2026-05-13 15:00:00,hourly,DMS-01,DMS Drum 01,DMS Drum,Surface,3.035,57.185,138.123,,,25.267,196.18,0.9,Running,0,15,80.04,27.74,171,186.133,,,,,,,,,
2026-05-13 16:00:00,hourly,DMS-01,DMS Drum 01,DMS Drum,Surface,2.944,59.96,130.324,,,26.718,206.946,0.74,Running,1,9,82.53,25.96,184,220.684,,,,,,,,,
2026-05-13 17:00:00,hourly,DMS-01,DMS Drum 01,DMS Drum,Surface,3.277,56.749,123.308,,,25.126,215.932,0.68,Running,2,9,78.55,29.97,178,216.032,,,,,,,,,
2026-05-13 18:00:00,hourly,DMS-01,DMS Drum 01,DMS Drum,Surface,3.165,57.905,126.362,,,25.514,179.923,0.8,Running,1,11,84.2,24.88,180,202.647,,,,,,,,,
2026-05-13 19:00:00,hourly,DMS-01,DMS Drum 01,DMS Drum,Surface,2.914,56.898,133.378,,,23.212,207.585,0.78,Running,1,5,80.24,23.52,179,195.322,,,,,,,,,
2026-05-13 20:00:00,hourly,DMS-01,DMS Drum 01,DMS Drum,Surface,2.775,59.71,139.019,,,25.889,210.43,0.91,Running,1,15,79.55,28.41,173,216.246,,,,,,,,,
2026-05-13 21:00:00,hourly,DMS-01,DMS Drum 01,DMS Drum,Surface,2.983,55.216,137.714,,,25.34,208.207,0.84,Running,0,10,83.07,23.2,173,204.961,,,,,,,,,
2026-05-13 22:00:00,hourly,DMS-01,DMS Drum 01,DMS Drum,Surface,2.876,58.851,132.695,,,24.776,191.412,0.88,Running,0,3,84.29,21.77,173,222.594,,,,,,,,,
2026-05-13 23:00:00,hourly,DMS-01,DMS Drum 01,DMS Drum,Surface,2.841,58.716,141.63,,,25.762,222.993,0.79,Running,1,13,81.96,22.08,172,203.463,,,,,,,,,
2026-05-14 00:00:00,hourly,DMS-01,DMS Drum 01,DMS Drum,Surface,3.207,56.39,127.325,,,23.524,222.841,0.72,Running,0,14,82.81,23.48,176,205.579,,,,,,,,,
2026-05-14 01:00:00,hourly,DMS-01,DMS Drum 01,DMS Drum,Surface,3.298,57.765,122.811,,,27.057,225.26,0.92,Running,0,13,85.39,19.78,169,227.062,,,,,,,,,
2026-05-14 02:00:00,hourly,DMS-01,DMS Drum 01,DMS Drum,Surface,3.014,58.693,129.049,,,28.366,204.842,0.77,Running,1,8,81.03,27.04,168,197.156,,,,,,,,,
2026-05-14 03:00:00,hourly,DMS-01,DMS Drum 01,DMS Drum,Surface,3.027,56.647,139.889,,,24.173,213.619,0.87,Running,0,19,80.96,28.85,167,191.171,,,,,,,,,
2026-05-14 04:00:00,hourly,DMS-01,DMS Drum 01,DMS Drum,Surface,2.851,56.611,135.968,,,26.305,202.8,0.79,Running,1,21,84.25,22.27,171,198.468,,,,,,,,,
2026-05-14 05:00:00,hourly,DMS-01,DMS Drum 01,DMS Drum,Surface,2.774,55.632,138.714,,,24.721,198.693,0.87,Running,1,10,82.86,24.84,170,214.948,,,,,,,,,
2026-05-14 06:00:00,hourly,DMS-01,DMS Drum 01,DMS Drum,Surface,3.221,61.815,130.47,,,23.417,198.07,0.84,Running,0,10,84.76,23.86,169,238.326,,,,,,,,,
2026-05-14 07:00:00,hourly,DMS-01,DMS Drum 01,DMS Drum,Surface,2.725,57.089,132.125,,,26.45,213.981,0.83,Running,1,17,80.38,29.84,172,213.705,,,,,,,,,
2026-05-14 08:00:00,hourly,DMS-01,DMS Drum 01,DMS Drum,Surface,2.882,55.651,129.642,,,24.552,221.611,0.85,Running,1,0,79.58,23.82,166,199.374,,,,,,,,,
2026-05-14 09:00:00,hourly,DMS-01,DMS Drum 01,DMS Drum,Surface,2.875,54.624,125.12,,,25.626,227.022,0.8,Running,1,2,80.12,29.42,174,199.98,,,,,,,,,
2026-05-14 10:00:00,hourly,DMS-01,DMS Drum 01,DMS Drum,Surface,3.134,56.462,131.414,,,27.184,210.997,0.68,Running,1,6,83.53,24.64,166,217.338,,,,,,,,,
2026-05-14 11:00:00,hourly,DMS-01,DMS Drum 01,DMS Drum,Surface,2.985,58.498,129.623,,,25.525,203.412,0.84,Running,1,7,84.3,21.45,166,187.333,,,,,,,,,
2026-05-14 12:00:00,hourly,DMS-01,DMS Drum 01,DMS Drum,Surface,2.896,57.51,127.814,,,25.141,210.444,0.91,Running,1,9,84.07,21.38,168,185.261,,,,,,,,,
2026-05-14 13:00:00,hourly,DMS-01,DMS Drum 01,DMS Drum,Surface,3.36,58.665,135.448,,,23.739,223.265,0.82,Running,1,10,83.23,21.22,169,214.358,,,,,,,,,
2026-05-14 14:00:00,hourly,DMS-01,DMS Drum 01,DMS Drum,Surface,3.425,59.362,132.118,,,23.742,231.085,0.79,Running,1,1,84.33,18.06,173,224.002,,,,,,,,,
2026-05-14 15:00:00,hourly,DMS-01,DMS Drum 01,DMS Drum,Surface,3.128,57.72,140.69,,,24.726,225.748,0.84,Running,1,19,81.33,27.84,169,224.36,,,,,,,,,
2026-05-14 16:00:00,hourly,DMS-01,DMS Drum 01,DMS Drum,Surface,3.069,57.768,125.175,,,24.434,224.574,0.9,Running,1,15,79.11,30.78,163,216.476,,,,,,,,,
2026-05-14 17:00:00,hourly,DMS-01,DMS Drum 01,DMS Drum,Surface,2.915,60.989,128.403,,,25.705,227.972,0.8,Running,1,12,79.68,28.25,171,228.392,,,,,,,,,
2026-05-14 18:00:00,hourly,DMS-01,DMS Drum 01,DMS Drum,Surface,3.031,59.417,118.865,,,23.582,212.523,0.7,Running,1,15,79.92,29.53,171,208.996,,,,,,,,,
2026-05-14 19:00:00,hourly,DMS-01,DMS Drum 01,DMS Drum,Surface,2.747,58.752,124.326,,,23.958,215.028,0.83,Running,0,8,79.13,31.27,166,206.345,,,,,,,,,
2026-05-14 20:00:00,hourly,DMS-01,DMS Drum 01,DMS Drum,Surface,3.274,57.373,135.679,,,24.706,224.374,0.85,Running,1,8,80.03,24.37,169,210.931,,,,,,,,,
2026-05-14 21:00:00,hourly,DMS-01,DMS Drum 01,DMS Drum,Surface,3.006,59.312,136.98,,,25.003,217.838,0.83,Running,1,4,80.71,27.51,174,215.793,,,,,,,,,
2026-05-14 22:00:00,hourly,DMS-01,DMS Drum 01,DMS Drum,Surface,2.873,58.702,136.145,,,24.957,222.069,0.78,Running,1,0,83.14,23.12,165,266.136,,,,,,,,,
2026-05-14 23:00:00,hourly,DMS-01,DMS Drum 01,DMS Drum,Surface,2.959,58.634,140.39,,,24.652,204.377,0.85,Running,1,9,82.62,25.2,172,208.915,,,,,,,,,
2026-05-15 00:00:00,hourly,DMS-01,DMS Drum 01,DMS Drum,Surface,3.208,59.403,135.124,,,23.945,228.46,0.8,Running,1,18,84.54,22.02,173,214.185,,,,,,,,,
2026-05-15 01:00:00,hourly,DMS-01,DMS Drum 01,DMS Drum,Surface,2.978,58.664,131.783,,,25.581,205.695,0.79,Running,1,8,80.12,29.37,168,236.006,,,,,,,,,
2026-05-15 02:00:00,hourly,DMS-01,DMS Drum 01,DMS Drum,Surface,2.851,55.161,136.037,,,26.304,225.036,0.8,Running,1,0,82.69,21.07,162,219.45,,,,,,,,,
2026-05-15 03:00:00,hourly,DMS-01,DMS Drum 01,DMS Drum,Surface,2.539,58.155,126.067,,,25.257,210.621,0.83,Running,1,13,84.17,24.78,172,188.18,,,,,,,,,
2026-05-15 04:00:00,hourly,DMS-01,DMS Drum 01,DMS Drum,Surface,3.022,55.937,119.898,,,24.188,205.3,0.84,Running,1,7,81.23,25.23,170,235.768,,,,,,,,,
2026-05-15 05:00:00,hourly,DMS-01,DMS Drum 01,DMS Drum,Surface,3.132,59.262,128.663,,,22.585,187.785,0.78,Running,1,13,81.32,25.89,169,216.245,,,,,,,,,
2026-05-15 06:00:00,hourly,DMS-01,DMS Drum 01,DMS Drum,Surface,2.924,55.083,129.505,,,26.876,209.099,0.84,Running,1,10,84.22,18.57,166,171.982,,,,,,,,,
2026-05-15 07:00:00,hourly,DMS-01,DMS Drum 01,DMS Drum,Surface,2.852,58.008,132.221,,,24.673,196.753,0.85,Running,1,7,81.42,25.8,171,206.022,,,,,,,,,
2026-05-15 08:00:00,hourly,DMS-01,DMS Drum 01,DMS Drum,Surface,2.773,58.181,125.867,,,26.469,200.653,0.86,Running,1,11,84.26,21.99,163,201.64,,,,,,,,,
2026-05-15 09:00:00,hourly,DMS-01,DMS Drum 01,DMS Drum,Surface,2.953,55.895,127.254,,,26.852,217.843,0.86,Running,1,11,79.58,28.43,169,205.088,,,,,,,,,
2026-05-15 10:00:00,hourly,DMS-01,DMS Drum 01,DMS Drum,Surface,2.777,57.924,136.997,,,25.846,193.521,0.92,Running,1,0,84.52,20.2,164,211.245,,,,,,,,,
2026-05-15 11:00:00,hourly,DMS-01,DMS Drum 01,DMS Drum,Surface,2.776,59.541,122.964,,,26.027,226.51,0.87,Running,1,5,83.92,20.07,159,221.861,,,,,,,,,
2026-05-15 12:00:00,hourly,DMS-01,DMS Drum 01,DMS Drum,Surface,2.93,57.028,130.83,,,25.931,241.995,0.98,Running,1,6,80.36,28.77,161,229.491,,,,,,,,,
2026-05-15 13:00:00,hourly,DMS-01,DMS Drum 01,DMS Drum,Surface,3.498,58.64,127.19,,,24.615,205.959,0.9,Running,1,1,81.38,22.59,167,230.008,,,,,,,,,
2026-05-15 14:00:00,hourly,DMS-01,DMS Drum 01,DMS Drum,Surface,3.606,59.058,119.723,,,23.502,226.217,0.9,Running,0,6,79.87,29.79,166,234.202,,,,,,,,,
2026-05-15 15:00:00,hourly,DMS-01,DMS Drum 01,DMS Drum,Surface,3.329,56.07,128.705,,,25.837,195.005,0.72,Running,1,17,81.05,29.93,166,208.968,,,,,,,,,
2026-05-15 16:00:00,hourly,DMS-01,DMS Drum 01,DMS Drum,Surface,3.202,58.18,125.291,,,23.044,216.576,0.88,Running,2,13,79.31,33.4,163,182.523,,,,,,,,,
2026-05-15 17:00:00,hourly,DMS-01,DMS Drum 01,DMS Drum,Surface,2.583,57.705,128.644,,,24.407,216.042,0.89,Running,0,0,78.95,27.31,165,176.741,,,,,,,,,
2026-05-15 18:00:00,hourly,DMS-01,DMS Drum 01,DMS Drum,Surface,3.69,58.081,132.155,,,24.111,248.689,0.82,Running,0,4,79.77,29.5,166,222.625,,,,,,,,,
2026-05-15 19:00:00,hourly,DMS-01,DMS Drum 01,DMS Drum,Surface,3.143,55.065,116.379,,,25.566,207.328,0.66,Running,1,9,83.42,22.09,173,210.953,,,,,,,,,
2026-05-15 20:00:00,hourly,DMS-01,DMS Drum 01,DMS Drum,Surface,2.785,55.443,138.837,,,25.157,217.347,0.63,Running,1,13,78.76,32.18,162,232.763,,,,,,,,,
2026-05-15 21:00:00,hourly,DMS-01,DMS Drum 01,DMS Drum,Surface,3.694,60.439,152.666,,,24.107,209.592,0.8,Running,0,7,83.91,23.31,167,218.298,,,,,,,,,
2026-05-15 22:00:00,hourly,DMS-01,DMS Drum 01,DMS Drum,Surface,3.027,59.562,125.027,,,24.371,207.355,0.78,Running,0,14,83.16,22.99,166,187.252,,,,,,,,,
2026-05-15 23:00:00,hourly,DMS-01,DMS Drum 01,DMS Drum,Surface,3.251,58.547,127.519,,,27.226,210.161,0.7,Running,1,10,83.79,20.88,163,203.357,,,,,,,,,
2026-05-16 00:00:00,hourly,DMS-01,DMS Drum 01,DMS Drum,Surface,2.976,59.845,125.904,,,23.934,209.561,0.85,Running,1,6,82.21,24.17,157,217.818,,,,,,,,,
2026-05-16 01:00:00,hourly,DMS-01,DMS Drum 01,DMS Drum,Surface,3.188,55.617,124.08,,,24.655,204.232,0.73,Running,1,5,84.28,20.66,168,196.243,,,,,,,,,
2026-05-16 02:00:00,hourly,DMS-01,DMS Drum 01,DMS Drum,Surface,3.217,57.709,145.614,,,25.57,215.052,0.69,Running,1,10,79.32,28.9,163,232.91,,,,,,,,,
2026-05-16 03:00:00,hourly,DMS-01,DMS Drum 01,DMS Drum,Surface,3.259,57.534,129.498,,,24.959,201.095,0.99,Running,1,0,83.79,22.75,160,205.677,,,,,,,,,
2026-05-16 04:00:00,hourly,DMS-01,DMS Drum 01,DMS Drum,Surface,3.361,56.685,136.551,,,25.605,207.057,0.86,Running,1,8,86.45,17.87,158,207.344,,,,,,,,,
2026-05-16 05:00:00,hourly,DMS-01,DMS Drum 01,DMS Drum,Surface,3.091,55.998,139.932,,,26.192,234.915,0.79,Running,1,2,81.14,25.12,163,189.396,,,,,,,,,
2026-05-16 06:00:00,hourly,DMS-01,DMS Drum 01,DMS Drum,Surface,3.105,60.656,139.025,,,26.6,210.472,0.71,Running,1,19,81.45,27.22,158,240.392,,,,,,,,,
2026-05-16 07:00:00,hourly,DMS-01,DMS Drum 01,DMS Drum,Surface,3.043,56.964,139.562,,,24.927,222.509,0.75,Running,1,0,80.05,29.34,159,209.132,,,,,,,,,
2026-05-16 08:00:00,hourly,DMS-01,DMS Drum 01,DMS Drum,Surface,2.805,59.02,122.509,,,25.359,210.962,0.77,Running,1,12,81.61,24.12,158,215.944,,,,,,,,,
2026-05-16 09:00:00,hourly,DMS-01,DMS Drum 01,DMS Drum,Surface,2.839,58.799,138.122,,,25.124,221.102,0.78,Running,1,0,81.78,25.4,161,201.062,,,,,,,,,
2026-05-16 10:00:00,hourly,DMS-01,DMS Drum 01,DMS Drum,Surface,2.982,60.158,129.036,,,23.797,209.791,0.79,Running,1,7,77.68,29.52,163,206.363,,,,,,,,,
2026-05-16 11:00:00,hourly,DMS-01,DMS Drum 01,DMS Drum,Surface,3.36,59.57,143.254,,,25.105,180.867,0.73,Running,1,15,82.42,29.83,159,216.2,,,,,,,,,
2026-05-16 12:00:00,hourly,DMS-01,DMS Drum 01,DMS Drum,Surface,3.17,57.595,125.579,,,22.894,211.53,0.75,Running,1,14,83.2,21.64,159,217.972,,,,,,,,,
2026-05-16 13:00:00,hourly,DMS-01,DMS Drum 01,DMS Drum,Surface,3.036,55.78,123.404,,,25.32,199.889,0.68,Running,1,18,79.99,28.52,160,219.973,,,,,,,,,
2026-05-16 14:00:00,hourly,DMS-01,DMS Drum 01,DMS Drum,Surface,2.995,59.883,131.404,,,22.311,208.312,0.66,Running,0,16,80.7,27.9,157,226.069,,,,,,,,,
2026-05-16 15:00:00,hourly,DMS-01,DMS Drum 01,DMS Drum,Surface,2.779,60.513,135.906,,,23.682,220.179,0.7,Running,0,14,82.72,22.86,157,221.625,,,,,,,,,
2026-05-16 16:00:00,hourly,DMS-01,DMS Drum 01,DMS Drum,Surface,2.844,62.875,118.859,,,25.895,233.723,0.77,Running,1,16,79.86,26.48,157,219.562,,,,,,,,,
2026-05-16 17:00:00,hourly,DMS-01,DMS Drum 01,DMS Drum,Surface,3.097,60.057,128.553,,,25.427,195.032,0.8,Running,0,6,82.51,23.92,160,202.722,,,,,,,,,
2026-05-16 18:00:00,hourly,DMS-01,DMS Drum 01,DMS Drum,Surface,3.063,56.989,123.722,,,24.847,209.072,0.86,Running,1,7,81.76,23.8,165,208.78,,,,,,,,,
2026-05-16 19:00:00,hourly,DMS-01,DMS Drum 01,DMS Drum,Surface,3.248,57.24,137.873,,,24.327,212.149,0.85,Running,1,12,85.02,21.35,154,194.76,,,,,,,,,
2026-05-16 20:00:00,hourly,DMS-01,DMS Drum 01,DMS Drum,Surface,3.01,54.266,127.456,,,23.83,212.538,0.87,Running,1,17,81.06,24.82,159,204.954,,,,,,,,,
2026-05-16 21:00:00,hourly,DMS-01,DMS Drum 01,DMS Drum,Surface,3.198,56.673,139.309,,,24.181,212.624,0.8,Running,1,10,80.39,27.75,157,217.935,,,,,,,,,
2026-05-16 22:00:00,hourly,DMS-01,DMS Drum 01,DMS Drum,Surface,2.695,55.808,126.419,,,25.689,218.724,0.87,Running,0,6,81.62,21.6,157,217.58,,,,,,,,,
2026-05-16 23:00:00,hourly,DMS-01,DMS Drum 01,DMS Drum,Surface,2.835,59.34,133.57,,,24.561,206.718,0.65,Running,1,6,81.39,24.44,156,221.248,,,,,,,,,
2026-05-17 00:00:00,hourly,DMS-01,DMS Drum 01,DMS Drum,Surface,3.127,60.046,121.785,,,22.364,209.595,0.87,Running,1,4,83.8,21.84,162,232.575,,,,,,,,,
2026-05-17 01:00:00,hourly,DMS-01,DMS Drum 01,DMS Drum,Surface,3.068,62.521,130.697,,,23.387,216.715,0.82,Running,1,13,83.69,24.83,148,193.597,,,,,,,,,
2026-05-17 02:00:00,hourly,DMS-01,DMS Drum 01,DMS Drum,Surface,3.242,64.101,123.801,,,23.89,203.604,0.9,Running,1,16,79.98,24.33,152,185.853,,,,,,,,,
2026-05-17 03:00:00,hourly,DMS-01,DMS Drum 01,DMS Drum,Surface,3.348,58.711,142.175,,,24.547,204.903,0.61,Running,1,15,80.82,28.88,161,208.315,,,,,,,,,
2026-05-17 04:00:00,hourly,DMS-01,DMS Drum 01,DMS Drum,Surface,3.359,57.135,139.004,,,24.512,211.206,0.89,Running,1,11,80.0,29.33,161,232.648,,,,,,,,,
2026-05-17 05:00:00,hourly,DMS-01,DMS Drum 01,DMS Drum,Surface,3.447,57.504,133.011,,,23.596,204.916,0.69,Running,0,22,79.69,24.86,163,232.196,,,,,,,,,
2026-05-17 06:00:00,hourly,DMS-01,DMS Drum 01,DMS Drum,Surface,3.504,56.935,138.673,,,25.601,200.282,0.91,Running,1,14,75.85,34.89,157,214.796,,,,,,,,,
2026-05-17 07:00:00,hourly,DMS-01,DMS Drum 01,DMS Drum,Surface,2.982,62.708,128.015,,,22.487,198.884,0.75,Running,1,16,83.75,20.89,158,208.03,,,,,,,,,
2026-05-17 08:00:00,hourly,DMS-01,DMS Drum 01,DMS Drum,Surface,3.62,52.995,135.806,,,23.967,211.506,0.85,Running,1,4,79.95,29.21,148,215.691,,,,,,,,,
2026-05-17 09:00:00,hourly,DMS-01,DMS Drum 01,DMS Drum,Surface,3.762,61.341,130.978,,,25.803,228.479,0.81,Running,2,13,80.29,28.85,156,227.72,,,,,,,,,
2026-05-17 10:00:00,hourly,DMS-01,DMS Drum 01,DMS Drum,Surface,2.757,56.493,135.152,,,25.509,216.751,0.9,Running,1,3,85.42,22.0,158,201.132,,,,,,,,,
2026-05-17 11:00:00,hourly,DMS-01,DMS Drum 01,DMS Drum,Surface,2.928,57.527,132.416,,,24.537,200.622,0.83,Running,1,5,79.94,26.94,153,204.055,,,,,,,,,
2026-05-17 12:00:00,hourly,DMS-01,DMS Drum 01,DMS Drum,Surface,3.157,53.372,131.172,,,25.987,230.635,0.95,Running,0,6,80.65,28.45,155,213.393,,,,,,,,,
2026-05-17 13:00:00,hourly,DMS-01,DMS Drum 01,DMS Drum,Surface,3.126,60.283,118.904,,,25.172,206.045,0.76,Running,1,12,81.36,29.18,160,227.733,,,,,,,,,
2026-05-17 14:00:00,hourly,DMS-01,DMS Drum 01,DMS Drum,Surface,2.667,59.79,127.065,,,24.944,231.113,0.74,Running,1,7,81.45,25.39,160,223.762,,,,,,,,,
2026-05-17 15:00:00,hourly,DMS-01,DMS Drum 01,DMS Drum,Surface,2.844,56.209,144.298,,,25.58,211.184,0.77,Running,1,0,79.9,27.81,155,184.492,,,,,,,,,
2026-05-17 16:00:00,hourly,DMS-01,DMS Drum 01,DMS Drum,Surface,3.124,60.395,130.799,,,25.346,215.274,0.87,Running,1,7,82.67,25.69,154,223.808,,,,,,,,,
2026-05-17 17:00:00,hourly,DMS-01,DMS Drum 01,DMS Drum,Surface,3.021,60.033,126.624,,,26.456,207.699,0.87,Running,1,5,81.11,20.76,157,211.886,,,,,,,,,
2026-05-17 18:00:00,hourly,DMS-01,DMS Drum 01,DMS Drum,Surface,3.222,57.291,131.975,,,24.527,208.51,0.72,Running,1,0,81.01,24.63,152,221.005,,,,,,,,,
2026-05-17 19:00:00,hourly,DMS-01,DMS Drum 01,DMS Drum,Surface,3.543,54.403,120.985,,,24.566,228.687,0.75,Running,1,16,79.73,30.39,158,209.082,,,,,,,,,
2026-05-17 20:00:00,hourly,DMS-01,DMS Drum 01,DMS Drum,Surface,2.776,57.891,128.349,,,25.093,209.952,0.84,Running,1,16,80.58,27.5,151,219.097,,,,,,,,,
2026-05-17 21:00:00,hourly,DMS-01,DMS Drum 01,DMS Drum,Surface,3.63,60.29,132.983,,,24.882,223.428,0.92,Running,1,13,82.33,24.31,156,212.765,,,,,,,,,
2026-05-17 22:00:00,hourly,DMS-01,DMS Drum 01,DMS Drum,Surface,3.527,56.577,135.144,,,27.084,212.687,0.76,Running,1,19,82.31,22.88,153,204.5,,,,,,,,,
2026-05-17 23:00:00,hourly,DMS-01,DMS Drum 01,DMS Drum,Surface,2.662,60.374,134.124,,,25.485,210.737,0.71,Running,2,3,80.04,27.99,150,201.506,,,,,,,,,
2026-05-18 00:00:00,hourly,DMS-01,DMS Drum 01,DMS Drum,Surface,2.79,56.688,142.304,,,23.987,219.62,0.9,Running,1,3,79.47,27.68,154,209.452,,,,,,,,,
2026-05-18 01:00:00,hourly,DMS-01,DMS Drum 01,DMS Drum,Surface,2.98,58.155,127.007,,,23.065,210.721,0.68,Running,0,8,82.09,21.57,151,194.016,,,,,,,,,
2026-05-18 02:00:00,hourly,DMS-01,DMS Drum 01,DMS Drum,Surface,2.849,56.932,121.211,,,26.739,202.692,0.86,Running,1,11,81.15,28.99,156,205.948,,,,,,,,,
2026-05-18 03:00:00,hourly,DMS-01,DMS Drum 01,DMS Drum,Surface,3.218,58.633,129.222,,,24.404,203.05,0.65,Running,1,10,82.05,23.74,148,207.65,,,,,,,,,
2026-05-18 04:00:00,hourly,DMS-01,DMS Drum 01,DMS Drum,Surface,3.231,59.9,127.791,,,25.25,219.107,0.81,Running,1,18,79.08,28.75,152,226.67,,,,,,,,,
2026-05-18 05:00:00,hourly,DMS-01,DMS Drum 01,DMS Drum,Surface,3.113,61.442,133.055,,,24.83,185.653,0.79,Running,1,8,80.58,23.63,148,221.452,,,,,,,,,
2026-05-18 06:00:00,hourly,DMS-01,DMS Drum 01,DMS Drum,Surface,3.17,58.743,129.74,,,25.82,216.686,0.76,Running,1,16,82.0,24.13,156,240.352,,,,,,,,,
2026-05-18 07:00:00,hourly,DMS-01,DMS Drum 01,DMS Drum,Surface,3.048,55.39,132.771,,,24.188,194.926,0.94,Running,1,6,79.43,30.81,154,188.691,,,,,,,,,
2026-05-18 08:00:00,hourly,DMS-01,DMS Drum 01,DMS Drum,Surface,3.176,59.557,132.497,,,24.994,214.284,0.81,Running,0,7,83.57,24.87,150,208.592,,,,,,,,,
2026-05-18 09:00:00,hourly,DMS-01,DMS Drum 01,DMS Drum,Surface,3.541,57.794,137.98,,,24.196,228.255,0.81,Running,1,3,83.14,23.66,150,229.452,,,,,,,,,
2026-05-18 10:00:00,hourly,DMS-01,DMS Drum 01,DMS Drum,Surface,2.509,57.757,131.696,,,28.188,201.59,0.8,Running,1,0,80.18,26.49,157,216.041,,,,,,,,,
2026-05-18 11:00:00,hourly,DMS-01,DMS Drum 01,DMS Drum,Surface,3.087,58.569,133.232,,,23.947,218.493,0.76,Running,1,0,80.17,27.81,153,209.153,,,,,,,,,
2026-05-18 12:00:00,hourly,DMS-01,DMS Drum 01,DMS Drum,Surface,3.195,59.435,144.277,,,25.522,225.702,0.97,Running,1,17,80.98,27.63,147,199.157,,,,,,,,,
2026-05-18 13:00:00,hourly,DMS-01,DMS Drum 01,DMS Drum,Surface,3.06,57.59,120.354,,,28.264,205.309,0.79,Running,1,16,80.72,24.0,153,221.938,,,,,,,,,
2026-05-18 14:00:00,hourly,DMS-01,DMS Drum 01,DMS Drum,Surface,3.159,59.484,133.103,,,26.167,204.46,0.97,Running,1,2,82.37,25.18,147,214.836,,,,,,,,,
2026-05-18 15:00:00,hourly,DMS-01,DMS Drum 01,DMS Drum,Surface,3.373,59.154,131.023,,,24.823,216.732,0.75,Running,1,20,79.0,30.93,150,207.499,,,,,,,,,
2026-05-18 16:00:00,hourly,DMS-01,DMS Drum 01,DMS Drum,Surface,2.962,59.494,132.176,,,25.048,227.238,0.82,Running,2,0,79.0,29.28,141,226.357,,,,,,,,,
2026-05-18 17:00:00,hourly,DMS-01,DMS Drum 01,DMS Drum,Surface,3.616,60.064,135.911,,,23.872,239.634,0.78,Running,0,4,80.8,26.84,152,243.583,,,,,,,,,
2026-05-18 18:00:00,hourly,DMS-01,DMS Drum 01,DMS Drum,Surface,2.73,54.205,126.022,,,26.863,203.366,0.76,Running,0,7,81.14,24.95,146,199.813,,,,,,,,,
2026-05-18 19:00:00,hourly,DMS-01,DMS Drum 01,DMS Drum,Surface,3.236,57.655,127.874,,,24.575,220.03,0.8,Running,0,19,80.27,28.21,147,220.423,,,,,,,,,
2026-05-18 20:00:00,hourly,DMS-01,DMS Drum 01,DMS Drum,Surface,3.084,58.115,137.016,,,24.758,206.501,0.95,Running,1,25,81.74,28.78,142,214.204,,,,,,,,,
2026-05-18 21:00:00,hourly,DMS-01,DMS Drum 01,DMS Drum,Surface,3.151,57.936,130.797,,,23.792,198.724,0.92,Running,1,8,82.48,27.34,149,221.365,,,,,,,,,
2026-05-18 22:00:00,hourly,DMS-01,DMS Drum 01,DMS Drum,Surface,3.271,56.768,125.178,,,24.47,209.472,0.82,Running,1,9,81.46,24.8,148,230.766,,,,,,,,,
2026-05-18 23:00:00,hourly,DMS-01,DMS Drum 01,DMS Drum,Surface,2.941,57.178,137.411,,,24.923,209.516,0.71,Running,1,17,80.84,26.07,142,232.195,,,,,,,,,
2026-05-19 00:00:00,hourly,DMS-01,DMS Drum 01,DMS Drum,Surface,3.354,59.412,136.344,,,26.151,213.329,0.85,Running,1,30,79.88,30.9,147,205.313,,,,,,,,,
2026-05-19 01:00:00,hourly,DMS-01,DMS Drum 01,DMS Drum,Surface,3.564,59.301,133.018,,,25.163,217.323,0.78,Running,0,20,80.33,28.73,146,189.079,,,,,,,,,
2026-05-19 02:00:00,hourly,DMS-01,DMS Drum 01,DMS Drum,Surface,3.021,58.492,134.785,,,26.157,215.096,0.74,Running,2,3,78.0,31.95,152,210.994,,,,,,,,,
2026-05-19 03:00:00,hourly,DMS-01,DMS Drum 01,DMS Drum,Surface,2.967,56.527,135.864,,,22.101,226.892,0.87,Running,1,17,78.27,26.81,144,211.086,,,,,,,,,
2026-05-19 04:00:00,hourly,DMS-01,DMS Drum 01,DMS Drum,Surface,3.396,60.071,131.276,,,26.523,234.857,0.72,Running,1,6,82.16,26.8,148,173.781,,,,,,,,,
2026-05-19 05:00:00,hourly,DMS-01,DMS Drum 01,DMS Drum,Surface,3.328,59.939,134.081,,,23.232,212.51,0.83,Running,1,18,82.93,23.33,140,226.509,,,,,,,,,
2026-05-19 06:00:00,hourly,DMS-01,DMS Drum 01,DMS Drum,Surface,2.717,60.56,123.578,,,25.764,206.425,0.86,Running,1,18,77.92,31.38,146,204.981,,,,,,,,,
2026-05-19 07:00:00,hourly,DMS-01,DMS Drum 01,DMS Drum,Surface,3.226,56.966,130.482,,,21.111,209.945,0.87,Running,1,4,80.96,25.24,147,211.615,,,,,,,,,
2026-05-19 08:00:00,hourly,DMS-01,DMS Drum 01,DMS Drum,Surface,3.28,65.346,138.69,,,24.919,209.58,0.72,Running,1,23,77.63,34.62,147,204.354,,,,,,,,,
2026-05-19 09:00:00,hourly,DMS-01,DMS Drum 01,DMS Drum,Surface,3.082,58.877,147.332,,,25.977,205.255,0.95,Running,1,12,82.69,22.29,145,209.447,,,,,,,,,
2026-05-19 10:00:00,hourly,DMS-01,DMS Drum 01,DMS Drum,Surface,3.456,57.024,132.82,,,23.83,194.373,0.84,Running,1,16,80.0,31.9,152,230.226,,,,,,,,,
2026-05-19 11:00:00,hourly,DMS-01,DMS Drum 01,DMS Drum,Surface,2.711,62.988,125.64,,,24.882,196.193,0.82,Running,1,9,84.04,22.4,143,213.546,,,,,,,,,
2026-05-19 12:00:00,hourly,DMS-01,DMS Drum 01,DMS Drum,Surface,2.58,59.892,129.495,,,25.95,220.577,0.71,Running,0,8,78.97,29.11,147,242.073,,,,,,,,,
2026-05-19 13:00:00,hourly,DMS-01,DMS Drum 01,DMS Drum,Surface,3.353,58.861,121.827,,,25.719,221.377,0.75,Running,1,15,79.15,27.42,143,221.186,,,,,,,,,
2026-05-19 14:00:00,hourly,DMS-01,DMS Drum 01,DMS Drum,Surface,2.903,59.095,136.696,,,22.966,216.29,0.79,Running,1,25,80.59,26.13,141,222.205,,,,,,,,,
2026-05-19 15:00:00,hourly,DMS-01,DMS Drum 01,DMS Drum,Surface,3.09,60.921,132.329,,,26.036,209.488,0.82,Running,1,23,81.37,25.67,139,209.533,,,,,,,,,
2026-05-19 16:00:00,hourly,DMS-01,DMS Drum 01,DMS Drum,Surface,2.827,58.968,125.328,,,26.887,206.338,0.85,Running,1,9,81.21,26.58,140,211.559,,,,,,,,,
2026-05-19 17:00:00,hourly,DMS-01,DMS Drum 01,DMS Drum,Surface,3.304,55.216,130.69,,,26.294,195.937,0.79,Running,1,0,81.45,27.06,146,226.86,,,,,,,,,
2026-05-19 18:00:00,hourly,DMS-01,DMS Drum 01,DMS Drum,Surface,3.182,58.463,136.977,,,23.359,204.595,0.93,Running,0,7,79.51,28.28,149,229.034,,,,,,,,,
2026-05-19 19:00:00,hourly,DMS-01,DMS Drum 01,DMS Drum,Surface,3.069,60.21,132.403,,,23.533,203.635,0.79,Running,1,12,81.42,27.08,146,216.149,,,,,,,,,
2026-05-19 20:00:00,hourly,DMS-01,DMS Drum 01,DMS Drum,Surface,2.805,58.414,127.241,,,24.926,195.454,0.83,Running,1,12,83.38,25.63,142,220.222,,,,,,,,,
2026-05-19 21:00:00,hourly,DMS-01,DMS Drum 01,DMS Drum,Surface,3.063,56.638,139.23,,,25.537,215.045,0.91,Running,1,18,81.09,28.59,140,210.473,,,,,,,,,
2026-05-19 22:00:00,hourly,DMS-01,DMS Drum 01,DMS Drum,Surface,3.182,58.445,134.483,,,25.879,203.573,0.77,Running,1,18,78.48,31.38,143,215.52,,,,,,,,,
2026-05-19 23:00:00,hourly,DMS-01,DMS Drum 01,DMS Drum,Surface,2.975,60.16,126.734,,,23.883,212.933,0.71,Running,1,17,80.45,28.37,138,213.668,,,,,,,,,
2026-05-20 00:00:00,hourly,DMS-01,DMS Drum 01,DMS Drum,Surface,2.984,60.947,132.278,,,24.744,194.702,0.78,Running,1,7,76.61,30.62,146,213.006,,,,,,,,,
2026-05-20 01:00:00,hourly,DMS-01,DMS Drum 01,DMS Drum,Surface,3.106,56.419,117.308,,,23.851,219.511,0.89,Running,1,7,80.85,27.23,143,226.486,,,,,,,,,
2026-05-20 02:00:00,hourly,DMS-01,DMS Drum 01,DMS Drum,Surface,3.266,56.294,133.94,,,23.624,217.618,0.82,Running,1,4,77.04,29.98,138,211.766,,,,,,,,,
2026-05-20 03:00:00,hourly,DMS-01,DMS Drum 01,DMS Drum,Surface,3.207,58.423,151.696,,,25.319,206.313,0.87,Running,1,13,80.83,28.87,147,203.667,,,,,,,,,
2026-05-20 04:00:00,hourly,DMS-01,DMS Drum 01,DMS Drum,Surface,3.388,57.223,139.779,,,24.743,228.962,0.71,Running,1,18,79.6,29.14,136,208.709,,,,,,,,,
2026-05-20 05:00:00,hourly,DMS-01,DMS Drum 01,DMS Drum,Surface,3.085,57.445,130.949,,,25.377,211.517,0.69,Running,1,19,81.25,28.51,141,208.48,,,,,,,,,
2026-05-20 06:00:00,hourly,DMS-01,DMS Drum 01,DMS Drum,Surface,3.35,58.037,133.878,,,24.144,214.123,0.86,Running,1,0,79.7,30.77,144,218.668,,,,,,,,,
2026-05-20 07:00:00,hourly,DMS-01,DMS Drum 01,DMS Drum,Surface,2.827,60.007,135.954,,,25.633,193.758,0.85,Running,1,14,81.87,26.27,144,204.688,,,,,,,,,
2026-05-20 08:00:00,hourly,DMS-01,DMS Drum 01,DMS Drum,Surface,3.203,56.953,136.418,,,23.476,203.116,0.74,Running,0,4,80.5,25.95,138,228.264,,,,,,,,,
2026-05-20 09:00:00,hourly,DMS-01,DMS Drum 01,DMS Drum,Surface,3.191,56.344,131.342,,,24.282,204.704,0.73,Running,1,12,81.33,21.66,139,208.744,,,,,,,,,
2026-05-20 10:00:00,hourly,DMS-01,DMS Drum 01,DMS Drum,Surface,3.675,57.16,116.907,,,23.5,221.906,0.8,Running,1,4,78.93,30.59,136,234.49,,,,,,,,,
2026-05-20 11:00:00,hourly,DMS-01,DMS Drum 01,DMS Drum,Surface,2.949,55.694,129.724,,,25.169,224.093,0.81,Running,1,17,78.82,29.31,141,212.893,,,,,,,,,
2026-05-20 12:00:00,hourly,DMS-01,DMS Drum 01,DMS Drum,Surface,2.822,58.673,127.994,,,27.003,205.693,0.72,Running,1,8,77.27,33.42,143,219.932,,,,,,,,,
2026-05-20 13:00:00,hourly,DMS-01,DMS Drum 01,DMS Drum,Surface,2.926,58.785,131.487,,,25.269,214.587,0.81,Running,0,8,77.66,32.67,132,226.454,,,,,,,,,
2026-05-20 14:00:00,hourly,DMS-01,DMS Drum 01,DMS Drum,Surface,2.96,60.501,126.945,,,24.705,222.831,0.7,Running,1,18,79.62,29.73,141,229.68,,,,,,,,,
2026-05-20 15:00:00,hourly,DMS-01,DMS Drum 01,DMS Drum,Surface,3.21,56.575,136.449,,,24.589,208.477,0.77,Running,2,8,79.55,29.13,137,221.336,,,,,,,,,
2026-05-20 16:00:00,hourly,DMS-01,DMS Drum 01,DMS Drum,Surface,2.81,58.824,146.405,,,24.13,195.017,0.71,Running,0,16,80.06,24.59,138,249.267,,,,,,,,,
2026-05-20 17:00:00,hourly,DMS-01,DMS Drum 01,DMS Drum,Surface,3.196,59.231,139.048,,,26.151,221.101,0.81,Running,1,19,78.3,32.91,134,212.618,,,,,,,,,
2026-05-20 18:00:00,hourly,DMS-01,DMS Drum 01,DMS Drum,Surface,3.122,55.658,131.744,,,25.319,217.676,0.77,Running,1,10,79.65,25.97,136,191.45,,,,,,,,,
2026-05-20 19:00:00,hourly,DMS-01,DMS Drum 01,DMS Drum,Surface,3.334,59.019,142.839,,,22.816,216.077,0.93,Running,0,7,81.52,24.58,146,212.098,,,,,,,,,
2026-05-20 20:00:00,hourly,DMS-01,DMS Drum 01,DMS Drum,Surface,3.263,59.094,138.85,,,26.13,224.106,0.84,Running,1,20,80.03,27.29,136,223.717,,,,,,,,,
2026-05-20 21:00:00,hourly,DMS-01,DMS Drum 01,DMS Drum,Surface,3.314,58.369,137.358,,,23.779,225.1,0.71,Running,1,18,79.38,28.9,138,218.966,,,,,,,,,
2026-05-20 22:00:00,hourly,DMS-01,DMS Drum 01,DMS Drum,Surface,3.234,56.181,128.253,,,24.036,220.059,0.89,Running,1,22,79.76,27.7,134,198.35,,,,,,,,,
2026-05-20 23:00:00,hourly,DMS-01,DMS Drum 01,DMS Drum,Surface,3.397,58.476,131.254,,,25.305,198.56,0.8,Running,0,0,81.27,25.11,148,207.88,,,,,,,,,
2026-05-21 00:00:00,hourly,DMS-01,DMS Drum 01,DMS Drum,Surface,2.759,54.908,136.373,,,24.104,194.465,0.88,Running,0,10,79.54,30.25,139,201.283,,,,,,,,,
2026-05-21 01:00:00,hourly,DMS-01,DMS Drum 01,DMS Drum,Surface,2.768,59.247,147.386,,,27.513,216.832,0.71,Running,1,8,78.41,27.57,137,203.328,,,,,,,,,
2026-05-21 02:00:00,hourly,DMS-01,DMS Drum 01,DMS Drum,Surface,3.113,60.042,142.362,,,24.535,213.416,0.87,Running,1,16,78.4,29.41,140,211.324,,,,,,,,,
2026-05-21 03:00:00,hourly,DMS-01,DMS Drum 01,DMS Drum,Surface,3.139,58.222,136.456,,,25.58,214.324,0.98,Running,1,4,78.33,26.15,138,219.173,,,,,,,,,
2026-05-21 04:00:00,hourly,DMS-01,DMS Drum 01,DMS Drum,Surface,2.874,61.073,133.445,,,22.967,232.937,0.86,Running,1,6,78.27,28.36,135,202.442,,,,,,,,,
2026-05-21 05:00:00,hourly,DMS-01,DMS Drum 01,DMS Drum,Surface,3.254,57.322,137.67,,,24.08,223.664,0.77,Running,1,10,80.42,24.28,135,203.772,,,,,,,,,
2026-05-21 06:00:00,hourly,DMS-01,DMS Drum 01,DMS Drum,Surface,2.807,57.267,136.083,,,24.662,210.45,0.91,Running,1,0,81.86,26.87,130,222.611,,,,,,,,,
2026-05-21 07:00:00,hourly,DMS-01,DMS Drum 01,DMS Drum,Surface,3.057,58.126,143.078,,,26.015,203.833,0.76,Running,1,0,78.46,30.53,134,200.678,,,,,,,,,
2026-05-21 08:00:00,hourly,DMS-01,DMS Drum 01,DMS Drum,Surface,3.117,62.96,124.702,,,23.527,220.413,0.86,Running,0,11,77.65,29.67,133,200.054,,,,,,,,,
2026-05-21 09:00:00,hourly,DMS-01,DMS Drum 01,DMS Drum,Surface,3.259,58.124,132.614,,,26.257,218.231,1.0,Running,1,27,77.04,25.74,136,243.458,,,,,,,,,
2026-05-21 10:00:00,hourly,DMS-01,DMS Drum 01,DMS Drum,Surface,3.002,62.74,137.698,,,24.97,210.106,0.77,Running,1,10,81.82,22.4,134,205.313,,,,,,,,,
2026-05-21 11:00:00,hourly,DMS-01,DMS Drum 01,DMS Drum,Surface,3.415,58.599,142.376,,,25.21,179.865,0.86,Running,1,8,80.58,24.99,137,187.14,,,,,,,,,
2026-05-21 12:00:00,hourly,DMS-01,DMS Drum 01,DMS Drum,Surface,3.527,57.143,146.081,,,23.922,201.201,0.98,Running,1,15,77.92,30.18,135,195.344,,,,,,,,,
2026-05-21 13:00:00,hourly,DMS-01,DMS Drum 01,DMS Drum,Surface,3.494,62.391,122.222,,,23.657,222.877,0.9,Running,1,17,79.22,30.61,131,184.806,,,,,,,,,
2026-05-21 14:00:00,hourly,DMS-01,DMS Drum 01,DMS Drum,Surface,3.559,59.036,127.415,,,22.202,197.209,0.88,Running,0,9,81.22,23.42,140,235.809,,,,,,,,,
2026-05-21 15:00:00,hourly,DMS-01,DMS Drum 01,DMS Drum,Surface,3.382,58.131,131.968,,,25.174,219.672,0.66,Running,1,6,78.85,26.91,132,211.711,,,,,,,,,
2026-05-21 16:00:00,hourly,DMS-01,DMS Drum 01,DMS Drum,Surface,3.274,60.33,123.79,,,25.567,218.055,0.74,Running,1,0,80.31,24.21,136,198.156,,,,,,,,,
2026-05-21 17:00:00,hourly,DMS-01,DMS Drum 01,DMS Drum,Surface,2.947,61.068,144.141,,,24.38,200.845,0.89,Running,1,19,78.66,29.88,128,220.593,,,,,,,,,
2026-05-21 18:00:00,hourly,DMS-01,DMS Drum 01,DMS Drum,Surface,2.992,57.598,133.359,,,22.913,223.543,0.79,Running,1,7,78.42,25.87,136,236.716,,,,,,,,,
2026-05-21 19:00:00,hourly,DMS-01,DMS Drum 01,DMS Drum,Surface,3.356,60.42,140.718,,,24.145,211.797,0.78,Running,1,17,74.63,31.98,126,210.357,,,,,,,,,
2026-05-21 20:00:00,hourly,DMS-01,DMS Drum 01,DMS Drum,Surface,2.701,58.281,131.276,,,25.26,210.977,0.91,Running,1,21,78.2,31.46,140,235.621,,,,,,,,,
2026-05-21 21:00:00,hourly,DMS-01,DMS Drum 01,DMS Drum,Surface,3.447,56.852,135.385,,,25.033,198.971,0.87,Running,0,11,77.97,33.89,135,208.059,,,,,,,,,
2026-05-21 22:00:00,hourly,DMS-01,DMS Drum 01,DMS Drum,Surface,2.984,57.376,122.99,,,25.618,228.344,0.75,Running,1,1,79.64,28.63,131,196.3,,,,,,,,,
2026-05-21 23:00:00,hourly,DMS-01,DMS Drum 01,DMS Drum,Surface,3.002,56.498,125.135,,,22.87,198.474,0.88,Running,1,10,79.19,28.51,134,238.119,,,,,,,,,
2026-05-22 00:00:00,hourly,DMS-01,DMS Drum 01,DMS Drum,Surface,3.317,58.894,125.277,,,24.324,198.345,0.74,Running,1,12,79.09,33.64,127,202.689,,,,,,,,,
2026-05-22 01:00:00,hourly,DMS-01,DMS Drum 01,DMS Drum,Surface,3.199,58.906,120.581,,,24.69,214.492,0.69,Running,1,14,80.27,26.58,131,204.878,,,,,,,,,
2026-05-22 02:00:00,hourly,DMS-01,DMS Drum 01,DMS Drum,Surface,3.031,60.908,139.762,,,25.569,201.037,0.84,Running,2,9,74.99,33.98,134,227.348,,,,,,,,,
2026-05-22 03:00:00,hourly,DMS-01,DMS Drum 01,DMS Drum,Surface,2.914,60.392,132.486,,,24.085,237.624,0.72,Running,1,7,78.63,28.85,133,213.305,,,,,,,,,
2026-05-22 04:00:00,hourly,DMS-01,DMS Drum 01,DMS Drum,Surface,2.773,57.979,140.0,,,25.45,200.959,0.72,Running,1,11,76.82,35.46,131,211.27,,,,,,,,,
2026-05-22 05:00:00,hourly,DMS-01,DMS Drum 01,DMS Drum,Surface,2.615,58.384,131.796,,,23.669,222.34,0.74,Running,2,17,76.66,33.75,132,209.259,,,,,,,,,
2026-05-22 06:00:00,hourly,DMS-01,DMS Drum 01,DMS Drum,Surface,3.486,57.522,140.503,,,25.068,232.545,0.83,Running,0,20,78.18,31.6,135,203.504,,,,,,,,,
2026-05-22 07:00:00,hourly,DMS-01,DMS Drum 01,DMS Drum,Surface,3.083,58.968,139.302,,,24.455,221.424,0.88,Running,1,30,78.66,30.53,133,215.369,,,,,,,,,
2026-05-22 08:00:00,hourly,DMS-01,DMS Drum 01,DMS Drum,Surface,2.922,58.345,131.784,,,24.385,203.781,0.79,Running,1,25,79.41,27.91,123,219.667,,,,,,,,,
2026-05-22 09:00:00,hourly,DMS-01,DMS Drum 01,DMS Drum,Surface,3.317,58.863,134.037,,,27.702,216.971,0.72,Running,0,10,79.28,28.36,130,209.725,,,,,,,,,
2026-05-22 10:00:00,hourly,DMS-01,DMS Drum 01,DMS Drum,Surface,2.95,61.551,135.126,,,24.406,229.121,0.73,Running,1,7,77.24,29.93,130,220.79,,,,,,,,,
2026-05-22 11:00:00,hourly,DMS-01,DMS Drum 01,DMS Drum,Surface,2.955,61.654,140.478,,,24.298,194.875,0.69,Running,1,7,78.23,29.69,124,218.636,,,,,,,,,
2026-05-22 12:00:00,hourly,DMS-01,DMS Drum 01,DMS Drum,Surface,3.423,57.595,132.452,,,23.095,226.043,0.87,Running,1,2,80.82,27.41,125,218.295,,,,,,,,,
2026-05-22 13:00:00,hourly,DMS-01,DMS Drum 01,DMS Drum,Surface,3.317,60.262,135.189,,,25.992,218.772,0.74,Running,1,11,81.08,26.09,135,208.902,,,,,,,,,
2026-05-22 14:00:00,hourly,DMS-01,DMS Drum 01,DMS Drum,Surface,3.183,60.032,122.368,,,24.151,235.566,0.83,Running,1,5,77.99,32.43,126,207.686,,,,,,,,,
2026-05-22 15:00:00,hourly,DMS-01,DMS Drum 01,DMS Drum,Surface,3.007,57.751,126.54,,,24.765,218.034,0.67,Running,1,4,78.61,30.47,127,218.081,,,,,,,,,
2026-05-22 16:00:00,hourly,DMS-01,DMS Drum 01,DMS Drum,Surface,3.196,61.482,127.581,,,23.79,214.727,0.92,Running,0,5,77.01,32.57,125,196.106,,,,,,,,,
2026-05-22 17:00:00,hourly,DMS-01,DMS Drum 01,DMS Drum,Surface,3.28,55.995,136.345,,,25.301,221.113,0.82,Running,1,16,80.06,26.18,130,253.503,,,,,,,,,
2026-05-22 18:00:00,hourly,DMS-01,DMS Drum 01,DMS Drum,Surface,3.203,60.852,127.81,,,25.921,198.035,0.69,Running,0,9,82.1,22.6,129,177.704,,,,,,,,,
2026-05-22 19:00:00,hourly,DMS-01,DMS Drum 01,DMS Drum,Surface,3.434,58.591,133.544,,,26.372,203.134,0.77,Running,0,2,77.52,29.22,136,205.07,,,,,,,,,
2026-05-22 20:00:00,hourly,DMS-01,DMS Drum 01,DMS Drum,Surface,2.902,56.782,131.608,,,24.661,213.761,0.83,Running,1,19,80.24,29.84,125,220.127,,,,,,,,,
2026-05-22 21:00:00,hourly,DMS-01,DMS Drum 01,DMS Drum,Surface,3.081,58.472,132.788,,,24.088,206.652,0.75,Running,1,18,79.52,25.22,129,223.155,,,,,,,,,
2026-05-22 22:00:00,hourly,DMS-01,DMS Drum 01,DMS Drum,Surface,3.278,62.394,138.852,,,24.009,205.605,0.85,Running,1,9,78.05,31.11,120,201.118,,,,,,,,,
2026-05-22 23:00:00,hourly,DMS-01,DMS Drum 01,DMS Drum,Surface,3.007,63.601,133.935,,,24.82,237.406,0.92,Running,1,7,77.18,32.33,121,203.847,,,,,,,,,
2026-05-23 00:00:00,hourly,DMS-01,DMS Drum 01,DMS Drum,Surface,3.374,57.356,131.044,,,25.103,234.485,0.89,Running,1,4,82.24,23.49,132,213.656,,,,,,,,,
2026-05-23 01:00:00,hourly,DMS-01,DMS Drum 01,DMS Drum,Surface,3.468,58.766,135.628,,,25.451,182.467,0.81,Running,1,13,79.48,28.65,131,193.951,,,,,,,,,
2026-05-23 02:00:00,hourly,DMS-01,DMS Drum 01,DMS Drum,Surface,3.161,58.491,144.125,,,23.782,213.453,0.93,Running,1,18,79.77,28.67,128,196.14,,,,,,,,,
2026-05-23 03:00:00,hourly,DMS-01,DMS Drum 01,DMS Drum,Surface,3.239,58.812,133.193,,,24.959,198.678,0.83,Running,1,13,77.88,28.66,131,225.252,,,,,,,,,
2026-05-23 04:00:00,hourly,DMS-01,DMS Drum 01,DMS Drum,Surface,3.097,61.94,123.855,,,23.574,226.794,0.81,Running,2,2,78.29,28.81,122,224.426,,,,,,,,,
2026-05-23 05:00:00,hourly,DMS-01,DMS Drum 01,DMS Drum,Surface,3.078,58.115,123.225,,,24.641,215.665,0.81,Running,1,22,76.23,33.02,132,213.157,,,,,,,,,
2026-05-23 06:00:00,hourly,DMS-01,DMS Drum 01,DMS Drum,Surface,3.457,57.376,130.48,,,26.471,230.583,0.82,Running,1,11,79.37,28.68,121,223.778,,,,,,,,,
2026-05-23 07:00:00,hourly,DMS-01,DMS Drum 01,DMS Drum,Surface,2.949,58.022,124.47,,,24.522,202.672,0.85,Running,1,10,77.53,28.61,127,214.314,,,,,,,,,
2026-05-23 08:00:00,hourly,DMS-01,DMS Drum 01,DMS Drum,Surface,3.348,58.515,115.718,,,23.733,201.615,0.74,Running,1,17,76.47,32.95,136,202.179,,,,,,,,,
2026-05-23 09:00:00,hourly,DMS-01,DMS Drum 01,DMS Drum,Surface,3.032,60.338,130.426,,,25.215,210.395,0.91,Running,0,22,76.72,32.67,121,196.804,,,,,,,,,
2026-05-23 10:00:00,hourly,DMS-01,DMS Drum 01,DMS Drum,Surface,2.948,59.119,135.15,,,25.867,205.864,0.92,Running,1,3,81.93,27.13,130,221.774,,,,,,,,,
2026-05-23 11:00:00,hourly,DMS-01,DMS Drum 01,DMS Drum,Surface,3.394,60.149,142.183,,,23.871,211.928,1.0,Running,1,2,77.57,31.19,128,203.594,,,,,,,,,
2026-05-23 12:00:00,hourly,DMS-01,DMS Drum 01,DMS Drum,Surface,3.319,60.9,132.383,,,23.167,227.288,0.68,Running,1,11,78.62,28.96,122,224.37,,,,,,,,,
2026-05-23 13:00:00,hourly,DMS-01,DMS Drum 01,DMS Drum,Surface,2.996,58.359,134.686,,,23.818,218.66,0.82,Running,1,14,76.1,34.83,132,208.774,,,,,,,,,
2026-05-23 14:00:00,hourly,DMS-01,DMS Drum 01,DMS Drum,Surface,3.113,58.765,136.138,,,24.264,209.501,0.75,Running,1,21,77.68,33.3,120,231.248,,,,,,,,,
2026-05-23 15:00:00,hourly,DMS-01,DMS Drum 01,DMS Drum,Surface,3.124,59.835,133.119,,,26.613,213.713,0.87,Running,1,22,75.77,30.98,123,199.675,,,,,,,,,
2026-05-23 16:00:00,hourly,DMS-01,DMS Drum 01,DMS Drum,Surface,3.211,57.736,127.877,,,23.106,194.083,0.91,Running,1,8,78.54,28.83,126,197.127,,,,,,,,,
2026-05-23 17:00:00,hourly,DMS-01,DMS Drum 01,DMS Drum,Surface,3.038,58.996,147.758,,,22.757,189.646,0.82,Running,1,14,76.47,28.54,123,215.966,,,,,,,,,
2026-05-23 18:00:00,hourly,DMS-01,DMS Drum 01,DMS Drum,Surface,3.573,60.927,125.653,,,25.116,227.621,0.79,Running,1,14,79.18,27.05,135,208.214,,,,,,,,,
2026-05-23 19:00:00,hourly,DMS-01,DMS Drum 01,DMS Drum,Surface,2.89,59.152,135.497,,,23.935,203.959,0.78,Running,1,20,75.02,37.77,118,215.162,,,,,,,,,
2026-05-23 20:00:00,hourly,DMS-01,DMS Drum 01,DMS Drum,Surface,2.793,61.348,127.133,,,23.599,230.309,0.8,Running,1,0,76.85,30.08,129,212.08,,,,,,,,,
2026-05-23 21:00:00,hourly,DMS-01,DMS Drum 01,DMS Drum,Surface,3.13,57.199,133.394,,,25.568,209.432,0.85,Running,1,15,79.72,29.14,113,205.895,,,,,,,,,
2026-05-23 22:00:00,hourly,DMS-01,DMS Drum 01,DMS Drum,Surface,2.681,59.576,135.481,,,24.897,214.729,0.85,Running,1,5,80.27,28.26,110,209.358,,,,,,,,,
2026-05-23 23:00:00,hourly,DMS-01,DMS Drum 01,DMS Drum,Surface,2.972,60.037,131.211,,,25.994,223.091,0.94,Running,0,16,77.81,29.72,122,182.47,,,,,,,,,
2026-05-24 00:00:00,hourly,DMS-01,DMS Drum 01,DMS Drum,Surface,3.008,59.545,124.141,,,25.668,224.503,0.8,Running,1,3,77.16,30.89,125,233.991,,,,,,,,,
2026-05-24 01:00:00,hourly,DMS-01,DMS Drum 01,DMS Drum,Surface,3.164,58.4,130.215,,,23.337,206.968,0.89,Running,0,14,77.94,33.48,127,204.157,,,,,,,,,
2026-05-24 02:00:00,hourly,DMS-01,DMS Drum 01,DMS Drum,Surface,3.113,56.18,140.526,,,22.771,214.0,0.75,Running,1,9,81.02,28.28,128,219.244,,,,,,,,,
2026-05-24 03:00:00,hourly,DMS-01,DMS Drum 01,DMS Drum,Surface,3.218,61.081,122.154,,,26.128,212.935,0.72,Running,1,34,77.29,36.09,122,184.03,,,,,,,,,
2026-05-24 04:00:00,hourly,DMS-01,DMS Drum 01,DMS Drum,Surface,2.975,56.28,144.096,,,24.636,217.701,0.9,Running,1,5,77.7,25.93,123,200.741,,,,,,,,,
2026-05-24 05:00:00,hourly,DMS-01,DMS Drum 01,DMS Drum,Surface,3.072,56.428,133.354,,,28.402,215.486,0.85,Running,1,5,75.99,34.5,122,216.667,,,,,,,,,
2026-05-24 06:00:00,hourly,DMS-01,DMS Drum 01,DMS Drum,Surface,3.302,60.075,137.704,,,25.944,204.414,0.78,Running,0,21,76.57,27.85,126,238.465,,,,,,,,,
2026-05-24 07:00:00,hourly,DMS-01,DMS Drum 01,DMS Drum,Surface,2.619,58.273,125.334,,,26.429,214.977,0.75,Running,1,18,78.34,30.06,115,219.364,,,,,,,,,
2026-05-24 08:00:00,hourly,DMS-01,DMS Drum 01,DMS Drum,Surface,3.265,59.252,131.679,,,23.65,195.631,0.78,Running,0,13,79.04,28.71,117,220.877,,,,,,,,,
2026-05-24 09:00:00,hourly,DMS-01,DMS Drum 01,DMS Drum,Surface,2.65,56.546,128.072,,,24.682,213.234,0.84,Running,1,8,78.08,28.21,123,206.216,,,,,,,,,
2026-05-24 10:00:00,hourly,DMS-01,DMS Drum 01,DMS Drum,Surface,3.168,59.542,134.812,,,25.752,214.626,0.83,Running,1,3,78.9,28.14,124,212.899,,,,,,,,,
2026-05-24 11:00:00,hourly,DMS-01,DMS Drum 01,DMS Drum,Surface,3.291,60.582,125.112,,,24.68,201.446,0.7,Running,1,9,75.95,32.88,125,210.311,,,,,,,,,
2026-05-24 12:00:00,hourly,DMS-01,DMS Drum 01,DMS Drum,Surface,3.241,56.031,128.423,,,24.848,209.836,0.72,Running,1,9,75.77,34.6,119,217.383,,,,,,,,,
2026-05-24 13:00:00,hourly,DMS-01,DMS Drum 01,DMS Drum,Surface,3.019,59.481,147.249,,,25.073,207.066,0.83,Running,1,6,78.78,27.22,117,230.452,,,,,,,,,
2026-05-24 14:00:00,hourly,DMS-01,DMS Drum 01,DMS Drum,Surface,3.23,60.721,137.316,,,23.911,207.301,0.87,Running,1,8,76.73,30.91,121,208.179,,,,,,,,,
2026-05-24 15:00:00,hourly,DMS-01,DMS Drum 01,DMS Drum,Surface,2.942,56.477,135.458,,,23.719,222.334,0.76,Running,1,9,75.59,35.02,114,213.457,,,,,,,,,
2026-05-24 16:00:00,hourly,DMS-01,DMS Drum 01,DMS Drum,Surface,3.501,59.291,135.356,,,24.559,218.798,0.71,Running,2,20,77.77,32.36,125,207.587,,,,,,,,,
2026-05-24 17:00:00,hourly,DMS-01,DMS Drum 01,DMS Drum,Surface,3.369,59.118,143.031,,,24.281,224.792,0.82,Running,1,1,77.56,36.48,116,209.474,,,,,,,,,
2026-05-24 18:00:00,hourly,DMS-01,DMS Drum 01,DMS Drum,Surface,2.943,59.703,131.946,,,23.725,238.203,0.64,Running,1,16,77.1,32.2,117,228.99,,,,,,,,,
2026-05-24 19:00:00,hourly,DMS-01,DMS Drum 01,DMS Drum,Surface,3.502,58.512,139.398,,,24.625,226.44,0.79,Running,0,13,79.92,29.18,121,219.395,,,,,,,,,
2026-05-24 20:00:00,hourly,DMS-01,DMS Drum 01,DMS Drum,Surface,3.218,56.267,116.333,,,23.21,194.845,0.87,Running,1,10,80.36,26.85,114,217.592,,,,,,,,,
2026-05-24 21:00:00,hourly,DMS-01,DMS Drum 01,DMS Drum,Surface,2.901,58.284,132.025,,,25.691,205.42,0.8,Running,1,18,78.88,32.18,113,211.378,,,,,,,,,
2026-05-24 22:00:00,hourly,DMS-01,DMS Drum 01,DMS Drum,Surface,3.453,57.988,130.712,,,25.483,229.399,0.69,Running,1,14,78.01,28.72,122,201.067,,,,,,,,,
2026-05-24 23:00:00,hourly,DMS-01,DMS Drum 01,DMS Drum,Surface,3.568,58.919,129.216,,,25.596,208.562,0.94,Running,1,12,79.51,28.36,113,222.912,,,,,,,,,
2026-05-25 00:00:00,hourly,DMS-01,DMS Drum 01,DMS Drum,Surface,3.113,61.342,138.073,,,23.769,207.772,0.82,Running,1,21,77.53,31.76,118,224.922,,,,,,,,,
2026-05-25 01:00:00,hourly,DMS-01,DMS Drum 01,DMS Drum,Surface,3.263,56.233,131.967,,,23.616,217.326,0.84,Running,0,0,76.95,33.05,116,225.526,,,,,,,,,
2026-05-25 02:00:00,hourly,DMS-01,DMS Drum 01,DMS Drum,Surface,3.172,60.887,131.794,,,26.359,209.907,0.89,Running,1,33,76.3,34.85,108,212.986,,,,,,,,,
2026-05-25 03:00:00,hourly,DMS-01,DMS Drum 01,DMS Drum,Surface,3.315,62.426,127.442,,,24.539,233.843,0.81,Running,2,23,75.97,33.04,112,202.321,,,,,,,,,
2026-05-25 04:00:00,hourly,DMS-01,DMS Drum 01,DMS Drum,Surface,3.367,62.314,130.186,,,25.457,211.402,0.8,Running,1,26,78.68,31.43,117,222.19,,,,,,,,,
2026-05-25 05:00:00,hourly,DMS-01,DMS Drum 01,DMS Drum,Surface,3.414,62.478,118.904,,,23.389,242.288,0.92,Running,1,6,74.77,32.29,120,228.351,,,,,,,,,
2026-05-25 06:00:00,hourly,DMS-01,DMS Drum 01,DMS Drum,Surface,2.734,59.446,130.755,,,24.429,206.633,0.75,Running,1,14,76.2,33.62,112,224.989,,,,,,,,,
2026-05-25 07:00:00,hourly,DMS-01,DMS Drum 01,DMS Drum,Surface,3.054,59.222,123.069,,,26.202,205.475,0.89,Running,1,14,76.57,28.83,111,202.325,,,,,,,,,
2026-05-25 08:00:00,hourly,DMS-01,DMS Drum 01,DMS Drum,Surface,3.411,55.654,143.798,,,24.931,203.345,0.73,Running,1,10,74.86,34.54,117,218.531,,,,,,,,,
2026-05-25 09:00:00,hourly,DMS-01,DMS Drum 01,DMS Drum,Surface,3.012,58.681,138.133,,,24.471,203.932,0.76,Running,2,17,76.46,37.75,118,186.029,,,,,,,,,
2026-05-25 10:00:00,hourly,DMS-01,DMS Drum 01,DMS Drum,Surface,3.264,61.251,139.399,,,25.45,222.065,0.84,Running,2,15,77.22,32.22,118,232.033,,,,,,,,,
2026-05-25 11:00:00,hourly,DMS-01,DMS Drum 01,DMS Drum,Surface,2.961,56.403,123.773,,,25.149,197.263,0.93,Running,1,3,78.69,28.68,115,215.68,,,,,,,,,
2026-05-25 12:00:00,hourly,DMS-01,DMS Drum 01,DMS Drum,Surface,3.344,57.474,138.897,,,27.27,201.346,0.83,Running,2,20,76.22,34.12,112,216.09,,,,,,,,,
2026-05-25 13:00:00,hourly,DMS-01,DMS Drum 01,DMS Drum,Surface,3.191,59.321,128.371,,,24.817,219.641,0.71,Running,1,18,77.17,31.67,117,234.992,,,,,,,,,
2026-05-25 14:00:00,hourly,DMS-01,DMS Drum 01,DMS Drum,Surface,3.328,55.975,134.99,,,25.545,187.374,0.88,Running,1,7,74.6,33.12,113,205.109,,,,,,,,,
2026-05-25 15:00:00,hourly,DMS-01,DMS Drum 01,DMS Drum,Surface,3.278,62.587,131.756,,,24.606,195.75,0.76,Running,1,2,75.02,31.08,116,215.041,,,,,,,,,
2026-05-25 16:00:00,hourly,DMS-01,DMS Drum 01,DMS Drum,Surface,2.847,60.236,123.424,,,23.58,212.804,0.87,Running,1,15,73.9,36.32,111,201.353,,,,,,,,,
2026-05-25 17:00:00,hourly,DMS-01,DMS Drum 01,DMS Drum,Surface,3.687,59.784,125.823,,,25.272,218.332,0.84,Running,1,6,78.49,29.53,112,192.474,,,,,,,,,
2026-05-25 18:00:00,hourly,DMS-01,DMS Drum 01,DMS Drum,Surface,2.871,60.673,137.712,,,23.006,209.408,0.7,Running,1,15,76.38,32.36,115,217.347,,,,,,,,,
2026-05-25 19:00:00,hourly,DMS-01,DMS Drum 01,DMS Drum,Surface,3.782,58.497,137.5,,,25.949,218.678,0.85,Running,1,7,77.24,33.36,104,216.713,,,,,,,,,
2026-05-25 20:00:00,hourly,DMS-01,DMS Drum 01,DMS Drum,Surface,2.668,59.677,123.512,,,23.185,203.131,0.72,Running,0,26,77.7,33.81,118,183.727,,,,,,,,,
2026-05-25 21:00:00,hourly,DMS-01,DMS Drum 01,DMS Drum,Surface,3.203,57.294,141.087,,,23.702,231.632,0.93,Running,0,7,78.13,31.9,112,223.675,,,,,,,,,
2026-05-25 22:00:00,hourly,DMS-01,DMS Drum 01,DMS Drum,Surface,2.85,54.753,130.47,,,23.601,224.405,0.69,Running,0,5,80.03,27.13,101,212.883,,,,,,,,,
2026-05-25 23:00:00,hourly,DMS-01,DMS Drum 01,DMS Drum,Surface,3.576,59.098,124.178,,,25.508,203.709,0.81,Running,1,13,76.73,32.68,112,224.013,,,,,,,,,
2026-05-26 00:00:00,hourly,DMS-01,DMS Drum 01,DMS Drum,Surface,2.946,62.17,129.319,,,23.419,211.227,0.74,Running,1,0,75.64,36.17,110,216.78,,,,,,,,,
2026-05-26 01:00:00,hourly,DMS-01,DMS Drum 01,DMS Drum,Surface,2.927,62.351,123.686,,,25.373,189.923,0.93,Running,1,6,77.87,32.6,107,228.136,,,,,,,,,
2026-05-26 02:00:00,hourly,DMS-01,DMS Drum 01,DMS Drum,Surface,3.198,58.815,128.108,,,23.953,224.659,0.7,Running,1,0,80.52,28.3,119,229.748,,,,,,,,,
2026-05-26 03:00:00,hourly,DMS-01,DMS Drum 01,DMS Drum,Surface,3.534,58.653,129.849,,,24.621,198.158,1.0,Running,1,15,75.85,32.71,114,216.3,,,,,,,,,
2026-05-26 04:00:00,hourly,DMS-01,DMS Drum 01,DMS Drum,Surface,3.487,56.227,136.819,,,24.117,207.055,0.79,Running,1,23,75.42,36.49,110,226.438,,,,,,,,,
2026-05-26 05:00:00,hourly,DMS-01,DMS Drum 01,DMS Drum,Surface,3.139,61.206,138.908,,,27.553,210.01,0.77,Running,2,12,72.58,41.07,111,225.879,,,,,,,,,
2026-05-26 06:00:00,hourly,DMS-01,DMS Drum 01,DMS Drum,Surface,3.116,59.996,140.672,,,22.763,197.016,0.88,Running,1,28,73.34,38.96,111,196.989,,,,,,,,,
2026-05-26 07:00:00,hourly,DMS-01,DMS Drum 01,DMS Drum,Surface,3.319,58.838,138.745,,,25.347,203.545,0.82,Running,1,7,78.9,35.43,103,201.182,,,,,,,,,
2026-05-26 08:00:00,hourly,DMS-01,DMS Drum 01,DMS Drum,Surface,3.18,55.454,119.93,,,24.747,218.018,0.75,Running,1,10,76.33,34.63,120,199.406,,,,,,,,,
2026-05-26 09:00:00,hourly,DMS-01,DMS Drum 01,DMS Drum,Surface,3.214,55.781,123.15,,,23.822,207.58,0.76,Running,1,23,74.77,37.62,110,222.85,,,,,,,,,
2026-05-26 10:00:00,hourly,DMS-01,DMS Drum 01,DMS Drum,Surface,3.161,59.457,140.96,,,25.231,224.025,0.78,Running,1,20,76.57,34.08,116,203.66,,,,,,,,,
2026-05-26 11:00:00,hourly,DMS-01,DMS Drum 01,DMS Drum,Surface,3.342,56.285,130.024,,,23.605,222.471,0.76,Running,0,14,80.71,26.75,106,185.118,,,,,,,,,
2026-05-26 12:00:00,hourly,DMS-01,DMS Drum 01,DMS Drum,Surface,3.305,60.243,132.328,,,23.468,203.393,0.88,Running,1,21,76.53,30.5,111,199.455,,,,,,,,,
2026-05-26 13:00:00,hourly,DMS-01,DMS Drum 01,DMS Drum,Surface,3.562,60.34,137.737,,,23.38,208.143,0.83,Running,1,10,79.57,27.07,104,208.23,,,,,,,,,
2026-05-26 14:00:00,hourly,DMS-01,DMS Drum 01,DMS Drum,Surface,3.045,56.732,142.353,,,24.854,208.156,0.86,Running,1,16,74.98,33.51,97,220.029,,,,,,,,,
2026-05-26 15:00:00,hourly,DMS-01,DMS Drum 01,DMS Drum,Surface,3.043,59.326,136.622,,,24.036,208.754,0.79,Running,1,6,78.8,27.27,112,231.701,,,,,,,,,
2026-05-26 16:00:00,hourly,DMS-01,DMS Drum 01,DMS Drum,Surface,3.177,57.455,127.324,,,23.714,231.307,0.87,Running,1,30,75.54,33.67,109,226.943,,,,,,,,,
2026-05-26 17:00:00,hourly,DMS-01,DMS Drum 01,DMS Drum,Surface,3.151,61.033,124.812,,,25.166,215.917,0.76,Running,1,10,75.19,34.74,106,216.111,,,,,,,,,
2026-05-26 18:00:00,hourly,DMS-01,DMS Drum 01,DMS Drum,Surface,3.407,65.501,125.872,,,26.047,193.713,0.75,Running,1,13,74.89,37.53,94,202.048,,,,,,,,,
2026-05-26 19:00:00,hourly,DMS-01,DMS Drum 01,DMS Drum,Surface,2.948,59.027,141.948,,,23.05,205.774,0.78,Running,0,14,75.86,31.39,105,185.57,,,,,,,,,
2026-05-26 20:00:00,hourly,DMS-01,DMS Drum 01,DMS Drum,Surface,3.506,62.066,139.411,,,25.149,208.094,0.93,Running,1,19,77.92,32.7,108,206.821,,,,,,,,,
2026-05-26 21:00:00,hourly,DMS-01,DMS Drum 01,DMS Drum,Surface,3.134,61.216,133.721,,,25.38,218.73,0.77,Running,1,20,75.56,34.75,103,209.637,,,,,,,,,
2026-05-26 22:00:00,hourly,DMS-01,DMS Drum 01,DMS Drum,Surface,3.486,59.12,123.434,,,26.28,235.281,0.78,Running,1,0,78.02,31.52,107,215.056,,,,,,,,,
2026-05-26 23:00:00,hourly,DMS-01,DMS Drum 01,DMS Drum,Surface,3.811,60.283,139.665,,,24.404,223.11,0.84,Running,1,29,75.14,34.61,104,226.19,,,,,,,,,
2026-05-27 00:00:00,hourly,DMS-01,DMS Drum 01,DMS Drum,Surface,3.45,56.872,134.758,,,26.604,212.445,0.81,Running,2,30,76.14,37.59,101,223.069,,,,,,,,,
2026-05-27 01:00:00,hourly,DMS-01,DMS Drum 01,DMS Drum,Surface,3.355,59.544,128.078,,,25.45,203.469,0.73,Running,0,23,75.4,32.87,105,214.986,,,,,,,,,
2026-05-27 02:00:00,hourly,DMS-01,DMS Drum 01,DMS Drum,Surface,3.473,58.717,133.076,,,22.494,230.738,0.73,Running,1,12,79.13,28.1,97,208.107,,,,,,,,,
2026-05-27 03:00:00,hourly,DMS-01,DMS Drum 01,DMS Drum,Surface,3.135,61.874,137.016,,,25.109,210.132,0.88,Running,1,23,77.04,32.39,108,192.372,,,,,,,,,
2026-05-27 04:00:00,hourly,DMS-01,DMS Drum 01,DMS Drum,Surface,3.27,58.106,130.36,,,24.727,196.655,0.72,Running,1,16,76.64,33.49,106,202.494,,,,,,,,,
2026-05-27 05:00:00,hourly,DMS-01,DMS Drum 01,DMS Drum,Surface,3.046,57.298,126.236,,,25.929,218.0,0.89,Running,1,16,75.72,34.44,108,200.201,,,,,,,,,
2026-05-27 06:00:00,hourly,DMS-01,DMS Drum 01,DMS Drum,Surface,3.062,57.376,134.823,,,26.163,198.888,0.78,Running,1,20,75.21,34.6,109,250.013,,,,,,,,,
2026-05-27 07:00:00,hourly,DMS-01,DMS Drum 01,DMS Drum,Surface,3.283,60.936,135.277,,,23.581,221.64,0.63,Running,2,20,74.51,36.74,104,241.652,,,,,,,,,
2026-05-27 08:00:00,hourly,DMS-01,DMS Drum 01,DMS Drum,Surface,3.232,58.966,120.268,,,25.834,209.004,0.87,Running,1,21,78.22,31.7,94,196.108,,,,,,,,,
2026-05-27 09:00:00,hourly,DMS-01,DMS Drum 01,DMS Drum,Surface,3.313,56.12,133.031,,,24.591,210.071,0.88,Running,1,0,73.5,37.03,103,219.238,,,,,,,,,
2026-05-27 10:00:00,hourly,DMS-01,DMS Drum 01,DMS Drum,Surface,3.243,61.252,127.649,,,23.894,180.8,0.87,Running,1,14,75.48,38.0,100,194.833,,,,,,,,,
2026-05-27 11:00:00,hourly,DMS-01,DMS Drum 01,DMS Drum,Surface,3.143,56.459,136.895,,,26.483,226.685,0.78,Running,1,3,77.45,32.45,110,216.886,,,,,,,,,
2026-05-27 12:00:00,hourly,DMS-01,DMS Drum 01,DMS Drum,Surface,3.433,58.292,121.645,,,24.173,199.613,0.79,Running,0,23,73.34,36.78,102,206.894,,,,,,,,,
2026-05-27 13:00:00,hourly,DMS-01,DMS Drum 01,DMS Drum,Surface,3.064,58.939,124.664,,,24.782,205.102,0.78,Running,2,6,76.28,35.69,107,211.783,,,,,,,,,
2026-05-27 14:00:00,hourly,DMS-01,DMS Drum 01,DMS Drum,Surface,3.273,57.262,117.189,,,24.653,216.069,0.76,Running,2,10,74.58,31.53,109,228.499,,,,,,,,,
2026-05-27 15:00:00,hourly,DMS-01,DMS Drum 01,DMS Drum,Surface,3.489,56.125,136.508,,,25.36,212.035,0.84,Running,1,20,76.0,31.36,100,219.0,,,,,,,,,
2026-05-27 16:00:00,hourly,DMS-01,DMS Drum 01,DMS Drum,Surface,3.385,60.899,123.123,,,26.325,241.348,0.8,Running,1,24,75.66,33.67,103,225.972,,,,,,,,,
2026-05-27 17:00:00,hourly,DMS-01,DMS Drum 01,DMS Drum,Surface,3.208,60.597,124.343,,,26.673,193.102,0.78,Running,1,23,72.3,36.42,103,220.837,,,,,,,,,
2026-05-27 18:00:00,hourly,DMS-01,DMS Drum 01,DMS Drum,Surface,2.785,59.465,133.0,,,25.827,209.212,0.76,Running,1,20,76.91,33.93,111,203.556,,,,,,,,,
2026-05-27 19:00:00,hourly,DMS-01,DMS Drum 01,DMS Drum,Surface,3.135,60.062,132.534,,,22.713,223.251,0.83,Running,2,4,74.29,37.54,107,195.461,,,,,,,,,
2026-05-27 20:00:00,hourly,DMS-01,DMS Drum 01,DMS Drum,Surface,3.727,56.14,138.119,,,26.489,208.508,0.92,Running,2,6,74.97,38.31,98,209.631,,,,,,,,,
2026-05-27 21:00:00,hourly,DMS-01,DMS Drum 01,DMS Drum,Surface,3.158,60.369,138.836,,,25.46,213.792,0.83,Running,1,2,75.91,32.58,99,209.613,,,,,,,,,
2026-05-27 22:00:00,hourly,DMS-01,DMS Drum 01,DMS Drum,Surface,3.217,60.168,141.595,,,26.056,244.857,0.71,Running,1,5,76.41,34.17,100,206.521,,,,,,,,,
2026-05-27 23:00:00,hourly,DMS-01,DMS Drum 01,DMS Drum,Surface,3.259,60.227,144.998,,,24.377,214.637,0.82,Running,1,16,76.5,35.46,98,203.984,,,,,,,,,
2026-05-28 00:00:00,hourly,DMS-01,DMS Drum 01,DMS Drum,Surface,3.322,60.225,141.005,,,24.723,230.663,0.86,Running,1,21,77.03,32.49,100,214.787,,,,,,,,,
2026-05-28 01:00:00,hourly,DMS-01,DMS Drum 01,DMS Drum,Surface,3.063,61.286,136.046,,,25.877,221.659,0.88,Running,1,27,71.79,41.46,99,232.36,,,,,,,,,
2026-05-28 02:00:00,hourly,DMS-01,DMS Drum 01,DMS Drum,Surface,3.403,59.181,135.251,,,27.151,222.72,0.86,Running,0,0,76.49,32.71,101,184.471,,,,,,,,,
2026-05-28 03:00:00,hourly,DMS-01,DMS Drum 01,DMS Drum,Surface,3.319,59.526,138.058,,,24.968,211.497,0.83,Running,1,14,75.72,36.63,100,196.479,,,,,,,,,
2026-05-28 04:00:00,hourly,DMS-01,DMS Drum 01,DMS Drum,Surface,2.809,56.875,119.607,,,23.238,194.339,1.0,Running,1,11,74.79,33.77,105,217.545,,,,,,,,,
2026-05-28 05:00:00,hourly,DMS-01,DMS Drum 01,DMS Drum,Surface,2.612,60.719,132.681,,,25.451,226.946,0.72,Running,2,0,76.08,30.39,97,187.89,,,,,,,,,
2026-05-28 06:00:00,hourly,DMS-01,DMS Drum 01,DMS Drum,Surface,3.094,58.15,120.984,,,24.511,220.583,0.94,Running,1,19,77.11,31.29,93,193.695,,,,,,,,,
2026-05-28 07:00:00,hourly,DMS-01,DMS Drum 01,DMS Drum,Surface,2.933,58.292,128.643,,,23.467,220.337,0.86,Running,2,22,74.21,35.93,98,243.528,,,,,,,,,
2026-05-28 08:00:00,hourly,DMS-01,DMS Drum 01,DMS Drum,Surface,3.299,58.653,123.467,,,24.575,212.117,1.0,Running,1,8,77.83,31.91,97,221.79,,,,,,,,,
2026-05-28 09:00:00,hourly,DMS-01,DMS Drum 01,DMS Drum,Surface,3.135,57.398,136.532,,,25.306,206.147,0.7,Running,1,10,77.4,32.54,105,251.297,,,,,,,,,
2026-05-28 10:00:00,hourly,DMS-01,DMS Drum 01,DMS Drum,Surface,3.339,59.238,138.029,,,25.996,229.804,0.94,Running,0,14,76.14,31.98,102,190.021,,,,,,,,,
2026-05-28 11:00:00,hourly,DMS-01,DMS Drum 01,DMS Drum,Surface,3.342,61.011,142.346,,,24.152,217.861,0.95,Running,1,18,73.57,35.0,104,243.129,,,,,,,,,
2026-05-28 12:00:00,hourly,DMS-01,DMS Drum 01,DMS Drum,Surface,2.986,57.337,127.073,,,24.203,192.003,0.81,Running,1,8,78.95,32.72,102,195.588,,,,,,,,,
2026-05-28 13:00:00,hourly,DMS-01,DMS Drum 01,DMS Drum,Surface,3.14,59.423,129.252,,,24.609,213.314,0.75,Running,2,6,75.94,33.41,90,226.49,,,,,,,,,
2026-05-28 14:00:00,hourly,DMS-01,DMS Drum 01,DMS Drum,Surface,3.096,60.726,141.447,,,26.838,210.316,0.99,Running,1,4,75.7,33.07,95,183.491,,,,,,,,,
2026-05-28 15:00:00,hourly,DMS-01,DMS Drum 01,DMS Drum,Surface,3.453,54.752,130.295,,,26.34,182.455,0.75,Running,2,27,75.62,34.76,92,218.039,,,,,,,,,
2026-05-28 16:00:00,hourly,DMS-01,DMS Drum 01,DMS Drum,Surface,3.188,62.992,128.86,,,25.407,205.003,0.9,Running,1,22,76.31,31.23,104,219.033,,,,,,,,,
2026-05-28 17:00:00,hourly,DMS-01,DMS Drum 01,DMS Drum,Surface,3.531,58.596,138.891,,,25.361,245.141,0.94,Running,1,4,76.88,30.93,101,207.71,,,,,,,,,
2026-05-28 18:00:00,hourly,DMS-01,DMS Drum 01,DMS Drum,Surface,3.545,57.702,137.545,,,24.35,185.675,0.81,Running,0,6,75.34,36.11,99,194.501,,,,,,,,,
2026-05-28 19:00:00,hourly,DMS-01,DMS Drum 01,DMS Drum,Surface,3.199,59.639,140.626,,,25.654,200.153,0.81,Running,2,5,73.37,35.26,95,210.074,,,,,,,,,
2026-05-28 20:00:00,hourly,DMS-01,DMS Drum 01,DMS Drum,Surface,3.09,58.206,137.314,,,23.535,184.814,0.96,Running,1,1,76.99,29.55,95,217.37,,,,,,,,,
2026-05-28 21:00:00,hourly,DMS-01,DMS Drum 01,DMS Drum,Surface,3.023,59.359,131.19,,,25.302,195.024,0.8,Running,1,32,74.01,35.68,93,197.902,,,,,,,,,
2026-05-28 22:00:00,hourly,DMS-01,DMS Drum 01,DMS Drum,Surface,3.404,58.075,143.581,,,22.288,191.966,0.78,Running,1,8,73.69,37.36,99,211.133,,,,,,,,,
2026-05-28 23:00:00,hourly,DMS-01,DMS Drum 01,DMS Drum,Surface,3.21,61.644,140.155,,,22.757,199.821,0.6,Running,1,22,75.17,37.51,97,213.146,,,,,,,,,
2026-05-29 00:00:00,hourly,DMS-01,DMS Drum 01,DMS Drum,Surface,3.06,64.607,133.864,,,22.404,234.634,0.91,Running,1,11,74.52,36.35,99,220.368,,,,,,,,,
2026-04-29 00:00:00,hourly,CR-01,Crusher 01,Crusher,Surface,3.888,61.049,177.373,,,738.439,304.503,0.79,Running,0,3,90.65,12.52,57,263.875,,,,,,,,,
2026-04-29 01:00:00,hourly,CR-01,Crusher 01,Crusher,Surface,4.229,64.082,188.518,,,684.345,305.218,0.69,Running,0,8,90.49,11.87,58,267.356,,,,,,,,,
2026-04-29 02:00:00,hourly,CR-01,Crusher 01,Crusher,Surface,4.251,63.203,170.12,,,752.25,363.165,0.77,Running,0,0,91.49,8.68,57,312.355,,,,,,,,,
2026-04-29 03:00:00,hourly,CR-01,Crusher 01,Crusher,Surface,3.938,64.136,182.201,,,717.618,306.101,0.79,Running,1,5,90.56,14.05,59,313.639,,,,,,,,,
2026-04-29 04:00:00,hourly,CR-01,Crusher 01,Crusher,Surface,3.79,63.644,169.523,,,740.571,337.938,0.84,Running,0,1,92.0,10.04,57,318.34,,,,,,,,,
2026-04-29 05:00:00,hourly,CR-01,Crusher 01,Crusher,Surface,4.44,62.289,175.228,,,717.191,292.788,0.78,Running,0,7,92.61,11.39,66,297.978,,,,,,,,,
2026-04-29 06:00:00,hourly,CR-01,Crusher 01,Crusher,Surface,3.448,68.623,173.337,,,745.107,286.054,0.82,Running,0,9,89.72,14.98,61,290.503,,,,,,,,,
2026-04-29 07:00:00,hourly,CR-01,Crusher 01,Crusher,Surface,3.439,57.82,182.212,,,724.036,279.236,0.78,Running,1,0,90.99,13.32,62,309.747,,,,,,,,,
2026-04-29 08:00:00,hourly,CR-01,Crusher 01,Crusher,Surface,4.05,65.476,183.569,,,751.695,315.954,0.85,Running,1,1,88.0,16.47,59,295.438,,,,,,,,,
2026-04-29 09:00:00,hourly,CR-01,Crusher 01,Crusher,Surface,3.886,65.501,199.633,,,767.961,283.59,0.71,Running,0,7,89.73,11.82,51,303.19,,,,,,,,,
2026-04-29 10:00:00,hourly,CR-01,Crusher 01,Crusher,Surface,3.816,64.306,176.587,,,758.024,288.428,0.81,Running,0,5,90.55,14.18,63,296.988,,,,,,,,,
2026-04-29 11:00:00,hourly,CR-01,Crusher 01,Crusher,Surface,3.36,64.791,181.357,,,711.571,309.357,0.73,Running,0,9,90.15,15.46,59,297.368,,,,,,,,,
2026-04-29 12:00:00,hourly,CR-01,Crusher 01,Crusher,Surface,3.647,65.656,189.899,,,706.567,294.238,0.79,Running,0,7,90.25,18.3,61,343.335,,,,,,,,,
2026-04-29 13:00:00,hourly,CR-01,Crusher 01,Crusher,Surface,4.355,62.874,177.914,,,716.498,302.858,0.84,Running,0,5,91.2,11.13,59,318.511,,,,,,,,,
2026-04-29 14:00:00,hourly,CR-01,Crusher 01,Crusher,Surface,4.305,63.266,179.156,,,776.486,277.517,0.75,Running,0,6,91.48,9.83,50,309.175,,,,,,,,,
2026-04-29 15:00:00,hourly,CR-01,Crusher 01,Crusher,Surface,4.151,63.393,184.294,,,806.709,257.253,0.81,Running,0,2,86.87,16.04,57,290.226,,,,,,,,,
2026-04-29 16:00:00,hourly,CR-01,Crusher 01,Crusher,Surface,3.67,65.305,171.456,,,732.304,323.303,0.79,Running,0,4,90.52,13.17,56,300.018,,,,,,,,,
2026-04-29 17:00:00,hourly,CR-01,Crusher 01,Crusher,Surface,3.817,65.401,180.249,,,723.15,321.045,0.98,Running,0,2,89.67,16.06,60,320.28,,,,,,,,,
2026-04-29 18:00:00,hourly,CR-01,Crusher 01,Crusher,Surface,3.797,61.656,170.148,,,785.802,295.761,0.85,Running,1,8,89.36,16.68,61,302.725,,,,,,,,,
2026-04-29 19:00:00,hourly,CR-01,Crusher 01,Crusher,Surface,3.716,64.041,175.093,,,738.843,302.112,0.86,Running,0,1,92.31,13.9,67,289.903,,,,,,,,,
2026-04-29 20:00:00,hourly,CR-01,Crusher 01,Crusher,Surface,3.758,62.729,199.768,,,747.649,283.319,0.75,Running,0,12,87.22,18.67,61,262.086,,,,,,,,,
2026-04-29 21:00:00,hourly,CR-01,Crusher 01,Crusher,Surface,3.892,61.964,176.878,,,753.913,295.549,0.62,Running,0,3,89.89,11.75,56,290.667,,,,,,,,,
2026-04-29 22:00:00,hourly,CR-01,Crusher 01,Crusher,Surface,3.481,63.088,180.561,,,731.871,343.886,0.77,Running,0,6,92.23,11.36,57,313.843,,,,,,,,,
2026-04-29 23:00:00,hourly,CR-01,Crusher 01,Crusher,Surface,4.28,61.548,151.903,,,729.479,332.553,0.69,Running,0,2,89.99,9.81,61,271.083,,,,,,,,,
2026-04-30 00:00:00,hourly,CR-01,Crusher 01,Crusher,Surface,3.886,59.913,182.794,,,747.6,305.372,0.84,Running,0,9,88.31,15.67,62,331.049,,,,,,,,,
2026-04-30 01:00:00,hourly,CR-01,Crusher 01,Crusher,Surface,3.778,64.452,198.171,,,738.908,266.08,0.84,Running,1,10,89.43,13.94,54,304.267,,,,,,,,,
2026-04-30 02:00:00,hourly,CR-01,Crusher 01,Crusher,Surface,3.457,66.518,169.949,,,703.275,309.758,0.83,Running,0,7,92.56,11.33,57,329.705,,,,,,,,,
2026-04-30 03:00:00,hourly,CR-01,Crusher 01,Crusher,Surface,4.167,63.528,189.298,,,726.188,295.611,0.81,Running,1,2,91.56,12.7,58,297.12,,,,,,,,,
2026-04-30 04:00:00,hourly,CR-01,Crusher 01,Crusher,Surface,3.621,66.49,172.282,,,745.928,292.943,0.75,Running,1,11,88.8,14.2,52,250.454,,,,,,,,,
2026-04-30 05:00:00,hourly,CR-01,Crusher 01,Crusher,Surface,4.08,66.135,161.951,,,735.09,300.295,0.76,Running,0,6,92.04,9.73,61,290.121,,,,,,,,,
2026-04-30 06:00:00,hourly,CR-01,Crusher 01,Crusher,Surface,3.673,62.205,174.155,,,762.394,335.133,0.85,Running,0,3,90.55,13.36,59,284.166,,,,,,,,,
2026-04-30 07:00:00,hourly,CR-01,Crusher 01,Crusher,Surface,3.973,62.319,171.723,,,729.205,303.108,0.98,Running,0,10,85.41,21.37,57,279.885,,,,,,,,,
2026-04-30 08:00:00,hourly,CR-01,Crusher 01,Crusher,Surface,3.556,60.867,179.734,,,796.554,318.42,0.84,Running,0,13,89.26,16.51,59,309.267,,,,,,,,,
2026-04-30 09:00:00,hourly,CR-01,Crusher 01,Crusher,Surface,3.891,64.884,175.579,,,750.763,308.187,0.85,Running,0,2,92.3,9.81,61,278.727,,,,,,,,,
2026-04-30 10:00:00,hourly,CR-01,Crusher 01,Crusher,Surface,3.921,65.547,168.646,,,751.318,307.643,0.97,Running,0,3,89.08,15.19,66,266.981,,,,,,,,,
2026-04-30 11:00:00,hourly,CR-01,Crusher 01,Crusher,Surface,3.994,64.317,183.985,,,735.981,312.566,0.82,Running,0,4,91.71,9.52,61,284.726,,,,,,,,,
2026-04-30 12:00:00,hourly,CR-01,Crusher 01,Crusher,Surface,4.213,62.479,190.42,,,742.417,293.081,0.74,Running,0,1,86.93,16.23,53,316.918,,,,,,,,,
2026-04-30 13:00:00,hourly,CR-01,Crusher 01,Crusher,Surface,4.104,64.149,185.206,,,700.165,276.205,0.85,Running,0,6,87.08,14.21,69,292.74,,,,,,,,,
2026-04-30 14:00:00,hourly,CR-01,Crusher 01,Crusher,Surface,4.42,66.011,180.519,,,749.284,329.375,0.95,Running,0,7,90.94,11.42,53,278.623,,,,,,,,,
2026-04-30 15:00:00,hourly,CR-01,Crusher 01,Crusher,Surface,3.524,65.774,177.991,,,800.418,273.245,0.89,Running,0,7,90.44,15.94,59,289.557,,,,,,,,,
2026-04-30 16:00:00,hourly,CR-01,Crusher 01,Crusher,Surface,4.582,65.597,184.649,,,772.529,305.898,0.84,Running,1,4,88.99,18.25,57,322.489,,,,,,,,,
2026-04-30 17:00:00,hourly,CR-01,Crusher 01,Crusher,Surface,4.239,65.126,173.317,,,706.774,333.383,0.67,Running,0,9,90.37,14.62,57,309.13,,,,,,,,,
2026-04-30 18:00:00,hourly,CR-01,Crusher 01,Crusher,Surface,3.826,67.127,187.264,,,756.709,306.96,0.7,Running,1,7,87.98,18.84,59,310.184,,,,,,,,,
2026-04-30 19:00:00,hourly,CR-01,Crusher 01,Crusher,Surface,4.258,62.039,166.064,,,760.727,311.596,0.85,Running,0,4,87.07,19.72,59,308.845,,,,,,,,,
2026-04-30 20:00:00,hourly,CR-01,Crusher 01,Crusher,Surface,4.493,62.94,161.46,,,788.589,311.625,0.79,Running,1,7,89.44,15.13,63,262.12,,,,,,,,,
2026-04-30 21:00:00,hourly,CR-01,Crusher 01,Crusher,Surface,4.299,62.158,185.072,,,728.581,321.805,0.81,Running,0,8,88.32,11.49,55,295.763,,,,,,,,,
2026-04-30 22:00:00,hourly,CR-01,Crusher 01,Crusher,Surface,3.671,63.436,168.233,,,808.47,325.286,0.9,Running,1,5,89.39,19.38,59,320.605,,,,,,,,,
2026-04-30 23:00:00,hourly,CR-01,Crusher 01,Crusher,Surface,3.981,67.933,171.439,,,751.949,275.069,0.72,Running,0,12,89.0,14.98,60,250.324,,,,,,,,,
2026-05-01 00:00:00,hourly,CR-01,Crusher 01,Crusher,Surface,4.198,62.605,168.646,,,727.443,324.52,0.77,Running,1,7,88.09,16.26,67,255.685,,,,,,,,,
2026-05-01 01:00:00,hourly,CR-01,Crusher 01,Crusher,Surface,3.964,62.658,185.019,,,706.55,299.758,0.92,Running,0,6,91.59,14.7,59,274.736,,,,,,,,,
2026-05-01 02:00:00,hourly,CR-01,Crusher 01,Crusher,Surface,4.107,60.357,171.11,,,745.842,287.263,0.72,Running,0,8,86.86,18.72,53,282.008,,,,,,,,,
2026-05-01 03:00:00,hourly,CR-01,Crusher 01,Crusher,Surface,4.13,65.98,193.016,,,754.274,281.552,0.91,Running,0,5,88.71,20.84,63,299.331,,,,,,,,,
2026-05-01 04:00:00,hourly,CR-01,Crusher 01,Crusher,Surface,3.684,64.372,186.827,,,719.175,305.563,0.85,Running,0,1,88.27,14.76,55,269.945,,,,,,,,,
2026-05-01 05:00:00,hourly,CR-01,Crusher 01,Crusher,Surface,4.359,67.797,181.82,,,765.069,290.895,0.81,Running,0,16,88.86,17.67,54,309.547,,,,,,,,,
2026-05-01 06:00:00,hourly,CR-01,Crusher 01,Crusher,Surface,4.011,67.824,195.202,,,762.496,302.342,0.83,Running,1,2,88.39,15.76,62,347.617,,,,,,,,,
2026-05-01 07:00:00,hourly,CR-01,Crusher 01,Crusher,Surface,3.973,61.797,169.896,,,749.005,300.948,0.85,Running,0,10,89.99,14.21,58,285.984,,,,,,,,,
2026-05-01 08:00:00,hourly,CR-01,Crusher 01,Crusher,Surface,3.718,64.314,180.572,,,726.423,306.279,0.87,Running,1,12,88.71,14.04,56,267.555,,,,,,,,,
2026-05-01 09:00:00,hourly,CR-01,Crusher 01,Crusher,Surface,3.918,67.538,156.409,,,749.221,315.391,0.66,Running,1,4,87.12,16.77,64,289.154,,,,,,,,,
2026-05-01 10:00:00,hourly,CR-01,Crusher 01,Crusher,Surface,4.274,62.737,174.057,,,796.576,322.267,0.92,Running,1,12,86.47,21.53,55,310.57,,,,,,,,,
2026-05-01 11:00:00,hourly,CR-01,Crusher 01,Crusher,Surface,4.067,66.87,166.197,,,724.607,321.909,0.84,Running,0,11,86.83,19.48,55,301.99,,,,,,,,,
2026-05-01 12:00:00,hourly,CR-01,Crusher 01,Crusher,Surface,4.209,58.554,188.499,,,702.929,328.441,0.91,Running,1,11,86.71,19.46,59,314.904,,,,,,,,,
2026-05-01 13:00:00,hourly,CR-01,Crusher 01,Crusher,Surface,3.989,64.391,192.039,,,738.923,296.441,0.86,Running,0,3,89.04,12.08,48,292.586,,,,,,,,,
2026-05-01 14:00:00,hourly,CR-01,Crusher 01,Crusher,Surface,4.028,63.041,176.752,,,727.496,287.996,0.99,Running,0,4,87.77,13.91,57,305.951,,,,,,,,,
2026-05-01 15:00:00,hourly,CR-01,Crusher 01,Crusher,Surface,3.511,67.109,202.355,,,700.331,299.658,0.76,Running,0,9,88.49,14.28,57,355.222,,,,,,,,,
2026-05-01 16:00:00,hourly,CR-01,Crusher 01,Crusher,Surface,4.124,63.66,171.086,,,759.085,292.397,0.95,Running,0,0,85.6,19.37,53,290.007,,,,,,,,,
2026-05-01 17:00:00,hourly,CR-01,Crusher 01,Crusher,Surface,3.95,66.547,167.691,,,714.162,277.61,0.75,Running,1,0,87.24,17.65,56,298.6,,,,,,,,,
2026-05-01 18:00:00,hourly,CR-01,Crusher 01,Crusher,Surface,4.106,65.849,174.195,,,711.432,296.636,0.86,Running,1,7,88.47,16.77,57,308.778,,,,,,,,,
2026-05-01 19:00:00,hourly,CR-01,Crusher 01,Crusher,Surface,3.368,62.794,183.455,,,769.717,313.66,0.9,Running,0,6,89.31,17.01,56,353.853,,,,,,,,,
2026-05-01 20:00:00,hourly,CR-01,Crusher 01,Crusher,Surface,4.776,66.75,189.131,,,784.788,323.102,0.82,Running,1,10,85.22,23.64,60,317.765,,,,,,,,,
2026-05-01 21:00:00,hourly,CR-01,Crusher 01,Crusher,Surface,4.04,65.937,187.633,,,815.59,299.647,0.66,Running,0,3,90.05,14.32,57,301.265,,,,,,,,,
2026-05-01 22:00:00,hourly,CR-01,Crusher 01,Crusher,Surface,4.159,61.02,176.347,,,707.799,320.827,0.83,Running,0,8,89.8,12.59,56,288.845,,,,,,,,,
2026-05-01 23:00:00,hourly,CR-01,Crusher 01,Crusher,Surface,4.139,65.911,191.004,,,758.478,301.512,0.78,Running,1,10,89.07,16.77,59,328.641,,,,,,,,,
2026-05-02 00:00:00,hourly,CR-01,Crusher 01,Crusher,Surface,3.931,63.537,174.616,,,711.776,258.542,0.89,Running,1,7,89.41,15.19,57,297.144,,,,,,,,,
2026-05-02 01:00:00,hourly,CR-01,Crusher 01,Crusher,Surface,4.154,65.801,208.933,,,750.049,276.969,0.75,Running,1,1,86.73,19.51,68,332.612,,,,,,,,,
2026-05-02 02:00:00,hourly,CR-01,Crusher 01,Crusher,Surface,4.386,65.304,190.62,,,744.084,308.812,0.78,Running,1,15,86.01,22.0,60,293.32,,,,,,,,,
2026-05-02 03:00:00,hourly,CR-01,Crusher 01,Crusher,Surface,4.086,67.136,159.764,,,692.427,268.911,0.77,Running,1,0,87.37,16.91,54,285.996,,,,,,,,,
2026-05-02 04:00:00,hourly,CR-01,Crusher 01,Crusher,Surface,4.293,66.998,175.078,,,761.813,277.501,0.8,Running,1,2,87.66,20.19,49,267.103,,,,,,,,,
2026-05-02 05:00:00,hourly,CR-01,Crusher 01,Crusher,Surface,4.268,62.855,172.425,,,748.01,274.117,0.83,Running,0,10,86.13,16.57,53,310.467,,,,,,,,,
2026-05-02 06:00:00,hourly,CR-01,Crusher 01,Crusher,Surface,4.252,63.51,201.215,,,763.733,297.806,0.87,Running,0,2,88.02,18.23,48,259.342,,,,,,,,,
2026-05-02 07:00:00,hourly,CR-01,Crusher 01,Crusher,Surface,4.598,64.155,170.734,,,715.21,305.882,0.86,Running,1,3,89.28,13.71,58,326.795,,,,,,,,,
2026-05-02 08:00:00,hourly,CR-01,Crusher 01,Crusher,Surface,4.151,67.334,157.58,,,802.922,270.869,0.72,Running,0,7,88.4,16.69,55,267.631,,,,,,,,,
2026-05-02 09:00:00,hourly,CR-01,Crusher 01,Crusher,Surface,4.025,63.819,190.306,,,754.766,315.259,0.75,Running,1,12,86.99,18.87,53,259.199,,,,,,,,,
2026-05-02 10:00:00,hourly,CR-01,Crusher 01,Crusher,Surface,4.038,65.57,151.426,,,756.546,301.865,0.77,Running,0,13,82.96,23.15,58,298.303,,,,,,,,,
2026-05-02 11:00:00,hourly,CR-01,Crusher 01,Crusher,Surface,4.176,66.983,176.716,,,783.731,277.92,0.79,Running,1,15,84.36,20.62,54,320.354,,,,,,,,,
2026-05-02 12:00:00,hourly,CR-01,Crusher 01,Crusher,Surface,3.65,64.937,188.384,,,747.437,302.442,0.75,Running,1,5,86.61,17.05,57,296.766,,,,,,,,,
2026-05-02 13:00:00,hourly,CR-01,Crusher 01,Crusher,Surface,4.478,68.992,176.505,,,724.495,288.154,0.76,Running,0,3,87.74,17.74,54,316.211,,,,,,,,,
2026-05-02 14:00:00,hourly,CR-01,Crusher 01,Crusher,Surface,3.988,63.546,194.667,,,776.06,287.927,0.92,Running,1,2,84.38,23.14,56,306.463,,,,,,,,,
2026-05-02 15:00:00,hourly,CR-01,Crusher 01,Crusher,Surface,4.036,66.154,184.41,,,743.76,279.015,0.84,Running,1,9,86.76,22.18,61,314.504,,,,,,,,,
2026-05-02 16:00:00,hourly,CR-01,Crusher 01,Crusher,Surface,3.675,65.821,171.392,,,772.763,301.533,0.73,Running,0,8,87.69,16.72,59,334.173,,,,,,,,,
2026-05-02 17:00:00,hourly,CR-01,Crusher 01,Crusher,Surface,4.102,65.188,182.737,,,744.572,297.364,0.85,Running,0,16,86.39,15.98,61,284.018,,,,,,,,,
2026-05-02 18:00:00,hourly,CR-01,Crusher 01,Crusher,Surface,3.665,59.776,198.054,,,804.024,297.22,0.79,Running,1,12,85.45,21.31,57,302.97,,,,,,,,,
2026-05-02 19:00:00,hourly,CR-01,Crusher 01,Crusher,Surface,3.569,64.25,183.097,,,746.081,299.659,0.97,Running,1,0,84.02,18.89,48,256.651,,,,,,,,,
2026-05-02 20:00:00,hourly,CR-01,Crusher 01,Crusher,Surface,3.858,60.742,185.956,,,730.882,306.211,0.77,Running,1,14,87.58,20.6,52,329.732,,,,,,,,,
2026-05-02 21:00:00,hourly,CR-01,Crusher 01,Crusher,Surface,4.005,63.745,185.38,,,755.899,298.399,0.78,Running,1,4,85.24,22.18,49,292.18,,,,,,,,,
2026-05-02 22:00:00,hourly,CR-01,Crusher 01,Crusher,Surface,3.825,64.768,173.549,,,734.773,266.265,0.8,Running,0,1,88.87,13.57,59,300.924,,,,,,,,,
2026-05-02 23:00:00,hourly,CR-01,Crusher 01,Crusher,Surface,4.171,70.488,164.193,,,724.412,301.193,0.73,Running,0,10,86.46,15.78,55,292.606,,,,,,,,,
2026-05-03 00:00:00,hourly,CR-01,Crusher 01,Crusher,Surface,4.455,66.787,184.713,,,781.958,284.668,0.86,Running,0,10,86.72,16.87,60,284.828,,,,,,,,,
2026-05-03 01:00:00,hourly,CR-01,Crusher 01,Crusher,Surface,4.156,62.516,195.425,,,713.744,322.339,0.82,Running,1,13,87.41,18.69,59,316.395,,,,,,,,,
2026-05-03 02:00:00,hourly,CR-01,Crusher 01,Crusher,Surface,3.428,65.482,186.899,,,773.65,309.84,0.85,Running,1,5,85.44,18.85,54,312.32,,,,,,,,,
2026-05-03 03:00:00,hourly,CR-01,Crusher 01,Crusher,Surface,4.09,66.027,167.53,,,788.472,319.972,0.82,Running,1,19,86.72,20.08,62,287.69,,,,,,,,,
2026-05-03 04:00:00,hourly,CR-01,Crusher 01,Crusher,Surface,4.273,65.271,185.261,,,737.884,292.371,0.83,Running,0,14,84.88,23.04,59,338.037,,,,,,,,,
2026-05-03 05:00:00,hourly,CR-01,Crusher 01,Crusher,Surface,3.99,65.088,190.501,,,753.719,318.294,0.95,Running,1,3,84.58,20.44,55,318.737,,,,,,,,,
2026-05-03 06:00:00,hourly,CR-01,Crusher 01,Crusher,Surface,4.199,63.727,193.044,,,724.976,282.119,0.86,Running,1,23,84.35,23.67,56,335.414,,,,,,,,,
2026-05-03 07:00:00,hourly,CR-01,Crusher 01,Crusher,Surface,4.186,65.939,187.354,,,776.352,301.944,0.68,Running,1,13,84.97,23.45,60,258.932,,,,,,,,,
2026-05-03 08:00:00,hourly,CR-01,Crusher 01,Crusher,Surface,3.78,65.714,183.781,,,712.997,285.955,0.84,Running,0,7,89.0,16.53,56,286.213,,,,,,,,,
2026-05-03 09:00:00,hourly,CR-01,Crusher 01,Crusher,Surface,4.474,66.733,174.878,,,772.398,313.102,0.91,Running,0,6,84.21,23.2,52,321.464,,,,,,,,,
2026-05-03 10:00:00,hourly,CR-01,Crusher 01,Crusher,Surface,4.029,67.131,179.456,,,746.591,333.396,0.63,Running,1,0,86.58,17.66,50,273.205,,,,,,,,,
2026-05-03 11:00:00,hourly,CR-01,Crusher 01,Crusher,Surface,4.02,67.067,191.327,,,724.3,308.746,0.73,Running,1,15,85.18,24.81,53,291.079,,,,,,,,,
2026-05-03 12:00:00,hourly,CR-01,Crusher 01,Crusher,Surface,4.257,65.404,172.936,,,728.152,275.568,0.87,Running,0,5,83.67,20.89,52,277.598,,,,,,,,,
2026-05-03 13:00:00,hourly,CR-01,Crusher 01,Crusher,Surface,3.643,64.772,172.599,,,758.964,290.34,0.9,Running,0,6,86.7,17.73,55,309.078,,,,,,,,,
2026-05-03 14:00:00,hourly,CR-01,Crusher 01,Crusher,Surface,4.507,66.956,188.623,,,715.203,357.615,0.83,Running,1,9,84.58,23.47,52,292.849,,,,,,,,,
2026-05-03 15:00:00,hourly,CR-01,Crusher 01,Crusher,Surface,3.835,63.218,185.287,,,760.401,317.343,0.85,Running,1,4,84.62,20.78,53,278.168,,,,,,,,,
2026-05-03 16:00:00,hourly,CR-01,Crusher 01,Crusher,Surface,4.675,59.271,196.183,,,750.518,288.705,0.93,Running,1,9,87.01,17.58,59,338.627,,,,,,,,,
2026-05-03 17:00:00,hourly,CR-01,Crusher 01,Crusher,Surface,4.474,61.051,190.682,,,735.749,319.214,0.78,Running,1,4,84.81,18.55,61,314.862,,,,,,,,,
2026-05-03 18:00:00,hourly,CR-01,Crusher 01,Crusher,Surface,3.835,60.738,176.102,,,758.669,304.917,0.74,Running,1,0,85.53,19.32,51,314.448,,,,,,,,,
2026-05-03 19:00:00,hourly,CR-01,Crusher 01,Crusher,Surface,4.241,66.601,197.149,,,725.143,349.995,0.8,Running,1,11,85.07,25.73,52,305.011,,,,,,,,,
2026-05-03 20:00:00,hourly,CR-01,Crusher 01,Crusher,Surface,3.858,65.585,184.771,,,738.669,304.031,0.83,Running,1,5,84.91,20.4,53,319.531,,,,,,,,,
2026-05-03 21:00:00,hourly,CR-01,Crusher 01,Crusher,Surface,3.819,67.172,188.826,,,735.763,298.201,0.85,Running,1,0,82.9,26.5,55,312.97,,,,,,,,,
2026-05-03 22:00:00,hourly,CR-01,Crusher 01,Crusher,Surface,3.401,66.54,178.301,,,712.772,301.535,0.88,Running,1,2,86.33,18.14,55,260.808,,,,,,,,,
2026-05-03 23:00:00,hourly,CR-01,Crusher 01,Crusher,Surface,4.344,67.804,187.0,,,737.034,295.875,0.95,Running,1,8,85.26,18.51,52,343.909,,,,,,,,,
2026-05-04 00:00:00,hourly,CR-01,Crusher 01,Crusher,Surface,4.019,68.041,176.723,,,704.935,290.025,0.83,Running,1,8,86.15,17.83,56,340.318,,,,,,,,,
2026-05-04 01:00:00,hourly,CR-01,Crusher 01,Crusher,Surface,4.395,67.613,160.739,,,731.138,282.691,0.72,Running,0,17,84.98,22.48,52,291.813,,,,,,,,,
2026-05-04 02:00:00,hourly,CR-01,Crusher 01,Crusher,Surface,4.23,67.679,200.212,,,700.641,294.339,0.76,Running,0,10,86.43,14.63,52,265.323,,,,,,,,,
2026-05-04 03:00:00,hourly,CR-01,Crusher 01,Crusher,Surface,3.8,69.307,173.432,,,718.975,316.849,0.83,Running,1,12,84.93,24.51,50,278.061,,,,,,,,,
2026-05-04 04:00:00,hourly,CR-01,Crusher 01,Crusher,Surface,4.421,70.388,176.553,,,721.523,298.421,0.94,Running,1,4,86.83,19.39,58,278.817,,,,,,,,,
2026-05-04 05:00:00,hourly,CR-01,Crusher 01,Crusher,Surface,4.327,65.586,175.956,,,756.28,292.696,0.87,Running,1,6,83.13,22.87,57,308.695,,,,,,,,,
2026-05-04 06:00:00,hourly,CR-01,Crusher 01,Crusher,Surface,4.031,69.11,200.443,,,720.472,279.245,0.75,Running,1,11,83.26,21.85,55,293.196,,,,,,,,,
2026-05-04 07:00:00,hourly,CR-01,Crusher 01,Crusher,Surface,4.47,64.039,187.164,,,712.859,315.826,0.77,Running,1,11,87.33,16.69,56,288.85,,,,,,,,,
2026-05-04 08:00:00,hourly,CR-01,Crusher 01,Crusher,Surface,4.099,64.187,188.714,,,735.374,332.148,0.8,Running,1,12,85.74,22.26,58,316.119,,,,,,,,,
2026-05-04 09:00:00,hourly,CR-01,Crusher 01,Crusher,Surface,3.948,69.449,192.093,,,794.657,287.958,0.83,Running,1,4,87.35,14.55,56,299.98,,,,,,,,,
2026-05-04 10:00:00,hourly,CR-01,Crusher 01,Crusher,Surface,4.13,65.73,190.036,,,702.079,291.777,0.8,Running,1,9,85.29,20.48,56,323.571,,,,,,,,,
2026-05-04 11:00:00,hourly,CR-01,Crusher 01,Crusher,Surface,4.079,61.504,184.735,,,763.399,286.702,0.75,Running,0,8,83.81,24.92,51,301.451,,,,,,,,,
2026-05-04 12:00:00,hourly,CR-01,Crusher 01,Crusher,Surface,3.748,62.642,184.452,,,754.386,318.054,0.76,Running,0,0,87.19,13.88,47,339.972,,,,,,,,,
2026-05-04 13:00:00,hourly,CR-01,Crusher 01,Crusher,Surface,3.405,63.679,197.596,,,799.513,322.108,0.81,Running,1,9,81.24,25.01,50,352.124,,,,,,,,,
2026-05-04 14:00:00,hourly,CR-01,Crusher 01,Crusher,Surface,4.693,62.73,170.541,,,752.805,306.149,0.84,Running,1,5,85.38,17.45,62,308.109,,,,,,,,,
2026-05-04 15:00:00,hourly,CR-01,Crusher 01,Crusher,Surface,4.542,66.852,173.862,,,746.287,282.033,0.74,Running,1,15,79.98,25.45,52,295.956,,,,,,,,,
2026-05-04 16:00:00,hourly,CR-01,Crusher 01,Crusher,Surface,4.649,63.511,189.235,,,746.109,310.484,0.85,Running,1,2,86.4,19.48,59,301.546,,,,,,,,,
2026-05-04 17:00:00,hourly,CR-01,Crusher 01,Crusher,Surface,4.479,64.928,186.092,,,744.14,307.715,0.97,Running,1,4,82.29,26.09,55,326.335,,,,,,,,,
2026-05-04 18:00:00,hourly,CR-01,Crusher 01,Crusher,Surface,4.088,64.158,179.365,,,763.3,309.539,0.84,Running,1,15,83.39,22.44,53,322.255,,,,,,,,,
2026-05-04 19:00:00,hourly,CR-01,Crusher 01,Crusher,Surface,4.162,62.355,206.649,,,731.089,284.768,0.84,Running,1,4,82.28,21.81,49,261.176,,,,,,,,,
2026-05-04 20:00:00,hourly,CR-01,Crusher 01,Crusher,Surface,4.033,62.488,171.049,,,823.924,283.589,0.71,Running,1,4,84.72,19.66,50,315.367,,,,,,,,,
2026-05-04 21:00:00,hourly,CR-01,Crusher 01,Crusher,Surface,4.384,67.852,183.428,,,767.269,274.42,0.88,Running,1,13,83.42,24.01,52,294.625,,,,,,,,,
2026-05-04 22:00:00,hourly,CR-01,Crusher 01,Crusher,Surface,4.366,66.466,185.792,,,739.925,324.424,0.77,Running,1,11,85.87,19.71,52,309.297,,,,,,,,,
2026-05-04 23:00:00,hourly,CR-01,Crusher 01,Crusher,Surface,4.125,58.023,178.947,,,738.362,325.035,0.91,Running,1,17,82.55,22.07,55,303.194,,,,,,,,,
2026-05-05 00:00:00,hourly,CR-01,Crusher 01,Crusher,Surface,4.362,64.191,176.377,,,744.381,274.617,0.96,Running,1,8,81.66,24.7,50,294.493,,,,,,,,,
2026-05-05 01:00:00,hourly,CR-01,Crusher 01,Crusher,Surface,4.582,67.874,180.015,,,743.604,289.425,0.77,Running,1,8,82.74,25.72,50,266.631,,,,,,,,,
2026-05-05 02:00:00,hourly,CR-01,Crusher 01,Crusher,Surface,4.236,67.104,199.021,,,761.455,289.553,0.77,Running,1,7,86.06,19.91,56,268.423,,,,,,,,,
2026-05-05 03:00:00,hourly,CR-01,Crusher 01,Crusher,Surface,3.891,70.865,179.336,,,752.456,320.226,0.86,Running,1,5,85.06,18.83,60,297.235,,,,,,,,,
2026-05-05 04:00:00,hourly,CR-01,Crusher 01,Crusher,Surface,4.381,65.163,187.112,,,782.755,305.456,0.72,Running,1,11,85.19,21.25,53,300.418,,,,,,,,,
2026-05-05 05:00:00,hourly,CR-01,Crusher 01,Crusher,Surface,3.88,66.7,177.169,,,719.733,331.696,0.83,Running,1,7,82.4,23.52,54,302.036,,,,,,,,,
2026-05-05 06:00:00,hourly,CR-01,Crusher 01,Crusher,Surface,4.008,63.696,190.393,,,743.784,298.728,0.8,Running,1,2,81.11,25.15,52,309.281,,,,,,,,,
2026-05-05 07:00:00,hourly,CR-01,Crusher 01,Crusher,Surface,4.336,62.121,194.09,,,719.358,279.892,0.81,Running,1,0,85.45,20.64,52,285.481,,,,,,,,,
2026-05-05 08:00:00,hourly,CR-01,Crusher 01,Crusher,Surface,4.442,66.724,181.451,,,732.309,290.791,0.66,Running,1,9,80.91,24.53,51,272.828,,,,,,,,,
2026-05-05 09:00:00,hourly,CR-01,Crusher 01,Crusher,Surface,4.289,64.924,190.266,,,731.228,287.7,0.86,Running,0,13,83.07,22.82,51,325.345,,,,,,,,,
2026-05-05 10:00:00,hourly,CR-01,Crusher 01,Crusher,Surface,3.96,72.28,182.14,,,764.942,323.051,1.0,Running,1,6,81.94,27.37,54,315.975,,,,,,,,,
2026-05-05 11:00:00,hourly,CR-01,Crusher 01,Crusher,Surface,5.102,64.489,183.764,,,727.982,338.766,0.79,Running,1,2,83.07,28.64,54,288.265,,,,,,,,,
2026-05-05 12:00:00,hourly,CR-01,Crusher 01,Crusher,Surface,4.114,64.907,187.878,,,780.937,313.021,0.7,Running,1,19,80.16,24.35,51,322.92,,,,,,,,,
2026-05-05 13:00:00,hourly,CR-01,Crusher 01,Crusher,Surface,4.41,66.13,186.557,,,782.352,291.686,0.88,Running,1,6,84.2,20.36,49,281.684,,,,,,,,,
2026-05-05 14:00:00,hourly,CR-01,Crusher 01,Crusher,Surface,4.102,68.21,185.82,,,763.15,308.89,0.75,Running,1,15,84.98,23.29,50,308.818,,,,,,,,,
2026-05-05 15:00:00,hourly,CR-01,Crusher 01,Crusher,Surface,3.998,68.024,168.754,,,714.843,274.936,0.82,Running,1,13,84.4,19.32,54,309.127,,,,,,,,,
2026-05-05 16:00:00,hourly,CR-01,Crusher 01,Crusher,Surface,4.299,62.001,171.176,,,781.829,300.737,0.76,Running,1,21,80.9,26.49,48,289.994,,,,,,,,,
2026-05-05 17:00:00,hourly,CR-01,Crusher 01,Crusher,Surface,4.154,69.142,166.285,,,733.263,274.259,0.71,Running,1,10,83.32,26.95,48,314.905,,,,,,,,,
2026-05-05 18:00:00,hourly,CR-01,Crusher 01,Crusher,Surface,4.319,65.63,169.612,,,735.726,313.08,0.84,Running,1,1,82.29,23.33,53,275.497,,,,,,,,,
2026-05-05 19:00:00,hourly,CR-01,Crusher 01,Crusher,Surface,4.097,59.611,188.273,,,757.789,301.465,0.76,Running,1,0,82.51,23.98,51,303.516,,,,,,,,,
2026-05-05 20:00:00,hourly,CR-01,Crusher 01,Crusher,Surface,4.337,66.063,180.191,,,721.994,319.255,0.69,Running,1,6,85.11,18.27,51,303.629,,,,,,,,,
2026-05-05 21:00:00,hourly,CR-01,Crusher 01,Crusher,Surface,4.075,63.631,177.452,,,776.702,317.892,0.84,Running,0,22,81.71,26.98,55,279.895,,,,,,,,,
2026-05-05 22:00:00,hourly,CR-01,Crusher 01,Crusher,Surface,4.627,68.932,201.845,,,764.967,294.584,1.0,Running,0,8,83.44,19.61,51,318.236,,,,,,,,,
2026-05-05 23:00:00,hourly,CR-01,Crusher 01,Crusher,Surface,4.397,66.938,195.892,,,821.437,322.882,0.9,Running,1,20,79.5,27.32,49,329.063,,,,,,,,,
2026-05-06 00:00:00,hourly,CR-01,Crusher 01,Crusher,Surface,4.273,68.71,168.018,,,751.953,283.345,0.82,Running,1,3,82.35,22.11,52,303.026,,,,,,,,,
2026-05-06 01:00:00,hourly,CR-01,Crusher 01,Crusher,Surface,4.309,69.011,175.287,,,740.661,352.129,1.0,Running,1,17,83.67,22.22,49,306.223,,,,,,,,,
2026-05-06 02:00:00,hourly,CR-01,Crusher 01,Crusher,Surface,4.204,65.067,174.531,,,796.208,280.606,0.68,Running,1,17,81.89,29.07,55,298.295,,,,,,,,,
2026-05-06 03:00:00,hourly,CR-01,Crusher 01,Crusher,Surface,4.357,66.78,184.69,,,695.536,318.188,0.87,Running,1,11,83.06,24.49,51,302.435,,,,,,,,,
2026-05-06 04:00:00,hourly,CR-01,Crusher 01,Crusher,Surface,4.774,68.927,171.2,,,749.912,327.194,0.97,Running,1,17,80.72,27.47,47,293.25,,,,,,,,,
2026-05-06 05:00:00,hourly,CR-01,Crusher 01,Crusher,Surface,4.156,66.751,177.354,,,740.395,308.091,0.74,Running,0,7,81.22,26.89,52,304.699,,,,,,,,,
2026-05-06 06:00:00,hourly,CR-01,Crusher 01,Crusher,Surface,4.379,64.258,188.391,,,775.894,286.293,0.84,Running,1,13,81.69,25.59,48,298.851,,,,,,,,,
2026-05-06 07:00:00,hourly,CR-01,Crusher 01,Crusher,Surface,4.104,69.719,182.929,,,824.625,290.992,0.77,Running,0,6,80.98,29.19,55,340.51,,,,,,,,,
2026-05-06 08:00:00,hourly,CR-01,Crusher 01,Crusher,Surface,3.594,66.331,171.215,,,726.243,286.568,0.79,Running,1,6,83.23,25.02,50,299.543,,,,,,,,,
2026-05-06 09:00:00,hourly,CR-01,Crusher 01,Crusher,Surface,4.526,64.399,185.382,,,773.807,304.917,0.85,Running,0,3,83.49,20.51,53,283.502,,,,,,,,,
2026-05-06 10:00:00,hourly,CR-01,Crusher 01,Crusher,Surface,4.669,70.904,185.711,,,779.893,319.303,0.68,Running,1,5,82.72,26.14,48,266.4,,,,,,,,,
2026-05-06 11:00:00,hourly,CR-01,Crusher 01,Crusher,Surface,4.479,61.752,186.614,,,777.823,313.793,0.74,Running,1,0,77.58,31.86,50,326.586,,,,,,,,,
2026-05-06 12:00:00,hourly,CR-01,Crusher 01,Crusher,Surface,5.053,64.743,170.441,,,749.945,306.126,0.82,Running,1,27,81.07,27.42,52,336.197,,,,,,,,,
2026-05-06 13:00:00,hourly,CR-01,Crusher 01,Crusher,Surface,4.248,64.985,194.377,,,762.148,280.026,0.68,Running,0,2,82.87,19.97,50,278.715,,,,,,,,,
2026-05-06 14:00:00,hourly,CR-01,Crusher 01,Crusher,Surface,4.091,68.486,179.646,,,718.748,335.826,0.79,Running,1,17,81.2,26.32,47,317.971,,,,,,,,,
2026-05-06 15:00:00,hourly,CR-01,Crusher 01,Crusher,Surface,4.718,65.557,173.157,,,789.592,302.095,0.7,Running,1,0,81.05,26.25,53,316.177,,,,,,,,,
2026-05-06 16:00:00,hourly,CR-01,Crusher 01,Crusher,Surface,4.74,64.773,185.422,,,715.336,298.444,0.7,Running,1,6,82.85,22.62,52,304.894,,,,,,,,,
2026-05-06 17:00:00,hourly,CR-01,Crusher 01,Crusher,Surface,4.699,68.939,191.398,,,718.108,309.479,0.89,Running,1,8,82.88,26.12,46,280.037,,,,,,,,,
2026-05-06 18:00:00,hourly,CR-01,Crusher 01,Crusher,Surface,4.049,68.329,190.786,,,735.935,275.518,0.83,Running,0,16,82.2,21.65,49,315.78,,,,,,,,,
2026-05-06 19:00:00,hourly,CR-01,Crusher 01,Crusher,Surface,4.167,65.782,197.746,,,728.419,304.363,0.8,Running,1,17,78.8,35.73,47,333.691,,,,,,,,,
2026-05-06 20:00:00,hourly,CR-01,Crusher 01,Crusher,Surface,3.888,67.05,178.576,,,754.491,301.687,0.78,Running,1,4,79.34,26.69,48,335.677,,,,,,,,,
2026-05-06 21:00:00,hourly,CR-01,Crusher 01,Crusher,Surface,4.976,63.804,168.783,,,734.931,302.406,0.85,Running,1,9,81.7,26.55,48,316.226,,,,,,,,,
2026-05-06 22:00:00,hourly,CR-01,Crusher 01,Crusher,Surface,4.112,65.978,181.753,,,720.493,327.496,0.78,Running,1,22,77.69,31.66,49,324.017,,,,,,,,,
2026-05-06 23:00:00,hourly,CR-01,Crusher 01,Crusher,Surface,4.029,66.378,156.81,,,713.901,283.066,0.76,Running,1,17,83.59,25.31,44,264.983,,,,,,,,,
2026-05-07 00:00:00,hourly,CR-01,Crusher 01,Crusher,Surface,4.364,63.457,176.797,,,773.877,304.914,0.9,Running,1,7,81.13,29.77,48,318.316,,,,,,,,,
2026-05-07 01:00:00,hourly,CR-01,Crusher 01,Crusher,Surface,4.434,62.615,181.837,,,756.661,294.56,0.77,Running,1,1,79.73,27.51,54,318.675,,,,,,,,,
2026-05-07 02:00:00,hourly,CR-01,Crusher 01,Crusher,Surface,4.602,65.646,180.304,,,709.054,301.809,0.93,Running,0,7,79.95,28.43,57,297.948,,,,,,,,,
2026-05-07 03:00:00,hourly,CR-01,Crusher 01,Crusher,Surface,4.367,69.154,190.386,,,759.43,320.706,0.78,Running,1,13,82.67,23.41,45,307.16,,,,,,,,,
2026-05-07 04:00:00,hourly,CR-01,Crusher 01,Crusher,Surface,4.206,68.033,185.13,,,734.459,303.459,0.88,Running,1,0,78.67,27.93,54,293.644,,,,,,,,,
2026-05-07 05:00:00,hourly,CR-01,Crusher 01,Crusher,Surface,4.294,65.22,189.87,,,701.705,300.874,0.84,Running,1,11,77.55,31.5,59,271.155,,,,,,,,,
2026-05-07 06:00:00,hourly,CR-01,Crusher 01,Crusher,Surface,4.236,72.904,188.258,,,710.422,263.57,0.86,Running,1,3,78.98,29.37,49,318.897,,,,,,,,,
2026-05-07 07:00:00,hourly,CR-01,Crusher 01,Crusher,Surface,4.838,64.124,170.656,,,769.049,320.021,0.84,Running,1,7,80.99,26.64,52,347.009,,,,,,,,,
2026-05-07 08:00:00,hourly,CR-01,Crusher 01,Crusher,Surface,4.422,68.035,191.568,,,777.694,276.724,0.88,Running,1,12,83.02,23.01,54,286.302,,,,,,,,,
2026-05-07 09:00:00,hourly,CR-01,Crusher 01,Crusher,Surface,4.618,65.466,180.209,,,760.817,297.509,0.94,Running,1,10,82.35,25.39,48,307.225,,,,,,,,,
2026-05-07 10:00:00,hourly,CR-01,Crusher 01,Crusher,Surface,4.369,69.667,187.811,,,723.419,290.609,0.75,Running,1,17,79.65,30.05,53,276.41,,,,,,,,,
2026-05-07 11:00:00,hourly,CR-01,Crusher 01,Crusher,Surface,3.887,66.5,190.33,,,755.797,265.003,0.94,Running,1,17,80.75,24.54,49,310.696,,,,,,,,,
2026-05-07 12:00:00,hourly,CR-01,Crusher 01,Crusher,Surface,4.932,66.219,177.812,,,755.156,308.609,0.8,Running,1,37,80.79,28.12,53,291.713,,,,,,,,,
2026-05-07 13:00:00,hourly,CR-01,Crusher 01,Crusher,Surface,4.617,69.125,178.909,,,677.301,298.557,0.68,Running,1,19,80.54,30.37,55,302.693,,,,,,,,,
2026-05-07 14:00:00,hourly,CR-01,Crusher 01,Crusher,Surface,4.563,66.434,186.21,,,757.415,315.433,0.87,Running,0,16,76.97,29.69,54,327.676,,,,,,,,,
2026-05-07 15:00:00,hourly,CR-01,Crusher 01,Crusher,Surface,3.814,68.623,181.111,,,747.218,316.034,0.89,Running,1,7,79.57,28.92,48,312.386,,,,,,,,,
2026-05-07 16:00:00,hourly,CR-01,Crusher 01,Crusher,Surface,4.412,66.606,203.178,,,803.123,317.349,0.86,Running,1,17,81.28,27.12,52,303.382,,,,,,,,,
2026-05-07 17:00:00,hourly,CR-01,Crusher 01,Crusher,Surface,4.92,60.585,186.135,,,793.815,315.445,0.79,Running,0,20,82.94,25.45,47,285.579,,,,,,,,,
2026-05-07 18:00:00,hourly,CR-01,Crusher 01,Crusher,Surface,4.85,72.082,174.464,,,740.009,315.235,0.74,Running,1,7,80.54,29.04,45,321.401,,,,,,,,,
2026-05-07 19:00:00,hourly,CR-01,Crusher 01,Crusher,Surface,4.4,68.171,206.989,,,753.574,323.589,0.78,Running,1,7,81.59,28.18,48,281.687,,,,,,,,,
2026-05-07 20:00:00,hourly,CR-01,Crusher 01,Crusher,Surface,4.834,66.205,189.708,,,745.169,312.904,0.83,Running,1,6,81.2,26.59,52,335.483,,,,,,,,,
2026-05-07 21:00:00,hourly,CR-01,Crusher 01,Crusher,Surface,4.943,70.24,185.878,,,729.743,310.35,0.8,Running,1,2,79.12,27.23,48,308.79,,,,,,,,,
2026-05-07 22:00:00,hourly,CR-01,Crusher 01,Crusher,Surface,4.43,64.665,201.482,,,706.393,303.521,0.74,Running,0,12,77.54,30.73,55,283.726,,,,,,,,,
2026-05-07 23:00:00,hourly,CR-01,Crusher 01,Crusher,Surface,4.875,64.818,189.439,,,724.4,311.214,0.8,Running,0,2,81.43,28.89,49,273.205,,,,,,,,,
2026-05-08 00:00:00,hourly,CR-01,Crusher 01,Crusher,Surface,4.866,63.629,185.596,,,729.913,315.974,0.75,Running,1,9,82.53,22.7,44,299.312,,,,,,,,,
2026-05-08 01:00:00,hourly,CR-01,Crusher 01,Crusher,Surface,4.739,66.564,170.475,,,772.741,315.492,0.77,Running,1,15,78.83,30.68,48,298.721,,,,,,,,,
2026-05-08 02:00:00,hourly,CR-01,Crusher 01,Crusher,Surface,4.772,65.477,163.612,,,747.161,303.468,0.88,Running,1,13,81.36,27.79,46,316.703,,,,,,,,,
2026-05-08 03:00:00,hourly,CR-01,Crusher 01,Crusher,Surface,4.233,66.387,198.781,,,726.877,344.941,0.72,Running,1,8,79.63,29.74,54,284.137,,,,,,,,,
2026-05-08 04:00:00,hourly,CR-01,Crusher 01,Crusher,Surface,4.734,63.577,189.625,,,722.368,334.352,0.85,Running,1,0,77.13,33.88,51,324.085,,,,,,,,,
2026-05-08 05:00:00,hourly,CR-01,Crusher 01,Crusher,Surface,4.465,65.477,184.676,,,752.916,292.071,0.78,Running,0,20,79.35,28.84,48,251.093,,,,,,,,,
2026-05-08 06:00:00,hourly,CR-01,Crusher 01,Crusher,Surface,4.235,68.236,185.331,,,733.257,306.722,0.84,Running,0,0,78.31,30.16,51,308.675,,,,,,,,,
2026-05-08 07:00:00,hourly,CR-01,Crusher 01,Crusher,Surface,4.967,70.44,189.862,,,713.968,335.913,0.75,Running,0,14,79.87,31.81,45,290.987,,,,,,,,,
2026-05-08 08:00:00,hourly,CR-01,Crusher 01,Crusher,Surface,4.479,67.29,193.2,,,717.125,291.004,0.8,Running,1,25,79.75,32.3,44,308.992,,,,,,,,,
2026-05-08 09:00:00,hourly,CR-01,Crusher 01,Crusher,Surface,4.588,66.008,179.13,,,787.08,284.751,0.75,Running,1,14,78.02,33.66,43,333.503,,,,,,,,,
2026-05-08 10:00:00,hourly,CR-01,Crusher 01,Crusher,Surface,4.564,68.735,188.892,,,737.892,355.214,0.84,Running,1,24,76.9,33.43,41,326.94,,,,,,,,,
2026-05-08 11:00:00,hourly,CR-01,Crusher 01,Crusher,Surface,4.059,70.068,192.282,,,769.765,298.335,0.67,Running,1,15,78.21,29.36,44,314.434,,,,,,,,,
2026-05-08 12:00:00,hourly,CR-01,Crusher 01,Crusher,Surface,4.441,69.957,182.061,,,695.184,270.774,0.81,Running,1,1,81.36,26.37,50,336.363,,,,,,,,,
2026-05-08 13:00:00,hourly,CR-01,Crusher 01,Crusher,Surface,4.766,68.51,164.875,,,771.774,292.364,0.71,Running,1,23,76.95,32.01,51,337.305,,,,,,,,,
2026-05-08 14:00:00,hourly,CR-01,Crusher 01,Crusher,Surface,4.542,65.494,179.487,,,761.207,299.504,0.77,Running,1,8,79.93,30.3,45,341.01,,,,,,,,,
2026-05-08 15:00:00,hourly,CR-01,Crusher 01,Crusher,Surface,4.435,67.191,174.207,,,764.084,321.828,0.79,Running,1,9,79.67,29.24,40,293.888,,,,,,,,,
2026-05-08 16:00:00,hourly,CR-01,Crusher 01,Crusher,Surface,4.645,67.925,199.15,,,699.304,307.903,0.88,Running,0,18,77.77,32.28,46,323.706,,,,,,,,,
2026-05-08 17:00:00,hourly,CR-01,Crusher 01,Crusher,Surface,4.871,61.473,177.731,,,741.636,281.952,0.68,Running,2,5,77.25,31.78,50,324.22,,,,,,,,,
2026-05-08 18:00:00,hourly,CR-01,Crusher 01,Crusher,Surface,4.063,67.449,177.441,,,719.472,254.499,0.67,Running,0,15,79.49,23.72,51,307.583,,,,,,,,,
2026-05-08 19:00:00,hourly,CR-01,Crusher 01,Crusher,Surface,4.525,71.543,180.984,,,710.251,316.225,0.91,Running,2,17,78.44,32.81,49,330.172,,,,,,,,,
2026-05-08 20:00:00,hourly,CR-01,Crusher 01,Crusher,Surface,4.567,65.888,195.874,,,691.747,308.555,0.79,Running,1,25,77.62,31.2,44,308.281,,,,,,,,,
2026-05-08 21:00:00,hourly,CR-01,Crusher 01,Crusher,Surface,5.095,63.088,196.37,,,712.584,329.218,0.68,Running,1,21,79.13,31.16,51,274.764,,,,,,,,,
2026-05-08 22:00:00,hourly,CR-01,Crusher 01,Crusher,Surface,4.931,65.867,179.585,,,710.627,296.09,0.79,Running,0,9,80.92,26.04,49,335.508,,,,,,,,,
2026-05-08 23:00:00,hourly,CR-01,Crusher 01,Crusher,Surface,4.158,65.801,183.186,,,760.898,302.69,0.78,Running,1,9,80.24,30.91,51,294.159,,,,,,,,,
2026-05-09 00:00:00,hourly,CR-01,Crusher 01,Crusher,Surface,4.978,70.15,185.988,,,724.635,297.873,0.77,Running,1,6,78.41,29.16,44,269.055,,,,,,,,,
2026-05-09 01:00:00,hourly,CR-01,Crusher 01,Crusher,Surface,4.535,73.847,201.716,,,736.321,296.591,0.84,Running,1,13,72.74,38.03,50,377.887,,,,,,,,,
2026-05-09 02:00:00,hourly,CR-01,Crusher 01,Crusher,Surface,4.102,67.92,167.343,,,771.533,314.568,0.68,Running,0,5,77.7,31.25,51,283.955,,,,,,,,,
2026-05-09 03:00:00,hourly,CR-01,Crusher 01,Crusher,Surface,4.185,65.521,173.722,,,742.102,299.471,0.82,Running,1,10,76.42,29.99,42,321.859,,,,,,,,,
2026-05-09 04:00:00,hourly,CR-01,Crusher 01,Crusher,Surface,5.002,64.683,212.288,,,721.575,277.428,0.78,Running,1,3,77.65,32.11,45,284.544,,,,,,,,,
2026-05-09 05:00:00,hourly,CR-01,Crusher 01,Crusher,Surface,4.733,70.083,199.813,,,745.441,331.412,0.81,Running,0,5,77.36,33.36,41,298.575,,,,,,,,,
2026-05-09 06:00:00,hourly,CR-01,Crusher 01,Crusher,Surface,4.305,69.365,173.189,,,719.702,311.794,0.89,Running,1,24,77.35,32.54,44,292.553,,,,,,,,,
2026-05-09 07:00:00,hourly,CR-01,Crusher 01,Crusher,Surface,5.079,70.461,219.507,,,694.369,319.726,0.9,Running,1,2,79.52,33.3,47,286.068,,,,,,,,,
2026-05-09 08:00:00,hourly,CR-01,Crusher 01,Crusher,Surface,4.821,66.402,194.589,,,749.682,331.513,0.94,Running,1,1,77.38,29.89,41,327.108,,,,,,,,,
2026-05-09 09:00:00,hourly,CR-01,Crusher 01,Crusher,Surface,4.535,71.606,189.397,,,756.749,304.212,0.67,Running,1,6,77.25,28.4,52,358.042,,,,,,,,,
2026-05-09 10:00:00,hourly,CR-01,Crusher 01,Crusher,Surface,4.706,68.13,203.099,,,734.807,304.35,0.85,Running,1,21,78.39,27.87,52,308.247,,,,,,,,,
2026-05-09 11:00:00,hourly,CR-01,Crusher 01,Crusher,Surface,4.357,66.022,179.64,,,736.398,288.638,0.88,Running,1,6,75.88,33.94,46,269.098,,,,,,,,,
2026-05-09 12:00:00,hourly,CR-01,Crusher 01,Crusher,Surface,5.224,62.826,183.583,,,728.727,323.545,0.77,Running,2,11,76.97,34.63,44,285.215,,,,,,,,,
2026-05-09 13:00:00,hourly,CR-01,Crusher 01,Crusher,Surface,4.272,66.541,189.263,,,779.905,280.198,0.82,Running,1,16,75.27,34.98,47,289.875,,,,,,,,,
2026-05-09 14:00:00,hourly,CR-01,Crusher 01,Crusher,Surface,4.246,66.534,193.603,,,747.42,311.812,0.92,Running,1,16,78.4,29.26,53,310.525,,,,,,,,,
2026-05-09 15:00:00,hourly,CR-01,Crusher 01,Crusher,Surface,4.695,65.246,191.989,,,736.248,317.642,0.8,Running,2,13,77.71,34.19,49,299.189,,,,,,,,,
2026-05-09 16:00:00,hourly,CR-01,Crusher 01,Crusher,Surface,5.505,68.91,190.723,,,764.693,284.569,0.92,Running,1,13,80.6,26.93,40,354.937,,,,,,,,,
2026-05-09 17:00:00,hourly,CR-01,Crusher 01,Crusher,Surface,4.223,66.196,184.769,,,766.975,330.548,0.81,Running,1,21,74.61,32.79,38,306.302,,,,,,,,,
2026-05-09 18:00:00,hourly,CR-01,Crusher 01,Crusher,Surface,4.893,65.595,192.317,,,750.933,272.721,0.85,Running,1,2,78.72,31.78,43,326.238,,,,,,,,,
2026-05-09 19:00:00,hourly,CR-01,Crusher 01,Crusher,Surface,4.674,65.699,191.537,,,764.476,284.613,0.89,Running,1,9,74.31,37.26,46,304.77,,,,,,,,,
2026-05-09 20:00:00,hourly,CR-01,Crusher 01,Crusher,Surface,4.776,64.515,188.804,,,753.74,307.959,0.73,Running,2,7,75.46,34.83,40,307.677,,,,,,,,,
2026-05-09 21:00:00,hourly,CR-01,Crusher 01,Crusher,Surface,5.003,66.572,186.314,,,740.505,321.456,0.85,Running,1,12,73.57,40.25,46,300.721,,,,,,,,,
2026-05-09 22:00:00,hourly,CR-01,Crusher 01,Crusher,Surface,4.459,66.655,183.83,,,764.985,284.047,0.78,Running,1,23,77.05,31.92,40,308.551,,,,,,,,,
2026-05-09 23:00:00,hourly,CR-01,Crusher 01,Crusher,Surface,4.592,67.397,174.443,,,714.811,321.74,0.91,Running,1,21,77.32,32.31,46,297.797,,,,,,,,,
2026-05-10 00:00:00,hourly,CR-01,Crusher 01,Crusher,Surface,4.466,68.923,203.38,,,714.224,323.48,0.79,Running,2,12,76.31,31.21,47,309.579,,,,,,,,,
2026-05-10 01:00:00,hourly,CR-01,Crusher 01,Crusher,Surface,5.098,71.701,196.7,,,751.885,301.694,0.79,Running,2,22,73.27,36.01,53,296.578,,,,,,,,,
2026-05-10 02:00:00,hourly,CR-01,Crusher 01,Crusher,Surface,5.063,70.473,199.328,,,721.289,311.208,0.75,Running,1,31,75.86,32.85,46,358.761,,,,,,,,,
2026-05-10 03:00:00,hourly,CR-01,Crusher 01,Crusher,Surface,4.348,64.317,177.732,,,760.236,329.921,0.81,Running,1,3,76.86,33.78,45,317.55,,,,,,,,,
2026-05-10 04:00:00,hourly,CR-01,Crusher 01,Crusher,Surface,4.804,70.236,184.38,,,745.33,336.42,0.86,Running,1,8,75.13,33.46,51,321.695,,,,,,,,,
2026-05-10 05:00:00,hourly,CR-01,Crusher 01,Crusher,Surface,5.008,70.711,188.736,,,792.585,299.706,0.82,Running,1,11,76.49,32.72,49,305.27,,,,,,,,,
2026-05-10 06:00:00,hourly,CR-01,Crusher 01,Crusher,Surface,4.221,69.952,193.071,,,713.009,294.048,1.0,Running,1,15,78.21,30.06,46,276.585,,,,,,,,,
2026-05-10 07:00:00,hourly,CR-01,Crusher 01,Crusher,Surface,5.118,67.072,181.863,,,762.866,306.216,0.78,Running,0,18,75.5,34.19,45,279.401,,,,,,,,,
2026-05-10 08:00:00,hourly,CR-01,Crusher 01,Crusher,Surface,4.686,71.692,206.957,,,725.703,289.675,0.75,Running,1,5,74.63,34.0,53,305.304,,,,,,,,,
2026-05-10 09:00:00,hourly,CR-01,Crusher 01,Crusher,Surface,4.574,66.044,198.477,,,746.138,331.705,0.81,Running,1,15,76.18,32.94,43,304.624,,,,,,,,,
2026-05-10 10:00:00,hourly,CR-01,Crusher 01,Crusher,Surface,5.133,70.78,191.548,,,757.398,318.029,0.85,Running,1,16,79.15,26.88,40,317.826,,,,,,,,,
2026-05-10 11:00:00,hourly,CR-01,Crusher 01,Crusher,Surface,5.058,70.729,192.828,,,748.694,309.204,0.72,Running,1,3,77.0,32.12,45,313.36,,,,,,,,,
2026-05-10 12:00:00,hourly,CR-01,Crusher 01,Crusher,Surface,4.312,69.462,187.648,,,751.525,329.452,0.92,Running,2,16,73.72,36.74,44,298.975,,,,,,,,,
2026-05-10 13:00:00,hourly,CR-01,Crusher 01,Crusher,Surface,4.943,63.969,183.102,,,749.238,323.292,0.8,Running,1,8,78.25,30.6,50,367.685,,,,,,,,,
2026-05-10 14:00:00,hourly,CR-01,Crusher 01,Crusher,Surface,4.935,68.791,165.868,,,732.008,326.959,0.96,Running,2,1,75.36,35.62,46,317.068,,,,,,,,,
2026-05-10 15:00:00,hourly,CR-01,Crusher 01,Crusher,Surface,4.081,70.326,198.8,,,760.466,319.458,0.93,Running,1,24,75.59,37.8,49,299.753,,,,,,,,,
2026-05-10 16:00:00,hourly,CR-01,Crusher 01,Crusher,Surface,4.908,68.466,190.683,,,761.787,334.992,0.87,Running,1,17,73.84,33.31,35,301.246,,,,,,,,,
2026-05-10 17:00:00,hourly,CR-01,Crusher 01,Crusher,Surface,4.62,68.174,201.994,,,729.413,284.894,0.82,Running,1,6,76.08,32.74,44,325.431,,,,,,,,,
2026-05-10 18:00:00,hourly,CR-01,Crusher 01,Crusher,Surface,5.086,67.496,196.036,,,717.665,319.013,0.74,Running,1,23,72.66,36.45,51,304.672,,,,,,,,,
2026-05-10 19:00:00,hourly,CR-01,Crusher 01,Crusher,Surface,4.495,67.15,189.996,,,745.106,337.941,0.77,Running,1,35,73.93,37.13,41,330.624,,,,,,,,,
2026-05-10 20:00:00,hourly,CR-01,Crusher 01,Crusher,Surface,4.793,68.209,191.243,,,743.38,303.994,0.73,Running,1,15,76.64,34.12,44,307.809,,,,,,,,,
2026-05-10 21:00:00,hourly,CR-01,Crusher 01,Crusher,Surface,4.6,71.335,183.045,,,696.157,299.461,0.73,Running,1,2,75.81,31.43,49,301.272,,,,,,,,,
2026-05-10 22:00:00,hourly,CR-01,Crusher 01,Crusher,Surface,4.574,66.793,178.514,,,743.746,303.159,0.84,Running,2,12,74.35,36.55,43,278.171,,,,,,,,,
2026-05-10 23:00:00,hourly,CR-01,Crusher 01,Crusher,Surface,4.112,69.445,180.625,,,716.86,309.886,0.85,Running,1,0,75.19,36.47,48,332.709,,,,,,,,,
2026-05-11 00:00:00,hourly,CR-01,Crusher 01,Crusher,Surface,5.093,62.07,180.982,,,687.82,329.353,0.7,Running,1,12,76.55,33.68,43,285.997,,,,,,,,,
2026-05-11 01:00:00,hourly,CR-01,Crusher 01,Crusher,Surface,5.126,67.286,188.705,,,747.811,310.052,0.78,Running,1,10,75.99,32.94,45,326.454,,,,,,,,,
2026-05-11 02:00:00,hourly,CR-01,Crusher 01,Crusher,Surface,4.803,70.282,198.537,,,706.101,330.379,0.76,Running,1,20,76.38,34.42,48,296.851,,,,,,,,,
2026-05-11 03:00:00,hourly,CR-01,Crusher 01,Crusher,Surface,4.897,71.004,197.615,,,770.988,318.739,0.94,Running,1,9,73.36,36.78,41,328.971,,,,,,,,,
2026-05-11 04:00:00,hourly,CR-01,Crusher 01,Crusher,Surface,4.57,65.943,175.646,,,757.81,326.956,0.65,Running,2,24,74.07,38.11,42,338.321,,,,,,,,,
2026-05-11 05:00:00,hourly,CR-01,Crusher 01,Crusher,Surface,5.117,69.315,199.495,,,743.749,311.016,0.97,Running,1,6,78.24,31.16,48,293.568,,,,,,,,,
2026-05-11 06:00:00,hourly,CR-01,Crusher 01,Crusher,Surface,4.873,70.527,192.37,,,773.455,305.813,0.87,Running,2,13,74.45,35.39,42,291.698,,,,,,,,,
2026-05-11 07:00:00,hourly,CR-01,Crusher 01,Crusher,Surface,4.822,66.736,198.02,,,762.29,286.316,0.62,Running,1,2,74.3,33.47,45,359.042,,,,,,,,,
2026-05-11 08:00:00,hourly,CR-01,Crusher 01,Crusher,Surface,5.249,64.677,196.222,,,713.929,266.521,0.77,Running,1,5,75.17,34.8,49,320.379,,,,,,,,,
2026-05-11 09:00:00,hourly,CR-01,Crusher 01,Crusher,Surface,4.421,65.474,174.396,,,763.427,303.267,0.86,Running,1,19,75.27,32.48,45,326.23,,,,,,,,,
2026-05-11 10:00:00,hourly,CR-01,Crusher 01,Crusher,Surface,4.233,64.902,193.183,,,719.236,264.905,0.77,Running,1,24,73.26,35.26,46,280.625,,,,,,,,,
2026-05-11 11:00:00,hourly,CR-01,Crusher 01,Crusher,Surface,4.954,70.454,205.977,,,760.87,308.738,0.8,Running,1,9,70.81,40.16,51,288.034,,,,,,,,,
2026-05-11 12:00:00,hourly,CR-01,Crusher 01,Crusher,Surface,4.762,69.015,179.456,,,725.989,322.382,1.0,Running,1,19,74.22,35.93,54,315.138,,,,,,,,,
2026-05-11 13:00:00,hourly,CR-01,Crusher 01,Crusher,Surface,4.488,67.758,182.144,,,704.056,310.955,0.79,Running,1,20,74.65,33.1,45,302.178,,,,,,,,,
2026-05-11 14:00:00,hourly,CR-01,Crusher 01,Crusher,Surface,4.885,66.673,171.557,,,747.871,259.703,0.73,Running,2,5,71.79,39.16,43,288.475,,,,,,,,,
2026-05-11 15:00:00,hourly,CR-01,Crusher 01,Crusher,Surface,4.946,71.476,187.007,,,724.193,302.987,0.89,Running,1,18,74.99,34.54,48,316.767,,,,,,,,,
2026-05-11 16:00:00,hourly,CR-01,Crusher 01,Crusher,Surface,5.106,68.343,176.857,,,764.743,320.062,0.71,Running,2,14,75.04,33.74,41,273.095,,,,,,,,,
2026-05-11 17:00:00,hourly,CR-01,Crusher 01,Crusher,Surface,4.515,69.639,183.031,,,770.563,333.211,0.88,Running,1,16,76.0,33.08,49,317.402,,,,,,,,,
2026-05-11 18:00:00,hourly,CR-01,Crusher 01,Crusher,Surface,4.728,66.711,194.164,,,691.613,319.813,0.87,Running,2,15,72.63,39.6,42,290.963,,,,,,,,,
2026-05-11 19:00:00,hourly,CR-01,Crusher 01,Crusher,Surface,4.945,66.086,199.919,,,736.458,310.355,0.97,Running,1,0,74.92,34.34,42,326.414,,,,,,,,,
2026-05-11 20:00:00,hourly,CR-01,Crusher 01,Crusher,Surface,5.192,71.371,172.424,,,753.318,318.929,0.85,Running,1,16,75.15,35.95,40,313.099,,,,,,,,,
2026-05-11 21:00:00,hourly,CR-01,Crusher 01,Crusher,Surface,5.137,69.161,187.289,,,739.602,343.72,0.8,Running,1,12,76.58,32.63,41,322.538,,,,,,,,,
2026-05-11 22:00:00,hourly,CR-01,Crusher 01,Crusher,Surface,4.72,69.392,189.621,,,740.079,311.062,0.82,Running,1,12,75.52,36.31,49,340.449,,,,,,,,,
2026-05-11 23:00:00,hourly,CR-01,Crusher 01,Crusher,Surface,5.028,69.787,190.715,,,743.244,283.856,0.99,Running,1,0,75.79,35.52,45,296.334,,,,,,,,,
2026-05-12 00:00:00,hourly,CR-01,Crusher 01,Crusher,Surface,4.721,71.4,200.071,,,694.515,302.227,0.83,Running,1,23,74.28,35.58,44,289.538,,,,,,,,,
2026-05-12 01:00:00,hourly,CR-01,Crusher 01,Crusher,Surface,4.757,71.848,200.16,,,777.64,297.286,0.8,Running,1,15,73.25,36.08,52,337.555,,,,,,,,,
2026-05-12 02:00:00,hourly,CR-01,Crusher 01,Crusher,Surface,4.792,66.392,201.061,,,753.225,289.821,0.81,Running,1,0,75.95,34.64,44,348.411,,,,,,,,,
2026-05-12 03:00:00,hourly,CR-01,Crusher 01,Crusher,Surface,4.697,68.473,194.695,,,719.068,297.998,0.86,Running,1,28,71.83,38.39,44,339.412,,,,,,,,,
2026-05-12 04:00:00,hourly,CR-01,Crusher 01,Crusher,Surface,5.115,66.646,189.819,,,716.438,360.527,0.79,Running,1,15,76.24,30.13,39,259.991,,,,,,,,,
2026-05-12 05:00:00,hourly,CR-01,Crusher 01,Crusher,Surface,5.178,69.571,187.3,,,758.378,292.508,0.74,Running,1,23,75.01,36.46,40,324.565,,,,,,,,,
2026-05-12 06:00:00,hourly,CR-01,Crusher 01,Crusher,Surface,4.783,68.233,198.493,,,742.607,301.856,0.77,Running,1,12,73.15,36.37,40,290.821,,,,,,,,,
2026-05-12 07:00:00,hourly,CR-01,Crusher 01,Crusher,Surface,4.96,68.442,184.099,,,745.187,361.203,0.75,Running,1,14,71.08,36.34,41,331.13,,,,,,,,,
2026-05-12 08:00:00,hourly,CR-01,Crusher 01,Crusher,Surface,4.797,68.675,184.229,,,750.072,321.236,0.81,Running,1,25,73.45,37.01,42,305.91,,,,,,,,,
2026-05-12 09:00:00,hourly,CR-01,Crusher 01,Crusher,Surface,4.635,68.573,197.638,,,741.518,317.136,0.77,Running,1,21,72.49,40.38,42,304.127,,,,,,,,,
2026-05-12 10:00:00,hourly,CR-01,Crusher 01,Crusher,Surface,4.594,75.316,200.189,,,686.654,320.627,0.81,Running,1,14,70.92,39.54,46,302.933,,,,,,,,,
2026-05-12 11:00:00,hourly,CR-01,Crusher 01,Crusher,Surface,5.45,64.643,192.793,,,724.825,314.394,0.81,Running,1,9,72.48,37.84,43,298.425,,,,,,,,,
2026-05-12 12:00:00,hourly,CR-01,Crusher 01,Crusher,Surface,4.707,68.942,199.189,,,749.94,302.63,0.84,Running,2,0,74.78,36.31,50,283.532,,,,,,,,,
2026-05-12 13:00:00,hourly,CR-01,Crusher 01,Crusher,Surface,5.125,65.738,190.228,,,752.106,316.844,0.74,Running,2,23,73.26,36.53,46,303.307,,,,,,,,,
2026-05-12 14:00:00,hourly,CR-01,Crusher 01,Crusher,Surface,5.056,69.75,191.481,,,722.959,320.976,0.96,Running,2,24,72.83,37.83,40,314.662,,,,,,,,,
2026-05-12 15:00:00,hourly,CR-01,Crusher 01,Crusher,Surface,4.586,65.98,196.7,,,734.293,280.698,0.92,Running,1,25,70.64,42.89,45,344.721,,,,,,,,,
2026-05-12 16:00:00,hourly,CR-01,Crusher 01,Crusher,Surface,5.075,69.247,185.254,,,765.403,302.943,0.86,Running,1,27,72.8,39.43,44,323.143,,,,,,,,,
2026-05-12 17:00:00,hourly,CR-01,Crusher 01,Crusher,Surface,5.041,67.67,200.345,,,771.644,280.647,0.88,Running,1,6,75.55,34.68,49,305.553,,,,,,,,,
2026-05-12 18:00:00,hourly,CR-01,Crusher 01,Crusher,Surface,4.949,72.033,190.81,,,743.632,295.057,0.73,Running,1,11,73.04,34.41,46,303.977,,,,,,,,,
2026-05-12 19:00:00,hourly,CR-01,Crusher 01,Crusher,Surface,4.83,65.903,191.517,,,758.073,320.696,0.77,Running,1,11,72.34,39.89,43,246.333,,,,,,,,,
2026-05-12 20:00:00,hourly,CR-01,Crusher 01,Crusher,Surface,4.965,66.242,194.238,,,744.145,303.601,0.78,Running,1,0,74.06,35.53,50,303.456,,,,,,,,,
2026-05-12 21:00:00,hourly,CR-01,Crusher 01,Crusher,Surface,5.112,66.77,201.733,,,753.19,307.09,0.71,Running,1,9,74.82,36.22,45,315.085,,,,,,,,,
2026-05-12 22:00:00,hourly,CR-01,Crusher 01,Crusher,Surface,4.716,70.439,171.428,,,734.52,262.441,0.79,Running,0,14,74.95,32.04,45,298.723,,,,,,,,,
2026-05-12 23:00:00,hourly,CR-01,Crusher 01,Crusher,Surface,5.41,70.059,180.876,,,719.056,287.183,1.0,Running,2,26,73.23,39.35,49,300.643,,,,,,,,,
2026-05-13 00:00:00,hourly,CR-01,Crusher 01,Crusher,Surface,5.19,68.868,203.882,,,782.75,290.62,0.83,Running,2,21,70.0,40.33,46,257.678,,,,,,,,,
2026-05-13 01:00:00,hourly,CR-01,Crusher 01,Crusher,Surface,4.266,71.136,198.567,,,781.374,280.702,0.94,Running,1,9,74.15,37.05,43,281.743,,,,,,,,,
2026-05-13 02:00:00,hourly,CR-01,Crusher 01,Crusher,Surface,4.925,64.184,189.34,,,735.244,315.078,0.94,Running,2,26,71.88,41.24,42,288.182,,,,,,,,,
2026-05-13 03:00:00,hourly,CR-01,Crusher 01,Crusher,Surface,5.636,69.06,194.492,,,744.76,313.212,0.74,Running,1,19,71.6,40.54,34,296.527,,,,,,,,,
2026-05-13 04:00:00,hourly,CR-01,Crusher 01,Crusher,Surface,5.109,69.623,199.847,,,738.852,326.903,0.82,Running,1,0,70.83,41.61,35,245.598,,,,,,,,,
2026-05-13 05:00:00,hourly,CR-01,Crusher 01,Crusher,Surface,4.789,70.119,209.473,,,735.713,335.401,0.79,Running,1,17,73.19,37.7,42,308.362,,,,,,,,,
2026-05-13 06:00:00,hourly,CR-01,Crusher 01,Crusher,Surface,5.203,69.872,189.813,,,736.77,337.298,0.89,Running,1,21,73.8,34.24,40,310.609,,,,,,,,,
2026-05-13 07:00:00,hourly,CR-01,Crusher 01,Crusher,Surface,4.38,70.342,207.245,,,764.719,319.008,0.86,Running,1,23,71.14,43.06,42,321.682,,,,,,,,,
2026-05-13 08:00:00,hourly,CR-01,Crusher 01,Crusher,Surface,5.1,70.84,199.818,,,706.365,316.116,0.95,Running,2,5,73.18,39.74,46,303.236,,,,,,,,,
2026-05-13 09:00:00,hourly,CR-01,Crusher 01,Crusher,Surface,4.874,74.461,184.967,,,718.207,317.813,0.84,Running,1,6,73.85,35.85,39,330.889,,,,,,,,,
2026-05-13 10:00:00,hourly,CR-01,Crusher 01,Crusher,Surface,5.042,71.529,188.194,,,758.295,294.545,0.89,Running,1,29,72.62,31.48,36,352.054,,,,,,,,,
2026-05-13 11:00:00,hourly,CR-01,Crusher 01,Crusher,Surface,4.634,66.223,206.431,,,738.799,317.727,0.77,Running,2,8,71.97,41.25,37,281.88,,,,,,,,,
2026-05-13 12:00:00,hourly,CR-01,Crusher 01,Crusher,Surface,4.909,71.875,208.548,,,767.573,303.633,0.7,Running,0,15,71.67,36.02,38,285.448,,,,,,,,,
2026-05-13 13:00:00,hourly,CR-01,Crusher 01,Crusher,Surface,4.259,69.529,193.978,,,736.689,290.82,0.87,Running,1,0,70.8,41.94,37,320.324,,,,,,,,,
2026-05-13 14:00:00,hourly,CR-01,Crusher 01,Crusher,Surface,4.862,68.539,205.537,,,744.037,280.64,0.83,Running,1,27,73.01,36.33,42,325.898,,,,,,,,,
2026-05-13 15:00:00,hourly,CR-01,Crusher 01,Crusher,Surface,5.088,66.459,198.144,,,729.377,269.431,0.86,Running,1,23,73.56,37.98,48,286.243,,,,,,,,,
2026-05-13 16:00:00,hourly,CR-01,Crusher 01,Crusher,Surface,5.391,69.252,193.999,,,769.832,308.489,0.93,Running,1,31,71.88,37.35,44,350.219,,,,,,,,,
2026-05-13 17:00:00,hourly,CR-01,Crusher 01,Crusher,Surface,5.8,70.457,196.629,,,757.246,300.885,0.85,Running,1,6,70.9,40.75,45,292.425,,,,,,,,,
2026-05-13 18:00:00,hourly,CR-01,Crusher 01,Crusher,Surface,4.82,71.806,180.856,,,705.216,299.68,0.89,Running,0,25,72.34,35.31,43,307.818,,,,,,,,,
2026-05-13 19:00:00,hourly,CR-01,Crusher 01,Crusher,Surface,5.222,67.386,192.156,,,750.67,292.438,0.9,Running,1,6,70.05,41.96,37,327.95,,,,,,,,,
2026-05-13 20:00:00,hourly,CR-01,Crusher 01,Crusher,Surface,4.974,69.055,189.676,,,761.362,303.175,0.81,Running,1,30,73.45,37.17,51,344.889,,,,,,,,,
2026-05-13 21:00:00,hourly,CR-01,Crusher 01,Crusher,Surface,4.99,68.889,205.019,,,733.484,293.6,0.77,Running,1,0,73.2,38.95,40,291.467,,,,,,,,,
2026-05-13 22:00:00,hourly,CR-01,Crusher 01,Crusher,Surface,5.111,68.736,197.558,,,752.43,315.077,0.98,Running,1,26,72.11,38.09,45,329.724,,,,,,,,,
2026-05-13 23:00:00,hourly,CR-01,Crusher 01,Crusher,Surface,5.041,66.473,192.764,,,768.1,326.734,0.85,Running,1,17,70.57,41.77,32,311.06,,,,,,,,,
2026-05-14 00:00:00,hourly,CR-01,Crusher 01,Crusher,Surface,5.654,67.601,206.332,,,731.645,304.728,0.84,Running,1,23,70.89,39.96,41,281.238,,,,,,,,,
2026-05-14 01:00:00,hourly,CR-01,Crusher 01,Crusher,Surface,5.008,69.451,180.151,,,743.084,333.169,0.74,Warning,0,25,68.35,45.21,41,300.103,,,,,,,,,
2026-05-14 02:00:00,hourly,CR-01,Crusher 01,Crusher,Surface,4.76,71.707,185.799,,,721.676,299.646,0.84,Running,1,23,69.85,42.99,40,287.132,,,,,,,,,
2026-05-14 03:00:00,hourly,CR-01,Crusher 01,Crusher,Surface,5.162,69.668,208.041,,,748.003,278.934,0.85,Running,1,41,72.19,40.69,36,328.694,,,,,,,,,
2026-05-14 04:00:00,hourly,CR-01,Crusher 01,Crusher,Surface,4.79,67.377,201.885,,,709.521,338.254,0.75,Running,1,35,69.72,40.05,42,282.409,,,,,,,,,
2026-05-14 05:00:00,hourly,CR-01,Crusher 01,Crusher,Surface,5.006,69.645,179.697,,,751.335,276.979,0.88,Running,0,20,74.72,35.21,46,323.378,,,,,,,,,
2026-05-14 06:00:00,hourly,CR-01,Crusher 01,Crusher,Surface,5.439,67.318,197.783,,,773.926,303.755,0.8,Running,2,20,70.04,42.51,49,313.487,,,,,,,,,
2026-05-14 07:00:00,hourly,CR-01,Crusher 01,Crusher,Surface,5.051,72.105,183.0,,,710.991,327.996,0.64,Warning,2,37,69.29,46.63,48,321.181,,,,,,,,,
2026-05-14 08:00:00,hourly,CR-01,Crusher 01,Crusher,Surface,5.287,73.941,191.476,,,768.672,336.252,0.78,Running,3,35,71.26,44.21,46,313.82,,,,,,,,,
2026-05-14 09:00:00,hourly,CR-01,Crusher 01,Crusher,Surface,5.072,70.597,200.382,,,733.448,311.078,0.9,Running,2,17,71.27,37.5,48,294.582,,,,,,,,,
2026-05-14 10:00:00,hourly,CR-01,Crusher 01,Crusher,Surface,5.218,72.012,195.533,,,717.599,303.734,0.75,Running,1,16,72.78,36.87,48,322.334,,,,,,,,,
2026-05-14 11:00:00,hourly,CR-01,Crusher 01,Crusher,Surface,4.936,68.704,195.25,,,728.814,351.906,1.0,Running,1,6,70.13,36.82,37,316.82,,,,,,,,,
2026-05-14 12:00:00,hourly,CR-01,Crusher 01,Crusher,Surface,5.393,70.994,187.774,,,735.072,330.708,0.86,Warning,1,24,69.06,47.71,42,302.688,,,,,,,,,
2026-05-14 13:00:00,hourly,CR-01,Crusher 01,Crusher,Surface,4.759,70.317,207.613,,,723.958,333.582,1.0,Running,2,20,69.49,43.36,36,370.449,,,,,,,,,
2026-05-14 14:00:00,hourly,CR-01,Crusher 01,Crusher,Surface,4.919,72.804,201.11,,,763.795,322.807,0.73,Running,1,26,72.28,39.96,43,288.126,,,,,,,,,
2026-05-14 15:00:00,hourly,CR-01,Crusher 01,Crusher,Surface,5.188,69.008,188.16,,,726.982,325.194,0.72,Running,2,32,72.92,37.27,40,325.329,,,,,,,,,
2026-05-14 16:00:00,hourly,CR-01,Crusher 01,Crusher,Surface,5.416,70.259,197.503,,,742.303,319.007,0.8,Running,1,31,69.28,42.99,40,327.304,,,,,,,,,
2026-05-14 17:00:00,hourly,CR-01,Crusher 01,Crusher,Surface,5.236,67.829,193.249,,,789.081,312.054,0.72,Running,1,30,69.94,44.34,39,307.977,,,,,,,,,
2026-05-14 18:00:00,hourly,CR-01,Crusher 01,Crusher,Surface,5.331,72.033,190.936,,,729.458,281.113,0.78,Running,1,13,72.33,36.64,30,319.835,,,,,,,,,
2026-05-14 19:00:00,hourly,CR-01,Crusher 01,Crusher,Surface,4.817,68.988,197.927,,,721.203,290.414,0.95,Running,2,12,71.23,38.01,33,324.252,,,,,,,,,
2026-05-14 20:00:00,hourly,CR-01,Crusher 01,Crusher,Surface,5.092,69.768,213.273,,,723.902,326.772,0.8,Running,2,26,69.06,42.84,44,312.87,,,,,,,,,
2026-05-14 21:00:00,hourly,CR-01,Crusher 01,Crusher,Surface,5.263,68.411,187.95,,,762.69,336.264,0.69,Running,2,25,68.04,44.77,38,302.262,,,,,,,,,
2026-05-14 22:00:00,hourly,CR-01,Crusher 01,Crusher,Surface,5.213,70.118,202.313,,,731.123,317.928,0.84,Running,0,26,68.8,44.8,44,312.844,,,,,,,,,
2026-05-14 23:00:00,hourly,CR-01,Crusher 01,Crusher,Surface,4.877,72.314,205.31,,,740.281,294.903,0.93,Running,1,7,71.13,40.45,40,301.329,,,,,,,,,
2026-05-15 00:00:00,hourly,CR-01,Crusher 01,Crusher,Surface,4.953,71.475,201.706,,,715.14,318.415,0.67,Running,2,7,67.33,44.05,34,344.89,,,,,,,,,
2026-05-15 01:00:00,hourly,CR-01,Crusher 01,Crusher,Surface,5.172,73.709,206.022,,,725.507,321.649,0.71,Running,1,12,69.98,41.27,35,334.03,,,,,,,,,
2026-05-15 02:00:00,hourly,CR-01,Crusher 01,Crusher,Surface,5.44,69.097,196.278,,,758.184,280.6,0.82,Running,2,26,69.01,43.74,37,316.499,,,,,,,,,
2026-05-15 03:00:00,hourly,CR-01,Crusher 01,Crusher,Surface,5.851,70.711,201.947,,,695.067,341.979,0.72,Warning,1,19,68.36,45.61,36,298.512,,,,,,,,,
2026-05-15 04:00:00,hourly,CR-01,Crusher 01,Crusher,Surface,4.898,73.477,198.329,,,686.698,330.522,0.81,Warning,1,36,68.69,45.83,40,307.958,,,,,,,,,
2026-05-15 05:00:00,hourly,CR-01,Crusher 01,Crusher,Surface,5.245,68.494,184.338,,,719.762,295.943,0.94,Running,1,6,70.81,40.31,41,302.008,,,,,,,,,
2026-05-15 06:00:00,hourly,CR-01,Crusher 01,Crusher,Surface,4.929,73.657,186.83,,,722.261,313.595,0.79,Running,2,6,70.21,40.3,41,312.877,,,,,,,,,
2026-05-15 07:00:00,hourly,CR-01,Crusher 01,Crusher,Surface,5.232,74.467,207.856,,,725.553,309.178,0.86,Running,2,14,70.95,38.88,41,279.762,,,,,,,,,
2026-05-15 08:00:00,hourly,CR-01,Crusher 01,Crusher,Surface,5.129,68.189,192.786,,,726.184,338.419,0.86,Warning,1,13,67.93,47.23,43,302.874,,,,,,,,,
2026-05-15 09:00:00,hourly,CR-01,Crusher 01,Crusher,Surface,5.372,76.712,194.2,,,732.664,305.047,0.76,Warning,3,9,66.49,46.05,44,291.049,,,,,,,,,
2026-05-15 10:00:00,hourly,CR-01,Crusher 01,Crusher,Surface,4.658,70.231,205.169,,,721.535,293.768,0.74,Running,0,18,69.41,41.3,36,299.789,,,,,,,,,
2026-05-15 11:00:00,hourly,CR-01,Crusher 01,Crusher,Surface,5.159,66.864,196.355,,,767.549,313.245,0.9,Running,1,19,69.03,43.69,32,355.529,,,,,,,,,
2026-05-15 12:00:00,hourly,CR-01,Crusher 01,Crusher,Surface,5.296,68.305,204.761,,,753.514,296.613,0.82,Warning,2,4,68.21,47.74,37,308.238,,,,,,,,,
2026-05-15 13:00:00,hourly,CR-01,Crusher 01,Crusher,Surface,5.33,70.59,196.657,,,728.929,332.838,0.84,Warning,1,12,65.76,46.08,40,319.664,,,,,,,,,
2026-05-15 14:00:00,hourly,CR-01,Crusher 01,Crusher,Surface,5.372,70.005,187.494,,,755.627,313.824,0.82,Running,1,25,70.25,42.84,37,310.523,,,,,,,,,
2026-05-15 15:00:00,hourly,CR-01,Crusher 01,Crusher,Surface,5.326,69.124,208.031,,,664.594,294.159,0.81,Warning,1,17,64.09,49.37,42,329.348,,,,,,,,,
2026-05-15 16:00:00,hourly,CR-01,Crusher 01,Crusher,Surface,5.66,68.066,189.699,,,740.572,302.382,0.84,Running,1,8,69.89,42.38,34,307.002,,,,,,,,,
2026-05-15 17:00:00,hourly,CR-01,Crusher 01,Crusher,Surface,5.687,67.694,210.618,,,754.057,307.216,0.73,Running,2,14,69.75,43.97,46,303.547,,,,,,,,,
2026-05-15 18:00:00,hourly,CR-01,Crusher 01,Crusher,Surface,5.23,75.059,203.802,,,716.979,309.94,0.85,Running,1,4,69.59,45.0,42,300.622,,,,,,,,,
2026-05-15 19:00:00,hourly,CR-01,Crusher 01,Crusher,Surface,5.141,71.971,192.924,,,745.412,286.047,0.74,Running,3,36,68.46,43.1,38,299.446,,,,,,,,,
2026-05-15 20:00:00,hourly,CR-01,Crusher 01,Crusher,Surface,5.363,73.55,204.157,,,715.07,294.658,1.0,Warning,1,32,64.87,50.69,36,348.929,,,,,,,,,
2026-05-15 21:00:00,hourly,CR-01,Crusher 01,Crusher,Surface,5.55,68.924,193.64,,,740.169,320.504,0.87,Warning,2,49,65.87,48.25,38,324.323,,,,,,,,,
2026-05-15 22:00:00,hourly,CR-01,Crusher 01,Crusher,Surface,5.325,70.251,190.709,,,697.403,338.728,0.84,Warning,2,20,67.05,46.94,44,302.419,,,,,,,,,
2026-05-15 23:00:00,hourly,CR-01,Crusher 01,Crusher,Surface,4.99,68.789,200.54,,,754.778,306.422,0.73,Running,1,13,71.28,42.68,37,334.507,,,,,,,,,
2026-05-16 00:00:00,hourly,CR-01,Crusher 01,Crusher,Surface,5.61,70.057,206.274,,,731.32,317.447,0.91,Running,1,8,69.79,40.87,37,341.376,,,,,,,,,
2026-05-16 01:00:00,hourly,CR-01,Crusher 01,Crusher,Surface,5.445,73.835,201.336,,,737.204,357.833,0.78,Warning,2,24,67.91,46.48,39,300.46,,,,,,,,,
2026-05-16 02:00:00,hourly,CR-01,Crusher 01,Crusher,Surface,5.859,70.267,191.268,,,729.229,320.217,0.87,Warning,2,13,67.16,46.29,34,309.764,,,,,,,,,
2026-05-16 03:00:00,hourly,CR-01,Crusher 01,Crusher,Surface,5.112,71.089,185.229,,,759.227,280.852,0.77,Warning,0,7,68.29,46.76,43,316.461,,,,,,,,,
2026-05-16 04:00:00,hourly,CR-01,Crusher 01,Crusher,Surface,5.413,69.755,197.014,,,737.512,326.101,0.67,Running,2,32,69.37,43.7,41,299.396,,,,,,,,,
2026-05-16 05:00:00,hourly,CR-01,Crusher 01,Crusher,Surface,5.476,73.242,187.897,,,755.404,319.917,0.94,Running,1,18,68.44,43.88,42,305.502,,,,,,,,,
2026-05-16 06:00:00,hourly,CR-01,Crusher 01,Crusher,Surface,5.284,70.058,197.929,,,716.687,308.259,0.87,Warning,2,23,65.67,49.8,44,305.578,,,,,,,,,
2026-05-16 07:00:00,hourly,CR-01,Crusher 01,Crusher,Surface,5.072,74.491,198.645,,,745.45,295.74,0.79,Running,2,19,70.13,40.68,35,313.266,,,,,,,,,
2026-05-16 08:00:00,hourly,CR-01,Crusher 01,Crusher,Surface,5.445,70.636,206.179,,,771.58,330.969,0.98,Running,1,22,68.54,43.24,39,383.877,,,,,,,,,
2026-05-16 09:00:00,hourly,CR-01,Crusher 01,Crusher,Surface,5.237,77.412,205.589,,,772.629,267.359,0.82,Running,0,0,66.9,44.83,38,296.754,,,,,,,,,
2026-05-16 10:00:00,hourly,CR-01,Crusher 01,Crusher,Surface,5.379,74.498,209.025,,,663.979,308.615,0.92,Running,1,5,68.22,43.24,45,284.302,,,,,,,,,
2026-05-16 11:00:00,hourly,CR-01,Crusher 01,Crusher,Surface,5.388,71.522,199.094,,,734.676,309.938,0.69,Running,1,32,69.53,37.18,37,338.258,,,,,,,,,
2026-05-16 12:00:00,hourly,CR-01,Crusher 01,Crusher,Surface,5.063,71.838,195.325,,,691.979,303.702,0.79,Running,1,17,68.15,43.57,31,320.819,,,,,,,,,
2026-05-16 13:00:00,hourly,CR-01,Crusher 01,Crusher,Surface,5.255,74.989,203.806,,,720.199,314.547,0.8,Running,2,22,68.18,44.41,36,310.084,,,,,,,,,
2026-05-16 14:00:00,hourly,CR-01,Crusher 01,Crusher,Surface,5.268,72.507,203.719,,,715.966,294.106,0.74,Running,1,26,69.86,43.71,42,335.945,,,,,,,,,
2026-05-16 15:00:00,hourly,CR-01,Crusher 01,Crusher,Surface,5.416,73.19,203.346,,,745.829,326.589,0.75,Warning,1,14,66.35,45.27,40,290.032,,,,,,,,,
2026-05-16 16:00:00,hourly,CR-01,Crusher 01,Crusher,Surface,5.543,76.85,218.727,,,726.451,369.25,0.83,Warning,1,6,65.76,46.94,38,323.935,,,,,,,,,
2026-05-16 17:00:00,hourly,CR-01,Crusher 01,Crusher,Surface,5.502,72.297,206.345,,,710.732,300.478,0.81,Warning,1,3,66.52,46.52,37,312.927,,,,,,,,,
2026-05-16 18:00:00,hourly,CR-01,Crusher 01,Crusher,Surface,5.672,66.785,211.605,,,743.694,324.283,0.8,Warning,2,7,68.56,45.55,39,317.882,,,,,,,,,
2026-05-16 19:00:00,hourly,CR-01,Crusher 01,Crusher,Surface,5.462,72.268,189.001,,,702.842,319.777,0.78,Running,2,10,68.68,44.2,40,318.281,,,,,,,,,
2026-05-16 20:00:00,hourly,CR-01,Crusher 01,Crusher,Surface,6.02,74.694,190.176,,,709.651,320.75,0.9,Warning,1,10,67.35,46.46,39,369.68,,,,,,,,,
2026-05-16 21:00:00,hourly,CR-01,Crusher 01,Crusher,Surface,5.542,72.66,192.244,,,719.732,308.747,0.72,Warning,1,4,65.67,49.82,36,306.216,,,,,,,,,
2026-05-16 22:00:00,hourly,CR-01,Crusher 01,Crusher,Surface,5.03,69.151,200.209,,,724.364,317.398,0.82,Running,2,27,69.82,43.26,38,298.803,,,,,,,,,
2026-05-16 23:00:00,hourly,CR-01,Crusher 01,Crusher,Surface,5.319,71.752,198.7,,,734.113,321.113,0.78,Warning,2,37,65.05,47.73,36,329.195,,,,,,,,,
2026-05-17 00:00:00,hourly,CR-01,Crusher 01,Crusher,Surface,6.399,75.544,202.837,,,734.359,331.804,0.78,Warning,2,8,66.11,50.86,42,339.939,,,,,,,,,
2026-05-17 01:00:00,hourly,CR-01,Crusher 01,Crusher,Surface,5.043,68.604,216.799,,,713.191,330.6,0.65,Running,2,0,65.66,44.27,37,287.785,,,,,,,,,
2026-05-17 02:00:00,hourly,CR-01,Crusher 01,Crusher,Surface,5.594,67.905,199.449,,,735.452,340.613,0.82,Warning,1,19,68.42,46.01,34,326.161,,,,,,,,,
2026-05-17 03:00:00,hourly,CR-01,Crusher 01,Crusher,Surface,6.133,70.051,205.258,,,731.245,304.327,0.77,Warning,2,37,66.38,47.95,47,291.956,,,,,,,,,
2026-05-17 04:00:00,hourly,CR-01,Crusher 01,Crusher,Surface,5.093,74.838,201.256,,,729.203,320.935,0.84,Warning,2,3,69.23,45.56,35,287.89,,,,,,,,,
2026-05-17 05:00:00,hourly,CR-01,Crusher 01,Crusher,Surface,5.942,67.198,211.384,,,688.959,314.9,1.0,Running,1,3,67.82,44.58,34,312.862,,,,,,,,,
2026-05-17 06:00:00,hourly,CR-01,Crusher 01,Crusher,Surface,5.946,72.428,207.006,,,740.472,333.152,0.83,Warning,2,0,64.99,48.02,33,303.206,,,,,,,,,
2026-05-17 07:00:00,hourly,CR-01,Crusher 01,Crusher,Surface,5.396,73.355,200.205,,,743.709,289.65,0.86,Warning,1,21,65.91,45.52,35,289.493,,,,,,,,,
2026-05-17 08:00:00,hourly,CR-01,Crusher 01,Crusher,Surface,4.921,72.194,210.391,,,747.832,337.576,0.76,Warning,2,7,65.5,46.17,40,299.19,,,,,,,,,
2026-05-17 09:00:00,hourly,CR-01,Crusher 01,Crusher,Surface,5.674,68.662,206.955,,,731.989,323.659,0.83,Running,2,27,68.51,43.75,31,306.54,,,,,,,,,
2026-05-17 10:00:00,hourly,CR-01,Crusher 01,Crusher,Surface,5.47,72.556,209.561,,,755.711,339.62,0.81,Running,2,25,67.59,43.69,38,331.683,,,,,,,,,
2026-05-17 11:00:00,hourly,CR-01,Crusher 01,Crusher,Surface,5.446,69.652,201.442,,,740.419,318.92,0.75,Warning,1,38,63.63,49.49,35,296.49,,,,,,,,,
2026-05-17 12:00:00,hourly,CR-01,Crusher 01,Crusher,Surface,5.708,72.644,207.717,,,716.987,314.87,0.75,Running,2,30,66.95,44.15,34,319.734,,,,,,,,,
2026-05-17 13:00:00,hourly,CR-01,Crusher 01,Crusher,Surface,5.516,70.183,198.87,,,726.031,306.293,0.86,Warning,2,0,65.95,49.74,30,277.637,,,,,,,,,
2026-05-17 14:00:00,hourly,CR-01,Crusher 01,Crusher,Surface,5.042,73.143,191.044,,,712.678,310.921,0.77,Warning,1,16,63.95,49.03,37,313.429,,,,,,,,,
2026-05-17 15:00:00,hourly,CR-01,Crusher 01,Crusher,Surface,5.488,72.254,196.704,,,701.759,281.776,0.74,Warning,1,34,64.6,50.36,30,334.465,,,,,,,,,
2026-05-17 16:00:00,hourly,CR-01,Crusher 01,Crusher,Surface,5.636,69.367,207.484,,,745.563,315.416,0.93,Warning,3,3,65.52,48.02,36,307.853,,,,,,,,,
2026-05-17 17:00:00,hourly,CR-01,Crusher 01,Crusher,Surface,5.68,73.752,206.775,,,720.64,308.88,0.94,Warning,3,16,62.26,53.53,38,330.192,,,,,,,,,
2026-05-17 18:00:00,hourly,CR-01,Crusher 01,Crusher,Surface,5.921,72.1,194.644,,,745.166,320.096,0.75,Warning,1,20,66.1,46.94,28,276.3,,,,,,,,,
2026-05-17 19:00:00,hourly,CR-01,Crusher 01,Crusher,Surface,4.96,73.241,215.341,,,775.594,305.848,0.9,Warning,0,19,65.82,49.41,40,293.99,,,,,,,,,
2026-05-17 20:00:00,hourly,CR-01,Crusher 01,Crusher,Surface,5.85,72.975,191.719,,,754.199,324.854,0.69,Warning,2,24,65.21,49.93,29,330.965,,,,,,,,,
2026-05-17 21:00:00,hourly,CR-01,Crusher 01,Crusher,Surface,5.438,74.935,203.375,,,701.926,316.186,0.74,Warning,3,12,65.62,50.56,44,332.554,,,,,,,,,
2026-05-17 22:00:00,hourly,CR-01,Crusher 01,Crusher,Surface,5.613,73.938,197.664,,,712.211,285.75,0.72,Warning,2,8,65.14,47.49,36,359.826,,,,,,,,,
2026-05-17 23:00:00,hourly,CR-01,Crusher 01,Crusher,Surface,5.823,73.554,203.824,,,741.666,319.561,0.78,Warning,1,25,63.64,49.21,33,334.287,,,,,,,,,
2026-05-18 00:00:00,hourly,CR-01,Crusher 01,Crusher,Surface,5.34,68.043,189.433,,,737.616,333.564,0.82,Warning,2,17,64.35,49.13,37,344.33,,,,,,,,,
2026-05-18 01:00:00,hourly,CR-01,Crusher 01,Crusher,Surface,5.457,71.586,185.352,,,761.129,334.945,0.72,Warning,1,47,64.07,50.53,33,297.797,,,,,,,,,
2026-05-18 02:00:00,hourly,CR-01,Crusher 01,Crusher,Surface,5.747,66.33,196.005,,,717.083,302.831,0.79,Warning,2,6,66.26,48.29,27,318.839,,,,,,,,,
2026-05-18 03:00:00,hourly,CR-01,Crusher 01,Crusher,Surface,5.405,69.085,208.959,,,693.669,291.8,0.74,Warning,1,19,63.48,49.87,41,288.651,,,,,,,,,
2026-05-18 04:00:00,hourly,CR-01,Crusher 01,Crusher,Surface,5.687,75.222,204.116,,,702.312,338.623,0.84,Warning,1,3,64.24,50.46,35,342.956,,,,,,,,,
2026-05-18 05:00:00,hourly,CR-01,Crusher 01,Crusher,Surface,5.27,71.34,188.768,,,757.283,326.493,0.83,Warning,1,24,65.11,48.48,37,312.739,,,,,,,,,
2026-05-18 06:00:00,hourly,CR-01,Crusher 01,Crusher,Surface,5.961,75.218,212.067,,,730.466,301.66,0.93,Warning,1,18,62.57,51.88,36,329.853,,,,,,,,,
2026-05-18 07:00:00,hourly,CR-01,Crusher 01,Crusher,Surface,5.829,70.61,204.674,,,747.909,304.138,0.68,Warning,2,27,64.21,50.08,33,268.687,,,,,,,,,
2026-05-18 08:00:00,hourly,CR-01,Crusher 01,Crusher,Surface,5.379,72.191,210.073,,,717.397,319.761,0.91,Warning,1,12,64.92,52.12,32,263.891,,,,,,,,,
2026-05-18 09:00:00,hourly,CR-01,Crusher 01,Crusher,Surface,5.94,72.905,199.229,,,707.089,334.747,0.91,Warning,3,0,65.07,50.49,39,358.129,,,,,,,,,
2026-05-18 10:00:00,hourly,CR-01,Crusher 01,Crusher,Surface,5.744,76.288,184.759,,,743.128,313.302,0.78,Warning,2,36,65.3,50.68,38,395.459,,,,,,,,,
2026-05-18 11:00:00,hourly,CR-01,Crusher 01,Crusher,Surface,5.337,75.01,217.634,,,691.43,292.546,0.79,Warning,1,32,63.46,51.88,36,327.243,,,,,,,,,
2026-05-18 12:00:00,hourly,CR-01,Crusher 01,Crusher,Surface,5.834,71.441,201.121,,,738.602,285.131,0.85,Warning,1,35,62.87,55.51,40,353.6,,,,,,,,,
2026-05-18 13:00:00,hourly,CR-01,Crusher 01,Crusher,Surface,5.847,71.483,212.793,,,768.005,304.791,0.9,Warning,1,33,63.8,52.45,36,303.401,,,,,,,,,
2026-05-18 14:00:00,hourly,CR-01,Crusher 01,Crusher,Surface,5.163,73.15,199.139,,,666.982,304.536,0.66,Warning,1,20,64.8,46.43,40,284.996,,,,,,,,,
2026-05-18 15:00:00,hourly,CR-01,Crusher 01,Crusher,Surface,4.914,78.459,203.985,,,701.249,299.495,0.78,Warning,1,29,63.97,51.9,42,356.034,,,,,,,,,
2026-05-18 16:00:00,hourly,CR-01,Crusher 01,Crusher,Surface,5.527,72.959,186.862,,,724.992,345.116,0.85,Warning,1,9,62.58,53.06,40,316.81,,,,,,,,,
2026-05-18 17:00:00,hourly,CR-01,Crusher 01,Crusher,Surface,5.432,70.835,194.929,,,713.358,291.534,0.83,Warning,1,14,67.85,46.25,37,315.151,,,,,,,,,
2026-05-18 18:00:00,hourly,CR-01,Crusher 01,Crusher,Surface,5.849,70.979,218.102,,,722.129,306.458,0.82,Warning,2,33,62.98,48.83,32,356.497,,,,,,,,,
2026-05-18 19:00:00,hourly,CR-01,Crusher 01,Crusher,Surface,5.464,72.429,212.085,,,782.83,358.486,0.69,Warning,2,46,62.06,50.19,37,312.339,,,,,,,,,
2026-05-18 20:00:00,hourly,CR-01,Crusher 01,Crusher,Surface,5.488,73.664,215.273,,,708.277,305.486,0.78,Warning,1,25,63.01,51.59,34,294.082,,,,,,,,,
2026-05-18 21:00:00,hourly,CR-01,Crusher 01,Crusher,Surface,6.218,70.756,208.369,,,719.654,319.718,0.79,Running,1,0,65.46,44.85,38,289.547,,,,,,,,,
2026-05-18 22:00:00,hourly,CR-01,Crusher 01,Crusher,Surface,6.057,75.235,206.092,,,699.398,345.509,0.75,Warning,0,25,64.93,50.51,42,320.035,,,,,,,,,
2026-05-18 23:00:00,hourly,CR-01,Crusher 01,Crusher,Surface,5.228,71.412,213.202,,,688.447,318.0,0.91,Warning,1,35,66.81,46.77,35,339.367,,,,,,,,,
2026-05-19 00:00:00,hourly,CR-01,Crusher 01,Crusher,Surface,6.095,76.13,212.878,,,736.284,327.145,0.79,Warning,3,18,62.27,56.72,31,313.903,,,,,,,,,
2026-05-19 01:00:00,hourly,CR-01,Crusher 01,Crusher,Surface,6.166,73.665,206.826,,,682.624,308.198,0.75,Warning,2,8,63.34,52.07,38,317.807,,,,,,,,,
2026-05-19 02:00:00,hourly,CR-01,Crusher 01,Crusher,Surface,5.659,72.271,204.838,,,690.814,304.662,0.98,Warning,2,32,65.39,49.85,35,303.24,,,,,,,,,
2026-05-19 03:00:00,hourly,CR-01,Crusher 01,Crusher,Surface,5.589,66.347,213.535,,,725.669,291.394,0.86,Warning,1,17,62.03,54.32,41,309.036,,,,,,,,,
2026-05-19 04:00:00,hourly,CR-01,Crusher 01,Crusher,Surface,5.145,72.278,193.669,,,739.688,316.567,0.83,Warning,1,15,65.5,48.46,35,355.04,,,,,,,,,
2026-05-19 05:00:00,hourly,CR-01,Crusher 01,Crusher,Surface,5.314,73.202,201.1,,,701.79,327.29,0.81,Warning,1,0,63.64,51.15,35,317.497,,,,,,,,,
2026-05-19 06:00:00,hourly,CR-01,Crusher 01,Crusher,Surface,5.689,73.336,190.233,,,705.039,355.435,0.77,Warning,2,0,62.24,52.75,35,303.537,,,,,,,,,
2026-05-19 07:00:00,hourly,CR-01,Crusher 01,Crusher,Surface,5.587,74.664,194.741,,,681.705,310.89,0.75,Warning,2,31,60.71,50.23,36,356.801,,,,,,,,,
2026-05-19 08:00:00,hourly,CR-01,Crusher 01,Crusher,Surface,5.63,72.349,206.433,,,737.362,342.201,0.73,Warning,2,5,64.23,52.32,27,314.502,,,,,,,,,
2026-05-19 09:00:00,hourly,CR-01,Crusher 01,Crusher,Surface,5.846,74.75,212.152,,,724.956,337.576,0.79,Warning,2,42,65.69,50.29,32,316.863,,,,,,,,,
2026-05-19 10:00:00,hourly,CR-01,Crusher 01,Crusher,Surface,6.277,71.157,222.736,,,724.227,307.502,0.7,Warning,1,47,63.81,52.39,39,315.114,,,,,,,,,
2026-05-19 11:00:00,hourly,CR-01,Crusher 01,Crusher,Surface,5.572,75.781,203.436,,,689.79,321.409,0.89,Warning,2,7,63.84,50.8,32,285.008,,,,,,,,,
2026-05-19 12:00:00,hourly,CR-01,Crusher 01,Crusher,Surface,5.578,75.842,200.6,,,744.919,321.683,0.77,Warning,2,12,63.57,50.74,35,311.551,,,,,,,,,
2026-05-19 13:00:00,hourly,CR-01,Crusher 01,Crusher,Surface,5.72,74.234,203.973,,,710.73,296.05,0.89,Warning,2,27,64.56,47.35,34,325.371,,,,,,,,,
2026-05-19 14:00:00,hourly,CR-01,Crusher 01,Crusher,Surface,5.687,75.323,207.206,,,746.792,316.528,0.75,Warning,1,36,64.98,46.52,32,311.473,,,,,,,,,
2026-05-19 15:00:00,hourly,CR-01,Crusher 01,Crusher,Surface,6.279,72.796,222.886,,,706.537,305.958,0.85,Warning,3,25,58.34,57.13,34,342.526,,,,,,,,,
2026-05-19 16:00:00,hourly,CR-01,Crusher 01,Crusher,Surface,5.717,73.122,205.023,,,731.998,317.021,0.71,Warning,3,13,62.38,53.07,30,298.918,,,,,,,,,
2026-05-19 17:00:00,hourly,CR-01,Crusher 01,Crusher,Surface,6.054,73.006,194.072,,,703.817,318.301,0.77,Warning,1,16,61.84,54.17,28,327.22,,,,,,,,,
2026-05-19 18:00:00,hourly,CR-01,Crusher 01,Crusher,Surface,6.563,76.726,208.953,,,748.374,320.363,0.78,Warning,1,22,63.07,50.67,35,309.62,,,,,,,,,
2026-05-19 19:00:00,hourly,CR-01,Crusher 01,Crusher,Surface,6.313,74.116,206.013,,,691.843,310.48,0.84,Warning,3,13,62.07,50.49,41,341.662,,,,,,,,,
2026-05-19 20:00:00,hourly,CR-01,Crusher 01,Crusher,Surface,5.742,71.827,204.866,,,731.05,302.317,0.72,Warning,1,35,63.36,49.97,37,354.784,,,,,,,,,
2026-05-19 21:00:00,hourly,CR-01,Crusher 01,Crusher,Surface,5.662,73.551,202.645,,,691.401,289.611,0.94,Warning,1,12,63.12,51.4,37,348.054,,,,,,,,,
2026-05-19 22:00:00,hourly,CR-01,Crusher 01,Crusher,Surface,5.521,72.58,226.105,,,711.95,338.268,0.82,Warning,2,28,59.46,53.64,38,322.841,,,,,,,,,
2026-05-19 23:00:00,hourly,CR-01,Crusher 01,Crusher,Surface,5.844,74.177,200.426,,,739.612,321.957,0.81,Warning,1,34,58.98,57.8,35,320.531,,,,,,,,,
2026-05-20 00:00:00,hourly,CR-01,Crusher 01,Crusher,Surface,5.345,73.381,190.197,,,693.246,340.031,0.7,Warning,2,22,63.61,54.18,34,319.098,,,,,,,,,
2026-05-20 01:00:00,hourly,CR-01,Crusher 01,Crusher,Surface,6.495,70.556,199.628,,,735.031,318.857,0.84,Warning,1,18,61.0,52.99,31,297.731,,,,,,,,,
2026-05-20 02:00:00,hourly,CR-01,Crusher 01,Crusher,Surface,5.665,71.258,200.8,,,742.407,321.376,0.91,Warning,2,21,65.02,53.21,37,341.26,,,,,,,,,
2026-05-20 03:00:00,hourly,CR-01,Crusher 01,Crusher,Surface,5.846,72.969,193.12,,,670.653,316.85,0.75,Warning,2,9,63.57,49.59,35,274.768,,,,,,,,,
2026-05-20 04:00:00,hourly,CR-01,Crusher 01,Crusher,Surface,5.921,77.2,203.967,,,734.981,315.206,0.77,Warning,2,34,59.29,56.55,31,312.826,,,,,,,,,
2026-05-20 05:00:00,hourly,CR-01,Crusher 01,Crusher,Surface,5.485,69.526,222.064,,,751.807,326.15,0.8,Warning,2,21,60.81,55.84,33,357.146,,,,,,,,,
2026-05-20 06:00:00,hourly,CR-01,Crusher 01,Crusher,Surface,6.151,74.905,193.302,,,703.008,316.479,0.79,Warning,2,18,62.4,52.54,29,285.751,,,,,,,,,
2026-05-20 07:00:00,hourly,CR-01,Crusher 01,Crusher,Surface,5.998,77.838,192.229,,,700.042,339.321,0.74,Warning,1,6,61.24,50.87,36,332.275,,,,,,,,,
2026-05-20 08:00:00,hourly,CR-01,Crusher 01,Crusher,Surface,5.779,76.443,213.619,,,680.037,347.037,0.85,Warning,2,48,61.62,54.23,40,338.486,,,,,,,,,
2026-05-20 09:00:00,hourly,CR-01,Crusher 01,Crusher,Surface,5.981,74.093,204.232,,,697.237,345.573,0.91,Warning,2,34,60.06,56.07,29,309.266,,,,,,,,,
2026-05-20 10:00:00,hourly,CR-01,Crusher 01,Crusher,Surface,5.847,73.636,202.5,,,748.652,350.0,0.81,Warning,1,2,62.32,52.22,38,298.866,,,,,,,,,
2026-05-20 11:00:00,hourly,CR-01,Crusher 01,Crusher,Surface,5.873,75.747,217.194,,,711.23,301.663,0.75,Warning,3,29,61.74,53.71,38,284.91,,,,,,,,,
2026-05-20 12:00:00,hourly,CR-01,Crusher 01,Crusher,Surface,5.682,77.856,200.927,,,735.006,343.987,0.73,Warning,2,13,62.85,52.89,29,311.611,,,,,,,,,
2026-05-20 13:00:00,hourly,CR-01,Crusher 01,Crusher,Surface,5.925,75.988,190.892,,,705.696,324.018,1.0,Warning,3,9,61.51,52.12,25,304.72,,,,,,,,,
2026-05-20 14:00:00,hourly,CR-01,Crusher 01,Crusher,Surface,6.02,74.738,214.632,,,718.943,324.322,0.78,Warning,2,12,60.51,56.35,34,290.262,,,,,,,,,
2026-05-20 15:00:00,hourly,CR-01,Crusher 01,Crusher,Surface,5.652,77.225,206.096,,,754.175,309.616,0.86,Warning,2,28,61.68,52.43,33,343.934,,,,,,,,,
2026-05-20 16:00:00,hourly,CR-01,Crusher 01,Crusher,Surface,5.991,74.776,205.638,,,756.719,315.842,0.69,Warning,2,20,61.98,56.31,32,303.094,,,,,,,,,
2026-05-20 17:00:00,hourly,CR-01,Crusher 01,Crusher,Surface,5.332,74.597,187.365,,,725.604,282.997,0.76,Warning,1,22,61.33,56.21,38,332.214,,,,,,,,,
2026-05-20 18:00:00,hourly,CR-01,Crusher 01,Crusher,Surface,6.288,75.928,196.93,,,716.149,332.766,0.91,Warning,1,23,63.23,49.48,32,303.191,,,,,,,,,
2026-05-20 19:00:00,hourly,CR-01,Crusher 01,Crusher,Surface,5.554,72.9,205.023,,,700.925,319.138,0.75,Warning,2,38,59.47,59.2,43,334.087,,,,,,,,,
2026-05-20 20:00:00,hourly,CR-01,Crusher 01,Crusher,Surface,5.409,81.638,196.445,,,742.254,313.545,0.75,Warning,2,52,62.6,53.18,27,326.949,,,,,,,,,
2026-05-20 21:00:00,hourly,CR-01,Crusher 01,Crusher,Surface,5.781,74.867,216.724,,,718.21,346.974,0.85,Warning,3,19,59.13,58.28,29,345.253,,,,,,,,,
2026-05-20 22:00:00,hourly,CR-01,Crusher 01,Crusher,Surface,6.006,74.072,206.603,,,754.923,323.178,0.77,Warning,2,15,62.06,52.75,29,287.375,,,,,,,,,
2026-05-20 23:00:00,hourly,CR-01,Crusher 01,Crusher,Surface,5.854,76.57,204.923,,,677.424,306.428,0.86,Warning,3,25,57.67,58.58,32,305.756,,,,,,,,,
2026-05-21 00:00:00,hourly,CR-01,Crusher 01,Crusher,Surface,6.193,77.203,217.148,,,709.865,322.805,0.77,Warning,0,32,60.41,54.88,38,342.923,,,,,,,,,
2026-05-21 01:00:00,hourly,CR-01,Crusher 01,Crusher,Surface,5.884,72.956,201.648,,,717.19,354.015,0.81,Warning,3,34,62.35,50.8,28,308.414,,,,,,,,,
2026-05-21 02:00:00,hourly,CR-01,Crusher 01,Crusher,Surface,5.901,70.526,211.415,,,734.249,320.896,0.87,Warning,1,8,60.1,52.11,29,314.163,,,,,,,,,
2026-05-21 03:00:00,hourly,CR-01,Crusher 01,Crusher,Surface,5.928,73.862,207.644,,,687.251,337.843,0.78,Warning,2,54,60.54,53.97,30,334.843,,,,,,,,,
2026-05-21 04:00:00,hourly,CR-01,Crusher 01,Crusher,Surface,6.487,75.367,216.11,,,717.249,310.386,0.72,Warning,2,6,61.06,53.23,32,316.32,,,,,,,,,
2026-05-21 05:00:00,hourly,CR-01,Crusher 01,Crusher,Surface,5.857,72.932,212.172,,,746.036,332.333,0.78,Warning,1,36,56.84,58.25,33,325.374,,,,,,,,,
2026-05-21 06:00:00,hourly,CR-01,Crusher 01,Crusher,Surface,6.742,74.679,214.139,,,728.816,327.201,0.74,Warning,3,33,60.97,55.81,31,320.353,,,,,,,,,
2026-05-21 07:00:00,hourly,CR-01,Crusher 01,Crusher,Surface,6.59,74.461,202.856,,,729.253,323.582,0.78,Warning,2,3,58.9,58.03,27,315.646,,,,,,,,,
2026-05-21 08:00:00,hourly,CR-01,Crusher 01,Crusher,Surface,5.645,70.871,202.431,,,699.338,314.824,0.82,Warning,3,24,61.86,52.21,32,292.84,,,,,,,,,
2026-05-21 09:00:00,hourly,CR-01,Crusher 01,Crusher,Surface,6.285,76.412,207.207,,,714.75,318.588,0.82,Warning,2,0,60.13,55.2,38,312.924,,,,,,,,,
2026-05-21 10:00:00,hourly,CR-01,Crusher 01,Crusher,Surface,5.828,77.009,214.392,,,693.682,289.791,0.89,Warning,2,11,60.65,55.53,36,335.166,,,,,,,,,
2026-05-21 11:00:00,hourly,CR-01,Crusher 01,Crusher,Surface,6.063,75.354,212.077,,,746.581,294.747,0.76,Warning,1,22,58.24,57.0,30,316.303,,,,,,,,,
2026-05-21 12:00:00,hourly,CR-01,Crusher 01,Crusher,Surface,5.544,75.841,216.137,,,731.168,295.828,0.82,Warning,1,21,61.36,48.99,32,334.221,,,,,,,,,
2026-05-21 13:00:00,hourly,CR-01,Crusher 01,Crusher,Surface,6.004,73.37,200.021,,,723.421,296.466,0.93,Warning,2,42,59.96,58.45,34,316.25,,,,,,,,,
2026-05-21 14:00:00,hourly,CR-01,Crusher 01,Crusher,Surface,6.873,74.679,195.204,,,724.639,318.865,0.85,Warning,2,13,57.53,59.23,36,334.169,,,,,,,,,
2026-05-21 15:00:00,hourly,CR-01,Crusher 01,Crusher,Surface,5.809,76.609,203.801,,,751.505,314.96,0.9,Warning,2,28,59.05,57.87,38,310.005,,,,,,,,,
2026-05-21 16:00:00,hourly,CR-01,Crusher 01,Crusher,Surface,6.277,71.743,202.163,,,772.322,305.095,0.82,Warning,1,35,60.88,55.12,33,297.978,,,,,,,,,
2026-05-21 17:00:00,hourly,CR-01,Crusher 01,Crusher,Surface,6.098,72.598,199.321,,,721.915,345.751,0.88,Warning,2,20,59.95,53.18,27,342.778,,,,,,,,,
2026-05-21 18:00:00,hourly,CR-01,Crusher 01,Crusher,Surface,5.908,71.658,206.731,,,721.856,319.302,0.81,Warning,2,21,60.81,53.49,26,299.575,,,,,,,,,
2026-05-21 19:00:00,hourly,CR-01,Crusher 01,Crusher,Surface,6.438,79.15,196.134,,,729.956,340.253,0.71,Warning,0,2,59.03,57.34,34,308.574,,,,,,,,,
2026-05-21 20:00:00,hourly,CR-01,Crusher 01,Crusher,Surface,5.941,74.471,203.416,,,757.327,297.728,0.87,Warning,2,0,61.48,53.53,26,324.093,,,,,,,,,
2026-05-21 21:00:00,hourly,CR-01,Crusher 01,Crusher,Surface,6.073,78.613,199.395,,,739.644,331.903,0.85,Warning,1,10,61.74,51.3,35,284.28,,,,,,,,,
2026-05-21 22:00:00,hourly,CR-01,Crusher 01,Crusher,Surface,6.161,75.016,197.46,,,729.776,342.124,0.82,Warning,2,46,56.61,61.43,29,311.386,,,,,,,,,
2026-05-21 23:00:00,hourly,CR-01,Crusher 01,Crusher,Surface,6.461,79.527,196.914,,,739.411,331.63,0.74,Warning,3,42,60.3,56.72,27,309.578,,,,,,,,,
2026-05-22 00:00:00,hourly,CR-01,Crusher 01,Crusher,Surface,5.984,78.208,199.493,,,730.09,316.5,0.94,Warning,1,38,61.71,52.84,34,318.15,,,,,,,,,
2026-05-22 01:00:00,hourly,CR-01,Crusher 01,Crusher,Surface,6.785,73.636,214.526,,,682.874,319.45,0.88,Warning,1,29,59.99,58.02,27,318.918,,,,,,,,,
2026-05-22 02:00:00,hourly,CR-01,Crusher 01,Crusher,Surface,5.574,75.58,206.624,,,746.912,330.744,0.77,Warning,0,31,59.1,58.33,33,313.813,,,,,,,,,
2026-05-22 03:00:00,hourly,CR-01,Crusher 01,Crusher,Surface,5.937,72.927,210.64,,,698.318,325.726,0.93,Warning,2,18,56.98,61.0,32,320.472,,,,,,,,,
2026-05-22 04:00:00,hourly,CR-01,Crusher 01,Crusher,Surface,6.494,76.954,207.559,,,716.701,344.424,0.93,Warning,3,18,58.54,57.05,24,356.485,,,,,,,,,
2026-05-22 05:00:00,hourly,CR-01,Crusher 01,Crusher,Surface,5.958,77.98,216.046,,,698.727,307.882,0.8,Warning,0,0,58.16,58.24,37,376.046,,,,,,,,,
2026-05-22 06:00:00,hourly,CR-01,Crusher 01,Crusher,Surface,6.185,79.933,214.781,,,711.95,342.21,0.75,Warning,1,26,60.32,57.22,36,335.547,,,,,,,,,
2026-05-22 07:00:00,hourly,CR-01,Crusher 01,Crusher,Surface,5.85,78.757,215.153,,,724.923,330.267,0.86,Warning,2,27,60.44,52.48,35,317.395,,,,,,,,,
2026-05-22 08:00:00,hourly,CR-01,Crusher 01,Crusher,Surface,5.718,76.518,208.068,,,753.94,328.597,0.8,Warning,1,14,58.52,55.31,35,304.737,,,,,,,,,
2026-05-22 09:00:00,hourly,CR-01,Crusher 01,Crusher,Surface,5.995,76.357,209.645,,,707.58,321.822,1.0,Warning,2,37,57.2,59.1,28,308.423,,,,,,,,,
2026-05-22 10:00:00,hourly,CR-01,Crusher 01,Crusher,Surface,6.382,74.945,198.29,,,756.501,344.258,0.74,Warning,2,44,55.25,62.61,36,319.505,,,,,,,,,
2026-05-22 11:00:00,hourly,CR-01,Crusher 01,Crusher,Surface,5.98,79.942,203.143,,,676.74,309.256,0.95,Warning,3,7,59.53,56.46,34,349.684,,,,,,,,,
2026-05-22 12:00:00,hourly,CR-01,Crusher 01,Crusher,Surface,6.139,73.521,217.597,,,686.293,304.573,0.79,Warning,2,57,59.34,57.98,23,302.212,,,,,,,,,
2026-05-22 13:00:00,hourly,CR-01,Crusher 01,Crusher,Surface,6.021,73.132,204.798,,,696.191,325.791,0.8,Warning,2,34,55.12,63.31,27,332.761,,,,,,,,,
2026-05-22 14:00:00,hourly,CR-01,Crusher 01,Crusher,Surface,6.382,73.018,207.852,,,738.03,312.99,0.75,Warning,2,45,59.23,57.11,28,313.431,,,,,,,,,
2026-05-22 15:00:00,hourly,CR-01,Crusher 01,Crusher,Surface,5.702,78.26,216.454,,,693.862,330.737,0.83,Warning,0,13,59.73,55.77,37,346.122,,,,,,,,,
2026-05-22 16:00:00,hourly,CR-01,Crusher 01,Crusher,Surface,6.155,78.021,212.916,,,685.561,359.687,0.75,Warning,2,50,53.87,66.21,27,316.754,,,,,,,,,
2026-05-22 17:00:00,hourly,CR-01,Crusher 01,Crusher,Surface,6.09,76.806,210.688,,,764.612,326.982,0.8,Warning,1,36,56.6,63.16,28,308.382,,,,,,,,,
2026-05-22 18:00:00,hourly,CR-01,Crusher 01,Crusher,Surface,5.927,76.519,208.249,,,714.375,329.23,0.72,Warning,2,17,62.13,52.43,26,309.902,,,,,,,,,
2026-05-22 19:00:00,hourly,CR-01,Crusher 01,Crusher,Surface,6.57,72.957,218.872,,,756.424,354.176,0.66,Warning,3,7,58.21,59.29,29,363.383,,,,,,,,,
2026-05-22 20:00:00,hourly,CR-01,Crusher 01,Crusher,Surface,5.69,76.477,204.224,,,744.491,332.682,0.8,Warning,1,21,61.7,53.1,35,324.169,,,,,,,,,
2026-05-22 21:00:00,hourly,CR-01,Crusher 01,Crusher,Surface,6.325,78.814,214.104,,,738.553,344.9,0.92,Warning,2,33,58.35,55.89,25,349.269,,,,,,,,,
2026-05-22 22:00:00,hourly,CR-01,Crusher 01,Crusher,Surface,6.358,73.286,208.196,,,750.226,321.013,0.84,Warning,1,22,59.7,53.09,32,332.969,,,,,,,,,
2026-05-22 23:00:00,hourly,CR-01,Crusher 01,Crusher,Surface,6.11,72.983,216.451,,,710.428,324.93,0.81,Warning,2,26,57.39,62.01,27,338.705,,,,,,,,,
2026-05-23 00:00:00,hourly,CR-01,Crusher 01,Crusher,Surface,6.817,76.689,217.398,,,687.324,313.96,1.0,Warning,2,17,56.75,62.16,38,317.167,,,,,,,,,
2026-05-23 01:00:00,hourly,CR-01,Crusher 01,Crusher,Surface,6.368,77.809,212.338,,,730.734,334.254,0.63,Warning,0,4,55.2,63.53,31,322.986,,,,,,,,,
2026-05-23 02:00:00,hourly,CR-01,Crusher 01,Crusher,Surface,6.029,77.957,221.81,,,708.035,334.783,0.84,Warning,2,27,58.56,60.02,30,302.218,,,,,,,,,
2026-05-23 03:00:00,hourly,CR-01,Crusher 01,Crusher,Surface,6.434,78.933,218.315,,,732.744,339.028,0.75,Warning,0,10,56.27,59.62,28,303.432,,,,,,,,,
2026-05-23 04:00:00,hourly,CR-01,Crusher 01,Crusher,Surface,6.114,76.443,208.581,,,740.491,333.978,0.82,Warning,2,40,56.03,63.33,31,320.411,,,,,,,,,
2026-05-23 05:00:00,hourly,CR-01,Crusher 01,Crusher,Surface,6.14,72.11,213.708,,,696.005,323.796,0.76,Warning,2,39,55.01,63.68,24,318.193,,,,,,,,,
2026-05-23 06:00:00,hourly,CR-01,Crusher 01,Crusher,Surface,6.605,77.354,214.212,,,701.496,336.287,0.77,Warning,2,48,57.5,58.64,30,322.527,,,,,,,,,
2026-05-23 07:00:00,hourly,CR-01,Crusher 01,Crusher,Surface,6.435,78.997,221.214,,,714.478,352.992,0.84,Warning,2,16,58.6,53.34,28,342.745,,,,,,,,,
2026-05-23 08:00:00,hourly,CR-01,Crusher 01,Crusher,Surface,6.6,74.682,197.22,,,749.73,328.857,0.8,Warning,3,22,56.94,57.42,27,366.633,,,,,,,,,
2026-05-23 09:00:00,hourly,CR-01,Crusher 01,Crusher,Surface,5.539,75.874,222.602,,,696.209,302.685,0.76,Warning,2,2,56.74,64.0,38,304.087,,,,,,,,,
2026-05-23 10:00:00,hourly,CR-01,Crusher 01,Crusher,Surface,6.397,71.008,196.426,,,764.239,308.929,0.71,Warning,1,16,59.65,59.86,35,334.273,,,,,,,,,
2026-05-23 11:00:00,hourly,CR-01,Crusher 01,Crusher,Surface,6.752,75.59,216.48,,,673.71,331.103,0.88,Warning,3,24,54.56,60.79,36,313.019,,,,,,,,,
2026-05-23 12:00:00,hourly,CR-01,Crusher 01,Crusher,Surface,5.966,80.125,216.492,,,758.483,311.321,0.8,Warning,2,22,59.97,52.05,33,289.583,,,,,,,,,
2026-05-23 13:00:00,hourly,CR-01,Crusher 01,Crusher,Surface,6.36,75.254,210.22,,,722.548,317.886,0.72,Warning,3,20,54.85,65.81,31,378.026,,,,,,,,,
2026-05-23 14:00:00,hourly,CR-01,Crusher 01,Crusher,Surface,6.247,73.815,218.138,,,730.127,317.451,0.68,Warning,1,15,56.76,60.37,36,324.562,,,,,,,,,
2026-05-23 15:00:00,hourly,CR-01,Crusher 01,Crusher,Surface,6.537,81.083,200.54,,,731.118,334.189,0.84,Warning,0,27,57.48,58.09,31,317.856,,,,,,,,,
2026-05-23 16:00:00,hourly,CR-01,Crusher 01,Crusher,Surface,6.163,77.884,204.532,,,655.869,355.68,0.79,Warning,1,18,58.39,55.78,32,345.877,,,,,,,,,
2026-05-23 17:00:00,hourly,CR-01,Crusher 01,Crusher,Surface,6.571,77.58,201.993,,,708.628,300.374,0.83,Warning,2,45,54.2,61.63,35,379.252,,,,,,,,,
2026-05-23 18:00:00,hourly,CR-01,Crusher 01,Crusher,Surface,6.252,76.841,206.045,,,712.092,345.685,1.0,Warning,2,29,56.96,62.86,33,333.138,,,,,,,,,
2026-05-23 19:00:00,hourly,CR-01,Crusher 01,Crusher,Surface,7.16,74.878,223.062,,,747.344,344.965,0.88,Warning,2,17,55.65,62.59,31,382.326,,,,,,,,,
2026-05-23 20:00:00,hourly,CR-01,Crusher 01,Crusher,Surface,6.46,75.893,225.08,,,713.609,332.194,0.82,Warning,0,37,58.16,54.99,33,326.226,,,,,,,,,
2026-05-23 21:00:00,hourly,CR-01,Crusher 01,Crusher,Surface,7.043,80.542,211.961,,,752.73,323.718,0.68,Warning,2,9,55.5,60.89,30,349.091,,,,,,,,,
2026-05-23 22:00:00,hourly,CR-01,Crusher 01,Crusher,Surface,6.557,74.937,214.803,,,762.949,341.231,0.95,Warning,2,21,53.34,68.49,31,308.978,,,,,,,,,
2026-05-23 23:00:00,hourly,CR-01,Crusher 01,Crusher,Surface,6.254,79.891,232.137,,,730.779,328.614,0.83,Warning,0,8,56.96,60.85,32,309.312,,,,,,,,,
2026-05-24 00:00:00,hourly,CR-01,Crusher 01,Crusher,Surface,6.386,77.481,208.982,,,720.471,324.752,1.0,Warning,2,20,56.27,58.43,24,333.759,,,,,,,,,
2026-05-24 01:00:00,hourly,CR-01,Crusher 01,Crusher,Surface,6.496,77.524,206.487,,,688.796,295.148,0.75,Warning,2,42,59.09,55.97,26,356.207,,,,,,,,,
2026-05-24 02:00:00,hourly,CR-01,Crusher 01,Crusher,Surface,5.697,72.694,222.421,,,732.069,336.053,0.72,Warning,3,26,57.73,58.96,32,316.212,,,,,,,,,
2026-05-24 03:00:00,hourly,CR-01,Crusher 01,Crusher,Surface,6.68,77.752,208.137,,,707.311,352.961,0.93,Warning,2,0,54.72,65.29,30,347.821,,,,,,,,,
2026-05-24 04:00:00,hourly,CR-01,Crusher 01,Crusher,Surface,6.448,76.607,203.801,,,751.789,302.781,0.84,Warning,2,18,57.62,59.14,29,335.749,,,,,,,,,
2026-05-24 05:00:00,hourly,CR-01,Crusher 01,Crusher,Surface,6.566,72.92,222.234,,,677.452,312.041,0.92,Warning,3,30,56.15,64.14,30,321.497,,,,,,,,,
2026-05-24 06:00:00,hourly,CR-01,Crusher 01,Crusher,Surface,6.594,76.921,227.203,,,697.957,319.573,0.72,Warning,1,29,57.07,60.62,21,343.616,,,,,,,,,
2026-05-24 07:00:00,hourly,CR-01,Crusher 01,Crusher,Surface,6.026,75.829,208.794,,,739.587,323.064,0.72,Warning,2,21,54.65,58.9,28,310.379,,,,,,,,,
2026-05-24 08:00:00,hourly,CR-01,Crusher 01,Crusher,Surface,6.446,77.516,213.473,,,760.115,315.243,0.74,Warning,3,38,55.2,63.8,28,350.548,,,,,,,,,
2026-05-24 09:00:00,hourly,CR-01,Crusher 01,Crusher,Surface,6.427,74.861,222.759,,,734.131,351.034,0.6,Warning,3,33,56.78,60.14,29,322.986,,,,,,,,,
2026-05-24 10:00:00,hourly,CR-01,Crusher 01,Crusher,Surface,6.057,74.503,206.392,,,748.514,364.186,0.78,Warning,2,22,56.84,59.41,32,344.139,,,,,,,,,
2026-05-24 11:00:00,hourly,CR-01,Crusher 01,Crusher,Surface,6.872,77.197,223.427,,,720.035,332.313,0.67,Warning,2,31,52.24,67.65,27,332.922,,,,,,,,,
2026-05-24 12:00:00,hourly,CR-01,Crusher 01,Crusher,Surface,7.004,76.05,228.627,,,759.631,316.448,0.83,Warning,1,22,56.47,60.44,34,330.384,,,,,,,,,
2026-05-24 13:00:00,hourly,CR-01,Crusher 01,Crusher,Surface,6.331,76.219,201.889,,,721.728,331.349,0.81,Warning,3,27,54.13,64.62,25,253.978,,,,,,,,,
2026-05-24 14:00:00,hourly,CR-01,Crusher 01,Crusher,Surface,6.606,74.129,200.903,,,728.806,308.331,0.75,Warning,1,27,55.79,60.84,31,316.066,,,,,,,,,
2026-05-24 15:00:00,hourly,CR-01,Crusher 01,Crusher,Surface,6.44,76.951,198.266,,,720.904,324.767,0.86,Warning,2,43,52.71,65.09,26,306.725,,,,,,,,,
2026-05-24 16:00:00,hourly,CR-01,Crusher 01,Crusher,Surface,6.355,78.656,209.296,,,708.649,338.475,0.83,Warning,3,33,56.7,62.83,33,340.824,,,,,,,,,
2026-05-24 17:00:00,hourly,CR-01,Crusher 01,Crusher,Surface,6.334,77.807,201.98,,,726.589,340.477,0.93,Warning,1,25,56.31,61.4,29,323.67,,,,,,,,,
2026-05-24 18:00:00,hourly,CR-01,Crusher 01,Crusher,Surface,6.095,76.293,225.495,,,721.993,338.798,0.97,Warning,2,20,53.84,65.44,23,292.037,,,,,,,,,
2026-05-24 19:00:00,hourly,CR-01,Crusher 01,Crusher,Surface,6.588,73.267,205.1,,,727.187,320.376,0.83,Warning,1,34,55.74,60.81,29,341.328,,,,,,,,,
2026-05-24 20:00:00,hourly,CR-01,Crusher 01,Crusher,Surface,6.293,75.193,210.755,,,657.013,331.255,0.85,Warning,2,31,54.97,65.17,30,325.309,,,,,,,,,
2026-05-24 21:00:00,hourly,CR-01,Crusher 01,Crusher,Surface,6.669,75.481,218.495,,,692.632,322.629,0.87,Warning,1,23,55.93,62.1,29,327.718,,,,,,,,,
2026-05-24 22:00:00,hourly,CR-01,Crusher 01,Crusher,Surface,6.36,79.311,206.73,,,701.613,344.829,0.97,Warning,1,21,52.69,65.56,29,339.212,,,,,,,,,
2026-05-24 23:00:00,hourly,CR-01,Crusher 01,Crusher,Surface,6.146,79.253,215.139,,,676.235,336.589,0.71,Warning,3,29,52.9,68.48,27,334.715,,,,,,,,,
2026-05-25 00:00:00,hourly,CR-01,Crusher 01,Crusher,Surface,6.298,78.104,221.601,,,690.652,358.999,0.77,Warning,2,15,53.6,64.28,26,373.511,,,,,,,,,
2026-05-25 01:00:00,hourly,CR-01,Crusher 01,Crusher,Surface,6.615,76.555,246.201,,,733.212,335.13,0.71,Warning,1,3,54.63,63.88,21,349.321,,,,,,,,,
2026-05-25 02:00:00,hourly,CR-01,Crusher 01,Crusher,Surface,6.409,80.545,219.095,,,722.946,313.902,0.77,Warning,2,46,57.25,57.44,30,330.895,,,,,,,,,
2026-05-25 03:00:00,hourly,CR-01,Crusher 01,Crusher,Surface,6.24,78.957,199.583,,,740.04,307.578,0.79,Warning,2,50,54.85,61.95,30,336.676,,,,,,,,,
2026-05-25 04:00:00,hourly,CR-01,Crusher 01,Crusher,Surface,7.006,72.496,222.381,,,738.174,332.297,0.75,Warning,2,28,56.03,63.12,35,324.724,,,,,,,,,
2026-05-25 05:00:00,hourly,CR-01,Crusher 01,Crusher,Surface,6.121,81.304,218.631,,,740.152,287.546,0.85,Warning,1,35,53.05,65.63,27,318.852,,,,,,,,,
2026-05-25 06:00:00,hourly,CR-01,Crusher 01,Crusher,Surface,6.925,77.147,220.645,,,715.434,322.253,0.86,Warning,2,23,53.47,65.33,29,349.034,,,,,,,,,
2026-05-25 07:00:00,hourly,CR-01,Crusher 01,Crusher,Surface,6.878,79.825,214.745,,,749.311,319.107,0.82,Warning,0,35,53.24,65.29,28,365.217,,,,,,,,,
2026-05-25 08:00:00,hourly,CR-01,Crusher 01,Crusher,Surface,6.811,78.727,224.601,,,699.352,315.238,0.85,Warning,4,28,53.94,64.39,31,326.108,,,,,,,,,
2026-05-25 09:00:00,hourly,CR-01,Crusher 01,Crusher,Surface,6.78,74.531,213.385,,,747.812,332.258,0.96,Warning,3,28,55.26,61.56,25,341.809,,,,,,,,,
2026-05-25 10:00:00,hourly,CR-01,Crusher 01,Crusher,Surface,6.326,76.536,219.039,,,736.998,311.153,0.85,Warning,4,10,53.59,64.03,28,309.906,,,,,,,,,
2026-05-25 11:00:00,hourly,CR-01,Crusher 01,Crusher,Surface,6.397,73.065,218.099,,,730.814,301.416,0.71,Warning,3,55,53.58,64.4,27,344.191,,,,,,,,,
2026-05-25 12:00:00,hourly,CR-01,Crusher 01,Crusher,Surface,7.146,75.86,217.202,,,713.266,338.732,0.76,Warning,2,8,54.93,62.52,30,309.645,,,,,,,,,
2026-05-25 13:00:00,hourly,CR-01,Crusher 01,Crusher,Surface,6.892,78.089,212.962,,,695.993,323.372,0.75,Warning,0,41,53.12,66.55,36,334.592,,,,,,,,,
2026-05-25 14:00:00,hourly,CR-01,Crusher 01,Crusher,Surface,6.732,77.943,227.486,,,713.536,336.059,0.93,Warning,3,14,52.63,67.18,29,339.948,,,,,,,,,
2026-05-25 15:00:00,hourly,CR-01,Crusher 01,Crusher,Surface,6.417,76.201,230.174,,,673.909,333.232,0.78,Warning,3,0,53.27,68.06,21,359.268,,,,,,,,,
2026-05-25 16:00:00,hourly,CR-01,Crusher 01,Crusher,Surface,6.328,77.232,235.818,,,740.322,339.7,0.74,Warning,1,40,56.66,62.06,22,285.032,,,,,,,,,
2026-05-25 17:00:00,hourly,CR-01,Crusher 01,Crusher,Surface,6.252,78.134,217.877,,,700.761,334.064,0.73,Warning,2,27,55.08,61.11,31,365.673,,,,,,,,,
2026-05-25 18:00:00,hourly,CR-01,Crusher 01,Crusher,Surface,6.398,79.511,218.942,,,702.279,340.771,0.77,Warning,2,4,56.64,59.36,20,357.157,,,,,,,,,
2026-05-25 19:00:00,hourly,CR-01,Crusher 01,Crusher,Surface,6.532,76.427,219.64,,,665.539,360.857,0.77,Warning,2,40,51.46,69.82,28,342.17,,,,,,,,,
2026-05-25 20:00:00,hourly,CR-01,Crusher 01,Crusher,Surface,6.669,77.599,208.942,,,685.584,336.404,0.76,Warning,2,21,54.1,65.58,24,323.809,,,,,,,,,
2026-05-25 21:00:00,hourly,CR-01,Crusher 01,Crusher,Surface,6.986,74.981,225.78,,,780.941,340.567,0.89,Warning,2,59,52.82,68.13,38,354.144,,,,,,,,,
2026-05-25 22:00:00,hourly,CR-01,Crusher 01,Crusher,Surface,7.272,75.096,214.357,,,695.943,332.572,0.8,Warning,1,4,52.85,66.0,22,372.257,,,,,,,,,
2026-05-25 23:00:00,hourly,CR-01,Crusher 01,Crusher,Surface,7.089,80.764,223.028,,,739.084,296.572,0.81,Warning,3,17,50.82,68.33,24,324.925,,,,,,,,,
2026-05-26 00:00:00,hourly,CR-01,Crusher 01,Crusher,Surface,6.264,81.752,205.668,,,678.777,328.278,0.88,Warning,1,39,55.3,63.27,30,362.906,,,,,,,,,
2026-05-26 01:00:00,hourly,CR-01,Crusher 01,Crusher,Surface,6.422,78.605,222.953,,,676.981,354.978,0.89,Warning,2,20,50.56,66.47,26,352.711,,,,,,,,,
2026-05-26 02:00:00,hourly,CR-01,Crusher 01,Crusher,Surface,6.369,77.362,230.224,,,711.078,339.604,0.77,Warning,2,13,54.51,63.29,24,358.526,,,,,,,,,
2026-05-26 03:00:00,hourly,CR-01,Crusher 01,Crusher,Surface,6.991,77.043,210.996,,,713.157,322.239,0.92,Alarm,1,33,52.39,70.57,23,348.348,,,,,,,,,
2026-05-26 04:00:00,hourly,CR-01,Crusher 01,Crusher,Surface,6.906,81.133,213.267,,,695.736,337.697,0.82,Warning,3,46,51.5,67.24,24,331.628,,,,,,,,,
2026-05-26 05:00:00,hourly,CR-01,Crusher 01,Crusher,Surface,6.531,68.903,213.074,,,711.163,311.07,0.77,Warning,1,27,51.37,68.06,23,305.297,,,,,,,,,
2026-05-26 06:00:00,hourly,CR-01,Crusher 01,Crusher,Surface,6.653,83.722,213.168,,,691.055,343.585,0.89,Warning,2,23,52.91,65.52,26,320.734,,,,,,,,,
2026-05-26 07:00:00,hourly,CR-01,Crusher 01,Crusher,Surface,6.76,78.489,231.413,,,742.681,322.479,0.85,Warning,2,15,52.18,69.96,34,346.507,,,,,,,,,
2026-05-26 08:00:00,hourly,CR-01,Crusher 01,Crusher,Surface,6.866,72.221,219.338,,,763.329,334.371,0.84,Warning,3,19,52.71,63.84,35,327.145,,,,,,,,,
2026-05-26 09:00:00,hourly,CR-01,Crusher 01,Crusher,Surface,7.08,84.262,208.668,,,738.139,313.041,0.79,Alarm,3,9,49.46,72.11,34,289.63,,,,,,,,,
2026-05-26 10:00:00,hourly,CR-01,Crusher 01,Crusher,Surface,6.776,72.618,210.233,,,675.352,335.324,0.82,Alarm,0,50,49.26,70.23,26,318.612,,,,,,,,,
2026-05-26 11:00:00,hourly,CR-01,Crusher 01,Crusher,Surface,6.657,73.001,198.031,,,722.376,288.267,0.76,Warning,2,41,49.59,69.27,29,307.277,,,,,,,,,
2026-05-26 12:00:00,hourly,CR-01,Crusher 01,Crusher,Surface,6.849,76.297,210.924,,,695.562,323.794,0.8,Warning,3,5,53.72,61.44,27,337.421,,,,,,,,,
2026-05-26 13:00:00,hourly,CR-01,Crusher 01,Crusher,Surface,6.669,78.1,206.14,,,695.464,317.865,0.79,Warning,2,18,54.69,66.86,23,350.826,,,,,,,,,
2026-05-26 14:00:00,hourly,CR-01,Crusher 01,Crusher,Surface,6.858,81.393,206.677,,,728.948,318.574,0.84,Warning,1,41,51.89,68.81,19,336.742,,,,,,,,,
2026-05-26 15:00:00,hourly,CR-01,Crusher 01,Crusher,Surface,6.688,77.713,214.641,,,713.205,269.832,0.94,Warning,2,36,53.43,62.54,19,299.339,,,,,,,,,
2026-05-26 16:00:00,hourly,CR-01,Crusher 01,Crusher,Surface,7.107,76.638,208.107,,,713.286,319.407,0.81,Warning,3,24,52.73,63.66,26,323.66,,,,,,,,,
2026-05-26 17:00:00,hourly,CR-01,Crusher 01,Crusher,Surface,7.139,77.862,217.398,,,711.428,336.576,0.88,Warning,1,22,53.98,63.13,20,309.154,,,,,,,,,
2026-05-26 18:00:00,hourly,CR-01,Crusher 01,Crusher,Surface,6.702,77.88,222.674,,,686.732,315.849,0.83,Warning,1,27,53.98,65.43,23,329.172,,,,,,,,,
2026-05-26 19:00:00,hourly,CR-01,Crusher 01,Crusher,Surface,7.391,82.117,222.108,,,683.578,340.319,0.91,Warning,2,21,50.0,69.74,27,349.12,,,,,,,,,
2026-05-26 20:00:00,hourly,CR-01,Crusher 01,Crusher,Surface,6.834,81.226,221.34,,,702.565,348.232,0.96,Warning,1,44,52.22,65.06,16,334.598,,,,,,,,,
2026-05-26 21:00:00,hourly,CR-01,Crusher 01,Crusher,Surface,6.905,77.276,193.903,,,704.754,337.402,0.78,Warning,3,38,53.22,65.33,31,333.26,,,,,,,,,
2026-05-26 22:00:00,hourly,CR-01,Crusher 01,Crusher,Surface,7.216,77.929,214.311,,,720.473,339.092,0.68,Warning,2,33,53.16,68.11,26,367.351,,,,,,,,,
2026-05-26 23:00:00,hourly,CR-01,Crusher 01,Crusher,Surface,7.398,74.324,231.914,,,732.673,337.037,0.72,Warning,2,9,52.95,67.06,24,313.038,,,,,,,,,
2026-05-27 00:00:00,hourly,CR-01,Crusher 01,Crusher,Surface,7.15,80.334,240.57,,,704.92,342.111,0.9,Warning,3,16,51.6,64.14,23,357.415,,,,,,,,,
2026-05-27 01:00:00,hourly,CR-01,Crusher 01,Crusher,Surface,6.901,78.724,227.385,,,714.007,320.231,0.85,Warning,1,16,52.67,64.16,27,326.32,,,,,,,,,
2026-05-27 02:00:00,hourly,CR-01,Crusher 01,Crusher,Surface,6.695,79.81,219.971,,,733.234,316.946,0.74,Alarm,3,22,49.25,70.79,21,388.133,,,,,,,,,
2026-05-27 03:00:00,hourly,CR-01,Crusher 01,Crusher,Surface,6.909,80.427,211.142,,,702.721,317.489,0.95,Alarm,3,32,49.26,71.3,31,339.161,,,,,,,,,
2026-05-27 04:00:00,hourly,CR-01,Crusher 01,Crusher,Surface,7.0,82.676,232.057,,,720.384,344.623,0.79,Warning,1,54,53.81,67.29,29,293.438,,,,,,,,,
2026-05-27 05:00:00,hourly,CR-01,Crusher 01,Crusher,Surface,6.951,78.037,218.098,,,714.711,317.364,0.79,Warning,3,30,53.07,65.68,22,324.809,,,,,,,,,
2026-05-27 06:00:00,hourly,CR-01,Crusher 01,Crusher,Surface,6.763,79.133,217.245,,,700.678,327.312,0.8,Warning,1,4,53.79,65.77,24,305.191,,,,,,,,,
2026-05-27 07:00:00,hourly,CR-01,Crusher 01,Crusher,Surface,6.61,82.793,231.302,,,675.872,324.972,0.92,Warning,1,37,50.95,64.29,30,380.153,,,,,,,,,
2026-05-27 08:00:00,hourly,CR-01,Crusher 01,Crusher,Surface,6.903,78.648,189.072,,,684.218,335.908,0.76,Warning,1,5,49.57,69.81,27,317.577,,,,,,,,,
2026-05-27 09:00:00,hourly,CR-01,Crusher 01,Crusher,Surface,6.649,78.879,219.281,,,735.759,344.029,0.92,Alarm,1,37,50.77,70.32,24,360.821,,,,,,,,,
2026-05-27 10:00:00,hourly,CR-01,Crusher 01,Crusher,Surface,6.346,85.462,205.326,,,666.628,344.097,0.87,Warning,2,20,54.1,68.03,22,354.321,,,,,,,,,
2026-05-27 11:00:00,hourly,CR-01,Crusher 01,Crusher,Surface,6.588,79.05,225.688,,,754.724,300.737,0.93,Warning,1,37,49.59,67.89,24,307.782,,,,,,,,,
2026-05-27 12:00:00,hourly,CR-01,Crusher 01,Crusher,Surface,6.724,83.354,236.423,,,690.875,339.219,0.88,Warning,3,37,50.59,68.83,23,299.981,,,,,,,,,
2026-05-27 13:00:00,hourly,CR-01,Crusher 01,Crusher,Surface,6.627,77.879,225.268,,,662.39,332.224,0.85,Warning,2,28,52.75,62.62,26,355.24,,,,,,,,,
2026-05-27 14:00:00,hourly,CR-01,Crusher 01,Crusher,Surface,6.932,78.162,240.119,,,694.221,336.248,0.88,Warning,2,10,50.87,68.38,23,326.038,,,,,,,,,
2026-05-27 15:00:00,hourly,CR-01,Crusher 01,Crusher,Surface,6.493,74.468,222.592,,,649.613,327.124,0.83,Alarm,3,18,50.05,72.01,21,333.857,,,,,,,,,
2026-05-27 16:00:00,hourly,CR-01,Crusher 01,Crusher,Surface,6.53,80.782,235.026,,,663.761,318.855,0.76,Warning,3,37,51.82,69.3,29,337.237,,,,,,,,,
2026-05-27 17:00:00,hourly,CR-01,Crusher 01,Crusher,Surface,7.258,81.066,204.776,,,710.625,350.732,0.87,Alarm,2,32,49.78,70.21,27,269.406,,,,,,,,,
2026-05-27 18:00:00,hourly,CR-01,Crusher 01,Crusher,Surface,7.165,79.591,222.867,,,667.25,329.725,0.81,Warning,2,58,51.24,67.75,21,332.108,,,,,,,,,
2026-05-27 19:00:00,hourly,CR-01,Crusher 01,Crusher,Surface,6.982,80.508,207.61,,,668.483,355.423,0.92,Alarm,3,35,46.55,80.03,22,358.963,,,,,,,,,
2026-05-27 20:00:00,hourly,CR-01,Crusher 01,Crusher,Surface,7.316,81.539,224.771,,,709.192,332.946,0.92,Alarm,3,44,47.54,73.0,27,295.091,,,,,,,,,
2026-05-27 21:00:00,hourly,CR-01,Crusher 01,Crusher,Surface,6.687,75.913,217.827,,,709.599,333.48,0.87,Warning,2,21,49.91,69.03,21,351.827,,,,,,,,,
2026-05-27 22:00:00,hourly,CR-01,Crusher 01,Crusher,Surface,7.128,79.669,219.135,,,720.552,321.191,0.9,Warning,2,13,52.35,65.58,24,329.136,,,,,,,,,
2026-05-27 23:00:00,hourly,CR-01,Crusher 01,Crusher,Surface,6.854,83.513,219.063,,,713.515,333.458,0.86,Warning,2,46,49.89,67.22,23,308.96,,,,,,,,,
2026-05-28 00:00:00,hourly,CR-01,Crusher 01,Crusher,Surface,7.363,78.885,231.779,,,705.947,350.456,0.86,Alarm,2,16,50.0,70.88,21,341.667,,,,,,,,,
2026-05-28 01:00:00,hourly,CR-01,Crusher 01,Crusher,Surface,6.991,76.293,223.304,,,722.169,331.599,0.77,Alarm,2,3,50.42,70.71,20,333.735,,,,,,,,,
2026-05-28 02:00:00,hourly,CR-01,Crusher 01,Crusher,Surface,6.663,82.222,223.34,,,730.852,337.749,0.84,Alarm,2,5,49.29,72.22,24,364.168,,,,,,,,,
2026-05-28 03:00:00,hourly,CR-01,Crusher 01,Crusher,Surface,7.342,80.014,221.713,,,708.808,363.375,0.86,Alarm,3,37,47.31,75.31,20,321.968,,,,,,,,,
2026-05-28 04:00:00,hourly,CR-01,Crusher 01,Crusher,Surface,6.82,79.624,228.816,,,720.262,312.601,0.85,Warning,3,16,50.92,67.52,22,362.685,,,,,,,,,
2026-05-28 05:00:00,hourly,CR-01,Crusher 01,Crusher,Surface,6.591,78.743,219.527,,,638.989,317.472,0.84,Warning,1,2,50.18,69.42,27,333.576,,,,,,,,,
2026-05-28 06:00:00,hourly,CR-01,Crusher 01,Crusher,Surface,7.407,81.96,210.759,,,695.479,339.838,0.84,Alarm,2,63,50.24,71.97,21,343.975,,,,,,,,,
2026-05-28 07:00:00,hourly,CR-01,Crusher 01,Crusher,Surface,7.148,78.463,231.504,,,744.19,303.65,0.99,Alarm,2,0,47.84,72.08,26,326.784,,,,,,,,,
2026-05-28 08:00:00,hourly,CR-01,Crusher 01,Crusher,Surface,6.703,83.285,217.581,,,692.106,343.772,0.83,Warning,2,20,52.0,66.08,28,313.452,,,,,,,,,
2026-05-28 09:00:00,hourly,CR-01,Crusher 01,Crusher,Surface,6.937,80.049,224.867,,,719.701,320.223,0.88,Alarm,2,59,48.8,73.66,23,355.439,,,,,,,,,
2026-05-28 10:00:00,hourly,CR-01,Crusher 01,Crusher,Surface,6.934,82.309,229.791,,,712.595,326.57,0.82,Warning,3,27,51.71,66.01,26,333.718,,,,,,,,,
2026-05-28 11:00:00,hourly,CR-01,Crusher 01,Crusher,Surface,6.712,82.06,211.549,,,690.076,350.022,0.85,Alarm,2,74,45.98,73.33,20,327.555,,,,,,,,,
2026-05-28 12:00:00,hourly,CR-01,Crusher 01,Crusher,Surface,6.729,77.106,214.164,,,718.115,312.225,0.75,Warning,2,42,48.61,69.84,27,356.762,,,,,,,,,
2026-05-28 13:00:00,hourly,CR-01,Crusher 01,Crusher,Surface,6.962,81.119,208.113,,,694.389,299.036,0.77,Alarm,1,8,51.66,73.07,26,367.897,,,,,,,,,
2026-05-28 14:00:00,hourly,CR-01,Crusher 01,Crusher,Surface,7.293,79.36,219.024,,,693.412,296.845,0.78,Alarm,1,43,48.93,73.5,29,323.316,,,,,,,,,
2026-05-28 15:00:00,hourly,CR-01,Crusher 01,Crusher,Surface,7.254,81.611,233.177,,,693.039,340.142,0.71,Alarm,2,20,45.17,78.01,28,371.212,,,,,,,,,
2026-05-28 16:00:00,hourly,CR-01,Crusher 01,Crusher,Surface,6.845,79.922,222.438,,,683.419,350.241,0.83,Alarm,5,24,47.49,71.63,24,317.947,,,,,,,,,
2026-05-28 17:00:00,hourly,CR-01,Crusher 01,Crusher,Surface,7.266,75.58,236.906,,,679.841,315.849,0.75,Alarm,1,11,49.41,71.82,34,339.885,,,,,,,,,
2026-05-28 18:00:00,hourly,CR-01,Crusher 01,Crusher,Surface,7.47,82.027,226.121,,,693.133,354.372,0.74,Alarm,2,17,51.19,71.72,27,354.24,,,,,,,,,
2026-05-28 19:00:00,hourly,CR-01,Crusher 01,Crusher,Surface,6.771,74.805,217.253,,,707.468,334.085,0.99,Alarm,3,42,48.37,73.0,28,259.644,,,,,,,,,
2026-05-28 20:00:00,hourly,CR-01,Crusher 01,Crusher,Surface,7.255,80.533,216.222,,,695.795,336.01,0.91,Warning,2,12,50.52,67.06,21,313.927,,,,,,,,,
2026-05-28 21:00:00,hourly,CR-01,Crusher 01,Crusher,Surface,7.045,84.773,238.948,,,694.005,351.988,0.99,Alarm,2,0,49.33,72.01,22,326.043,,,,,,,,,
2026-05-28 22:00:00,hourly,CR-01,Crusher 01,Crusher,Surface,6.965,83.619,231.025,,,772.225,303.315,0.82,Alarm,3,36,47.97,72.52,23,341.419,,,,,,,,,
2026-05-28 23:00:00,hourly,CR-01,Crusher 01,Crusher,Surface,7.058,81.254,221.498,,,724.229,347.071,0.8,Alarm,1,24,49.83,70.52,19,335.628,,,,,,,,,
2026-05-29 00:00:00,hourly,CR-01,Crusher 01,Crusher,Surface,7.303,79.093,224.744,,,662.396,302.284,0.86,Warning,2,43,50.04,68.02,23,281.334,,,,,,,,,
2026-04-29 00:00:00,hourly,CP-01,Compressor 01,Compressor,Surface,2.548,61.612,108.344,6.849,,1485.829,178.425,0.91,Running,0,4,90.77,16.54,467,172.53,,,,,,,,,
2026-04-29 01:00:00,hourly,CP-01,Compressor 01,Compressor,Surface,2.757,59.422,114.84,7.21,,1428.635,180.033,0.9,Running,0,8,93.63,9.89,470,161.972,,,,,,,,,
2026-04-29 02:00:00,hourly,CP-01,Compressor 01,Compressor,Surface,2.508,57.9,118.449,7.101,,1451.042,159.734,0.7,Running,0,8,93.12,9.89,470,178.048,,,,,,,,,
2026-04-29 03:00:00,hourly,CP-01,Compressor 01,Compressor,Surface,1.729,59.25,108.435,6.885,,1452.803,180.847,0.86,Running,0,2,92.8,10.84,471,159.592,,,,,,,,,
2026-04-29 04:00:00,hourly,CP-01,Compressor 01,Compressor,Surface,2.62,60.071,113.666,7.209,,1465.448,175.181,0.81,Running,0,7,89.8,14.33,476,155.651,,,,,,,,,
2026-04-29 05:00:00,hourly,CP-01,Compressor 01,Compressor,Surface,2.232,57.426,125.665,7.284,,1363.969,158.729,0.97,Running,0,0,91.86,11.83,462,164.225,,,,,,,,,
2026-04-29 06:00:00,hourly,CP-01,Compressor 01,Compressor,Surface,2.02,58.564,117.399,6.911,,1476.81,169.48,0.74,Running,0,2,93.39,12.07,468,163.032,,,,,,,,,
2026-04-29 07:00:00,hourly,CP-01,Compressor 01,Compressor,Surface,2.644,58.752,133.703,6.939,,1478.41,164.799,0.88,Running,0,2,91.05,11.66,465,175.811,,,,,,,,,
2026-04-29 08:00:00,hourly,CP-01,Compressor 01,Compressor,Surface,2.228,58.319,120.459,6.691,,1397.798,146.452,0.72,Running,0,3,88.56,13.45,466,174.546,,,,,,,,,
2026-04-29 09:00:00,hourly,CP-01,Compressor 01,Compressor,Surface,2.128,56.906,116.684,7.075,,1420.377,153.492,0.99,Running,0,4,90.83,13.17,467,159.366,,,,,,,,,
2026-04-29 10:00:00,hourly,CP-01,Compressor 01,Compressor,Surface,2.204,60.127,112.445,7.089,,1495.362,171.379,0.87,Running,1,3,90.38,13.91,465,146.414,,,,,,,,,
2026-04-29 11:00:00,hourly,CP-01,Compressor 01,Compressor,Surface,2.243,55.423,110.977,6.835,,1410.81,151.018,0.78,Running,1,6,90.92,14.75,459,171.909,,,,,,,,,
2026-04-29 12:00:00,hourly,CP-01,Compressor 01,Compressor,Surface,2.411,57.883,118.751,6.97,,1509.55,181.225,0.94,Running,1,0,89.57,14.36,461,150.487,,,,,,,,,
2026-04-29 13:00:00,hourly,CP-01,Compressor 01,Compressor,Surface,2.339,57.769,114.957,7.088,,1412.73,174.013,0.96,Running,0,6,93.11,8.8,465,163.711,,,,,,,,,
2026-04-29 14:00:00,hourly,CP-01,Compressor 01,Compressor,Surface,2.185,58.054,115.919,7.33,,1488.887,171.148,0.85,Running,0,1,92.83,8.86,459,170.858,,,,,,,,,
2026-04-29 15:00:00,hourly,CP-01,Compressor 01,Compressor,Surface,1.951,61.487,118.973,7.005,,1411.436,150.975,0.8,Running,0,4,90.4,12.24,458,186.507,,,,,,,,,
2026-04-29 16:00:00,hourly,CP-01,Compressor 01,Compressor,Surface,2.16,58.481,113.763,6.875,,1483.114,174.419,0.73,Running,0,3,91.15,10.77,460,190.832,,,,,,,,,
2026-04-29 17:00:00,hourly,CP-01,Compressor 01,Compressor,Surface,2.346,60.818,123.032,7.471,,1459.094,173.652,0.74,Running,0,7,90.43,11.04,455,169.867,,,,,,,,,
2026-04-29 18:00:00,hourly,CP-01,Compressor 01,Compressor,Surface,2.17,59.234,119.536,7.274,,1459.643,173.109,0.72,Running,0,2,92.6,6.03,458,141.527,,,,,,,,,
2026-04-29 19:00:00,hourly,CP-01,Compressor 01,Compressor,Surface,2.327,59.769,114.335,6.776,,1408.656,173.471,0.91,Running,1,12,90.21,15.39,468,151.731,,,,,,,,,
2026-04-29 20:00:00,hourly,CP-01,Compressor 01,Compressor,Surface,2.302,58.505,119.279,7.279,,1449.671,180.711,0.91,Running,1,7,90.43,13.83,458,163.06,,,,,,,,,
2026-04-29 21:00:00,hourly,CP-01,Compressor 01,Compressor,Surface,2.508,60.238,104.162,6.97,,1418.675,158.456,0.73,Running,1,3,91.95,15.51,461,160.78,,,,,,,,,
2026-04-29 22:00:00,hourly,CP-01,Compressor 01,Compressor,Surface,2.353,57.962,120.236,7.357,,1414.556,163.233,0.92,Running,0,4,90.42,10.49,456,166.329,,,,,,,,,
2026-04-29 23:00:00,hourly,CP-01,Compressor 01,Compressor,Surface,2.459,58.254,120.137,6.997,,1502.704,157.071,0.79,Running,0,5,94.45,11.71,461,166.529,,,,,,,,,
2026-04-30 00:00:00,hourly,CP-01,Compressor 01,Compressor,Surface,2.261,58.126,105.589,6.652,,1564.464,172.041,0.77,Running,0,8,90.61,12.87,457,150.923,,,,,,,,,
2026-04-30 01:00:00,hourly,CP-01,Compressor 01,Compressor,Surface,2.597,57.234,106.796,6.959,,1419.306,162.841,0.86,Running,0,3,92.92,6.76,461,172.076,,,,,,,,,
2026-04-30 02:00:00,hourly,CP-01,Compressor 01,Compressor,Surface,2.22,58.976,116.071,6.881,,1466.934,152.985,0.81,Running,0,2,93.15,5.59,456,154.183,,,,,,,,,
2026-04-30 03:00:00,hourly,CP-01,Compressor 01,Compressor,Surface,2.15,60.488,114.14,6.935,,1487.698,165.692,0.67,Running,0,3,89.48,13.67,455,166.882,,,,,,,,,
2026-04-30 04:00:00,hourly,CP-01,Compressor 01,Compressor,Surface,2.543,58.438,117.621,6.527,,1424.733,146.955,0.79,Running,0,7,91.3,14.01,456,186.381,,,,,,,,,
2026-04-30 05:00:00,hourly,CP-01,Compressor 01,Compressor,Surface,2.189,57.656,118.29,7.072,,1414.562,165.666,0.71,Running,1,4,90.31,14.11,456,153.294,,,,,,,,,
2026-04-30 06:00:00,hourly,CP-01,Compressor 01,Compressor,Surface,2.106,62.329,127.156,6.592,,1449.953,166.106,0.68,Running,0,2,93.15,8.87,457,166.76,,,,,,,,,
2026-04-30 07:00:00,hourly,CP-01,Compressor 01,Compressor,Surface,2.1,58.352,115.82,7.07,,1450.625,161.007,0.77,Running,0,2,91.56,14.09,453,160.308,,,,,,,,,
2026-04-30 08:00:00,hourly,CP-01,Compressor 01,Compressor,Surface,2.212,60.259,121.623,6.498,,1348.929,174.061,0.81,Running,0,7,93.1,9.91,452,153.162,,,,,,,,,
2026-04-30 09:00:00,hourly,CP-01,Compressor 01,Compressor,Surface,2.254,59.025,115.15,6.828,,1460.152,148.718,0.71,Running,0,0,94.28,4.86,449,166.431,,,,,,,,,
2026-04-30 10:00:00,hourly,CP-01,Compressor 01,Compressor,Surface,2.377,60.846,120.31,7.239,,1482.128,165.868,0.82,Running,0,5,94.42,10.4,452,155.968,,,,,,,,,
2026-04-30 11:00:00,hourly,CP-01,Compressor 01,Compressor,Surface,2.441,58.93,115.49,7.276,,1469.608,166.785,0.82,Running,1,5,89.93,12.02,447,174.259,,,,,,,,,
2026-04-30 12:00:00,hourly,CP-01,Compressor 01,Compressor,Surface,2.307,58.936,110.077,6.903,,1439.497,164.62,0.87,Running,0,3,89.75,12.23,448,172.507,,,,,,,,,
2026-04-30 13:00:00,hourly,CP-01,Compressor 01,Compressor,Surface,2.473,58.921,114.293,7.238,,1391.755,176.093,0.8,Running,0,3,89.74,13.94,452,184.726,,,,,,,,,
2026-04-30 14:00:00,hourly,CP-01,Compressor 01,Compressor,Surface,2.449,58.587,120.258,6.645,,1468.262,159.223,0.88,Running,0,4,93.43,9.87,455,174.091,,,,,,,,,
2026-04-30 15:00:00,hourly,CP-01,Compressor 01,Compressor,Surface,2.136,59.126,111.024,7.346,,1418.965,164.165,0.88,Running,0,2,92.81,8.79,451,172.685,,,,,,,,,
2026-04-30 16:00:00,hourly,CP-01,Compressor 01,Compressor,Surface,2.126,57.712,118.453,7.397,,1437.239,165.988,0.69,Running,0,2,92.68,6.73,460,141.969,,,,,,,,,
2026-04-30 17:00:00,hourly,CP-01,Compressor 01,Compressor,Surface,2.222,59.865,119.906,7.049,,1450.18,161.49,0.96,Running,0,6,92.46,9.34,453,175.58,,,,,,,,,
2026-04-30 18:00:00,hourly,CP-01,Compressor 01,Compressor,Surface,1.916,63.635,120.005,6.992,,1482.05,150.888,0.92,Running,0,5,90.92,14.7,452,173.99,,,,,,,,,
2026-04-30 19:00:00,hourly,CP-01,Compressor 01,Compressor,Surface,2.317,57.435,122.426,6.515,,1491.456,178.658,0.8,Running,0,5,91.71,11.61,446,156.518,,,,,,,,,
2026-04-30 20:00:00,hourly,CP-01,Compressor 01,Compressor,Surface,2.262,59.562,130.186,7.087,,1458.236,157.97,0.74,Running,0,3,92.09,13.31,453,185.667,,,,,,,,,
2026-04-30 21:00:00,hourly,CP-01,Compressor 01,Compressor,Surface,2.596,59.053,110.342,7.267,,1451.174,158.142,0.89,Running,0,8,91.72,12.63,452,175.77,,,,,,,,,
2026-04-30 22:00:00,hourly,CP-01,Compressor 01,Compressor,Surface,2.501,57.102,115.704,7.193,,1480.563,144.835,0.76,Running,0,9,90.5,12.21,446,167.56,,,,,,,,,
2026-04-30 23:00:00,hourly,CP-01,Compressor 01,Compressor,Surface,2.249,60.355,117.643,7.14,,1414.765,165.543,0.73,Running,0,3,94.1,6.83,449,173.7,,,,,,,,,
2026-05-01 00:00:00,hourly,CP-01,Compressor 01,Compressor,Surface,2.479,58.274,114.964,6.744,,1422.485,166.596,0.79,Running,1,11,89.59,14.96,455,170.478,,,,,,,,,
2026-05-01 01:00:00,hourly,CP-01,Compressor 01,Compressor,Surface,2.274,57.859,125.006,7.135,,1508.266,176.321,0.92,Running,0,3,90.83,13.23,449,167.285,,,,,,,,,
2026-05-01 02:00:00,hourly,CP-01,Compressor 01,Compressor,Surface,2.388,61.354,125.461,6.887,,1508.52,161.656,0.94,Running,0,6,93.83,8.87,451,162.866,,,,,,,,,
2026-05-01 03:00:00,hourly,CP-01,Compressor 01,Compressor,Surface,1.955,58.45,131.427,7.458,,1379.276,167.318,0.97,Running,0,3,92.97,10.26,446,179.206,,,,,,,,,
2026-05-01 04:00:00,hourly,CP-01,Compressor 01,Compressor,Surface,2.203,61.016,117.152,7.254,,1429.9,174.046,0.8,Running,0,4,89.44,14.51,440,148.802,,,,,,,,,
2026-05-01 05:00:00,hourly,CP-01,Compressor 01,Compressor,Surface,2.333,59.951,111.108,7.17,,1486.945,177.475,0.81,Running,0,12,87.95,16.63,449,167.373,,,,,,,,,
2026-05-01 06:00:00,hourly,CP-01,Compressor 01,Compressor,Surface,2.255,59.195,116.63,7.113,,1465.092,168.401,0.81,Running,0,4,89.8,12.65,446,181.914,,,,,,,,,
2026-05-01 07:00:00,hourly,CP-01,Compressor 01,Compressor,Surface,2.536,60.116,112.209,6.866,,1443.896,161.884,0.77,Running,0,2,91.63,9.6,447,166.442,,,,,,,,,
2026-05-01 08:00:00,hourly,CP-01,Compressor 01,Compressor,Surface,2.368,60.371,122.996,6.899,,1401.381,175.874,0.77,Running,0,0,91.52,13.36,446,174.052,,,,,,,,,
2026-05-01 09:00:00,hourly,CP-01,Compressor 01,Compressor,Surface,2.414,58.738,122.544,7.582,,1429.417,176.106,0.78,Running,0,4,91.36,10.11,442,165.1,,,,,,,,,
2026-05-01 10:00:00,hourly,CP-01,Compressor 01,Compressor,Surface,2.342,58.411,122.65,6.88,,1416.09,149.452,0.97,Running,0,1,92.33,6.99,445,153.697,,,,,,,,,
2026-05-01 11:00:00,hourly,CP-01,Compressor 01,Compressor,Surface,2.307,60.495,130.566,7.108,,1504.304,168.193,0.75,Running,1,10,91.44,11.29,442,175.405,,,,,,,,,
2026-05-01 12:00:00,hourly,CP-01,Compressor 01,Compressor,Surface,2.47,63.761,118.125,7.129,,1419.525,173.852,0.84,Running,0,9,92.91,10.48,440,181.716,,,,,,,,,
2026-05-01 13:00:00,hourly,CP-01,Compressor 01,Compressor,Surface,2.626,56.283,114.183,7.104,,1454.977,171.546,0.87,Running,0,0,92.59,10.04,447,158.772,,,,,,,,,
2026-05-01 14:00:00,hourly,CP-01,Compressor 01,Compressor,Surface,1.928,57.145,117.775,7.149,,1466.583,162.618,0.99,Running,0,12,87.91,14.54,440,171.316,,,,,,,,,
2026-05-01 15:00:00,hourly,CP-01,Compressor 01,Compressor,Surface,2.122,57.403,112.221,7.571,,1445.48,160.737,0.84,Running,1,3,91.49,14.12,442,168.349,,,,,,,,,
2026-05-01 16:00:00,hourly,CP-01,Compressor 01,Compressor,Surface,2.315,58.49,113.909,7.14,,1448.212,177.452,0.8,Running,0,9,91.0,13.07,439,160.871,,,,,,,,,
2026-05-01 17:00:00,hourly,CP-01,Compressor 01,Compressor,Surface,2.547,57.386,118.132,7.228,,1398.727,167.261,0.74,Running,0,9,91.77,13.84,448,178.112,,,,,,,,,
2026-05-01 18:00:00,hourly,CP-01,Compressor 01,Compressor,Surface,2.446,60.084,121.018,7.028,,1434.308,163.406,0.75,Running,0,9,90.93,12.6,444,162.337,,,,,,,,,
2026-05-01 19:00:00,hourly,CP-01,Compressor 01,Compressor,Surface,2.157,56.583,113.056,7.056,,1436.857,163.789,0.82,Running,0,14,88.73,16.76,437,153.415,,,,,,,,,
2026-05-01 20:00:00,hourly,CP-01,Compressor 01,Compressor,Surface,2.234,58.319,110.18,7.221,,1425.643,165.047,0.8,Running,0,1,92.03,8.88,441,160.915,,,,,,,,,
2026-05-01 21:00:00,hourly,CP-01,Compressor 01,Compressor,Surface,2.44,58.204,122.341,7.456,,1505.369,163.704,0.82,Running,0,1,92.4,4.5,440,163.225,,,,,,,,,
2026-05-01 22:00:00,hourly,CP-01,Compressor 01,Compressor,Surface,2.197,60.738,112.804,7.427,,1526.575,175.428,0.87,Running,0,10,88.32,16.42,440,157.478,,,,,,,,,
2026-05-01 23:00:00,hourly,CP-01,Compressor 01,Compressor,Surface,2.355,58.965,118.96,6.315,,1489.202,169.001,0.77,Running,0,2,94.03,5.68,437,158.854,,,,,,,,,
2026-05-02 00:00:00,hourly,CP-01,Compressor 01,Compressor,Surface,2.182,56.773,124.929,6.685,,1510.329,168.394,0.85,Running,1,7,92.76,11.87,437,152.024,,,,,,,,,
2026-05-02 01:00:00,hourly,CP-01,Compressor 01,Compressor,Surface,2.393,59.554,122.93,7.624,,1424.54,163.263,0.9,Running,0,5,89.81,16.12,445,161.529,,,,,,,,,
2026-05-02 02:00:00,hourly,CP-01,Compressor 01,Compressor,Surface,2.419,57.476,121.628,6.972,,1441.311,170.27,0.67,Running,1,10,89.48,15.36,435,166.953,,,,,,,,,
2026-05-02 03:00:00,hourly,CP-01,Compressor 01,Compressor,Surface,1.82,57.025,124.606,7.009,,1415.377,156.944,0.83,Running,0,1,91.55,10.15,434,154.812,,,,,,,,,
2026-05-02 04:00:00,hourly,CP-01,Compressor 01,Compressor,Surface,2.629,60.938,119.507,6.96,,1454.367,166.668,0.93,Running,1,11,91.42,11.99,430,152.809,,,,,,,,,
2026-05-02 05:00:00,hourly,CP-01,Compressor 01,Compressor,Surface,2.648,58.321,111.44,6.779,,1414.184,150.443,0.85,Running,0,12,92.19,12.04,436,153.585,,,,,,,,,
2026-05-02 06:00:00,hourly,CP-01,Compressor 01,Compressor,Surface,1.939,59.889,132.845,6.912,,1407.384,162.835,0.77,Running,1,0,91.98,12.04,432,163.294,,,,,,,,,
2026-05-02 07:00:00,hourly,CP-01,Compressor 01,Compressor,Surface,2.264,58.246,120.746,6.97,,1340.501,160.385,0.87,Running,0,7,92.12,9.2,445,159.136,,,,,,,,,
2026-05-02 08:00:00,hourly,CP-01,Compressor 01,Compressor,Surface,2.012,59.476,120.94,6.98,,1468.054,164.81,0.78,Running,0,0,89.39,11.07,431,146.544,,,,,,,,,
2026-05-02 09:00:00,hourly,CP-01,Compressor 01,Compressor,Surface,1.922,61.436,119.143,6.861,,1496.953,161.333,0.89,Running,0,7,90.94,13.45,433,150.741,,,,,,,,,
2026-05-02 10:00:00,hourly,CP-01,Compressor 01,Compressor,Surface,2.451,59.38,107.882,7.335,,1492.528,169.725,0.86,Running,0,2,91.7,11.58,444,163.748,,,,,,,,,
2026-05-02 11:00:00,hourly,CP-01,Compressor 01,Compressor,Surface,2.632,58.447,112.863,7.083,,1480.468,158.936,0.97,Running,0,7,90.76,14.08,439,160.517,,,,,,,,,
2026-05-02 12:00:00,hourly,CP-01,Compressor 01,Compressor,Surface,2.301,56.821,127.935,7.143,,1482.624,172.894,0.81,Running,0,1,92.16,10.93,427,163.732,,,,,,,,,
2026-05-02 13:00:00,hourly,CP-01,Compressor 01,Compressor,Surface,2.587,60.574,106.548,7.129,,1437.38,179.07,0.86,Running,0,5,92.84,9.7,434,182.062,,,,,,,,,
2026-05-02 14:00:00,hourly,CP-01,Compressor 01,Compressor,Surface,2.187,59.881,117.398,6.976,,1386.529,155.335,0.79,Running,0,5,89.78,13.95,435,167.597,,,,,,,,,
2026-05-02 15:00:00,hourly,CP-01,Compressor 01,Compressor,Surface,2.045,59.616,119.725,6.93,,1406.662,170.649,0.83,Running,0,4,91.04,11.91,429,144.199,,,,,,,,,
2026-05-02 16:00:00,hourly,CP-01,Compressor 01,Compressor,Surface,2.236,58.929,116.006,6.736,,1437.524,162.658,0.75,Running,1,9,90.24,18.47,435,157.721,,,,,,,,,
2026-05-02 17:00:00,hourly,CP-01,Compressor 01,Compressor,Surface,2.165,60.976,130.251,7.287,,1362.879,173.478,0.93,Running,0,0,90.39,12.98,427,168.551,,,,,,,,,
2026-05-02 18:00:00,hourly,CP-01,Compressor 01,Compressor,Surface,2.383,58.323,108.888,7.07,,1472.246,155.315,0.84,Running,0,9,88.43,15.54,425,157.271,,,,,,,,,
2026-05-02 19:00:00,hourly,CP-01,Compressor 01,Compressor,Surface,2.502,60.005,113.755,7.413,,1466.381,175.938,0.82,Running,0,4,91.71,13.05,435,153.782,,,,,,,,,
2026-05-02 20:00:00,hourly,CP-01,Compressor 01,Compressor,Surface,2.099,62.159,120.054,7.201,,1471.018,161.714,0.89,Running,0,0,95.63,7.02,433,174.692,,,,,,,,,
2026-05-02 21:00:00,hourly,CP-01,Compressor 01,Compressor,Surface,2.063,59.207,120.505,7.502,,1486.213,163.091,0.94,Running,0,7,91.7,11.8,438,160.102,,,,,,,,,
2026-05-02 22:00:00,hourly,CP-01,Compressor 01,Compressor,Surface,2.465,58.499,118.73,7.011,,1377.538,163.107,1.0,Running,0,1,94.68,5.73,430,155.124,,,,,,,,,
2026-05-02 23:00:00,hourly,CP-01,Compressor 01,Compressor,Surface,2.244,58.129,119.753,6.864,,1417.996,155.022,0.75,Running,0,3,93.07,7.07,436,155.254,,,,,,,,,
2026-05-03 00:00:00,hourly,CP-01,Compressor 01,Compressor,Surface,2.447,58.108,114.303,7.572,,1403.346,172.177,0.88,Running,0,7,89.79,14.18,427,183.223,,,,,,,,,
2026-05-03 01:00:00,hourly,CP-01,Compressor 01,Compressor,Surface,2.159,59.137,116.094,7.396,,1426.822,159.714,0.9,Running,0,4,91.66,11.28,434,152.146,,,,,,,,,
2026-05-03 02:00:00,hourly,CP-01,Compressor 01,Compressor,Surface,2.189,61.889,111.837,6.642,,1421.315,169.555,0.81,Running,0,4,92.23,9.87,436,162.476,,,,,,,,,
2026-05-03 03:00:00,hourly,CP-01,Compressor 01,Compressor,Surface,2.492,59.813,120.531,7.222,,1363.064,162.762,0.77,Running,0,7,92.14,12.6,425,163.133,,,,,,,,,
2026-05-03 04:00:00,hourly,CP-01,Compressor 01,Compressor,Surface,2.455,59.425,107.925,7.284,,1477.311,163.191,0.91,Running,0,5,89.8,16.13,421,172.281,,,,,,,,,
2026-05-03 05:00:00,hourly,CP-01,Compressor 01,Compressor,Surface,2.558,59.326,109.946,7.052,,1503.475,174.119,0.75,Running,0,10,91.28,14.51,428,155.786,,,,,,,,,
2026-05-03 06:00:00,hourly,CP-01,Compressor 01,Compressor,Surface,2.27,56.444,123.412,6.787,,1420.247,151.582,0.85,Running,0,5,93.61,6.9,428,155.453,,,,,,,,,
2026-05-03 07:00:00,hourly,CP-01,Compressor 01,Compressor,Surface,2.54,58.917,114.602,7.062,,1424.363,144.444,0.76,Running,1,5,88.43,18.27,426,173.605,,,,,,,,,
2026-05-03 08:00:00,hourly,CP-01,Compressor 01,Compressor,Surface,2.388,57.508,132.622,7.157,,1483.311,158.757,0.82,Running,0,2,92.56,6.62,430,192.003,,,,,,,,,
2026-05-03 09:00:00,hourly,CP-01,Compressor 01,Compressor,Surface,2.381,61.642,115.37,6.933,,1446.665,164.202,0.7,Running,0,6,92.79,9.98,421,158.488,,,,,,,,,
2026-05-03 10:00:00,hourly,CP-01,Compressor 01,Compressor,Surface,2.154,57.602,115.406,7.289,,1472.022,162.878,0.74,Running,0,15,88.15,18.32,425,157.751,,,,,,,,,
2026-05-03 11:00:00,hourly,CP-01,Compressor 01,Compressor,Surface,2.427,56.817,126.065,6.707,,1409.041,158.26,0.68,Running,0,8,89.87,12.12,422,192.07,,,,,,,,,
2026-05-03 12:00:00,hourly,CP-01,Compressor 01,Compressor,Surface,2.262,56.159,124.038,7.153,,1474.011,180.162,1.0,Running,0,2,90.42,10.73,431,160.778,,,,,,,,,
2026-05-03 13:00:00,hourly,CP-01,Compressor 01,Compressor,Surface,2.643,57.772,116.996,7.594,,1465.389,176.394,0.71,Running,0,4,92.26,10.73,427,161.212,,,,,,,,,
2026-05-03 14:00:00,hourly,CP-01,Compressor 01,Compressor,Surface,2.308,54.152,117.62,7.258,,1431.569,141.117,0.89,Running,1,3,90.86,16.11,421,167.085,,,,,,,,,
2026-05-03 15:00:00,hourly,CP-01,Compressor 01,Compressor,Surface,2.276,59.407,124.205,7.471,,1447.727,159.048,0.76,Running,1,13,89.95,17.48,424,169.58,,,,,,,,,
2026-05-03 16:00:00,hourly,CP-01,Compressor 01,Compressor,Surface,2.538,59.491,119.39,7.075,,1364.555,168.578,0.63,Running,1,8,90.95,15.02,422,167.821,,,,,,,,,
2026-05-03 17:00:00,hourly,CP-01,Compressor 01,Compressor,Surface,2.324,57.241,116.176,7.161,,1438.526,168.037,0.84,Running,0,1,91.51,9.9,417,175.689,,,,,,,,,
2026-05-03 18:00:00,hourly,CP-01,Compressor 01,Compressor,Surface,2.155,60.56,117.079,7.001,,1450.755,157.827,1.0,Running,0,4,90.54,13.25,429,149.751,,,,,,,,,
2026-05-03 19:00:00,hourly,CP-01,Compressor 01,Compressor,Surface,2.033,58.81,130.022,7.01,,1432.866,177.035,0.76,Running,0,2,93.39,13.73,420,162.601,,,,,,,,,
2026-05-03 20:00:00,hourly,CP-01,Compressor 01,Compressor,Surface,2.148,58.835,116.318,7.237,,1415.425,156.888,0.97,Running,1,4,90.83,14.64,434,177.069,,,,,,,,,
2026-05-03 21:00:00,hourly,CP-01,Compressor 01,Compressor,Surface,1.98,60.572,116.303,6.875,,1504.845,164.861,0.98,Running,0,4,91.95,8.17,421,139.842,,,,,,,,,
2026-05-03 22:00:00,hourly,CP-01,Compressor 01,Compressor,Surface,2.292,61.022,117.95,7.318,,1499.28,164.422,0.73,Running,0,4,89.06,16.92,426,150.633,,,,,,,,,
2026-05-03 23:00:00,hourly,CP-01,Compressor 01,Compressor,Surface,2.464,57.369,118.561,7.232,,1451.231,167.302,0.68,Running,1,5,91.33,10.67,420,172.897,,,,,,,,,
2026-05-04 00:00:00,hourly,CP-01,Compressor 01,Compressor,Surface,2.207,56.655,113.754,6.806,,1464.072,159.937,0.76,Running,1,6,89.92,13.53,421,166.028,,,,,,,,,
2026-05-04 01:00:00,hourly,CP-01,Compressor 01,Compressor,Surface,2.765,58.456,127.784,7.353,,1376.991,169.483,0.91,Running,0,0,89.91,15.62,418,158.003,,,,,,,,,
2026-05-04 02:00:00,hourly,CP-01,Compressor 01,Compressor,Surface,2.054,61.738,116.013,7.637,,1404.675,157.586,0.66,Running,0,0,93.18,8.83,412,168.578,,,,,,,,,
2026-05-04 03:00:00,hourly,CP-01,Compressor 01,Compressor,Surface,2.405,57.789,121.227,7.333,,1430.966,168.121,0.86,Running,0,4,89.65,13.46,425,169.953,,,,,,,,,
2026-05-04 04:00:00,hourly,CP-01,Compressor 01,Compressor,Surface,2.388,60.752,128.085,6.626,,1407.171,159.951,0.83,Running,1,3,89.87,16.35,416,155.344,,,,,,,,,
2026-05-04 05:00:00,hourly,CP-01,Compressor 01,Compressor,Surface,2.234,57.451,116.238,7.705,,1489.768,177.66,0.77,Running,1,9,87.91,18.43,424,164.282,,,,,,,,,
2026-05-04 06:00:00,hourly,CP-01,Compressor 01,Compressor,Surface,2.282,58.847,120.658,6.557,,1424.603,162.905,0.78,Running,0,5,89.25,15.72,426,152.191,,,,,,,,,
2026-05-04 07:00:00,hourly,CP-01,Compressor 01,Compressor,Surface,2.609,58.132,110.907,6.682,,1401.231,166.681,0.81,Running,1,12,87.94,21.1,415,177.813,,,,,,,,,
2026-05-04 08:00:00,hourly,CP-01,Compressor 01,Compressor,Surface,2.503,59.811,113.623,6.672,,1529.615,174.906,0.83,Running,1,6,92.53,10.89,413,147.963,,,,,,,,,
2026-05-04 09:00:00,hourly,CP-01,Compressor 01,Compressor,Surface,2.479,59.363,119.139,7.042,,1523.314,167.032,0.95,Running,0,8,91.22,12.94,414,163.709,,,,,,,,,
2026-05-04 10:00:00,hourly,CP-01,Compressor 01,Compressor,Surface,2.142,57.592,115.919,6.625,,1478.884,172.36,0.79,Running,0,3,91.91,10.7,408,173.854,,,,,,,,,
2026-05-04 11:00:00,hourly,CP-01,Compressor 01,Compressor,Surface,2.4,58.293,122.847,6.55,,1371.848,154.287,0.81,Running,0,4,91.36,10.17,417,187.147,,,,,,,,,
2026-05-04 12:00:00,hourly,CP-01,Compressor 01,Compressor,Surface,2.457,57.302,115.25,6.937,,1508.57,170.106,0.87,Running,0,11,89.07,12.48,420,163.018,,,,,,,,,
2026-05-04 13:00:00,hourly,CP-01,Compressor 01,Compressor,Surface,2.466,59.507,116.777,6.928,,1507.113,163.334,0.74,Running,1,2,91.9,13.08,411,195.39,,,,,,,,,
2026-05-04 14:00:00,hourly,CP-01,Compressor 01,Compressor,Surface,2.059,57.388,114.605,7.034,,1380.274,172.848,0.95,Running,0,7,90.27,12.74,416,152.637,,,,,,,,,
2026-05-04 15:00:00,hourly,CP-01,Compressor 01,Compressor,Surface,2.372,59.281,125.019,7.228,,1358.902,169.484,0.75,Running,0,11,91.5,17.08,413,171.607,,,,,,,,,
2026-05-04 16:00:00,hourly,CP-01,Compressor 01,Compressor,Surface,2.371,59.795,117.172,7.476,,1427.376,169.859,0.86,Running,0,9,86.19,17.58,413,157.454,,,,,,,,,
2026-05-04 17:00:00,hourly,CP-01,Compressor 01,Compressor,Surface,2.513,60.243,114.481,7.101,,1464.008,171.463,0.8,Running,0,9,88.63,14.4,413,183.175,,,,,,,,,
2026-05-04 18:00:00,hourly,CP-01,Compressor 01,Compressor,Surface,2.264,60.267,113.137,7.22,,1506.577,174.395,0.82,Running,0,6,89.41,15.5,414,164.168,,,,,,,,,
2026-05-04 19:00:00,hourly,CP-01,Compressor 01,Compressor,Surface,2.104,59.695,111.828,7.035,,1374.145,146.581,0.98,Running,0,5,91.01,10.54,410,153.801,,,,,,,,,
2026-05-04 20:00:00,hourly,CP-01,Compressor 01,Compressor,Surface,2.141,57.286,122.491,7.4,,1521.978,158.16,0.84,Running,0,6,87.99,13.83,412,178.784,,,,,,,,,
2026-05-04 21:00:00,hourly,CP-01,Compressor 01,Compressor,Surface,2.377,57.652,117.866,7.488,,1382.52,164.987,0.76,Running,0,0,94.14,9.57,409,160.325,,,,,,,,,
2026-05-04 22:00:00,hourly,CP-01,Compressor 01,Compressor,Surface,2.521,57.646,136.003,6.961,,1484.158,154.576,0.75,Running,0,2,92.51,6.12,412,150.858,,,,,,,,,
2026-05-04 23:00:00,hourly,CP-01,Compressor 01,Compressor,Surface,2.246,59.018,115.078,6.773,,1448.289,163.002,0.92,Running,0,0,92.56,10.82,407,161.617,,,,,,,,,
2026-05-05 00:00:00,hourly,CP-01,Compressor 01,Compressor,Surface,2.365,60.985,109.04,6.962,,1499.688,166.938,0.86,Running,0,6,92.77,10.58,414,176.252,,,,,,,,,
2026-05-05 01:00:00,hourly,CP-01,Compressor 01,Compressor,Surface,1.943,57.946,117.07,6.992,,1464.491,179.39,0.78,Running,0,6,91.33,14.01,409,163.512,,,,,,,,,
2026-05-05 02:00:00,hourly,CP-01,Compressor 01,Compressor,Surface,1.929,58.607,131.923,7.054,,1446.832,171.676,0.91,Running,0,11,88.64,16.87,405,160.835,,,,,,,,,
2026-05-05 03:00:00,hourly,CP-01,Compressor 01,Compressor,Surface,2.398,61.175,120.451,7.111,,1476.707,171.659,0.75,Running,0,2,91.17,17.95,408,165.121,,,,,,,,,
2026-05-05 04:00:00,hourly,CP-01,Compressor 01,Compressor,Surface,2.395,56.806,117.855,7.055,,1417.792,165.646,0.75,Running,0,6,89.63,13.77,408,138.696,,,,,,,,,
2026-05-05 05:00:00,hourly,CP-01,Compressor 01,Compressor,Surface,2.441,61.722,115.15,6.793,,1444.616,149.622,0.81,Running,0,5,90.04,11.3,406,196.617,,,,,,,,,
2026-05-05 06:00:00,hourly,CP-01,Compressor 01,Compressor,Surface,1.936,60.195,116.384,7.047,,1395.603,158.658,0.8,Running,0,15,91.77,17.04,402,164.543,,,,,,,,,
2026-05-05 07:00:00,hourly,CP-01,Compressor 01,Compressor,Surface,2.575,57.948,125.514,7.18,,1478.705,150.494,0.68,Running,0,5,89.49,14.93,407,175.761,,,,,,,,,
2026-05-05 08:00:00,hourly,CP-01,Compressor 01,Compressor,Surface,2.212,58.561,113.299,7.488,,1496.509,170.238,0.78,Running,1,3,89.39,13.11,408,181.604,,,,,,,,,
2026-05-05 09:00:00,hourly,CP-01,Compressor 01,Compressor,Surface,2.204,62.027,118.492,6.966,,1467.529,166.08,0.86,Running,0,3,91.9,8.18,408,153.312,,,,,,,,,
2026-05-05 10:00:00,hourly,CP-01,Compressor 01,Compressor,Surface,2.433,58.293,119.193,7.103,,1458.18,167.071,0.79,Running,0,12,89.04,14.71,410,151.056,,,,,,,,,
2026-05-05 11:00:00,hourly,CP-01,Compressor 01,Compressor,Surface,2.328,60.363,118.373,7.077,,1437.432,169.701,0.82,Running,1,8,89.85,12.66,408,182.668,,,,,,,,,
2026-05-05 12:00:00,hourly,CP-01,Compressor 01,Compressor,Surface,2.618,62.613,116.457,6.979,,1545.572,160.983,0.74,Running,1,7,90.2,12.18,407,156.127,,,,,,,,,
2026-05-05 13:00:00,hourly,CP-01,Compressor 01,Compressor,Surface,2.443,59.076,109.61,6.986,,1447.928,153.457,0.84,Running,0,3,91.25,8.1,407,160.824,,,,,,,,,
2026-05-05 14:00:00,hourly,CP-01,Compressor 01,Compressor,Surface,2.591,59.132,119.611,6.643,,1386.801,161.267,0.86,Running,0,4,91.48,11.19,403,156.756,,,,,,,,,
2026-05-05 15:00:00,hourly,CP-01,Compressor 01,Compressor,Surface,2.239,62.907,116.67,7.22,,1471.933,169.288,0.93,Running,1,12,89.23,15.93,408,132.13,,,,,,,,,
2026-05-05 16:00:00,hourly,CP-01,Compressor 01,Compressor,Surface,2.534,57.3,125.709,7.276,,1451.587,149.781,0.79,Running,1,5,87.61,15.34,404,162.621,,,,,,,,,
2026-05-05 17:00:00,hourly,CP-01,Compressor 01,Compressor,Surface,1.914,59.121,117.295,7.005,,1532.388,166.978,0.8,Running,0,3,92.32,9.88,403,164.298,,,,,,,,,
2026-05-05 18:00:00,hourly,CP-01,Compressor 01,Compressor,Surface,2.299,59.878,118.004,7.234,,1448.868,154.364,0.87,Running,0,0,86.66,17.7,398,176.887,,,,,,,,,
2026-05-05 19:00:00,hourly,CP-01,Compressor 01,Compressor,Surface,2.072,56.532,119.263,6.674,,1395.085,170.504,0.81,Running,0,0,90.9,12.92,405,160.122,,,,,,,,,
2026-05-05 20:00:00,hourly,CP-01,Compressor 01,Compressor,Surface,2.338,57.181,121.166,7.478,,1517.254,153.699,0.87,Running,1,12,90.17,17.12,404,158.35,,,,,,,,,
2026-05-05 21:00:00,hourly,CP-01,Compressor 01,Compressor,Surface,2.348,58.187,107.526,6.916,,1461.417,172.248,0.88,Running,0,0,90.65,13.51,405,171.02,,,,,,,,,
2026-05-05 22:00:00,hourly,CP-01,Compressor 01,Compressor,Surface,2.487,59.853,120.196,7.043,,1426.522,152.613,0.73,Running,0,9,90.71,10.69,396,174.952,,,,,,,,,
2026-05-05 23:00:00,hourly,CP-01,Compressor 01,Compressor,Surface,2.361,58.336,108.15,7.34,,1539.677,156.646,0.73,Running,1,5,89.83,13.99,404,152.239,,,,,,,,,
2026-05-06 00:00:00,hourly,CP-01,Compressor 01,Compressor,Surface,2.183,59.013,116.112,6.747,,1448.092,171.284,0.77,Running,0,7,90.06,14.63,400,143.239,,,,,,,,,
2026-05-06 01:00:00,hourly,CP-01,Compressor 01,Compressor,Surface,2.233,60.492,122.176,6.99,,1427.05,163.609,0.68,Running,0,7,90.72,10.55,397,189.625,,,,,,,,,
2026-05-06 02:00:00,hourly,CP-01,Compressor 01,Compressor,Surface,2.352,60.187,130.745,6.928,,1487.493,147.492,0.97,Running,0,3,90.6,11.33,398,182.268,,,,,,,,,
2026-05-06 03:00:00,hourly,CP-01,Compressor 01,Compressor,Surface,2.199,55.681,112.376,7.246,,1487.775,171.556,0.72,Running,0,10,85.71,18.13,396,157.672,,,,,,,,,
2026-05-06 04:00:00,hourly,CP-01,Compressor 01,Compressor,Surface,2.53,59.477,113.35,6.874,,1486.062,146.142,0.91,Running,0,2,90.04,13.57,401,161.404,,,,,,,,,
2026-05-06 05:00:00,hourly,CP-01,Compressor 01,Compressor,Surface,2.249,60.101,108.233,7.3,,1503.153,163.596,0.74,Running,0,3,91.42,11.26,397,164.567,,,,,,,,,
2026-05-06 06:00:00,hourly,CP-01,Compressor 01,Compressor,Surface,2.501,59.031,113.998,7.174,,1373.3,183.864,0.91,Running,0,6,88.97,12.07,398,155.531,,,,,,,,,
2026-05-06 07:00:00,hourly,CP-01,Compressor 01,Compressor,Surface,2.194,60.064,132.091,6.721,,1482.723,165.932,0.91,Running,0,6,90.86,11.64,396,158.504,,,,,,,,,
2026-05-06 08:00:00,hourly,CP-01,Compressor 01,Compressor,Surface,2.428,60.481,108.812,7.322,,1452.549,162.065,0.68,Running,0,6,91.74,11.49,397,163.636,,,,,,,,,
2026-05-06 09:00:00,hourly,CP-01,Compressor 01,Compressor,Surface,2.278,59.725,99.688,7.578,,1454.738,164.553,0.81,Running,1,12,90.24,15.8,393,149.327,,,,,,,,,
2026-05-06 10:00:00,hourly,CP-01,Compressor 01,Compressor,Surface,2.526,59.012,123.642,6.885,,1429.084,155.374,0.96,Running,0,4,90.28,10.96,389,190.721,,,,,,,,,
2026-05-06 11:00:00,hourly,CP-01,Compressor 01,Compressor,Surface,2.661,59.604,123.507,6.983,,1432.457,166.759,0.83,Running,0,12,87.9,15.1,407,146.387,,,,,,,,,
2026-05-06 12:00:00,hourly,CP-01,Compressor 01,Compressor,Surface,2.354,55.222,118.65,6.788,,1439.488,184.726,0.89,Running,1,5,89.91,11.85,396,141.831,,,,,,,,,
2026-05-06 13:00:00,hourly,CP-01,Compressor 01,Compressor,Surface,2.659,61.578,119.131,7.098,,1454.745,161.381,0.84,Running,0,5,90.84,9.54,407,174.926,,,,,,,,,
2026-05-06 14:00:00,hourly,CP-01,Compressor 01,Compressor,Surface,2.289,61.43,123.08,7.385,,1361.409,157.91,0.89,Running,0,6,89.34,9.63,395,160.597,,,,,,,,,
2026-05-06 15:00:00,hourly,CP-01,Compressor 01,Compressor,Surface,2.353,61.311,123.206,6.943,,1478.043,169.479,0.92,Running,1,4,89.41,15.72,395,169.65,,,,,,,,,
2026-05-06 16:00:00,hourly,CP-01,Compressor 01,Compressor,Surface,2.298,59.401,112.237,6.882,,1488.439,171.915,0.81,Running,0,6,90.84,13.05,393,164.976,,,,,,,,,
2026-05-06 17:00:00,hourly,CP-01,Compressor 01,Compressor,Surface,2.136,60.156,110.869,7.431,,1468.005,166.15,0.82,Running,0,1,90.57,14.02,396,160.783,,,,,,,,,
2026-05-06 18:00:00,hourly,CP-01,Compressor 01,Compressor,Surface,2.581,59.425,112.341,6.923,,1472.865,162.435,0.79,Running,0,6,90.74,13.49,394,163.909,,,,,,,,,
2026-05-06 19:00:00,hourly,CP-01,Compressor 01,Compressor,Surface,2.345,59.736,113.752,6.935,,1487.874,170.214,0.72,Running,0,7,87.47,16.65,388,169.435,,,,,,,,,
2026-05-06 20:00:00,hourly,CP-01,Compressor 01,Compressor,Surface,2.242,61.515,122.726,7.054,,1458.667,152.023,0.88,Running,0,6,90.64,11.8,389,177.51,,,,,,,,,
2026-05-06 21:00:00,hourly,CP-01,Compressor 01,Compressor,Surface,2.189,56.181,124.712,6.679,,1536.629,160.826,0.83,Running,0,7,87.39,19.76,388,156.677,,,,,,,,,
2026-05-06 22:00:00,hourly,CP-01,Compressor 01,Compressor,Surface,2.658,59.939,116.328,6.903,,1449.347,144.419,0.92,Running,0,14,89.51,15.96,392,170.176,,,,,,,,,
2026-05-06 23:00:00,hourly,CP-01,Compressor 01,Compressor,Surface,2.292,57.776,120.081,7.58,,1488.223,164.258,0.98,Running,0,0,93.04,9.48,392,159.887,,,,,,,,,
2026-05-07 00:00:00,hourly,CP-01,Compressor 01,Compressor,Surface,2.29,57.236,117.833,7.294,,1413.426,163.305,0.78,Running,1,1,90.83,10.83,392,160.975,,,,,,,,,
2026-05-07 01:00:00,hourly,CP-01,Compressor 01,Compressor,Surface,2.503,58.98,113.383,7.268,,1443.845,174.688,0.79,Running,0,2,90.43,13.57,388,155.338,,,,,,,,,
2026-05-07 02:00:00,hourly,CP-01,Compressor 01,Compressor,Surface,2.597,57.068,113.114,7.272,,1493.534,157.545,0.77,Running,0,6,88.56,16.4,386,161.789,,,,,,,,,
2026-05-07 03:00:00,hourly,CP-01,Compressor 01,Compressor,Surface,2.226,57.066,118.792,7.273,,1442.533,174.578,0.94,Running,0,2,92.36,9.44,395,151.501,,,,,,,,,
2026-05-07 04:00:00,hourly,CP-01,Compressor 01,Compressor,Surface,2.431,56.376,122.942,7.014,,1426.762,163.347,0.71,Running,1,1,90.37,13.95,390,152.488,,,,,,,,,
2026-05-07 05:00:00,hourly,CP-01,Compressor 01,Compressor,Surface,2.431,58.382,120.857,7.099,,1462.903,170.99,0.85,Running,1,6,86.15,20.54,391,154.98,,,,,,,,,
2026-05-07 06:00:00,hourly,CP-01,Compressor 01,Compressor,Surface,2.287,60.107,117.201,7.209,,1450.876,172.183,0.7,Running,1,1,88.77,16.59,393,140.138,,,,,,,,,
2026-05-07 07:00:00,hourly,CP-01,Compressor 01,Compressor,Surface,2.25,60.608,126.772,6.999,,1412.053,165.67,0.94,Running,1,8,90.28,15.52,380,154.566,,,,,,,,,
2026-05-07 08:00:00,hourly,CP-01,Compressor 01,Compressor,Surface,2.209,62.569,127.79,7.448,,1433.826,167.711,0.88,Running,1,8,89.47,16.45,388,159.476,,,,,,,,,
2026-05-07 09:00:00,hourly,CP-01,Compressor 01,Compressor,Surface,2.506,58.519,109.356,6.696,,1457.88,160.062,0.77,Running,0,1,91.55,13.89,392,168.936,,,,,,,,,
2026-05-07 10:00:00,hourly,CP-01,Compressor 01,Compressor,Surface,2.365,60.565,111.299,7.041,,1352.061,176.032,0.96,Running,0,10,88.0,15.72,382,149.647,,,,,,,,,
2026-05-07 11:00:00,hourly,CP-01,Compressor 01,Compressor,Surface,2.333,59.517,109.723,7.398,,1450.88,189.496,0.76,Running,1,1,90.07,15.46,382,164.53,,,,,,,,,
2026-05-07 12:00:00,hourly,CP-01,Compressor 01,Compressor,Surface,2.191,59.468,123.834,7.37,,1412.924,152.124,0.83,Running,0,4,88.78,16.67,382,169.059,,,,,,,,,
2026-05-07 13:00:00,hourly,CP-01,Compressor 01,Compressor,Surface,2.507,59.849,116.74,6.996,,1438.712,165.863,0.64,Running,0,7,90.02,15.59,380,161.941,,,,,,,,,
2026-05-07 14:00:00,hourly,CP-01,Compressor 01,Compressor,Surface,2.377,60.577,118.781,7.199,,1398.29,162.652,0.87,Running,0,7,88.88,15.81,388,166.954,,,,,,,,,
2026-05-07 15:00:00,hourly,CP-01,Compressor 01,Compressor,Surface,2.163,60.029,122.051,7.197,,1434.711,169.271,0.79,Running,1,0,89.84,15.19,386,167.223,,,,,,,,,
2026-05-07 16:00:00,hourly,CP-01,Compressor 01,Compressor,Surface,2.257,58.545,118.367,7.665,,1520.974,150.746,0.8,Running,0,5,92.15,8.94,380,160.844,,,,,,,,,
2026-05-07 17:00:00,hourly,CP-01,Compressor 01,Compressor,Surface,2.457,60.213,114.579,6.922,,1408.304,155.759,0.74,Running,1,7,87.2,18.86,377,157.491,,,,,,,,,
2026-05-07 18:00:00,hourly,CP-01,Compressor 01,Compressor,Surface,2.003,58.151,111.854,7.174,,1422.367,180.792,0.73,Running,0,11,93.01,12.22,380,166.672,,,,,,,,,
2026-05-07 19:00:00,hourly,CP-01,Compressor 01,Compressor,Surface,2.314,60.221,117.029,7.018,,1434.024,178.439,0.78,Running,0,5,95.27,9.92,388,152.858,,,,,,,,,
2026-05-07 20:00:00,hourly,CP-01,Compressor 01,Compressor,Surface,2.471,59.421,123.251,7.503,,1363.7,150.847,0.92,Running,0,12,88.89,15.31,378,140.047,,,,,,,,,
2026-05-07 21:00:00,hourly,CP-01,Compressor 01,Compressor,Surface,2.365,56.049,108.309,7.088,,1379.2,183.004,0.85,Running,1,2,91.92,14.89,376,156.76,,,,,,,,,
2026-05-07 22:00:00,hourly,CP-01,Compressor 01,Compressor,Surface,2.454,58.991,115.525,6.967,,1470.689,158.573,0.75,Running,0,0,91.1,12.13,382,158.5,,,,,,,,,
2026-05-07 23:00:00,hourly,CP-01,Compressor 01,Compressor,Surface,1.945,60.812,106.853,7.307,,1424.936,172.8,0.64,Running,0,10,90.89,14.15,377,166.371,,,,,,,,,
2026-05-08 00:00:00,hourly,CP-01,Compressor 01,Compressor,Surface,2.087,59.015,123.988,6.924,,1520.515,164.289,0.98,Running,0,8,88.43,16.33,388,165.878,,,,,,,,,
2026-05-08 01:00:00,hourly,CP-01,Compressor 01,Compressor,Surface,2.482,59.62,108.471,7.17,,1411.074,167.631,0.62,Running,1,16,88.12,19.17,381,157.628,,,,,,,,,
2026-05-08 02:00:00,hourly,CP-01,Compressor 01,Compressor,Surface,2.394,58.419,108.822,7.291,,1522.923,166.69,0.91,Running,1,11,88.86,16.01,379,165.645,,,,,,,,,
2026-05-08 03:00:00,hourly,CP-01,Compressor 01,Compressor,Surface,2.274,58.768,123.472,6.69,,1378.443,173.989,0.86,Running,0,10,88.93,14.3,379,174.64,,,,,,,,,
2026-05-08 04:00:00,hourly,CP-01,Compressor 01,Compressor,Surface,2.371,60.848,114.599,6.92,,1442.032,160.867,0.8,Running,1,10,87.63,19.4,377,162.694,,,,,,,,,
2026-05-08 05:00:00,hourly,CP-01,Compressor 01,Compressor,Surface,2.43,58.505,107.571,7.602,,1412.529,182.295,0.77,Running,0,3,88.33,15.35,377,154.488,,,,,,,,,
2026-05-08 06:00:00,hourly,CP-01,Compressor 01,Compressor,Surface,2.234,57.282,121.65,7.179,,1479.051,175.504,0.88,Running,0,2,91.19,12.97,388,160.248,,,,,,,,,
2026-05-08 07:00:00,hourly,CP-01,Compressor 01,Compressor,Surface,2.197,55.534,119.155,6.839,,1422.161,162.338,0.91,Running,0,0,92.03,7.77,382,172.552,,,,,,,,,
2026-05-08 08:00:00,hourly,CP-01,Compressor 01,Compressor,Surface,2.082,57.947,130.118,7.16,,1426.78,165.972,0.91,Running,1,5,88.1,18.32,377,148.849,,,,,,,,,
2026-05-08 09:00:00,hourly,CP-01,Compressor 01,Compressor,Surface,2.584,57.375,111.133,6.656,,1444.299,166.708,0.91,Running,0,2,93.45,5.42,378,171.952,,,,,,,,,
2026-05-08 10:00:00,hourly,CP-01,Compressor 01,Compressor,Surface,2.335,56.718,112.538,7.166,,1550.717,161.961,0.7,Running,1,6,87.23,16.88,374,158.588,,,,,,,,,
2026-05-08 11:00:00,hourly,CP-01,Compressor 01,Compressor,Surface,2.596,57.421,114.021,7.223,,1503.686,162.593,0.77,Running,0,6,87.62,14.6,381,176.626,,,,,,,,,
2026-05-08 12:00:00,hourly,CP-01,Compressor 01,Compressor,Surface,2.081,57.564,124.371,7.103,,1429.755,172.851,0.77,Running,0,0,86.49,16.68,363,167.637,,,,,,,,,
2026-05-08 13:00:00,hourly,CP-01,Compressor 01,Compressor,Surface,2.346,57.451,106.61,6.939,,1409.861,170.944,0.82,Running,0,8,86.6,18.69,374,171.207,,,,,,,,,
2026-05-08 14:00:00,hourly,CP-01,Compressor 01,Compressor,Surface,2.109,61.602,116.284,7.572,,1412.976,160.782,0.84,Running,0,8,91.31,10.83,371,174.62,,,,,,,,,
2026-05-08 15:00:00,hourly,CP-01,Compressor 01,Compressor,Surface,2.64,56.447,119.931,7.042,,1403.994,166.24,0.91,Running,1,3,88.7,17.29,379,176.562,,,,,,,,,
2026-05-08 16:00:00,hourly,CP-01,Compressor 01,Compressor,Surface,2.814,60.236,125.484,6.652,,1489.492,156.541,0.82,Running,0,1,89.38,14.37,374,173.856,,,,,,,,,
2026-05-08 17:00:00,hourly,CP-01,Compressor 01,Compressor,Surface,2.549,60.165,113.162,7.085,,1418.584,180.924,0.88,Running,0,0,88.86,15.93,367,154.24,,,,,,,,,
2026-05-08 18:00:00,hourly,CP-01,Compressor 01,Compressor,Surface,2.122,60.302,120.053,7.418,,1496.62,172.436,0.79,Running,1,4,87.29,16.17,373,172.78,,,,,,,,,
2026-05-08 19:00:00,hourly,CP-01,Compressor 01,Compressor,Surface,2.115,59.177,114.536,7.531,,1496.287,164.742,0.98,Running,0,6,86.57,20.3,373,149.765,,,,,,,,,
2026-05-08 20:00:00,hourly,CP-01,Compressor 01,Compressor,Surface,2.306,61.411,110.916,6.452,,1442.083,167.071,0.77,Running,1,9,85.76,20.31,379,151.532,,,,,,,,,
2026-05-08 21:00:00,hourly,CP-01,Compressor 01,Compressor,Surface,2.349,59.263,117.632,6.917,,1388.822,172.798,0.77,Running,0,10,88.8,16.73,373,163.629,,,,,,,,,
2026-05-08 22:00:00,hourly,CP-01,Compressor 01,Compressor,Surface,2.417,58.904,116.622,7.033,,1479.465,160.65,0.84,Running,1,2,89.89,15.67,372,178.29,,,,,,,,,
2026-05-08 23:00:00,hourly,CP-01,Compressor 01,Compressor,Surface,2.409,61.247,121.332,7.168,,1398.157,165.352,0.91,Running,0,5,87.66,19.0,372,163.384,,,,,,,,,
2026-05-09 00:00:00,hourly,CP-01,Compressor 01,Compressor,Surface,2.327,58.971,130.139,6.786,,1448.745,171.749,0.76,Running,1,0,85.52,21.1,362,155.832,,,,,,,,,
2026-05-09 01:00:00,hourly,CP-01,Compressor 01,Compressor,Surface,2.283,56.563,120.942,7.266,,1508.878,154.566,0.8,Running,0,7,90.61,13.5,367,171.421,,,,,,,,,
2026-05-09 02:00:00,hourly,CP-01,Compressor 01,Compressor,Surface,2.177,60.121,118.289,7.359,,1351.422,170.353,0.79,Running,1,5,90.81,15.07,362,159.5,,,,,,,,,
2026-05-09 03:00:00,hourly,CP-01,Compressor 01,Compressor,Surface,2.447,61.115,121.6,6.906,,1437.385,187.862,0.74,Running,1,6,86.83,18.76,378,169.652,,,,,,,,,
2026-05-09 04:00:00,hourly,CP-01,Compressor 01,Compressor,Surface,1.897,59.77,113.857,7.115,,1422.58,150.528,0.78,Running,1,12,87.14,17.17,368,166.082,,,,,,,,,
2026-05-09 05:00:00,hourly,CP-01,Compressor 01,Compressor,Surface,2.343,58.658,123.03,7.331,,1429.943,173.578,0.77,Running,0,7,90.3,15.42,372,154.103,,,,,,,,,
2026-05-09 06:00:00,hourly,CP-01,Compressor 01,Compressor,Surface,2.366,59.72,114.332,7.57,,1391.831,154.346,0.93,Running,0,18,85.93,21.78,365,177.165,,,,,,,,,
2026-05-09 07:00:00,hourly,CP-01,Compressor 01,Compressor,Surface,2.285,60.438,120.23,7.392,,1531.847,152.927,0.83,Running,0,11,86.82,18.35,367,146.558,,,,,,,,,
2026-05-09 08:00:00,hourly,CP-01,Compressor 01,Compressor,Surface,2.472,57.523,116.941,6.998,,1455.361,161.811,0.78,Running,1,4,91.35,13.35,367,154.825,,,,,,,,,
2026-05-09 09:00:00,hourly,CP-01,Compressor 01,Compressor,Surface,2.503,55.811,116.671,7.241,,1366.732,170.119,0.97,Running,1,2,88.16,17.49,370,171.754,,,,,,,,,
2026-05-09 10:00:00,hourly,CP-01,Compressor 01,Compressor,Surface,2.362,59.049,127.831,7.07,,1463.537,170.452,0.97,Running,1,6,89.06,15.5,366,196.272,,,,,,,,,
2026-05-09 11:00:00,hourly,CP-01,Compressor 01,Compressor,Surface,2.742,61.047,112.908,6.941,,1493.855,164.289,0.96,Running,0,10,87.09,15.13,364,145.273,,,,,,,,,
2026-05-09 12:00:00,hourly,CP-01,Compressor 01,Compressor,Surface,2.201,57.353,121.172,7.253,,1445.742,155.72,0.78,Running,0,1,90.81,10.67,358,163.338,,,,,,,,,
2026-05-09 13:00:00,hourly,CP-01,Compressor 01,Compressor,Surface,2.243,57.11,115.694,7.25,,1513.951,164.061,0.9,Running,0,4,88.82,14.91,375,138.808,,,,,,,,,
2026-05-09 14:00:00,hourly,CP-01,Compressor 01,Compressor,Surface,2.251,59.632,123.674,7.127,,1365.213,149.018,0.99,Running,0,3,90.57,13.29,363,163.121,,,,,,,,,
2026-05-09 15:00:00,hourly,CP-01,Compressor 01,Compressor,Surface,2.53,58.895,110.367,7.38,,1494.295,172.923,0.79,Running,1,4,88.08,14.33,363,157.554,,,,,,,,,
2026-05-09 16:00:00,hourly,CP-01,Compressor 01,Compressor,Surface,2.392,58.114,116.275,7.058,,1438.581,161.82,0.8,Running,1,7,87.08,13.91,362,165.159,,,,,,,,,
2026-05-09 17:00:00,hourly,CP-01,Compressor 01,Compressor,Surface,1.981,61.27,112.761,7.106,,1412.808,175.306,0.79,Running,0,7,88.7,15.61,370,180.29,,,,,,,,,
2026-05-09 18:00:00,hourly,CP-01,Compressor 01,Compressor,Surface,2.268,58.153,127.736,7.179,,1480.403,156.592,0.84,Running,0,8,87.52,17.48,361,174.266,,,,,,,,,
2026-05-09 19:00:00,hourly,CP-01,Compressor 01,Compressor,Surface,2.219,59.906,126.036,7.21,,1479.552,170.188,0.97,Running,1,1,88.03,18.48,361,160.891,,,,,,,,,
2026-05-09 20:00:00,hourly,CP-01,Compressor 01,Compressor,Surface,2.632,60.725,114.054,6.899,,1509.329,149.423,0.83,Running,1,12,87.49,21.38,364,172.563,,,,,,,,,
2026-05-09 21:00:00,hourly,CP-01,Compressor 01,Compressor,Surface,2.182,58.946,111.402,7.602,,1507.397,177.49,0.78,Running,1,10,86.8,15.76,367,165.662,,,,,,,,,
2026-05-09 22:00:00,hourly,CP-01,Compressor 01,Compressor,Surface,2.324,60.732,115.639,7.298,,1451.591,169.317,0.81,Running,0,5,90.07,14.59,362,153.433,,,,,,,,,
2026-05-09 23:00:00,hourly,CP-01,Compressor 01,Compressor,Surface,2.044,60.438,123.164,7.131,,1384.252,162.093,0.91,Running,1,3,89.57,19.36,362,164.266,,,,,,,,,
2026-05-10 00:00:00,hourly,CP-01,Compressor 01,Compressor,Surface,2.356,59.616,120.087,7.136,,1375.761,161.427,0.59,Running,1,9,87.19,15.3,361,170.095,,,,,,,,,
2026-05-10 01:00:00,hourly,CP-01,Compressor 01,Compressor,Surface,2.667,58.669,116.063,7.112,,1379.595,162.524,0.85,Running,0,7,91.64,9.75,359,205.771,,,,,,,,,
2026-05-10 02:00:00,hourly,CP-01,Compressor 01,Compressor,Surface,2.178,61.741,125.229,7.496,,1431.237,165.342,0.8,Running,1,10,87.59,19.32,368,179.451,,,,,,,,,
2026-05-10 03:00:00,hourly,CP-01,Compressor 01,Compressor,Surface,2.496,60.851,120.53,7.371,,1458.501,151.017,0.77,Running,0,3,90.11,14.22,357,172.898,,,,,,,,,
2026-05-10 04:00:00,hourly,CP-01,Compressor 01,Compressor,Surface,2.291,60.566,113.345,7.29,,1470.702,162.385,0.68,Running,1,3,84.56,22.17,361,145.361,,,,,,,,,
2026-05-10 05:00:00,hourly,CP-01,Compressor 01,Compressor,Surface,2.325,59.41,106.03,7.751,,1471.655,162.571,0.87,Running,1,10,88.27,17.66,357,167.158,,,,,,,,,
2026-05-10 06:00:00,hourly,CP-01,Compressor 01,Compressor,Surface,2.44,58.397,130.864,7.279,,1415.685,174.526,0.8,Running,1,0,85.75,21.42,361,180.838,,,,,,,,,
2026-05-10 07:00:00,hourly,CP-01,Compressor 01,Compressor,Surface,2.103,56.026,116.8,6.907,,1503.477,160.68,0.86,Running,1,1,87.33,18.59,358,171.175,,,,,,,,,
2026-05-10 08:00:00,hourly,CP-01,Compressor 01,Compressor,Surface,2.191,60.208,104.269,7.317,,1512.976,156.095,0.73,Running,0,7,89.36,15.99,359,177.836,,,,,,,,,
2026-05-10 09:00:00,hourly,CP-01,Compressor 01,Compressor,Surface,2.166,58.752,120.369,7.265,,1408.105,164.756,0.67,Running,0,10,89.16,12.77,358,170.826,,,,,,,,,
2026-05-10 10:00:00,hourly,CP-01,Compressor 01,Compressor,Surface,2.634,59.697,108.53,7.479,,1444.332,170.634,0.72,Running,1,13,87.45,19.53,353,176.538,,,,,,,,,
2026-05-10 11:00:00,hourly,CP-01,Compressor 01,Compressor,Surface,2.519,63.516,126.269,7.319,,1475.852,166.224,0.8,Running,1,9,88.74,18.89,357,146.363,,,,,,,,,
2026-05-10 12:00:00,hourly,CP-01,Compressor 01,Compressor,Surface,2.507,61.45,125.909,7.167,,1506.844,165.903,0.67,Running,1,0,89.14,17.42,349,183.392,,,,,,,,,
2026-05-10 13:00:00,hourly,CP-01,Compressor 01,Compressor,Surface,2.511,60.086,117.206,7.374,,1472.609,165.796,0.83,Running,0,0,87.62,18.33,357,174.218,,,,,,,,,
2026-05-10 14:00:00,hourly,CP-01,Compressor 01,Compressor,Surface,2.475,59.156,111.963,6.713,,1424.627,163.943,0.95,Running,0,6,89.72,18.17,354,178.292,,,,,,,,,
2026-05-10 15:00:00,hourly,CP-01,Compressor 01,Compressor,Surface,2.038,60.656,121.537,7.253,,1407.482,160.343,0.62,Running,0,13,88.84,15.99,354,166.811,,,,,,,,,
2026-05-10 16:00:00,hourly,CP-01,Compressor 01,Compressor,Surface,2.223,60.869,125.899,7.276,,1405.263,158.315,0.76,Running,1,3,87.74,19.14,355,171.247,,,,,,,,,
2026-05-10 17:00:00,hourly,CP-01,Compressor 01,Compressor,Surface,2.291,58.673,118.023,6.8,,1438.199,165.634,0.81,Running,1,9,91.52,15.25,355,173.421,,,,,,,,,
2026-05-10 18:00:00,hourly,CP-01,Compressor 01,Compressor,Surface,2.354,58.889,116.377,7.164,,1427.989,168.312,0.8,Running,1,8,87.95,16.15,345,163.446,,,,,,,,,
2026-05-10 19:00:00,hourly,CP-01,Compressor 01,Compressor,Surface,2.147,59.734,114.157,6.968,,1397.205,165.982,0.92,Running,1,5,86.86,21.02,352,156.623,,,,,,,,,
2026-05-10 20:00:00,hourly,CP-01,Compressor 01,Compressor,Surface,2.081,58.051,116.567,7.024,,1477.134,149.208,0.79,Running,0,3,90.14,11.54,354,153.136,,,,,,,,,
2026-05-10 21:00:00,hourly,CP-01,Compressor 01,Compressor,Surface,2.141,58.171,117.714,7.365,,1434.597,173.757,0.8,Running,0,0,89.55,12.9,359,163.956,,,,,,,,,
2026-05-10 22:00:00,hourly,CP-01,Compressor 01,Compressor,Surface,2.194,57.423,115.694,6.876,,1466.077,153.031,0.79,Running,1,9,85.29,18.63,363,155.838,,,,,,,,,
2026-05-10 23:00:00,hourly,CP-01,Compressor 01,Compressor,Surface,2.265,62.303,112.849,7.078,,1396.593,153.513,0.86,Running,0,4,85.36,16.19,360,157.412,,,,,,,,,
2026-05-11 00:00:00,hourly,CP-01,Compressor 01,Compressor,Surface,2.408,57.051,128.59,6.903,,1488.983,155.979,0.95,Running,0,8,89.28,13.58,349,181.564,,,,,,,,,
2026-05-11 01:00:00,hourly,CP-01,Compressor 01,Compressor,Surface,2.304,57.115,117.224,7.191,,1481.797,161.543,0.82,Running,1,6,87.37,17.84,354,183.241,,,,,,,,,
2026-05-11 02:00:00,hourly,CP-01,Compressor 01,Compressor,Surface,2.551,55.467,115.5,7.218,,1494.807,164.39,0.94,Running,1,5,88.98,14.82,356,161.508,,,,,,,,,
2026-05-11 03:00:00,hourly,CP-01,Compressor 01,Compressor,Surface,2.443,60.4,119.862,6.813,,1443.756,174.203,0.83,Running,0,0,87.84,14.47,353,179.715,,,,,,,,,
2026-05-11 04:00:00,hourly,CP-01,Compressor 01,Compressor,Surface,2.276,57.74,120.13,7.05,,1439.09,174.341,0.72,Running,0,5,89.31,10.03,350,163.329,,,,,,,,,
2026-05-11 05:00:00,hourly,CP-01,Compressor 01,Compressor,Surface,2.413,60.64,118.318,7.088,,1473.602,149.77,0.91,Running,0,7,89.66,12.97,351,161.259,,,,,,,,,
2026-05-11 06:00:00,hourly,CP-01,Compressor 01,Compressor,Surface,2.314,59.271,111.867,7.165,,1500.323,149.259,0.82,Running,1,13,85.44,18.69,351,169.467,,,,,,,,,
2026-05-11 07:00:00,hourly,CP-01,Compressor 01,Compressor,Surface,2.226,61.519,118.653,7.373,,1447.566,175.06,0.93,Running,1,4,86.82,22.24,347,157.2,,,,,,,,,
2026-05-11 08:00:00,hourly,CP-01,Compressor 01,Compressor,Surface,2.343,57.912,119.582,6.896,,1385.972,163.822,0.89,Running,0,6,90.97,12.6,350,161.709,,,,,,,,,
2026-05-11 09:00:00,hourly,CP-01,Compressor 01,Compressor,Surface,2.407,59.459,120.644,7.034,,1430.287,156.161,0.89,Running,1,9,89.11,18.75,344,180.17,,,,,,,,,
2026-05-11 10:00:00,hourly,CP-01,Compressor 01,Compressor,Surface,2.513,61.25,120.306,7.464,,1502.606,170.664,0.76,Running,1,1,89.51,13.25,358,169.065,,,,,,,,,
2026-05-11 11:00:00,hourly,CP-01,Compressor 01,Compressor,Surface,2.73,61.427,119.838,7.332,,1479.366,175.548,0.74,Running,0,3,92.1,13.16,346,169.598,,,,,,,,,
2026-05-11 12:00:00,hourly,CP-01,Compressor 01,Compressor,Surface,2.562,61.21,112.29,6.896,,1460.841,169.17,0.82,Running,0,1,90.27,14.1,350,162.916,,,,,,,,,
2026-05-11 13:00:00,hourly,CP-01,Compressor 01,Compressor,Surface,2.154,60.308,133.975,7.108,,1431.452,158.465,0.71,Running,1,2,88.55,14.41,348,161.922,,,,,,,,,
2026-05-11 14:00:00,hourly,CP-01,Compressor 01,Compressor,Surface,2.046,59.324,121.455,7.241,,1516.774,146.019,0.73,Running,1,6,86.55,19.34,347,166.681,,,,,,,,,
2026-05-11 15:00:00,hourly,CP-01,Compressor 01,Compressor,Surface,2.566,60.362,123.291,7.359,,1407.157,170.103,0.76,Running,1,3,90.53,12.84,349,173.962,,,,,,,,,
2026-05-11 16:00:00,hourly,CP-01,Compressor 01,Compressor,Surface,2.311,57.144,122.406,7.217,,1449.207,164.304,0.72,Running,0,5,90.57,12.6,350,169.198,,,,,,,,,
2026-05-11 17:00:00,hourly,CP-01,Compressor 01,Compressor,Surface,2.207,58.731,118.023,7.24,,1467.744,157.879,0.81,Running,0,7,88.8,12.35,346,172.118,,,,,,,,,
2026-05-11 18:00:00,hourly,CP-01,Compressor 01,Compressor,Surface,2.628,61.772,112.745,7.246,,1465.66,151.334,0.82,Running,1,9,91.55,15.77,348,145.604,,,,,,,,,
2026-05-11 19:00:00,hourly,CP-01,Compressor 01,Compressor,Surface,2.3,60.944,117.433,7.149,,1416.802,167.444,0.78,Running,0,10,89.02,16.46,347,154.386,,,,,,,,,
2026-05-11 20:00:00,hourly,CP-01,Compressor 01,Compressor,Surface,2.314,57.304,113.004,6.742,,1481.656,160.478,0.72,Running,0,5,88.66,13.65,339,158.687,,,,,,,,,
2026-05-11 21:00:00,hourly,CP-01,Compressor 01,Compressor,Surface,2.219,59.978,109.625,7.012,,1472.368,166.928,0.75,Running,0,4,90.46,14.13,344,170.221,,,,,,,,,
2026-05-11 22:00:00,hourly,CP-01,Compressor 01,Compressor,Surface,1.969,57.848,131.28,7.447,,1455.845,173.639,0.84,Running,0,1,89.32,14.25,343,169.451,,,,,,,,,
2026-05-11 23:00:00,hourly,CP-01,Compressor 01,Compressor,Surface,2.169,58.899,123.638,7.354,,1465.588,159.318,0.8,Running,1,10,89.74,17.17,346,172.586,,,,,,,,,
2026-05-12 00:00:00,hourly,CP-01,Compressor 01,Compressor,Surface,2.22,61.903,119.363,7.135,,1427.035,184.516,0.83,Running,1,13,85.07,20.32,346,161.649,,,,,,,,,
2026-05-12 01:00:00,hourly,CP-01,Compressor 01,Compressor,Surface,2.04,56.293,119.164,7.078,,1522.795,164.448,0.75,Running,0,11,89.07,15.21,343,166.627,,,,,,,,,
2026-05-12 02:00:00,hourly,CP-01,Compressor 01,Compressor,Surface,2.35,57.216,122.42,6.953,,1502.695,172.233,0.85,Running,1,8,87.68,15.99,344,184.938,,,,,,,,,
2026-05-12 03:00:00,hourly,CP-01,Compressor 01,Compressor,Surface,2.383,59.646,118.0,6.923,,1422.289,160.696,0.88,Running,1,5,87.57,18.37,342,165.817,,,,,,,,,
2026-05-12 04:00:00,hourly,CP-01,Compressor 01,Compressor,Surface,2.499,60.19,115.042,7.376,,1442.07,170.707,0.72,Running,0,2,88.08,16.66,339,145.0,,,,,,,,,
2026-05-12 05:00:00,hourly,CP-01,Compressor 01,Compressor,Surface,2.2,58.881,126.904,7.06,,1494.673,157.337,0.78,Running,0,1,87.33,20.23,346,170.79,,,,,,,,,
2026-05-12 06:00:00,hourly,CP-01,Compressor 01,Compressor,Surface,1.999,61.364,113.228,7.213,,1475.315,171.36,0.69,Running,0,0,89.58,15.2,343,178.475,,,,,,,,,
2026-05-12 07:00:00,hourly,CP-01,Compressor 01,Compressor,Surface,2.277,59.008,125.834,7.741,,1453.964,187.873,0.89,Running,1,16,86.48,23.81,348,178.02,,,,,,,,,
2026-05-12 08:00:00,hourly,CP-01,Compressor 01,Compressor,Surface,2.111,59.86,118.874,7.165,,1409.596,155.675,1.0,Running,1,10,85.51,20.01,339,161.86,,,,,,,,,
2026-05-12 09:00:00,hourly,CP-01,Compressor 01,Compressor,Surface,2.332,59.498,120.239,6.952,,1413.691,144.525,0.89,Running,0,15,88.15,15.0,337,162.607,,,,,,,,,
2026-05-12 10:00:00,hourly,CP-01,Compressor 01,Compressor,Surface,2.493,58.968,116.607,7.359,,1452.564,159.974,0.81,Running,0,4,90.51,11.83,331,173.79,,,,,,,,,
2026-05-12 11:00:00,hourly,CP-01,Compressor 01,Compressor,Surface,2.241,60.673,111.815,7.41,,1516.437,168.143,0.83,Running,0,7,87.52,16.03,348,167.029,,,,,,,,,
2026-05-12 12:00:00,hourly,CP-01,Compressor 01,Compressor,Surface,2.324,58.032,114.289,6.655,,1496.278,166.281,0.87,Running,1,7,87.93,15.28,340,171.492,,,,,,,,,
2026-05-12 13:00:00,hourly,CP-01,Compressor 01,Compressor,Surface,1.968,61.605,120.521,7.453,,1474.801,161.676,0.72,Running,1,11,87.88,20.01,341,159.162,,,,,,,,,
2026-05-12 14:00:00,hourly,CP-01,Compressor 01,Compressor,Surface,2.267,61.049,113.487,6.915,,1479.548,175.145,0.82,Running,0,2,92.36,10.19,344,169.488,,,,,,,,,
2026-05-12 15:00:00,hourly,CP-01,Compressor 01,Compressor,Surface,2.626,61.078,113.568,7.544,,1358.103,161.402,0.82,Running,0,6,89.83,14.85,338,159.559,,,,,,,,,
2026-05-12 16:00:00,hourly,CP-01,Compressor 01,Compressor,Surface,2.438,63.291,123.035,7.46,,1462.147,173.404,0.8,Running,0,9,87.35,15.17,334,163.127,,,,,,,,,
2026-05-12 17:00:00,hourly,CP-01,Compressor 01,Compressor,Surface,2.197,60.13,121.148,7.174,,1461.773,162.083,0.79,Running,1,13,87.96,16.86,340,153.577,,,,,,,,,
2026-05-12 18:00:00,hourly,CP-01,Compressor 01,Compressor,Surface,2.136,59.627,110.909,6.93,,1390.831,157.412,0.83,Running,0,2,87.02,13.49,335,156.543,,,,,,,,,
2026-05-12 19:00:00,hourly,CP-01,Compressor 01,Compressor,Surface,2.333,60.213,125.801,7.417,,1538.955,166.552,0.74,Running,0,6,91.25,12.97,328,149.707,,,,,,,,,
2026-05-12 20:00:00,hourly,CP-01,Compressor 01,Compressor,Surface,2.43,58.721,126.335,7.247,,1468.338,167.019,0.76,Running,1,8,85.8,18.83,341,148.219,,,,,,,,,
2026-05-12 21:00:00,hourly,CP-01,Compressor 01,Compressor,Surface,2.2,59.276,117.177,6.949,,1472.392,182.275,0.84,Running,1,7,86.68,21.86,330,155.145,,,,,,,,,
2026-05-12 22:00:00,hourly,CP-01,Compressor 01,Compressor,Surface,2.304,58.009,108.463,7.273,,1419.566,169.348,0.82,Running,1,11,89.66,16.15,331,170.141,,,,,,,,,
2026-05-12 23:00:00,hourly,CP-01,Compressor 01,Compressor,Surface,1.991,61.735,110.314,6.86,,1460.404,168.001,0.82,Running,0,14,90.95,14.3,337,168.096,,,,,,,,,
2026-05-13 00:00:00,hourly,CP-01,Compressor 01,Compressor,Surface,2.485,57.717,115.355,7.21,,1455.901,166.536,0.9,Running,0,7,88.18,14.81,325,174.664,,,,,,,,,
2026-05-13 01:00:00,hourly,CP-01,Compressor 01,Compressor,Surface,2.185,58.038,125.903,7.215,,1526.726,160.434,0.81,Running,1,4,87.76,17.88,334,160.44,,,,,,,,,
2026-05-13 02:00:00,hourly,CP-01,Compressor 01,Compressor,Surface,2.453,59.069,119.669,7.263,,1488.304,163.305,0.8,Running,1,1,88.25,20.39,334,148.857,,,,,,,,,
2026-05-13 03:00:00,hourly,CP-01,Compressor 01,Compressor,Surface,2.402,57.557,111.444,7.446,,1457.708,160.783,0.87,Running,0,6,88.3,14.88,337,169.357,,,,,,,,,
2026-05-13 04:00:00,hourly,CP-01,Compressor 01,Compressor,Surface,2.423,58.327,127.553,7.02,,1389.155,166.7,0.96,Running,0,6,91.53,10.2,334,165.272,,,,,,,,,
2026-05-13 05:00:00,hourly,CP-01,Compressor 01,Compressor,Surface,2.293,58.832,118.507,6.984,,1399.512,151.682,0.78,Running,1,5,88.85,15.73,334,163.972,,,,,,,,,
2026-05-13 06:00:00,hourly,CP-01,Compressor 01,Compressor,Surface,2.636,60.79,123.633,7.151,,1346.731,149.92,0.86,Running,1,8,87.55,17.94,335,153.505,,,,,,,,,
2026-05-13 07:00:00,hourly,CP-01,Compressor 01,Compressor,Surface,2.223,56.979,116.907,7.348,,1436.197,158.72,0.8,Running,1,15,88.77,17.09,337,161.433,,,,,,,,,
2026-05-13 08:00:00,hourly,CP-01,Compressor 01,Compressor,Surface,2.639,58.554,107.286,7.092,,1470.22,157.707,0.74,Running,0,9,89.62,15.64,328,172.921,,,,,,,,,
2026-05-13 09:00:00,hourly,CP-01,Compressor 01,Compressor,Surface,2.386,59.952,108.254,6.743,,1452.656,168.127,0.82,Running,0,8,86.59,19.26,326,152.238,,,,,,,,,
2026-05-13 10:00:00,hourly,CP-01,Compressor 01,Compressor,Surface,2.363,60.295,113.795,7.079,,1475.339,160.343,0.87,Running,0,1,88.5,14.7,326,145.296,,,,,,,,,
2026-05-13 11:00:00,hourly,CP-01,Compressor 01,Compressor,Surface,2.299,63.856,120.667,7.184,,1535.229,170.242,0.75,Running,1,12,88.12,20.63,332,167.085,,,,,,,,,
2026-05-13 12:00:00,hourly,CP-01,Compressor 01,Compressor,Surface,2.361,61.935,121.425,6.95,,1411.494,159.702,0.91,Running,1,12,86.23,22.34,328,156.59,,,,,,,,,
2026-05-13 13:00:00,hourly,CP-01,Compressor 01,Compressor,Surface,2.343,62.258,130.018,6.557,,1411.242,185.239,0.79,Running,1,11,87.38,18.65,326,173.643,,,,,,,,,
2026-05-13 14:00:00,hourly,CP-01,Compressor 01,Compressor,Surface,2.655,56.841,118.733,7.223,,1454.372,163.058,0.78,Running,1,2,87.27,20.37,332,161.799,,,,,,,,,
2026-05-13 15:00:00,hourly,CP-01,Compressor 01,Compressor,Surface,2.123,60.023,118.28,6.818,,1386.787,169.001,0.88,Running,0,7,87.24,17.84,330,153.981,,,,,,,,,
2026-05-13 16:00:00,hourly,CP-01,Compressor 01,Compressor,Surface,2.306,60.524,113.037,7.388,,1446.893,159.658,0.84,Running,0,6,91.01,10.22,333,167.073,,,,,,,,,
2026-05-13 17:00:00,hourly,CP-01,Compressor 01,Compressor,Surface,2.171,57.378,124.37,7.722,,1430.979,161.607,0.76,Running,1,1,88.04,18.61,328,165.093,,,,,,,,,
2026-05-13 18:00:00,hourly,CP-01,Compressor 01,Compressor,Surface,2.238,59.057,127.585,6.922,,1398.258,169.261,0.72,Running,0,6,88.55,13.57,329,165.111,,,,,,,,,
2026-05-13 19:00:00,hourly,CP-01,Compressor 01,Compressor,Surface,2.345,60.84,115.121,7.234,,1397.202,165.496,0.96,Running,1,13,89.03,19.57,324,153.606,,,,,,,,,
2026-05-13 20:00:00,hourly,CP-01,Compressor 01,Compressor,Surface,2.613,60.94,118.173,7.221,,1428.102,172.062,0.83,Running,0,4,87.87,14.82,317,178.774,,,,,,,,,
2026-05-13 21:00:00,hourly,CP-01,Compressor 01,Compressor,Surface,2.429,61.633,120.994,6.763,,1421.428,174.665,0.97,Running,1,14,87.25,20.77,323,158.94,,,,,,,,,
2026-05-13 22:00:00,hourly,CP-01,Compressor 01,Compressor,Surface,2.17,59.691,114.054,6.541,,1434.818,184.06,0.78,Running,0,7,90.33,17.38,322,181.297,,,,,,,,,
2026-05-13 23:00:00,hourly,CP-01,Compressor 01,Compressor,Surface,2.29,58.55,108.245,6.808,,1502.872,171.994,0.85,Running,0,5,90.33,10.93,319,146.623,,,,,,,,,
2026-05-14 00:00:00,hourly,CP-01,Compressor 01,Compressor,Surface,2.55,60.502,119.761,7.071,,1491.059,165.869,0.72,Running,1,8,89.37,12.08,325,175.029,,,,,,,,,
2026-05-14 01:00:00,hourly,CP-01,Compressor 01,Compressor,Surface,2.238,59.817,122.359,7.757,,1464.88,161.846,0.74,Running,0,4,87.73,18.3,327,171.02,,,,,,,,,
2026-05-14 02:00:00,hourly,CP-01,Compressor 01,Compressor,Surface,2.367,60.272,113.321,7.291,,1476.21,159.224,0.79,Running,1,1,88.46,19.36,321,162.218,,,,,,,,,
2026-05-14 03:00:00,hourly,CP-01,Compressor 01,Compressor,Surface,2.417,56.313,118.824,6.927,,1408.301,161.835,0.95,Running,1,7,86.58,20.32,324,147.217,,,,,,,,,
2026-05-14 04:00:00,hourly,CP-01,Compressor 01,Compressor,Surface,2.304,59.489,131.309,6.924,,1473.791,167.49,0.84,Running,0,7,88.03,15.23,320,166.137,,,,,,,,,
2026-05-14 05:00:00,hourly,CP-01,Compressor 01,Compressor,Surface,2.179,60.206,125.551,6.977,,1408.885,176.049,0.91,Running,1,11,85.98,22.86,321,145.141,,,,,,,,,
2026-05-14 06:00:00,hourly,CP-01,Compressor 01,Compressor,Surface,2.389,59.491,121.96,6.678,,1472.703,168.86,0.98,Running,1,10,89.12,19.85,319,160.472,,,,,,,,,
2026-05-14 07:00:00,hourly,CP-01,Compressor 01,Compressor,Surface,2.759,59.262,115.718,6.927,,1522.228,162.985,0.9,Running,0,2,90.47,11.59,322,174.155,,,,,,,,,
2026-05-14 08:00:00,hourly,CP-01,Compressor 01,Compressor,Surface,2.26,59.261,122.728,7.264,,1489.027,154.761,0.89,Running,1,11,86.02,20.49,323,163.311,,,,,,,,,
2026-05-14 09:00:00,hourly,CP-01,Compressor 01,Compressor,Surface,2.248,57.999,109.117,7.092,,1484.72,158.486,0.83,Running,0,5,90.62,14.54,327,163.291,,,,,,,,,
2026-05-14 10:00:00,hourly,CP-01,Compressor 01,Compressor,Surface,2.478,60.955,118.346,7.047,,1406.5,167.502,0.94,Running,1,12,88.8,15.27,318,180.652,,,,,,,,,
2026-05-14 11:00:00,hourly,CP-01,Compressor 01,Compressor,Surface,2.774,58.991,115.811,7.358,,1448.986,170.587,0.85,Running,0,11,86.54,17.2,319,166.945,,,,,,,,,
2026-05-14 12:00:00,hourly,CP-01,Compressor 01,Compressor,Surface,2.192,55.223,123.459,6.868,,1460.796,174.071,0.91,Running,1,8,88.18,14.57,324,184.346,,,,,,,,,
2026-05-14 13:00:00,hourly,CP-01,Compressor 01,Compressor,Surface,2.132,58.455,105.885,7.257,,1491.545,174.064,0.79,Running,0,4,90.22,10.28,317,161.855,,,,,,,,,
2026-05-14 14:00:00,hourly,CP-01,Compressor 01,Compressor,Surface,2.488,58.196,134.026,6.865,,1421.016,156.477,0.88,Running,0,5,89.73,16.25,320,176.693,,,,,,,,,
2026-05-14 15:00:00,hourly,CP-01,Compressor 01,Compressor,Surface,2.493,58.945,116.318,7.358,,1446.178,159.314,0.85,Running,0,5,89.67,13.58,316,163.832,,,,,,,,,
2026-05-14 16:00:00,hourly,CP-01,Compressor 01,Compressor,Surface,2.17,58.399,128.658,7.166,,1515.054,173.251,0.79,Running,1,10,87.13,21.49,319,169.293,,,,,,,,,
2026-05-14 17:00:00,hourly,CP-01,Compressor 01,Compressor,Surface,2.292,59.315,123.339,7.191,,1452.564,174.944,0.71,Running,1,13,86.21,20.54,320,156.411,,,,,,,,,
2026-05-14 18:00:00,hourly,CP-01,Compressor 01,Compressor,Surface,2.137,59.839,120.928,7.117,,1360.292,165.494,0.85,Running,0,1,87.7,17.2,322,168.246,,,,,,,,,
2026-05-14 19:00:00,hourly,CP-01,Compressor 01,Compressor,Surface,2.28,58.159,120.42,7.287,,1405.234,179.987,0.86,Running,1,5,87.88,20.02,313,168.97,,,,,,,,,
2026-05-14 20:00:00,hourly,CP-01,Compressor 01,Compressor,Surface,2.294,59.595,119.454,6.937,,1423.792,175.901,0.74,Running,0,13,87.33,17.73,318,166.878,,,,,,,,,
2026-05-14 21:00:00,hourly,CP-01,Compressor 01,Compressor,Surface,2.518,60.638,116.098,7.404,,1409.957,171.664,0.83,Running,0,5,86.69,17.65,315,146.427,,,,,,,,,
2026-05-14 22:00:00,hourly,CP-01,Compressor 01,Compressor,Surface,2.567,58.904,121.54,7.087,,1460.918,168.711,0.84,Running,1,4,86.04,21.15,309,176.811,,,,,,,,,
2026-05-14 23:00:00,hourly,CP-01,Compressor 01,Compressor,Surface,2.329,60.633,117.801,7.275,,1496.539,150.241,0.91,Running,1,10,88.78,14.73,312,168.904,,,,,,,,,
2026-05-15 00:00:00,hourly,CP-01,Compressor 01,Compressor,Surface,2.617,61.764,122.302,7.316,,1503.853,157.199,0.84,Running,1,10,86.5,19.36,311,170.369,,,,,,,,,
2026-05-15 01:00:00,hourly,CP-01,Compressor 01,Compressor,Surface,2.52,57.913,121.491,6.96,,1506.658,164.754,0.88,Running,1,7,88.9,16.36,316,182.159,,,,,,,,,
2026-05-15 02:00:00,hourly,CP-01,Compressor 01,Compressor,Surface,2.11,60.02,116.625,7.275,,1427.218,180.143,0.81,Running,1,10,87.12,18.25,310,164.705,,,,,,,,,
2026-05-15 03:00:00,hourly,CP-01,Compressor 01,Compressor,Surface,2.551,62.98,116.009,6.966,,1441.921,177.536,0.8,Running,0,6,87.44,18.45,314,173.007,,,,,,,,,
2026-05-15 04:00:00,hourly,CP-01,Compressor 01,Compressor,Surface,2.493,59.93,120.64,6.755,,1447.153,159.276,0.81,Running,1,9,85.69,20.89,313,174.017,,,,,,,,,
2026-05-15 05:00:00,hourly,CP-01,Compressor 01,Compressor,Surface,2.694,58.119,121.569,7.201,,1568.159,174.36,0.78,Running,1,7,88.21,16.96,315,162.508,,,,,,,,,
2026-05-15 06:00:00,hourly,CP-01,Compressor 01,Compressor,Surface,2.396,60.356,116.081,7.694,,1467.098,157.576,0.8,Running,0,5,87.11,17.07,310,165.617,,,,,,,,,
2026-05-15 07:00:00,hourly,CP-01,Compressor 01,Compressor,Surface,2.667,59.241,113.001,6.989,,1445.698,142.043,0.86,Running,1,6,85.82,17.86,306,156.868,,,,,,,,,
2026-05-15 08:00:00,hourly,CP-01,Compressor 01,Compressor,Surface,2.036,57.376,120.579,7.281,,1414.982,182.978,0.86,Running,1,3,87.16,16.56,315,138.617,,,,,,,,,
2026-05-15 09:00:00,hourly,CP-01,Compressor 01,Compressor,Surface,2.269,59.243,121.182,7.358,,1499.488,145.562,0.86,Running,0,5,86.13,18.13,309,157.306,,,,,,,,,
2026-05-15 10:00:00,hourly,CP-01,Compressor 01,Compressor,Surface,1.992,57.585,119.761,6.864,,1401.204,140.002,0.84,Running,1,7,84.98,22.41,315,150.391,,,,,,,,,
2026-05-15 11:00:00,hourly,CP-01,Compressor 01,Compressor,Surface,2.293,56.742,118.502,6.999,,1461.36,167.836,0.93,Running,1,0,88.7,19.34,310,149.059,,,,,,,,,
2026-05-15 12:00:00,hourly,CP-01,Compressor 01,Compressor,Surface,2.379,61.011,123.837,7.466,,1447.998,162.764,0.93,Running,1,11,85.64,20.15,310,157.801,,,,,,,,,
2026-05-15 13:00:00,hourly,CP-01,Compressor 01,Compressor,Surface,2.344,55.56,113.24,7.318,,1437.541,168.767,0.83,Running,0,9,88.19,19.05,312,191.588,,,,,,,,,
2026-05-15 14:00:00,hourly,CP-01,Compressor 01,Compressor,Surface,2.517,61.915,114.053,7.172,,1527.449,182.327,0.94,Running,0,9,91.11,11.1,311,152.766,,,,,,,,,
2026-05-15 15:00:00,hourly,CP-01,Compressor 01,Compressor,Surface,2.795,60.509,115.646,6.76,,1472.903,174.355,0.93,Running,1,1,85.94,19.45,308,171.204,,,,,,,,,
2026-05-15 16:00:00,hourly,CP-01,Compressor 01,Compressor,Surface,2.285,62.085,118.388,7.01,,1492.091,170.599,0.83,Running,0,2,88.17,16.27,306,144.904,,,,,,,,,
2026-05-15 17:00:00,hourly,CP-01,Compressor 01,Compressor,Surface,2.579,62.377,115.281,7.285,,1403.682,157.77,0.77,Running,0,13,86.77,19.77,307,168.833,,,,,,,,,
2026-05-15 18:00:00,hourly,CP-01,Compressor 01,Compressor,Surface,2.478,61.459,115.412,6.369,,1492.22,161.127,0.79,Running,1,2,87.8,15.9,300,173.014,,,,,,,,,
2026-05-15 19:00:00,hourly,CP-01,Compressor 01,Compressor,Surface,2.417,58.822,124.538,7.358,,1506.366,170.85,0.83,Running,1,9,84.56,23.16,311,153.322,,,,,,,,,
2026-05-15 20:00:00,hourly,CP-01,Compressor 01,Compressor,Surface,2.504,58.498,118.608,7.438,,1461.258,161.746,0.8,Running,1,6,88.03,17.51,303,158.43,,,,,,,,,
2026-05-15 21:00:00,hourly,CP-01,Compressor 01,Compressor,Surface,2.289,59.747,123.92,7.606,,1432.343,172.847,0.74,Running,1,14,87.53,17.83,304,155.315,,,,,,,,,
2026-05-15 22:00:00,hourly,CP-01,Compressor 01,Compressor,Surface,2.541,61.245,119.139,7.474,,1417.609,167.656,0.74,Running,0,4,91.21,11.22,304,171.062,,,,,,,,,
2026-05-15 23:00:00,hourly,CP-01,Compressor 01,Compressor,Surface,2.091,62.776,114.841,7.256,,1450.843,163.879,0.79,Running,0,7,84.07,19.03,307,168.747,,,,,,,,,
2026-05-16 00:00:00,hourly,CP-01,Compressor 01,Compressor,Surface,2.379,57.852,125.762,7.351,,1442.069,175.752,0.77,Running,0,8,86.55,17.97,304,174.362,,,,,,,,,
2026-05-16 01:00:00,hourly,CP-01,Compressor 01,Compressor,Surface,2.296,60.941,116.7,7.067,,1425.901,163.459,0.67,Running,1,3,88.05,18.28,307,163.851,,,,,,,,,
2026-05-16 02:00:00,hourly,CP-01,Compressor 01,Compressor,Surface,2.799,59.631,121.158,7.018,,1468.914,153.351,0.89,Running,0,3,88.71,12.31,306,148.716,,,,,,,,,
2026-05-16 03:00:00,hourly,CP-01,Compressor 01,Compressor,Surface,2.158,59.637,123.54,7.266,,1457.955,176.83,0.9,Running,0,2,87.09,14.96,300,153.353,,,,,,,,,
2026-05-16 04:00:00,hourly,CP-01,Compressor 01,Compressor,Surface,2.44,60.673,117.999,6.951,,1434.589,165.722,0.87,Running,0,8,89.3,14.44,300,150.619,,,,,,,,,
2026-05-16 05:00:00,hourly,CP-01,Compressor 01,Compressor,Surface,2.579,55.192,117.619,7.05,,1435.257,163.64,0.65,Running,1,9,87.37,16.03,302,156.101,,,,,,,,,
2026-05-16 06:00:00,hourly,CP-01,Compressor 01,Compressor,Surface,2.251,59.62,114.439,7.705,,1381.366,164.544,0.8,Running,1,5,87.47,23.99,305,159.125,,,,,,,,,
2026-05-16 07:00:00,hourly,CP-01,Compressor 01,Compressor,Surface,2.359,57.471,119.77,6.972,,1442.972,160.532,0.86,Running,1,7,84.47,22.25,304,160.407,,,,,,,,,
2026-05-16 08:00:00,hourly,CP-01,Compressor 01,Compressor,Surface,2.261,60.824,114.547,7.217,,1399.806,189.218,0.92,Running,1,7,88.16,15.79,304,163.915,,,,,,,,,
2026-05-16 09:00:00,hourly,CP-01,Compressor 01,Compressor,Surface,2.275,60.109,117.485,6.752,,1433.96,153.998,0.99,Running,1,1,89.64,16.79,300,144.975,,,,,,,,,
2026-05-16 10:00:00,hourly,CP-01,Compressor 01,Compressor,Surface,2.657,62.458,116.993,6.952,,1461.386,168.916,0.82,Running,1,11,85.62,20.02,305,174.508,,,,,,,,,
2026-05-16 11:00:00,hourly,CP-01,Compressor 01,Compressor,Surface,2.013,62.122,115.736,6.955,,1375.229,167.535,0.83,Running,0,2,86.48,18.77,302,168.645,,,,,,,,,
2026-05-16 12:00:00,hourly,CP-01,Compressor 01,Compressor,Surface,2.403,58.558,120.733,7.127,,1437.665,172.914,0.86,Running,1,0,84.91,24.79,298,161.374,,,,,,,,,
2026-05-16 13:00:00,hourly,CP-01,Compressor 01,Compressor,Surface,1.978,60.054,125.995,6.939,,1462.954,162.481,0.77,Running,1,5,87.91,12.78,299,159.496,,,,,,,,,
2026-05-16 14:00:00,hourly,CP-01,Compressor 01,Compressor,Surface,2.525,62.328,123.818,7.087,,1387.428,176.839,0.76,Running,1,9,86.89,16.43,302,159.808,,,,,,,,,
2026-05-16 15:00:00,hourly,CP-01,Compressor 01,Compressor,Surface,2.285,60.405,107.494,7.031,,1424.167,162.687,0.89,Running,1,11,88.44,17.26,305,161.508,,,,,,,,,
2026-05-16 16:00:00,hourly,CP-01,Compressor 01,Compressor,Surface,2.044,60.822,119.399,7.109,,1395.136,161.251,0.87,Running,0,8,87.0,16.3,291,170.448,,,,,,,,,
2026-05-16 17:00:00,hourly,CP-01,Compressor 01,Compressor,Surface,2.328,62.404,132.47,6.742,,1483.326,166.457,0.8,Running,1,4,86.96,16.33,299,163.818,,,,,,,,,
2026-05-16 18:00:00,hourly,CP-01,Compressor 01,Compressor,Surface,2.137,62.137,119.716,6.767,,1423.082,168.827,0.69,Running,0,17,87.0,19.86,291,168.657,,,,,,,,,
2026-05-16 19:00:00,hourly,CP-01,Compressor 01,Compressor,Surface,2.534,59.975,117.184,7.352,,1421.121,175.545,0.65,Running,1,7,87.36,16.36,294,166.452,,,,,,,,,
2026-05-16 20:00:00,hourly,CP-01,Compressor 01,Compressor,Surface,2.542,61.477,126.844,7.014,,1482.393,154.051,0.81,Running,1,3,87.11,18.79,299,158.965,,,,,,,,,
2026-05-16 21:00:00,hourly,CP-01,Compressor 01,Compressor,Surface,2.15,61.196,119.025,7.207,,1437.908,173.987,0.82,Running,0,11,87.74,16.66,297,147.862,,,,,,,,,
2026-05-16 22:00:00,hourly,CP-01,Compressor 01,Compressor,Surface,2.454,62.546,126.207,7.255,,1520.446,174.586,0.8,Running,0,7,89.34,15.64,293,180.697,,,,,,,,,
2026-05-16 23:00:00,hourly,CP-01,Compressor 01,Compressor,Surface,2.239,59.854,118.181,7.176,,1469.284,172.32,0.89,Running,1,14,88.6,15.78,294,172.375,,,,,,,,,
2026-05-17 00:00:00,hourly,CP-01,Compressor 01,Compressor,Surface,2.304,61.838,121.686,6.822,,1466.158,165.137,0.84,Running,0,13,89.84,15.92,299,179.733,,,,,,,,,
2026-05-17 01:00:00,hourly,CP-01,Compressor 01,Compressor,Surface,2.715,59.012,115.381,6.645,,1467.459,161.347,0.66,Running,1,7,85.14,22.71,295,160.112,,,,,,,,,
2026-05-17 02:00:00,hourly,CP-01,Compressor 01,Compressor,Surface,2.289,60.506,125.185,7.054,,1499.82,170.211,0.98,Running,0,2,85.79,18.51,294,169.332,,,,,,,,,
2026-05-17 03:00:00,hourly,CP-01,Compressor 01,Compressor,Surface,2.62,61.243,118.907,7.167,,1323.491,167.824,0.62,Running,0,3,88.76,12.51,298,158.905,,,,,,,,,
2026-05-17 04:00:00,hourly,CP-01,Compressor 01,Compressor,Surface,2.675,60.903,119.99,7.507,,1475.321,152.394,0.78,Running,1,0,85.36,20.23,297,172.89,,,,,,,,,
2026-05-17 05:00:00,hourly,CP-01,Compressor 01,Compressor,Surface,2.3,60.266,124.823,7.65,,1414.897,173.935,0.74,Running,0,6,89.56,13.46,292,182.943,,,,,,,,,
2026-05-17 06:00:00,hourly,CP-01,Compressor 01,Compressor,Surface,2.409,59.693,121.982,7.245,,1400.181,159.646,0.86,Running,0,12,86.14,17.99,295,182.376,,,,,,,,,
2026-05-17 07:00:00,hourly,CP-01,Compressor 01,Compressor,Surface,2.273,60.959,118.202,7.137,,1441.901,159.963,0.72,Running,0,6,86.71,15.15,291,166.094,,,,,,,,,
2026-05-17 08:00:00,hourly,CP-01,Compressor 01,Compressor,Surface,2.362,60.625,110.897,7.137,,1444.078,175.394,0.87,Running,1,10,86.33,18.32,292,173.805,,,,,,,,,
2026-05-17 09:00:00,hourly,CP-01,Compressor 01,Compressor,Surface,2.478,59.934,118.573,7.145,,1377.424,167.292,0.8,Running,0,11,86.93,18.38,285,171.395,,,,,,,,,
2026-05-17 10:00:00,hourly,CP-01,Compressor 01,Compressor,Surface,2.344,60.897,117.094,6.986,,1399.927,164.31,0.88,Running,0,10,89.55,13.44,289,167.237,,,,,,,,,
2026-05-17 11:00:00,hourly,CP-01,Compressor 01,Compressor,Surface,2.431,57.202,119.346,7.496,,1390.92,162.453,0.63,Running,1,7,89.0,15.3,291,170.446,,,,,,,,,
2026-05-17 12:00:00,hourly,CP-01,Compressor 01,Compressor,Surface,2.235,60.468,117.988,7.054,,1413.796,163.62,0.8,Running,0,5,90.01,15.29,286,157.23,,,,,,,,,
2026-05-17 13:00:00,hourly,CP-01,Compressor 01,Compressor,Surface,2.199,56.845,126.771,7.243,,1467.606,165.519,0.88,Running,1,4,90.51,16.12,289,148.815,,,,,,,,,
2026-05-17 14:00:00,hourly,CP-01,Compressor 01,Compressor,Surface,2.294,58.242,122.47,7.24,,1432.197,180.617,0.73,Running,1,18,86.12,22.51,283,170.481,,,,,,,,,
2026-05-17 15:00:00,hourly,CP-01,Compressor 01,Compressor,Surface,2.387,60.305,117.174,6.574,,1458.896,148.426,0.84,Running,0,5,85.22,19.4,292,153.673,,,,,,,,,
2026-05-17 16:00:00,hourly,CP-01,Compressor 01,Compressor,Surface,2.594,59.655,123.429,6.902,,1415.717,188.407,0.84,Running,1,14,87.09,16.58,294,156.413,,,,,,,,,
2026-05-17 17:00:00,hourly,CP-01,Compressor 01,Compressor,Surface,2.328,56.865,127.906,7.246,,1501.946,186.855,0.84,Running,1,5,87.33,14.97,284,160.889,,,,,,,,,
2026-05-17 18:00:00,hourly,CP-01,Compressor 01,Compressor,Surface,2.436,56.529,115.457,7.47,,1429.119,162.514,0.79,Running,1,4,84.44,23.41,282,182.287,,,,,,,,,
2026-05-17 19:00:00,hourly,CP-01,Compressor 01,Compressor,Surface,2.192,59.149,117.909,7.209,,1483.181,167.46,0.88,Running,1,9,88.06,17.09,290,165.002,,,,,,,,,
2026-05-17 20:00:00,hourly,CP-01,Compressor 01,Compressor,Surface,2.517,56.634,115.22,7.331,,1449.879,167.44,0.85,Running,1,11,85.11,23.69,288,156.044,,,,,,,,,
2026-05-17 21:00:00,hourly,CP-01,Compressor 01,Compressor,Surface,2.292,57.382,121.488,6.887,,1416.256,175.398,0.84,Running,1,0,86.11,19.81,289,152.185,,,,,,,,,
2026-05-17 22:00:00,hourly,CP-01,Compressor 01,Compressor,Surface,2.322,58.7,131.803,7.172,,1534.041,167.027,0.77,Running,1,9,87.94,15.77,289,163.798,,,,,,,,,
2026-05-17 23:00:00,hourly,CP-01,Compressor 01,Compressor,Surface,2.374,61.179,126.397,6.871,,1496.774,169.237,0.74,Running,0,0,87.5,17.41,287,163.382,,,,,,,,,
2026-05-18 00:00:00,hourly,CP-01,Compressor 01,Compressor,Surface,2.265,57.699,117.398,7.359,,1438.765,176.441,0.86,Running,1,15,86.84,17.98,291,152.907,,,,,,,,,
2026-05-18 01:00:00,hourly,CP-01,Compressor 01,Compressor,Surface,2.163,56.012,123.151,7.176,,1484.161,148.365,0.76,Running,0,1,87.1,16.62,291,167.23,,,,,,,,,
2026-05-18 02:00:00,hourly,CP-01,Compressor 01,Compressor,Surface,2.445,61.955,126.712,7.6,,1446.681,164.383,0.94,Running,0,8,87.75,17.32,292,147.679,,,,,,,,,
2026-05-18 03:00:00,hourly,CP-01,Compressor 01,Compressor,Surface,2.527,61.119,109.556,7.161,,1436.402,167.878,0.98,Running,0,10,85.72,18.24,293,153.911,,,,,,,,,
2026-05-18 04:00:00,hourly,CP-01,Compressor 01,Compressor,Surface,2.123,60.281,113.335,6.772,,1419.219,162.889,0.76,Running,1,13,87.2,20.7,281,180.752,,,,,,,,,
2026-05-18 05:00:00,hourly,CP-01,Compressor 01,Compressor,Surface,2.408,59.607,124.917,7.249,,1446.837,150.505,0.75,Running,0,1,86.65,15.24,288,152.9,,,,,,,,,
2026-05-18 06:00:00,hourly,CP-01,Compressor 01,Compressor,Surface,2.406,63.223,110.494,7.052,,1459.792,166.2,0.86,Running,0,11,86.87,20.79,284,164.278,,,,,,,,,
2026-05-18 07:00:00,hourly,CP-01,Compressor 01,Compressor,Surface,2.299,60.216,119.766,7.405,,1455.839,160.905,0.84,Running,0,2,88.49,15.11,275,169.984,,,,,,,,,
2026-05-18 08:00:00,hourly,CP-01,Compressor 01,Compressor,Surface,2.298,59.816,123.694,6.985,,1470.489,161.964,0.82,Running,0,6,87.08,12.28,284,185.769,,,,,,,,,
2026-05-18 09:00:00,hourly,CP-01,Compressor 01,Compressor,Surface,2.557,59.371,121.273,7.48,,1446.317,165.733,0.87,Running,0,0,88.89,11.96,279,182.506,,,,,,,,,
2026-05-18 10:00:00,hourly,CP-01,Compressor 01,Compressor,Surface,2.755,60.415,118.783,6.82,,1395.131,150.609,0.88,Running,1,10,85.81,19.74,282,172.914,,,,,,,,,
2026-05-18 11:00:00,hourly,CP-01,Compressor 01,Compressor,Surface,2.598,58.434,127.605,7.521,,1463.224,163.215,0.76,Running,1,13,86.44,18.15,277,153.914,,,,,,,,,
2026-05-18 12:00:00,hourly,CP-01,Compressor 01,Compressor,Surface,2.462,61.572,124.364,6.825,,1417.878,159.703,0.75,Running,1,8,84.14,23.02,286,155.228,,,,,,,,,
2026-05-18 13:00:00,hourly,CP-01,Compressor 01,Compressor,Surface,2.577,61.896,132.595,6.971,,1380.203,154.271,0.67,Running,1,9,85.02,20.12,277,160.497,,,,,,,,,
2026-05-18 14:00:00,hourly,CP-01,Compressor 01,Compressor,Surface,2.45,61.848,112.646,7.338,,1436.846,170.348,0.68,Running,0,12,85.95,20.83,277,192.562,,,,,,,,,
2026-05-18 15:00:00,hourly,CP-01,Compressor 01,Compressor,Surface,2.241,59.606,116.208,7.704,,1424.824,154.277,0.74,Running,0,9,87.29,17.81,284,171.224,,,,,,,,,
2026-05-18 16:00:00,hourly,CP-01,Compressor 01,Compressor,Surface,2.43,60.327,118.979,7.19,,1411.998,170.777,0.79,Running,1,0,85.72,21.29,280,165.144,,,,,,,,,
2026-05-18 17:00:00,hourly,CP-01,Compressor 01,Compressor,Surface,2.123,57.436,127.185,6.818,,1393.389,173.745,0.88,Running,1,2,84.76,23.06,286,167.826,,,,,,,,,
2026-05-18 18:00:00,hourly,CP-01,Compressor 01,Compressor,Surface,2.231,57.56,123.835,6.585,,1456.746,164.826,0.87,Running,1,6,87.05,19.15,282,180.749,,,,,,,,,
2026-05-18 19:00:00,hourly,CP-01,Compressor 01,Compressor,Surface,2.534,61.003,116.951,7.407,,1419.08,175.697,0.86,Running,0,9,83.82,22.06,282,159.067,,,,,,,,,
2026-05-18 20:00:00,hourly,CP-01,Compressor 01,Compressor,Surface,2.331,61.25,113.517,7.582,,1407.89,186.696,0.8,Running,1,7,83.86,25.44,273,166.573,,,,,,,,,
2026-05-18 21:00:00,hourly,CP-01,Compressor 01,Compressor,Surface,2.216,56.733,112.86,7.443,,1461.112,170.988,1.0,Running,0,9,85.15,20.66,279,163.243,,,,,,,,,
2026-05-18 22:00:00,hourly,CP-01,Compressor 01,Compressor,Surface,2.256,57.515,129.858,7.212,,1436.952,163.076,0.72,Running,0,11,87.08,16.64,284,157.797,,,,,,,,,
2026-05-18 23:00:00,hourly,CP-01,Compressor 01,Compressor,Surface,2.145,58.118,119.258,6.979,,1459.494,176.474,0.8,Running,0,6,85.04,20.1,272,163.009,,,,,,,,,
2026-05-19 00:00:00,hourly,CP-01,Compressor 01,Compressor,Surface,2.423,60.291,120.6,7.298,,1438.727,148.395,0.85,Running,1,2,86.57,19.57,276,169.619,,,,,,,,,
2026-05-19 01:00:00,hourly,CP-01,Compressor 01,Compressor,Surface,2.288,58.972,113.443,7.258,,1459.105,186.917,0.73,Running,0,10,87.61,19.35,275,168.983,,,,,,,,,
2026-05-19 02:00:00,hourly,CP-01,Compressor 01,Compressor,Surface,2.321,57.728,119.6,7.665,,1386.407,166.739,0.8,Running,1,14,87.15,19.33,276,181.118,,,,,,,,,
2026-05-19 03:00:00,hourly,CP-01,Compressor 01,Compressor,Surface,2.44,59.175,114.278,7.3,,1502.798,168.397,0.7,Running,0,8,89.15,16.53,278,158.9,,,,,,,,,
2026-05-19 04:00:00,hourly,CP-01,Compressor 01,Compressor,Surface,2.426,59.15,120.211,7.393,,1375.722,151.792,0.79,Running,1,5,86.63,17.98,275,168.351,,,,,,,,,
2026-05-19 05:00:00,hourly,CP-01,Compressor 01,Compressor,Surface,2.152,61.257,117.43,7.141,,1478.838,174.076,0.94,Running,1,6,88.63,18.09,282,152.629,,,,,,,,,
2026-05-19 06:00:00,hourly,CP-01,Compressor 01,Compressor,Surface,2.158,59.262,115.143,6.925,,1440.016,166.949,0.83,Running,1,5,87.34,17.74,264,164.938,,,,,,,,,
2026-05-19 07:00:00,hourly,CP-01,Compressor 01,Compressor,Surface,2.353,62.201,126.62,7.162,,1531.935,164.64,0.97,Running,0,9,85.7,18.93,262,148.837,,,,,,,,,
2026-05-19 08:00:00,hourly,CP-01,Compressor 01,Compressor,Surface,2.483,56.243,127.114,6.567,,1446.968,160.241,0.93,Running,1,0,84.78,17.49,272,170.997,,,,,,,,,
2026-05-19 09:00:00,hourly,CP-01,Compressor 01,Compressor,Surface,2.245,60.498,122.418,7.167,,1472.073,157.876,0.7,Running,1,8,86.56,20.02,278,185.729,,,,,,,,,
2026-05-19 10:00:00,hourly,CP-01,Compressor 01,Compressor,Surface,2.271,63.292,108.675,7.25,,1362.228,159.213,0.73,Running,1,7,84.21,20.93,271,177.128,,,,,,,,,
2026-05-19 11:00:00,hourly,CP-01,Compressor 01,Compressor,Surface,2.391,59.495,113.111,7.032,,1494.869,151.239,0.93,Running,1,11,85.93,17.52,270,161.493,,,,,,,,,
2026-05-19 12:00:00,hourly,CP-01,Compressor 01,Compressor,Surface,2.388,59.253,113.367,7.261,,1463.874,167.673,0.81,Running,0,1,86.03,17.0,264,176.501,,,,,,,,,
2026-05-19 13:00:00,hourly,CP-01,Compressor 01,Compressor,Surface,2.357,58.602,130.741,7.441,,1373.814,180.13,0.7,Running,1,2,88.14,18.39,270,149.449,,,,,,,,,
2026-05-19 14:00:00,hourly,CP-01,Compressor 01,Compressor,Surface,2.436,57.256,125.821,7.205,,1418.461,169.412,0.9,Running,1,10,85.1,21.2,268,170.607,,,,,,,,,
2026-05-19 15:00:00,hourly,CP-01,Compressor 01,Compressor,Surface,2.204,61.533,127.62,7.149,,1432.875,158.473,0.94,Running,0,14,86.93,19.32,269,193.745,,,,,,,,,
2026-05-19 16:00:00,hourly,CP-01,Compressor 01,Compressor,Surface,2.639,58.393,114.98,7.075,,1488.989,168.806,0.94,Running,1,8,84.66,21.04,269,170.51,,,,,,,,,
2026-05-19 17:00:00,hourly,CP-01,Compressor 01,Compressor,Surface,2.313,61.278,110.272,7.109,,1434.418,141.986,0.86,Running,0,6,87.59,17.46,272,162.853,,,,,,,,,
2026-05-19 18:00:00,hourly,CP-01,Compressor 01,Compressor,Surface,2.67,60.405,125.579,7.668,,1393.788,181.206,0.92,Running,0,3,88.61,15.86,267,162.102,,,,,,,,,
2026-05-19 19:00:00,hourly,CP-01,Compressor 01,Compressor,Surface,1.976,60.86,105.879,6.975,,1427.128,160.829,0.86,Running,1,8,84.85,18.89,265,168.817,,,,,,,,,
2026-05-19 20:00:00,hourly,CP-01,Compressor 01,Compressor,Surface,2.063,58.138,119.973,7.015,,1467.281,170.487,0.74,Running,0,3,86.39,20.68,268,165.26,,,,,,,,,
2026-05-19 21:00:00,hourly,CP-01,Compressor 01,Compressor,Surface,2.353,60.328,123.116,7.411,,1441.018,165.364,0.91,Running,0,1,90.29,11.87,268,160.492,,,,,,,,,
2026-05-19 22:00:00,hourly,CP-01,Compressor 01,Compressor,Surface,2.548,59.756,112.775,6.982,,1471.793,171.103,0.8,Running,1,11,84.95,19.98,262,164.038,,,,,,,,,
2026-05-19 23:00:00,hourly,CP-01,Compressor 01,Compressor,Surface,2.41,60.074,128.558,7.395,,1347.883,186.851,0.97,Running,1,4,83.8,23.42,268,147.403,,,,,,,,,
2026-05-20 00:00:00,hourly,CP-01,Compressor 01,Compressor,Surface,2.349,55.479,117.795,6.941,,1518.497,146.623,0.79,Running,1,12,86.47,21.01,261,173.794,,,,,,,,,
2026-05-20 01:00:00,hourly,CP-01,Compressor 01,Compressor,Surface,2.42,60.647,121.467,7.173,,1444.303,168.204,0.8,Running,1,8,84.39,20.61,269,177.541,,,,,,,,,
2026-05-20 02:00:00,hourly,CP-01,Compressor 01,Compressor,Surface,2.365,63.552,122.71,7.408,,1458.283,168.45,0.73,Running,0,13,86.68,20.17,263,173.343,,,,,,,,,
2026-05-20 03:00:00,hourly,CP-01,Compressor 01,Compressor,Surface,2.722,57.589,120.655,6.869,,1480.102,162.48,0.88,Running,0,2,87.47,18.2,261,161.844,,,,,,,,,
2026-05-20 04:00:00,hourly,CP-01,Compressor 01,Compressor,Surface,2.277,61.369,116.148,7.359,,1496.128,159.215,0.97,Running,1,13,84.42,21.37,276,169.669,,,,,,,,,
2026-05-20 05:00:00,hourly,CP-01,Compressor 01,Compressor,Surface,2.599,59.362,114.657,7.402,,1491.635,174.487,0.88,Running,1,9,83.69,22.66,265,170.212,,,,,,,,,
2026-05-20 06:00:00,hourly,CP-01,Compressor 01,Compressor,Surface,2.236,58.002,121.815,7.11,,1413.962,165.575,0.83,Running,1,1,87.67,17.06,268,162.409,,,,,,,,,
2026-05-20 07:00:00,hourly,CP-01,Compressor 01,Compressor,Surface,2.317,58.572,123.298,7.497,,1378.789,165.889,0.78,Running,0,4,88.8,16.14,263,178.371,,,,,,,,,
2026-05-20 08:00:00,hourly,CP-01,Compressor 01,Compressor,Surface,2.195,62.249,125.405,7.134,,1465.851,163.185,0.77,Running,0,5,85.52,22.57,268,174.938,,,,,,,,,
2026-05-20 09:00:00,hourly,CP-01,Compressor 01,Compressor,Surface,2.524,60.263,118.652,7.152,,1493.657,164.468,0.92,Running,0,9,88.21,17.09,266,176.745,,,,,,,,,
2026-05-20 10:00:00,hourly,CP-01,Compressor 01,Compressor,Surface,2.589,59.559,120.024,7.356,,1466.023,171.396,0.77,Running,0,2,88.81,15.12,261,169.333,,,,,,,,,
2026-05-20 11:00:00,hourly,CP-01,Compressor 01,Compressor,Surface,2.339,57.1,114.254,7.486,,1362.556,171.018,0.65,Running,1,2,87.11,17.14,266,149.181,,,,,,,,,
2026-05-20 12:00:00,hourly,CP-01,Compressor 01,Compressor,Surface,2.469,60.712,125.69,6.471,,1528.18,158.913,1.0,Running,1,6,86.18,19.63,266,141.259,,,,,,,,,
2026-05-20 13:00:00,hourly,CP-01,Compressor 01,Compressor,Surface,2.394,61.615,114.479,6.657,,1425.251,163.18,0.84,Running,1,11,87.03,17.21,260,160.332,,,,,,,,,
2026-05-20 14:00:00,hourly,CP-01,Compressor 01,Compressor,Surface,2.478,60.295,123.101,6.856,,1480.557,175.076,0.79,Running,0,6,87.32,14.19,261,156.434,,,,,,,,,
2026-05-20 15:00:00,hourly,CP-01,Compressor 01,Compressor,Surface,2.584,57.842,125.65,7.334,,1370.013,181.053,0.77,Running,0,9,82.33,27.04,269,165.008,,,,,,,,,
2026-05-20 16:00:00,hourly,CP-01,Compressor 01,Compressor,Surface,2.166,60.681,125.553,7.234,,1502.238,181.065,0.86,Running,0,11,85.72,19.74,261,153.024,,,,,,,,,
2026-05-20 17:00:00,hourly,CP-01,Compressor 01,Compressor,Surface,2.182,62.95,111.405,6.708,,1486.268,180.369,0.73,Running,1,3,83.8,22.32,264,153.106,,,,,,,,,
2026-05-20 18:00:00,hourly,CP-01,Compressor 01,Compressor,Surface,2.273,59.519,110.315,7.664,,1429.067,167.71,0.77,Running,1,21,84.43,24.49,263,143.289,,,,,,,,,
2026-05-20 19:00:00,hourly,CP-01,Compressor 01,Compressor,Surface,2.293,61.553,114.07,7.322,,1497.857,175.24,0.85,Running,0,15,86.38,18.04,263,150.499,,,,,,,,,
2026-05-20 20:00:00,hourly,CP-01,Compressor 01,Compressor,Surface,2.41,59.416,113.239,7.115,,1453.667,169.227,0.75,Running,0,6,85.7,20.87,262,160.796,,,,,,,,,
2026-05-20 21:00:00,hourly,CP-01,Compressor 01,Compressor,Surface,2.374,59.492,132.263,7.306,,1479.848,159.281,0.73,Running,1,8,85.89,19.74,247,159.194,,,,,,,,,
2026-05-20 22:00:00,hourly,CP-01,Compressor 01,Compressor,Surface,2.337,60.147,121.817,7.102,,1441.776,164.829,0.78,Running,1,8,85.62,20.82,255,177.146,,,,,,,,,
2026-05-20 23:00:00,hourly,CP-01,Compressor 01,Compressor,Surface,2.359,59.187,112.008,7.453,,1418.032,164.083,0.8,Running,1,5,85.52,19.08,256,162.148,,,,,,,,,
2026-05-21 00:00:00,hourly,CP-01,Compressor 01,Compressor,Surface,2.413,59.026,113.633,7.518,,1518.957,174.264,0.8,Running,0,14,85.78,21.71,258,148.07,,,,,,,,,
2026-05-21 01:00:00,hourly,CP-01,Compressor 01,Compressor,Surface,2.235,59.837,129.0,7.573,,1465.443,173.102,0.8,Running,1,1,88.29,19.95,253,162.579,,,,,,,,,
2026-05-21 02:00:00,hourly,CP-01,Compressor 01,Compressor,Surface,1.992,61.449,127.381,7.303,,1390.992,165.013,0.84,Running,1,5,86.81,16.59,256,170.944,,,,,,,,,
2026-05-21 03:00:00,hourly,CP-01,Compressor 01,Compressor,Surface,2.211,59.951,111.672,7.209,,1452.505,163.902,0.76,Running,1,12,84.26,23.55,251,139.703,,,,,,,,,
2026-05-21 04:00:00,hourly,CP-01,Compressor 01,Compressor,Surface,2.573,59.75,124.272,7.44,,1474.503,159.815,0.84,Running,1,17,85.04,21.18,247,179.104,,,,,,,,,
2026-05-21 05:00:00,hourly,CP-01,Compressor 01,Compressor,Surface,1.908,60.148,117.737,7.607,,1491.003,162.997,0.77,Running,0,14,86.83,19.17,266,170.391,,,,,,,,,
2026-05-21 06:00:00,hourly,CP-01,Compressor 01,Compressor,Surface,2.578,62.512,118.408,7.117,,1532.21,164.999,0.81,Running,1,5,85.29,21.52,253,181.136,,,,,,,,,
2026-05-21 07:00:00,hourly,CP-01,Compressor 01,Compressor,Surface,2.272,58.145,111.506,7.546,,1471.479,168.912,0.77,Running,1,3,86.53,16.35,259,170.981,,,,,,,,,
2026-05-21 08:00:00,hourly,CP-01,Compressor 01,Compressor,Surface,2.528,60.961,117.275,7.045,,1417.39,166.975,0.68,Running,0,5,85.66,18.49,257,161.034,,,,,,,,,
2026-05-21 09:00:00,hourly,CP-01,Compressor 01,Compressor,Surface,2.191,61.253,113.43,6.986,,1437.895,158.724,0.84,Running,1,14,86.02,19.08,252,165.073,,,,,,,,,
2026-05-21 10:00:00,hourly,CP-01,Compressor 01,Compressor,Surface,1.924,59.545,127.24,7.276,,1498.79,161.582,0.91,Running,1,10,87.71,19.65,259,160.442,,,,,,,,,
2026-05-21 11:00:00,hourly,CP-01,Compressor 01,Compressor,Surface,2.221,61.916,113.841,6.999,,1418.709,164.981,0.84,Running,0,21,86.3,18.57,249,174.883,,,,,,,,,
2026-05-21 12:00:00,hourly,CP-01,Compressor 01,Compressor,Surface,2.352,61.425,126.609,6.709,,1454.827,170.526,0.72,Running,0,9,88.74,16.7,252,157.186,,,,,,,,,
2026-05-21 13:00:00,hourly,CP-01,Compressor 01,Compressor,Surface,2.445,61.253,117.334,7.136,,1427.291,161.491,0.71,Running,0,18,84.57,21.71,254,169.498,,,,,,,,,
2026-05-21 14:00:00,hourly,CP-01,Compressor 01,Compressor,Surface,2.121,57.671,108.135,7.789,,1433.978,152.788,0.89,Running,0,8,84.15,22.32,251,178.404,,,,,,,,,
2026-05-21 15:00:00,hourly,CP-01,Compressor 01,Compressor,Surface,2.444,58.925,115.702,6.72,,1437.395,155.949,0.85,Running,0,4,86.24,19.56,250,168.3,,,,,,,,,
2026-05-21 16:00:00,hourly,CP-01,Compressor 01,Compressor,Surface,2.381,58.702,112.039,7.401,,1455.671,168.85,0.83,Running,1,19,85.25,19.02,243,166.663,,,,,,,,,
2026-05-21 17:00:00,hourly,CP-01,Compressor 01,Compressor,Surface,2.265,61.07,122.273,7.122,,1441.034,170.159,0.89,Running,1,1,85.79,19.58,253,170.432,,,,,,,,,
2026-05-21 18:00:00,hourly,CP-01,Compressor 01,Compressor,Surface,2.398,61.375,112.327,7.009,,1382.007,160.699,0.87,Running,0,9,86.14,18.58,253,158.292,,,,,,,,,
2026-05-21 19:00:00,hourly,CP-01,Compressor 01,Compressor,Surface,2.393,59.414,116.625,6.974,,1495.66,157.072,0.83,Running,0,10,83.49,23.0,247,141.951,,,,,,,,,
2026-05-21 20:00:00,hourly,CP-01,Compressor 01,Compressor,Surface,2.472,59.421,121.241,7.21,,1490.946,153.347,0.93,Running,0,6,82.06,23.77,253,154.954,,,,,,,,,
2026-05-21 21:00:00,hourly,CP-01,Compressor 01,Compressor,Surface,2.413,63.624,112.085,7.115,,1454.849,153.784,0.96,Running,1,11,86.68,22.28,249,157.258,,,,,,,,,
2026-05-21 22:00:00,hourly,CP-01,Compressor 01,Compressor,Surface,2.396,60.192,127.62,7.337,,1496.66,162.513,0.92,Running,1,7,83.22,20.08,252,169.585,,,,,,,,,
2026-05-21 23:00:00,hourly,CP-01,Compressor 01,Compressor,Surface,2.734,60.632,120.498,7.739,,1476.212,151.838,0.88,Running,0,3,84.69,18.09,251,155.952,,,,,,,,,
2026-05-22 00:00:00,hourly,CP-01,Compressor 01,Compressor,Surface,2.028,59.457,119.802,7.244,,1478.379,167.449,0.83,Running,1,2,85.21,21.56,246,157.382,,,,,,,,,
2026-05-22 01:00:00,hourly,CP-01,Compressor 01,Compressor,Surface,2.143,62.123,110.239,7.034,,1459.548,170.604,0.82,Running,1,11,85.34,22.17,255,174.201,,,,,,,,,
2026-05-22 02:00:00,hourly,CP-01,Compressor 01,Compressor,Surface,2.574,60.563,116.159,7.284,,1476.847,153.721,0.88,Running,1,4,86.71,21.81,243,170.227,,,,,,,,,
2026-05-22 03:00:00,hourly,CP-01,Compressor 01,Compressor,Surface,2.114,60.172,117.618,7.026,,1405.426,156.691,0.78,Running,0,5,86.52,18.35,234,179.161,,,,,,,,,
2026-05-22 04:00:00,hourly,CP-01,Compressor 01,Compressor,Surface,2.54,60.246,111.89,7.072,,1433.499,165.169,0.82,Running,1,4,85.82,19.86,235,164.786,,,,,,,,,
2026-05-22 05:00:00,hourly,CP-01,Compressor 01,Compressor,Surface,2.436,59.166,124.433,7.017,,1388.203,158.71,0.77,Running,1,4,86.33,20.13,247,149.11,,,,,,,,,
2026-05-22 06:00:00,hourly,CP-01,Compressor 01,Compressor,Surface,2.144,58.265,119.433,7.426,,1399.106,167.731,0.81,Running,1,9,83.77,25.53,236,189.425,,,,,,,,,
2026-05-22 07:00:00,hourly,CP-01,Compressor 01,Compressor,Surface,2.557,59.884,114.033,7.406,,1496.538,174.867,0.75,Running,0,2,84.2,19.5,242,172.651,,,,,,,,,
2026-05-22 08:00:00,hourly,CP-01,Compressor 01,Compressor,Surface,2.593,62.516,117.149,7.144,,1463.308,164.167,0.8,Running,1,4,91.14,12.79,248,159.484,,,,,,,,,
2026-05-22 09:00:00,hourly,CP-01,Compressor 01,Compressor,Surface,2.385,59.386,119.424,6.823,,1426.68,150.69,0.79,Running,1,12,85.62,21.42,234,175.484,,,,,,,,,
2026-05-22 10:00:00,hourly,CP-01,Compressor 01,Compressor,Surface,2.362,61.672,131.154,6.966,,1407.882,167.526,0.91,Running,0,10,86.77,17.86,242,168.14,,,,,,,,,
2026-05-22 11:00:00,hourly,CP-01,Compressor 01,Compressor,Surface,2.613,59.215,121.587,7.178,,1391.238,162.967,0.91,Running,1,6,83.51,23.96,242,179.406,,,,,,,,,
2026-05-22 12:00:00,hourly,CP-01,Compressor 01,Compressor,Surface,2.074,56.693,114.328,7.482,,1397.97,170.811,0.87,Running,1,4,86.51,17.66,236,168.546,,,,,,,,,
2026-05-22 13:00:00,hourly,CP-01,Compressor 01,Compressor,Surface,2.505,58.996,115.193,6.432,,1421.526,186.952,0.7,Running,1,16,84.91,23.56,243,161.371,,,,,,,,,
2026-05-22 14:00:00,hourly,CP-01,Compressor 01,Compressor,Surface,2.121,57.127,116.748,7.25,,1332.787,157.397,0.87,Running,1,9,84.46,18.24,241,169.029,,,,,,,,,
2026-05-22 15:00:00,hourly,CP-01,Compressor 01,Compressor,Surface,2.485,61.161,122.64,7.358,,1482.49,159.438,0.89,Running,0,8,88.11,16.13,244,176.681,,,,,,,,,
2026-05-22 16:00:00,hourly,CP-01,Compressor 01,Compressor,Surface,2.358,56.774,121.544,7.365,,1458.862,168.619,0.79,Running,0,13,87.75,18.29,241,157.308,,,,,,,,,
2026-05-22 17:00:00,hourly,CP-01,Compressor 01,Compressor,Surface,2.375,60.033,122.018,7.369,,1463.068,173.82,0.88,Running,1,13,85.22,20.11,238,166.597,,,,,,,,,
2026-05-22 18:00:00,hourly,CP-01,Compressor 01,Compressor,Surface,2.678,58.619,118.587,7.455,,1471.755,184.4,0.9,Running,1,13,85.65,21.8,241,152.774,,,,,,,,,
2026-05-22 19:00:00,hourly,CP-01,Compressor 01,Compressor,Surface,2.1,58.839,109.837,7.134,,1444.999,162.248,0.69,Running,1,0,84.64,21.65,245,171.325,,,,,,,,,
2026-05-22 20:00:00,hourly,CP-01,Compressor 01,Compressor,Surface,2.511,61.374,122.425,7.378,,1454.946,158.208,0.9,Running,1,6,83.4,23.84,245,166.612,,,,,,,,,
2026-05-22 21:00:00,hourly,CP-01,Compressor 01,Compressor,Surface,2.369,59.701,114.528,6.729,,1444.559,158.912,0.8,Running,1,1,85.37,21.62,241,172.997,,,,,,,,,
2026-05-22 22:00:00,hourly,CP-01,Compressor 01,Compressor,Surface,2.4,59.853,122.416,7.079,,1504.411,162.105,0.71,Running,1,15,85.6,20.06,242,177.105,,,,,,,,,
2026-05-22 23:00:00,hourly,CP-01,Compressor 01,Compressor,Surface,2.537,59.747,111.782,7.277,,1410.051,163.828,0.83,Running,1,5,86.87,15.07,235,158.727,,,,,,,,,
2026-05-23 00:00:00,hourly,CP-01,Compressor 01,Compressor,Surface,2.528,59.237,119.103,7.068,,1479.465,167.583,0.79,Running,1,5,86.13,22.92,237,168.102,,,,,,,,,
2026-05-23 01:00:00,hourly,CP-01,Compressor 01,Compressor,Surface,2.495,58.556,123.628,6.938,,1403.08,166.341,0.89,Running,0,12,83.59,25.71,239,168.568,,,,,,,,,
2026-05-23 02:00:00,hourly,CP-01,Compressor 01,Compressor,Surface,2.226,57.079,131.125,7.031,,1399.58,154.552,0.87,Running,1,15,81.89,26.81,238,158.944,,,,,,,,,
2026-05-23 03:00:00,hourly,CP-01,Compressor 01,Compressor,Surface,2.494,60.566,116.007,7.358,,1387.162,152.277,0.86,Running,1,11,84.64,20.78,239,155.092,,,,,,,,,
2026-05-23 04:00:00,hourly,CP-01,Compressor 01,Compressor,Surface,2.52,60.428,127.962,7.165,,1369.013,165.091,0.76,Running,1,10,83.08,24.58,242,182.87,,,,,,,,,
2026-05-23 05:00:00,hourly,CP-01,Compressor 01,Compressor,Surface,2.474,61.865,125.459,7.183,,1456.301,159.205,0.79,Running,1,12,84.96,17.61,235,161.451,,,,,,,,,
2026-05-23 06:00:00,hourly,CP-01,Compressor 01,Compressor,Surface,2.497,60.607,117.126,7.289,,1404.866,160.709,0.8,Running,1,5,85.83,16.72,229,161.406,,,,,,,,,
2026-05-23 07:00:00,hourly,CP-01,Compressor 01,Compressor,Surface,2.401,59.159,119.369,7.26,,1459.139,174.001,0.87,Running,0,0,85.62,24.95,231,163.274,,,,,,,,,
2026-05-23 08:00:00,hourly,CP-01,Compressor 01,Compressor,Surface,2.175,59.654,116.039,7.56,,1511.544,171.982,0.93,Running,1,6,84.37,19.4,235,171.638,,,,,,,,,
2026-05-23 09:00:00,hourly,CP-01,Compressor 01,Compressor,Surface,2.311,60.902,114.963,7.488,,1427.764,162.791,0.86,Running,1,6,85.73,19.36,233,160.842,,,,,,,,,
2026-05-23 10:00:00,hourly,CP-01,Compressor 01,Compressor,Surface,2.3,61.803,110.621,7.3,,1460.786,175.232,0.75,Running,1,10,87.31,18.06,229,157.473,,,,,,,,,
2026-05-23 11:00:00,hourly,CP-01,Compressor 01,Compressor,Surface,2.39,59.251,113.41,7.125,,1487.411,175.838,0.79,Running,1,13,85.7,20.71,233,167.764,,,,,,,,,
2026-05-23 12:00:00,hourly,CP-01,Compressor 01,Compressor,Surface,2.313,61.818,104.149,7.534,,1457.726,178.39,0.85,Running,0,4,85.63,20.11,230,173.844,,,,,,,,,
2026-05-23 13:00:00,hourly,CP-01,Compressor 01,Compressor,Surface,2.71,59.811,120.213,7.617,,1451.134,180.108,0.91,Running,0,0,84.17,21.42,235,171.115,,,,,,,,,
2026-05-23 14:00:00,hourly,CP-01,Compressor 01,Compressor,Surface,2.467,58.815,128.505,6.812,,1378.839,164.245,0.81,Running,1,18,85.29,20.39,238,159.239,,,,,,,,,
2026-05-23 15:00:00,hourly,CP-01,Compressor 01,Compressor,Surface,2.375,58.857,120.949,7.177,,1450.941,176.077,0.87,Running,1,9,87.46,19.83,236,154.081,,,,,,,,,
2026-05-23 16:00:00,hourly,CP-01,Compressor 01,Compressor,Surface,2.437,59.46,119.803,7.151,,1470.572,163.347,0.7,Running,1,0,84.91,22.4,227,155.457,,,,,,,,,
2026-05-23 17:00:00,hourly,CP-01,Compressor 01,Compressor,Surface,2.462,59.926,115.866,6.958,,1518.55,177.024,0.78,Running,2,0,84.48,23.09,228,169.723,,,,,,,,,
2026-05-23 18:00:00,hourly,CP-01,Compressor 01,Compressor,Surface,2.777,61.904,130.963,7.075,,1431.474,163.97,0.88,Running,0,7,86.93,14.42,224,171.925,,,,,,,,,
2026-05-23 19:00:00,hourly,CP-01,Compressor 01,Compressor,Surface,2.468,63.161,125.815,7.105,,1495.011,166.275,0.63,Running,1,6,84.72,22.44,234,160.781,,,,,,,,,
2026-05-23 20:00:00,hourly,CP-01,Compressor 01,Compressor,Surface,2.314,59.591,111.966,7.466,,1421.284,157.078,0.91,Running,1,14,85.93,19.96,230,160.095,,,,,,,,,
2026-05-23 21:00:00,hourly,CP-01,Compressor 01,Compressor,Surface,2.203,57.607,132.153,6.852,,1483.41,156.99,0.85,Running,1,5,85.3,19.3,236,152.823,,,,,,,,,
2026-05-23 22:00:00,hourly,CP-01,Compressor 01,Compressor,Surface,2.428,58.953,128.814,7.261,,1412.791,169.78,0.83,Running,1,9,85.79,23.58,231,165.358,,,,,,,,,
2026-05-23 23:00:00,hourly,CP-01,Compressor 01,Compressor,Surface,2.757,59.449,113.356,7.007,,1451.074,174.842,0.66,Running,1,4,86.28,16.27,227,173.655,,,,,,,,,
2026-05-24 00:00:00,hourly,CP-01,Compressor 01,Compressor,Surface,2.36,60.437,124.383,7.508,,1419.911,156.808,0.9,Running,1,7,86.97,18.17,221,158.682,,,,,,,,,
2026-05-24 01:00:00,hourly,CP-01,Compressor 01,Compressor,Surface,2.22,56.913,118.578,7.227,,1446.372,178.053,0.98,Running,1,9,86.62,21.1,229,177.649,,,,,,,,,
2026-05-24 02:00:00,hourly,CP-01,Compressor 01,Compressor,Surface,2.567,61.764,107.888,7.436,,1446.247,177.045,0.8,Running,1,13,87.24,18.17,236,154.579,,,,,,,,,
2026-05-24 03:00:00,hourly,CP-01,Compressor 01,Compressor,Surface,2.41,58.441,114.229,7.225,,1449.746,169.705,0.78,Running,0,8,84.5,17.78,230,157.392,,,,,,,,,
2026-05-24 04:00:00,hourly,CP-01,Compressor 01,Compressor,Surface,2.095,60.494,124.286,6.796,,1414.256,174.677,0.8,Running,0,11,82.96,26.74,226,164.396,,,,,,,,,
2026-05-24 05:00:00,hourly,CP-01,Compressor 01,Compressor,Surface,2.426,59.766,123.534,7.069,,1444.122,161.402,0.88,Running,0,11,84.62,18.13,229,167.835,,,,,,,,,
2026-05-24 06:00:00,hourly,CP-01,Compressor 01,Compressor,Surface,2.594,58.841,136.293,7.632,,1459.728,153.359,0.9,Running,1,9,89.46,12.36,229,163.385,,,,,,,,,
2026-05-24 07:00:00,hourly,CP-01,Compressor 01,Compressor,Surface,2.011,62.259,120.827,7.346,,1432.924,161.43,0.87,Running,0,2,84.7,23.36,230,169.031,,,,,,,,,
2026-05-24 08:00:00,hourly,CP-01,Compressor 01,Compressor,Surface,2.518,59.217,108.881,7.704,,1411.228,176.842,0.8,Running,1,5,81.85,23.48,221,168.592,,,,,,,,,
2026-05-24 09:00:00,hourly,CP-01,Compressor 01,Compressor,Surface,2.164,58.36,113.846,7.586,,1415.987,177.512,0.91,Running,0,7,89.09,14.77,226,179.185,,,,,,,,,
2026-05-24 10:00:00,hourly,CP-01,Compressor 01,Compressor,Surface,2.353,60.891,117.04,7.049,,1485.604,155.497,0.73,Running,1,8,85.14,18.86,218,166.922,,,,,,,,,
2026-05-24 11:00:00,hourly,CP-01,Compressor 01,Compressor,Surface,2.304,61.484,117.93,6.873,,1446.288,155.365,0.91,Running,1,6,83.47,23.28,216,162.486,,,,,,,,,
2026-05-24 12:00:00,hourly,CP-01,Compressor 01,Compressor,Surface,2.59,59.654,117.714,7.481,,1501.821,158.131,0.93,Running,1,0,82.93,26.29,226,170.556,,,,,,,,,
2026-05-24 13:00:00,hourly,CP-01,Compressor 01,Compressor,Surface,2.57,60.304,121.61,7.463,,1436.246,148.708,0.79,Running,1,6,85.02,17.81,228,146.579,,,,,,,,,
2026-05-24 14:00:00,hourly,CP-01,Compressor 01,Compressor,Surface,2.147,61.63,128.648,7.211,,1439.964,160.66,0.96,Running,1,10,85.99,20.11,222,151.02,,,,,,,,,
2026-05-24 15:00:00,hourly,CP-01,Compressor 01,Compressor,Surface,2.032,59.64,122.035,6.838,,1467.389,170.493,0.9,Running,1,12,85.85,16.36,222,176.021,,,,,,,,,
2026-05-24 16:00:00,hourly,CP-01,Compressor 01,Compressor,Surface,2.118,59.581,108.095,7.067,,1468.056,139.111,0.82,Running,1,10,86.2,23.52,223,160.219,,,,,,,,,
2026-05-24 17:00:00,hourly,CP-01,Compressor 01,Compressor,Surface,2.467,61.339,121.848,7.244,,1499.406,165.481,0.79,Running,1,9,82.36,22.86,226,157.363,,,,,,,,,
2026-05-24 18:00:00,hourly,CP-01,Compressor 01,Compressor,Surface,1.98,59.751,108.825,7.396,,1359.367,178.917,0.88,Running,1,5,82.85,25.14,224,170.976,,,,,,,,,
2026-05-24 19:00:00,hourly,CP-01,Compressor 01,Compressor,Surface,2.275,58.692,115.692,6.953,,1464.914,174.369,0.77,Running,0,9,84.7,22.0,222,164.728,,,,,,,,,
2026-05-24 20:00:00,hourly,CP-01,Compressor 01,Compressor,Surface,2.559,60.002,130.092,7.46,,1403.277,169.751,0.94,Running,1,5,86.52,19.14,223,176.645,,,,,,,,,
2026-05-24 21:00:00,hourly,CP-01,Compressor 01,Compressor,Surface,2.499,58.375,107.387,7.402,,1440.896,167.146,0.78,Running,1,12,84.0,21.52,223,161.574,,,,,,,,,
2026-05-24 22:00:00,hourly,CP-01,Compressor 01,Compressor,Surface,2.086,59.899,131.342,7.406,,1401.394,176.378,1.0,Running,1,12,81.01,23.84,215,180.147,,,,,,,,,
2026-05-24 23:00:00,hourly,CP-01,Compressor 01,Compressor,Surface,2.428,61.661,122.729,7.336,,1454.361,170.718,0.84,Running,1,17,86.02,22.52,221,162.32,,,,,,,,,
2026-05-25 00:00:00,hourly,CP-01,Compressor 01,Compressor,Surface,2.22,57.946,121.544,6.66,,1403.1,163.715,0.71,Running,1,12,80.21,25.81,213,176.381,,,,,,,,,
2026-05-25 01:00:00,hourly,CP-01,Compressor 01,Compressor,Surface,2.276,59.944,111.443,7.281,,1369.695,174.606,0.92,Running,1,12,83.83,22.4,222,167.131,,,,,,,,,
2026-05-25 02:00:00,hourly,CP-01,Compressor 01,Compressor,Surface,2.29,61.036,120.026,7.107,,1399.42,153.907,0.79,Running,0,1,85.88,19.08,221,157.177,,,,,,,,,
2026-05-25 03:00:00,hourly,CP-01,Compressor 01,Compressor,Surface,2.311,59.923,116.541,7.348,,1491.299,173.329,0.67,Running,1,11,85.81,21.83,217,165.372,,,,,,,,,
2026-05-25 04:00:00,hourly,CP-01,Compressor 01,Compressor,Surface,2.378,62.395,114.317,6.805,,1472.445,171.124,0.97,Running,1,17,81.94,29.83,216,167.375,,,,,,,,,
2026-05-25 05:00:00,hourly,CP-01,Compressor 01,Compressor,Surface,2.261,60.126,118.757,6.699,,1496.398,167.998,1.0,Running,0,8,86.02,18.2,221,165.129,,,,,,,,,
2026-05-25 06:00:00,hourly,CP-01,Compressor 01,Compressor,Surface,2.268,60.695,133.657,7.352,,1367.236,167.043,0.86,Running,1,7,86.76,18.81,217,157.586,,,,,,,,,
2026-05-25 07:00:00,hourly,CP-01,Compressor 01,Compressor,Surface,2.554,62.388,124.249,6.981,,1516.829,181.341,0.87,Running,1,8,85.61,22.3,217,181.959,,,,,,,,,
2026-05-25 08:00:00,hourly,CP-01,Compressor 01,Compressor,Surface,2.395,60.915,118.21,6.672,,1540.975,175.95,0.86,Running,1,20,84.15,24.85,217,168.88,,,,,,,,,
2026-05-25 09:00:00,hourly,CP-01,Compressor 01,Compressor,Surface,2.198,60.01,121.777,6.939,,1403.798,178.56,0.87,Running,1,0,85.28,20.3,216,141.969,,,,,,,,,
2026-05-25 10:00:00,hourly,CP-01,Compressor 01,Compressor,Surface,2.413,59.309,116.965,7.163,,1460.633,170.598,0.8,Running,0,16,83.34,23.09,219,168.453,,,,,,,,,
2026-05-25 11:00:00,hourly,CP-01,Compressor 01,Compressor,Surface,2.127,59.784,123.785,7.486,,1420.578,176.548,0.82,Running,1,11,86.23,21.85,208,171.788,,,,,,,,,
2026-05-25 12:00:00,hourly,CP-01,Compressor 01,Compressor,Surface,2.415,60.63,112.179,7.214,,1476.704,170.261,0.8,Running,1,4,86.92,14.62,213,144.184,,,,,,,,,
2026-05-25 13:00:00,hourly,CP-01,Compressor 01,Compressor,Surface,2.496,58.736,124.697,7.06,,1511.506,164.933,0.82,Running,1,13,83.8,24.51,205,158.389,,,,,,,,,
2026-05-25 14:00:00,hourly,CP-01,Compressor 01,Compressor,Surface,2.54,62.289,110.394,7.14,,1406.383,173.326,0.72,Running,0,9,85.71,18.4,214,176.389,,,,,,,,,
2026-05-25 15:00:00,hourly,CP-01,Compressor 01,Compressor,Surface,2.471,63.967,117.853,7.394,,1393.006,163.841,0.9,Running,0,3,86.08,19.79,210,167.988,,,,,,,,,
2026-05-25 16:00:00,hourly,CP-01,Compressor 01,Compressor,Surface,2.201,60.072,126.233,7.343,,1435.215,176.845,0.83,Running,1,15,84.07,22.43,213,168.008,,,,,,,,,
2026-05-25 17:00:00,hourly,CP-01,Compressor 01,Compressor,Surface,2.294,57.149,130.485,7.385,,1591.084,155.348,0.88,Running,1,12,80.76,25.73,209,153.042,,,,,,,,,
2026-05-25 18:00:00,hourly,CP-01,Compressor 01,Compressor,Surface,2.601,61.381,106.096,7.642,,1479.29,164.02,0.86,Running,1,5,84.65,22.12,208,156.822,,,,,,,,,
2026-05-25 19:00:00,hourly,CP-01,Compressor 01,Compressor,Surface,2.34,60.245,112.483,7.218,,1465.653,160.146,0.64,Running,0,22,79.43,28.08,209,151.284,,,,,,,,,
2026-05-25 20:00:00,hourly,CP-01,Compressor 01,Compressor,Surface,2.381,61.2,119.718,7.383,,1486.746,187.297,0.86,Running,0,11,86.96,20.27,211,145.466,,,,,,,,,
2026-05-25 21:00:00,hourly,CP-01,Compressor 01,Compressor,Surface,2.519,60.012,123.984,6.671,,1492.328,160.408,0.89,Running,1,9,85.33,19.0,213,138.094,,,,,,,,,
2026-05-25 22:00:00,hourly,CP-01,Compressor 01,Compressor,Surface,2.668,61.685,116.008,7.252,,1459.034,165.785,0.75,Running,1,13,83.94,20.39,207,189.157,,,,,,,,,
2026-05-25 23:00:00,hourly,CP-01,Compressor 01,Compressor,Surface,2.383,58.853,119.523,6.869,,1443.516,147.724,0.82,Running,1,8,85.86,20.02,210,158.227,,,,,,,,,
2026-05-26 00:00:00,hourly,CP-01,Compressor 01,Compressor,Surface,2.327,60.787,119.911,7.05,,1422.489,181.713,0.79,Running,1,15,82.43,24.45,210,169.36,,,,,,,,,
2026-05-26 01:00:00,hourly,CP-01,Compressor 01,Compressor,Surface,2.739,60.622,119.302,7.093,,1454.375,159.0,0.85,Running,0,13,86.13,22.43,206,178.635,,,,,,,,,
2026-05-26 02:00:00,hourly,CP-01,Compressor 01,Compressor,Surface,2.752,60.767,119.629,7.207,,1491.374,179.823,0.81,Running,1,6,84.65,21.44,210,167.897,,,,,,,,,
2026-05-26 03:00:00,hourly,CP-01,Compressor 01,Compressor,Surface,2.405,61.417,120.046,7.062,,1488.963,156.913,0.68,Running,1,8,84.67,21.47,202,165.189,,,,,,,,,
2026-05-26 04:00:00,hourly,CP-01,Compressor 01,Compressor,Surface,2.402,61.652,129.778,7.113,,1423.586,157.544,0.74,Running,1,6,83.58,20.57,204,170.198,,,,,,,,,
2026-05-26 05:00:00,hourly,CP-01,Compressor 01,Compressor,Surface,2.562,58.161,118.777,7.371,,1441.009,173.789,0.87,Running,1,17,83.74,23.14,211,188.781,,,,,,,,,
2026-05-26 06:00:00,hourly,CP-01,Compressor 01,Compressor,Surface,2.477,61.446,127.643,7.231,,1397.711,152.393,0.86,Running,0,1,85.1,18.58,197,166.872,,,,,,,,,
2026-05-26 07:00:00,hourly,CP-01,Compressor 01,Compressor,Surface,2.404,60.406,119.784,7.192,,1488.554,170.182,1.0,Running,0,12,82.72,23.82,205,150.216,,,,,,,,,
2026-05-26 08:00:00,hourly,CP-01,Compressor 01,Compressor,Surface,2.532,59.765,115.852,7.208,,1466.287,159.46,0.82,Running,1,17,82.15,23.15,206,154.176,,,,,,,,,
2026-05-26 09:00:00,hourly,CP-01,Compressor 01,Compressor,Surface,2.283,60.578,118.493,7.152,,1434.566,185.744,0.68,Running,1,2,85.85,20.83,206,155.83,,,,,,,,,
2026-05-26 10:00:00,hourly,CP-01,Compressor 01,Compressor,Surface,2.6,60.505,109.772,7.457,,1428.675,182.57,0.94,Running,1,9,84.95,20.85,206,164.06,,,,,,,,,
2026-05-26 11:00:00,hourly,CP-01,Compressor 01,Compressor,Surface,2.519,60.266,113.573,7.187,,1406.73,177.741,0.9,Running,1,19,82.55,26.73,204,152.985,,,,,,,,,
2026-05-26 12:00:00,hourly,CP-01,Compressor 01,Compressor,Surface,2.481,57.108,115.727,7.775,,1448.802,187.317,0.76,Running,0,6,84.24,20.05,202,159.685,,,,,,,,,
2026-05-26 13:00:00,hourly,CP-01,Compressor 01,Compressor,Surface,2.381,60.34,120.934,7.324,,1505.338,160.765,0.89,Running,1,10,84.13,22.29,200,164.402,,,,,,,,,
2026-05-26 14:00:00,hourly,CP-01,Compressor 01,Compressor,Surface,2.288,59.767,130.013,7.397,,1414.18,173.379,0.85,Running,1,8,82.89,24.2,209,177.068,,,,,,,,,
2026-05-26 15:00:00,hourly,CP-01,Compressor 01,Compressor,Surface,2.083,60.694,118.023,7.132,,1390.446,157.853,0.75,Running,1,4,84.37,21.57,206,156.345,,,,,,,,,
2026-05-26 16:00:00,hourly,CP-01,Compressor 01,Compressor,Surface,2.083,60.018,113.93,7.349,,1450.233,174.235,0.85,Running,1,8,83.96,24.6,204,172.707,,,,,,,,,
2026-05-26 17:00:00,hourly,CP-01,Compressor 01,Compressor,Surface,2.1,63.726,125.246,7.466,,1492.783,169.435,0.78,Running,0,5,85.44,20.22,202,168.849,,,,,,,,,
2026-05-26 18:00:00,hourly,CP-01,Compressor 01,Compressor,Surface,2.621,59.775,121.322,7.264,,1483.85,155.265,0.71,Running,1,0,84.65,19.38,199,173.792,,,,,,,,,
2026-05-26 19:00:00,hourly,CP-01,Compressor 01,Compressor,Surface,2.283,57.521,127.184,7.115,,1494.108,165.848,0.81,Running,1,19,83.11,24.43,201,139.95,,,,,,,,,
2026-05-26 20:00:00,hourly,CP-01,Compressor 01,Compressor,Surface,2.184,59.95,126.061,7.486,,1424.787,167.241,0.87,Running,1,14,83.05,27.28,197,146.49,,,,,,,,,
2026-05-26 21:00:00,hourly,CP-01,Compressor 01,Compressor,Surface,2.385,59.362,123.614,7.702,,1480.926,166.962,0.82,Running,0,6,84.64,20.12,206,149.366,,,,,,,,,
2026-05-26 22:00:00,hourly,CP-01,Compressor 01,Compressor,Surface,2.231,60.474,122.372,6.84,,1460.325,182.5,0.77,Running,1,7,81.05,26.36,196,181.035,,,,,,,,,
2026-05-26 23:00:00,hourly,CP-01,Compressor 01,Compressor,Surface,2.331,59.359,126.09,7.094,,1434.898,156.756,0.87,Running,1,7,82.11,25.43,195,157.622,,,,,,,,,
2026-05-27 00:00:00,hourly,CP-01,Compressor 01,Compressor,Surface,2.502,61.203,125.664,7.202,,1446.558,160.262,0.8,Running,1,5,83.61,24.81,211,153.295,,,,,,,,,
2026-05-27 01:00:00,hourly,CP-01,Compressor 01,Compressor,Surface,2.343,60.105,125.935,7.123,,1478.193,139.632,0.75,Running,1,7,83.68,24.33,198,164.89,,,,,,,,,
2026-05-27 02:00:00,hourly,CP-01,Compressor 01,Compressor,Surface,2.344,60.732,125.815,7.198,,1468.264,172.403,0.84,Running,1,4,85.46,20.58,195,188.884,,,,,,,,,
2026-05-27 03:00:00,hourly,CP-01,Compressor 01,Compressor,Surface,2.399,62.636,119.847,6.963,,1467.347,173.704,0.8,Running,0,14,81.6,24.9,201,158.71,,,,,,,,,
2026-05-27 04:00:00,hourly,CP-01,Compressor 01,Compressor,Surface,2.151,60.249,115.41,7.446,,1472.241,174.265,0.97,Running,0,0,83.13,22.65,192,158.895,,,,,,,,,
2026-05-27 05:00:00,hourly,CP-01,Compressor 01,Compressor,Surface,2.455,57.87,120.439,7.221,,1429.129,165.992,0.89,Running,1,11,83.82,23.59,194,176.757,,,,,,,,,
2026-05-27 06:00:00,hourly,CP-01,Compressor 01,Compressor,Surface,2.66,59.323,117.856,7.277,,1392.339,159.69,0.89,Running,1,4,83.3,21.93,200,168.872,,,,,,,,,
2026-05-27 07:00:00,hourly,CP-01,Compressor 01,Compressor,Surface,2.338,57.8,114.725,7.143,,1417.678,155.585,0.68,Running,1,14,82.61,21.56,205,166.174,,,,,,,,,
2026-05-27 08:00:00,hourly,CP-01,Compressor 01,Compressor,Surface,2.422,59.142,129.873,7.042,,1480.649,171.414,0.88,Running,1,8,82.77,23.64,200,161.037,,,,,,,,,
2026-05-27 09:00:00,hourly,CP-01,Compressor 01,Compressor,Surface,2.254,54.172,120.224,7.05,,1388.323,158.918,0.89,Running,1,10,84.18,21.09,199,169.41,,,,,,,,,
2026-05-27 10:00:00,hourly,CP-01,Compressor 01,Compressor,Surface,2.275,61.574,113.993,7.618,,1445.71,151.277,0.69,Running,1,6,83.33,22.56,201,136.548,,,,,,,,,
2026-05-27 11:00:00,hourly,CP-01,Compressor 01,Compressor,Surface,2.582,57.627,128.335,6.97,,1451.286,175.682,0.75,Running,1,18,83.15,24.65,194,169.197,,,,,,,,,
2026-05-27 12:00:00,hourly,CP-01,Compressor 01,Compressor,Surface,2.434,61.379,120.994,7.117,,1474.323,163.056,0.76,Running,2,2,81.85,25.58,189,152.391,,,,,,,,,
2026-05-27 13:00:00,hourly,CP-01,Compressor 01,Compressor,Surface,2.524,59.065,126.28,6.763,,1394.302,167.874,0.91,Running,0,4,87.38,17.19,191,182.245,,,,,,,,,
2026-05-27 14:00:00,hourly,CP-01,Compressor 01,Compressor,Surface,2.453,59.698,118.103,7.337,,1355.158,135.837,0.92,Running,0,3,83.94,20.09,199,177.696,,,,,,,,,
2026-05-27 15:00:00,hourly,CP-01,Compressor 01,Compressor,Surface,2.377,62.926,123.889,7.437,,1422.435,165.971,0.76,Running,1,7,86.22,18.48,188,174.6,,,,,,,,,
2026-05-27 16:00:00,hourly,CP-01,Compressor 01,Compressor,Surface,2.624,59.631,124.16,6.779,,1467.683,164.234,0.73,Running,1,9,83.23,20.23,192,188.009,,,,,,,,,
2026-05-27 17:00:00,hourly,CP-01,Compressor 01,Compressor,Surface,2.085,58.512,120.957,7.036,,1500.816,183.093,0.65,Running,1,2,83.87,21.03,193,195.434,,,,,,,,,
2026-05-27 18:00:00,hourly,CP-01,Compressor 01,Compressor,Surface,2.261,59.316,116.567,7.018,,1418.463,164.134,0.69,Running,0,3,84.47,20.12,194,166.139,,,,,,,,,
2026-05-27 19:00:00,hourly,CP-01,Compressor 01,Compressor,Surface,2.338,58.055,122.743,7.128,,1411.646,139.09,0.76,Running,0,3,83.45,23.19,194,166.636,,,,,,,,,
2026-05-27 20:00:00,hourly,CP-01,Compressor 01,Compressor,Surface,2.415,61.617,123.943,7.356,,1455.02,164.204,0.77,Running,1,1,83.82,22.76,194,174.121,,,,,,,,,
2026-05-27 21:00:00,hourly,CP-01,Compressor 01,Compressor,Surface,2.353,61.11,113.138,7.211,,1528.616,166.434,0.82,Running,0,5,84.0,21.9,203,172.999,,,,,,,,,
2026-05-27 22:00:00,hourly,CP-01,Compressor 01,Compressor,Surface,2.445,59.666,134.882,7.218,,1463.675,178.21,0.87,Running,1,18,83.26,21.15,193,139.982,,,,,,,,,
2026-05-27 23:00:00,hourly,CP-01,Compressor 01,Compressor,Surface,2.654,61.485,130.133,6.862,,1466.614,165.936,0.84,Running,1,9,83.43,19.75,196,163.119,,,,,,,,,
2026-05-28 00:00:00,hourly,CP-01,Compressor 01,Compressor,Surface,2.2,61.198,121.241,7.208,,1523.493,162.384,0.77,Running,1,5,85.23,23.37,190,156.227,,,,,,,,,
2026-05-28 01:00:00,hourly,CP-01,Compressor 01,Compressor,Surface,2.682,59.714,125.486,7.457,,1482.468,165.018,0.81,Running,1,8,82.01,23.49,197,170.661,,,,,,,,,
2026-05-28 02:00:00,hourly,CP-01,Compressor 01,Compressor,Surface,2.369,60.601,120.268,7.245,,1451.826,192.903,0.75,Running,1,0,86.34,18.54,186,171.082,,,,,,,,,
2026-05-28 03:00:00,hourly,CP-01,Compressor 01,Compressor,Surface,2.443,59.784,116.584,6.718,,1400.273,171.103,0.78,Running,1,1,84.47,20.77,192,166.295,,,,,,,,,
2026-05-28 04:00:00,hourly,CP-01,Compressor 01,Compressor,Surface,2.413,59.068,126.085,7.537,,1448.037,163.667,0.8,Running,1,5,83.06,25.43,188,158.428,,,,,,,,,
2026-05-28 05:00:00,hourly,CP-01,Compressor 01,Compressor,Surface,2.459,55.851,115.492,7.557,,1474.03,175.871,0.88,Running,0,2,84.97,21.63,192,160.15,,,,,,,,,
2026-05-28 06:00:00,hourly,CP-01,Compressor 01,Compressor,Surface,2.625,59.705,122.617,7.362,,1403.445,155.647,0.89,Running,0,12,84.85,19.78,189,186.388,,,,,,,,,
2026-05-28 07:00:00,hourly,CP-01,Compressor 01,Compressor,Surface,2.202,60.171,116.441,7.453,,1482.459,159.285,0.75,Running,1,20,84.02,23.41,192,139.584,,,,,,,,,
2026-05-28 08:00:00,hourly,CP-01,Compressor 01,Compressor,Surface,2.28,57.814,115.372,7.34,,1440.623,161.213,0.82,Running,1,13,83.31,20.66,188,199.625,,,,,,,,,
2026-05-28 09:00:00,hourly,CP-01,Compressor 01,Compressor,Surface,2.522,61.614,121.286,7.385,,1436.614,149.621,0.88,Running,1,5,80.86,26.59,186,186.754,,,,,,,,,
2026-05-28 10:00:00,hourly,CP-01,Compressor 01,Compressor,Surface,2.265,59.801,126.667,7.077,,1407.826,175.742,0.81,Running,1,8,82.34,18.71,190,164.386,,,,,,,,,
2026-05-28 11:00:00,hourly,CP-01,Compressor 01,Compressor,Surface,2.073,60.898,121.986,7.419,,1459.104,158.883,0.79,Running,0,12,83.56,23.64,182,173.31,,,,,,,,,
2026-05-28 12:00:00,hourly,CP-01,Compressor 01,Compressor,Surface,2.526,60.649,120.804,6.662,,1472.363,167.589,0.9,Running,0,11,84.22,21.25,178,164.976,,,,,,,,,
2026-05-28 13:00:00,hourly,CP-01,Compressor 01,Compressor,Surface,2.272,59.996,109.654,7.182,,1402.207,160.967,0.87,Running,0,17,83.54,22.59,176,164.369,,,,,,,,,
2026-05-28 14:00:00,hourly,CP-01,Compressor 01,Compressor,Surface,2.569,59.206,119.229,7.451,,1465.681,169.517,0.82,Running,1,2,84.08,24.71,191,161.226,,,,,,,,,
2026-05-28 15:00:00,hourly,CP-01,Compressor 01,Compressor,Surface,2.33,58.97,111.971,7.588,,1480.842,184.61,0.75,Running,1,10,83.01,22.29,185,158.855,,,,,,,,,
2026-05-28 16:00:00,hourly,CP-01,Compressor 01,Compressor,Surface,2.616,57.299,120.786,7.327,,1478.663,162.998,0.69,Running,1,8,84.41,20.41,185,174.043,,,,,,,,,
2026-05-28 17:00:00,hourly,CP-01,Compressor 01,Compressor,Surface,2.457,62.672,120.413,7.523,,1454.186,161.8,0.83,Running,1,5,86.84,15.44,181,156.704,,,,,,,,,
2026-05-28 18:00:00,hourly,CP-01,Compressor 01,Compressor,Surface,2.286,60.739,120.1,7.209,,1432.088,154.324,0.87,Running,1,0,83.63,23.01,184,166.919,,,,,,,,,
2026-05-28 19:00:00,hourly,CP-01,Compressor 01,Compressor,Surface,2.191,58.537,120.268,7.383,,1434.438,163.635,0.74,Running,1,1,83.15,23.45,179,161.807,,,,,,,,,
2026-05-28 20:00:00,hourly,CP-01,Compressor 01,Compressor,Surface,2.37,61.148,123.473,7.402,,1389.233,148.154,0.9,Running,1,18,83.33,24.8,182,187.776,,,,,,,,,
2026-05-28 21:00:00,hourly,CP-01,Compressor 01,Compressor,Surface,2.422,58.217,123.863,6.633,,1419.791,180.359,0.79,Running,0,13,84.63,21.45,174,178.212,,,,,,,,,
2026-05-28 22:00:00,hourly,CP-01,Compressor 01,Compressor,Surface,2.297,61.215,122.496,7.419,,1433.246,160.119,0.68,Running,1,3,83.25,24.12,173,158.123,,,,,,,,,
2026-05-28 23:00:00,hourly,CP-01,Compressor 01,Compressor,Surface,2.18,60.928,126.289,7.254,,1412.599,157.29,0.86,Running,1,0,84.57,22.64,175,180.605,,,,,,,,,
2026-05-29 00:00:00,hourly,CP-01,Compressor 01,Compressor,Surface,2.372,59.091,105.987,7.279,,1450.778,164.62,0.81,Running,1,9,84.76,22.06,177,170.614,,,,,,,,,
2026-04-29 00:00:00,hourly,EM-01,Energy Meter 01,Energy Meter,Surface,,30.385,,,,,,0.9,Running,0,0,95.87,6.88,820,1005.69,262.08,5.5321,78.42,,,,,,
2026-04-29 01:00:00,hourly,EM-01,Energy Meter 01,Energy Meter,Surface,,30.19,,,,,,0.89,Running,0,3,93.41,9.08,837,976.226,245.14,5.5134,87.8,,,,,,
2026-04-29 02:00:00,hourly,EM-01,Energy Meter 01,Energy Meter,Surface,,32.361,,,,,,0.89,Running,0,1,99.28,0.78,828,1013.776,258.6,5.3577,59.3,,,,,,
2026-04-29 03:00:00,hourly,EM-01,Energy Meter 01,Energy Meter,Surface,,30.806,,,,,,0.97,Running,0,0,97.98,1.76,830,912.563,219.41,5.1617,51.52,,,,,,
2026-04-29 04:00:00,hourly,EM-01,Energy Meter 01,Energy Meter,Surface,,29.854,,,,,,0.87,Running,0,2,94.26,9.48,825,886.819,216.33,5.1782,68.36,,,,,,
2026-04-29 05:00:00,hourly,EM-01,Energy Meter 01,Energy Meter,Surface,,30.133,,,,,,0.83,Running,0,1,98.08,1.91,836,978.823,252.66,5.1637,81.29,,,,,,
2026-04-29 06:00:00,hourly,EM-01,Energy Meter 01,Energy Meter,Surface,,33.09,,,,,,0.87,Running,0,0,96.35,7.34,836,913.451,230.98,5.5427,60.86,,,,,,
2026-04-29 07:00:00,hourly,EM-01,Energy Meter 01,Energy Meter,Surface,,31.243,,,,,,0.78,Running,0,3,97.14,6.29,823,975.313,248.34,5.6835,79.32,,,,,,
2026-04-29 08:00:00,hourly,EM-01,Energy Meter 01,Energy Meter,Surface,,31.457,,,,,,0.89,Running,0,0,94.63,4.61,821,873.76,223.83,5.1435,73.53,,,,,,
2026-04-29 09:00:00,hourly,EM-01,Energy Meter 01,Energy Meter,Surface,,30.458,,,,,,0.9,Running,0,1,96.97,1.6,829,880.483,226.77,4.3942,49.75,,,,,,
2026-04-29 10:00:00,hourly,EM-01,Energy Meter 01,Energy Meter,Surface,,28.765,,,,,,0.79,Running,0,0,99.53,0.29,828,832.462,204.85,4.5798,45.6,,,,,,
2026-04-29 11:00:00,hourly,EM-01,Energy Meter 01,Energy Meter,Surface,,29.723,,,,,,0.81,Running,0,0,97.86,1.12,823,853.285,204.44,5.2221,38.56,,,,,,
2026-04-29 12:00:00,hourly,EM-01,Energy Meter 01,Energy Meter,Surface,,30.337,,,,,,0.85,Running,0,1,97.15,2.61,819,940.618,229.41,5.1387,43.7,,,,,,
2026-04-29 13:00:00,hourly,EM-01,Energy Meter 01,Energy Meter,Surface,,30.365,,,,,,0.77,Running,0,3,93.0,8.17,829,835.424,205.34,5.0183,56.22,,,,,,
2026-04-29 14:00:00,hourly,EM-01,Energy Meter 01,Energy Meter,Surface,,30.979,,,,,,0.74,Running,0,3,97.33,7.6,821,860.625,196.95,4.6922,39.0,,,,,,
2026-04-29 15:00:00,hourly,EM-01,Energy Meter 01,Energy Meter,Surface,,31.823,,,,,,0.8,Running,0,7,96.69,6.92,820,871.96,221.66,5.3191,66.88,,,,,,
2026-04-29 16:00:00,hourly,EM-01,Energy Meter 01,Energy Meter,Surface,,31.011,,,,,,0.83,Running,0,3,94.65,5.8,821,895.54,230.75,5.5411,56.71,,,,,,
2026-04-29 17:00:00,hourly,EM-01,Energy Meter 01,Energy Meter,Surface,,31.409,,,,,,0.87,Running,0,0,95.43,2.54,814,925.285,232.03,4.9071,76.95,,,,,,
2026-04-29 18:00:00,hourly,EM-01,Energy Meter 01,Energy Meter,Surface,,31.897,,,,,,0.86,Running,0,0,95.81,4.73,817,1037.624,253.91,6.0167,76.08,,,,,,
2026-04-29 19:00:00,hourly,EM-01,Energy Meter 01,Energy Meter,Surface,,32.43,,,,,,0.82,Running,0,1,96.8,1.91,814,967.676,242.53,4.96,56.56,,,,,,
2026-04-29 20:00:00,hourly,EM-01,Energy Meter 01,Energy Meter,Surface,,30.055,,,,,,0.87,Running,0,4,93.63,10.33,810,884.646,207.38,5.7626,45.61,,,,,,
2026-04-29 21:00:00,hourly,EM-01,Energy Meter 01,Energy Meter,Surface,,31.394,,,,,,0.78,Running,0,4,96.02,5.69,814,921.336,215.81,4.9286,54.12,,,,,,
2026-04-29 22:00:00,hourly,EM-01,Energy Meter 01,Energy Meter,Surface,,31.44,,,,,,0.7,Running,0,1,98.42,1.07,816,887.741,235.34,5.0992,55.51,,,,,,
2026-04-29 23:00:00,hourly,EM-01,Energy Meter 01,Energy Meter,Surface,,31.241,,,,,,0.8,Running,0,1,96.79,4.33,812,973.108,226.76,5.1539,76.42,,,,,,
2026-04-30 00:00:00,hourly,EM-01,Energy Meter 01,Energy Meter,Surface,,30.574,,,,,,0.84,Running,0,3,94.21,5.8,814,953.763,244.82,5.4518,53.2,,,,,,
2026-04-30 01:00:00,hourly,EM-01,Energy Meter 01,Energy Meter,Surface,,30.0,,,,,,0.77,Running,0,1,96.36,4.63,810,887.471,232.75,4.7374,42.89,,,,,,
2026-04-30 02:00:00,hourly,EM-01,Energy Meter 01,Energy Meter,Surface,,30.809,,,,,,0.7,Running,0,5,96.7,7.89,816,943.136,235.36,5.3384,65.39,,,,,,
2026-04-30 03:00:00,hourly,EM-01,Energy Meter 01,Energy Meter,Surface,,31.216,,,,,,0.75,Running,0,4,92.62,8.96,817,947.249,235.99,5.2285,56.35,,,,,,
2026-04-30 04:00:00,hourly,EM-01,Energy Meter 01,Energy Meter,Surface,,32.039,,,,,,0.72,Running,0,4,96.41,5.23,815,923.288,231.93,4.717,54.58,,,,,,
2026-04-30 05:00:00,hourly,EM-01,Energy Meter 01,Energy Meter,Surface,,30.825,,,,,,0.71,Running,0,1,95.94,4.11,812,943.516,218.39,5.2217,54.26,,,,,,
2026-04-30 06:00:00,hourly,EM-01,Energy Meter 01,Energy Meter,Surface,,29.797,,,,,,0.82,Running,0,3,93.4,7.64,814,954.685,233.35,5.5348,62.71,,,,,,
2026-04-30 07:00:00,hourly,EM-01,Energy Meter 01,Energy Meter,Surface,,29.968,,,,,,0.92,Running,0,1,98.97,3.1,807,1047.829,273.06,6.2173,65.96,,,,,,
2026-04-30 08:00:00,hourly,EM-01,Energy Meter 01,Energy Meter,Surface,,29.776,,,,,,0.82,Running,0,2,96.4,2.56,806,991.912,248.65,5.3369,85.77,,,,,,
2026-04-30 09:00:00,hourly,EM-01,Energy Meter 01,Energy Meter,Surface,,30.877,,,,,,0.91,Running,0,2,95.57,5.83,808,862.324,214.04,4.4569,46.38,,,,,,
2026-04-30 10:00:00,hourly,EM-01,Energy Meter 01,Energy Meter,Surface,,29.591,,,,,,0.61,Running,0,2,94.52,5.91,806,935.095,234.07,4.9732,51.97,,,,,,
2026-04-30 11:00:00,hourly,EM-01,Energy Meter 01,Energy Meter,Surface,,30.182,,,,,,0.84,Running,0,3,96.08,8.24,813,1047.725,256.04,5.2149,58.37,,,,,,
2026-04-30 12:00:00,hourly,EM-01,Energy Meter 01,Energy Meter,Surface,,32.576,,,,,,0.87,Running,0,2,96.57,3.42,814,941.908,225.32,5.1319,81.41,,,,,,
2026-04-30 13:00:00,hourly,EM-01,Energy Meter 01,Energy Meter,Surface,,30.794,,,,,,0.76,Running,0,0,98.02,0.23,816,1030.714,264.88,5.9488,42.81,,,,,,
2026-04-30 14:00:00,hourly,EM-01,Energy Meter 01,Energy Meter,Surface,,31.047,,,,,,0.75,Running,0,6,95.7,5.69,809,1077.359,261.56,5.4863,46.13,,,,,,
2026-04-30 15:00:00,hourly,EM-01,Energy Meter 01,Energy Meter,Surface,,29.663,,,,,,0.79,Running,0,5,93.73,8.47,806,864.293,233.62,5.2752,72.95,,,,,,
2026-04-30 16:00:00,hourly,EM-01,Energy Meter 01,Energy Meter,Surface,,30.918,,,,,,0.89,Running,0,1,95.76,8.13,796,915.855,226.27,5.377,46.79,,,,,,
2026-04-30 17:00:00,hourly,EM-01,Energy Meter 01,Energy Meter,Surface,,29.308,,,,,,0.73,Running,0,1,95.74,4.87,801,924.417,233.74,5.1091,64.76,,,,,,
2026-04-30 18:00:00,hourly,EM-01,Energy Meter 01,Energy Meter,Surface,,31.106,,,,,,0.75,Running,0,1,98.5,2.94,799,841.8,223.55,5.0192,50.76,,,,,,
2026-04-30 19:00:00,hourly,EM-01,Energy Meter 01,Energy Meter,Surface,,29.718,,,,,,0.72,Running,0,0,96.34,3.12,799,1003.471,254.37,5.3811,49.8,,,,,,
2026-04-30 20:00:00,hourly,EM-01,Energy Meter 01,Energy Meter,Surface,,32.289,,,,,,0.87,Running,0,2,96.48,7.09,806,940.7,223.83,5.3811,78.36,,,,,,
2026-04-30 21:00:00,hourly,EM-01,Energy Meter 01,Energy Meter,Surface,,32.9,,,,,,0.76,Running,0,5,94.99,8.78,806,820.893,200.22,4.2601,53.81,,,,,,
2026-04-30 22:00:00,hourly,EM-01,Energy Meter 01,Energy Meter,Surface,,30.319,,,,,,0.81,Running,0,0,96.43,6.11,798,939.424,220.84,5.0543,64.06,,,,,,
2026-04-30 23:00:00,hourly,EM-01,Energy Meter 01,Energy Meter,Surface,,29.402,,,,,,0.86,Running,0,5,94.52,9.34,796,872.768,216.24,4.305,35.49,,,,,,
2026-05-01 00:00:00,hourly,EM-01,Energy Meter 01,Energy Meter,Surface,,30.516,,,,,,0.78,Running,0,2,96.12,5.94,797,918.674,221.06,5.7843,63.14,,,,,,
2026-05-01 01:00:00,hourly,EM-01,Energy Meter 01,Energy Meter,Surface,,29.316,,,,,,0.7,Running,0,1,97.13,4.25,790,770.51,190.49,4.1499,35.72,,,,,,
2026-05-01 02:00:00,hourly,EM-01,Energy Meter 01,Energy Meter,Surface,,30.619,,,,,,0.86,Running,0,2,95.83,3.54,802,908.93,237.95,5.0055,77.85,,,,,,
2026-05-01 03:00:00,hourly,EM-01,Energy Meter 01,Energy Meter,Surface,,30.082,,,,,,0.87,Running,0,2,97.62,1.99,799,970.578,255.94,5.3486,60.71,,,,,,
2026-05-01 04:00:00,hourly,EM-01,Energy Meter 01,Energy Meter,Surface,,32.112,,,,,,0.95,Running,0,2,98.07,4.38,790,894.768,209.26,5.1131,78.96,,,,,,
2026-05-01 05:00:00,hourly,EM-01,Energy Meter 01,Energy Meter,Surface,,28.894,,,,,,0.84,Running,0,4,97.66,4.88,789,813.442,188.79,4.4228,46.88,,,,,,
2026-05-01 06:00:00,hourly,EM-01,Energy Meter 01,Energy Meter,Surface,,29.658,,,,,,0.83,Running,0,4,95.94,7.46,800,916.578,229.38,5.8624,57.91,,,,,,
2026-05-01 07:00:00,hourly,EM-01,Energy Meter 01,Energy Meter,Surface,,31.844,,,,,,0.84,Running,0,1,94.35,7.05,796,907.941,224.98,5.8221,37.13,,,,,,
2026-05-01 08:00:00,hourly,EM-01,Energy Meter 01,Energy Meter,Surface,,30.37,,,,,,0.81,Running,0,8,94.24,11.41,800,1014.166,242.31,5.9649,41.31,,,,,,
2026-05-01 09:00:00,hourly,EM-01,Energy Meter 01,Energy Meter,Surface,,32.496,,,,,,0.82,Running,0,3,96.7,4.27,788,946.549,234.34,6.0731,69.55,,,,,,
2026-05-01 10:00:00,hourly,EM-01,Energy Meter 01,Energy Meter,Surface,,31.016,,,,,,0.77,Running,0,3,96.26,6.16,798,906.219,225.87,4.9091,36.38,,,,,,
2026-05-01 11:00:00,hourly,EM-01,Energy Meter 01,Energy Meter,Surface,,31.206,,,,,,0.84,Running,1,1,95.73,11.53,786,847.928,208.8,5.0477,74.32,,,,,,
2026-05-01 12:00:00,hourly,EM-01,Energy Meter 01,Energy Meter,Surface,,31.299,,,,,,0.84,Running,0,0,94.97,6.01,790,917.369,238.75,5.124,81.17,,,,,,
2026-05-01 13:00:00,hourly,EM-01,Energy Meter 01,Energy Meter,Surface,,31.384,,,,,,0.81,Running,0,4,95.84,7.26,782,1036.261,267.12,5.652,53.68,,,,,,
2026-05-01 14:00:00,hourly,EM-01,Energy Meter 01,Energy Meter,Surface,,30.78,,,,,,0.74,Running,0,3,93.61,5.92,786,942.861,234.09,5.3001,75.97,,,,,,
2026-05-01 15:00:00,hourly,EM-01,Energy Meter 01,Energy Meter,Surface,,30.826,,,,,,0.7,Running,0,4,94.78,6.56,788,959.498,249.43,5.1114,79.12,,,,,,
2026-05-01 16:00:00,hourly,EM-01,Energy Meter 01,Energy Meter,Surface,,32.208,,,,,,0.78,Running,0,0,95.49,7.51,785,771.641,199.58,4.4331,35.96,,,,,,
2026-05-01 17:00:00,hourly,EM-01,Energy Meter 01,Energy Meter,Surface,,30.249,,,,,,0.77,Running,0,1,96.93,3.06,789,975.086,244.1,5.4488,78.67,,,,,,
2026-05-01 18:00:00,hourly,EM-01,Energy Meter 01,Energy Meter,Surface,,31.162,,,,,,0.79,Running,0,1,97.36,3.77,782,925.69,210.14,5.3327,76.98,,,,,,
2026-05-01 19:00:00,hourly,EM-01,Energy Meter 01,Energy Meter,Surface,,30.586,,,,,,0.78,Running,0,7,92.69,10.68,785,921.465,218.32,4.8264,53.98,,,,,,
2026-05-01 20:00:00,hourly,EM-01,Energy Meter 01,Energy Meter,Surface,,31.636,,,,,,0.96,Running,0,4,93.26,9.76,783,930.45,228.68,5.6861,69.48,,,,,,
2026-05-01 21:00:00,hourly,EM-01,Energy Meter 01,Energy Meter,Surface,,32.274,,,,,,0.79,Running,0,0,96.94,0.0,782,932.126,236.27,5.0609,49.71,,,,,,
2026-05-01 22:00:00,hourly,EM-01,Energy Meter 01,Energy Meter,Surface,,30.468,,,,,,0.71,Running,0,2,95.96,10.14,786,904.573,214.79,4.566,62.19,,,,,,
2026-05-01 23:00:00,hourly,EM-01,Energy Meter 01,Energy Meter,Surface,,30.01,,,,,,0.82,Running,0,0,96.8,2.27,779,890.384,230.8,4.8034,60.55,,,,,,
2026-05-02 00:00:00,hourly,EM-01,Energy Meter 01,Energy Meter,Surface,,30.244,,,,,,0.79,Running,0,3,94.79,5.68,780,835.893,220.1,4.8459,38.49,,,,,,
2026-05-02 01:00:00,hourly,EM-01,Energy Meter 01,Energy Meter,Surface,,31.917,,,,,,0.97,Running,0,1,94.88,3.92,778,897.899,227.61,4.888,77.71,,,,,,
2026-05-02 02:00:00,hourly,EM-01,Energy Meter 01,Energy Meter,Surface,,31.247,,,,,,0.84,Running,0,2,94.6,5.5,786,986.8,250.2,5.7435,85.8,,,,,,
2026-05-02 03:00:00,hourly,EM-01,Energy Meter 01,Energy Meter,Surface,,30.922,,,,,,0.89,Running,0,1,91.49,11.77,779,886.579,226.99,4.6,77.47,,,,,,
2026-05-02 04:00:00,hourly,EM-01,Energy Meter 01,Energy Meter,Surface,,30.806,,,,,,0.82,Running,0,5,93.98,10.39,778,967.865,244.62,5.2276,64.65,,,,,,
2026-05-02 05:00:00,hourly,EM-01,Energy Meter 01,Energy Meter,Surface,,30.29,,,,,,0.84,Running,0,3,94.06,7.02,776,855.81,213.98,4.7113,44.97,,,,,,
2026-05-02 06:00:00,hourly,EM-01,Energy Meter 01,Energy Meter,Surface,,31.858,,,,,,0.78,Running,0,3,94.29,8.2,778,838.802,208.02,4.2665,64.56,,,,,,
2026-05-02 07:00:00,hourly,EM-01,Energy Meter 01,Energy Meter,Surface,,31.174,,,,,,0.82,Running,0,5,94.21,8.68,774,894.333,230.45,4.9539,65.36,,,,,,
2026-05-02 08:00:00,hourly,EM-01,Energy Meter 01,Energy Meter,Surface,,32.781,,,,,,0.75,Running,0,3,94.29,5.66,773,975.584,250.47,6.0164,81.72,,,,,,
2026-05-02 09:00:00,hourly,EM-01,Energy Meter 01,Energy Meter,Surface,,30.969,,,,,,0.78,Running,0,2,95.38,2.67,773,831.89,196.25,4.6111,68.72,,,,,,
2026-05-02 10:00:00,hourly,EM-01,Energy Meter 01,Energy Meter,Surface,,31.259,,,,,,0.85,Running,0,1,96.64,2.7,774,1026.562,255.82,5.8219,55.35,,,,,,
2026-05-02 11:00:00,hourly,EM-01,Energy Meter 01,Energy Meter,Surface,,30.536,,,,,,0.85,Running,0,12,91.15,14.96,777,1048.345,265.52,5.8457,72.55,,,,,,
2026-05-02 12:00:00,hourly,EM-01,Energy Meter 01,Energy Meter,Surface,,30.354,,,,,,0.84,Running,0,1,94.25,6.35,771,962.54,228.18,5.1854,59.62,,,,,,
2026-05-02 13:00:00,hourly,EM-01,Energy Meter 01,Energy Meter,Surface,,30.931,,,,,,0.77,Running,0,4,94.3,6.39,766,887.912,226.54,4.7217,76.77,,,,,,
2026-05-02 14:00:00,hourly,EM-01,Energy Meter 01,Energy Meter,Surface,,32.194,,,,,,1.0,Running,0,4,93.29,9.95,765,891.616,220.93,5.3503,53.89,,,,,,
2026-05-02 15:00:00,hourly,EM-01,Energy Meter 01,Energy Meter,Surface,,30.532,,,,,,0.81,Running,0,2,97.51,4.62,782,878.783,234.93,4.8851,37.94,,,,,,
2026-05-02 16:00:00,hourly,EM-01,Energy Meter 01,Energy Meter,Surface,,30.514,,,,,,0.84,Running,0,2,93.96,6.03,766,878.705,225.09,4.9563,56.67,,,,,,
2026-05-02 17:00:00,hourly,EM-01,Energy Meter 01,Energy Meter,Surface,,29.573,,,,,,0.92,Running,0,3,96.4,6.38,776,907.001,227.12,4.9776,46.73,,,,,,
2026-05-02 18:00:00,hourly,EM-01,Energy Meter 01,Energy Meter,Surface,,33.478,,,,,,0.75,Running,0,7,94.46,8.59,767,810.431,205.78,4.3884,32.85,,,,,,
2026-05-02 19:00:00,hourly,EM-01,Energy Meter 01,Energy Meter,Surface,,30.405,,,,,,0.81,Running,0,1,97.75,1.84,763,941.054,235.8,5.2618,80.56,,,,,,
2026-05-02 20:00:00,hourly,EM-01,Energy Meter 01,Energy Meter,Surface,,29.571,,,,,,0.97,Running,0,3,94.37,3.99,766,852.194,200.17,5.1635,62.75,,,,,,
2026-05-02 21:00:00,hourly,EM-01,Energy Meter 01,Energy Meter,Surface,,31.177,,,,,,0.86,Running,0,3,94.25,9.49,768,868.463,216.23,4.8638,39.83,,,,,,
2026-05-02 22:00:00,hourly,EM-01,Energy Meter 01,Energy Meter,Surface,,31.247,,,,,,0.88,Running,0,6,95.42,6.95,764,874.436,204.93,4.5154,51.57,,,,,,
2026-05-02 23:00:00,hourly,EM-01,Energy Meter 01,Energy Meter,Surface,,31.79,,,,,,0.79,Running,0,1,98.11,2.85,762,941.814,232.51,5.6634,50.79,,,,,,
2026-05-03 00:00:00,hourly,EM-01,Energy Meter 01,Energy Meter,Surface,,31.191,,,,,,0.79,Running,0,0,96.49,1.97,757,986.434,247.36,5.0327,79.72,,,,,,
2026-05-03 01:00:00,hourly,EM-01,Energy Meter 01,Energy Meter,Surface,,29.245,,,,,,0.73,Running,0,2,94.64,11.88,761,859.155,204.49,5.3902,64.29,,,,,,
2026-05-03 02:00:00,hourly,EM-01,Energy Meter 01,Energy Meter,Surface,,30.241,,,,,,0.98,Running,0,3,95.98,3.43,764,992.343,247.04,5.4508,45.14,,,,,,
2026-05-03 03:00:00,hourly,EM-01,Energy Meter 01,Energy Meter,Surface,,32.066,,,,,,0.78,Running,0,4,94.78,6.04,755,852.657,224.64,4.9497,34.39,,,,,,
2026-05-03 04:00:00,hourly,EM-01,Energy Meter 01,Energy Meter,Surface,,31.929,,,,,,0.71,Running,0,3,98.07,4.48,759,876.421,214.33,4.8857,70.98,,,,,,
2026-05-03 05:00:00,hourly,EM-01,Energy Meter 01,Energy Meter,Surface,,31.428,,,,,,0.91,Running,0,2,96.94,4.31,761,973.926,235.45,5.1702,84.4,,,,,,
2026-05-03 06:00:00,hourly,EM-01,Energy Meter 01,Energy Meter,Surface,,32.474,,,,,,0.77,Running,0,1,95.63,6.35,764,820.417,213.53,4.2981,72.27,,,,,,
2026-05-03 07:00:00,hourly,EM-01,Energy Meter 01,Energy Meter,Surface,,30.766,,,,,,0.88,Running,0,0,95.99,3.05,754,887.011,223.12,4.5492,40.76,,,,,,
2026-05-03 08:00:00,hourly,EM-01,Energy Meter 01,Energy Meter,Surface,,32.16,,,,,,0.87,Running,0,1,94.67,4.75,766,864.434,215.47,5.3689,51.48,,,,,,
2026-05-03 09:00:00,hourly,EM-01,Energy Meter 01,Energy Meter,Surface,,30.564,,,,,,0.9,Running,0,0,95.68,6.66,759,892.63,227.06,5.2802,41.16,,,,,,
2026-05-03 10:00:00,hourly,EM-01,Energy Meter 01,Energy Meter,Surface,,32.735,,,,,,0.71,Running,0,4,96.6,3.79,752,878.94,220.67,5.0892,76.22,,,,,,
2026-05-03 11:00:00,hourly,EM-01,Energy Meter 01,Energy Meter,Surface,,30.49,,,,,,0.85,Running,0,2,97.09,7.73,757,815.656,197.38,4.7829,51.07,,,,,,
2026-05-03 12:00:00,hourly,EM-01,Energy Meter 01,Energy Meter,Surface,,29.835,,,,,,0.73,Running,0,1,94.99,4.54,752,956.571,229.57,5.1798,81.78,,,,,,
2026-05-03 13:00:00,hourly,EM-01,Energy Meter 01,Energy Meter,Surface,,29.795,,,,,,0.82,Running,0,3,92.23,9.94,748,940.919,249.22,4.9756,59.0,,,,,,
2026-05-03 14:00:00,hourly,EM-01,Energy Meter 01,Energy Meter,Surface,,32.39,,,,,,0.89,Running,0,0,96.78,4.77,753,973.826,246.86,6.1919,43.37,,,,,,
2026-05-03 15:00:00,hourly,EM-01,Energy Meter 01,Energy Meter,Surface,,32.502,,,,,,0.68,Running,0,0,94.66,6.47,753,895.626,236.07,5.3809,51.83,,,,,,
2026-05-03 16:00:00,hourly,EM-01,Energy Meter 01,Energy Meter,Surface,,30.063,,,,,,0.78,Running,0,2,97.01,2.49,753,914.5,226.33,5.1509,81.0,,,,,,
2026-05-03 17:00:00,hourly,EM-01,Energy Meter 01,Energy Meter,Surface,,30.322,,,,,,0.74,Running,0,8,93.22,9.53,748,973.698,252.99,5.4268,81.62,,,,,,
2026-05-03 18:00:00,hourly,EM-01,Energy Meter 01,Energy Meter,Surface,,28.605,,,,,,0.83,Running,0,6,96.17,9.3,747,933.59,226.76,4.7033,61.33,,,,,,
2026-05-03 19:00:00,hourly,EM-01,Energy Meter 01,Energy Meter,Surface,,29.762,,,,,,0.73,Running,0,3,95.32,5.15,754,974.489,230.65,5.9157,55.0,,,,,,
2026-05-03 20:00:00,hourly,EM-01,Energy Meter 01,Energy Meter,Surface,,30.725,,,,,,0.87,Running,0,0,94.93,3.76,753,970.149,245.96,5.6089,46.76,,,,,,
2026-05-03 21:00:00,hourly,EM-01,Energy Meter 01,Energy Meter,Surface,,30.716,,,,,,0.8,Running,0,3,97.97,3.85,744,922.82,237.86,4.729,43.27,,,,,,
2026-05-03 22:00:00,hourly,EM-01,Energy Meter 01,Energy Meter,Surface,,28.9,,,,,,0.82,Running,0,3,94.48,6.91,741,925.863,239.54,5.3426,44.24,,,,,,
2026-05-03 23:00:00,hourly,EM-01,Energy Meter 01,Energy Meter,Surface,,29.53,,,,,,0.84,Running,0,0,97.81,0.91,743,916.077,232.08,4.8679,61.01,,,,,,
2026-05-04 00:00:00,hourly,EM-01,Energy Meter 01,Energy Meter,Surface,,32.854,,,,,,0.6,Running,0,1,99.11,2.4,751,925.937,225.7,5.3272,69.43,,,,,,
2026-05-04 01:00:00,hourly,EM-01,Energy Meter 01,Energy Meter,Surface,,32.148,,,,,,0.73,Running,0,6,93.62,9.8,734,887.35,224.59,5.0339,48.64,,,,,,
2026-05-04 02:00:00,hourly,EM-01,Energy Meter 01,Energy Meter,Surface,,31.137,,,,,,0.94,Running,0,4,94.17,6.71,743,940.593,237.77,5.05,83.91,,,,,,
2026-05-04 03:00:00,hourly,EM-01,Energy Meter 01,Energy Meter,Surface,,31.167,,,,,,0.72,Running,0,1,95.37,3.07,748,931.182,231.88,5.2868,58.98,,,,,,
2026-05-04 04:00:00,hourly,EM-01,Energy Meter 01,Energy Meter,Surface,,31.007,,,,,,0.74,Running,0,6,95.26,8.39,745,883.969,217.03,5.1846,61.68,,,,,,
2026-05-04 05:00:00,hourly,EM-01,Energy Meter 01,Energy Meter,Surface,,30.878,,,,,,0.79,Running,0,1,97.39,2.21,743,943.363,226.47,5.0224,63.02,,,,,,
2026-05-04 06:00:00,hourly,EM-01,Energy Meter 01,Energy Meter,Surface,,31.017,,,,,,0.88,Running,0,3,97.38,4.12,746,994.13,249.83,5.8972,78.09,,,,,,
2026-05-04 07:00:00,hourly,EM-01,Energy Meter 01,Energy Meter,Surface,,29.433,,,,,,0.71,Running,0,5,94.83,6.9,741,920.657,231.74,4.8852,79.9,,,,,,
2026-05-04 08:00:00,hourly,EM-01,Energy Meter 01,Energy Meter,Surface,,30.746,,,,,,0.8,Running,0,0,94.36,8.85,739,924.322,219.0,5.2765,76.13,,,,,,
2026-05-04 09:00:00,hourly,EM-01,Energy Meter 01,Energy Meter,Surface,,28.981,,,,,,0.92,Running,0,3,95.08,7.3,743,931.217,248.03,5.5292,61.22,,,,,,
2026-05-04 10:00:00,hourly,EM-01,Energy Meter 01,Energy Meter,Surface,,30.796,,,,,,0.85,Running,0,0,95.95,8.23,747,805.833,189.65,4.2519,70.05,,,,,,
2026-05-04 11:00:00,hourly,EM-01,Energy Meter 01,Energy Meter,Surface,,31.422,,,,,,0.74,Running,0,0,93.77,9.99,730,898.328,218.84,5.1598,54.74,,,,,,
2026-05-04 12:00:00,hourly,EM-01,Energy Meter 01,Energy Meter,Surface,,30.438,,,,,,0.9,Running,0,2,93.59,5.0,735,1059.089,266.42,5.9824,46.27,,,,,,
2026-05-04 13:00:00,hourly,EM-01,Energy Meter 01,Energy Meter,Surface,,31.256,,,,,,0.79,Running,0,3,94.39,7.1,736,922.733,233.4,5.9299,43.03,,,,,,
2026-05-04 14:00:00,hourly,EM-01,Energy Meter 01,Energy Meter,Surface,,30.897,,,,,,0.86,Running,0,3,94.86,7.44,734,866.325,209.65,5.2405,75.9,,,,,,
2026-05-04 15:00:00,hourly,EM-01,Energy Meter 01,Energy Meter,Surface,,31.448,,,,,,0.76,Running,0,3,94.99,6.17,736,917.885,221.57,4.7493,79.86,,,,,,
2026-05-04 16:00:00,hourly,EM-01,Energy Meter 01,Energy Meter,Surface,,31.358,,,,,,0.9,Running,1,4,92.38,13.02,735,886.33,220.38,4.879,75.95,,,,,,
2026-05-04 17:00:00,hourly,EM-01,Energy Meter 01,Energy Meter,Surface,,30.15,,,,,,0.79,Running,0,1,94.9,8.03,730,930.331,231.98,4.8161,72.17,,,,,,
2026-05-04 18:00:00,hourly,EM-01,Energy Meter 01,Energy Meter,Surface,,29.577,,,,,,0.84,Running,0,0,93.49,5.3,736,931.178,243.86,5.224,68.87,,,,,,
2026-05-04 19:00:00,hourly,EM-01,Energy Meter 01,Energy Meter,Surface,,29.651,,,,,,0.67,Running,0,0,95.68,5.29,733,916.415,220.11,5.0818,75.04,,,,,,
2026-05-04 20:00:00,hourly,EM-01,Energy Meter 01,Energy Meter,Surface,,30.087,,,,,,0.94,Running,0,2,93.55,9.06,737,973.694,243.6,4.8835,60.63,,,,,,
2026-05-04 21:00:00,hourly,EM-01,Energy Meter 01,Energy Meter,Surface,,31.81,,,,,,0.92,Running,0,1,96.09,3.87,736,847.549,210.24,4.5929,57.1,,,,,,
2026-05-04 22:00:00,hourly,EM-01,Energy Meter 01,Energy Meter,Surface,,31.727,,,,,,0.73,Running,0,6,95.29,7.95,730,940.016,237.66,4.7195,79.82,,,,,,
2026-05-04 23:00:00,hourly,EM-01,Energy Meter 01,Energy Meter,Surface,,30.53,,,,,,0.94,Running,0,2,97.84,4.13,732,982.849,243.13,5.6497,42.1,,,,,,
2026-05-05 00:00:00,hourly,EM-01,Energy Meter 01,Energy Meter,Surface,,30.709,,,,,,0.71,Running,0,1,96.02,6.34,720,903.584,233.97,5.1208,61.59,,,,,,
2026-05-05 01:00:00,hourly,EM-01,Energy Meter 01,Energy Meter,Surface,,29.668,,,,,,0.72,Running,0,5,95.24,8.11,720,968.918,247.25,5.6919,57.22,,,,,,
2026-05-05 02:00:00,hourly,EM-01,Energy Meter 01,Energy Meter,Surface,,29.732,,,,,,0.8,Running,0,5,95.47,9.02,733,906.458,236.71,4.8709,61.44,,,,,,
2026-05-05 03:00:00,hourly,EM-01,Energy Meter 01,Energy Meter,Surface,,31.418,,,,,,0.83,Running,0,2,95.63,7.77,727,854.713,214.3,5.0676,75.1,,,,,,
2026-05-05 04:00:00,hourly,EM-01,Energy Meter 01,Energy Meter,Surface,,30.572,,,,,,0.89,Running,0,7,94.59,9.18,732,806.072,201.04,4.0356,63.91,,,,,,
2026-05-05 05:00:00,hourly,EM-01,Energy Meter 01,Energy Meter,Surface,,30.668,,,,,,0.81,Running,0,4,95.13,6.77,730,886.865,218.16,5.545,56.61,,,,,,
2026-05-05 06:00:00,hourly,EM-01,Energy Meter 01,Energy Meter,Surface,,31.671,,,,,,0.74,Running,0,2,94.72,6.23,719,901.263,213.04,5.0223,66.73,,,,,,
2026-05-05 07:00:00,hourly,EM-01,Energy Meter 01,Energy Meter,Surface,,31.445,,,,,,0.91,Running,0,4,94.96,11.15,727,1051.785,265.58,6.0963,71.67,,,,,,
2026-05-05 08:00:00,hourly,EM-01,Energy Meter 01,Energy Meter,Surface,,30.773,,,,,,0.81,Running,0,3,94.8,8.11,721,922.952,233.93,5.0539,46.02,,,,,,
2026-05-05 09:00:00,hourly,EM-01,Energy Meter 01,Energy Meter,Surface,,32.194,,,,,,0.87,Running,0,3,94.93,5.16,722,886.38,225.67,5.2014,55.67,,,,,,
2026-05-05 10:00:00,hourly,EM-01,Energy Meter 01,Energy Meter,Surface,,30.471,,,,,,0.9,Running,0,0,95.45,6.21,717,952.07,234.48,5.2256,43.36,,,,,,
2026-05-05 11:00:00,hourly,EM-01,Energy Meter 01,Energy Meter,Surface,,30.043,,,,,,0.78,Running,0,3,96.41,4.33,726,896.829,214.52,4.8636,56.34,,,,,,
2026-05-05 12:00:00,hourly,EM-01,Energy Meter 01,Energy Meter,Surface,,29.74,,,,,,0.8,Running,0,0,96.98,5.88,723,982.204,238.67,5.2769,60.87,,,,,,
2026-05-05 13:00:00,hourly,EM-01,Energy Meter 01,Energy Meter,Surface,,32.205,,,,,,0.87,Running,0,2,94.51,7.06,718,1012.751,254.61,5.0452,75.87,,,,,,
2026-05-05 14:00:00,hourly,EM-01,Energy Meter 01,Energy Meter,Surface,,30.373,,,,,,0.9,Running,0,6,93.25,6.37,717,929.9,240.95,5.196,49.72,,,,,,
2026-05-05 15:00:00,hourly,EM-01,Energy Meter 01,Energy Meter,Surface,,31.019,,,,,,0.77,Running,0,2,96.76,5.71,722,813.385,190.32,4.6155,48.52,,,,,,
2026-05-05 16:00:00,hourly,EM-01,Energy Meter 01,Energy Meter,Surface,,32.879,,,,,,0.82,Running,0,0,98.96,0.39,715,914.197,241.1,5.1561,55.38,,,,,,
2026-05-05 17:00:00,hourly,EM-01,Energy Meter 01,Energy Meter,Surface,,30.212,,,,,,0.71,Running,0,0,96.34,0.51,715,910.535,210.37,5.6149,44.24,,,,,,
2026-05-05 18:00:00,hourly,EM-01,Energy Meter 01,Energy Meter,Surface,,31.12,,,,,,0.79,Running,0,4,94.96,8.87,714,1018.419,268.93,5.3284,78.04,,,,,,
2026-05-05 19:00:00,hourly,EM-01,Energy Meter 01,Energy Meter,Surface,,31.114,,,,,,0.94,Running,0,1,95.85,3.19,713,947.032,228.08,5.6413,69.57,,,,,,
2026-05-05 20:00:00,hourly,EM-01,Energy Meter 01,Energy Meter,Surface,,31.053,,,,,,0.67,Running,0,2,95.74,3.99,718,896.758,235.51,4.6633,53.84,,,,,,
2026-05-05 21:00:00,hourly,EM-01,Energy Meter 01,Energy Meter,Surface,,31.924,,,,,,0.97,Running,0,3,95.42,6.57,716,1004.121,247.09,5.9401,48.12,,,,,,
2026-05-05 22:00:00,hourly,EM-01,Energy Meter 01,Energy Meter,Surface,,31.388,,,,,,0.97,Running,0,0,94.04,8.62,712,913.157,239.24,5.7199,72.48,,,,,,
2026-05-05 23:00:00,hourly,EM-01,Energy Meter 01,Energy Meter,Surface,,31.194,,,,,,0.72,Running,0,0,97.06,3.03,709,912.588,209.28,6.0543,68.12,,,,,,
2026-05-06 00:00:00,hourly,EM-01,Energy Meter 01,Energy Meter,Surface,,32.684,,,,,,0.74,Running,0,3,94.21,8.84,712,890.215,226.89,4.6805,65.17,,,,,,
2026-05-06 01:00:00,hourly,EM-01,Energy Meter 01,Energy Meter,Surface,,29.526,,,,,,0.82,Running,0,3,97.01,5.86,711,989.846,255.32,5.0733,86.39,,,,,,
2026-05-06 02:00:00,hourly,EM-01,Energy Meter 01,Energy Meter,Surface,,29.82,,,,,,0.79,Running,0,2,96.33,3.29,714,888.018,224.13,4.8217,71.2,,,,,,
2026-05-06 03:00:00,hourly,EM-01,Energy Meter 01,Energy Meter,Surface,,30.941,,,,,,0.9,Running,0,2,97.73,3.32,707,959.235,244.23,5.7336,81.47,,,,,,
2026-05-06 04:00:00,hourly,EM-01,Energy Meter 01,Energy Meter,Surface,,31.529,,,,,,0.88,Running,0,2,96.61,5.0,711,944.284,244.14,5.7034,73.68,,,,,,
2026-05-06 05:00:00,hourly,EM-01,Energy Meter 01,Energy Meter,Surface,,30.965,,,,,,0.81,Running,0,5,91.74,13.95,708,924.36,232.36,5.3071,71.43,,,,,,
2026-05-06 06:00:00,hourly,EM-01,Energy Meter 01,Energy Meter,Surface,,30.347,,,,,,0.71,Running,0,5,93.2,9.94,709,975.003,239.88,5.1151,75.97,,,,,,
2026-05-06 07:00:00,hourly,EM-01,Energy Meter 01,Energy Meter,Surface,,32.271,,,,,,0.8,Running,0,0,95.56,2.53,714,1012.747,242.48,5.7423,88.38,,,,,,
2026-05-06 08:00:00,hourly,EM-01,Energy Meter 01,Energy Meter,Surface,,31.817,,,,,,1.0,Running,0,3,98.13,7.23,706,846.366,218.85,5.2247,56.07,,,,,,
2026-05-06 09:00:00,hourly,EM-01,Energy Meter 01,Energy Meter,Surface,,30.406,,,,,,0.84,Running,0,5,94.81,7.48,715,910.484,236.2,5.3876,55.11,,,,,,
2026-05-06 10:00:00,hourly,EM-01,Energy Meter 01,Energy Meter,Surface,,32.647,,,,,,0.94,Running,0,4,93.24,9.96,705,905.651,231.79,4.9754,79.75,,,,,,
2026-05-06 11:00:00,hourly,EM-01,Energy Meter 01,Energy Meter,Surface,,30.591,,,,,,0.85,Running,0,1,96.71,4.37,701,926.648,237.65,4.7716,81.96,,,,,,
2026-05-06 12:00:00,hourly,EM-01,Energy Meter 01,Energy Meter,Surface,,30.736,,,,,,0.96,Running,0,1,98.05,3.26,710,885.487,223.26,4.7273,74.05,,,,,,
2026-05-06 13:00:00,hourly,EM-01,Energy Meter 01,Energy Meter,Surface,,29.477,,,,,,0.82,Running,0,7,94.16,9.01,711,858.598,210.93,5.0644,59.01,,,,,,
2026-05-06 14:00:00,hourly,EM-01,Energy Meter 01,Energy Meter,Surface,,31.27,,,,,,0.92,Running,0,3,94.58,9.11,699,913.769,237.45,5.0947,65.19,,,,,,
2026-05-06 15:00:00,hourly,EM-01,Energy Meter 01,Energy Meter,Surface,,32.931,,,,,,0.9,Running,0,0,98.04,2.41,699,981.299,241.34,5.1132,61.27,,,,,,
2026-05-06 16:00:00,hourly,EM-01,Energy Meter 01,Energy Meter,Surface,,32.893,,,,,,0.83,Running,0,1,93.38,4.47,704,908.137,227.89,5.07,45.89,,,,,,
2026-05-06 17:00:00,hourly,EM-01,Energy Meter 01,Energy Meter,Surface,,30.65,,,,,,0.83,Running,0,0,93.71,7.9,703,945.211,240.61,5.8921,42.59,,,,,,
2026-05-06 18:00:00,hourly,EM-01,Energy Meter 01,Energy Meter,Surface,,30.467,,,,,,0.7,Running,0,0,93.68,8.39,696,1012.142,264.04,5.9013,41.11,,,,,,
2026-05-06 19:00:00,hourly,EM-01,Energy Meter 01,Energy Meter,Surface,,31.029,,,,,,0.79,Running,0,2,95.68,4.64,695,930.254,209.13,6.6036,47.11,,,,,,
2026-05-06 20:00:00,hourly,EM-01,Energy Meter 01,Energy Meter,Surface,,32.434,,,,,,1.0,Running,0,1,94.96,4.86,699,979.7,251.84,5.3411,65.56,,,,,,
2026-05-06 21:00:00,hourly,EM-01,Energy Meter 01,Energy Meter,Surface,,31.212,,,,,,0.97,Running,0,1,94.44,6.79,697,985.28,242.67,5.0388,83.82,,,,,,
2026-05-06 22:00:00,hourly,EM-01,Energy Meter 01,Energy Meter,Surface,,31.806,,,,,,0.82,Running,0,4,96.81,6.15,699,994.776,252.67,5.0367,60.45,,,,,,
2026-05-06 23:00:00,hourly,EM-01,Energy Meter 01,Energy Meter,Surface,,31.703,,,,,,0.75,Running,0,2,96.71,5.2,698,1045.183,246.16,5.8386,75.3,,,,,,
2026-05-07 00:00:00,hourly,EM-01,Energy Meter 01,Energy Meter,Surface,,32.14,,,,,,0.92,Running,0,0,97.71,0.46,699,912.645,222.11,5.3952,57.62,,,,,,
2026-05-07 01:00:00,hourly,EM-01,Energy Meter 01,Energy Meter,Surface,,31.869,,,,,,0.85,Running,0,2,95.49,2.78,687,975.086,253.09,5.5027,39.67,,,,,,
2026-05-07 02:00:00,hourly,EM-01,Energy Meter 01,Energy Meter,Surface,,30.37,,,,,,0.86,Running,0,0,96.63,1.15,702,933.338,242.67,5.1408,57.29,,,,,,
2026-05-07 03:00:00,hourly,EM-01,Energy Meter 01,Energy Meter,Surface,,31.164,,,,,,0.8,Running,0,1,93.56,9.47,695,950.211,235.95,4.8796,55.63,,,,,,
2026-05-07 04:00:00,hourly,EM-01,Energy Meter 01,Energy Meter,Surface,,30.56,,,,,,0.94,Running,0,1,96.54,1.79,691,944.98,249.81,5.1302,52.76,,,,,,
2026-05-07 05:00:00,hourly,EM-01,Energy Meter 01,Energy Meter,Surface,,31.943,,,,,,0.84,Running,0,0,96.61,4.53,691,991.932,247.89,6.2115,54.84,,,,,,
2026-05-07 06:00:00,hourly,EM-01,Energy Meter 01,Energy Meter,Surface,,31.527,,,,,,0.87,Running,0,9,94.11,9.5,694,889.862,225.03,4.6964,42.37,,,,,,
2026-05-07 07:00:00,hourly,EM-01,Energy Meter 01,Energy Meter,Surface,,31.568,,,,,,0.74,Running,0,3,96.34,5.87,691,943.881,229.27,6.0155,65.3,,,,,,
2026-05-07 08:00:00,hourly,EM-01,Energy Meter 01,Energy Meter,Surface,,31.372,,,,,,0.76,Running,0,2,95.76,5.19,691,844.044,207.27,4.6337,67.66,,,,,,
2026-05-07 09:00:00,hourly,EM-01,Energy Meter 01,Energy Meter,Surface,,29.488,,,,,,0.73,Running,0,4,96.11,8.51,689,872.458,221.36,4.3621,71.23,,,,,,
2026-05-07 10:00:00,hourly,EM-01,Energy Meter 01,Energy Meter,Surface,,31.567,,,,,,0.86,Running,0,2,96.88,3.09,695,885.696,202.78,5.5245,47.32,,,,,,
2026-05-07 11:00:00,hourly,EM-01,Energy Meter 01,Energy Meter,Surface,,29.742,,,,,,0.83,Running,0,3,95.65,6.31,689,955.836,239.69,5.3582,51.95,,,,,,
2026-05-07 12:00:00,hourly,EM-01,Energy Meter 01,Energy Meter,Surface,,30.0,,,,,,0.71,Running,0,2,97.22,3.07,691,945.469,239.83,5.28,51.25,,,,,,
2026-05-07 13:00:00,hourly,EM-01,Energy Meter 01,Energy Meter,Surface,,32.134,,,,,,0.85,Running,0,6,93.58,8.54,695,1004.326,251.06,5.5822,48.25,,,,,,
2026-05-07 14:00:00,hourly,EM-01,Energy Meter 01,Energy Meter,Surface,,30.622,,,,,,0.83,Running,0,8,93.97,10.02,689,979.541,256.35,5.1626,69.75,,,,,,
2026-05-07 15:00:00,hourly,EM-01,Energy Meter 01,Energy Meter,Surface,,29.637,,,,,,0.67,Running,0,2,95.09,8.1,686,919.404,225.94,5.353,43.51,,,,,,
2026-05-07 16:00:00,hourly,EM-01,Energy Meter 01,Energy Meter,Surface,,30.388,,,,,,0.76,Running,0,0,94.12,4.55,677,1101.039,273.31,5.8574,65.96,,,,,,
2026-05-07 17:00:00,hourly,EM-01,Energy Meter 01,Energy Meter,Surface,,31.754,,,,,,0.84,Running,0,0,95.76,3.82,682,931.674,229.65,5.2735,62.55,,,,,,
2026-05-07 18:00:00,hourly,EM-01,Energy Meter 01,Energy Meter,Surface,,30.536,,,,,,0.74,Running,0,4,94.8,8.87,691,836.402,206.63,4.6102,61.78,,,,,,
2026-05-07 19:00:00,hourly,EM-01,Energy Meter 01,Energy Meter,Surface,,32.121,,,,,,0.8,Running,0,0,94.86,4.51,683,844.408,209.76,5.178,74.62,,,,,,
2026-05-07 20:00:00,hourly,EM-01,Energy Meter 01,Energy Meter,Surface,,31.918,,,,,,0.76,Running,0,0,94.81,5.17,676,962.179,236.01,4.9912,77.8,,,,,,
2026-05-07 21:00:00,hourly,EM-01,Energy Meter 01,Energy Meter,Surface,,32.012,,,,,,0.69,Running,0,4,95.72,6.63,680,826.546,215.57,4.5451,49.34,,,,,,
2026-05-07 22:00:00,hourly,EM-01,Energy Meter 01,Energy Meter,Surface,,31.661,,,,,,0.65,Running,0,2,95.32,8.43,675,931.264,243.92,4.9794,75.84,,,,,,
2026-05-07 23:00:00,hourly,EM-01,Energy Meter 01,Energy Meter,Surface,,29.738,,,,,,0.73,Running,0,3,95.92,7.35,677,900.234,234.17,4.6542,48.64,,,,,,
2026-05-08 00:00:00,hourly,EM-01,Energy Meter 01,Energy Meter,Surface,,30.748,,,,,,0.98,Running,0,3,94.7,4.13,677,1034.845,264.36,5.8619,76.51,,,,,,
2026-05-08 01:00:00,hourly,EM-01,Energy Meter 01,Energy Meter,Surface,,31.447,,,,,,0.72,Running,0,7,92.37,10.08,675,850.307,204.72,4.8053,42.78,,,,,,
2026-05-08 02:00:00,hourly,EM-01,Energy Meter 01,Energy Meter,Surface,,30.208,,,,,,0.81,Running,0,2,96.5,4.08,677,980.061,244.33,6.1823,60.61,,,,,,
2026-05-08 03:00:00,hourly,EM-01,Energy Meter 01,Energy Meter,Surface,,31.52,,,,,,0.81,Running,0,1,94.07,7.04,668,899.447,241.49,4.9402,63.59,,,,,,
2026-05-08 04:00:00,hourly,EM-01,Energy Meter 01,Energy Meter,Surface,,32.075,,,,,,0.98,Running,0,1,95.76,2.72,678,893.97,221.71,4.5515,72.05,,,,,,
2026-05-08 05:00:00,hourly,EM-01,Energy Meter 01,Energy Meter,Surface,,29.883,,,,,,0.65,Running,0,2,95.3,9.25,681,1011.771,256.02,5.643,87.57,,,,,,
2026-05-08 06:00:00,hourly,EM-01,Energy Meter 01,Energy Meter,Surface,,29.201,,,,,,0.76,Running,0,0,98.84,1.33,667,889.427,210.33,5.2316,79.15,,,,,,
2026-05-08 07:00:00,hourly,EM-01,Energy Meter 01,Energy Meter,Surface,,31.106,,,,,,0.84,Running,0,2,91.01,10.57,678,866.407,220.87,4.5453,71.32,,,,,,
2026-05-08 08:00:00,hourly,EM-01,Energy Meter 01,Energy Meter,Surface,,33.451,,,,,,0.81,Running,0,4,94.25,8.71,675,892.171,217.58,5.4817,44.25,,,,,,
2026-05-08 09:00:00,hourly,EM-01,Energy Meter 01,Energy Meter,Surface,,30.957,,,,,,0.79,Running,0,2,95.89,5.35,673,859.842,212.78,4.9798,70.96,,,,,,
2026-05-08 10:00:00,hourly,EM-01,Energy Meter 01,Energy Meter,Surface,,29.737,,,,,,0.86,Running,1,2,92.72,11.8,671,828.524,185.02,4.8191,57.4,,,,,,
2026-05-08 11:00:00,hourly,EM-01,Energy Meter 01,Energy Meter,Surface,,31.567,,,,,,0.65,Running,0,0,95.22,5.65,671,873.521,217.91,4.5815,51.26,,,,,,
2026-05-08 12:00:00,hourly,EM-01,Energy Meter 01,Energy Meter,Surface,,31.339,,,,,,0.79,Running,0,8,92.6,9.43,673,823.688,213.05,4.5077,45.42,,,,,,
2026-05-08 13:00:00,hourly,EM-01,Energy Meter 01,Energy Meter,Surface,,31.585,,,,,,0.77,Running,0,1,95.26,6.62,670,868.539,224.59,5.0227,66.07,,,,,,
2026-05-08 14:00:00,hourly,EM-01,Energy Meter 01,Energy Meter,Surface,,33.198,,,,,,0.89,Running,0,5,95.34,7.85,679,867.031,213.56,4.987,53.34,,,,,,
2026-05-08 15:00:00,hourly,EM-01,Energy Meter 01,Energy Meter,Surface,,29.797,,,,,,0.65,Running,0,1,96.41,3.01,665,935.304,239.93,5.1376,77.79,,,,,,
2026-05-08 16:00:00,hourly,EM-01,Energy Meter 01,Energy Meter,Surface,,31.765,,,,,,0.8,Running,0,1,95.7,3.16,674,842.78,218.35,4.6204,73.57,,,,,,
2026-05-08 17:00:00,hourly,EM-01,Energy Meter 01,Energy Meter,Surface,,30.99,,,,,,0.8,Running,0,4,93.71,9.77,666,956.025,232.81,5.259,80.81,,,,,,
2026-05-08 18:00:00,hourly,EM-01,Energy Meter 01,Energy Meter,Surface,,31.43,,,,,,0.78,Running,0,2,95.35,7.02,664,790.868,205.42,4.5987,49.99,,,,,,
2026-05-08 19:00:00,hourly,EM-01,Energy Meter 01,Energy Meter,Surface,,30.337,,,,,,0.77,Running,0,2,95.77,5.98,669,864.65,213.46,4.4821,72.75,,,,,,
2026-05-08 20:00:00,hourly,EM-01,Energy Meter 01,Energy Meter,Surface,,29.615,,,,,,0.81,Running,0,5,93.8,8.8,663,907.473,216.23,4.5565,63.46,,,,,,
2026-05-08 21:00:00,hourly,EM-01,Energy Meter 01,Energy Meter,Surface,,32.667,,,,,,0.9,Running,0,0,96.81,4.49,670,896.13,218.41,4.5492,44.1,,,,,,
2026-05-08 22:00:00,hourly,EM-01,Energy Meter 01,Energy Meter,Surface,,32.809,,,,,,0.87,Running,0,3,96.15,8.05,660,923.721,232.64,4.7451,41.02,,,,,,
2026-05-08 23:00:00,hourly,EM-01,Energy Meter 01,Energy Meter,Surface,,32.96,,,,,,0.76,Running,0,4,92.64,10.68,667,839.644,197.82,4.0263,35.46,,,,,,
2026-05-09 00:00:00,hourly,EM-01,Energy Meter 01,Energy Meter,Surface,,30.277,,,,,,0.76,Running,0,3,95.27,6.19,664,1034.399,242.08,6.0274,43.52,,,,,,
2026-05-09 01:00:00,hourly,EM-01,Energy Meter 01,Energy Meter,Surface,,30.863,,,,,,0.73,Running,0,2,93.58,6.87,660,1017.579,257.48,5.9035,82.27,,,,,,
2026-05-09 02:00:00,hourly,EM-01,Energy Meter 01,Energy Meter,Surface,,32.234,,,,,,0.9,Running,0,3,92.06,10.31,656,764.588,193.91,4.6817,35.64,,,,,,
2026-05-09 03:00:00,hourly,EM-01,Energy Meter 01,Energy Meter,Surface,,30.859,,,,,,0.77,Running,0,5,94.31,9.04,655,956.546,236.9,5.3991,80.67,,,,,,
2026-05-09 04:00:00,hourly,EM-01,Energy Meter 01,Energy Meter,Surface,,30.33,,,,,,0.72,Running,0,0,94.62,8.98,655,899.19,225.47,5.445,49.17,,,,,,
2026-05-09 05:00:00,hourly,EM-01,Energy Meter 01,Energy Meter,Surface,,31.432,,,,,,0.82,Running,0,0,98.62,0.0,662,912.912,233.41,4.6602,81.83,,,,,,
2026-05-09 06:00:00,hourly,EM-01,Energy Meter 01,Energy Meter,Surface,,29.78,,,,,,0.84,Running,0,2,94.34,9.65,657,914.166,214.79,5.0041,56.57,,,,,,
2026-05-09 07:00:00,hourly,EM-01,Energy Meter 01,Energy Meter,Surface,,29.195,,,,,,0.79,Running,0,4,95.27,6.34,660,872.401,196.53,4.9542,41.48,,,,,,
2026-05-09 08:00:00,hourly,EM-01,Energy Meter 01,Energy Meter,Surface,,33.362,,,,,,0.82,Running,0,8,95.69,10.7,656,913.266,234.73,5.4694,46.92,,,,,,
2026-05-09 09:00:00,hourly,EM-01,Energy Meter 01,Energy Meter,Surface,,30.713,,,,,,0.8,Running,0,3,94.62,9.93,651,1011.77,255.84,6.1429,51.28,,,,,,
2026-05-09 10:00:00,hourly,EM-01,Energy Meter 01,Energy Meter,Surface,,31.833,,,,,,0.85,Running,0,4,95.63,5.71,656,1029.509,261.5,5.924,49.55,,,,,,
2026-05-09 11:00:00,hourly,EM-01,Energy Meter 01,Energy Meter,Surface,,30.738,,,,,,0.83,Running,0,2,94.04,5.96,656,913.059,221.49,4.5764,72.86,,,,,,
2026-05-09 12:00:00,hourly,EM-01,Energy Meter 01,Energy Meter,Surface,,31.251,,,,,,0.76,Running,0,1,93.42,7.09,646,822.642,207.08,4.2446,38.78,,,,,,
2026-05-09 13:00:00,hourly,EM-01,Energy Meter 01,Energy Meter,Surface,,31.068,,,,,,0.86,Running,0,3,94.24,6.93,650,904.748,234.56,4.7832,58.13,,,,,,
2026-05-09 14:00:00,hourly,EM-01,Energy Meter 01,Energy Meter,Surface,,29.516,,,,,,0.74,Running,0,8,93.12,13.16,648,901.489,226.9,5.8557,73.05,,,,,,
2026-05-09 15:00:00,hourly,EM-01,Energy Meter 01,Energy Meter,Surface,,30.411,,,,,,0.73,Running,0,1,96.13,4.74,646,1006.309,247.3,5.6255,70.6,,,,,,
2026-05-09 16:00:00,hourly,EM-01,Energy Meter 01,Energy Meter,Surface,,31.734,,,,,,0.83,Running,0,0,95.04,7.31,651,847.622,213.55,4.7866,65.72,,,,,,
2026-05-09 17:00:00,hourly,EM-01,Energy Meter 01,Energy Meter,Surface,,31.342,,,,,,0.84,Running,0,3,94.36,7.54,650,807.034,212.36,4.701,36.69,,,,,,
2026-05-09 18:00:00,hourly,EM-01,Energy Meter 01,Energy Meter,Surface,,30.996,,,,,,0.88,Running,0,4,96.07,5.04,654,877.498,220.53,4.856,71.44,,,,,,
2026-05-09 19:00:00,hourly,EM-01,Energy Meter 01,Energy Meter,Surface,,28.973,,,,,,0.96,Running,0,3,94.18,7.24,651,959.265,230.64,5.669,67.04,,,,,,
2026-05-09 20:00:00,hourly,EM-01,Energy Meter 01,Energy Meter,Surface,,31.526,,,,,,0.67,Running,1,12,90.34,16.38,646,863.343,229.45,4.9739,34.73,,,,,,
2026-05-09 21:00:00,hourly,EM-01,Energy Meter 01,Energy Meter,Surface,,30.555,,,,,,0.77,Running,0,6,94.26,9.68,645,904.532,223.56,5.3325,73.4,,,,,,
2026-05-09 22:00:00,hourly,EM-01,Energy Meter 01,Energy Meter,Surface,,30.397,,,,,,0.82,Running,0,1,96.33,2.21,653,964.227,235.36,5.5938,70.24,,,,,,
2026-05-09 23:00:00,hourly,EM-01,Energy Meter 01,Energy Meter,Surface,,30.181,,,,,,0.95,Running,0,0,96.72,1.21,647,826.918,201.62,5.888,33.73,,,,,,
2026-05-10 00:00:00,hourly,EM-01,Energy Meter 01,Energy Meter,Surface,,31.095,,,,,,0.78,Running,0,3,93.14,11.15,649,912.933,232.09,5.0459,72.42,,,,,,
2026-05-10 01:00:00,hourly,EM-01,Energy Meter 01,Energy Meter,Surface,,30.903,,,,,,0.68,Running,0,4,94.16,10.26,638,933.713,228.43,4.9787,83.45,,,,,,
2026-05-10 02:00:00,hourly,EM-01,Energy Meter 01,Energy Meter,Surface,,30.611,,,,,,0.73,Running,0,0,96.26,3.31,637,957.886,226.21,5.6219,69.44,,,,,,
2026-05-10 03:00:00,hourly,EM-01,Energy Meter 01,Energy Meter,Surface,,32.362,,,,,,0.8,Running,0,6,92.71,9.28,640,894.345,227.03,4.623,73.64,,,,,,
2026-05-10 04:00:00,hourly,EM-01,Energy Meter 01,Energy Meter,Surface,,31.049,,,,,,0.84,Running,0,3,94.59,9.7,645,1011.615,254.46,5.9651,83.97,,,,,,
2026-05-10 05:00:00,hourly,EM-01,Energy Meter 01,Energy Meter,Surface,,29.553,,,,,,0.99,Running,0,3,95.58,7.39,647,889.755,223.06,5.3805,79.88,,,,,,
2026-05-10 06:00:00,hourly,EM-01,Energy Meter 01,Energy Meter,Surface,,30.377,,,,,,0.76,Running,0,1,97.32,3.69,637,967.722,233.55,5.0238,50.99,,,,,,
2026-05-10 07:00:00,hourly,EM-01,Energy Meter 01,Energy Meter,Surface,,31.226,,,,,,0.86,Running,0,2,94.34,9.01,641,986.649,243.22,5.6808,63.06,,,,,,
2026-05-10 08:00:00,hourly,EM-01,Energy Meter 01,Energy Meter,Surface,,31.683,,,,,,0.9,Running,0,2,92.82,9.5,640,766.225,194.97,4.1911,45.96,,,,,,
2026-05-10 09:00:00,hourly,EM-01,Energy Meter 01,Energy Meter,Surface,,30.019,,,,,,0.77,Running,0,4,93.81,7.8,633,1011.706,253.6,6.2274,75.88,,,,,,
2026-05-10 10:00:00,hourly,EM-01,Energy Meter 01,Energy Meter,Surface,,30.021,,,,,,0.95,Running,0,0,98.89,3.63,634,853.968,215.89,4.7946,61.25,,,,,,
2026-05-10 11:00:00,hourly,EM-01,Energy Meter 01,Energy Meter,Surface,,31.5,,,,,,0.77,Running,0,1,95.56,4.84,636,893.017,235.33,5.0698,56.01,,,,,,
2026-05-10 12:00:00,hourly,EM-01,Energy Meter 01,Energy Meter,Surface,,31.09,,,,,,0.73,Running,0,1,97.01,3.2,631,984.81,248.16,5.6129,85.18,,,,,,
2026-05-10 13:00:00,hourly,EM-01,Energy Meter 01,Energy Meter,Surface,,31.382,,,,,,0.94,Running,0,4,95.03,10.3,645,893.13,227.1,5.0839,76.04,,,,,,
2026-05-10 14:00:00,hourly,EM-01,Energy Meter 01,Energy Meter,Surface,,30.331,,,,,,0.81,Running,0,0,93.78,6.95,630,914.172,220.96,5.0164,42.52,,,,,,
2026-05-10 15:00:00,hourly,EM-01,Energy Meter 01,Energy Meter,Surface,,31.844,,,,,,0.72,Running,0,3,93.33,12.62,632,974.787,234.46,5.3736,61.14,,,,,,
2026-05-10 16:00:00,hourly,EM-01,Energy Meter 01,Energy Meter,Surface,,31.785,,,,,,0.78,Running,0,0,94.3,8.29,634,929.417,237.64,4.9913,37.5,,,,,,
2026-05-10 17:00:00,hourly,EM-01,Energy Meter 01,Energy Meter,Surface,,31.641,,,,,,0.75,Running,0,0,96.19,5.3,633,858.921,210.83,5.4992,59.63,,,,,,
2026-05-10 18:00:00,hourly,EM-01,Energy Meter 01,Energy Meter,Surface,,30.551,,,,,,0.77,Running,0,3,92.94,10.88,634,990.862,233.58,5.0043,82.39,,,,,,
2026-05-10 19:00:00,hourly,EM-01,Energy Meter 01,Energy Meter,Surface,,30.533,,,,,,0.83,Running,0,3,96.19,6.97,627,940.026,238.8,5.2998,66.98,,,,,,
2026-05-10 20:00:00,hourly,EM-01,Energy Meter 01,Energy Meter,Surface,,30.828,,,,,,0.78,Running,0,5,93.17,12.24,625,825.511,214.56,4.751,46.23,,,,,,
2026-05-10 21:00:00,hourly,EM-01,Energy Meter 01,Energy Meter,Surface,,29.246,,,,,,0.98,Running,0,3,94.54,7.15,630,912.222,219.48,4.9544,78.36,,,,,,
2026-05-10 22:00:00,hourly,EM-01,Energy Meter 01,Energy Meter,Surface,,30.601,,,,,,0.78,Running,0,2,94.92,7.95,625,939.518,221.01,5.2836,77.76,,,,,,
2026-05-10 23:00:00,hourly,EM-01,Energy Meter 01,Energy Meter,Surface,,31.876,,,,,,0.8,Running,0,3,95.98,4.69,625,895.287,235.18,4.9354,75.29,,,,,,
2026-05-11 00:00:00,hourly,EM-01,Energy Meter 01,Energy Meter,Surface,,30.164,,,,,,0.93,Running,0,2,94.54,6.5,624,821.498,215.72,4.681,63.24,,,,,,
2026-05-11 01:00:00,hourly,EM-01,Energy Meter 01,Energy Meter,Surface,,32.809,,,,,,0.91,Running,0,0,95.85,6.01,623,836.254,217.16,4.4752,37.07,,,,,,
2026-05-11 02:00:00,hourly,EM-01,Energy Meter 01,Energy Meter,Surface,,29.732,,,,,,0.87,Running,0,7,94.5,9.13,620,879.132,213.1,5.4708,60.8,,,,,,
2026-05-11 03:00:00,hourly,EM-01,Energy Meter 01,Energy Meter,Surface,,30.04,,,,,,0.78,Running,0,1,95.62,4.25,621,940.902,232.83,5.1452,63.77,,,,,,
2026-05-11 04:00:00,hourly,EM-01,Energy Meter 01,Energy Meter,Surface,,30.297,,,,,,0.93,Running,0,1,94.96,3.82,623,989.059,250.44,5.688,85.62,,,,,,
2026-05-11 05:00:00,hourly,EM-01,Energy Meter 01,Energy Meter,Surface,,31.56,,,,,,0.78,Running,0,3,95.3,4.49,628,834.989,215.85,5.2786,66.87,,,,,,
2026-05-11 06:00:00,hourly,EM-01,Energy Meter 01,Energy Meter,Surface,,30.637,,,,,,0.73,Running,0,1,95.28,5.61,631,884.269,219.99,4.5757,46.2,,,,,,
2026-05-11 07:00:00,hourly,EM-01,Energy Meter 01,Energy Meter,Surface,,29.759,,,,,,0.76,Running,0,7,94.82,9.78,626,793.223,219.49,4.5203,61.77,,,,,,
2026-05-11 08:00:00,hourly,EM-01,Energy Meter 01,Energy Meter,Surface,,31.517,,,,,,0.88,Running,0,1,96.84,2.69,622,917.041,234.07,4.7722,53.92,,,,,,
2026-05-11 09:00:00,hourly,EM-01,Energy Meter 01,Energy Meter,Surface,,31.246,,,,,,0.79,Running,0,3,95.93,6.65,625,1009.675,253.45,5.35,59.57,,,,,,
2026-05-11 10:00:00,hourly,EM-01,Energy Meter 01,Energy Meter,Surface,,30.217,,,,,,0.83,Running,0,4,95.25,8.87,619,980.505,243.9,5.7297,83.96,,,,,,
2026-05-11 11:00:00,hourly,EM-01,Energy Meter 01,Energy Meter,Surface,,32.715,,,,,,0.73,Running,0,2,94.1,6.67,620,902.758,227.54,4.6537,39.73,,,,,,
2026-05-11 12:00:00,hourly,EM-01,Energy Meter 01,Energy Meter,Surface,,31.717,,,,,,0.88,Running,0,3,98.84,4.3,622,898.957,227.84,5.0734,43.6,,,,,,
2026-05-11 13:00:00,hourly,EM-01,Energy Meter 01,Energy Meter,Surface,,31.559,,,,,,0.75,Running,0,3,97.43,4.71,620,897.24,215.34,5.2183,54.49,,,,,,
2026-05-11 14:00:00,hourly,EM-01,Energy Meter 01,Energy Meter,Surface,,30.389,,,,,,0.74,Running,0,0,93.37,7.3,621,900.984,215.66,5.3599,56.03,,,,,,
2026-05-11 15:00:00,hourly,EM-01,Energy Meter 01,Energy Meter,Surface,,29.96,,,,,,0.79,Running,0,1,95.93,4.86,619,920.383,224.16,5.4017,78.63,,,,,,
2026-05-11 16:00:00,hourly,EM-01,Energy Meter 01,Energy Meter,Surface,,32.431,,,,,,0.71,Running,0,2,96.96,2.63,613,897.066,221.71,4.8636,64.28,,,,,,
2026-05-11 17:00:00,hourly,EM-01,Energy Meter 01,Energy Meter,Surface,,30.1,,,,,,0.74,Running,0,0,95.75,5.38,618,918.379,230.93,5.3656,63.02,,,,,,
2026-05-11 18:00:00,hourly,EM-01,Energy Meter 01,Energy Meter,Surface,,31.515,,,,,,0.74,Running,0,1,94.95,7.82,611,851.147,209.23,4.5973,64.57,,,,,,
2026-05-11 19:00:00,hourly,EM-01,Energy Meter 01,Energy Meter,Surface,,31.92,,,,,,0.83,Running,0,5,93.97,7.08,617,945.694,236.23,5.4397,40.96,,,,,,
2026-05-11 20:00:00,hourly,EM-01,Energy Meter 01,Energy Meter,Surface,,29.587,,,,,,0.75,Running,0,3,95.71,6.69,611,956.022,227.62,4.9947,63.47,,,,,,
2026-05-11 21:00:00,hourly,EM-01,Energy Meter 01,Energy Meter,Surface,,30.782,,,,,,0.84,Running,0,3,93.5,9.4,607,1067.919,276.66,6.0891,79.32,,,,,,
2026-05-11 22:00:00,hourly,EM-01,Energy Meter 01,Energy Meter,Surface,,30.02,,,,,,0.8,Running,0,3,94.34,5.75,606,948.668,226.11,5.3371,78.41,,,,,,
2026-05-11 23:00:00,hourly,EM-01,Energy Meter 01,Energy Meter,Surface,,31.361,,,,,,0.77,Running,1,8,94.11,8.94,619,909.77,229.9,5.1012,37.14,,,,,,
2026-05-12 00:00:00,hourly,EM-01,Energy Meter 01,Energy Meter,Surface,,30.17,,,,,,0.91,Running,0,1,95.76,8.03,606,1015.389,245.68,5.5729,54.05,,,,,,
2026-05-12 01:00:00,hourly,EM-01,Energy Meter 01,Energy Meter,Surface,,30.106,,,,,,0.68,Running,0,0,97.12,3.51,613,1003.424,254.05,5.5609,50.85,,,,,,
2026-05-12 02:00:00,hourly,EM-01,Energy Meter 01,Energy Meter,Surface,,29.672,,,,,,0.86,Running,0,8,94.16,9.59,611,876.319,231.55,5.2002,72.85,,,,,,
2026-05-12 03:00:00,hourly,EM-01,Energy Meter 01,Energy Meter,Surface,,30.917,,,,,,0.72,Running,0,4,94.32,5.86,612,1023.665,262.46,5.0465,61.12,,,,,,
2026-05-12 04:00:00,hourly,EM-01,Energy Meter 01,Energy Meter,Surface,,29.301,,,,,,0.75,Running,0,2,96.99,7.24,603,939.83,227.86,5.0032,82.15,,,,,,
2026-05-12 05:00:00,hourly,EM-01,Energy Meter 01,Energy Meter,Surface,,32.478,,,,,,0.78,Running,0,4,94.07,9.47,605,835.567,210.77,4.3721,65.26,,,,,,
2026-05-12 06:00:00,hourly,EM-01,Energy Meter 01,Energy Meter,Surface,,30.78,,,,,,0.79,Running,0,9,90.41,14.79,602,876.255,216.18,4.5139,72.83,,,,,,
2026-05-12 07:00:00,hourly,EM-01,Energy Meter 01,Energy Meter,Surface,,31.808,,,,,,0.81,Running,0,1,97.88,1.59,609,882.619,210.12,4.974,72.27,,,,,,
2026-05-12 08:00:00,hourly,EM-01,Energy Meter 01,Energy Meter,Surface,,30.906,,,,,,0.82,Running,0,4,96.52,6.23,610,1009.13,260.22,5.3136,48.33,,,,,,
2026-05-12 09:00:00,hourly,EM-01,Energy Meter 01,Energy Meter,Surface,,31.294,,,,,,0.77,Running,0,1,96.2,6.11,604,930.75,251.33,4.7438,39.51,,,,,,
2026-05-12 10:00:00,hourly,EM-01,Energy Meter 01,Energy Meter,Surface,,29.686,,,,,,0.62,Running,0,3,95.51,7.73,612,926.236,241.91,4.699,64.18,,,,,,
2026-05-12 11:00:00,hourly,EM-01,Energy Meter 01,Energy Meter,Surface,,31.521,,,,,,0.75,Running,0,9,94.78,9.87,603,916.709,219.44,4.7936,39.97,,,,,,
2026-05-12 12:00:00,hourly,EM-01,Energy Meter 01,Energy Meter,Surface,,29.789,,,,,,0.88,Running,0,6,91.91,10.31,601,1039.113,276.39,5.8588,71.23,,,,,,
2026-05-12 13:00:00,hourly,EM-01,Energy Meter 01,Energy Meter,Surface,,32.342,,,,,,0.86,Running,0,8,94.55,10.19,601,907.817,222.0,4.6273,47.04,,,,,,
2026-05-12 14:00:00,hourly,EM-01,Energy Meter 01,Energy Meter,Surface,,30.464,,,,,,0.86,Running,0,4,94.51,9.17,602,895.322,220.55,5.4373,78.26,,,,,,
2026-05-12 15:00:00,hourly,EM-01,Energy Meter 01,Energy Meter,Surface,,31.669,,,,,,0.79,Running,0,1,94.68,5.07,594,991.556,241.94,5.7542,61.76,,,,,,
2026-05-12 16:00:00,hourly,EM-01,Energy Meter 01,Energy Meter,Surface,,29.747,,,,,,0.85,Running,0,1,95.8,9.14,600,930.273,233.84,6.1081,66.4,,,,,,
2026-05-12 17:00:00,hourly,EM-01,Energy Meter 01,Energy Meter,Surface,,31.722,,,,,,0.77,Running,0,1,97.29,2.71,597,1004.978,234.83,5.6765,70.18,,,,,,
2026-05-12 18:00:00,hourly,EM-01,Energy Meter 01,Energy Meter,Surface,,29.291,,,,,,0.78,Running,0,5,94.75,7.73,596,895.398,216.06,5.1162,77.15,,,,,,
2026-05-12 19:00:00,hourly,EM-01,Energy Meter 01,Energy Meter,Surface,,29.374,,,,,,0.76,Running,0,3,94.54,8.12,596,931.001,242.12,5.3404,75.52,,,,,,
2026-05-12 20:00:00,hourly,EM-01,Energy Meter 01,Energy Meter,Surface,,32.015,,,,,,0.89,Running,0,0,97.27,1.89,600,1028.142,277.77,5.7963,81.84,,,,,,
2026-05-12 21:00:00,hourly,EM-01,Energy Meter 01,Energy Meter,Surface,,31.916,,,,,,0.6,Running,1,2,93.59,10.69,595,890.497,204.9,5.3376,49.9,,,,,,
2026-05-12 22:00:00,hourly,EM-01,Energy Meter 01,Energy Meter,Surface,,30.522,,,,,,0.82,Running,0,6,94.81,6.38,590,978.795,253.14,5.2201,56.21,,,,,,
2026-05-12 23:00:00,hourly,EM-01,Energy Meter 01,Energy Meter,Surface,,30.609,,,,,,0.82,Running,0,1,94.9,4.58,594,827.482,197.21,4.6663,48.65,,,,,,
2026-05-13 00:00:00,hourly,EM-01,Energy Meter 01,Energy Meter,Surface,,30.84,,,,,,0.83,Running,0,3,93.58,7.33,592,964.615,237.46,5.4779,56.49,,,,,,
2026-05-13 01:00:00,hourly,EM-01,Energy Meter 01,Energy Meter,Surface,,31.261,,,,,,0.8,Running,0,3,94.3,4.34,592,881.199,210.18,5.376,74.11,,,,,,
2026-05-13 02:00:00,hourly,EM-01,Energy Meter 01,Energy Meter,Surface,,31.966,,,,,,0.91,Running,0,2,94.32,5.28,591,973.467,251.38,5.8031,62.52,,,,,,
2026-05-13 03:00:00,hourly,EM-01,Energy Meter 01,Energy Meter,Surface,,30.639,,,,,,0.81,Running,0,0,96.08,7.45,592,852.886,217.81,5.0541,62.49,,,,,,
2026-05-13 04:00:00,hourly,EM-01,Energy Meter 01,Energy Meter,Surface,,29.416,,,,,,0.79,Running,0,0,94.38,4.8,585,981.563,246.36,5.2862,50.37,,,,,,
2026-05-13 05:00:00,hourly,EM-01,Energy Meter 01,Energy Meter,Surface,,30.893,,,,,,0.86,Running,0,1,94.42,8.5,584,916.138,235.25,4.2984,81.85,,,,,,
2026-05-13 06:00:00,hourly,EM-01,Energy Meter 01,Energy Meter,Surface,,30.241,,,,,,0.68,Running,0,0,95.59,5.0,588,944.49,241.13,5.1644,83.18,,,,,,
2026-05-13 07:00:00,hourly,EM-01,Energy Meter 01,Energy Meter,Surface,,32.28,,,,,,0.75,Running,0,8,94.05,10.48,587,927.104,222.72,4.8952,65.08,,,,,,
2026-05-13 08:00:00,hourly,EM-01,Energy Meter 01,Energy Meter,Surface,,30.601,,,,,,0.89,Running,0,6,93.37,9.23,584,913.502,231.03,4.801,78.6,,,,,,
2026-05-13 09:00:00,hourly,EM-01,Energy Meter 01,Energy Meter,Surface,,32.173,,,,,,0.83,Running,0,0,99.07,0.0,578,880.081,214.95,5.4843,71.91,,,,,,
2026-05-13 10:00:00,hourly,EM-01,Energy Meter 01,Energy Meter,Surface,,30.94,,,,,,0.7,Running,0,1,94.73,8.53,587,861.933,209.42,4.4475,38.5,,,,,,
2026-05-13 11:00:00,hourly,EM-01,Energy Meter 01,Energy Meter,Surface,,30.33,,,,,,1.0,Running,0,2,95.18,5.97,583,961.485,244.45,5.2533,85.09,,,,,,
2026-05-13 12:00:00,hourly,EM-01,Energy Meter 01,Energy Meter,Surface,,32.153,,,,,,0.8,Running,0,6,94.38,9.19,586,851.39,223.51,4.4149,46.88,,,,,,
2026-05-13 13:00:00,hourly,EM-01,Energy Meter 01,Energy Meter,Surface,,30.2,,,,,,0.75,Running,0,0,92.41,11.27,585,910.14,226.94,5.4278,45.72,,,,,,
2026-05-13 14:00:00,hourly,EM-01,Energy Meter 01,Energy Meter,Surface,,30.977,,,,,,0.7,Running,0,5,93.98,6.31,586,858.771,227.93,4.6856,76.88,,,,,,
2026-05-13 15:00:00,hourly,EM-01,Energy Meter 01,Energy Meter,Surface,,30.63,,,,,,0.92,Running,0,7,93.02,9.5,578,898.803,222.1,4.7727,40.55,,,,,,
2026-05-13 16:00:00,hourly,EM-01,Energy Meter 01,Energy Meter,Surface,,30.167,,,,,,0.74,Running,0,2,95.67,4.91,582,806.479,188.09,4.5071,58.13,,,,,,
2026-05-13 17:00:00,hourly,EM-01,Energy Meter 01,Energy Meter,Surface,,31.288,,,,,,0.78,Running,0,1,95.46,5.82,589,990.208,236.78,5.9595,85.78,,,,,,
2026-05-13 18:00:00,hourly,EM-01,Energy Meter 01,Energy Meter,Surface,,30.38,,,,,,0.84,Running,0,0,95.72,5.7,581,962.554,228.03,6.0515,86.2,,,,,,
2026-05-13 19:00:00,hourly,EM-01,Energy Meter 01,Energy Meter,Surface,,30.144,,,,,,0.65,Running,0,4,93.22,6.3,586,916.467,232.41,4.8626,76.69,,,,,,
2026-05-13 20:00:00,hourly,EM-01,Energy Meter 01,Energy Meter,Surface,,30.798,,,,,,0.88,Running,0,10,91.59,12.36,582,930.434,248.05,4.9777,79.11,,,,,,
2026-05-13 21:00:00,hourly,EM-01,Energy Meter 01,Energy Meter,Surface,,30.367,,,,,,0.74,Running,0,6,91.15,11.72,575,990.154,256.91,5.7676,63.32,,,,,,
2026-05-13 22:00:00,hourly,EM-01,Energy Meter 01,Energy Meter,Surface,,30.565,,,,,,0.9,Running,0,2,95.42,3.85,587,887.287,229.14,4.6763,77.93,,,,,,
2026-05-13 23:00:00,hourly,EM-01,Energy Meter 01,Energy Meter,Surface,,30.831,,,,,,0.83,Running,0,3,94.14,5.86,582,998.212,262.69,5.7609,49.62,,,,,,
2026-05-14 00:00:00,hourly,EM-01,Energy Meter 01,Energy Meter,Surface,,31.565,,,,,,0.9,Running,0,3,92.73,6.69,571,877.193,224.79,5.2177,46.28,,,,,,
2026-05-14 01:00:00,hourly,EM-01,Energy Meter 01,Energy Meter,Surface,,30.509,,,,,,0.83,Running,0,5,95.65,9.98,575,917.271,238.5,4.9571,46.35,,,,,,
2026-05-14 02:00:00,hourly,EM-01,Energy Meter 01,Energy Meter,Surface,,29.673,,,,,,0.89,Running,0,4,96.16,5.3,582,836.176,209.91,5.2562,62.51,,,,,,
2026-05-14 03:00:00,hourly,EM-01,Energy Meter 01,Energy Meter,Surface,,31.477,,,,,,0.85,Running,0,4,94.66,8.2,576,1002.156,243.51,5.4936,41.8,,,,,,
2026-05-14 04:00:00,hourly,EM-01,Energy Meter 01,Energy Meter,Surface,,30.364,,,,,,0.81,Running,1,5,93.82,11.51,566,902.511,215.72,5.654,46.25,,,,,,
2026-05-14 05:00:00,hourly,EM-01,Energy Meter 01,Energy Meter,Surface,,31.313,,,,,,0.84,Running,0,3,94.39,13.29,570,940.018,231.89,5.6652,58.85,,,,,,
2026-05-14 06:00:00,hourly,EM-01,Energy Meter 01,Energy Meter,Surface,,32.069,,,,,,0.57,Running,0,2,96.62,3.29,569,873.531,204.49,4.9825,50.87,,,,,,
2026-05-14 07:00:00,hourly,EM-01,Energy Meter 01,Energy Meter,Surface,,30.914,,,,,,0.77,Running,0,2,96.44,3.93,577,907.312,224.05,4.8168,36.47,,,,,,
2026-05-14 08:00:00,hourly,EM-01,Energy Meter 01,Energy Meter,Surface,,30.086,,,,,,0.91,Running,0,2,94.38,5.84,572,859.24,212.23,5.5296,44.3,,,,,,
2026-05-14 09:00:00,hourly,EM-01,Energy Meter 01,Energy Meter,Surface,,30.739,,,,,,0.71,Running,0,4,94.95,6.74,568,868.741,224.27,4.6036,37.08,,,,,,
2026-05-14 10:00:00,hourly,EM-01,Energy Meter 01,Energy Meter,Surface,,30.188,,,,,,0.76,Running,0,0,100.0,0.0,566,821.658,204.23,4.2319,42.44,,,,,,
2026-05-14 11:00:00,hourly,EM-01,Energy Meter 01,Energy Meter,Surface,,30.144,,,,,,0.69,Running,0,3,98.11,5.24,571,903.632,236.11,4.9417,59.37,,,,,,
2026-05-14 12:00:00,hourly,EM-01,Energy Meter 01,Energy Meter,Surface,,30.577,,,,,,0.67,Running,0,4,94.8,8.27,567,876.578,215.52,4.9295,50.91,,,,,,
2026-05-14 13:00:00,hourly,EM-01,Energy Meter 01,Energy Meter,Surface,,29.731,,,,,,0.78,Running,0,1,97.01,3.75,567,1051.658,254.88,5.8543,85.45,,,,,,
2026-05-14 14:00:00,hourly,EM-01,Energy Meter 01,Energy Meter,Surface,,29.88,,,,,,0.84,Running,0,2,95.34,3.59,568,851.299,227.27,5.232,50.16,,,,,,
2026-05-14 15:00:00,hourly,EM-01,Energy Meter 01,Energy Meter,Surface,,31.63,,,,,,0.79,Running,0,0,97.09,6.94,566,876.806,228.56,4.8895,52.58,,,,,,
2026-05-14 16:00:00,hourly,EM-01,Energy Meter 01,Energy Meter,Surface,,31.093,,,,,,0.71,Running,0,4,93.57,8.1,559,963.948,242.14,5.2487,53.74,,,,,,
2026-05-14 17:00:00,hourly,EM-01,Energy Meter 01,Energy Meter,Surface,,31.258,,,,,,0.71,Running,0,1,95.9,9.2,567,858.486,209.92,3.8324,41.06,,,,,,
2026-05-14 18:00:00,hourly,EM-01,Energy Meter 01,Energy Meter,Surface,,31.667,,,,,,0.73,Running,0,3,96.35,4.5,567,909.311,245.67,4.6544,45.55,,,,,,
2026-05-14 19:00:00,hourly,EM-01,Energy Meter 01,Energy Meter,Surface,,29.119,,,,,,0.78,Running,0,0,94.68,7.59,571,960.445,240.45,5.3969,82.94,,,,,,
2026-05-14 20:00:00,hourly,EM-01,Energy Meter 01,Energy Meter,Surface,,30.635,,,,,,0.73,Running,0,2,94.03,5.86,559,955.912,246.08,5.6921,62.53,,,,,,
2026-05-14 21:00:00,hourly,EM-01,Energy Meter 01,Energy Meter,Surface,,32.451,,,,,,0.9,Running,0,5,95.07,9.31,566,919.509,242.01,4.9965,78.72,,,,,,
2026-05-14 22:00:00,hourly,EM-01,Energy Meter 01,Energy Meter,Surface,,32.646,,,,,,0.75,Running,0,3,92.54,7.1,565,910.992,231.42,5.082,63.72,,,,,,
2026-05-14 23:00:00,hourly,EM-01,Energy Meter 01,Energy Meter,Surface,,30.261,,,,,,0.77,Running,0,2,94.07,9.85,564,974.405,234.44,5.2863,55.76,,,,,,
2026-05-15 00:00:00,hourly,EM-01,Energy Meter 01,Energy Meter,Surface,,30.057,,,,,,0.85,Running,0,8,93.82,11.41,560,989.476,246.01,5.9084,88.52,,,,,,
2026-05-15 01:00:00,hourly,EM-01,Energy Meter 01,Energy Meter,Surface,,28.887,,,,,,0.65,Running,0,0,96.06,2.18,555,920.375,226.12,5.7534,39.91,,,,,,
2026-05-15 02:00:00,hourly,EM-01,Energy Meter 01,Energy Meter,Surface,,30.521,,,,,,0.93,Running,0,3,95.52,8.14,556,947.191,236.7,5.131,81.66,,,,,,
2026-05-15 03:00:00,hourly,EM-01,Energy Meter 01,Energy Meter,Surface,,31.509,,,,,,0.87,Running,0,2,95.72,8.87,552,885.005,223.96,5.0838,53.94,,,,,,
2026-05-15 04:00:00,hourly,EM-01,Energy Meter 01,Energy Meter,Surface,,31.831,,,,,,0.87,Running,0,3,96.57,5.67,550,984.82,243.17,5.4793,78.38,,,,,,
2026-05-15 05:00:00,hourly,EM-01,Energy Meter 01,Energy Meter,Surface,,29.623,,,,,,0.75,Running,1,3,92.89,11.12,558,962.495,237.79,5.7653,77.18,,,,,,
2026-05-15 06:00:00,hourly,EM-01,Energy Meter 01,Energy Meter,Surface,,30.737,,,,,,0.74,Running,0,2,97.27,4.59,551,896.743,225.49,4.6446,49.62,,,,,,
2026-05-15 07:00:00,hourly,EM-01,Energy Meter 01,Energy Meter,Surface,,30.398,,,,,,0.76,Running,0,2,96.14,5.54,546,884.548,209.14,5.3764,38.88,,,,,,
2026-05-15 08:00:00,hourly,EM-01,Energy Meter 01,Energy Meter,Surface,,29.851,,,,,,0.78,Running,0,3,92.47,8.49,554,1024.388,253.5,5.3905,81.34,,,,,,
2026-05-15 09:00:00,hourly,EM-01,Energy Meter 01,Energy Meter,Surface,,30.313,,,,,,0.91,Running,0,2,95.91,5.61,556,885.73,223.73,4.9437,68.01,,,,,,
2026-05-15 10:00:00,hourly,EM-01,Energy Meter 01,Energy Meter,Surface,,31.767,,,,,,0.65,Running,0,2,95.57,5.59,554,903.433,227.35,5.1016,48.13,,,,,,
2026-05-15 11:00:00,hourly,EM-01,Energy Meter 01,Energy Meter,Surface,,31.405,,,,,,0.91,Running,0,4,95.32,10.31,547,841.064,204.26,4.6228,69.24,,,,,,
2026-05-15 12:00:00,hourly,EM-01,Energy Meter 01,Energy Meter,Surface,,31.282,,,,,,0.79,Running,0,2,93.17,9.43,548,977.612,240.39,5.5125,66.13,,,,,,
2026-05-15 13:00:00,hourly,EM-01,Energy Meter 01,Energy Meter,Surface,,32.26,,,,,,0.89,Running,0,3,94.64,7.44,551,885.199,209.26,5.0239,69.2,,,,,,
2026-05-15 14:00:00,hourly,EM-01,Energy Meter 01,Energy Meter,Surface,,30.811,,,,,,0.84,Running,0,1,95.72,6.37,553,917.528,223.17,5.1109,58.5,,,,,,
2026-05-15 15:00:00,hourly,EM-01,Energy Meter 01,Energy Meter,Surface,,30.778,,,,,,0.86,Running,0,4,94.72,8.3,550,912.254,213.1,5.2447,40.7,,,,,,
2026-05-15 16:00:00,hourly,EM-01,Energy Meter 01,Energy Meter,Surface,,31.354,,,,,,0.89,Running,0,4,92.54,8.89,551,1058.399,262.66,5.7641,46.88,,,,,,
2026-05-15 17:00:00,hourly,EM-01,Energy Meter 01,Energy Meter,Surface,,29.922,,,,,,0.8,Running,1,0,94.07,10.2,546,1024.016,259.66,5.2401,75.43,,,,,,
2026-05-15 18:00:00,hourly,EM-01,Energy Meter 01,Energy Meter,Surface,,31.753,,,,,,0.73,Running,0,3,95.22,6.54,548,936.298,228.21,4.4522,84.22,,,,,,
2026-05-15 19:00:00,hourly,EM-01,Energy Meter 01,Energy Meter,Surface,,31.535,,,,,,0.74,Running,0,8,94.35,9.37,546,878.155,201.41,4.574,69.16,,,,,,
2026-05-15 20:00:00,hourly,EM-01,Energy Meter 01,Energy Meter,Surface,,31.298,,,,,,0.89,Running,0,1,97.65,1.48,540,924.916,238.11,4.9178,58.3,,,,,,
2026-05-15 21:00:00,hourly,EM-01,Energy Meter 01,Energy Meter,Surface,,30.219,,,,,,0.93,Running,0,2,95.84,5.55,537,913.29,230.0,5.8912,76.52,,,,,,
2026-05-15 22:00:00,hourly,EM-01,Energy Meter 01,Energy Meter,Surface,,31.605,,,,,,0.75,Running,0,2,95.78,8.88,540,1012.869,246.22,5.6861,65.12,,,,,,
2026-05-15 23:00:00,hourly,EM-01,Energy Meter 01,Energy Meter,Surface,,32.642,,,,,,0.9,Running,0,11,94.93,11.08,540,1072.099,260.67,6.2397,73.32,,,,,,
2026-05-16 00:00:00,hourly,EM-01,Energy Meter 01,Energy Meter,Surface,,31.455,,,,,,0.89,Running,1,9,93.93,9.83,547,937.45,241.53,5.8012,53.16,,,,,,
2026-05-16 01:00:00,hourly,EM-01,Energy Meter 01,Energy Meter,Surface,,30.365,,,,,,0.69,Running,0,1,97.35,1.47,541,965.762,244.92,5.021,71.41,,,,,,
2026-05-16 02:00:00,hourly,EM-01,Energy Meter 01,Energy Meter,Surface,,32.699,,,,,,0.88,Running,0,4,94.04,4.66,537,1035.574,264.52,6.4686,70.93,,,,,,
2026-05-16 03:00:00,hourly,EM-01,Energy Meter 01,Energy Meter,Surface,,31.369,,,,,,0.76,Running,0,2,94.75,8.69,539,949.575,225.27,5.5817,82.63,,,,,,
2026-05-16 04:00:00,hourly,EM-01,Energy Meter 01,Energy Meter,Surface,,32.662,,,,,,0.93,Running,1,1,94.5,11.67,540,869.821,221.8,5.4703,52.01,,,,,,
2026-05-16 05:00:00,hourly,EM-01,Energy Meter 01,Energy Meter,Surface,,29.968,,,,,,0.83,Running,0,11,92.42,9.84,537,911.728,219.51,5.1132,58.93,,,,,,
2026-05-16 06:00:00,hourly,EM-01,Energy Meter 01,Energy Meter,Surface,,30.258,,,,,,1.0,Running,0,2,95.34,6.15,535,918.176,218.2,4.7416,44.68,,,,,,
2026-05-16 07:00:00,hourly,EM-01,Energy Meter 01,Energy Meter,Surface,,31.734,,,,,,0.81,Running,0,1,96.19,5.89,535,875.114,218.53,5.2936,68.78,,,,,,
2026-05-16 08:00:00,hourly,EM-01,Energy Meter 01,Energy Meter,Surface,,28.303,,,,,,0.76,Running,0,7,93.71,13.85,537,921.448,234.22,5.3076,82.15,,,,,,
2026-05-16 09:00:00,hourly,EM-01,Energy Meter 01,Energy Meter,Surface,,32.838,,,,,,0.85,Running,0,1,94.15,8.58,535,827.471,207.14,4.364,73.57,,,,,,
2026-05-16 10:00:00,hourly,EM-01,Energy Meter 01,Energy Meter,Surface,,32.224,,,,,,0.87,Running,0,5,93.3,9.79,533,800.045,200.64,4.1008,51.1,,,,,,
2026-05-16 11:00:00,hourly,EM-01,Energy Meter 01,Energy Meter,Surface,,30.26,,,,,,0.86,Running,0,1,97.49,2.78,531,915.313,219.49,5.0796,60.84,,,,,,
2026-05-16 12:00:00,hourly,EM-01,Energy Meter 01,Energy Meter,Surface,,32.177,,,,,,0.78,Running,0,4,95.3,6.8,535,905.738,210.64,5.4854,49.8,,,,,,
2026-05-16 13:00:00,hourly,EM-01,Energy Meter 01,Energy Meter,Surface,,31.013,,,,,,0.88,Running,0,1,96.72,6.88,531,1026.354,260.18,5.8264,90.87,,,,,,
2026-05-16 14:00:00,hourly,EM-01,Energy Meter 01,Energy Meter,Surface,,30.722,,,,,,0.72,Running,0,1,93.95,7.2,534,890.825,224.62,5.0939,40.78,,,,,,
2026-05-16 15:00:00,hourly,EM-01,Energy Meter 01,Energy Meter,Surface,,29.986,,,,,,0.63,Running,0,1,95.49,8.24,537,937.892,230.53,5.4302,74.0,,,,,,
2026-05-16 16:00:00,hourly,EM-01,Energy Meter 01,Energy Meter,Surface,,31.986,,,,,,0.84,Running,0,6,92.1,13.08,526,894.583,220.02,5.45,60.84,,,,,,
2026-05-16 17:00:00,hourly,EM-01,Energy Meter 01,Energy Meter,Surface,,31.651,,,,,,0.99,Running,0,2,93.64,7.34,529,809.79,203.19,4.2937,58.52,,,,,,
2026-05-16 18:00:00,hourly,EM-01,Energy Meter 01,Energy Meter,Surface,,31.244,,,,,,0.86,Running,0,3,97.85,4.63,523,916.95,225.87,5.2149,65.67,,,,,,
2026-05-16 19:00:00,hourly,EM-01,Energy Meter 01,Energy Meter,Surface,,29.819,,,,,,0.75,Running,0,4,95.25,10.79,527,933.534,239.01,5.904,57.71,,,,,,
2026-05-16 20:00:00,hourly,EM-01,Energy Meter 01,Energy Meter,Surface,,31.483,,,,,,0.79,Running,0,3,94.06,5.89,535,887.374,227.81,4.7481,58.58,,,,,,
2026-05-16 21:00:00,hourly,EM-01,Energy Meter 01,Energy Meter,Surface,,31.956,,,,,,0.81,Running,0,2,91.64,11.42,529,908.36,226.37,4.5404,68.01,,,,,,
2026-05-16 22:00:00,hourly,EM-01,Energy Meter 01,Energy Meter,Surface,,32.725,,,,,,0.74,Running,0,3,94.88,7.71,524,977.083,242.44,5.3301,85.55,,,,,,
2026-05-16 23:00:00,hourly,EM-01,Energy Meter 01,Energy Meter,Surface,,30.831,,,,,,0.73,Running,0,4,93.91,9.32,527,904.158,228.16,5.3919,54.63,,,,,,
2026-05-17 00:00:00,hourly,EM-01,Energy Meter 01,Energy Meter,Surface,,30.459,,,,,,0.84,Running,0,1,95.93,3.81,520,997.047,226.2,4.8556,62.11,,,,,,
2026-05-17 01:00:00,hourly,EM-01,Energy Meter 01,Energy Meter,Surface,,29.93,,,,,,0.85,Running,0,2,92.25,8.36,520,933.631,232.88,5.1968,45.54,,,,,,
2026-05-17 02:00:00,hourly,EM-01,Energy Meter 01,Energy Meter,Surface,,31.084,,,,,,0.74,Running,0,2,96.0,4.14,526,984.175,233.17,5.2009,72.5,,,,,,
2026-05-17 03:00:00,hourly,EM-01,Energy Meter 01,Energy Meter,Surface,,31.825,,,,,,0.7,Running,0,0,93.84,8.83,521,1015.812,257.32,5.7949,87.27,,,,,,
2026-05-17 04:00:00,hourly,EM-01,Energy Meter 01,Energy Meter,Surface,,32.948,,,,,,0.8,Running,0,3,92.91,9.01,521,866.699,223.9,5.0345,57.74,,,,,,
2026-05-17 05:00:00,hourly,EM-01,Energy Meter 01,Energy Meter,Surface,,31.495,,,,,,0.78,Running,0,3,94.86,8.95,521,985.362,225.96,5.2206,51.22,,,,,,
2026-05-17 06:00:00,hourly,EM-01,Energy Meter 01,Energy Meter,Surface,,32.327,,,,,,0.86,Running,0,0,97.46,5.98,520,1000.194,255.44,5.9408,63.17,,,,,,
2026-05-17 07:00:00,hourly,EM-01,Energy Meter 01,Energy Meter,Surface,,31.143,,,,,,0.75,Running,0,0,95.71,4.3,525,985.293,245.48,5.6377,62.78,,,,,,
2026-05-17 08:00:00,hourly,EM-01,Energy Meter 01,Energy Meter,Surface,,31.712,,,,,,0.84,Running,0,3,95.05,7.61,513,904.919,230.2,5.0681,46.93,,,,,,
2026-05-17 09:00:00,hourly,EM-01,Energy Meter 01,Energy Meter,Surface,,30.46,,,,,,0.84,Running,0,1,93.69,9.05,515,755.725,196.89,3.8713,51.29,,,,,,
2026-05-17 10:00:00,hourly,EM-01,Energy Meter 01,Energy Meter,Surface,,31.272,,,,,,0.87,Running,1,0,96.81,9.57,519,1067.963,268.76,6.5482,75.63,,,,,,
2026-05-17 11:00:00,hourly,EM-01,Energy Meter 01,Energy Meter,Surface,,29.995,,,,,,0.8,Running,0,1,95.1,6.03,512,826.702,207.79,4.2895,43.59,,,,,,
2026-05-17 12:00:00,hourly,EM-01,Energy Meter 01,Energy Meter,Surface,,32.093,,,,,,0.76,Running,0,6,91.38,12.91,513,1040.692,250.88,5.4986,65.23,,,,,,
2026-05-17 13:00:00,hourly,EM-01,Energy Meter 01,Energy Meter,Surface,,33.13,,,,,,0.79,Running,0,5,95.75,9.95,519,851.01,205.77,4.5502,61.74,,,,,,
2026-05-17 14:00:00,hourly,EM-01,Energy Meter 01,Energy Meter,Surface,,31.175,,,,,,0.8,Running,0,1,94.91,3.15,511,845.603,227.43,4.489,72.21,,,,,,
2026-05-17 15:00:00,hourly,EM-01,Energy Meter 01,Energy Meter,Surface,,30.581,,,,,,0.97,Running,0,7,94.33,10.91,517,925.745,239.4,5.5624,41.17,,,,,,
2026-05-17 16:00:00,hourly,EM-01,Energy Meter 01,Energy Meter,Surface,,34.892,,,,,,0.77,Running,0,2,96.5,3.67,508,916.969,232.95,5.6207,77.83,,,,,,
2026-05-17 17:00:00,hourly,EM-01,Energy Meter 01,Energy Meter,Surface,,32.172,,,,,,0.96,Running,0,1,93.33,6.44,521,1052.007,255.34,6.6504,49.11,,,,,,
2026-05-17 18:00:00,hourly,EM-01,Energy Meter 01,Energy Meter,Surface,,32.53,,,,,,0.81,Running,0,2,93.66,9.51,515,881.767,223.29,5.0305,57.03,,,,,,
2026-05-17 19:00:00,hourly,EM-01,Energy Meter 01,Energy Meter,Surface,,31.422,,,,,,0.78,Running,0,0,94.22,8.51,514,976.042,240.54,5.3156,82.01,,,,,,
2026-05-17 20:00:00,hourly,EM-01,Energy Meter 01,Energy Meter,Surface,,29.999,,,,,,0.76,Running,0,6,95.16,8.03,509,951.642,255.73,5.6614,81.85,,,,,,
2026-05-17 21:00:00,hourly,EM-01,Energy Meter 01,Energy Meter,Surface,,30.814,,,,,,0.72,Running,0,3,93.52,10.6,510,867.88,228.05,4.6457,69.03,,,,,,
2026-05-17 22:00:00,hourly,EM-01,Energy Meter 01,Energy Meter,Surface,,31.109,,,,,,0.8,Running,0,9,92.9,9.75,520,954.661,232.0,5.3659,42.65,,,,,,
2026-05-17 23:00:00,hourly,EM-01,Energy Meter 01,Energy Meter,Surface,,30.991,,,,,,0.81,Running,0,3,94.16,11.71,504,916.531,223.27,5.0948,51.08,,,,,,
2026-05-18 00:00:00,hourly,EM-01,Energy Meter 01,Energy Meter,Surface,,29.931,,,,,,0.81,Running,0,4,93.67,11.66,505,992.096,246.22,5.2987,49.26,,,,,,
2026-05-18 01:00:00,hourly,EM-01,Energy Meter 01,Energy Meter,Surface,,30.998,,,,,,0.99,Running,0,3,97.11,4.96,506,908.35,237.41,5.0468,59.99,,,,,,
2026-05-18 02:00:00,hourly,EM-01,Energy Meter 01,Energy Meter,Surface,,29.868,,,,,,0.92,Running,1,11,91.18,13.09,507,1010.445,261.42,6.1005,60.16,,,,,,
2026-05-18 03:00:00,hourly,EM-01,Energy Meter 01,Energy Meter,Surface,,29.683,,,,,,0.82,Running,0,7,95.87,8.17,508,943.768,218.51,4.7525,81.1,,,,,,
2026-05-18 04:00:00,hourly,EM-01,Energy Meter 01,Energy Meter,Surface,,30.238,,,,,,0.78,Running,0,5,91.18,12.46,507,848.911,215.59,4.5544,44.1,,,,,,
2026-05-18 05:00:00,hourly,EM-01,Energy Meter 01,Energy Meter,Surface,,30.73,,,,,,0.7,Running,0,2,94.32,5.52,500,814.644,212.97,4.8934,67.12,,,,,,
2026-05-18 06:00:00,hourly,EM-01,Energy Meter 01,Energy Meter,Surface,,30.796,,,,,,0.83,Running,0,3,92.71,10.02,507,1031.239,256.11,5.8168,59.7,,,,,,
2026-05-18 07:00:00,hourly,EM-01,Energy Meter 01,Energy Meter,Surface,,30.884,,,,,,0.89,Running,0,9,91.95,10.62,506,918.033,233.93,5.0466,76.72,,,,,,
2026-05-18 08:00:00,hourly,EM-01,Energy Meter 01,Energy Meter,Surface,,32.822,,,,,,0.91,Running,0,3,96.55,5.14,502,917.617,244.59,5.5437,48.53,,,,,,
2026-05-18 09:00:00,hourly,EM-01,Energy Meter 01,Energy Meter,Surface,,30.887,,,,,,0.77,Running,0,1,95.59,3.84,499,936.52,245.29,4.9491,57.05,,,,,,
2026-05-18 10:00:00,hourly,EM-01,Energy Meter 01,Energy Meter,Surface,,29.166,,,,,,0.7,Running,0,4,94.52,5.6,502,919.066,233.68,5.522,54.43,,,,,,
2026-05-18 11:00:00,hourly,EM-01,Energy Meter 01,Energy Meter,Surface,,30.661,,,,,,0.81,Running,0,6,94.63,9.86,499,928.405,234.82,4.6357,72.51,,,,,,
2026-05-18 12:00:00,hourly,EM-01,Energy Meter 01,Energy Meter,Surface,,30.738,,,,,,0.85,Running,0,2,93.19,9.72,499,823.46,205.58,4.3089,58.49,,,,,,
2026-05-18 13:00:00,hourly,EM-01,Energy Meter 01,Energy Meter,Surface,,28.719,,,,,,0.78,Running,0,2,93.67,8.33,499,977.575,248.88,5.693,85.17,,,,,,
2026-05-18 14:00:00,hourly,EM-01,Energy Meter 01,Energy Meter,Surface,,30.965,,,,,,0.85,Running,0,1,93.3,8.56,494,931.767,231.38,5.5765,44.69,,,,,,
2026-05-18 15:00:00,hourly,EM-01,Energy Meter 01,Energy Meter,Surface,,30.417,,,,,,0.8,Running,0,6,93.56,8.75,497,963.445,249.3,5.3058,86.71,,,,,,
2026-05-18 16:00:00,hourly,EM-01,Energy Meter 01,Energy Meter,Surface,,30.871,,,,,,0.82,Running,0,2,94.06,8.7,501,888.232,213.85,5.4458,39.52,,,,,,
2026-05-18 17:00:00,hourly,EM-01,Energy Meter 01,Energy Meter,Surface,,31.176,,,,,,0.83,Running,0,0,96.52,1.61,498,920.946,225.33,5.1796,61.49,,,,,,
2026-05-18 18:00:00,hourly,EM-01,Energy Meter 01,Energy Meter,Surface,,30.804,,,,,,0.8,Running,0,4,95.34,5.78,494,835.393,205.64,4.6506,42.08,,,,,,
2026-05-18 19:00:00,hourly,EM-01,Energy Meter 01,Energy Meter,Surface,,30.822,,,,,,0.71,Running,0,4,94.89,7.61,493,988.255,256.92,5.3597,63.29,,,,,,
2026-05-18 20:00:00,hourly,EM-01,Energy Meter 01,Energy Meter,Surface,,30.416,,,,,,0.91,Running,0,0,92.8,9.84,501,914.268,234.98,4.7704,71.47,,,,,,
2026-05-18 21:00:00,hourly,EM-01,Energy Meter 01,Energy Meter,Surface,,31.494,,,,,,0.76,Running,0,2,95.1,3.43,489,777.288,196.77,4.0901,49.7,,,,,,
2026-05-18 22:00:00,hourly,EM-01,Energy Meter 01,Energy Meter,Surface,,30.528,,,,,,0.62,Running,0,0,90.39,13.55,495,899.901,227.81,4.7001,74.52,,,,,,
2026-05-18 23:00:00,hourly,EM-01,Energy Meter 01,Energy Meter,Surface,,31.566,,,,,,0.8,Running,0,2,93.27,9.41,496,944.447,220.18,5.1214,71.11,,,,,,
2026-05-19 00:00:00,hourly,EM-01,Energy Meter 01,Energy Meter,Surface,,29.831,,,,,,0.84,Running,0,5,92.4,9.31,486,1009.993,257.73,5.5556,66.22,,,,,,
2026-05-19 01:00:00,hourly,EM-01,Energy Meter 01,Energy Meter,Surface,,30.508,,,,,,0.88,Running,0,3,93.77,6.93,489,833.712,199.58,4.8483,72.65,,,,,,
2026-05-19 02:00:00,hourly,EM-01,Energy Meter 01,Energy Meter,Surface,,31.41,,,,,,0.82,Running,0,2,93.9,8.99,494,999.889,244.52,6.4004,80.44,,,,,,
2026-05-19 03:00:00,hourly,EM-01,Energy Meter 01,Energy Meter,Surface,,29.805,,,,,,0.81,Running,0,1,93.66,9.15,486,964.129,265.87,5.3092,84.38,,,,,,
2026-05-19 04:00:00,hourly,EM-01,Energy Meter 01,Energy Meter,Surface,,30.371,,,,,,0.82,Running,0,8,94.32,8.93,488,894.401,227.43,5.4108,59.94,,,,,,
2026-05-19 05:00:00,hourly,EM-01,Energy Meter 01,Energy Meter,Surface,,31.48,,,,,,0.75,Running,0,9,94.59,11.8,482,975.147,244.76,5.3791,84.58,,,,,,
2026-05-19 06:00:00,hourly,EM-01,Energy Meter 01,Energy Meter,Surface,,30.173,,,,,,0.78,Running,0,2,96.49,6.13,485,940.254,233.1,6.153,44.32,,,,,,
2026-05-19 07:00:00,hourly,EM-01,Energy Meter 01,Energy Meter,Surface,,32.138,,,,,,0.88,Running,0,3,93.05,8.35,491,888.071,231.81,5.372,77.22,,,,,,
2026-05-19 08:00:00,hourly,EM-01,Energy Meter 01,Energy Meter,Surface,,30.953,,,,,,0.77,Running,0,3,93.01,12.37,480,987.791,238.04,5.784,64.66,,,,,,
2026-05-19 09:00:00,hourly,EM-01,Energy Meter 01,Energy Meter,Surface,,30.634,,,,,,0.82,Running,0,2,94.16,7.73,478,1005.173,246.59,4.6136,40.44,,,,,,
2026-05-19 10:00:00,hourly,EM-01,Energy Meter 01,Energy Meter,Surface,,31.524,,,,,,0.77,Running,0,3,94.82,6.82,483,836.893,218.26,4.8953,67.39,,,,,,
2026-05-19 11:00:00,hourly,EM-01,Energy Meter 01,Energy Meter,Surface,,31.009,,,,,,0.76,Running,0,4,94.39,6.11,485,943.124,235.58,5.4001,79.83,,,,,,
2026-05-19 12:00:00,hourly,EM-01,Energy Meter 01,Energy Meter,Surface,,30.975,,,,,,0.79,Running,0,0,97.25,5.06,480,911.794,230.88,5.0486,61.94,,,,,,
2026-05-19 13:00:00,hourly,EM-01,Energy Meter 01,Energy Meter,Surface,,30.752,,,,,,0.8,Running,0,3,95.68,5.52,480,949.533,232.34,5.0143,59.15,,,,,,
2026-05-19 14:00:00,hourly,EM-01,Energy Meter 01,Energy Meter,Surface,,30.793,,,,,,0.8,Running,0,5,96.51,6.72,484,901.524,229.86,5.2665,75.67,,,,,,
2026-05-19 15:00:00,hourly,EM-01,Energy Meter 01,Energy Meter,Surface,,29.895,,,,,,0.83,Running,0,2,95.04,8.2,485,1012.095,248.54,6.4697,43.08,,,,,,
2026-05-19 16:00:00,hourly,EM-01,Energy Meter 01,Energy Meter,Surface,,31.588,,,,,,0.66,Running,0,1,94.44,6.18,481,808.551,189.04,5.0154,66.63,,,,,,
2026-05-19 17:00:00,hourly,EM-01,Energy Meter 01,Energy Meter,Surface,,30.341,,,,,,0.78,Running,0,8,90.25,11.82,482,931.996,240.7,5.2997,70.25,,,,,,
2026-05-19 18:00:00,hourly,EM-01,Energy Meter 01,Energy Meter,Surface,,31.926,,,,,,0.85,Running,0,1,94.38,8.45,478,889.411,214.92,4.4881,62.36,,,,,,
2026-05-19 19:00:00,hourly,EM-01,Energy Meter 01,Energy Meter,Surface,,30.008,,,,,,0.92,Running,0,1,93.77,11.3,475,907.068,216.39,5.406,62.89,,,,,,
2026-05-19 20:00:00,hourly,EM-01,Energy Meter 01,Energy Meter,Surface,,32.112,,,,,,0.71,Running,0,0,93.81,10.88,470,805.206,193.14,4.2559,43.3,,,,,,
2026-05-19 21:00:00,hourly,EM-01,Energy Meter 01,Energy Meter,Surface,,30.176,,,,,,0.72,Running,0,5,95.86,8.93,470,997.6,249.61,5.7395,49.76,,,,,,
2026-05-19 22:00:00,hourly,EM-01,Energy Meter 01,Energy Meter,Surface,,31.68,,,,,,0.83,Running,0,1,92.15,11.42,475,836.964,203.03,4.7139,57.87,,,,,,
2026-05-19 23:00:00,hourly,EM-01,Energy Meter 01,Energy Meter,Surface,,30.534,,,,,,0.89,Running,0,0,96.01,7.51,480,948.384,251.68,5.7119,54.65,,,,,,
2026-05-20 00:00:00,hourly,EM-01,Energy Meter 01,Energy Meter,Surface,,31.123,,,,,,0.75,Running,0,4,95.27,9.0,470,887.75,230.6,4.8126,46.95,,,,,,
2026-05-20 01:00:00,hourly,EM-01,Energy Meter 01,Energy Meter,Surface,,30.352,,,,,,0.66,Running,0,1,94.61,11.68,485,904.456,226.82,4.842,62.16,,,,,,
2026-05-20 02:00:00,hourly,EM-01,Energy Meter 01,Energy Meter,Surface,,30.158,,,,,,0.83,Running,0,4,95.55,7.17,471,956.307,231.44,5.9883,64.19,,,,,,
2026-05-20 03:00:00,hourly,EM-01,Energy Meter 01,Energy Meter,Surface,,30.584,,,,,,0.74,Running,0,6,91.37,11.45,467,995.291,256.31,5.8579,56.0,,,,,,
2026-05-20 04:00:00,hourly,EM-01,Energy Meter 01,Energy Meter,Surface,,31.585,,,,,,0.93,Running,0,4,94.84,9.68,469,841.458,212.69,4.7151,60.6,,,,,,
2026-05-20 05:00:00,hourly,EM-01,Energy Meter 01,Energy Meter,Surface,,31.584,,,,,,0.8,Running,0,2,91.84,8.91,470,896.364,218.32,4.8154,38.0,,,,,,
2026-05-20 06:00:00,hourly,EM-01,Energy Meter 01,Energy Meter,Surface,,31.479,,,,,,0.71,Running,0,6,94.78,9.62,475,937.844,236.22,4.4996,80.26,,,,,,
2026-05-20 07:00:00,hourly,EM-01,Energy Meter 01,Energy Meter,Surface,,31.178,,,,,,0.74,Running,0,0,92.28,13.64,469,918.458,231.17,5.3401,43.17,,,,,,
2026-05-20 08:00:00,hourly,EM-01,Energy Meter 01,Energy Meter,Surface,,33.004,,,,,,0.82,Running,1,8,92.92,12.09,463,972.14,236.81,6.5812,81.71,,,,,,
2026-05-20 09:00:00,hourly,EM-01,Energy Meter 01,Energy Meter,Surface,,30.13,,,,,,0.78,Running,0,2,93.46,7.42,474,1011.532,241.57,5.8503,63.51,,,,,,
2026-05-20 10:00:00,hourly,EM-01,Energy Meter 01,Energy Meter,Surface,,30.822,,,,,,0.82,Running,1,3,93.73,9.38,464,881.08,229.77,4.7858,69.13,,,,,,
2026-05-20 11:00:00,hourly,EM-01,Energy Meter 01,Energy Meter,Surface,,28.495,,,,,,1.0,Running,0,5,94.48,10.06,463,870.919,223.39,4.6903,62.75,,,,,,
2026-05-20 12:00:00,hourly,EM-01,Energy Meter 01,Energy Meter,Surface,,31.36,,,,,,0.72,Running,0,6,95.31,7.78,467,954.268,237.35,5.3775,64.01,,,,,,
2026-05-20 13:00:00,hourly,EM-01,Energy Meter 01,Energy Meter,Surface,,30.065,,,,,,0.87,Running,0,1,98.01,3.02,468,849.807,216.56,5.0889,70.88,,,,,,
2026-05-20 14:00:00,hourly,EM-01,Energy Meter 01,Energy Meter,Surface,,30.906,,,,,,0.91,Running,0,3,93.08,10.28,468,949.661,244.45,5.151,46.0,,,,,,
2026-05-20 15:00:00,hourly,EM-01,Energy Meter 01,Energy Meter,Surface,,30.221,,,,,,0.9,Running,0,8,94.36,14.22,456,917.992,226.1,5.0692,82.05,,,,,,
2026-05-20 16:00:00,hourly,EM-01,Energy Meter 01,Energy Meter,Surface,,30.785,,,,,,0.73,Running,0,4,94.01,6.57,469,911.261,225.12,4.9844,73.65,,,,,,
2026-05-20 17:00:00,hourly,EM-01,Energy Meter 01,Energy Meter,Surface,,31.091,,,,,,0.82,Running,0,5,92.44,8.21,457,963.644,254.8,5.6309,83.39,,,,,,
2026-05-20 18:00:00,hourly,EM-01,Energy Meter 01,Energy Meter,Surface,,30.242,,,,,,0.69,Running,1,5,90.99,10.89,463,891.945,217.68,4.6914,78.86,,,,,,
2026-05-20 19:00:00,hourly,EM-01,Energy Meter 01,Energy Meter,Surface,,31.258,,,,,,0.87,Running,0,7,92.6,14.77,462,1118.227,294.53,6.1358,55.69,,,,,,
2026-05-20 20:00:00,hourly,EM-01,Energy Meter 01,Energy Meter,Surface,,30.522,,,,,,0.77,Running,0,5,93.23,11.08,462,903.387,252.61,5.0551,80.04,,,,,,
2026-05-20 21:00:00,hourly,EM-01,Energy Meter 01,Energy Meter,Surface,,30.299,,,,,,0.83,Running,0,5,93.51,8.13,458,876.523,221.23,4.5547,60.13,,,,,,
2026-05-20 22:00:00,hourly,EM-01,Energy Meter 01,Energy Meter,Surface,,31.589,,,,,,0.92,Running,0,6,91.83,16.06,463,1057.486,250.61,6.0182,73.91,,,,,,
2026-05-20 23:00:00,hourly,EM-01,Energy Meter 01,Energy Meter,Surface,,31.164,,,,,,0.83,Running,0,3,93.62,6.81,457,919.615,229.1,4.8246,49.84,,,,,,
2026-05-21 00:00:00,hourly,EM-01,Energy Meter 01,Energy Meter,Surface,,29.218,,,,,,0.83,Running,0,3,93.82,7.62,462,857.258,214.92,4.9538,42.47,,,,,,
2026-05-21 01:00:00,hourly,EM-01,Energy Meter 01,Energy Meter,Surface,,30.622,,,,,,0.79,Running,0,0,92.66,8.07,451,911.292,227.16,5.4808,44.35,,,,,,
2026-05-21 02:00:00,hourly,EM-01,Energy Meter 01,Energy Meter,Surface,,29.971,,,,,,0.91,Running,0,2,95.31,6.87,462,1030.731,268.11,5.7341,42.87,,,,,,
2026-05-21 03:00:00,hourly,EM-01,Energy Meter 01,Energy Meter,Surface,,32.265,,,,,,0.76,Running,0,9,91.36,13.19,447,936.415,230.23,6.0294,54.51,,,,,,
2026-05-21 04:00:00,hourly,EM-01,Energy Meter 01,Energy Meter,Surface,,30.217,,,,,,0.84,Running,0,7,94.53,8.09,461,866.02,220.11,4.7037,70.12,,,,,,
2026-05-21 05:00:00,hourly,EM-01,Energy Meter 01,Energy Meter,Surface,,30.323,,,,,,0.85,Running,0,5,93.72,11.33,451,978.436,247.8,5.0869,75.24,,,,,,
2026-05-21 06:00:00,hourly,EM-01,Energy Meter 01,Energy Meter,Surface,,30.993,,,,,,0.87,Running,0,3,94.22,7.44,454,959.135,243.24,4.5899,39.91,,,,,,
2026-05-21 07:00:00,hourly,EM-01,Energy Meter 01,Energy Meter,Surface,,31.442,,,,,,0.83,Running,0,2,94.74,6.93,450,957.499,231.85,4.9803,77.14,,,,,,
2026-05-21 08:00:00,hourly,EM-01,Energy Meter 01,Energy Meter,Surface,,30.277,,,,,,0.73,Running,0,0,94.55,8.39,447,822.928,213.17,4.0811,55.85,,,,,,
2026-05-21 09:00:00,hourly,EM-01,Energy Meter 01,Energy Meter,Surface,,31.104,,,,,,0.81,Running,0,13,90.94,16.5,448,857.915,206.42,4.6732,46.97,,,,,,
2026-05-21 10:00:00,hourly,EM-01,Energy Meter 01,Energy Meter,Surface,,31.216,,,,,,0.68,Running,0,2,93.66,9.95,453,828.363,210.24,4.2101,53.7,,,,,,
2026-05-21 11:00:00,hourly,EM-01,Energy Meter 01,Energy Meter,Surface,,29.327,,,,,,0.79,Running,0,0,94.81,6.83,450,900.688,229.21,4.9416,36.89,,,,,,
2026-05-21 12:00:00,hourly,EM-01,Energy Meter 01,Energy Meter,Surface,,31.409,,,,,,0.86,Running,0,4,94.86,8.94,453,1008.891,244.23,5.1208,62.68,,,,,,
2026-05-21 13:00:00,hourly,EM-01,Energy Meter 01,Energy Meter,Surface,,30.452,,,,,,0.89,Running,0,4,92.78,9.82,450,809.478,193.75,5.254,44.08,,,,,,
2026-05-21 14:00:00,hourly,EM-01,Energy Meter 01,Energy Meter,Surface,,29.815,,,,,,0.76,Running,0,11,92.33,11.4,448,849.539,209.55,5.0985,60.05,,,,,,
2026-05-21 15:00:00,hourly,EM-01,Energy Meter 01,Energy Meter,Surface,,32.725,,,,,,0.97,Running,0,4,94.97,6.84,453,818.148,213.46,4.661,65.38,,,,,,
2026-05-21 16:00:00,hourly,EM-01,Energy Meter 01,Energy Meter,Surface,,30.097,,,,,,0.69,Running,0,4,94.83,4.93,447,968.143,245.44,5.0799,64.56,,,,,,
2026-05-21 17:00:00,hourly,EM-01,Energy Meter 01,Energy Meter,Surface,,31.697,,,,,,0.85,Running,0,6,92.32,9.59,441,1033.384,266.71,5.4768,73.55,,,,,,
2026-05-21 18:00:00,hourly,EM-01,Energy Meter 01,Energy Meter,Surface,,31.416,,,,,,0.86,Running,0,4,91.98,14.42,439,936.451,243.1,5.5506,83.29,,,,,,
2026-05-21 19:00:00,hourly,EM-01,Energy Meter 01,Energy Meter,Surface,,29.321,,,,,,0.86,Running,0,10,93.38,10.0,451,949.581,243.38,5.826,72.74,,,,,,
2026-05-21 20:00:00,hourly,EM-01,Energy Meter 01,Energy Meter,Surface,,30.215,,,,,,0.84,Running,0,9,92.76,10.57,442,918.86,229.43,5.1501,45.85,,,,,,
2026-05-21 21:00:00,hourly,EM-01,Energy Meter 01,Energy Meter,Surface,,29.871,,,,,,0.82,Running,0,5,94.2,8.32,442,910.168,201.54,5.2204,80.25,,,,,,
2026-05-21 22:00:00,hourly,EM-01,Energy Meter 01,Energy Meter,Surface,,31.841,,,,,,0.95,Running,0,3,96.15,4.94,439,962.984,246.22,5.4987,50.54,,,,,,
2026-05-21 23:00:00,hourly,EM-01,Energy Meter 01,Energy Meter,Surface,,31.727,,,,,,0.73,Running,0,6,91.98,11.44,434,866.309,235.33,4.9034,55.92,,,,,,
2026-05-22 00:00:00,hourly,EM-01,Energy Meter 01,Energy Meter,Surface,,32.519,,,,,,0.79,Running,0,4,93.74,8.13,447,959.485,233.94,5.4145,78.08,,,,,,
2026-05-22 01:00:00,hourly,EM-01,Energy Meter 01,Energy Meter,Surface,,29.988,,,,,,0.82,Running,1,6,92.72,10.82,434,902.205,225.24,4.7086,59.47,,,,,,
2026-05-22 02:00:00,hourly,EM-01,Energy Meter 01,Energy Meter,Surface,,33.276,,,,,,0.8,Running,0,4,95.15,4.8,434,918.624,243.88,4.8155,73.73,,,,,,
2026-05-22 03:00:00,hourly,EM-01,Energy Meter 01,Energy Meter,Surface,,31.871,,,,,,0.74,Running,0,6,95.25,8.14,436,887.418,226.1,5.079,63.06,,,,,,
2026-05-22 04:00:00,hourly,EM-01,Energy Meter 01,Energy Meter,Surface,,32.587,,,,,,0.86,Running,1,4,92.48,10.49,435,794.216,202.33,4.5295,63.17,,,,,,
2026-05-22 05:00:00,hourly,EM-01,Energy Meter 01,Energy Meter,Surface,,31.105,,,,,,0.83,Running,0,2,95.68,3.6,434,965.618,238.07,5.0943,55.72,,,,,,
2026-05-22 06:00:00,hourly,EM-01,Energy Meter 01,Energy Meter,Surface,,30.685,,,,,,0.95,Running,0,0,95.25,6.18,438,913.857,230.73,4.9863,81.21,,,,,,
2026-05-22 07:00:00,hourly,EM-01,Energy Meter 01,Energy Meter,Surface,,30.124,,,,,,0.88,Running,0,4,93.64,8.23,439,916.954,230.83,4.797,57.84,,,,,,
2026-05-22 08:00:00,hourly,EM-01,Energy Meter 01,Energy Meter,Surface,,32.211,,,,,,0.9,Running,0,5,95.1,8.98,434,1034.739,261.98,5.5625,68.34,,,,,,
2026-05-22 09:00:00,hourly,EM-01,Energy Meter 01,Energy Meter,Surface,,30.839,,,,,,0.9,Running,1,6,91.71,11.37,434,929.334,223.15,5.1736,58.53,,,,,,
2026-05-22 10:00:00,hourly,EM-01,Energy Meter 01,Energy Meter,Surface,,30.851,,,,,,0.73,Running,0,1,96.95,2.8,429,876.07,238.33,4.8019,39.85,,,,,,
2026-05-22 11:00:00,hourly,EM-01,Energy Meter 01,Energy Meter,Surface,,32.085,,,,,,0.79,Running,0,1,93.98,4.54,434,828.02,207.14,5.2651,37.93,,,,,,
2026-05-22 12:00:00,hourly,EM-01,Energy Meter 01,Energy Meter,Surface,,31.781,,,,,,0.79,Running,0,3,95.9,4.67,430,901.45,217.34,5.2267,38.23,,,,,,
2026-05-22 13:00:00,hourly,EM-01,Energy Meter 01,Energy Meter,Surface,,30.771,,,,,,0.9,Running,0,8,92.92,12.36,429,945.442,230.73,4.7827,74.05,,,,,,
2026-05-22 14:00:00,hourly,EM-01,Energy Meter 01,Energy Meter,Surface,,31.116,,,,,,0.83,Running,0,6,91.34,13.14,434,833.803,199.6,4.3314,40.56,,,,,,
2026-05-22 15:00:00,hourly,EM-01,Energy Meter 01,Energy Meter,Surface,,31.262,,,,,,0.82,Running,0,2,94.62,5.89,423,985.577,244.36,5.5697,78.34,,,,,,
2026-05-22 16:00:00,hourly,EM-01,Energy Meter 01,Energy Meter,Surface,,31.049,,,,,,0.81,Running,0,4,92.68,9.99,432,896.616,221.58,5.3795,77.03,,,,,,
2026-05-22 17:00:00,hourly,EM-01,Energy Meter 01,Energy Meter,Surface,,32.152,,,,,,0.9,Running,0,5,92.85,10.27,427,910.374,235.47,4.8451,46.52,,,,,,
2026-05-22 18:00:00,hourly,EM-01,Energy Meter 01,Energy Meter,Surface,,31.506,,,,,,0.74,Running,0,6,94.24,11.3,425,919.273,219.6,5.8635,44.04,,,,,,
2026-05-22 19:00:00,hourly,EM-01,Energy Meter 01,Energy Meter,Surface,,30.676,,,,,,0.82,Running,0,0,95.19,6.85,433,834.798,197.61,4.4942,69.49,,,,,,
2026-05-22 20:00:00,hourly,EM-01,Energy Meter 01,Energy Meter,Surface,,32.27,,,,,,0.94,Running,0,2,94.42,6.85,429,888.76,206.07,4.9212,79.07,,,,,,
2026-05-22 21:00:00,hourly,EM-01,Energy Meter 01,Energy Meter,Surface,,30.381,,,,,,0.86,Running,0,1,95.53,7.05,418,944.787,239.1,5.3462,77.45,,,,,,
2026-05-22 22:00:00,hourly,EM-01,Energy Meter 01,Energy Meter,Surface,,30.892,,,,,,0.79,Running,0,3,93.52,10.44,428,915.271,234.25,4.7501,52.5,,,,,,
2026-05-22 23:00:00,hourly,EM-01,Energy Meter 01,Energy Meter,Surface,,30.763,,,,,,0.84,Running,0,5,96.01,7.2,426,890.284,195.3,4.6649,59.21,,,,,,
2026-05-23 00:00:00,hourly,EM-01,Energy Meter 01,Energy Meter,Surface,,30.602,,,,,,0.7,Running,0,1,95.15,8.37,417,900.131,228.38,4.7561,49.48,,,,,,
2026-05-23 01:00:00,hourly,EM-01,Energy Meter 01,Energy Meter,Surface,,30.684,,,,,,0.76,Running,1,0,92.09,15.45,422,953.276,232.61,4.7978,64.0,,,,,,
2026-05-23 02:00:00,hourly,EM-01,Energy Meter 01,Energy Meter,Surface,,31.95,,,,,,0.79,Running,0,0,94.84,4.89,424,1004.49,259.42,5.7947,61.87,,,,,,
2026-05-23 03:00:00,hourly,EM-01,Energy Meter 01,Energy Meter,Surface,,31.064,,,,,,0.73,Running,0,4,93.86,8.42,413,909.451,242.73,5.2394,74.56,,,,,,
2026-05-23 04:00:00,hourly,EM-01,Energy Meter 01,Energy Meter,Surface,,32.706,,,,,,0.87,Running,0,6,92.54,10.51,423,867.02,203.05,4.7955,75.26,,,,,,
2026-05-23 05:00:00,hourly,EM-01,Energy Meter 01,Energy Meter,Surface,,30.495,,,,,,0.72,Running,0,2,94.73,4.9,417,1067.638,262.28,5.2943,60.65,,,,,,
2026-05-23 06:00:00,hourly,EM-01,Energy Meter 01,Energy Meter,Surface,,30.412,,,,,,0.91,Running,0,0,94.48,5.58,418,981.353,253.58,6.1232,87.14,,,,,,
2026-05-23 07:00:00,hourly,EM-01,Energy Meter 01,Energy Meter,Surface,,29.71,,,,,,0.86,Running,0,2,94.86,6.76,422,913.09,236.57,5.2583,75.57,,,,,,
2026-05-23 08:00:00,hourly,EM-01,Energy Meter 01,Energy Meter,Surface,,29.706,,,,,,0.77,Running,0,9,92.03,10.51,414,884.25,219.87,5.1236,71.26,,,,,,
2026-05-23 09:00:00,hourly,EM-01,Energy Meter 01,Energy Meter,Surface,,30.244,,,,,,0.78,Running,1,5,90.28,12.67,412,1023.511,263.28,5.5042,90.52,,,,,,
2026-05-23 10:00:00,hourly,EM-01,Energy Meter 01,Energy Meter,Surface,,30.203,,,,,,0.82,Running,0,0,93.23,5.97,418,869.395,221.13,5.2289,45.03,,,,,,
2026-05-23 11:00:00,hourly,EM-01,Energy Meter 01,Energy Meter,Surface,,30.435,,,,,,0.89,Running,0,1,93.33,7.18,415,921.291,238.19,5.0955,61.66,,,,,,
2026-05-23 12:00:00,hourly,EM-01,Energy Meter 01,Energy Meter,Surface,,31.161,,,,,,0.81,Running,0,0,94.53,6.6,412,962.101,248.94,4.7974,85.3,,,,,,
2026-05-23 13:00:00,hourly,EM-01,Energy Meter 01,Energy Meter,Surface,,30.199,,,,,,0.9,Running,0,4,89.44,14.37,408,932.582,232.15,5.6462,63.81,,,,,,
2026-05-23 14:00:00,hourly,EM-01,Energy Meter 01,Energy Meter,Surface,,32.662,,,,,,0.82,Running,0,3,94.77,7.97,411,863.604,222.59,5.0905,34.98,,,,,,
2026-05-23 15:00:00,hourly,EM-01,Energy Meter 01,Energy Meter,Surface,,30.907,,,,,,0.87,Running,0,2,95.07,6.44,409,896.748,223.29,4.9402,71.53,,,,,,
2026-05-23 16:00:00,hourly,EM-01,Energy Meter 01,Energy Meter,Surface,,31.817,,,,,,0.93,Running,0,2,95.17,5.49,410,920.055,237.01,4.8171,79.31,,,,,,
2026-05-23 17:00:00,hourly,EM-01,Energy Meter 01,Energy Meter,Surface,,30.136,,,,,,0.84,Running,0,7,95.09,7.64,404,850.645,206.72,4.6668,56.32,,,,,,
2026-05-23 18:00:00,hourly,EM-01,Energy Meter 01,Energy Meter,Surface,,30.62,,,,,,0.73,Running,0,5,92.0,11.78,407,910.192,231.12,4.7529,72.53,,,,,,
2026-05-23 19:00:00,hourly,EM-01,Energy Meter 01,Energy Meter,Surface,,31.314,,,,,,0.8,Running,0,3,92.35,8.91,411,1008.891,255.62,5.273,58.09,,,,,,
2026-05-23 20:00:00,hourly,EM-01,Energy Meter 01,Energy Meter,Surface,,31.429,,,,,,0.97,Running,0,8,93.42,13.19,408,1029.236,264.9,6.1855,89.28,,,,,,
2026-05-23 21:00:00,hourly,EM-01,Energy Meter 01,Energy Meter,Surface,,31.895,,,,,,0.78,Running,0,3,93.49,4.6,407,907.484,225.98,5.0897,36.56,,,,,,
2026-05-23 22:00:00,hourly,EM-01,Energy Meter 01,Energy Meter,Surface,,29.711,,,,,,0.67,Running,1,6,92.22,12.27,403,917.041,221.73,5.8808,54.69,,,,,,
2026-05-23 23:00:00,hourly,EM-01,Energy Meter 01,Energy Meter,Surface,,33.64,,,,,,0.74,Running,0,11,94.02,10.25,402,908.549,226.53,4.876,57.15,,,,,,
2026-05-24 00:00:00,hourly,EM-01,Energy Meter 01,Energy Meter,Surface,,32.612,,,,,,0.8,Running,0,2,94.48,9.86,404,794.486,187.03,3.8649,61.47,,,,,,
2026-05-24 01:00:00,hourly,EM-01,Energy Meter 01,Energy Meter,Surface,,31.238,,,,,,0.86,Running,0,6,94.29,8.7,405,947.899,233.61,5.4817,48.04,,,,,,
2026-05-24 02:00:00,hourly,EM-01,Energy Meter 01,Energy Meter,Surface,,31.358,,,,,,0.91,Running,0,4,93.98,5.74,401,936.187,221.47,5.3128,40.82,,,,,,
2026-05-24 03:00:00,hourly,EM-01,Energy Meter 01,Energy Meter,Surface,,31.23,,,,,,0.75,Running,0,0,94.39,11.82,404,982.48,246.24,5.7267,82.22,,,,,,
2026-05-24 04:00:00,hourly,EM-01,Energy Meter 01,Energy Meter,Surface,,30.058,,,,,,0.92,Running,0,4,93.37,6.62,403,984.111,254.81,4.9732,52.98,,,,,,
2026-05-24 05:00:00,hourly,EM-01,Energy Meter 01,Energy Meter,Surface,,29.654,,,,,,0.88,Running,0,1,94.62,5.44,398,957.473,246.91,5.1005,69.54,,,,,,
2026-05-24 06:00:00,hourly,EM-01,Energy Meter 01,Energy Meter,Surface,,29.87,,,,,,0.9,Running,0,3,94.43,6.77,406,958.222,225.99,5.4309,70.03,,,,,,
2026-05-24 07:00:00,hourly,EM-01,Energy Meter 01,Energy Meter,Surface,,29.744,,,,,,0.9,Running,0,6,92.51,8.0,397,858.288,216.58,5.2485,75.85,,,,,,
2026-05-24 08:00:00,hourly,EM-01,Energy Meter 01,Energy Meter,Surface,,32.702,,,,,,0.79,Running,0,1,96.72,2.12,396,931.108,252.85,5.2713,81.54,,,,,,
2026-05-24 09:00:00,hourly,EM-01,Energy Meter 01,Energy Meter,Surface,,30.53,,,,,,0.96,Running,0,0,96.21,3.57,396,836.053,204.55,4.9989,34.61,,,,,,
2026-05-24 10:00:00,hourly,EM-01,Energy Meter 01,Energy Meter,Surface,,32.123,,,,,,0.92,Running,0,2,94.89,3.31,393,897.502,228.14,5.021,42.16,,,,,,
2026-05-24 11:00:00,hourly,EM-01,Energy Meter 01,Energy Meter,Surface,,30.777,,,,,,0.83,Running,0,0,95.59,6.43,391,1018.255,264.27,5.603,49.17,,,,,,
2026-05-24 12:00:00,hourly,EM-01,Energy Meter 01,Energy Meter,Surface,,30.896,,,,,,0.93,Running,0,2,94.28,7.17,401,952.02,226.05,5.6109,74.14,,,,,,
2026-05-24 13:00:00,hourly,EM-01,Energy Meter 01,Energy Meter,Surface,,30.783,,,,,,1.0,Running,0,6,93.23,9.01,400,937.983,237.45,5.3502,68.28,,,,,,
2026-05-24 14:00:00,hourly,EM-01,Energy Meter 01,Energy Meter,Surface,,30.442,,,,,,0.9,Running,0,1,95.58,6.78,392,918.407,237.26,4.7884,49.27,,,,,,
2026-05-24 15:00:00,hourly,EM-01,Energy Meter 01,Energy Meter,Surface,,32.77,,,,,,0.67,Running,0,4,94.25,7.83,397,919.247,227.18,5.3316,61.85,,,,,,
2026-05-24 16:00:00,hourly,EM-01,Energy Meter 01,Energy Meter,Surface,,31.153,,,,,,0.69,Running,0,1,94.93,5.82,391,930.366,220.87,4.6751,67.95,,,,,,
2026-05-24 17:00:00,hourly,EM-01,Energy Meter 01,Energy Meter,Surface,,32.422,,,,,,0.84,Running,0,0,96.26,6.18,389,925.619,241.51,4.9695,51.38,,,,,,
2026-05-24 18:00:00,hourly,EM-01,Energy Meter 01,Energy Meter,Surface,,31.254,,,,,,0.75,Running,0,3,91.32,11.63,392,960.205,225.87,5.2131,67.99,,,,,,
2026-05-24 19:00:00,hourly,EM-01,Energy Meter 01,Energy Meter,Surface,,32.441,,,,,,0.76,Running,0,1,94.53,6.06,391,1042.606,242.54,5.6138,50.66,,,,,,
2026-05-24 20:00:00,hourly,EM-01,Energy Meter 01,Energy Meter,Surface,,31.118,,,,,,0.84,Running,0,1,92.35,10.44,395,1007.386,240.41,6.5718,70.83,,,,,,
2026-05-24 21:00:00,hourly,EM-01,Energy Meter 01,Energy Meter,Surface,,30.756,,,,,,0.79,Running,0,5,93.53,11.62,381,894.546,220.29,4.6767,69.46,,,,,,
2026-05-24 22:00:00,hourly,EM-01,Energy Meter 01,Energy Meter,Surface,,29.555,,,,,,0.89,Running,0,4,92.56,9.29,389,883.97,208.37,4.5547,66.65,,,,,,
2026-05-24 23:00:00,hourly,EM-01,Energy Meter 01,Energy Meter,Surface,,31.768,,,,,,0.9,Running,0,2,95.66,7.4,398,889.407,212.7,4.7669,39.09,,,,,,
2026-05-25 00:00:00,hourly,EM-01,Energy Meter 01,Energy Meter,Surface,,32.561,,,,,,0.74,Running,0,2,94.54,5.69,379,882.989,215.09,5.4053,47.47,,,,,,
2026-05-25 01:00:00,hourly,EM-01,Energy Meter 01,Energy Meter,Surface,,32.022,,,,,,0.84,Running,0,5,93.88,8.63,385,816.603,214.77,4.4023,71.58,,,,,,
2026-05-25 02:00:00,hourly,EM-01,Energy Meter 01,Energy Meter,Surface,,30.602,,,,,,0.78,Running,0,1,91.31,12.74,386,927.925,235.65,5.5362,50.22,,,,,,
2026-05-25 03:00:00,hourly,EM-01,Energy Meter 01,Energy Meter,Surface,,31.826,,,,,,0.88,Running,0,6,92.93,8.18,387,896.656,226.0,4.7552,40.13,,,,,,
2026-05-25 04:00:00,hourly,EM-01,Energy Meter 01,Energy Meter,Surface,,29.968,,,,,,0.8,Running,0,2,93.02,9.08,388,919.656,243.17,4.9086,49.22,,,,,,
2026-05-25 05:00:00,hourly,EM-01,Energy Meter 01,Energy Meter,Surface,,30.018,,,,,,0.9,Running,0,2,94.26,6.16,385,891.209,236.52,5.0747,64.75,,,,,,
2026-05-25 06:00:00,hourly,EM-01,Energy Meter 01,Energy Meter,Surface,,30.338,,,,,,0.81,Running,0,1,93.08,7.99,390,924.843,223.61,5.0528,82.57,,,,,,
2026-05-25 07:00:00,hourly,EM-01,Energy Meter 01,Energy Meter,Surface,,30.352,,,,,,0.95,Running,0,1,93.25,9.43,382,881.732,212.33,4.8003,70.95,,,,,,
2026-05-25 08:00:00,hourly,EM-01,Energy Meter 01,Energy Meter,Surface,,31.621,,,,,,0.84,Running,1,11,89.86,17.42,387,883.0,215.57,4.5194,63.89,,,,,,
2026-05-25 09:00:00,hourly,EM-01,Energy Meter 01,Energy Meter,Surface,,31.859,,,,,,0.7,Running,0,1,95.24,7.51,381,1041.127,262.34,5.6012,67.95,,,,,,
2026-05-25 10:00:00,hourly,EM-01,Energy Meter 01,Energy Meter,Surface,,30.622,,,,,,0.87,Running,0,6,91.86,11.48,384,847.829,223.26,5.0344,34.87,,,,,,
2026-05-25 11:00:00,hourly,EM-01,Energy Meter 01,Energy Meter,Surface,,32.626,,,,,,0.8,Running,0,7,92.63,13.17,378,1108.544,268.47,6.9757,68.39,,,,,,
2026-05-25 12:00:00,hourly,EM-01,Energy Meter 01,Energy Meter,Surface,,30.524,,,,,,0.66,Running,0,2,94.57,4.99,376,839.939,209.33,4.2724,45.32,,,,,,
2026-05-25 13:00:00,hourly,EM-01,Energy Meter 01,Energy Meter,Surface,,32.204,,,,,,0.79,Running,0,6,95.13,9.53,374,871.539,216.8,5.3053,45.93,,,,,,
2026-05-25 14:00:00,hourly,EM-01,Energy Meter 01,Energy Meter,Surface,,30.67,,,,,,0.86,Running,0,3,93.75,8.03,377,845.667,223.18,5.0891,48.91,,,,,,
2026-05-25 15:00:00,hourly,EM-01,Energy Meter 01,Energy Meter,Surface,,31.05,,,,,,0.88,Running,0,0,94.31,8.57,375,898.01,231.77,5.1447,77.51,,,,,,
2026-05-25 16:00:00,hourly,EM-01,Energy Meter 01,Energy Meter,Surface,,31.107,,,,,,0.87,Running,0,2,95.24,8.05,378,718.103,171.01,4.1091,43.91,,,,,,
2026-05-25 17:00:00,hourly,EM-01,Energy Meter 01,Energy Meter,Surface,,31.876,,,,,,0.82,Running,0,17,89.53,15.66,379,980.418,251.79,6.0834,51.61,,,,,,
2026-05-25 18:00:00,hourly,EM-01,Energy Meter 01,Energy Meter,Surface,,30.837,,,,,,0.79,Running,0,3,95.12,6.16,380,871.949,215.62,4.8227,62.19,,,,,,
2026-05-25 19:00:00,hourly,EM-01,Energy Meter 01,Energy Meter,Surface,,29.36,,,,,,0.75,Running,1,6,90.25,15.36,378,940.456,237.35,5.6965,74.71,,,,,,
2026-05-25 20:00:00,hourly,EM-01,Energy Meter 01,Energy Meter,Surface,,31.807,,,,,,0.89,Running,0,6,93.18,8.78,378,1025.07,245.91,5.5482,46.95,,,,,,
2026-05-25 21:00:00,hourly,EM-01,Energy Meter 01,Energy Meter,Surface,,31.033,,,,,,0.88,Running,0,5,94.36,7.12,376,890.178,206.09,4.788,58.49,,,,,,
2026-05-25 22:00:00,hourly,EM-01,Energy Meter 01,Energy Meter,Surface,,32.78,,,,,,0.77,Running,0,2,92.13,10.97,368,944.848,233.77,4.8892,75.28,,,,,,
2026-05-25 23:00:00,hourly,EM-01,Energy Meter 01,Energy Meter,Surface,,29.745,,,,,,0.94,Running,0,4,93.36,10.35,373,866.502,208.58,4.6709,44.7,,,,,,
2026-05-26 00:00:00,hourly,EM-01,Energy Meter 01,Energy Meter,Surface,,30.832,,,,,,0.89,Running,0,6,88.59,14.03,368,971.278,241.24,5.1719,65.93,,,,,,
2026-05-26 01:00:00,hourly,EM-01,Energy Meter 01,Energy Meter,Surface,,29.428,,,,,,0.89,Running,0,0,91.59,10.06,370,942.292,230.12,5.8063,38.77,,,,,,
2026-05-26 02:00:00,hourly,EM-01,Energy Meter 01,Energy Meter,Surface,,31.141,,,,,,0.82,Running,0,3,92.38,7.27,370,846.141,211.92,4.9735,48.31,,,,,,
2026-05-26 03:00:00,hourly,EM-01,Energy Meter 01,Energy Meter,Surface,,31.143,,,,,,0.98,Running,0,5,92.07,10.59,359,1002.961,252.74,5.6292,63.43,,,,,,
2026-05-26 04:00:00,hourly,EM-01,Energy Meter 01,Energy Meter,Surface,,32.442,,,,,,0.76,Running,0,4,93.41,11.39,364,915.009,234.68,4.8079,60.48,,,,,,
2026-05-26 05:00:00,hourly,EM-01,Energy Meter 01,Energy Meter,Surface,,31.525,,,,,,0.65,Running,0,10,96.4,11.52,366,911.362,233.69,5.0796,67.31,,,,,,
2026-05-26 06:00:00,hourly,EM-01,Energy Meter 01,Energy Meter,Surface,,30.531,,,,,,0.89,Running,0,5,95.01,7.54,356,962.838,251.39,5.4483,77.89,,,,,,
2026-05-26 07:00:00,hourly,EM-01,Energy Meter 01,Energy Meter,Surface,,31.129,,,,,,0.9,Running,1,5,95.06,10.25,371,983.302,246.63,5.2576,74.48,,,,,,
2026-05-26 08:00:00,hourly,EM-01,Energy Meter 01,Energy Meter,Surface,,32.022,,,,,,0.89,Running,0,3,94.37,8.01,366,859.51,204.78,5.4746,35.27,,,,,,
2026-05-26 09:00:00,hourly,EM-01,Energy Meter 01,Energy Meter,Surface,,29.281,,,,,,0.92,Running,1,7,91.35,12.38,365,977.313,252.46,5.8267,52.87,,,,,,
2026-05-26 10:00:00,hourly,EM-01,Energy Meter 01,Energy Meter,Surface,,31.582,,,,,,0.91,Running,0,2,95.52,6.08,368,923.941,233.25,5.0728,78.17,,,,,,
2026-05-26 11:00:00,hourly,EM-01,Energy Meter 01,Energy Meter,Surface,,30.325,,,,,,0.92,Running,0,0,94.23,8.05,366,906.848,233.08,5.0266,71.78,,,,,,
2026-05-26 12:00:00,hourly,EM-01,Energy Meter 01,Energy Meter,Surface,,30.676,,,,,,0.85,Running,0,1,94.46,7.74,366,882.731,227.4,4.7544,76.47,,,,,,
2026-05-26 13:00:00,hourly,EM-01,Energy Meter 01,Energy Meter,Surface,,31.058,,,,,,0.85,Running,0,3,94.91,6.53,366,935.055,231.55,5.1045,55.15,,,,,,
2026-05-26 14:00:00,hourly,EM-01,Energy Meter 01,Energy Meter,Surface,,29.523,,,,,,0.83,Running,0,8,94.43,11.4,362,836.791,206.87,4.5289,68.87,,,,,,
2026-05-26 15:00:00,hourly,EM-01,Energy Meter 01,Energy Meter,Surface,,29.534,,,,,,0.91,Running,0,3,94.2,9.28,362,871.566,234.27,5.0373,59.92,,,,,,
2026-05-26 16:00:00,hourly,EM-01,Energy Meter 01,Energy Meter,Surface,,31.693,,,,,,0.77,Running,0,6,92.3,9.42,362,820.677,194.53,4.1869,54.24,,,,,,
2026-05-26 17:00:00,hourly,EM-01,Energy Meter 01,Energy Meter,Surface,,30.617,,,,,,0.81,Running,0,6,91.97,12.59,354,971.782,239.2,5.8081,86.04,,,,,,
2026-05-26 18:00:00,hourly,EM-01,Energy Meter 01,Energy Meter,Surface,,31.003,,,,,,0.74,Running,0,9,91.98,13.29,350,931.608,239.95,5.2594,59.57,,,,,,
2026-05-26 19:00:00,hourly,EM-01,Energy Meter 01,Energy Meter,Surface,,31.267,,,,,,0.87,Running,0,2,88.94,13.08,349,935.792,232.37,5.1877,63.73,,,,,,
2026-05-26 20:00:00,hourly,EM-01,Energy Meter 01,Energy Meter,Surface,,29.798,,,,,,0.95,Running,0,1,92.78,12.25,360,893.833,218.83,4.7634,68.05,,,,,,
2026-05-26 21:00:00,hourly,EM-01,Energy Meter 01,Energy Meter,Surface,,30.298,,,,,,0.76,Running,0,8,94.45,9.63,354,909.907,234.04,5.3899,68.03,,,,,,
2026-05-26 22:00:00,hourly,EM-01,Energy Meter 01,Energy Meter,Surface,,30.146,,,,,,0.69,Running,0,0,95.38,7.28,354,910.139,238.67,5.0847,47.31,,,,,,
2026-05-26 23:00:00,hourly,EM-01,Energy Meter 01,Energy Meter,Surface,,28.715,,,,,,0.82,Running,0,7,92.42,13.84,355,941.959,236.93,4.8934,50.82,,,,,,
2026-05-27 00:00:00,hourly,EM-01,Energy Meter 01,Energy Meter,Surface,,30.844,,,,,,0.85,Running,0,9,93.41,11.3,360,829.638,194.78,4.6106,34.94,,,,,,
2026-05-27 01:00:00,hourly,EM-01,Energy Meter 01,Energy Meter,Surface,,30.878,,,,,,0.81,Running,0,5,92.76,9.39,356,927.324,232.81,5.0958,57.25,,,,,,
2026-05-27 02:00:00,hourly,EM-01,Energy Meter 01,Energy Meter,Surface,,31.517,,,,,,0.72,Running,0,7,93.93,8.85,354,948.93,240.59,5.41,66.11,,,,,,
2026-05-27 03:00:00,hourly,EM-01,Energy Meter 01,Energy Meter,Surface,,31.394,,,,,,0.91,Running,0,11,91.38,14.98,354,951.249,229.5,5.2839,55.63,,,,,,
2026-05-27 04:00:00,hourly,EM-01,Energy Meter 01,Energy Meter,Surface,,29.308,,,,,,0.85,Running,0,6,92.72,9.34,360,1041.888,272.89,5.7996,70.93,,,,,,
2026-05-27 05:00:00,hourly,EM-01,Energy Meter 01,Energy Meter,Surface,,29.33,,,,,,0.96,Running,0,5,92.29,10.11,347,937.637,238.87,5.0703,41.28,,,,,,
2026-05-27 06:00:00,hourly,EM-01,Energy Meter 01,Energy Meter,Surface,,30.421,,,,,,0.9,Running,0,1,94.58,8.26,355,973.951,235.54,5.8954,62.4,,,,,,
2026-05-27 07:00:00,hourly,EM-01,Energy Meter 01,Energy Meter,Surface,,31.251,,,,,,0.75,Running,0,0,90.83,12.51,349,978.833,249.33,5.4883,69.14,,,,,,
2026-05-27 08:00:00,hourly,EM-01,Energy Meter 01,Energy Meter,Surface,,30.524,,,,,,0.86,Running,0,5,94.16,13.24,348,877.187,223.76,4.8283,65.92,,,,,,
2026-05-27 09:00:00,hourly,EM-01,Energy Meter 01,Energy Meter,Surface,,30.261,,,,,,0.87,Running,0,0,95.04,9.79,350,969.18,237.28,5.1117,67.99,,,,,,
2026-05-27 10:00:00,hourly,EM-01,Energy Meter 01,Energy Meter,Surface,,32.359,,,,,,0.95,Running,0,9,91.24,16.76,340,806.502,191.35,4.2893,46.96,,,,,,
2026-05-27 11:00:00,hourly,EM-01,Energy Meter 01,Energy Meter,Surface,,31.617,,,,,,0.77,Running,0,13,92.55,13.0,342,872.943,215.91,4.4368,73.66,,,,,,
2026-05-27 12:00:00,hourly,EM-01,Energy Meter 01,Energy Meter,Surface,,31.75,,,,,,0.72,Running,0,5,92.2,11.46,347,963.319,235.69,5.3436,78.52,,,,,,
2026-05-27 13:00:00,hourly,EM-01,Energy Meter 01,Energy Meter,Surface,,31.39,,,,,,0.82,Running,0,1,96.13,1.55,347,854.524,215.79,5.1987,76.62,,,,,,
2026-05-27 14:00:00,hourly,EM-01,Energy Meter 01,Energy Meter,Surface,,29.936,,,,,,0.8,Running,0,1,95.77,6.73,346,987.018,244.49,5.5107,39.94,,,,,,
2026-05-27 15:00:00,hourly,EM-01,Energy Meter 01,Energy Meter,Surface,,31.775,,,,,,0.8,Running,0,2,95.07,4.76,346,984.46,250.17,6.1314,42.37,,,,,,
2026-05-27 16:00:00,hourly,EM-01,Energy Meter 01,Energy Meter,Surface,,33.565,,,,,,0.85,Running,0,2,94.25,5.01,351,948.085,238.94,5.9081,69.45,,,,,,
2026-05-27 17:00:00,hourly,EM-01,Energy Meter 01,Energy Meter,Surface,,31.651,,,,,,0.6,Running,0,3,95.02,9.43,339,939.715,241.13,5.4519,63.56,,,,,,
2026-05-27 18:00:00,hourly,EM-01,Energy Meter 01,Energy Meter,Surface,,30.941,,,,,,0.73,Running,0,3,94.55,5.51,343,908.229,231.91,4.9683,50.04,,,,,,
2026-05-27 19:00:00,hourly,EM-01,Energy Meter 01,Energy Meter,Surface,,29.507,,,,,,0.83,Running,0,1,96.16,4.03,344,933.414,241.58,5.5849,40.46,,,,,,
2026-05-27 20:00:00,hourly,EM-01,Energy Meter 01,Energy Meter,Surface,,30.287,,,,,,0.81,Running,0,3,93.68,7.98,341,983.746,238.83,5.02,42.17,,,,,,
2026-05-27 21:00:00,hourly,EM-01,Energy Meter 01,Energy Meter,Surface,,31.739,,,,,,0.98,Running,0,8,89.65,14.85,339,991.672,256.58,5.4292,77.81,,,,,,
2026-05-27 22:00:00,hourly,EM-01,Energy Meter 01,Energy Meter,Surface,,31.691,,,,,,0.82,Running,0,8,92.81,10.01,335,928.473,248.04,4.7644,58.4,,,,,,
2026-05-27 23:00:00,hourly,EM-01,Energy Meter 01,Energy Meter,Surface,,30.011,,,,,,0.71,Running,0,4,94.47,9.31,337,842.175,220.57,4.1926,57.36,,,,,,
2026-05-28 00:00:00,hourly,EM-01,Energy Meter 01,Energy Meter,Surface,,31.526,,,,,,0.76,Running,0,3,93.07,10.93,342,905.114,214.16,4.7181,49.44,,,,,,
2026-05-28 01:00:00,hourly,EM-01,Energy Meter 01,Energy Meter,Surface,,30.078,,,,,,0.9,Running,0,1,95.49,3.23,345,937.883,247.95,5.3831,47.55,,,,,,
2026-05-28 02:00:00,hourly,EM-01,Energy Meter 01,Energy Meter,Surface,,31.909,,,,,,0.8,Running,0,7,92.25,13.99,329,970.355,248.92,5.797,71.26,,,,,,
2026-05-28 03:00:00,hourly,EM-01,Energy Meter 01,Energy Meter,Surface,,31.653,,,,,,0.66,Running,0,1,95.02,4.74,335,948.119,245.38,5.6223,43.13,,,,,,
2026-05-28 04:00:00,hourly,EM-01,Energy Meter 01,Energy Meter,Surface,,32.024,,,,,,0.87,Running,0,2,91.24,10.31,327,999.914,243.42,5.5047,87.64,,,,,,
2026-05-28 05:00:00,hourly,EM-01,Energy Meter 01,Energy Meter,Surface,,30.553,,,,,,0.91,Running,0,5,94.11,11.82,331,881.549,208.56,5.0462,49.41,,,,,,
2026-05-28 06:00:00,hourly,EM-01,Energy Meter 01,Energy Meter,Surface,,31.771,,,,,,0.81,Running,0,0,92.27,10.71,334,881.801,232.49,5.2628,72.9,,,,,,
2026-05-28 07:00:00,hourly,EM-01,Energy Meter 01,Energy Meter,Surface,,31.16,,,,,,0.78,Running,1,5,91.43,14.31,327,982.193,241.65,5.2494,65.06,,,,,,
2026-05-28 08:00:00,hourly,EM-01,Energy Meter 01,Energy Meter,Surface,,31.442,,,,,,0.89,Running,0,3,93.47,10.61,330,867.519,210.08,4.6613,71.47,,,,,,
2026-05-28 09:00:00,hourly,EM-01,Energy Meter 01,Energy Meter,Surface,,31.11,,,,,,0.66,Running,0,7,91.61,12.68,328,860.201,202.27,5.092,69.35,,,,,,
2026-05-28 10:00:00,hourly,EM-01,Energy Meter 01,Energy Meter,Surface,,30.181,,,,,,0.88,Running,0,1,94.79,5.91,331,925.816,217.33,5.3425,76.35,,,,,,
2026-05-28 11:00:00,hourly,EM-01,Energy Meter 01,Energy Meter,Surface,,31.372,,,,,,0.82,Running,0,3,92.97,9.45,328,967.588,241.9,5.9616,52.49,,,,,,
2026-05-28 12:00:00,hourly,EM-01,Energy Meter 01,Energy Meter,Surface,,31.498,,,,,,0.89,Running,0,5,93.7,12.2,333,935.597,241.31,5.1693,45.11,,,,,,
2026-05-28 13:00:00,hourly,EM-01,Energy Meter 01,Energy Meter,Surface,,29.941,,,,,,0.73,Running,0,2,93.46,7.79,328,764.898,193.66,4.3831,57.33,,,,,,
2026-05-28 14:00:00,hourly,EM-01,Energy Meter 01,Energy Meter,Surface,,31.617,,,,,,0.82,Running,0,1,94.44,7.93,324,913.672,227.27,4.7649,50.47,,,,,,
2026-05-28 15:00:00,hourly,EM-01,Energy Meter 01,Energy Meter,Surface,,31.564,,,,,,0.9,Running,0,3,92.42,11.65,320,877.558,230.31,4.882,48.85,,,,,,
2026-05-28 16:00:00,hourly,EM-01,Energy Meter 01,Energy Meter,Surface,,30.37,,,,,,0.86,Running,0,0,95.32,5.77,322,993.741,260.48,5.8198,51.61,,,,,,
2026-05-28 17:00:00,hourly,EM-01,Energy Meter 01,Energy Meter,Surface,,31.311,,,,,,0.62,Running,0,0,96.8,3.1,324,829.701,199.93,4.6075,65.19,,,,,,
2026-05-28 18:00:00,hourly,EM-01,Energy Meter 01,Energy Meter,Surface,,30.431,,,,,,0.89,Running,0,6,91.75,11.2,326,956.352,240.63,5.4248,78.06,,,,,,
2026-05-28 19:00:00,hourly,EM-01,Energy Meter 01,Energy Meter,Surface,,31.633,,,,,,0.91,Running,0,0,96.07,5.11,326,922.956,231.76,5.4078,37.96,,,,,,
2026-05-28 20:00:00,hourly,EM-01,Energy Meter 01,Energy Meter,Surface,,30.159,,,,,,0.85,Running,0,1,92.63,7.31,326,937.857,231.96,5.2694,81.23,,,,,,
2026-05-28 21:00:00,hourly,EM-01,Energy Meter 01,Energy Meter,Surface,,32.37,,,,,,0.83,Running,0,3,92.7,10.77,324,969.836,246.2,5.92,74.05,,,,,,
2026-05-28 22:00:00,hourly,EM-01,Energy Meter 01,Energy Meter,Surface,,32.317,,,,,,0.9,Running,0,6,94.86,9.85,325,909.62,239.33,5.0137,46.26,,,,,,
2026-05-28 23:00:00,hourly,EM-01,Energy Meter 01,Energy Meter,Surface,,31.864,,,,,,0.83,Running,0,0,91.73,4.88,319,927.762,215.78,5.088,69.26,,,,,,
2026-05-29 00:00:00,hourly,EM-01,Energy Meter 01,Energy Meter,Surface,,32.996,,,,,,0.68,Running,0,2,94.46,8.13,319,1026.303,258.45,5.3326,70.31,,,,,,
2026-04-29 00:00:00,hourly,EMS-01,Underground EMS 01,Underground EMS,Underground,,28.644,,,,,,0.77,Running,0,2,94.54,3.21,793,25.619,,,,0.244,10.99,2.526,0,76.5,22.9
2026-04-29 01:00:00,hourly,EMS-01,Underground EMS 01,Underground EMS,Underground,,28.303,,,,,,0.84,Running,0,0,97.13,3.27,778,20.097,,,,0.101,12.02,2.259,0,79.4,24.45
2026-04-29 02:00:00,hourly,EMS-01,Underground EMS 01,Underground EMS,Underground,,29.095,,,,,,0.73,Running,0,1,95.73,6.29,784,22.349,,,,0.28,8.76,2.831,0,73.5,23.1
2026-04-29 03:00:00,hourly,EMS-01,Underground EMS 01,Underground EMS,Underground,,27.839,,,,,,0.86,Running,1,1,94.23,10.42,775,25.424,,,,0.143,8.38,2.822,0,79.6,17.67
2026-04-29 04:00:00,hourly,EMS-01,Underground EMS 01,Underground EMS,Underground,,31.31,,,,,,0.84,Running,0,3,94.47,6.54,772,24.936,,,,0.242,9.98,2.533,0,78.6,21.78
2026-04-29 05:00:00,hourly,EMS-01,Underground EMS 01,Underground EMS,Underground,,28.179,,,,,,0.69,Running,0,0,96.45,0.73,774,24.201,,,,0.373,10.44,2.735,0,76.3,27.33
2026-04-29 06:00:00,hourly,EMS-01,Underground EMS 01,Underground EMS,Underground,,28.179,,,,,,0.79,Running,0,2,94.46,2.66,777,27.777,,,,0.293,4.54,2.94,0,80.9,17.68
2026-04-29 07:00:00,hourly,EMS-01,Underground EMS 01,Underground EMS,Underground,,28.9,,,,,,0.79,Running,0,1,96.86,4.48,776,21.965,,,,0.459,7.25,2.988,0,82.9,22.93
2026-04-29 08:00:00,hourly,EMS-01,Underground EMS 01,Underground EMS,Underground,,29.525,,,,,,0.87,Running,0,2,94.7,4.73,772,25.265,,,,0.366,10.94,2.766,0,75.8,27.98
2026-04-29 09:00:00,hourly,EMS-01,Underground EMS 01,Underground EMS,Underground,,30.694,,,,,,0.74,Running,0,2,97.4,3.11,772,22.044,,,,0.364,6.37,2.406,0,74.5,20.69
2026-04-29 10:00:00,hourly,EMS-01,Underground EMS 01,Underground EMS,Underground,,29.736,,,,,,0.91,Running,0,0,96.88,1.75,774,32.527,,,,0.236,8.47,2.215,0,81.1,20.34
2026-04-29 11:00:00,hourly,EMS-01,Underground EMS 01,Underground EMS,Underground,,29.711,,,,,,0.82,Running,0,4,94.08,7.5,769,21.719,,,,0.258,11.64,2.404,0,75.0,27.32
2026-04-29 12:00:00,hourly,EMS-01,Underground EMS 01,Underground EMS,Underground,,29.168,,,,,,0.9,Running,0,0,96.22,9.13,770,30.251,,,,0.322,15.18,2.893,0,72.0,29.85
2026-04-29 13:00:00,hourly,EMS-01,Underground EMS 01,Underground EMS,Underground,,27.854,,,,,,0.71,Running,0,5,92.77,12.59,767,23.278,,,,0.24,10.96,2.767,0,81.5,29.9
2026-04-29 14:00:00,hourly,EMS-01,Underground EMS 01,Underground EMS,Underground,,28.138,,,,,,0.84,Running,0,2,95.05,6.83,774,22.069,,,,0.281,4.2,2.053,0,75.4,16.03
2026-04-29 15:00:00,hourly,EMS-01,Underground EMS 01,Underground EMS,Underground,,25.895,,,,,,0.83,Running,0,4,94.91,6.51,765,23.899,,,,0.371,5.92,2.011,0,80.6,23.58
2026-04-29 16:00:00,hourly,EMS-01,Underground EMS 01,Underground EMS,Underground,,28.562,,,,,,0.83,Running,0,5,92.2,9.06,768,20.585,,,,0.291,11.64,1.827,0,71.4,30.47
2026-04-29 17:00:00,hourly,EMS-01,Underground EMS 01,Underground EMS,Underground,,29.897,,,,,,0.85,Running,0,9,92.08,12.13,771,21.256,,,,0.164,5.76,2.739,0,79.2,19.87
2026-04-29 18:00:00,hourly,EMS-01,Underground EMS 01,Underground EMS,Underground,,28.638,,,,,,0.84,Running,0,2,96.81,3.68,770,28.917,,,,0.335,10.61,2.494,0,78.0,28.13
2026-04-29 19:00:00,hourly,EMS-01,Underground EMS 01,Underground EMS,Underground,,29.607,,,,,,0.64,Running,1,5,94.82,9.88,763,25.379,,,,0.246,13.17,2.491,0,82.0,25.66
2026-04-29 20:00:00,hourly,EMS-01,Underground EMS 01,Underground EMS,Underground,,31.661,,,,,,0.95,Running,0,1,95.12,7.0,770,26.785,,,,0.238,11.2,2.585,0,69.3,21.36
2026-04-29 21:00:00,hourly,EMS-01,Underground EMS 01,Underground EMS,Underground,,29.15,,,,,,0.77,Running,0,2,94.39,8.1,768,22.614,,,,0.474,13.38,2.471,0,71.5,38.02
2026-04-29 22:00:00,hourly,EMS-01,Underground EMS 01,Underground EMS,Underground,,29.805,,,,,,0.77,Running,0,0,96.87,0.97,768,26.099,,,,0.292,4.58,2.435,0,84.1,16.04
2026-04-29 23:00:00,hourly,EMS-01,Underground EMS 01,Underground EMS,Underground,,29.165,,,,,,0.82,Running,0,3,92.44,9.37,764,24.434,,,,0.448,2.18,3.028,0,77.5,23.86
2026-04-30 00:00:00,hourly,EMS-01,Underground EMS 01,Underground EMS,Underground,,27.857,,,,,,0.86,Running,0,8,96.18,9.01,766,21.882,,,,0.22,5.64,2.844,0,72.2,14.02
2026-04-30 01:00:00,hourly,EMS-01,Underground EMS 01,Underground EMS,Underground,,28.703,,,,,,0.71,Running,0,0,97.99,0.0,766,33.545,,,,0.227,8.01,2.882,0,80.0,16.95
2026-04-30 02:00:00,hourly,EMS-01,Underground EMS 01,Underground EMS,Underground,,27.477,,,,,,0.7,Running,0,6,93.53,8.48,773,19.833,,,,0.242,5.26,3.065,0,75.5,13.17
2026-04-30 03:00:00,hourly,EMS-01,Underground EMS 01,Underground EMS,Underground,,30.19,,,,,,0.94,Running,0,5,93.26,8.91,755,24.262,,,,0.272,5.66,2.934,0,74.4,25.05
2026-04-30 04:00:00,hourly,EMS-01,Underground EMS 01,Underground EMS,Underground,,30.303,,,,,,0.79,Running,0,4,95.42,6.84,763,25.688,,,,0.256,7.57,2.299,0,86.3,25.13
2026-04-30 05:00:00,hourly,EMS-01,Underground EMS 01,Underground EMS,Underground,,28.872,,,,,,0.84,Running,0,3,95.83,6.53,764,24.938,,,,0.201,6.61,2.776,0,75.7,13.92
2026-04-30 06:00:00,hourly,EMS-01,Underground EMS 01,Underground EMS,Underground,,31.48,,,,,,0.74,Running,0,3,92.73,9.0,761,22.673,,,,0.355,10.5,2.051,0,68.0,27.18
2026-04-30 07:00:00,hourly,EMS-01,Underground EMS 01,Underground EMS,Underground,,28.686,,,,,,0.95,Running,0,4,94.21,9.75,763,22.074,,,,0.288,8.04,2.368,0,76.3,20.98
2026-04-30 08:00:00,hourly,EMS-01,Underground EMS 01,Underground EMS,Underground,,30.224,,,,,,0.89,Running,0,1,97.2,2.58,763,25.055,,,,0.348,6.22,2.893,0,74.0,16.26
2026-04-30 09:00:00,hourly,EMS-01,Underground EMS 01,Underground EMS,Underground,,28.656,,,,,,0.78,Running,0,1,97.83,4.1,759,21.81,,,,0.306,10.86,2.414,0,66.1,26.66
2026-04-30 10:00:00,hourly,EMS-01,Underground EMS 01,Underground EMS,Underground,,29.628,,,,,,0.94,Running,0,2,94.5,4.5,757,27.486,,,,0.485,16.57,2.734,0,81.3,43.84
2026-04-30 11:00:00,hourly,EMS-01,Underground EMS 01,Underground EMS,Underground,,27.051,,,,,,0.87,Running,0,2,94.96,5.41,748,24.721,,,,0.292,9.38,3.091,0,84.2,24.53
2026-04-30 12:00:00,hourly,EMS-01,Underground EMS 01,Underground EMS,Underground,,28.31,,,,,,0.88,Running,0,0,95.25,3.5,765,23.494,,,,0.359,6.39,2.581,0,79.7,21.39
2026-04-30 13:00:00,hourly,EMS-01,Underground EMS 01,Underground EMS,Underground,,29.096,,,,,,0.89,Running,1,2,90.28,14.03,746,24.379,,,,0.384,3.02,2.52,0,77.1,16.8
2026-04-30 14:00:00,hourly,EMS-01,Underground EMS 01,Underground EMS,Underground,,30.193,,,,,,0.79,Running,0,5,93.52,9.58,757,25.603,,,,0.187,7.17,2.516,0,75.7,16.07
2026-04-30 15:00:00,hourly,EMS-01,Underground EMS 01,Underground EMS,Underground,,29.069,,,,,,0.96,Running,0,4,94.64,6.58,756,27.986,,,,0.196,4.41,2.485,0,76.9,14.08
2026-04-30 16:00:00,hourly,EMS-01,Underground EMS 01,Underground EMS,Underground,,30.916,,,,,,0.96,Running,0,0,98.46,2.57,748,25.229,,,,0.201,9.5,2.461,0,82.2,25.6
2026-04-30 17:00:00,hourly,EMS-01,Underground EMS 01,Underground EMS,Underground,,28.496,,,,,,0.96,Running,0,2,95.38,3.97,762,24.635,,,,0.251,13.02,2.565,0,67.4,27.22
2026-04-30 18:00:00,hourly,EMS-01,Underground EMS 01,Underground EMS,Underground,,27.707,,,,,,0.64,Running,0,8,97.03,6.51,756,26.758,,,,0.256,5.4,2.706,0,77.8,14.78
2026-04-30 19:00:00,hourly,EMS-01,Underground EMS 01,Underground EMS,Underground,,31.622,,,,,,0.82,Running,0,7,94.39,9.53,753,19.749,,,,0.3,6.23,2.521,0,83.2,17.13
2026-04-30 20:00:00,hourly,EMS-01,Underground EMS 01,Underground EMS,Underground,,26.88,,,,,,0.85,Running,0,0,95.4,4.44,746,22.393,,,,0.408,10.13,2.519,0,71.2,35.13
2026-04-30 21:00:00,hourly,EMS-01,Underground EMS 01,Underground EMS,Underground,,27.975,,,,,,0.79,Running,0,3,93.14,7.1,756,23.562,,,,0.153,5.79,2.623,0,82.5,19.61
2026-04-30 22:00:00,hourly,EMS-01,Underground EMS 01,Underground EMS,Underground,,28.992,,,,,,0.82,Running,0,4,92.3,9.68,756,21.395,,,,0.157,2.73,2.259,0,85.9,9.47
2026-04-30 23:00:00,hourly,EMS-01,Underground EMS 01,Underground EMS,Underground,,28.593,,,,,,0.82,Running,0,4,92.84,10.36,750,26.202,,,,0.234,11.55,2.54,0,75.0,25.88
2026-05-01 00:00:00,hourly,EMS-01,Underground EMS 01,Underground EMS,Underground,,29.181,,,,,,0.93,Running,0,6,93.93,8.61,756,24.103,,,,0.203,3.78,2.801,0,71.1,12.04
2026-05-01 01:00:00,hourly,EMS-01,Underground EMS 01,Underground EMS,Underground,,29.142,,,,,,0.92,Running,0,4,94.48,5.5,748,20.629,,,,0.16,7.69,2.25,0,74.8,13.8
2026-05-01 02:00:00,hourly,EMS-01,Underground EMS 01,Underground EMS,Underground,,32.079,,,,,,0.85,Running,0,2,93.6,8.0,749,20.293,,,,0.254,7.55,2.75,0,79.7,20.15
2026-05-01 03:00:00,hourly,EMS-01,Underground EMS 01,Underground EMS,Underground,,28.67,,,,,,0.86,Running,0,7,90.84,13.38,746,23.993,,,,0.299,6.67,2.812,0,90.4,16.07
2026-05-01 04:00:00,hourly,EMS-01,Underground EMS 01,Underground EMS,Underground,,29.509,,,,,,0.82,Running,0,1,95.65,5.16,749,25.992,,,,0.275,9.77,3.143,0,74.0,21.87
2026-05-01 05:00:00,hourly,EMS-01,Underground EMS 01,Underground EMS,Underground,,29.078,,,,,,0.98,Running,0,4,93.16,9.67,747,24.285,,,,0.236,3.37,2.701,0,74.3,11.83
2026-05-01 06:00:00,hourly,EMS-01,Underground EMS 01,Underground EMS,Underground,,25.602,,,,,,0.85,Running,0,8,94.53,9.54,742,31.816,,,,0.281,9.01,2.378,0,77.4,26.57
2026-05-01 07:00:00,hourly,EMS-01,Underground EMS 01,Underground EMS,Underground,,27.324,,,,,,0.96,Running,0,1,93.28,8.06,739,23.437,,,,0.142,5.38,2.584,1,78.6,43.24
2026-05-01 08:00:00,hourly,EMS-01,Underground EMS 01,Underground EMS,Underground,,25.907,,,,,,0.9,Running,0,4,96.05,7.22,742,22.261,,,,0.337,8.09,2.444,0,77.9,21.0
2026-05-01 09:00:00,hourly,EMS-01,Underground EMS 01,Underground EMS,Underground,,27.438,,,,,,0.87,Running,0,1,91.62,11.55,745,27.941,,,,0.281,5.46,2.544,0,69.6,21.31
2026-05-01 10:00:00,hourly,EMS-01,Underground EMS 01,Underground EMS,Underground,,28.726,,,,,,0.7,Running,0,1,95.86,5.45,741,24.992,,,,0.309,8.28,2.208,0,71.8,22.86
2026-05-01 11:00:00,hourly,EMS-01,Underground EMS 01,Underground EMS,Underground,,30.17,,,,,,0.92,Running,0,1,93.67,6.07,737,28.029,,,,0.286,10.43,2.579,0,82.0,22.67
2026-05-01 12:00:00,hourly,EMS-01,Underground EMS 01,Underground EMS,Underground,,30.842,,,,,,0.68,Running,0,2,93.84,10.11,740,28.298,,,,0.152,7.44,2.982,0,84.4,18.35
2026-05-01 13:00:00,hourly,EMS-01,Underground EMS 01,Underground EMS,Underground,,32.486,,,,,,0.81,Running,0,1,94.41,11.68,735,22.958,,,,0.245,6.97,2.997,0,71.3,19.52
2026-05-01 14:00:00,hourly,EMS-01,Underground EMS 01,Underground EMS,Underground,,29.084,,,,,,0.71,Running,0,0,94.23,5.95,737,22.24,,,,0.391,5.54,2.803,0,84.1,15.31
2026-05-01 15:00:00,hourly,EMS-01,Underground EMS 01,Underground EMS,Underground,,29.006,,,,,,0.9,Running,0,0,96.56,2.9,731,26.201,,,,0.329,8.23,2.364,0,66.4,24.34
2026-05-01 16:00:00,hourly,EMS-01,Underground EMS 01,Underground EMS,Underground,,26.934,,,,,,0.79,Running,0,2,95.36,9.56,738,21.578,,,,0.264,10.91,2.758,0,79.3,23.54
2026-05-01 17:00:00,hourly,EMS-01,Underground EMS 01,Underground EMS,Underground,,27.558,,,,,,0.87,Running,0,1,96.44,6.24,740,22.597,,,,0.346,7.7,2.546,0,76.3,21.18
2026-05-01 18:00:00,hourly,EMS-01,Underground EMS 01,Underground EMS,Underground,,30.092,,,,,,0.65,Running,0,2,95.1,5.48,736,18.206,,,,0.363,12.12,2.512,0,79.7,29.93
2026-05-01 19:00:00,hourly,EMS-01,Underground EMS 01,Underground EMS,Underground,,31.664,,,,,,0.89,Running,0,9,94.07,11.65,737,23.562,,,,0.392,7.16,2.959,0,71.2,18.97
2026-05-01 20:00:00,hourly,EMS-01,Underground EMS 01,Underground EMS,Underground,,30.915,,,,,,0.89,Running,0,4,94.09,7.35,735,28.441,,,,0.345,13.69,2.507,0,82.0,31.89
2026-05-01 21:00:00,hourly,EMS-01,Underground EMS 01,Underground EMS,Underground,,28.1,,,,,,0.74,Running,1,6,91.72,11.65,736,24.107,,,,0.399,2.06,2.496,0,76.4,17.86
2026-05-01 22:00:00,hourly,EMS-01,Underground EMS 01,Underground EMS,Underground,,27.342,,,,,,0.78,Running,0,1,97.3,4.45,736,19.055,,,,0.286,6.3,2.745,0,74.1,16.96
2026-05-01 23:00:00,hourly,EMS-01,Underground EMS 01,Underground EMS,Underground,,26.418,,,,,,0.93,Running,0,5,94.05,9.86,735,30.212,,,,0.356,5.47,2.196,0,75.6,19.78
2026-05-02 00:00:00,hourly,EMS-01,Underground EMS 01,Underground EMS,Underground,,28.847,,,,,,0.84,Running,0,7,91.4,12.92,737,22.065,,,,0.201,7.65,2.55,0,81.6,18.63
2026-05-02 01:00:00,hourly,EMS-01,Underground EMS 01,Underground EMS,Underground,,31.694,,,,,,0.89,Running,0,4,92.59,14.5,725,24.151,,,,0.344,9.73,2.986,0,77.6,28.04
2026-05-02 02:00:00,hourly,EMS-01,Underground EMS 01,Underground EMS,Underground,,28.241,,,,,,0.68,Running,1,10,91.71,14.35,734,25.012,,,,0.297,15.69,3.05,1,79.6,65.77
2026-05-02 03:00:00,hourly,EMS-01,Underground EMS 01,Underground EMS,Underground,,28.07,,,,,,0.81,Running,0,4,93.07,12.85,729,26.609,,,,0.33,8.29,2.339,0,81.4,22.12
2026-05-02 04:00:00,hourly,EMS-01,Underground EMS 01,Underground EMS,Underground,,28.603,,,,,,0.9,Running,0,2,95.1,5.53,727,25.427,,,,0.382,10.54,2.31,0,74.3,28.35
2026-05-02 05:00:00,hourly,EMS-01,Underground EMS 01,Underground EMS,Underground,,28.568,,,,,,0.76,Running,1,7,90.9,13.39,721,23.588,,,,0.209,5.55,2.429,0,74.8,11.02
2026-05-02 06:00:00,hourly,EMS-01,Underground EMS 01,Underground EMS,Underground,,29.068,,,,,,0.77,Running,0,1,96.31,8.54,722,23.969,,,,0.397,7.06,1.625,0,90.9,22.52
2026-05-02 07:00:00,hourly,EMS-01,Underground EMS 01,Underground EMS,Underground,,25.428,,,,,,0.82,Running,0,2,93.18,8.75,725,21.912,,,,0.335,10.04,3.117,0,71.2,30.73
2026-05-02 08:00:00,hourly,EMS-01,Underground EMS 01,Underground EMS,Underground,,27.571,,,,,,0.76,Running,0,3,93.83,7.85,723,20.887,,,,0.305,3.45,2.816,0,67.3,12.89
2026-05-02 09:00:00,hourly,EMS-01,Underground EMS 01,Underground EMS,Underground,,28.408,,,,,,0.93,Running,0,2,94.05,10.17,730,23.09,,,,0.185,4.57,2.272,0,74.0,16.84
2026-05-02 10:00:00,hourly,EMS-01,Underground EMS 01,Underground EMS,Underground,,29.333,,,,,,0.88,Running,0,6,92.41,11.57,728,28.655,,,,0.233,8.24,2.193,0,76.3,17.13
2026-05-02 11:00:00,hourly,EMS-01,Underground EMS 01,Underground EMS,Underground,,28.157,,,,,,0.82,Running,0,1,95.3,6.54,731,20.816,,,,0.356,7.51,2.607,0,81.6,25.82
2026-05-02 12:00:00,hourly,EMS-01,Underground EMS 01,Underground EMS,Underground,,29.251,,,,,,0.99,Running,0,3,91.89,11.89,723,20.038,,,,0.281,8.65,2.712,0,74.6,23.52
2026-05-02 13:00:00,hourly,EMS-01,Underground EMS 01,Underground EMS,Underground,,28.076,,,,,,0.81,Running,0,1,96.61,1.11,726,24.542,,,,0.375,2.95,3.222,0,81.8,22.52
2026-05-02 14:00:00,hourly,EMS-01,Underground EMS 01,Underground EMS,Underground,,30.133,,,,,,0.86,Running,0,4,92.43,9.92,716,27.074,,,,0.347,6.98,2.457,0,75.5,15.31
2026-05-02 15:00:00,hourly,EMS-01,Underground EMS 01,Underground EMS,Underground,,29.406,,,,,,0.75,Running,0,4,94.06,6.61,732,21.984,,,,0.222,7.23,2.671,0,80.5,16.21
2026-05-02 16:00:00,hourly,EMS-01,Underground EMS 01,Underground EMS,Underground,,29.224,,,,,,0.82,Running,0,7,93.02,12.98,729,21.082,,,,0.279,8.58,2.461,0,83.4,27.63
2026-05-02 17:00:00,hourly,EMS-01,Underground EMS 01,Underground EMS,Underground,,30.096,,,,,,0.88,Running,0,5,95.86,5.44,717,25.104,,,,0.273,10.54,2.551,0,74.8,25.66
2026-05-02 18:00:00,hourly,EMS-01,Underground EMS 01,Underground EMS,Underground,,29.777,,,,,,0.87,Running,0,3,92.28,10.97,726,24.509,,,,0.353,8.14,3.168,0,82.1,26.2
2026-05-02 19:00:00,hourly,EMS-01,Underground EMS 01,Underground EMS,Underground,,28.17,,,,,,0.75,Running,0,1,96.34,7.33,715,28.559,,,,0.288,4.71,3.426,0,72.1,14.6
2026-05-02 20:00:00,hourly,EMS-01,Underground EMS 01,Underground EMS,Underground,,27.838,,,,,,0.72,Running,0,0,97.52,6.57,716,27.619,,,,0.277,8.97,2.813,0,78.2,19.92
2026-05-02 21:00:00,hourly,EMS-01,Underground EMS 01,Underground EMS,Underground,,30.859,,,,,,0.83,Running,0,3,91.86,11.93,718,20.211,,,,0.318,2.74,2.207,0,78.8,18.85
2026-05-02 22:00:00,hourly,EMS-01,Underground EMS 01,Underground EMS,Underground,,31.704,,,,,,0.85,Running,0,7,91.05,10.83,714,20.905,,,,0.261,8.29,2.883,0,78.6,21.39
2026-05-02 23:00:00,hourly,EMS-01,Underground EMS 01,Underground EMS,Underground,,30.624,,,,,,0.66,Running,0,4,93.63,7.82,719,15.632,,,,0.347,9.45,2.614,0,79.1,36.05
2026-05-03 00:00:00,hourly,EMS-01,Underground EMS 01,Underground EMS,Underground,,30.589,,,,,,0.99,Running,0,3,94.29,8.58,721,24.586,,,,0.296,7.81,2.686,0,78.9,22.52
2026-05-03 01:00:00,hourly,EMS-01,Underground EMS 01,Underground EMS,Underground,,27.556,,,,,,0.85,Running,0,9,93.69,9.48,710,21.705,,,,0.382,9.96,2.561,0,62.8,30.65
2026-05-03 02:00:00,hourly,EMS-01,Underground EMS 01,Underground EMS,Underground,,28.768,,,,,,0.66,Running,0,1,93.6,7.34,715,29.954,,,,0.345,4.03,2.434,0,78.8,21.28
2026-05-03 03:00:00,hourly,EMS-01,Underground EMS 01,Underground EMS,Underground,,28.587,,,,,,0.85,Running,0,2,95.14,2.68,710,22.5,,,,0.299,14.8,2.76,0,69.6,34.14
2026-05-03 04:00:00,hourly,EMS-01,Underground EMS 01,Underground EMS,Underground,,28.538,,,,,,0.69,Running,0,1,94.6,4.31,714,23.009,,,,0.4,5.23,2.435,0,74.9,24.28
2026-05-03 05:00:00,hourly,EMS-01,Underground EMS 01,Underground EMS,Underground,,27.871,,,,,,0.74,Running,0,8,91.47,9.57,714,21.897,,,,0.237,0.18,2.522,0,81.9,12.52
2026-05-03 06:00:00,hourly,EMS-01,Underground EMS 01,Underground EMS,Underground,,29.482,,,,,,0.86,Running,0,3,92.86,9.56,709,24.272,,,,0.296,4.16,2.615,0,80.4,16.5
2026-05-03 07:00:00,hourly,EMS-01,Underground EMS 01,Underground EMS,Underground,,29.499,,,,,,0.72,Running,0,3,96.14,4.76,711,28.053,,,,0.293,16.8,2.694,0,85.2,33.76
2026-05-03 08:00:00,hourly,EMS-01,Underground EMS 01,Underground EMS,Underground,,27.725,,,,,,0.74,Running,0,2,94.27,4.69,711,17.681,,,,0.316,11.27,2.163,0,79.8,30.92
2026-05-03 09:00:00,hourly,EMS-01,Underground EMS 01,Underground EMS,Underground,,27.968,,,,,,0.89,Running,0,8,93.95,7.99,707,27.358,,,,0.239,4.2,2.715,0,73.9,19.55
2026-05-03 10:00:00,hourly,EMS-01,Underground EMS 01,Underground EMS,Underground,,29.283,,,,,,0.81,Running,1,7,91.98,14.56,703,18.117,,,,0.294,11.52,2.466,0,71.3,25.43
2026-05-03 11:00:00,hourly,EMS-01,Underground EMS 01,Underground EMS,Underground,,28.96,,,,,,0.78,Running,0,3,95.2,7.44,712,23.118,,,,0.237,11.84,2.764,0,83.8,31.14
2026-05-03 12:00:00,hourly,EMS-01,Underground EMS 01,Underground EMS,Underground,,28.162,,,,,,0.81,Running,0,6,93.99,12.42,711,20.751,,,,0.169,3.64,3.266,0,72.4,7.91
2026-05-03 13:00:00,hourly,EMS-01,Underground EMS 01,Underground EMS,Underground,,28.722,,,,,,0.96,Running,0,5,93.98,8.44,710,20.906,,,,0.271,11.66,2.348,0,71.9,27.14
2026-05-03 14:00:00,hourly,EMS-01,Underground EMS 01,Underground EMS,Underground,,27.168,,,,,,0.89,Running,0,5,95.57,6.15,703,19.841,,,,0.304,6.76,2.583,0,78.1,16.2
2026-05-03 15:00:00,hourly,EMS-01,Underground EMS 01,Underground EMS,Underground,,29.939,,,,,,0.71,Running,0,9,92.31,11.33,705,25.178,,,,0.201,10.09,2.492,0,83.8,16.61
2026-05-03 16:00:00,hourly,EMS-01,Underground EMS 01,Underground EMS,Underground,,28.454,,,,,,0.94,Running,0,0,95.86,9.43,699,22.657,,,,0.254,10.88,2.442,0,78.1,24.53
2026-05-03 17:00:00,hourly,EMS-01,Underground EMS 01,Underground EMS,Underground,,28.406,,,,,,0.79,Running,0,4,94.46,10.9,713,25.604,,,,0.326,10.81,2.254,0,76.2,29.12
2026-05-03 18:00:00,hourly,EMS-01,Underground EMS 01,Underground EMS,Underground,,29.678,,,,,,0.81,Running,0,2,95.82,7.36,699,25.978,,,,0.336,7.4,2.644,0,74.0,22.53
2026-05-03 19:00:00,hourly,EMS-01,Underground EMS 01,Underground EMS,Underground,,30.477,,,,,,0.74,Running,0,6,93.51,9.94,708,23.17,,,,0.343,5.53,2.327,0,79.7,25.92
2026-05-03 20:00:00,hourly,EMS-01,Underground EMS 01,Underground EMS,Underground,,29.016,,,,,,0.78,Running,0,1,96.01,3.87,700,25.967,,,,0.202,9.58,3.1,0,68.8,17.8
2026-05-03 21:00:00,hourly,EMS-01,Underground EMS 01,Underground EMS,Underground,,28.135,,,,,,0.84,Running,0,11,89.43,12.11,703,24.22,,,,0.462,10.46,2.698,0,70.7,31.85
2026-05-03 22:00:00,hourly,EMS-01,Underground EMS 01,Underground EMS,Underground,,29.573,,,,,,0.83,Running,0,2,91.74,10.67,700,22.562,,,,0.16,9.4,2.225,0,73.8,17.52
2026-05-03 23:00:00,hourly,EMS-01,Underground EMS 01,Underground EMS,Underground,,29.095,,,,,,0.96,Running,0,0,92.46,13.62,699,26.749,,,,0.267,7.81,2.712,0,73.9,19.77
2026-05-04 00:00:00,hourly,EMS-01,Underground EMS 01,Underground EMS,Underground,,29.451,,,,,,0.73,Running,1,6,92.71,13.77,702,28.428,,,,0.097,10.02,2.633,0,74.8,16.49
2026-05-04 01:00:00,hourly,EMS-01,Underground EMS 01,Underground EMS,Underground,,30.147,,,,,,0.81,Running,0,2,95.68,2.83,697,27.775,,,,0.202,3.11,2.264,0,82.6,10.48
2026-05-04 02:00:00,hourly,EMS-01,Underground EMS 01,Underground EMS,Underground,,28.767,,,,,,0.65,Running,1,2,90.8,15.58,692,18.897,,,,0.211,10.19,2.591,0,84.3,22.22
2026-05-04 03:00:00,hourly,EMS-01,Underground EMS 01,Underground EMS,Underground,,30.445,,,,,,0.77,Running,0,7,95.33,10.19,697,24.193,,,,0.382,7.38,2.667,0,73.2,20.63
2026-05-04 04:00:00,hourly,EMS-01,Underground EMS 01,Underground EMS,Underground,,28.206,,,,,,0.9,Running,0,3,93.87,11.09,702,27.915,,,,0.416,11.33,3.247,0,76.4,34.65
2026-05-04 05:00:00,hourly,EMS-01,Underground EMS 01,Underground EMS,Underground,,28.055,,,,,,0.94,Running,0,3,92.08,10.18,697,20.323,,,,0.3,8.48,2.273,0,73.9,26.87
2026-05-04 06:00:00,hourly,EMS-01,Underground EMS 01,Underground EMS,Underground,,30.269,,,,,,0.95,Running,0,3,96.68,6.28,692,23.719,,,,0.243,9.81,2.711,0,74.8,23.6
2026-05-04 07:00:00,hourly,EMS-01,Underground EMS 01,Underground EMS,Underground,,29.633,,,,,,0.79,Running,0,2,91.71,8.53,706,21.752,,,,0.075,9.75,2.251,0,80.5,16.68
2026-05-04 08:00:00,hourly,EMS-01,Underground EMS 01,Underground EMS,Underground,,28.793,,,,,,0.8,Running,0,3,95.3,3.77,695,24.811,,,,0.217,6.88,2.499,0,83.4,17.09
2026-05-04 09:00:00,hourly,EMS-01,Underground EMS 01,Underground EMS,Underground,,28.994,,,,,,0.74,Running,1,1,95.96,10.66,691,32.768,,,,0.135,5.75,2.301,0,84.0,16.21
2026-05-04 10:00:00,hourly,EMS-01,Underground EMS 01,Underground EMS,Underground,,28.598,,,,,,0.8,Running,0,0,90.85,11.9,702,23.978,,,,0.228,10.81,3.037,0,78.0,21.15
2026-05-04 11:00:00,hourly,EMS-01,Underground EMS 01,Underground EMS,Underground,,28.735,,,,,,0.91,Running,0,2,92.17,8.69,686,23.502,,,,0.255,8.97,2.988,0,68.7,24.03
2026-05-04 12:00:00,hourly,EMS-01,Underground EMS 01,Underground EMS,Underground,,27.292,,,,,,0.89,Running,0,1,95.99,4.9,688,30.68,,,,0.298,8.83,2.938,0,71.0,22.55
2026-05-04 13:00:00,hourly,EMS-01,Underground EMS 01,Underground EMS,Underground,,27.932,,,,,,0.78,Running,0,0,94.1,11.99,695,24.599,,,,0.266,10.77,2.414,0,69.2,24.11
2026-05-04 14:00:00,hourly,EMS-01,Underground EMS 01,Underground EMS,Underground,,28.801,,,,,,0.79,Running,0,4,94.89,9.49,687,22.122,,,,0.244,9.86,2.351,0,82.9,22.93
2026-05-04 15:00:00,hourly,EMS-01,Underground EMS 01,Underground EMS,Underground,,26.821,,,,,,0.8,Running,0,1,93.93,7.17,693,19.052,,,,0.241,12.08,2.607,0,74.6,27.01
2026-05-04 16:00:00,hourly,EMS-01,Underground EMS 01,Underground EMS,Underground,,25.995,,,,,,0.78,Running,0,2,95.05,6.8,693,27.261,,,,0.27,6.95,3.161,0,78.5,15.56
2026-05-04 17:00:00,hourly,EMS-01,Underground EMS 01,Underground EMS,Underground,,26.758,,,,,,0.84,Running,0,3,91.87,12.39,697,20.439,,,,0.368,9.6,2.904,0,85.4,24.41
2026-05-04 18:00:00,hourly,EMS-01,Underground EMS 01,Underground EMS,Underground,,30.665,,,,,,0.88,Running,0,6,94.99,8.39,692,23.409,,,,0.336,12.01,3.339,0,72.4,27.88
2026-05-04 19:00:00,hourly,EMS-01,Underground EMS 01,Underground EMS,Underground,,31.702,,,,,,1.0,Running,0,1,93.52,10.1,686,25.294,,,,0.228,6.15,2.507,0,76.3,18.01
2026-05-04 20:00:00,hourly,EMS-01,Underground EMS 01,Underground EMS,Underground,,29.406,,,,,,0.82,Running,0,4,93.45,7.3,684,25.908,,,,0.255,5.1,2.599,0,78.2,11.07
2026-05-04 21:00:00,hourly,EMS-01,Underground EMS 01,Underground EMS,Underground,,28.77,,,,,,0.88,Running,0,4,91.6,11.33,682,19.073,,,,0.438,7.71,2.818,0,70.5,29.65
2026-05-04 22:00:00,hourly,EMS-01,Underground EMS 01,Underground EMS,Underground,,30.623,,,,,,0.74,Running,0,2,91.28,10.02,681,20.762,,,,0.233,8.11,2.583,1,81.9,54.93
2026-05-04 23:00:00,hourly,EMS-01,Underground EMS 01,Underground EMS,Underground,,27.481,,,,,,0.83,Running,0,4,93.53,10.99,686,24.662,,,,0.333,8.68,2.584,0,83.8,22.22
2026-05-05 00:00:00,hourly,EMS-01,Underground EMS 01,Underground EMS,Underground,,29.445,,,,,,0.81,Running,0,3,95.72,5.84,677,19.245,,,,0.36,10.37,2.295,0,81.2,28.17
2026-05-05 01:00:00,hourly,EMS-01,Underground EMS 01,Underground EMS,Underground,,29.454,,,,,,0.87,Running,0,0,94.06,9.01,684,26.046,,,,0.283,9.6,2.341,0,81.3,27.27
2026-05-05 02:00:00,hourly,EMS-01,Underground EMS 01,Underground EMS,Underground,,28.661,,,,,,0.86,Running,0,4,92.18,9.65,675,20.003,,,,0.229,15.84,3.293,0,78.3,31.5
2026-05-05 03:00:00,hourly,EMS-01,Underground EMS 01,Underground EMS,Underground,,26.419,,,,,,0.88,Running,0,4,93.45,10.49,683,23.117,,,,0.131,11.83,2.438,0,79.6,21.43
2026-05-05 04:00:00,hourly,EMS-01,Underground EMS 01,Underground EMS,Underground,,30.573,,,,,,0.81,Running,0,7,93.28,10.79,679,22.472,,,,0.33,6.18,2.934,0,83.9,23.5
2026-05-05 05:00:00,hourly,EMS-01,Underground EMS 01,Underground EMS,Underground,,28.216,,,,,,0.79,Running,0,4,92.39,7.83,683,26.37,,,,0.3,10.69,2.102,0,83.3,30.26
2026-05-05 06:00:00,hourly,EMS-01,Underground EMS 01,Underground EMS,Underground,,28.035,,,,,,0.72,Running,0,8,94.37,9.5,669,22.424,,,,0.223,7.89,2.617,0,79.9,17.95
2026-05-05 07:00:00,hourly,EMS-01,Underground EMS 01,Underground EMS,Underground,,26.904,,,,,,0.84,Running,0,6,92.15,8.71,683,26.123,,,,0.325,9.93,2.288,0,73.6,24.45
2026-05-05 08:00:00,hourly,EMS-01,Underground EMS 01,Underground EMS,Underground,,29.847,,,,,,0.81,Running,1,3,92.6,9.04,679,27.444,,,,0.293,8.97,2.536,0,64.9,25.1
2026-05-05 09:00:00,hourly,EMS-01,Underground EMS 01,Underground EMS,Underground,,29.534,,,,,,0.93,Running,1,10,91.93,13.17,676,23.87,,,,0.22,2.71,2.879,0,84.6,9.86
2026-05-05 10:00:00,hourly,EMS-01,Underground EMS 01,Underground EMS,Underground,,29.777,,,,,,0.81,Running,0,4,92.46,9.29,679,24.724,,,,0.167,5.87,2.514,0,86.3,11.59
2026-05-05 11:00:00,hourly,EMS-01,Underground EMS 01,Underground EMS,Underground,,28.378,,,,,,0.78,Running,0,4,96.12,5.7,678,21.902,,,,0.247,8.46,3.177,0,74.9,19.54
2026-05-05 12:00:00,hourly,EMS-01,Underground EMS 01,Underground EMS,Underground,,28.594,,,,,,0.87,Running,0,4,92.53,10.31,670,20.67,,,,0.396,10.27,2.7,0,83.6,26.22
2026-05-05 13:00:00,hourly,EMS-01,Underground EMS 01,Underground EMS,Underground,,28.04,,,,,,0.71,Running,0,4,92.89,7.12,676,20.131,,,,0.336,4.69,2.661,0,67.1,14.9
2026-05-05 14:00:00,hourly,EMS-01,Underground EMS 01,Underground EMS,Underground,,29.351,,,,,,0.84,Running,1,0,94.93,9.97,678,24.296,,,,0.312,12.17,2.493,0,81.5,33.98
2026-05-05 15:00:00,hourly,EMS-01,Underground EMS 01,Underground EMS,Underground,,29.0,,,,,,0.77,Running,0,4,95.31,9.47,668,22.272,,,,0.316,10.7,2.339,0,79.9,23.19
2026-05-05 16:00:00,hourly,EMS-01,Underground EMS 01,Underground EMS,Underground,,28.573,,,,,,0.72,Running,0,6,92.83,11.01,674,25.262,,,,0.214,5.06,2.384,0,74.7,15.22
2026-05-05 17:00:00,hourly,EMS-01,Underground EMS 01,Underground EMS,Underground,,27.284,,,,,,0.83,Running,0,3,95.64,5.55,677,23.111,,,,0.243,7.99,2.747,0,87.8,14.87
2026-05-05 18:00:00,hourly,EMS-01,Underground EMS 01,Underground EMS,Underground,,28.568,,,,,,0.63,Running,0,0,92.05,11.37,673,22.487,,,,0.287,10.71,2.373,0,76.7,30.84
2026-05-05 19:00:00,hourly,EMS-01,Underground EMS 01,Underground EMS,Underground,,26.942,,,,,,0.87,Running,0,3,94.7,10.14,669,23.41,,,,0.277,11.57,2.519,0,82.6,27.21
2026-05-05 20:00:00,hourly,EMS-01,Underground EMS 01,Underground EMS,Underground,,28.134,,,,,,0.83,Running,0,2,93.49,8.12,665,17.609,,,,0.197,3.94,2.501,0,87.3,17.32
2026-05-05 21:00:00,hourly,EMS-01,Underground EMS 01,Underground EMS,Underground,,27.862,,,,,,0.77,Running,0,3,94.29,7.18,666,26.747,,,,0.193,6.05,3.106,0,77.4,13.43
2026-05-05 22:00:00,hourly,EMS-01,Underground EMS 01,Underground EMS,Underground,,28.684,,,,,,0.9,Running,0,0,94.56,7.22,668,22.915,,,,0.275,11.11,2.649,0,82.4,33.47
2026-05-05 23:00:00,hourly,EMS-01,Underground EMS 01,Underground EMS,Underground,,29.39,,,,,,0.86,Running,0,1,93.48,4.82,672,22.815,,,,0.242,4.6,2.683,0,77.8,11.85
2026-05-06 00:00:00,hourly,EMS-01,Underground EMS 01,Underground EMS,Underground,,28.791,,,,,,0.72,Running,0,4,94.42,9.27,670,28.771,,,,0.26,9.81,2.343,0,79.6,25.48
2026-05-06 01:00:00,hourly,EMS-01,Underground EMS 01,Underground EMS,Underground,,28.178,,,,,,0.87,Running,0,2,94.83,7.69,666,23.037,,,,0.266,7.98,2.346,0,73.1,13.89
2026-05-06 02:00:00,hourly,EMS-01,Underground EMS 01,Underground EMS,Underground,,28.645,,,,,,0.86,Running,0,12,90.97,14.36,663,25.757,,,,0.394,7.38,2.29,0,78.6,23.48
2026-05-06 03:00:00,hourly,EMS-01,Underground EMS 01,Underground EMS,Underground,,29.23,,,,,,0.78,Running,0,3,92.16,10.1,664,18.089,,,,0.246,0.97,2.567,0,78.8,9.86
2026-05-06 04:00:00,hourly,EMS-01,Underground EMS 01,Underground EMS,Underground,,29.614,,,,,,0.8,Running,0,2,95.01,4.15,670,22.088,,,,0.321,11.2,2.101,0,78.6,28.04
2026-05-06 05:00:00,hourly,EMS-01,Underground EMS 01,Underground EMS,Underground,,30.902,,,,,,0.95,Running,0,0,90.47,13.68,659,27.45,,,,0.197,5.79,2.825,0,83.8,14.12
2026-05-06 06:00:00,hourly,EMS-01,Underground EMS 01,Underground EMS,Underground,,32.351,,,,,,0.85,Running,0,1,91.72,9.32,664,26.609,,,,0.393,6.21,2.737,0,79.4,24.29
2026-05-06 07:00:00,hourly,EMS-01,Underground EMS 01,Underground EMS,Underground,,31.056,,,,,,0.72,Running,0,4,96.0,6.81,661,26.016,,,,0.423,9.45,2.234,0,72.8,27.41
2026-05-06 08:00:00,hourly,EMS-01,Underground EMS 01,Underground EMS,Underground,,29.013,,,,,,0.83,Running,0,3,92.93,11.28,665,21.567,,,,0.251,8.02,2.529,0,80.7,25.15
2026-05-06 09:00:00,hourly,EMS-01,Underground EMS 01,Underground EMS,Underground,,27.717,,,,,,0.7,Running,0,5,93.83,12.98,661,24.689,,,,0.182,8.0,2.947,0,75.0,19.8
2026-05-06 10:00:00,hourly,EMS-01,Underground EMS 01,Underground EMS,Underground,,28.509,,,,,,0.86,Running,0,3,94.16,11.05,656,22.83,,,,0.144,7.56,2.588,0,78.9,12.37
2026-05-06 11:00:00,hourly,EMS-01,Underground EMS 01,Underground EMS,Underground,,29.305,,,,,,0.78,Running,0,5,94.23,8.69,667,25.038,,,,0.297,6.33,2.226,0,78.6,21.1
2026-05-06 12:00:00,hourly,EMS-01,Underground EMS 01,Underground EMS,Underground,,28.434,,,,,,0.78,Running,0,1,92.68,9.81,661,26.654,,,,0.258,6.13,2.961,0,81.5,18.05
2026-05-06 13:00:00,hourly,EMS-01,Underground EMS 01,Underground EMS,Underground,,28.564,,,,,,0.75,Running,0,3,92.92,11.74,660,24.59,,,,0.395,9.78,2.903,0,79.0,21.53
2026-05-06 14:00:00,hourly,EMS-01,Underground EMS 01,Underground EMS,Underground,,29.93,,,,,,0.79,Running,0,3,96.92,4.98,653,27.153,,,,0.306,5.17,2.966,0,81.0,23.03
2026-05-06 15:00:00,hourly,EMS-01,Underground EMS 01,Underground EMS,Underground,,28.746,,,,,,0.84,Running,0,4,91.36,11.23,656,27.336,,,,0.228,6.04,2.305,0,78.7,13.99
2026-05-06 16:00:00,hourly,EMS-01,Underground EMS 01,Underground EMS,Underground,,29.472,,,,,,0.77,Running,0,0,92.36,6.64,654,20.45,,,,0.355,8.15,3.535,0,89.5,24.98
2026-05-06 17:00:00,hourly,EMS-01,Underground EMS 01,Underground EMS,Underground,,28.711,,,,,,0.76,Running,0,6,91.6,16.43,656,18.194,,,,0.115,9.87,2.706,0,76.3,19.98
2026-05-06 18:00:00,hourly,EMS-01,Underground EMS 01,Underground EMS,Underground,,26.215,,,,,,0.83,Running,0,0,93.13,11.82,648,27.094,,,,0.28,5.73,2.578,0,75.3,18.45
2026-05-06 19:00:00,hourly,EMS-01,Underground EMS 01,Underground EMS,Underground,,26.213,,,,,,0.8,Running,1,5,91.96,12.61,656,24.249,,,,0.289,5.54,2.691,0,81.1,20.77
2026-05-06 20:00:00,hourly,EMS-01,Underground EMS 01,Underground EMS,Underground,,29.556,,,,,,0.8,Running,0,4,95.46,6.54,658,28.24,,,,0.322,7.12,2.856,0,75.9,24.56
2026-05-06 21:00:00,hourly,EMS-01,Underground EMS 01,Underground EMS,Underground,,28.901,,,,,,0.77,Running,0,2,95.96,9.52,652,25.047,,,,0.24,5.31,3.068,0,82.0,16.93
2026-05-06 22:00:00,hourly,EMS-01,Underground EMS 01,Underground EMS,Underground,,29.224,,,,,,0.74,Running,0,7,93.36,11.15,654,28.788,,,,0.271,7.62,2.346,0,71.9,18.05
2026-05-06 23:00:00,hourly,EMS-01,Underground EMS 01,Underground EMS,Underground,,29.414,,,,,,0.81,Running,1,5,91.77,8.8,648,26.306,,,,0.241,1.26,2.5,0,78.8,10.63
2026-05-07 00:00:00,hourly,EMS-01,Underground EMS 01,Underground EMS,Underground,,29.332,,,,,,0.88,Running,0,3,96.31,4.72,659,25.187,,,,0.323,12.5,2.366,0,80.4,33.58
2026-05-07 01:00:00,hourly,EMS-01,Underground EMS 01,Underground EMS,Underground,,28.956,,,,,,0.81,Running,0,0,92.17,12.54,647,22.811,,,,0.343,7.78,2.106,0,72.5,23.28
2026-05-07 02:00:00,hourly,EMS-01,Underground EMS 01,Underground EMS,Underground,,30.817,,,,,,0.8,Running,0,4,93.73,11.26,650,22.437,,,,0.215,2.62,2.676,0,80.0,7.06
2026-05-07 03:00:00,hourly,EMS-01,Underground EMS 01,Underground EMS,Underground,,29.325,,,,,,0.71,Running,0,4,93.96,7.94,647,18.667,,,,0.341,6.25,2.882,0,68.3,24.73
2026-05-07 04:00:00,hourly,EMS-01,Underground EMS 01,Underground EMS,Underground,,29.363,,,,,,0.78,Running,0,4,91.79,14.62,645,25.894,,,,0.187,8.16,2.363,0,78.2,17.39
2026-05-07 05:00:00,hourly,EMS-01,Underground EMS 01,Underground EMS,Underground,,28.306,,,,,,0.78,Running,0,0,92.68,7.66,655,21.521,,,,0.263,7.61,2.402,0,84.0,23.26
2026-05-07 06:00:00,hourly,EMS-01,Underground EMS 01,Underground EMS,Underground,,27.409,,,,,,0.83,Running,0,3,96.31,4.72,654,23.186,,,,0.354,3.98,2.404,0,73.8,16.71
2026-05-07 07:00:00,hourly,EMS-01,Underground EMS 01,Underground EMS,Underground,,32.065,,,,,,0.82,Running,0,5,93.77,8.35,645,23.884,,,,0.246,11.68,2.896,0,77.7,27.66
2026-05-07 08:00:00,hourly,EMS-01,Underground EMS 01,Underground EMS,Underground,,30.176,,,,,,1.0,Running,0,7,94.11,10.21,660,22.345,,,,0.245,10.54,2.443,0,73.9,23.59
2026-05-07 09:00:00,hourly,EMS-01,Underground EMS 01,Underground EMS,Underground,,29.377,,,,,,0.79,Running,0,0,94.62,10.2,650,24.546,,,,0.299,4.04,1.935,0,81.5,14.66
2026-05-07 10:00:00,hourly,EMS-01,Underground EMS 01,Underground EMS,Underground,,28.701,,,,,,0.88,Running,0,4,93.99,11.03,649,16.66,,,,0.04,8.94,2.624,0,82.1,16.28
2026-05-07 11:00:00,hourly,EMS-01,Underground EMS 01,Underground EMS,Underground,,29.9,,,,,,0.89,Running,0,1,94.92,4.4,645,24.077,,,,0.227,5.19,2.469,0,80.8,13.35
2026-05-07 12:00:00,hourly,EMS-01,Underground EMS 01,Underground EMS,Underground,,28.319,,,,,,0.87,Running,0,1,94.16,8.52,649,25.988,,,,0.252,3.87,2.28,0,81.8,9.4
2026-05-07 13:00:00,hourly,EMS-01,Underground EMS 01,Underground EMS,Underground,,30.012,,,,,,0.82,Running,0,3,93.07,6.7,644,18.665,,,,0.266,5.19,2.603,0,74.7,19.25
2026-05-07 14:00:00,hourly,EMS-01,Underground EMS 01,Underground EMS,Underground,,31.123,,,,,,1.0,Running,0,1,98.34,2.47,639,21.882,,,,0.3,10.15,2.654,0,77.6,23.98
2026-05-07 15:00:00,hourly,EMS-01,Underground EMS 01,Underground EMS,Underground,,28.92,,,,,,0.75,Running,0,4,92.33,14.13,642,28.205,,,,0.28,4.89,2.508,0,72.3,17.98
2026-05-07 16:00:00,hourly,EMS-01,Underground EMS 01,Underground EMS,Underground,,31.2,,,,,,0.86,Running,1,12,92.65,14.4,639,23.71,,,,0.381,8.72,2.548,0,73.5,27.15
2026-05-07 17:00:00,hourly,EMS-01,Underground EMS 01,Underground EMS,Underground,,28.661,,,,,,0.88,Running,0,0,95.48,7.35,636,21.831,,,,0.424,3.62,2.088,0,77.1,22.31
2026-05-07 18:00:00,hourly,EMS-01,Underground EMS 01,Underground EMS,Underground,,26.539,,,,,,0.69,Running,0,4,94.52,8.31,644,26.303,,,,0.275,9.96,2.306,0,84.0,27.26
2026-05-07 19:00:00,hourly,EMS-01,Underground EMS 01,Underground EMS,Underground,,30.183,,,,,,0.71,Running,0,1,92.6,10.08,640,20.551,,,,0.231,7.03,2.686,0,73.7,20.09
2026-05-07 20:00:00,hourly,EMS-01,Underground EMS 01,Underground EMS,Underground,,28.891,,,,,,0.92,Running,0,4,92.47,10.56,638,20.822,,,,0.384,9.16,2.814,0,79.6,29.04
2026-05-07 21:00:00,hourly,EMS-01,Underground EMS 01,Underground EMS,Underground,,30.192,,,,,,0.84,Running,0,6,93.24,12.43,645,21.102,,,,0.263,4.19,2.365,0,73.7,18.22
2026-05-07 22:00:00,hourly,EMS-01,Underground EMS 01,Underground EMS,Underground,,27.464,,,,,,0.73,Running,0,5,93.74,7.09,638,28.221,,,,0.233,14.33,3.152,0,72.1,28.03
2026-05-07 23:00:00,hourly,EMS-01,Underground EMS 01,Underground EMS,Underground,,28.353,,,,,,0.92,Running,0,3,93.24,8.99,642,20.838,,,,0.349,13.68,2.533,0,84.9,30.88
2026-05-08 00:00:00,hourly,EMS-01,Underground EMS 01,Underground EMS,Underground,,30.914,,,,,,0.81,Running,0,5,92.4,10.73,632,23.77,,,,0.285,0.26,2.382,0,83.8,12.15
2026-05-08 01:00:00,hourly,EMS-01,Underground EMS 01,Underground EMS,Underground,,29.447,,,,,,0.9,Running,0,0,94.31,6.6,632,27.518,,,,0.352,11.74,2.647,0,74.1,24.81
2026-05-08 02:00:00,hourly,EMS-01,Underground EMS 01,Underground EMS,Underground,,31.13,,,,,,0.96,Running,0,7,93.32,10.41,635,20.894,,,,0.227,8.39,2.702,1,76.4,46.72
2026-05-08 03:00:00,hourly,EMS-01,Underground EMS 01,Underground EMS,Underground,,28.156,,,,,,0.8,Running,0,6,94.62,10.67,634,18.59,,,,0.262,9.37,2.612,0,78.9,18.21
2026-05-08 04:00:00,hourly,EMS-01,Underground EMS 01,Underground EMS,Underground,,32.341,,,,,,0.67,Running,0,5,93.45,10.48,635,30.502,,,,0.352,9.2,2.586,0,73.0,29.44
2026-05-08 05:00:00,hourly,EMS-01,Underground EMS 01,Underground EMS,Underground,,32.222,,,,,,0.76,Running,0,5,90.78,11.54,637,24.408,,,,0.108,10.68,2.763,0,80.6,23.05
2026-05-08 06:00:00,hourly,EMS-01,Underground EMS 01,Underground EMS,Underground,,30.091,,,,,,0.66,Running,0,2,93.98,6.96,646,22.018,,,,0.247,6.16,3.001,0,70.0,20.36
2026-05-08 07:00:00,hourly,EMS-01,Underground EMS 01,Underground EMS,Underground,,29.25,,,,,,0.75,Running,0,1,94.76,4.82,625,23.512,,,,0.365,3.44,2.306,0,75.4,18.07
2026-05-08 08:00:00,hourly,EMS-01,Underground EMS 01,Underground EMS,Underground,,29.643,,,,,,0.93,Running,0,2,93.82,8.45,628,26.302,,,,0.264,5.96,2.352,0,76.3,16.82
2026-05-08 09:00:00,hourly,EMS-01,Underground EMS 01,Underground EMS,Underground,,30.498,,,,,,0.76,Running,0,2,90.65,11.44,632,19.211,,,,0.37,5.58,2.624,0,80.3,20.63
2026-05-08 10:00:00,hourly,EMS-01,Underground EMS 01,Underground EMS,Underground,,29.389,,,,,,0.73,Running,1,4,93.64,9.4,637,22.55,,,,0.226,8.02,2.854,0,84.3,21.08
2026-05-08 11:00:00,hourly,EMS-01,Underground EMS 01,Underground EMS,Underground,,28.551,,,,,,0.94,Running,0,7,92.43,9.21,628,26.469,,,,0.304,7.92,2.047,0,72.7,24.6
2026-05-08 12:00:00,hourly,EMS-01,Underground EMS 01,Underground EMS,Underground,,27.599,,,,,,0.8,Running,0,2,93.27,6.62,628,28.531,,,,0.261,6.43,2.641,0,77.3,15.44
2026-05-08 13:00:00,hourly,EMS-01,Underground EMS 01,Underground EMS,Underground,,25.997,,,,,,0.84,Running,0,2,93.96,4.59,626,28.501,,,,0.154,5.89,3.096,0,80.8,16.37
2026-05-08 14:00:00,hourly,EMS-01,Underground EMS 01,Underground EMS,Underground,,28.624,,,,,,0.73,Running,0,4,92.77,11.38,629,24.343,,,,0.258,9.99,2.675,0,77.5,27.25
2026-05-08 15:00:00,hourly,EMS-01,Underground EMS 01,Underground EMS,Underground,,26.154,,,,,,0.92,Running,0,2,94.16,5.39,626,28.645,,,,0.248,4.78,2.77,0,76.9,18.29
2026-05-08 16:00:00,hourly,EMS-01,Underground EMS 01,Underground EMS,Underground,,28.824,,,,,,0.82,Running,0,3,93.92,9.51,629,18.772,,,,0.234,10.25,2.631,0,81.9,19.1
2026-05-08 17:00:00,hourly,EMS-01,Underground EMS 01,Underground EMS,Underground,,31.224,,,,,,0.88,Running,0,6,93.71,7.51,630,24.457,,,,0.215,7.83,2.687,0,68.6,21.49
2026-05-08 18:00:00,hourly,EMS-01,Underground EMS 01,Underground EMS,Underground,,28.938,,,,,,0.7,Running,0,4,92.56,10.94,622,15.93,,,,0.397,6.3,2.806,0,76.8,23.11
2026-05-08 19:00:00,hourly,EMS-01,Underground EMS 01,Underground EMS,Underground,,27.717,,,,,,0.92,Running,0,5,94.72,7.3,627,28.387,,,,0.231,4.98,2.363,0,78.2,20.24
2026-05-08 20:00:00,hourly,EMS-01,Underground EMS 01,Underground EMS,Underground,,28.321,,,,,,0.85,Running,0,3,95.47,6.63,620,25.36,,,,0.311,12.17,2.2,0,77.7,28.76
2026-05-08 21:00:00,hourly,EMS-01,Underground EMS 01,Underground EMS,Underground,,27.898,,,,,,0.76,Running,0,10,93.09,11.58,623,29.44,,,,0.275,2.76,2.774,0,73.9,17.07
2026-05-08 22:00:00,hourly,EMS-01,Underground EMS 01,Underground EMS,Underground,,31.42,,,,,,0.79,Running,0,7,92.34,9.3,619,22.154,,,,0.352,9.29,2.613,1,82.3,60.65
2026-05-08 23:00:00,hourly,EMS-01,Underground EMS 01,Underground EMS,Underground,,28.119,,,,,,0.78,Running,1,8,92.46,13.53,614,19.876,,,,0.424,7.59,3.162,0,79.3,28.66
2026-05-09 00:00:00,hourly,EMS-01,Underground EMS 01,Underground EMS,Underground,,26.536,,,,,,0.84,Running,0,5,94.37,9.41,624,26.441,,,,0.409,7.2,2.179,0,61.2,23.47
2026-05-09 01:00:00,hourly,EMS-01,Underground EMS 01,Underground EMS,Underground,,32.606,,,,,,0.83,Running,0,5,93.26,8.76,615,23.511,,,,0.243,4.12,2.877,0,80.9,16.13
2026-05-09 02:00:00,hourly,EMS-01,Underground EMS 01,Underground EMS,Underground,,28.773,,,,,,0.95,Running,0,3,92.71,9.74,616,27.35,,,,0.331,5.68,2.305,0,77.1,17.69
2026-05-09 03:00:00,hourly,EMS-01,Underground EMS 01,Underground EMS,Underground,,27.808,,,,,,0.66,Running,0,5,91.9,11.57,617,26.395,,,,0.38,14.96,2.663,0,82.3,34.06
2026-05-09 04:00:00,hourly,EMS-01,Underground EMS 01,Underground EMS,Underground,,29.052,,,,,,0.87,Running,0,8,93.7,7.96,625,23.079,,,,0.263,11.27,2.799,0,84.6,29.6
2026-05-09 05:00:00,hourly,EMS-01,Underground EMS 01,Underground EMS,Underground,,28.709,,,,,,0.69,Running,0,2,94.05,4.85,623,23.916,,,,0.367,11.01,2.6,0,78.3,29.5
2026-05-09 06:00:00,hourly,EMS-01,Underground EMS 01,Underground EMS,Underground,,29.697,,,,,,1.0,Running,0,2,92.94,7.92,609,23.296,,,,0.288,10.13,2.63,0,74.1,24.86
2026-05-09 07:00:00,hourly,EMS-01,Underground EMS 01,Underground EMS,Underground,,28.813,,,,,,0.94,Running,0,0,93.49,7.14,610,24.094,,,,0.184,8.79,2.56,0,82.5,24.58
2026-05-09 08:00:00,hourly,EMS-01,Underground EMS 01,Underground EMS,Underground,,26.042,,,,,,0.82,Running,0,2,93.84,8.23,622,22.471,,,,0.445,12.35,2.612,0,85.4,38.31
2026-05-09 09:00:00,hourly,EMS-01,Underground EMS 01,Underground EMS,Underground,,28.79,,,,,,0.85,Running,0,1,94.51,5.25,623,25.849,,,,0.148,8.67,2.232,0,79.6,14.96
2026-05-09 10:00:00,hourly,EMS-01,Underground EMS 01,Underground EMS,Underground,,30.282,,,,,,0.82,Running,0,7,91.62,13.38,615,18.787,,,,0.176,15.11,2.323,0,77.7,29.16
2026-05-09 11:00:00,hourly,EMS-01,Underground EMS 01,Underground EMS,Underground,,28.289,,,,,,0.77,Running,0,1,91.87,11.63,613,18.187,,,,0.249,11.86,2.59,0,82.7,25.33
2026-05-09 12:00:00,hourly,EMS-01,Underground EMS 01,Underground EMS,Underground,,30.061,,,,,,0.76,Running,0,0,92.36,9.85,612,22.656,,,,0.36,9.1,2.617,0,73.7,25.53
2026-05-09 13:00:00,hourly,EMS-01,Underground EMS 01,Underground EMS,Underground,,30.364,,,,,,0.82,Running,0,4,93.05,8.09,610,22.113,,,,0.333,10.0,2.569,0,78.5,29.81
2026-05-09 14:00:00,hourly,EMS-01,Underground EMS 01,Underground EMS,Underground,,30.693,,,,,,0.61,Running,0,0,92.25,10.89,606,22.425,,,,0.438,7.87,2.276,0,75.8,29.18
2026-05-09 15:00:00,hourly,EMS-01,Underground EMS 01,Underground EMS,Underground,,27.591,,,,,,0.92,Running,1,6,92.53,12.33,613,27.731,,,,0.367,13.28,2.892,0,80.9,28.02
2026-05-09 16:00:00,hourly,EMS-01,Underground EMS 01,Underground EMS,Underground,,27.736,,,,,,0.96,Running,0,4,94.12,4.46,606,24.396,,,,0.3,6.3,2.692,0,77.0,23.33
2026-05-09 17:00:00,hourly,EMS-01,Underground EMS 01,Underground EMS,Underground,,29.074,,,,,,0.8,Running,1,5,90.65,10.08,611,26.335,,,,0.384,10.03,2.682,0,77.1,27.12
2026-05-09 18:00:00,hourly,EMS-01,Underground EMS 01,Underground EMS,Underground,,26.503,,,,,,0.93,Running,0,6,91.69,9.57,608,25.566,,,,0.264,8.43,2.61,0,80.8,23.21
2026-05-09 19:00:00,hourly,EMS-01,Underground EMS 01,Underground EMS,Underground,,27.531,,,,,,0.78,Running,0,5,91.85,8.77,612,28.536,,,,0.297,5.68,2.289,0,84.9,20.99
2026-05-09 20:00:00,hourly,EMS-01,Underground EMS 01,Underground EMS,Underground,,29.46,,,,,,0.77,Running,0,0,94.94,4.18,604,22.085,,,,0.248,9.32,2.107,0,81.2,24.93
2026-05-09 21:00:00,hourly,EMS-01,Underground EMS 01,Underground EMS,Underground,,26.125,,,,,,0.84,Running,0,0,93.05,9.74,601,25.732,,,,0.373,0.0,2.619,0,82.1,11.37
2026-05-09 22:00:00,hourly,EMS-01,Underground EMS 01,Underground EMS,Underground,,26.531,,,,,,0.86,Running,0,5,93.28,9.32,601,23.358,,,,0.259,10.74,2.403,0,83.2,26.51
2026-05-09 23:00:00,hourly,EMS-01,Underground EMS 01,Underground EMS,Underground,,29.758,,,,,,0.75,Running,0,6,91.57,11.03,605,20.676,,,,0.181,12.71,2.424,0,76.5,27.98
2026-05-10 00:00:00,hourly,EMS-01,Underground EMS 01,Underground EMS,Underground,,26.775,,,,,,0.85,Running,0,6,92.12,11.43,603,20.352,,,,0.181,6.48,2.805,0,79.0,15.67
2026-05-10 01:00:00,hourly,EMS-01,Underground EMS 01,Underground EMS,Underground,,32.812,,,,,,0.84,Running,0,7,88.78,15.55,598,23.344,,,,0.198,6.98,2.544,0,77.5,16.04
2026-05-10 02:00:00,hourly,EMS-01,Underground EMS 01,Underground EMS,Underground,,27.617,,,,,,0.64,Running,0,2,92.97,8.32,601,27.173,,,,0.326,7.49,2.795,0,78.1,19.64
2026-05-10 03:00:00,hourly,EMS-01,Underground EMS 01,Underground EMS,Underground,,27.528,,,,,,0.8,Running,0,5,91.79,10.62,602,22.257,,,,0.274,11.13,2.403,0,76.2,31.71
2026-05-10 04:00:00,hourly,EMS-01,Underground EMS 01,Underground EMS,Underground,,27.058,,,,,,0.8,Running,0,9,90.27,14.05,604,22.489,,,,0.289,12.65,2.5,0,77.2,25.51
2026-05-10 05:00:00,hourly,EMS-01,Underground EMS 01,Underground EMS,Underground,,28.993,,,,,,0.77,Running,0,2,93.33,6.9,601,21.924,,,,0.319,11.99,2.559,0,76.6,26.38
2026-05-10 06:00:00,hourly,EMS-01,Underground EMS 01,Underground EMS,Underground,,28.738,,,,,,0.77,Running,0,3,91.34,12.7,603,20.405,,,,0.328,11.59,2.058,0,74.3,29.58
2026-05-10 07:00:00,hourly,EMS-01,Underground EMS 01,Underground EMS,Underground,,29.562,,,,,,0.86,Running,0,0,92.98,3.4,600,22.551,,,,0.262,9.19,2.365,0,65.7,19.99
2026-05-10 08:00:00,hourly,EMS-01,Underground EMS 01,Underground EMS,Underground,,28.669,,,,,,0.69,Running,0,1,93.27,9.35,599,27.402,,,,0.28,2.0,3.006,0,78.2,18.21
2026-05-10 09:00:00,hourly,EMS-01,Underground EMS 01,Underground EMS,Underground,,30.308,,,,,,0.91,Running,0,1,97.25,4.49,600,24.798,,,,0.251,7.44,2.399,0,85.8,16.32
2026-05-10 10:00:00,hourly,EMS-01,Underground EMS 01,Underground EMS,Underground,,28.692,,,,,,0.81,Running,0,4,92.17,9.02,593,22.296,,,,0.317,10.82,2.646,0,80.6,27.9
2026-05-10 11:00:00,hourly,EMS-01,Underground EMS 01,Underground EMS,Underground,,28.493,,,,,,0.92,Running,0,9,93.1,11.79,604,22.871,,,,0.279,10.78,2.377,0,77.3,28.72
2026-05-10 12:00:00,hourly,EMS-01,Underground EMS 01,Underground EMS,Underground,,29.336,,,,,,0.77,Running,1,3,92.7,12.5,596,25.012,,,,0.217,7.46,2.381,0,71.4,15.2
2026-05-10 13:00:00,hourly,EMS-01,Underground EMS 01,Underground EMS,Underground,,26.273,,,,,,0.9,Running,1,1,91.55,12.25,595,22.197,,,,0.295,2.44,2.664,0,73.6,11.59
2026-05-10 14:00:00,hourly,EMS-01,Underground EMS 01,Underground EMS,Underground,,27.447,,,,,,0.86,Running,0,6,93.09,12.91,596,26.675,,,,0.342,10.7,2.242,0,68.9,28.39
2026-05-10 15:00:00,hourly,EMS-01,Underground EMS 01,Underground EMS,Underground,,31.401,,,,,,0.68,Running,0,2,93.99,6.81,599,27.73,,,,0.429,5.41,2.835,0,80.0,21.18
2026-05-10 16:00:00,hourly,EMS-01,Underground EMS 01,Underground EMS,Underground,,26.522,,,,,,0.8,Running,1,8,93.62,10.7,595,20.545,,,,0.194,5.42,2.815,0,74.0,16.2
2026-05-10 17:00:00,hourly,EMS-01,Underground EMS 01,Underground EMS,Underground,,30.252,,,,,,1.0,Running,0,7,93.84,11.44,595,23.101,,,,0.185,11.13,2.776,0,83.6,22.52
2026-05-10 18:00:00,hourly,EMS-01,Underground EMS 01,Underground EMS,Underground,,25.669,,,,,,0.89,Running,0,5,91.46,9.67,592,25.213,,,,0.174,8.53,1.963,0,66.4,19.22
2026-05-10 19:00:00,hourly,EMS-01,Underground EMS 01,Underground EMS,Underground,,26.759,,,,,,0.73,Running,0,1,92.84,10.18,587,27.919,,,,0.238,10.75,2.606,0,75.3,26.51
2026-05-10 20:00:00,hourly,EMS-01,Underground EMS 01,Underground EMS,Underground,,27.914,,,,,,0.78,Running,0,3,90.17,10.81,580,16.188,,,,0.273,3.9,3.162,0,82.9,12.79
2026-05-10 21:00:00,hourly,EMS-01,Underground EMS 01,Underground EMS,Underground,,29.607,,,,,,0.89,Running,1,10,89.94,15.75,593,22.099,,,,0.253,7.77,2.04,0,71.4,20.54
2026-05-10 22:00:00,hourly,EMS-01,Underground EMS 01,Underground EMS,Underground,,28.8,,,,,,0.85,Running,0,3,95.41,9.75,593,16.372,,,,0.174,3.07,3.08,0,71.4,10.02
2026-05-10 23:00:00,hourly,EMS-01,Underground EMS 01,Underground EMS,Underground,,29.557,,,,,,0.7,Running,0,0,92.87,8.89,584,26.287,,,,0.404,11.11,1.846,0,75.0,28.09
2026-05-11 00:00:00,hourly,EMS-01,Underground EMS 01,Underground EMS,Underground,,28.255,,,,,,0.68,Running,0,7,93.69,8.77,583,24.019,,,,0.14,10.48,2.769,0,72.2,23.06
2026-05-11 01:00:00,hourly,EMS-01,Underground EMS 01,Underground EMS,Underground,,28.775,,,,,,0.88,Running,0,3,93.68,7.82,583,27.095,,,,0.431,5.13,2.104,0,75.8,17.82
2026-05-11 02:00:00,hourly,EMS-01,Underground EMS 01,Underground EMS,Underground,,29.05,,,,,,0.8,Running,1,7,92.61,15.32,584,23.301,,,,0.335,7.3,2.655,0,66.5,18.61
2026-05-11 03:00:00,hourly,EMS-01,Underground EMS 01,Underground EMS,Underground,,30.331,,,,,,0.91,Running,0,3,94.79,5.48,582,23.329,,,,0.404,9.85,2.934,0,83.7,30.97
2026-05-11 04:00:00,hourly,EMS-01,Underground EMS 01,Underground EMS,Underground,,31.428,,,,,,0.85,Running,0,3,92.42,8.78,586,25.089,,,,0.21,5.04,2.212,0,81.7,10.69
2026-05-11 05:00:00,hourly,EMS-01,Underground EMS 01,Underground EMS,Underground,,27.499,,,,,,0.75,Running,1,11,89.19,16.25,585,24.257,,,,0.261,2.84,3.237,0,75.0,18.54
2026-05-11 06:00:00,hourly,EMS-01,Underground EMS 01,Underground EMS,Underground,,28.78,,,,,,0.82,Running,0,3,92.91,9.75,584,22.435,,,,0.273,7.89,2.261,0,68.5,16.99
2026-05-11 07:00:00,hourly,EMS-01,Underground EMS 01,Underground EMS,Underground,,28.442,,,,,,0.79,Running,0,4,94.12,13.26,581,26.638,,,,0.254,10.33,2.704,0,73.3,28.94
2026-05-11 08:00:00,hourly,EMS-01,Underground EMS 01,Underground EMS,Underground,,29.443,,,,,,0.84,Running,0,18,90.35,17.48,579,27.34,,,,0.31,5.02,2.284,0,81.4,21.12
2026-05-11 09:00:00,hourly,EMS-01,Underground EMS 01,Underground EMS,Underground,,30.98,,,,,,0.75,Running,0,0,92.15,12.22,576,24.981,,,,0.311,12.03,2.97,0,81.6,24.14
2026-05-11 10:00:00,hourly,EMS-01,Underground EMS 01,Underground EMS,Underground,,29.151,,,,,,0.7,Running,0,4,94.37,9.75,579,28.163,,,,0.219,9.21,3.116,0,74.6,21.59
2026-05-11 11:00:00,hourly,EMS-01,Underground EMS 01,Underground EMS,Underground,,28.226,,,,,,0.81,Running,0,5,94.01,9.85,583,28.439,,,,0.442,11.89,2.482,0,80.0,29.06
2026-05-11 12:00:00,hourly,EMS-01,Underground EMS 01,Underground EMS,Underground,,30.465,,,,,,0.75,Running,0,7,92.37,12.78,573,22.225,,,,0.202,4.86,3.065,0,70.0,11.89
2026-05-11 13:00:00,hourly,EMS-01,Underground EMS 01,Underground EMS,Underground,,28.685,,,,,,0.9,Running,0,12,91.33,13.18,579,24.059,,,,0.33,4.99,2.679,0,77.2,17.63
2026-05-11 14:00:00,hourly,EMS-01,Underground EMS 01,Underground EMS,Underground,,28.817,,,,,,0.8,Running,0,4,92.55,8.42,574,25.131,,,,0.311,6.01,2.511,0,71.2,13.7
2026-05-11 15:00:00,hourly,EMS-01,Underground EMS 01,Underground EMS,Underground,,29.874,,,,,,0.84,Running,0,1,92.94,8.24,572,19.21,,,,0.313,12.39,2.272,0,79.5,27.39
2026-05-11 16:00:00,hourly,EMS-01,Underground EMS 01,Underground EMS,Underground,,27.183,,,,,,0.79,Running,0,5,93.73,10.73,581,24.315,,,,0.093,8.22,2.369,0,75.5,14.85
2026-05-11 17:00:00,hourly,EMS-01,Underground EMS 01,Underground EMS,Underground,,27.094,,,,,,0.83,Running,0,4,92.3,9.78,581,23.608,,,,0.276,7.42,2.873,0,76.3,20.07
2026-05-11 18:00:00,hourly,EMS-01,Underground EMS 01,Underground EMS,Underground,,27.633,,,,,,0.87,Running,0,7,95.01,9.67,578,21.772,,,,0.277,12.11,2.368,0,77.6,23.6
2026-05-11 19:00:00,hourly,EMS-01,Underground EMS 01,Underground EMS,Underground,,28.641,,,,,,0.84,Running,0,7,92.88,11.42,570,24.738,,,,0.322,4.34,2.803,0,68.7,16.3
2026-05-11 20:00:00,hourly,EMS-01,Underground EMS 01,Underground EMS,Underground,,30.491,,,,,,0.69,Running,0,3,91.94,8.91,578,21.167,,,,0.185,8.79,2.502,0,77.8,20.19
2026-05-11 21:00:00,hourly,EMS-01,Underground EMS 01,Underground EMS,Underground,,28.105,,,,,,0.78,Running,0,3,91.61,9.45,577,19.335,,,,0.318,7.71,3.072,0,83.4,24.86
2026-05-11 22:00:00,hourly,EMS-01,Underground EMS 01,Underground EMS,Underground,,28.321,,,,,,0.98,Running,0,5,91.11,9.83,581,16.828,,,,0.358,12.83,2.399,0,78.3,39.28
2026-05-11 23:00:00,hourly,EMS-01,Underground EMS 01,Underground EMS,Underground,,29.295,,,,,,0.85,Running,0,5,94.11,9.81,570,18.829,,,,0.345,10.85,2.106,0,83.1,31.68
2026-05-12 00:00:00,hourly,EMS-01,Underground EMS 01,Underground EMS,Underground,,27.741,,,,,,0.78,Running,0,0,92.15,13.32,573,20.349,,,,0.296,6.53,2.218,0,75.9,17.37
2026-05-12 01:00:00,hourly,EMS-01,Underground EMS 01,Underground EMS,Underground,,28.386,,,,,,0.78,Running,0,1,87.89,16.18,567,24.068,,,,0.388,13.13,2.742,0,79.1,31.65
2026-05-12 02:00:00,hourly,EMS-01,Underground EMS 01,Underground EMS,Underground,,28.998,,,,,,0.93,Running,0,6,91.83,11.43,563,24.96,,,,0.364,8.55,2.584,0,79.7,26.67
2026-05-12 03:00:00,hourly,EMS-01,Underground EMS 01,Underground EMS,Underground,,29.849,,,,,,0.86,Running,0,1,94.41,8.47,562,22.165,,,,0.237,9.75,2.604,0,81.1,26.72
2026-05-12 04:00:00,hourly,EMS-01,Underground EMS 01,Underground EMS,Underground,,30.376,,,,,,0.72,Running,0,1,91.69,13.38,569,25.792,,,,0.309,9.2,2.8,0,82.6,29.84
2026-05-12 05:00:00,hourly,EMS-01,Underground EMS 01,Underground EMS,Underground,,28.832,,,,,,0.98,Running,1,6,90.27,12.93,565,24.917,,,,0.372,13.13,2.24,0,71.0,27.52
2026-05-12 06:00:00,hourly,EMS-01,Underground EMS 01,Underground EMS,Underground,,28.641,,,,,,0.84,Running,0,1,91.65,12.55,570,21.267,,,,0.424,0.76,2.4,0,74.1,18.95
2026-05-12 07:00:00,hourly,EMS-01,Underground EMS 01,Underground EMS,Underground,,28.758,,,,,,0.84,Running,0,3,93.35,9.17,570,21.083,,,,0.244,9.61,2.469,0,80.4,19.08
2026-05-12 08:00:00,hourly,EMS-01,Underground EMS 01,Underground EMS,Underground,,29.344,,,,,,0.94,Running,0,5,92.0,8.08,566,27.65,,,,0.225,14.81,2.645,0,79.8,29.24
2026-05-12 09:00:00,hourly,EMS-01,Underground EMS 01,Underground EMS,Underground,,31.114,,,,,,0.83,Running,0,2,90.89,15.49,560,22.394,,,,0.211,4.21,2.339,0,77.9,16.62
2026-05-12 10:00:00,hourly,EMS-01,Underground EMS 01,Underground EMS,Underground,,32.103,,,,,,0.85,Running,0,5,93.31,10.0,561,29.182,,,,0.191,5.07,2.459,0,91.1,11.79
2026-05-12 11:00:00,hourly,EMS-01,Underground EMS 01,Underground EMS,Underground,,31.648,,,,,,0.7,Running,0,5,94.21,7.73,565,20.153,,,,0.296,8.71,2.438,0,78.5,21.98
2026-05-12 12:00:00,hourly,EMS-01,Underground EMS 01,Underground EMS,Underground,,30.552,,,,,,0.81,Running,0,1,94.69,5.92,565,23.193,,,,0.242,11.78,2.131,0,79.5,31.9
2026-05-12 13:00:00,hourly,EMS-01,Underground EMS 01,Underground EMS,Underground,,27.628,,,,,,0.72,Running,0,7,92.67,8.85,564,19.384,,,,0.341,9.02,2.444,0,71.2,30.3
2026-05-12 14:00:00,hourly,EMS-01,Underground EMS 01,Underground EMS,Underground,,29.364,,,,,,0.78,Running,0,2,92.05,8.23,566,17.971,,,,0.247,7.36,2.722,0,82.7,21.06
2026-05-12 15:00:00,hourly,EMS-01,Underground EMS 01,Underground EMS,Underground,,28.548,,,,,,0.84,Running,0,4,93.02,7.52,561,21.884,,,,0.205,7.97,2.252,0,78.5,13.57
2026-05-12 16:00:00,hourly,EMS-01,Underground EMS 01,Underground EMS,Underground,,28.869,,,,,,0.64,Running,0,1,94.33,6.06,562,26.088,,,,0.372,6.91,2.159,0,78.3,18.45
2026-05-12 17:00:00,hourly,EMS-01,Underground EMS 01,Underground EMS,Underground,,31.497,,,,,,0.85,Running,0,1,93.97,7.33,563,22.002,,,,0.291,6.61,2.491,0,87.5,20.48
2026-05-12 18:00:00,hourly,EMS-01,Underground EMS 01,Underground EMS,Underground,,30.921,,,,,,0.89,Running,0,10,92.19,13.58,564,25.672,,,,0.363,3.92,2.389,0,77.2,19.98
2026-05-12 19:00:00,hourly,EMS-01,Underground EMS 01,Underground EMS,Underground,,30.247,,,,,,0.67,Running,0,12,90.78,14.11,559,21.274,,,,0.255,14.38,2.028,0,83.6,31.27
2026-05-12 20:00:00,hourly,EMS-01,Underground EMS 01,Underground EMS,Underground,,32.723,,,,,,0.77,Running,0,5,92.68,8.41,558,27.973,,,,0.434,8.53,2.02,0,83.5,24.88
2026-05-12 21:00:00,hourly,EMS-01,Underground EMS 01,Underground EMS,Underground,,30.218,,,,,,0.7,Running,0,2,92.26,7.65,559,21.437,,,,0.324,4.97,2.882,0,77.0,18.62
2026-05-12 22:00:00,hourly,EMS-01,Underground EMS 01,Underground EMS,Underground,,31.144,,,,,,0.86,Running,0,1,93.0,7.96,557,28.332,,,,0.207,11.38,2.364,0,70.8,27.41
2026-05-12 23:00:00,hourly,EMS-01,Underground EMS 01,Underground EMS,Underground,,29.84,,,,,,0.78,Running,0,0,90.52,16.17,555,24.068,,,,0.165,1.0,2.853,0,74.8,6.78
2026-05-13 00:00:00,hourly,EMS-01,Underground EMS 01,Underground EMS,Underground,,29.34,,,,,,0.91,Running,1,6,91.21,13.64,553,20.805,,,,0.32,4.13,2.778,0,83.5,14.65
2026-05-13 01:00:00,hourly,EMS-01,Underground EMS 01,Underground EMS,Underground,,31.906,,,,,,0.72,Running,0,0,93.66,8.52,548,21.332,,,,0.331,8.9,3.09,0,76.0,25.18
2026-05-13 02:00:00,hourly,EMS-01,Underground EMS 01,Underground EMS,Underground,,27.966,,,,,,0.84,Running,0,3,92.54,10.41,557,25.066,,,,0.353,7.86,2.673,0,71.7,25.57
2026-05-13 03:00:00,hourly,EMS-01,Underground EMS 01,Underground EMS,Underground,,26.806,,,,,,0.75,Running,0,8,90.35,15.8,556,20.495,,,,0.153,9.7,2.403,0,78.7,18.82
2026-05-13 04:00:00,hourly,EMS-01,Underground EMS 01,Underground EMS,Underground,,27.718,,,,,,0.82,Running,0,1,94.32,7.91,554,24.739,,,,0.156,5.26,2.79,0,72.6,14.27
2026-05-13 05:00:00,hourly,EMS-01,Underground EMS 01,Underground EMS,Underground,,28.424,,,,,,0.79,Running,1,6,91.74,16.09,554,21.726,,,,0.152,6.71,1.947,0,73.3,14.84
2026-05-13 06:00:00,hourly,EMS-01,Underground EMS 01,Underground EMS,Underground,,30.347,,,,,,0.88,Running,0,3,92.82,10.22,551,20.639,,,,0.222,7.41,2.875,0,72.9,14.55
2026-05-13 07:00:00,hourly,EMS-01,Underground EMS 01,Underground EMS,Underground,,30.826,,,,,,0.84,Running,0,5,91.42,10.15,559,21.351,,,,0.345,5.54,3.143,0,82.9,19.4
2026-05-13 08:00:00,hourly,EMS-01,Underground EMS 01,Underground EMS,Underground,,27.966,,,,,,0.91,Running,0,2,92.63,6.28,554,19.191,,,,0.298,4.64,2.239,0,84.3,20.41
2026-05-13 09:00:00,hourly,EMS-01,Underground EMS 01,Underground EMS,Underground,,28.214,,,,,,0.81,Running,0,2,94.28,8.9,558,24.26,,,,0.161,12.68,2.521,0,71.2,23.48
2026-05-13 10:00:00,hourly,EMS-01,Underground EMS 01,Underground EMS,Underground,,28.448,,,,,,0.75,Running,0,0,94.28,7.59,546,24.471,,,,0.176,4.85,2.626,0,79.0,19.5
2026-05-13 11:00:00,hourly,EMS-01,Underground EMS 01,Underground EMS,Underground,,29.132,,,,,,0.87,Running,0,5,94.64,5.63,548,21.575,,,,0.324,7.22,2.483,0,80.5,16.56
2026-05-13 12:00:00,hourly,EMS-01,Underground EMS 01,Underground EMS,Underground,,29.073,,,,,,0.81,Running,1,3,91.39,13.43,548,21.475,,,,0.389,5.09,2.561,0,74.5,22.52
2026-05-13 13:00:00,hourly,EMS-01,Underground EMS 01,Underground EMS,Underground,,29.578,,,,,,0.8,Running,0,2,93.18,10.09,553,19.347,,,,0.338,6.15,2.356,0,74.0,22.84
2026-05-13 14:00:00,hourly,EMS-01,Underground EMS 01,Underground EMS,Underground,,27.747,,,,,,0.85,Running,0,10,89.47,13.83,538,21.912,,,,0.422,3.65,2.409,0,86.2,16.92
2026-05-13 15:00:00,hourly,EMS-01,Underground EMS 01,Underground EMS,Underground,,27.567,,,,,,0.76,Running,0,4,92.65,10.9,548,25.176,,,,0.33,4.13,3.472,0,71.7,17.59
2026-05-13 16:00:00,hourly,EMS-01,Underground EMS 01,Underground EMS,Underground,,27.852,,,,,,0.96,Running,0,4,95.08,6.61,546,21.715,,,,0.421,6.9,2.634,0,81.0,18.44
2026-05-13 17:00:00,hourly,EMS-01,Underground EMS 01,Underground EMS,Underground,,29.129,,,,,,0.9,Running,0,6,90.18,15.6,549,24.546,,,,0.492,6.99,1.823,0,80.2,27.86
2026-05-13 18:00:00,hourly,EMS-01,Underground EMS 01,Underground EMS,Underground,,27.36,,,,,,0.85,Running,0,6,90.77,13.1,542,25.563,,,,0.282,8.79,2.424,0,89.9,21.72
2026-05-13 19:00:00,hourly,EMS-01,Underground EMS 01,Underground EMS,Underground,,27.806,,,,,,0.84,Running,0,5,91.87,10.62,536,20.228,,,,0.356,14.28,2.467,0,83.6,34.94
2026-05-13 20:00:00,hourly,EMS-01,Underground EMS 01,Underground EMS,Underground,,29.786,,,,,,0.82,Running,0,5,91.7,14.11,550,30.384,,,,0.126,8.66,3.086,0,70.1,19.13
2026-05-13 21:00:00,hourly,EMS-01,Underground EMS 01,Underground EMS,Underground,,31.126,,,,,,0.78,Running,0,1,93.4,7.1,542,26.551,,,,0.357,6.47,3.037,0,71.8,21.59
2026-05-13 22:00:00,hourly,EMS-01,Underground EMS 01,Underground EMS,Underground,,29.612,,,,,,0.86,Running,0,2,93.29,6.58,545,22.737,,,,0.214,0.89,2.629,0,74.5,5.35
2026-05-13 23:00:00,hourly,EMS-01,Underground EMS 01,Underground EMS,Underground,,27.546,,,,,,0.79,Running,0,0,88.81,14.46,539,18.54,,,,0.348,4.08,2.255,0,78.4,14.22
2026-05-14 00:00:00,hourly,EMS-01,Underground EMS 01,Underground EMS,Underground,,30.038,,,,,,0.95,Running,0,6,90.39,9.89,545,20.734,,,,0.263,13.27,2.665,0,69.3,25.7
2026-05-14 01:00:00,hourly,EMS-01,Underground EMS 01,Underground EMS,Underground,,28.267,,,,,,0.93,Running,0,2,91.81,8.4,542,29.671,,,,0.335,10.15,2.332,0,79.7,27.86
2026-05-14 02:00:00,hourly,EMS-01,Underground EMS 01,Underground EMS,Underground,,31.034,,,,,,0.84,Running,0,1,91.13,11.94,544,25.173,,,,0.205,8.94,2.688,0,79.3,21.42
2026-05-14 03:00:00,hourly,EMS-01,Underground EMS 01,Underground EMS,Underground,,29.673,,,,,,0.89,Running,0,6,92.62,10.45,537,22.18,,,,0.271,9.64,2.893,0,75.8,17.19
2026-05-14 04:00:00,hourly,EMS-01,Underground EMS 01,Underground EMS,Underground,,27.881,,,,,,0.7,Running,0,4,92.69,9.71,543,22.479,,,,0.36,4.47,2.42,0,83.8,24.76
2026-05-14 05:00:00,hourly,EMS-01,Underground EMS 01,Underground EMS,Underground,,29.239,,,,,,0.83,Running,0,12,88.43,17.21,539,28.037,,,,0.329,9.03,2.656,0,80.9,25.95
2026-05-14 06:00:00,hourly,EMS-01,Underground EMS 01,Underground EMS,Underground,,27.109,,,,,,0.68,Running,0,0,91.52,10.94,529,25.12,,,,0.145,7.28,2.825,0,83.9,14.5
2026-05-14 07:00:00,hourly,EMS-01,Underground EMS 01,Underground EMS,Underground,,29.314,,,,,,0.83,Running,0,3,90.65,9.3,541,22.648,,,,0.289,11.33,2.75,0,91.1,24.85
2026-05-14 08:00:00,hourly,EMS-01,Underground EMS 01,Underground EMS,Underground,,28.699,,,,,,0.76,Running,0,3,92.19,12.43,537,18.906,,,,0.25,7.53,2.102,0,73.4,18.72
2026-05-14 09:00:00,hourly,EMS-01,Underground EMS 01,Underground EMS,Underground,,32.013,,,,,,0.89,Running,0,6,93.07,9.54,533,23.265,,,,0.221,5.56,2.58,0,80.6,19.64
2026-05-14 10:00:00,hourly,EMS-01,Underground EMS 01,Underground EMS,Underground,,29.365,,,,,,0.83,Running,0,6,91.65,13.08,533,25.63,,,,0.244,8.91,1.712,0,75.1,24.3
2026-05-14 11:00:00,hourly,EMS-01,Underground EMS 01,Underground EMS,Underground,,29.156,,,,,,0.79,Running,0,12,89.93,15.34,529,25.346,,,,0.362,6.64,2.691,0,81.6,22.31
2026-05-14 12:00:00,hourly,EMS-01,Underground EMS 01,Underground EMS,Underground,,25.73,,,,,,0.79,Running,0,9,94.09,10.44,533,20.796,,,,0.426,9.74,2.852,0,76.0,32.54
2026-05-14 13:00:00,hourly,EMS-01,Underground EMS 01,Underground EMS,Underground,,29.958,,,,,,0.64,Running,0,6,90.71,11.23,534,23.805,,,,0.35,8.05,2.73,0,76.2,26.65
2026-05-14 14:00:00,hourly,EMS-01,Underground EMS 01,Underground EMS,Underground,,30.709,,,,,,0.89,Running,1,5,91.12,10.06,531,25.547,,,,0.25,10.93,2.696,0,72.7,24.55
2026-05-14 15:00:00,hourly,EMS-01,Underground EMS 01,Underground EMS,Underground,,30.719,,,,,,0.93,Running,0,1,88.91,15.35,531,28.156,,,,0.305,5.16,2.688,0,80.6,21.7
2026-05-14 16:00:00,hourly,EMS-01,Underground EMS 01,Underground EMS,Underground,,28.9,,,,,,0.88,Running,0,5,92.8,9.78,527,22.777,,,,0.305,12.67,2.773,0,86.6,33.52
2026-05-14 17:00:00,hourly,EMS-01,Underground EMS 01,Underground EMS,Underground,,28.211,,,,,,0.78,Running,0,13,91.96,13.75,525,29.256,,,,0.375,9.18,2.33,0,72.8,30.41
2026-05-14 18:00:00,hourly,EMS-01,Underground EMS 01,Underground EMS,Underground,,30.813,,,,,,0.75,Running,0,8,92.72,11.22,528,25.393,,,,0.304,8.08,2.405,0,67.8,24.43
2026-05-14 19:00:00,hourly,EMS-01,Underground EMS 01,Underground EMS,Underground,,28.952,,,,,,0.69,Running,1,4,90.63,13.42,528,22.142,,,,0.351,10.98,2.636,0,81.4,30.31
2026-05-14 20:00:00,hourly,EMS-01,Underground EMS 01,Underground EMS,Underground,,29.023,,,,,,0.79,Running,0,2,92.95,7.44,525,20.85,,,,0.307,10.09,2.974,0,84.5,23.27
2026-05-14 21:00:00,hourly,EMS-01,Underground EMS 01,Underground EMS,Underground,,28.611,,,,,,0.64,Running,0,6,94.17,6.75,528,17.335,,,,0.345,9.94,2.757,0,90.9,21.16
2026-05-14 22:00:00,hourly,EMS-01,Underground EMS 01,Underground EMS,Underground,,25.929,,,,,,0.65,Running,0,2,88.23,13.25,529,20.88,,,,0.374,9.35,2.814,0,77.4,27.91
2026-05-14 23:00:00,hourly,EMS-01,Underground EMS 01,Underground EMS,Underground,,27.925,,,,,,0.9,Running,0,4,92.6,8.73,529,28.404,,,,0.216,10.14,2.509,0,77.4,22.07
2026-05-15 00:00:00,hourly,EMS-01,Underground EMS 01,Underground EMS,Underground,,29.213,,,,,,0.95,Running,0,4,89.53,15.02,522,22.554,,,,0.29,7.26,2.629,0,81.0,19.87
2026-05-15 01:00:00,hourly,EMS-01,Underground EMS 01,Underground EMS,Underground,,29.915,,,,,,0.77,Running,1,3,92.59,11.28,517,19.007,,,,0.283,9.77,2.577,0,73.7,20.38
2026-05-15 02:00:00,hourly,EMS-01,Underground EMS 01,Underground EMS,Underground,,29.032,,,,,,0.86,Running,0,5,93.57,10.28,524,21.37,,,,0.365,6.39,2.223,0,74.4,24.58
2026-05-15 03:00:00,hourly,EMS-01,Underground EMS 01,Underground EMS,Underground,,29.83,,,,,,0.78,Running,1,8,90.19,15.26,521,24.023,,,,0.302,5.63,2.69,0,82.5,18.46
2026-05-15 04:00:00,hourly,EMS-01,Underground EMS 01,Underground EMS,Underground,,26.678,,,,,,0.91,Running,0,4,90.54,14.38,521,22.86,,,,0.244,6.48,2.547,0,71.2,15.16
2026-05-15 05:00:00,hourly,EMS-01,Underground EMS 01,Underground EMS,Underground,,27.74,,,,,,0.84,Running,0,6,92.05,9.93,519,25.026,,,,0.269,2.82,2.863,0,73.0,11.59
2026-05-15 06:00:00,hourly,EMS-01,Underground EMS 01,Underground EMS,Underground,,32.3,,,,,,0.87,Running,0,6,91.8,9.96,527,22.892,,,,0.315,4.3,2.147,0,70.6,14.22
2026-05-15 07:00:00,hourly,EMS-01,Underground EMS 01,Underground EMS,Underground,,30.067,,,,,,0.67,Running,1,10,89.63,17.12,518,22.107,,,,0.352,7.02,2.455,0,74.4,21.89
2026-05-15 08:00:00,hourly,EMS-01,Underground EMS 01,Underground EMS,Underground,,30.973,,,,,,0.81,Running,0,5,90.9,11.97,526,23.695,,,,0.248,3.16,2.044,0,76.3,13.37
2026-05-15 09:00:00,hourly,EMS-01,Underground EMS 01,Underground EMS,Underground,,28.697,,,,,,0.78,Running,0,10,90.56,12.52,521,20.487,,,,0.26,6.82,2.718,0,76.7,20.76
2026-05-15 10:00:00,hourly,EMS-01,Underground EMS 01,Underground EMS,Underground,,30.521,,,,,,0.93,Running,0,2,91.42,11.78,522,24.409,,,,0.257,10.5,2.844,0,76.9,19.25
2026-05-15 11:00:00,hourly,EMS-01,Underground EMS 01,Underground EMS,Underground,,30.467,,,,,,0.78,Running,0,2,94.59,4.6,516,20.902,,,,0.26,7.02,2.714,0,81.8,20.03
2026-05-15 12:00:00,hourly,EMS-01,Underground EMS 01,Underground EMS,Underground,,32.097,,,,,,0.8,Running,0,3,92.02,10.8,513,23.324,,,,0.271,6.82,3.19,0,77.1,15.06
2026-05-15 13:00:00,hourly,EMS-01,Underground EMS 01,Underground EMS,Underground,,29.703,,,,,,0.67,Running,1,5,90.04,10.82,518,24.832,,,,0.336,7.49,2.765,0,74.0,21.71
2026-05-15 14:00:00,hourly,EMS-01,Underground EMS 01,Underground EMS,Underground,,27.615,,,,,,0.83,Running,0,8,92.19,12.2,516,22.781,,,,0.38,0.12,2.337,0,72.1,14.72
2026-05-15 15:00:00,hourly,EMS-01,Underground EMS 01,Underground EMS,Underground,,28.01,,,,,,0.83,Running,0,1,91.33,11.25,512,23.802,,,,0.259,8.31,2.965,0,76.1,20.83
2026-05-15 16:00:00,hourly,EMS-01,Underground EMS 01,Underground EMS,Underground,,29.506,,,,,,0.8,Running,0,3,94.04,7.19,516,25.947,,,,0.167,10.08,3.218,0,87.6,14.77
2026-05-15 17:00:00,hourly,EMS-01,Underground EMS 01,Underground EMS,Underground,,25.43,,,,,,0.92,Running,0,2,91.01,8.75,515,21.708,,,,0.329,10.81,2.805,0,79.3,26.3
2026-05-15 18:00:00,hourly,EMS-01,Underground EMS 01,Underground EMS,Underground,,29.658,,,,,,0.82,Running,0,9,91.23,12.92,505,28.921,,,,0.179,6.52,2.379,0,86.5,20.72
2026-05-15 19:00:00,hourly,EMS-01,Underground EMS 01,Underground EMS,Underground,,29.868,,,,,,0.77,Running,1,11,93.49,13.91,514,20.085,,,,0.413,12.39,2.406,0,67.6,36.12
2026-05-15 20:00:00,hourly,EMS-01,Underground EMS 01,Underground EMS,Underground,,31.155,,,,,,0.76,Running,1,1,90.34,12.38,515,27.564,,,,0.299,8.72,2.706,0,73.3,30.86
2026-05-15 21:00:00,hourly,EMS-01,Underground EMS 01,Underground EMS,Underground,,26.538,,,,,,0.88,Running,1,8,89.78,14.21,504,25.164,,,,0.322,10.93,2.479,0,68.9,27.86
2026-05-15 22:00:00,hourly,EMS-01,Underground EMS 01,Underground EMS,Underground,,27.527,,,,,,0.69,Running,0,18,92.12,14.2,517,25.28,,,,0.389,7.0,2.926,0,77.3,21.93
2026-05-15 23:00:00,hourly,EMS-01,Underground EMS 01,Underground EMS,Underground,,29.244,,,,,,0.77,Running,0,7,91.94,16.02,514,26.91,,,,0.286,12.33,2.531,0,80.3,27.29
2026-05-16 00:00:00,hourly,EMS-01,Underground EMS 01,Underground EMS,Underground,,29.021,,,,,,0.81,Running,0,5,89.54,12.23,501,23.941,,,,0.337,6.49,2.856,0,82.6,22.0
2026-05-16 01:00:00,hourly,EMS-01,Underground EMS 01,Underground EMS,Underground,,29.111,,,,,,0.79,Running,1,9,88.47,18.56,506,24.489,,,,0.338,9.06,2.809,0,81.7,24.51
2026-05-16 02:00:00,hourly,EMS-01,Underground EMS 01,Underground EMS,Underground,,30.448,,,,,,0.81,Running,0,3,92.16,5.43,503,24.147,,,,0.443,8.06,2.184,0,82.8,29.7
2026-05-16 03:00:00,hourly,EMS-01,Underground EMS 01,Underground EMS,Underground,,29.568,,,,,,0.91,Running,0,4,92.14,4.71,501,26.487,,,,0.472,4.25,2.575,0,76.8,24.51
2026-05-16 04:00:00,hourly,EMS-01,Underground EMS 01,Underground EMS,Underground,,31.233,,,,,,0.8,Running,0,5,92.49,6.93,507,27.026,,,,0.304,12.63,2.912,0,75.2,25.26
2026-05-16 05:00:00,hourly,EMS-01,Underground EMS 01,Underground EMS,Underground,,30.768,,,,,,0.74,Running,0,1,93.23,8.74,505,23.938,,,,0.428,6.97,2.558,0,73.3,28.04
2026-05-16 06:00:00,hourly,EMS-01,Underground EMS 01,Underground EMS,Underground,,28.141,,,,,,0.94,Running,0,5,91.77,7.53,500,22.884,,,,0.14,4.35,2.703,0,85.8,11.92
2026-05-16 07:00:00,hourly,EMS-01,Underground EMS 01,Underground EMS,Underground,,29.506,,,,,,0.8,Running,1,6,91.35,14.73,500,20.819,,,,0.288,5.48,2.651,0,81.9,23.04
2026-05-16 08:00:00,hourly,EMS-01,Underground EMS 01,Underground EMS,Underground,,29.882,,,,,,0.85,Running,0,4,92.74,10.25,503,24.541,,,,0.359,10.38,2.35,0,76.1,31.17
2026-05-16 09:00:00,hourly,EMS-01,Underground EMS 01,Underground EMS,Underground,,31.749,,,,,,0.94,Running,1,4,91.75,12.79,504,22.504,,,,0.195,12.86,3.118,0,78.3,29.45
2026-05-16 10:00:00,hourly,EMS-01,Underground EMS 01,Underground EMS,Underground,,29.411,,,,,,0.76,Running,0,8,89.18,14.46,498,18.616,,,,0.481,5.3,2.374,0,83.1,24.55
2026-05-16 11:00:00,hourly,EMS-01,Underground EMS 01,Underground EMS,Underground,,29.91,,,,,,0.96,Running,0,3,91.94,10.1,501,23.56,,,,0.428,9.34,2.322,0,74.5,25.05
2026-05-16 12:00:00,hourly,EMS-01,Underground EMS 01,Underground EMS,Underground,,28.439,,,,,,0.96,Running,0,8,92.6,10.2,502,24.104,,,,0.281,6.5,2.916,0,79.3,23.53
2026-05-16 13:00:00,hourly,EMS-01,Underground EMS 01,Underground EMS,Underground,,29.858,,,,,,0.76,Running,1,6,90.09,17.77,503,26.343,,,,0.482,0.95,2.436,0,77.0,20.55
2026-05-16 14:00:00,hourly,EMS-01,Underground EMS 01,Underground EMS,Underground,,27.594,,,,,,0.77,Running,0,5,94.28,8.41,500,23.868,,,,0.373,10.12,2.623,0,84.4,33.33
2026-05-16 15:00:00,hourly,EMS-01,Underground EMS 01,Underground EMS,Underground,,28.177,,,,,,0.88,Running,0,7,91.02,12.89,499,20.842,,,,0.33,4.87,2.727,0,76.5,17.43
2026-05-16 16:00:00,hourly,EMS-01,Underground EMS 01,Underground EMS,Underground,,30.871,,,,,,0.94,Running,0,1,93.24,7.36,496,26.994,,,,0.346,10.07,2.906,0,81.5,28.27
2026-05-16 17:00:00,hourly,EMS-01,Underground EMS 01,Underground EMS,Underground,,30.301,,,,,,0.89,Running,0,2,89.94,12.08,495,17.69,,,,0.25,9.65,1.97,0,73.1,23.4
2026-05-16 18:00:00,hourly,EMS-01,Underground EMS 01,Underground EMS,Underground,,31.002,,,,,,0.82,Running,0,5,92.82,8.69,497,19.307,,,,0.324,6.67,2.556,0,72.5,19.44
2026-05-16 19:00:00,hourly,EMS-01,Underground EMS 01,Underground EMS,Underground,,32.265,,,,,,0.86,Running,0,1,93.69,10.06,496,23.12,,,,0.246,9.11,2.511,0,71.9,17.35
2026-05-16 20:00:00,hourly,EMS-01,Underground EMS 01,Underground EMS,Underground,,30.419,,,,,,0.88,Running,0,6,90.2,14.37,496,22.956,,,,0.312,10.55,2.587,0,82.9,25.77
2026-05-16 21:00:00,hourly,EMS-01,Underground EMS 01,Underground EMS,Underground,,29.446,,,,,,0.85,Running,0,2,91.94,7.33,491,23.141,,,,0.32,2.88,2.832,0,81.2,13.16
2026-05-16 22:00:00,hourly,EMS-01,Underground EMS 01,Underground EMS,Underground,,28.32,,,,,,0.78,Running,1,4,91.09,13.37,496,21.358,,,,0.329,8.94,3.044,0,84.7,28.72
2026-05-16 23:00:00,hourly,EMS-01,Underground EMS 01,Underground EMS,Underground,,28.347,,,,,,0.89,Running,0,8,89.82,15.7,487,26.686,,,,0.311,9.45,2.661,0,81.2,26.15
2026-05-17 00:00:00,hourly,EMS-01,Underground EMS 01,Underground EMS,Underground,,29.126,,,,,,0.8,Running,0,9,91.63,12.9,495,23.226,,,,0.501,7.35,2.368,0,78.7,27.11
2026-05-17 01:00:00,hourly,EMS-01,Underground EMS 01,Underground EMS,Underground,,29.021,,,,,,0.67,Running,0,7,90.92,13.85,490,19.695,,,,0.184,12.75,2.669,0,76.6,29.17
2026-05-17 02:00:00,hourly,EMS-01,Underground EMS 01,Underground EMS,Underground,,30.317,,,,,,0.71,Running,0,1,91.01,13.78,486,24.917,,,,0.169,8.65,2.774,0,83.1,21.62
2026-05-17 03:00:00,hourly,EMS-01,Underground EMS 01,Underground EMS,Underground,,27.868,,,,,,0.92,Running,0,6,89.55,15.36,486,21.437,,,,0.243,14.68,2.685,0,81.1,31.05
2026-05-17 04:00:00,hourly,EMS-01,Underground EMS 01,Underground EMS,Underground,,28.313,,,,,,0.73,Running,0,5,92.78,7.44,492,20.928,,,,0.312,12.41,2.918,0,74.0,29.57
2026-05-17 05:00:00,hourly,EMS-01,Underground EMS 01,Underground EMS,Underground,,29.603,,,,,,0.83,Running,0,5,90.73,14.91,489,23.512,,,,0.282,13.52,2.397,0,75.2,27.35
2026-05-17 06:00:00,hourly,EMS-01,Underground EMS 01,Underground EMS,Underground,,27.032,,,,,,0.92,Running,0,6,90.92,16.16,489,28.592,,,,0.201,10.28,2.414,0,78.8,23.16
2026-05-17 07:00:00,hourly,EMS-01,Underground EMS 01,Underground EMS,Underground,,31.151,,,,,,0.83,Running,0,4,89.71,16.93,487,17.254,,,,0.467,11.52,2.653,1,78.1,63.24
2026-05-17 08:00:00,hourly,EMS-01,Underground EMS 01,Underground EMS,Underground,,30.308,,,,,,1.0,Running,0,7,93.1,10.21,485,18.816,,,,0.357,7.27,2.946,0,82.0,27.04
2026-05-17 09:00:00,hourly,EMS-01,Underground EMS 01,Underground EMS,Underground,,29.387,,,,,,0.81,Running,0,2,89.27,14.87,486,20.998,,,,0.288,14.36,3.118,0,81.4,33.07
2026-05-17 10:00:00,hourly,EMS-01,Underground EMS 01,Underground EMS,Underground,,27.667,,,,,,0.75,Running,0,4,88.79,14.44,485,28.708,,,,0.241,4.76,2.762,0,74.2,14.71
2026-05-17 11:00:00,hourly,EMS-01,Underground EMS 01,Underground EMS,Underground,,28.903,,,,,,0.7,Running,0,1,91.57,8.05,482,20.354,,,,0.293,13.49,2.698,0,72.6,34.48
2026-05-17 12:00:00,hourly,EMS-01,Underground EMS 01,Underground EMS,Underground,,30.097,,,,,,0.67,Running,0,9,90.55,15.17,477,26.794,,,,0.275,7.59,2.316,0,69.8,19.39
2026-05-17 13:00:00,hourly,EMS-01,Underground EMS 01,Underground EMS,Underground,,28.218,,,,,,0.94,Running,0,1,92.33,7.77,481,26.276,,,,0.346,3.97,2.819,0,78.0,16.88
2026-05-17 14:00:00,hourly,EMS-01,Underground EMS 01,Underground EMS,Underground,,26.799,,,,,,0.73,Running,0,2,93.8,7.96,483,27.029,,,,0.212,9.9,2.262,0,87.0,22.71
2026-05-17 15:00:00,hourly,EMS-01,Underground EMS 01,Underground EMS,Underground,,29.752,,,,,,0.69,Running,0,3,93.37,8.53,485,20.932,,,,0.253,7.81,2.924,0,77.0,22.6
2026-05-17 16:00:00,hourly,EMS-01,Underground EMS 01,Underground EMS,Underground,,29.539,,,,,,0.79,Running,0,5,92.83,12.54,473,23.945,,,,0.384,9.98,2.652,0,77.9,29.8
2026-05-17 17:00:00,hourly,EMS-01,Underground EMS 01,Underground EMS,Underground,,28.418,,,,,,0.77,Running,0,5,89.84,15.56,479,25.772,,,,0.268,13.94,2.643,0,79.3,35.9
2026-05-17 18:00:00,hourly,EMS-01,Underground EMS 01,Underground EMS,Underground,,32.38,,,,,,0.77,Running,0,3,92.96,8.63,481,24.85,,,,0.367,4.58,2.992,0,78.1,21.62
2026-05-17 19:00:00,hourly,EMS-01,Underground EMS 01,Underground EMS,Underground,,27.949,,,,,,0.92,Running,0,0,90.55,13.0,480,32.188,,,,0.311,12.72,2.643,0,71.9,24.71
2026-05-17 20:00:00,hourly,EMS-01,Underground EMS 01,Underground EMS,Underground,,31.047,,,,,,0.84,Running,1,8,89.44,14.36,479,29.417,,,,0.296,10.33,2.492,0,74.6,26.65
2026-05-17 21:00:00,hourly,EMS-01,Underground EMS 01,Underground EMS,Underground,,30.04,,,,,,0.89,Running,0,6,92.13,12.27,476,27.215,,,,0.261,10.64,2.685,0,76.7,25.51
2026-05-17 22:00:00,hourly,EMS-01,Underground EMS 01,Underground EMS,Underground,,29.613,,,,,,1.0,Running,0,5,90.56,11.2,474,25.867,,,,0.323,2.7,2.346,0,85.9,12.86
2026-05-17 23:00:00,hourly,EMS-01,Underground EMS 01,Underground EMS,Underground,,32.358,,,,,,0.76,Running,0,0,90.99,13.21,478,26.099,,,,0.301,9.61,2.675,0,84.0,24.54
2026-05-18 00:00:00,hourly,EMS-01,Underground EMS 01,Underground EMS,Underground,,30.728,,,,,,0.84,Running,0,4,92.31,10.36,477,27.049,,,,0.126,11.42,2.553,0,72.3,17.75
2026-05-18 01:00:00,hourly,EMS-01,Underground EMS 01,Underground EMS,Underground,,28.175,,,,,,0.71,Running,0,4,92.47,15.44,475,29.101,,,,0.408,14.15,2.399,0,84.7,36.47
2026-05-18 02:00:00,hourly,EMS-01,Underground EMS 01,Underground EMS,Underground,,28.312,,,,,,0.94,Running,0,3,90.72,11.41,483,21.448,,,,0.345,3.41,3.32,0,86.7,16.97
2026-05-18 03:00:00,hourly,EMS-01,Underground EMS 01,Underground EMS,Underground,,28.039,,,,,,0.8,Running,0,6,91.42,14.46,479,27.395,,,,0.204,7.14,2.545,0,80.2,15.04
2026-05-18 04:00:00,hourly,EMS-01,Underground EMS 01,Underground EMS,Underground,,29.546,,,,,,0.57,Running,0,7,92.67,9.41,475,24.657,,,,0.304,16.4,2.426,0,75.0,33.9
2026-05-18 05:00:00,hourly,EMS-01,Underground EMS 01,Underground EMS,Underground,,28.124,,,,,,0.71,Running,0,12,90.03,13.78,476,27.022,,,,0.292,1.84,2.094,0,78.3,16.7
2026-05-18 06:00:00,hourly,EMS-01,Underground EMS 01,Underground EMS,Underground,,26.163,,,,,,0.94,Running,0,13,88.64,18.62,475,24.142,,,,0.243,11.6,2.379,0,85.8,26.33
2026-05-18 07:00:00,hourly,EMS-01,Underground EMS 01,Underground EMS,Underground,,28.44,,,,,,0.67,Running,0,5,90.38,14.56,470,22.55,,,,0.372,8.98,2.828,0,72.4,25.68
2026-05-18 08:00:00,hourly,EMS-01,Underground EMS 01,Underground EMS,Underground,,30.41,,,,,,0.81,Running,0,10,90.64,12.89,466,22.602,,,,0.433,6.15,2.139,0,75.9,22.33
2026-05-18 09:00:00,hourly,EMS-01,Underground EMS 01,Underground EMS,Underground,,31.027,,,,,,0.86,Running,0,9,90.94,11.98,474,24.267,,,,0.284,6.95,2.256,0,80.0,22.26
2026-05-18 10:00:00,hourly,EMS-01,Underground EMS 01,Underground EMS,Underground,,30.295,,,,,,0.87,Running,0,4,94.76,10.12,469,25.503,,,,0.287,15.79,2.894,0,76.2,36.29
2026-05-18 11:00:00,hourly,EMS-01,Underground EMS 01,Underground EMS,Underground,,28.951,,,,,,1.0,Running,0,0,89.97,13.33,472,22.678,,,,0.245,10.79,2.491,0,69.6,27.04
2026-05-18 12:00:00,hourly,EMS-01,Underground EMS 01,Underground EMS,Underground,,30.604,,,,,,0.81,Running,0,2,90.86,12.09,471,19.55,,,,0.143,7.72,2.457,0,72.2,18.6
2026-05-18 13:00:00,hourly,EMS-01,Underground EMS 01,Underground EMS,Underground,,31.863,,,,,,0.74,Running,0,0,89.73,13.02,461,25.941,,,,0.355,5.82,2.623,0,71.2,24.39
2026-05-18 14:00:00,hourly,EMS-01,Underground EMS 01,Underground EMS,Underground,,29.866,,,,,,0.75,Running,1,4,91.48,15.55,469,23.6,,,,0.474,10.88,2.959,0,75.8,31.99
2026-05-18 15:00:00,hourly,EMS-01,Underground EMS 01,Underground EMS,Underground,,29.186,,,,,,0.91,Running,0,4,91.93,8.79,473,17.705,,,,0.309,7.24,2.315,0,87.0,19.59
2026-05-18 16:00:00,hourly,EMS-01,Underground EMS 01,Underground EMS,Underground,,31.572,,,,,,0.62,Running,0,0,92.28,11.38,465,19.139,,,,0.308,5.48,3.187,0,84.9,20.16
2026-05-18 17:00:00,hourly,EMS-01,Underground EMS 01,Underground EMS,Underground,,28.242,,,,,,0.84,Running,0,8,91.48,12.6,466,24.805,,,,0.317,7.51,2.626,0,78.2,22.79
2026-05-18 18:00:00,hourly,EMS-01,Underground EMS 01,Underground EMS,Underground,,30.208,,,,,,0.95,Running,0,4,91.22,9.9,468,25.918,,,,0.282,9.48,2.586,0,81.2,23.44
2026-05-18 19:00:00,hourly,EMS-01,Underground EMS 01,Underground EMS,Underground,,24.818,,,,,,0.83,Running,0,0,87.18,17.41,457,27.3,,,,0.231,7.62,2.79,0,78.9,19.77
2026-05-18 20:00:00,hourly,EMS-01,Underground EMS 01,Underground EMS,Underground,,28.607,,,,,,0.93,Running,0,5,92.2,10.18,455,22.408,,,,0.528,13.54,1.95,0,77.0,44.87
2026-05-18 21:00:00,hourly,EMS-01,Underground EMS 01,Underground EMS,Underground,,26.006,,,,,,0.65,Running,0,0,93.24,8.26,461,22.038,,,,0.361,10.6,2.685,0,78.2,29.67
2026-05-18 22:00:00,hourly,EMS-01,Underground EMS 01,Underground EMS,Underground,,30.205,,,,,,0.92,Running,1,13,89.78,14.52,455,25.616,,,,0.371,7.25,2.656,0,76.4,26.19
2026-05-18 23:00:00,hourly,EMS-01,Underground EMS 01,Underground EMS,Underground,,28.027,,,,,,0.84,Running,1,1,89.64,15.14,466,21.393,,,,0.505,10.55,3.147,0,71.6,29.27
2026-05-19 00:00:00,hourly,EMS-01,Underground EMS 01,Underground EMS,Underground,,30.065,,,,,,0.78,Running,0,2,89.26,14.46,463,21.492,,,,0.341,7.22,3.289,0,78.2,26.41
2026-05-19 01:00:00,hourly,EMS-01,Underground EMS 01,Underground EMS,Underground,,28.331,,,,,,0.78,Running,1,4,91.99,15.22,465,24.538,,,,0.257,7.6,2.653,0,74.0,20.65
2026-05-19 02:00:00,hourly,EMS-01,Underground EMS 01,Underground EMS,Underground,,28.449,,,,,,0.96,Running,0,6,89.19,13.82,458,24.778,,,,0.238,8.14,2.635,0,75.4,21.07
2026-05-19 03:00:00,hourly,EMS-01,Underground EMS 01,Underground EMS,Underground,,28.202,,,,,,0.75,Running,0,4,90.79,13.42,462,25.602,,,,0.479,6.68,2.548,0,80.3,26.14
2026-05-19 04:00:00,hourly,EMS-01,Underground EMS 01,Underground EMS,Underground,,29.926,,,,,,0.76,Running,1,0,88.6,16.21,458,24.297,,,,0.389,11.5,2.588,0,70.0,27.35
2026-05-19 05:00:00,hourly,EMS-01,Underground EMS 01,Underground EMS,Underground,,29.62,,,,,,0.95,Running,0,5,91.63,12.93,458,20.956,,,,0.318,11.32,2.483,0,72.4,23.51
2026-05-19 06:00:00,hourly,EMS-01,Underground EMS 01,Underground EMS,Underground,,27.898,,,,,,0.84,Running,0,4,90.26,14.06,465,22.886,,,,0.282,5.19,2.9,0,77.9,15.32
2026-05-19 07:00:00,hourly,EMS-01,Underground EMS 01,Underground EMS,Underground,,29.024,,,,,,0.86,Running,0,3,91.29,10.52,450,24.198,,,,0.303,13.21,3.014,0,72.1,41.01
2026-05-19 08:00:00,hourly,EMS-01,Underground EMS 01,Underground EMS,Underground,,28.184,,,,,,0.74,Running,1,13,89.57,15.91,462,27.76,,,,0.358,9.61,2.968,0,74.8,31.57
2026-05-19 09:00:00,hourly,EMS-01,Underground EMS 01,Underground EMS,Underground,,28.483,,,,,,0.74,Running,0,4,89.79,14.34,446,26.026,,,,0.473,1.73,2.991,0,82.3,19.64
2026-05-19 10:00:00,hourly,EMS-01,Underground EMS 01,Underground EMS,Underground,,28.476,,,,,,0.96,Running,1,5,90.01,15.96,453,24.466,,,,0.322,8.72,2.749,0,76.6,25.57
2026-05-19 11:00:00,hourly,EMS-01,Underground EMS 01,Underground EMS,Underground,,28.364,,,,,,0.85,Running,0,7,89.55,16.2,455,25.908,,,,0.259,9.94,2.832,0,74.2,28.53
2026-05-19 12:00:00,hourly,EMS-01,Underground EMS 01,Underground EMS,Underground,,30.117,,,,,,0.82,Running,1,8,89.46,15.96,450,27.837,,,,0.225,5.96,2.815,0,81.9,17.52
2026-05-19 13:00:00,hourly,EMS-01,Underground EMS 01,Underground EMS,Underground,,30.099,,,,,,0.79,Running,0,8,88.85,17.49,452,20.091,,,,0.379,15.25,2.156,0,69.3,30.47
2026-05-19 14:00:00,hourly,EMS-01,Underground EMS 01,Underground EMS,Underground,,26.948,,,,,,0.81,Running,1,0,91.64,10.58,452,24.072,,,,0.415,5.35,2.518,0,70.7,26.41
2026-05-19 15:00:00,hourly,EMS-01,Underground EMS 01,Underground EMS,Underground,,28.823,,,,,,0.76,Running,0,4,91.36,12.29,452,19.1,,,,0.476,9.71,2.425,0,71.1,31.43
2026-05-19 16:00:00,hourly,EMS-01,Underground EMS 01,Underground EMS,Underground,,32.802,,,,,,0.85,Running,0,5,90.19,15.96,449,24.022,,,,0.544,5.95,2.567,0,74.6,28.67
2026-05-19 17:00:00,hourly,EMS-01,Underground EMS 01,Underground EMS,Underground,,30.966,,,,,,0.77,Running,0,1,92.07,11.59,446,22.542,,,,0.209,6.1,2.554,0,70.1,16.41
2026-05-19 18:00:00,hourly,EMS-01,Underground EMS 01,Underground EMS,Underground,,32.208,,,,,,0.79,Running,0,1,93.21,7.97,449,28.042,,,,0.332,8.36,2.785,0,87.2,23.54
2026-05-19 19:00:00,hourly,EMS-01,Underground EMS 01,Underground EMS,Underground,,27.767,,,,,,0.86,Running,0,8,89.71,12.34,446,27.461,,,,0.299,5.57,2.47,0,65.0,21.25
2026-05-19 20:00:00,hourly,EMS-01,Underground EMS 01,Underground EMS,Underground,,28.641,,,,,,0.93,Running,0,6,91.17,13.92,447,30.139,,,,0.315,6.97,1.91,0,80.1,21.96
2026-05-19 21:00:00,hourly,EMS-01,Underground EMS 01,Underground EMS,Underground,,27.974,,,,,,0.92,Running,0,3,91.16,11.28,445,23.181,,,,0.264,6.01,2.696,0,75.9,18.97
2026-05-19 22:00:00,hourly,EMS-01,Underground EMS 01,Underground EMS,Underground,,29.2,,,,,,0.77,Running,0,7,89.79,14.2,446,24.775,,,,0.358,3.22,2.521,0,78.3,14.84
2026-05-19 23:00:00,hourly,EMS-01,Underground EMS 01,Underground EMS,Underground,,29.535,,,,,,0.8,Running,1,13,88.72,18.61,442,23.869,,,,0.23,7.05,2.741,0,75.1,25.64
2026-05-20 00:00:00,hourly,EMS-01,Underground EMS 01,Underground EMS,Underground,,29.885,,,,,,0.68,Running,0,3,94.71,5.72,442,27.984,,,,0.37,14.27,2.247,0,76.8,38.35
2026-05-20 01:00:00,hourly,EMS-01,Underground EMS 01,Underground EMS,Underground,,28.531,,,,,,0.87,Running,0,11,91.33,14.5,439,23.952,,,,0.425,6.28,2.733,0,73.0,27.38
2026-05-20 02:00:00,hourly,EMS-01,Underground EMS 01,Underground EMS,Underground,,28.243,,,,,,0.88,Running,0,5,90.82,10.85,443,21.168,,,,0.291,7.82,2.344,0,83.9,26.76
2026-05-20 03:00:00,hourly,EMS-01,Underground EMS 01,Underground EMS,Underground,,27.916,,,,,,0.82,Running,1,8,91.29,14.6,438,18.937,,,,0.423,8.29,2.097,0,71.4,27.73
2026-05-20 04:00:00,hourly,EMS-01,Underground EMS 01,Underground EMS,Underground,,28.941,,,,,,0.92,Running,0,3,94.64,7.85,443,27.818,,,,0.344,13.25,2.497,0,77.2,35.03
2026-05-20 05:00:00,hourly,EMS-01,Underground EMS 01,Underground EMS,Underground,,30.02,,,,,,0.77,Running,0,7,90.4,10.03,445,25.027,,,,0.409,9.33,2.075,0,89.9,30.91
2026-05-20 06:00:00,hourly,EMS-01,Underground EMS 01,Underground EMS,Underground,,30.209,,,,,,0.83,Running,0,9,90.82,10.42,446,24.62,,,,0.358,5.3,2.399,0,81.9,20.96
2026-05-20 07:00:00,hourly,EMS-01,Underground EMS 01,Underground EMS,Underground,,30.951,,,,,,0.72,Running,1,5,90.82,11.13,439,28.662,,,,0.259,2.88,2.632,0,71.8,13.23
2026-05-20 08:00:00,hourly,EMS-01,Underground EMS 01,Underground EMS,Underground,,29.671,,,,,,0.81,Running,0,1,92.47,10.82,450,24.486,,,,0.332,5.19,2.188,0,84.4,19.42
2026-05-20 09:00:00,hourly,EMS-01,Underground EMS 01,Underground EMS,Underground,,30.271,,,,,,0.78,Running,0,6,91.14,14.65,440,19.594,,,,0.299,8.37,2.69,0,79.6,23.67
2026-05-20 10:00:00,hourly,EMS-01,Underground EMS 01,Underground EMS,Underground,,27.172,,,,,,0.87,Running,1,7,88.22,17.27,438,20.287,,,,0.402,4.46,2.185,0,75.7,16.93
2026-05-20 11:00:00,hourly,EMS-01,Underground EMS 01,Underground EMS,Underground,,30.597,,,,,,0.79,Running,1,9,87.87,15.26,444,25.857,,,,0.316,11.98,2.309,0,82.0,31.03
2026-05-20 12:00:00,hourly,EMS-01,Underground EMS 01,Underground EMS,Underground,,30.757,,,,,,0.91,Running,1,4,92.34,13.62,432,26.187,,,,0.42,6.97,2.277,0,84.6,28.79
2026-05-20 13:00:00,hourly,EMS-01,Underground EMS 01,Underground EMS,Underground,,31.654,,,,,,0.68,Running,0,5,91.07,12.38,435,30.748,,,,0.377,12.04,2.78,0,74.3,29.65
2026-05-20 14:00:00,hourly,EMS-01,Underground EMS 01,Underground EMS,Underground,,32.127,,,,,,0.86,Running,0,7,90.13,11.99,433,24.288,,,,0.352,6.83,2.655,0,75.7,21.13
2026-05-20 15:00:00,hourly,EMS-01,Underground EMS 01,Underground EMS,Underground,,27.564,,,,,,0.6,Running,1,3,89.39,14.62,429,29.77,,,,0.356,5.48,2.451,0,75.5,18.73
2026-05-20 16:00:00,hourly,EMS-01,Underground EMS 01,Underground EMS,Underground,,30.471,,,,,,0.81,Running,0,4,93.44,9.2,437,20.787,,,,0.415,5.07,1.946,0,80.8,21.14
2026-05-20 17:00:00,hourly,EMS-01,Underground EMS 01,Underground EMS,Underground,,28.683,,,,,,0.91,Running,0,5,91.01,10.88,434,21.962,,,,0.39,9.51,2.573,0,82.4,24.55
2026-05-20 18:00:00,hourly,EMS-01,Underground EMS 01,Underground EMS,Underground,,28.513,,,,,,0.81,Running,1,0,91.46,13.86,435,20.904,,,,0.414,11.82,2.234,0,81.2,30.95
2026-05-20 19:00:00,hourly,EMS-01,Underground EMS 01,Underground EMS,Underground,,28.676,,,,,,0.92,Running,0,4,91.93,10.58,434,24.856,,,,0.255,9.34,2.213,0,73.2,26.08
2026-05-20 20:00:00,hourly,EMS-01,Underground EMS 01,Underground EMS,Underground,,28.51,,,,,,0.74,Running,0,0,91.3,10.53,424,27.828,,,,0.294,4.38,2.779,0,87.5,13.71
2026-05-20 21:00:00,hourly,EMS-01,Underground EMS 01,Underground EMS,Underground,,28.978,,,,,,0.83,Running,0,11,89.89,15.38,435,23.698,,,,0.339,8.25,2.336,0,73.9,23.7
2026-05-20 22:00:00,hourly,EMS-01,Underground EMS 01,Underground EMS,Underground,,28.594,,,,,,0.75,Running,0,4,90.27,14.42,426,21.392,,,,0.317,7.47,2.612,0,79.3,24.57
2026-05-20 23:00:00,hourly,EMS-01,Underground EMS 01,Underground EMS,Underground,,29.852,,,,,,0.94,Running,0,4,91.62,13.31,433,26.121,,,,0.264,1.51,2.319,0,77.1,12.7
2026-05-21 00:00:00,hourly,EMS-01,Underground EMS 01,Underground EMS,Underground,,30.168,,,,,,0.75,Running,1,8,91.99,12.74,423,23.85,,,,0.439,8.12,2.86,0,72.7,29.37
2026-05-21 01:00:00,hourly,EMS-01,Underground EMS 01,Underground EMS,Underground,,30.856,,,,,,0.74,Running,0,0,92.26,9.52,429,26.175,,,,0.248,10.66,2.754,0,79.2,26.34
2026-05-21 02:00:00,hourly,EMS-01,Underground EMS 01,Underground EMS,Underground,,29.952,,,,,,0.92,Running,1,2,89.28,14.78,424,23.968,,,,0.418,12.89,2.896,0,78.4,34.62
2026-05-21 03:00:00,hourly,EMS-01,Underground EMS 01,Underground EMS,Underground,,29.079,,,,,,0.72,Running,0,6,90.84,8.33,427,23.955,,,,0.483,10.46,2.951,0,81.5,29.25
2026-05-21 04:00:00,hourly,EMS-01,Underground EMS 01,Underground EMS,Underground,,30.18,,,,,,0.75,Running,0,6,89.25,15.33,425,30.319,,,,0.3,3.22,2.148,0,77.8,15.64
2026-05-21 05:00:00,hourly,EMS-01,Underground EMS 01,Underground EMS,Underground,,30.627,,,,,,0.86,Running,0,0,90.33,14.01,426,21.082,,,,0.164,5.39,3.189,0,79.2,11.99
2026-05-21 06:00:00,hourly,EMS-01,Underground EMS 01,Underground EMS,Underground,,30.042,,,,,,0.84,Running,1,3,90.11,13.44,423,25.486,,,,0.303,10.83,1.855,0,87.0,29.41
2026-05-21 07:00:00,hourly,EMS-01,Underground EMS 01,Underground EMS,Underground,,29.959,,,,,,0.76,Running,0,1,90.49,11.39,421,26.394,,,,0.28,4.58,2.419,0,77.1,14.77
2026-05-21 08:00:00,hourly,EMS-01,Underground EMS 01,Underground EMS,Underground,,33.04,,,,,,0.81,Running,0,3,91.98,13.35,428,27.401,,,,0.229,9.81,2.464,0,69.8,25.81
2026-05-21 09:00:00,hourly,EMS-01,Underground EMS 01,Underground EMS,Underground,,28.379,,,,,,0.96,Running,0,4,89.13,12.8,427,20.947,,,,0.376,6.54,2.072,0,82.7,23.34
2026-05-21 10:00:00,hourly,EMS-01,Underground EMS 01,Underground EMS,Underground,,30.487,,,,,,0.74,Running,0,10,93.62,11.94,429,25.411,,,,0.378,7.81,2.443,0,82.3,26.47
2026-05-21 11:00:00,hourly,EMS-01,Underground EMS 01,Underground EMS,Underground,,29.433,,,,,,0.82,Running,0,1,92.47,7.5,421,22.797,,,,0.38,4.64,2.88,1,71.0,52.27
2026-05-21 12:00:00,hourly,EMS-01,Underground EMS 01,Underground EMS,Underground,,26.885,,,,,,0.79,Running,0,1,87.88,16.44,420,23.998,,,,0.269,9.05,2.634,0,71.9,27.18
2026-05-21 13:00:00,hourly,EMS-01,Underground EMS 01,Underground EMS,Underground,,26.81,,,,,,0.9,Running,0,3,90.94,8.12,420,22.904,,,,0.43,6.72,2.113,0,75.5,27.9
2026-05-21 14:00:00,hourly,EMS-01,Underground EMS 01,Underground EMS,Underground,,26.572,,,,,,0.72,Running,0,6,88.58,14.48,416,22.636,,,,0.291,13.31,2.497,0,73.4,29.17
2026-05-21 15:00:00,hourly,EMS-01,Underground EMS 01,Underground EMS,Underground,,29.255,,,,,,0.76,Running,0,4,90.99,13.1,413,28.86,,,,0.26,6.63,2.872,0,76.2,21.31
2026-05-21 16:00:00,hourly,EMS-01,Underground EMS 01,Underground EMS,Underground,,26.954,,,,,,0.79,Running,0,7,88.13,17.25,415,27.248,,,,0.258,15.06,2.356,0,76.5,33.13
2026-05-21 17:00:00,hourly,EMS-01,Underground EMS 01,Underground EMS,Underground,,29.074,,,,,,0.76,Running,1,8,92.25,10.37,414,20.022,,,,0.286,9.52,2.479,0,77.5,27.23
2026-05-21 18:00:00,hourly,EMS-01,Underground EMS 01,Underground EMS,Underground,,29.423,,,,,,0.85,Running,0,1,92.32,9.75,418,23.359,,,,0.354,7.41,2.733,0,84.4,24.09
2026-05-21 19:00:00,hourly,EMS-01,Underground EMS 01,Underground EMS,Underground,,28.529,,,,,,0.87,Running,1,7,89.62,19.25,419,23.797,,,,0.262,5.93,2.829,0,88.5,22.86
2026-05-21 20:00:00,hourly,EMS-01,Underground EMS 01,Underground EMS,Underground,,28.85,,,,,,0.85,Running,0,10,90.64,12.93,407,28.259,,,,0.281,7.44,2.791,0,71.7,21.86
2026-05-21 21:00:00,hourly,EMS-01,Underground EMS 01,Underground EMS,Underground,,30.495,,,,,,0.68,Running,0,18,88.32,22.02,411,20.696,,,,0.473,6.68,2.49,0,78.5,22.23
2026-05-21 22:00:00,hourly,EMS-01,Underground EMS 01,Underground EMS,Underground,,27.973,,,,,,0.79,Running,1,9,89.46,17.83,415,22.085,,,,0.295,8.01,2.098,0,83.5,22.95
2026-05-21 23:00:00,hourly,EMS-01,Underground EMS 01,Underground EMS,Underground,,29.295,,,,,,0.8,Running,1,0,90.07,12.56,413,21.905,,,,0.418,7.27,2.676,0,84.2,23.35
2026-05-22 00:00:00,hourly,EMS-01,Underground EMS 01,Underground EMS,Underground,,26.069,,,,,,0.73,Running,0,10,87.81,16.1,411,18.24,,,,0.354,12.71,2.143,0,70.8,30.56
2026-05-22 01:00:00,hourly,EMS-01,Underground EMS 01,Underground EMS,Underground,,29.563,,,,,,0.75,Running,1,8,92.92,13.15,411,18.274,,,,0.424,10.19,2.555,1,78.0,60.16
2026-05-22 02:00:00,hourly,EMS-01,Underground EMS 01,Underground EMS,Underground,,31.037,,,,,,0.96,Running,0,5,90.52,10.5,412,24.868,,,,0.365,10.99,2.343,0,82.6,31.07
2026-05-22 03:00:00,hourly,EMS-01,Underground EMS 01,Underground EMS,Underground,,30.322,,,,,,0.88,Running,0,4,92.28,13.61,412,21.843,,,,0.35,11.55,2.539,0,73.8,28.75
2026-05-22 04:00:00,hourly,EMS-01,Underground EMS 01,Underground EMS,Underground,,28.86,,,,,,0.72,Running,0,3,89.99,13.79,404,24.766,,,,0.323,6.72,2.968,0,74.9,26.22
2026-05-22 05:00:00,hourly,EMS-01,Underground EMS 01,Underground EMS,Underground,,28.629,,,,,,0.87,Running,0,6,89.15,10.23,402,19.244,,,,0.286,4.29,2.679,0,82.7,17.0
2026-05-22 06:00:00,hourly,EMS-01,Underground EMS 01,Underground EMS,Underground,,31.564,,,,,,0.86,Running,0,6,90.42,11.15,408,20.642,,,,0.37,9.19,2.922,0,75.6,26.34
2026-05-22 07:00:00,hourly,EMS-01,Underground EMS 01,Underground EMS,Underground,,30.099,,,,,,0.75,Running,0,7,91.77,11.04,410,22.772,,,,0.306,8.06,2.37,0,81.0,26.1
2026-05-22 08:00:00,hourly,EMS-01,Underground EMS 01,Underground EMS,Underground,,29.304,,,,,,0.86,Running,1,5,89.16,14.15,405,19.588,,,,0.195,7.58,2.689,0,86.5,19.37
2026-05-22 09:00:00,hourly,EMS-01,Underground EMS 01,Underground EMS,Underground,,30.128,,,,,,0.78,Running,0,6,90.64,11.67,415,23.14,,,,0.379,15.11,2.272,0,79.1,31.95
2026-05-22 10:00:00,hourly,EMS-01,Underground EMS 01,Underground EMS,Underground,,28.425,,,,,,0.67,Running,0,2,89.27,12.05,409,23.097,,,,0.343,9.8,2.527,0,76.3,23.69
2026-05-22 11:00:00,hourly,EMS-01,Underground EMS 01,Underground EMS,Underground,,29.002,,,,,,0.78,Running,0,15,86.79,18.42,403,22.835,,,,0.382,4.92,2.748,0,81.3,26.23
2026-05-22 12:00:00,hourly,EMS-01,Underground EMS 01,Underground EMS,Underground,,28.18,,,,,,0.73,Running,0,15,89.62,17.58,397,19.922,,,,0.352,8.85,2.01,0,80.2,25.89
2026-05-22 13:00:00,hourly,EMS-01,Underground EMS 01,Underground EMS,Underground,,30.449,,,,,,0.77,Running,0,7,90.39,16.45,406,27.559,,,,0.415,9.41,2.552,0,75.5,28.79
2026-05-22 14:00:00,hourly,EMS-01,Underground EMS 01,Underground EMS,Underground,,27.882,,,,,,0.86,Running,0,0,90.18,16.16,399,20.403,,,,0.389,5.89,2.745,0,78.5,26.54
2026-05-22 15:00:00,hourly,EMS-01,Underground EMS 01,Underground EMS,Underground,,28.494,,,,,,0.86,Running,0,10,89.71,14.05,400,23.498,,,,0.343,10.38,2.457,0,81.9,27.84
2026-05-22 16:00:00,hourly,EMS-01,Underground EMS 01,Underground EMS,Underground,,29.77,,,,,,0.85,Running,1,15,90.31,16.0,398,23.516,,,,0.386,4.6,2.839,0,79.3,19.65
2026-05-22 17:00:00,hourly,EMS-01,Underground EMS 01,Underground EMS,Underground,,25.59,,,,,,0.84,Running,1,4,89.12,12.08,396,24.123,,,,0.46,5.59,2.564,0,73.6,24.83
2026-05-22 18:00:00,hourly,EMS-01,Underground EMS 01,Underground EMS,Underground,,28.066,,,,,,0.73,Running,0,4,90.93,13.92,398,19.874,,,,0.286,7.1,2.17,0,82.1,19.91
2026-05-22 19:00:00,hourly,EMS-01,Underground EMS 01,Underground EMS,Underground,,27.884,,,,,,0.76,Running,0,6,89.41,18.01,397,24.844,,,,0.196,6.76,2.687,0,77.0,17.02
2026-05-22 20:00:00,hourly,EMS-01,Underground EMS 01,Underground EMS,Underground,,29.412,,,,,,0.91,Running,0,4,91.43,13.49,395,21.926,,,,0.431,8.35,2.614,0,76.4,28.22
2026-05-22 21:00:00,hourly,EMS-01,Underground EMS 01,Underground EMS,Underground,,29.391,,,,,,0.96,Running,0,9,87.89,13.71,396,25.617,,,,0.405,5.76,2.546,0,69.9,24.39
2026-05-22 22:00:00,hourly,EMS-01,Underground EMS 01,Underground EMS,Underground,,31.92,,,,,,0.82,Running,0,6,90.23,11.88,405,26.738,,,,0.579,9.2,2.58,0,84.8,33.69
2026-05-22 23:00:00,hourly,EMS-01,Underground EMS 01,Underground EMS,Underground,,27.84,,,,,,0.84,Running,0,2,90.87,11.48,400,24.17,,,,0.365,9.0,2.816,0,80.7,26.42
2026-05-23 00:00:00,hourly,EMS-01,Underground EMS 01,Underground EMS,Underground,,27.018,,,,,,0.99,Running,0,3,92.07,8.94,395,22.312,,,,0.336,0.0,2.591,0,76.1,12.16
2026-05-23 01:00:00,hourly,EMS-01,Underground EMS 01,Underground EMS,Underground,,30.829,,,,,,0.79,Running,1,7,89.21,14.45,389,28.835,,,,0.393,12.01,2.776,0,81.2,39.2
2026-05-23 02:00:00,hourly,EMS-01,Underground EMS 01,Underground EMS,Underground,,28.232,,,,,,0.83,Running,0,3,91.92,11.1,397,25.267,,,,0.427,9.5,3.039,0,83.6,30.82
2026-05-23 03:00:00,hourly,EMS-01,Underground EMS 01,Underground EMS,Underground,,29.316,,,,,,0.77,Running,1,6,90.74,12.5,401,21.685,,,,0.407,7.47,2.813,0,82.4,17.94
2026-05-23 04:00:00,hourly,EMS-01,Underground EMS 01,Underground EMS,Underground,,28.417,,,,,,0.65,Running,0,4,92.8,8.28,400,20.605,,,,0.34,5.51,2.597,0,76.3,19.92
2026-05-23 05:00:00,hourly,EMS-01,Underground EMS 01,Underground EMS,Underground,,29.99,,,,,,0.77,Running,0,13,87.67,19.48,392,25.162,,,,0.462,10.09,2.581,0,73.3,27.69
2026-05-23 06:00:00,hourly,EMS-01,Underground EMS 01,Underground EMS,Underground,,29.616,,,,,,0.85,Running,0,8,90.39,13.09,393,23.03,,,,0.281,6.1,2.51,0,75.2,18.18
2026-05-23 07:00:00,hourly,EMS-01,Underground EMS 01,Underground EMS,Underground,,28.61,,,,,,0.69,Running,0,3,89.94,11.23,387,20.719,,,,0.306,6.7,2.614,0,79.8,20.08
2026-05-23 08:00:00,hourly,EMS-01,Underground EMS 01,Underground EMS,Underground,,29.163,,,,,,0.86,Running,0,5,90.25,12.76,392,24.278,,,,0.487,7.1,2.632,0,71.5,23.09
2026-05-23 09:00:00,hourly,EMS-01,Underground EMS 01,Underground EMS,Underground,,28.451,,,,,,0.72,Running,0,2,91.37,10.96,393,20.268,,,,0.416,6.85,2.389,0,87.0,30.44
2026-05-23 10:00:00,hourly,EMS-01,Underground EMS 01,Underground EMS,Underground,,29.209,,,,,,0.77,Running,0,7,92.2,7.28,391,24.278,,,,0.327,7.22,2.446,0,79.6,22.84
2026-05-23 11:00:00,hourly,EMS-01,Underground EMS 01,Underground EMS,Underground,,28.501,,,,,,0.8,Running,0,7,90.48,12.55,393,24.834,,,,0.372,3.02,2.331,0,83.4,20.77
2026-05-23 12:00:00,hourly,EMS-01,Underground EMS 01,Underground EMS,Underground,,31.182,,,,,,0.75,Running,1,1,87.38,20.24,391,21.476,,,,0.527,9.26,2.818,0,73.5,30.42
2026-05-23 13:00:00,hourly,EMS-01,Underground EMS 01,Underground EMS,Underground,,28.747,,,,,,0.82,Running,0,5,89.33,14.43,381,25.037,,,,0.345,5.53,2.665,0,78.8,20.38
2026-05-23 14:00:00,hourly,EMS-01,Underground EMS 01,Underground EMS,Underground,,28.494,,,,,,0.81,Running,0,0,94.98,6.66,385,21.738,,,,0.307,7.55,2.589,0,75.1,24.34
2026-05-23 15:00:00,hourly,EMS-01,Underground EMS 01,Underground EMS,Underground,,26.616,,,,,,0.83,Running,0,5,88.39,17.35,390,23.912,,,,0.369,6.52,2.398,0,69.0,19.14
2026-05-23 16:00:00,hourly,EMS-01,Underground EMS 01,Underground EMS,Underground,,27.617,,,,,,0.94,Running,0,5,90.2,12.53,379,19.339,,,,0.435,7.94,2.777,0,81.0,35.03
2026-05-23 17:00:00,hourly,EMS-01,Underground EMS 01,Underground EMS,Underground,,29.971,,,,,,0.75,Running,0,6,91.07,10.32,385,24.266,,,,0.395,7.46,2.403,0,84.3,28.8
2026-05-23 18:00:00,hourly,EMS-01,Underground EMS 01,Underground EMS,Underground,,28.909,,,,,,0.86,Running,0,9,91.49,13.32,382,27.198,,,,0.449,6.73,2.387,0,89.9,26.55
2026-05-23 19:00:00,hourly,EMS-01,Underground EMS 01,Underground EMS,Underground,,28.674,,,,,,0.76,Running,1,1,88.91,15.48,378,19.502,,,,0.298,8.42,2.816,0,79.5,21.39
2026-05-23 20:00:00,hourly,EMS-01,Underground EMS 01,Underground EMS,Underground,,30.168,,,,,,0.82,Running,0,3,92.18,7.52,386,26.198,,,,0.271,10.64,2.477,0,75.9,26.19
2026-05-23 21:00:00,hourly,EMS-01,Underground EMS 01,Underground EMS,Underground,,30.97,,,,,,0.9,Running,0,6,91.82,12.28,379,22.308,,,,0.454,8.92,2.678,0,82.5,22.89
2026-05-23 22:00:00,hourly,EMS-01,Underground EMS 01,Underground EMS,Underground,,27.951,,,,,,0.9,Running,0,6,90.55,13.86,390,26.687,,,,0.275,11.18,2.438,0,74.5,27.62
2026-05-23 23:00:00,hourly,EMS-01,Underground EMS 01,Underground EMS,Underground,,28.812,,,,,,0.78,Running,0,0,88.38,12.77,380,29.212,,,,0.275,11.69,2.525,0,75.1,31.72
2026-05-24 00:00:00,hourly,EMS-01,Underground EMS 01,Underground EMS,Underground,,26.212,,,,,,0.89,Running,0,2,88.93,10.71,384,24.279,,,,0.309,6.65,2.584,0,77.6,16.56
2026-05-24 01:00:00,hourly,EMS-01,Underground EMS 01,Underground EMS,Underground,,30.477,,,,,,0.84,Running,1,5,88.76,14.4,386,25.646,,,,0.294,12.87,2.908,0,73.4,27.97
2026-05-24 02:00:00,hourly,EMS-01,Underground EMS 01,Underground EMS,Underground,,33.127,,,,,,0.83,Running,1,12,89.42,19.9,380,25.126,,,,0.317,6.8,2.71,0,73.6,18.71
2026-05-24 03:00:00,hourly,EMS-01,Underground EMS 01,Underground EMS,Underground,,28.648,,,,,,0.84,Running,1,3,92.0,15.95,378,26.908,,,,0.231,4.12,2.744,0,85.6,17.8
2026-05-24 04:00:00,hourly,EMS-01,Underground EMS 01,Underground EMS,Underground,,28.613,,,,,,0.82,Running,1,4,90.25,16.67,380,23.35,,,,0.481,8.66,2.744,0,73.6,31.47
2026-05-24 05:00:00,hourly,EMS-01,Underground EMS 01,Underground EMS,Underground,,29.027,,,,,,0.75,Running,0,4,90.77,11.41,383,26.025,,,,0.247,9.69,2.904,0,80.9,21.5
2026-05-24 06:00:00,hourly,EMS-01,Underground EMS 01,Underground EMS,Underground,,29.476,,,,,,0.81,Running,0,0,90.02,12.31,377,21.914,,,,0.552,13.9,3.087,0,73.8,40.19
2026-05-24 07:00:00,hourly,EMS-01,Underground EMS 01,Underground EMS,Underground,,29.536,,,,,,0.93,Running,0,3,92.2,8.33,373,27.392,,,,0.437,10.57,2.761,0,77.3,31.73
2026-05-24 08:00:00,hourly,EMS-01,Underground EMS 01,Underground EMS,Underground,,29.533,,,,,,0.77,Running,0,8,87.25,15.38,369,20.846,,,,0.59,11.85,2.325,0,79.8,35.0
2026-05-24 09:00:00,hourly,EMS-01,Underground EMS 01,Underground EMS,Underground,,27.196,,,,,,1.0,Running,0,4,83.7,24.06,375,22.63,,,,0.314,11.78,2.686,0,78.6,25.51
2026-05-24 10:00:00,hourly,EMS-01,Underground EMS 01,Underground EMS,Underground,,29.066,,,,,,0.76,Running,0,5,89.65,17.96,369,22.117,,,,0.34,6.27,2.993,0,73.8,19.92
2026-05-24 11:00:00,hourly,EMS-01,Underground EMS 01,Underground EMS,Underground,,30.04,,,,,,0.89,Running,0,4,89.68,13.95,376,25.178,,,,0.483,9.6,2.218,0,82.5,28.72
2026-05-24 12:00:00,hourly,EMS-01,Underground EMS 01,Underground EMS,Underground,,27.474,,,,,,0.7,Running,0,8,89.62,13.44,377,26.331,,,,0.294,6.14,3.098,0,78.6,19.2
2026-05-24 13:00:00,hourly,EMS-01,Underground EMS 01,Underground EMS,Underground,,27.239,,,,,,0.85,Running,0,0,88.58,14.15,374,25.634,,,,0.441,8.33,2.812,0,69.5,25.58
2026-05-24 14:00:00,hourly,EMS-01,Underground EMS 01,Underground EMS,Underground,,28.366,,,,,,0.69,Running,0,4,87.58,16.95,370,22.443,,,,0.368,8.21,2.695,0,82.6,25.72
2026-05-24 15:00:00,hourly,EMS-01,Underground EMS 01,Underground EMS,Underground,,29.388,,,,,,0.89,Running,1,10,89.49,12.99,372,28.421,,,,0.452,9.02,2.514,0,78.4,29.2
2026-05-24 16:00:00,hourly,EMS-01,Underground EMS 01,Underground EMS,Underground,,30.017,,,,,,0.82,Running,0,8,89.06,12.5,369,27.54,,,,0.487,12.91,2.441,0,77.2,38.36
2026-05-24 17:00:00,hourly,EMS-01,Underground EMS 01,Underground EMS,Underground,,30.239,,,,,,0.9,Running,0,9,90.02,14.34,368,24.84,,,,0.335,12.04,2.905,0,79.3,30.67
2026-05-24 18:00:00,hourly,EMS-01,Underground EMS 01,Underground EMS,Underground,,27.936,,,,,,0.72,Running,0,8,90.74,11.36,366,22.21,,,,0.315,8.03,2.21,0,69.6,17.4
2026-05-24 19:00:00,hourly,EMS-01,Underground EMS 01,Underground EMS,Underground,,26.513,,,,,,0.84,Running,0,2,91.5,10.85,368,19.984,,,,0.274,6.93,3.26,0,73.9,18.7
2026-05-24 20:00:00,hourly,EMS-01,Underground EMS 01,Underground EMS,Underground,,31.347,,,,,,0.87,Running,0,9,90.93,12.72,367,26.139,,,,0.261,11.66,2.875,0,78.9,28.16
2026-05-24 21:00:00,hourly,EMS-01,Underground EMS 01,Underground EMS,Underground,,30.879,,,,,,0.87,Running,0,0,89.57,10.46,371,23.106,,,,0.335,8.72,2.762,0,73.0,28.56
2026-05-24 22:00:00,hourly,EMS-01,Underground EMS 01,Underground EMS,Underground,,28.523,,,,,,0.75,Running,0,3,90.33,10.48,368,26.909,,,,0.379,11.99,2.715,0,81.5,34.85
2026-05-24 23:00:00,hourly,EMS-01,Underground EMS 01,Underground EMS,Underground,,30.217,,,,,,0.83,Running,1,10,87.72,17.46,359,27.13,,,,0.335,1.01,2.395,0,71.6,17.19
2026-05-25 00:00:00,hourly,EMS-01,Underground EMS 01,Underground EMS,Underground,,29.543,,,,,,0.78,Running,0,6,88.24,14.13,366,22.716,,,,0.402,8.11,2.663,0,77.2,26.66
2026-05-25 01:00:00,hourly,EMS-01,Underground EMS 01,Underground EMS,Underground,,28.897,,,,,,0.84,Running,0,5,92.31,10.86,364,24.08,,,,0.44,11.87,2.163,0,84.8,36.64
2026-05-25 02:00:00,hourly,EMS-01,Underground EMS 01,Underground EMS,Underground,,31.668,,,,,,0.69,Running,0,2,91.24,10.8,364,23.957,,,,0.337,4.37,2.283,0,73.7,24.05
2026-05-25 03:00:00,hourly,EMS-01,Underground EMS 01,Underground EMS,Underground,,28.238,,,,,,0.94,Running,0,0,87.22,18.45,361,28.384,,,,0.346,3.58,2.124,0,78.1,20.07
2026-05-25 04:00:00,hourly,EMS-01,Underground EMS 01,Underground EMS,Underground,,27.184,,,,,,0.77,Running,0,6,88.44,12.99,361,22.941,,,,0.479,3.7,2.624,0,73.4,23.34
2026-05-25 05:00:00,hourly,EMS-01,Underground EMS 01,Underground EMS,Underground,,29.358,,,,,,0.86,Running,0,6,92.51,8.83,367,25.996,,,,0.413,8.39,2.467,0,70.3,28.78
2026-05-25 06:00:00,hourly,EMS-01,Underground EMS 01,Underground EMS,Underground,,28.337,,,,,,0.73,Running,1,8,88.3,19.58,359,24.256,,,,0.369,5.96,2.542,0,81.1,16.2
2026-05-25 07:00:00,hourly,EMS-01,Underground EMS 01,Underground EMS,Underground,,29.399,,,,,,0.69,Running,1,9,86.57,19.54,357,28.684,,,,0.331,9.2,2.665,0,77.7,24.1
2026-05-25 08:00:00,hourly,EMS-01,Underground EMS 01,Underground EMS,Underground,,28.74,,,,,,0.87,Running,0,9,88.7,17.67,356,22.055,,,,0.455,10.92,2.974,0,78.4,24.56
2026-05-25 09:00:00,hourly,EMS-01,Underground EMS 01,Underground EMS,Underground,,28.163,,,,,,0.87,Running,1,3,88.73,15.79,354,20.921,,,,0.363,6.06,2.146,0,79.5,21.62
2026-05-25 10:00:00,hourly,EMS-01,Underground EMS 01,Underground EMS,Underground,,28.845,,,,,,0.89,Running,0,3,91.34,9.58,360,18.402,,,,0.231,9.59,3.027,0,73.8,19.92
2026-05-25 11:00:00,hourly,EMS-01,Underground EMS 01,Underground EMS,Underground,,27.016,,,,,,0.85,Running,0,1,90.89,11.27,361,24.541,,,,0.222,8.27,2.632,0,72.0,15.4
2026-05-25 12:00:00,hourly,EMS-01,Underground EMS 01,Underground EMS,Underground,,27.006,,,,,,0.91,Running,0,9,88.76,14.43,354,24.761,,,,0.322,1.97,2.46,0,78.9,15.62
2026-05-25 13:00:00,hourly,EMS-01,Underground EMS 01,Underground EMS,Underground,,28.797,,,,,,0.85,Running,0,0,89.42,13.5,357,23.396,,,,0.305,5.11,2.677,0,85.4,16.26
2026-05-25 14:00:00,hourly,EMS-01,Underground EMS 01,Underground EMS,Underground,,29.702,,,,,,0.75,Running,1,5,89.99,16.63,359,26.77,,,,0.39,9.57,2.721,0,79.6,27.53
2026-05-25 15:00:00,hourly,EMS-01,Underground EMS 01,Underground EMS,Underground,,26.804,,,,,,1.0,Running,0,10,90.68,12.6,355,28.608,,,,0.237,9.82,2.949,0,70.9,24.28
2026-05-25 16:00:00,hourly,EMS-01,Underground EMS 01,Underground EMS,Underground,,29.789,,,,,,0.75,Running,0,7,88.92,12.73,353,21.719,,,,0.391,3.8,2.546,0,92.7,14.95
2026-05-25 17:00:00,hourly,EMS-01,Underground EMS 01,Underground EMS,Underground,,28.476,,,,,,0.89,Running,0,1,89.97,12.67,350,23.363,,,,0.309,7.6,2.214,0,71.8,24.4
2026-05-25 18:00:00,hourly,EMS-01,Underground EMS 01,Underground EMS,Underground,,29.701,,,,,,0.86,Running,0,6,91.79,12.31,354,18.972,,,,0.47,1.55,2.189,0,68.8,18.95
2026-05-25 19:00:00,hourly,EMS-01,Underground EMS 01,Underground EMS,Underground,,29.484,,,,,,0.9,Running,0,7,89.26,12.01,350,24.226,,,,0.327,7.93,2.814,0,86.8,24.88
2026-05-25 20:00:00,hourly,EMS-01,Underground EMS 01,Underground EMS,Underground,,30.521,,,,,,0.81,Running,1,7,89.7,16.59,353,22.135,,,,0.459,9.8,2.753,0,73.9,28.45
2026-05-25 21:00:00,hourly,EMS-01,Underground EMS 01,Underground EMS,Underground,,28.949,,,,,,0.85,Running,1,9,90.45,16.28,348,22.757,,,,0.382,3.28,3.142,0,75.5,21.52
2026-05-25 22:00:00,hourly,EMS-01,Underground EMS 01,Underground EMS,Underground,,26.859,,,,,,0.77,Running,0,1,88.55,14.34,351,23.586,,,,0.35,4.97,2.174,0,83.8,19.78
2026-05-25 23:00:00,hourly,EMS-01,Underground EMS 01,Underground EMS,Underground,,32.007,,,,,,0.87,Running,0,4,88.04,17.8,353,25.489,,,,0.287,3.96,2.739,0,86.3,16.53
2026-05-26 00:00:00,hourly,EMS-01,Underground EMS 01,Underground EMS,Underground,,29.296,,,,,,0.72,Running,1,8,90.07,15.79,350,23.225,,,,0.325,8.54,2.86,0,77.1,23.0
2026-05-26 01:00:00,hourly,EMS-01,Underground EMS 01,Underground EMS,Underground,,29.369,,,,,,0.92,Running,0,4,90.37,11.44,345,29.938,,,,0.5,10.31,2.693,0,81.7,28.63
2026-05-26 02:00:00,hourly,EMS-01,Underground EMS 01,Underground EMS,Underground,,28.966,,,,,,1.0,Running,0,4,89.29,14.14,342,23.696,,,,0.382,12.97,2.55,0,87.1,33.06
2026-05-26 03:00:00,hourly,EMS-01,Underground EMS 01,Underground EMS,Underground,,31.122,,,,,,0.91,Running,1,2,88.4,15.69,346,19.726,,,,0.322,3.45,2.508,0,72.1,18.28
2026-05-26 04:00:00,hourly,EMS-01,Underground EMS 01,Underground EMS,Underground,,27.445,,,,,,0.65,Running,0,12,88.66,16.61,351,21.736,,,,0.416,7.88,2.508,0,79.4,25.85
2026-05-26 05:00:00,hourly,EMS-01,Underground EMS 01,Underground EMS,Underground,,27.223,,,,,,0.78,Running,0,7,89.81,17.17,348,25.791,,,,0.353,11.0,2.676,0,76.1,26.02
2026-05-26 06:00:00,hourly,EMS-01,Underground EMS 01,Underground EMS,Underground,,28.18,,,,,,0.9,Running,0,11,87.5,16.96,352,25.924,,,,0.335,8.88,2.96,0,72.0,23.81
2026-05-26 07:00:00,hourly,EMS-01,Underground EMS 01,Underground EMS,Underground,,29.708,,,,,,0.73,Running,0,0,91.05,9.46,354,23.889,,,,0.359,3.86,2.224,0,82.7,20.01
2026-05-26 08:00:00,hourly,EMS-01,Underground EMS 01,Underground EMS,Underground,,28.147,,,,,,0.71,Running,0,5,91.87,7.82,342,23.9,,,,0.47,7.45,2.488,0,84.0,30.11
2026-05-26 09:00:00,hourly,EMS-01,Underground EMS 01,Underground EMS,Underground,,28.09,,,,,,0.83,Running,1,2,86.96,16.7,345,24.47,,,,0.391,11.03,3.052,0,81.2,33.07
2026-05-26 10:00:00,hourly,EMS-01,Underground EMS 01,Underground EMS,Underground,,27.6,,,,,,0.78,Running,1,4,90.24,13.07,341,25.899,,,,0.45,8.05,2.213,0,80.9,30.81
2026-05-26 11:00:00,hourly,EMS-01,Underground EMS 01,Underground EMS,Underground,,30.358,,,,,,0.78,Running,0,7,90.61,15.51,338,23.795,,,,0.36,10.04,2.734,0,76.6,24.5
2026-05-26 12:00:00,hourly,EMS-01,Underground EMS 01,Underground EMS,Underground,,29.661,,,,,,0.71,Running,0,8,90.73,9.47,342,20.135,,,,0.345,10.83,1.79,0,79.6,29.6
2026-05-26 13:00:00,hourly,EMS-01,Underground EMS 01,Underground EMS,Underground,,30.274,,,,,,0.96,Running,1,16,86.68,18.25,340,21.763,,,,0.513,3.78,2.456,0,80.8,24.24
2026-05-26 14:00:00,hourly,EMS-01,Underground EMS 01,Underground EMS,Underground,,28.406,,,,,,0.74,Running,0,7,88.79,18.61,338,22.122,,,,0.311,5.53,2.326,0,89.7,18.17
2026-05-26 15:00:00,hourly,EMS-01,Underground EMS 01,Underground EMS,Underground,,29.059,,,,,,0.79,Running,0,9,88.39,17.01,337,20.355,,,,0.371,5.88,2.938,0,69.9,16.43
2026-05-26 16:00:00,hourly,EMS-01,Underground EMS 01,Underground EMS,Underground,,30.215,,,,,,0.85,Running,1,3,88.9,13.02,338,20.214,,,,0.487,7.68,2.25,0,75.0,27.35
2026-05-26 17:00:00,hourly,EMS-01,Underground EMS 01,Underground EMS,Underground,,28.028,,,,,,0.8,Running,1,7,87.31,18.07,335,24.851,,,,0.361,7.77,2.267,0,77.0,29.58
2026-05-26 18:00:00,hourly,EMS-01,Underground EMS 01,Underground EMS,Underground,,30.568,,,,,,0.78,Running,0,4,92.03,11.0,335,23.706,,,,0.547,10.68,2.335,0,80.4,36.2
2026-05-26 19:00:00,hourly,EMS-01,Underground EMS 01,Underground EMS,Underground,,29.767,,,,,,0.9,Running,1,8,89.96,16.48,331,25.896,,,,0.328,5.68,2.441,0,85.4,19.42
2026-05-26 20:00:00,hourly,EMS-01,Underground EMS 01,Underground EMS,Underground,,30.969,,,,,,0.85,Running,1,5,87.63,18.7,331,29.064,,,,0.45,12.44,2.47,0,83.1,31.79
2026-05-26 21:00:00,hourly,EMS-01,Underground EMS 01,Underground EMS,Underground,,30.477,,,,,,0.85,Running,0,9,88.36,16.76,332,26.127,,,,0.537,12.25,2.422,0,76.5,39.12
2026-05-26 22:00:00,hourly,EMS-01,Underground EMS 01,Underground EMS,Underground,,26.872,,,,,,0.79,Running,1,6,91.48,12.96,334,25.851,,,,0.416,10.69,2.685,0,81.2,35.53
2026-05-26 23:00:00,hourly,EMS-01,Underground EMS 01,Underground EMS,Underground,,28.362,,,,,,0.71,Running,1,2,89.06,15.3,333,19.4,,,,0.434,13.12,2.271,0,77.4,36.68
2026-05-27 00:00:00,hourly,EMS-01,Underground EMS 01,Underground EMS,Underground,,25.891,,,,,,0.91,Running,0,4,91.26,10.6,330,25.565,,,,0.468,7.45,2.732,0,79.3,23.98
2026-05-27 01:00:00,hourly,EMS-01,Underground EMS 01,Underground EMS,Underground,,26.431,,,,,,0.76,Running,1,4,90.29,14.94,329,23.726,,,,0.198,3.54,2.371,0,83.2,9.36
2026-05-27 02:00:00,hourly,EMS-01,Underground EMS 01,Underground EMS,Underground,,27.783,,,,,,0.71,Running,0,15,87.02,16.72,332,27.352,,,,0.517,4.14,1.968,0,64.7,20.85
2026-05-27 03:00:00,hourly,EMS-01,Underground EMS 01,Underground EMS,Underground,,31.035,,,,,,0.79,Running,1,13,87.6,17.97,328,20.087,,,,0.431,8.58,2.551,0,76.7,34.3
2026-05-27 04:00:00,hourly,EMS-01,Underground EMS 01,Underground EMS,Underground,,29.136,,,,,,0.81,Running,1,12,87.3,19.07,326,26.461,,,,0.409,6.84,2.735,0,73.1,25.38
2026-05-27 05:00:00,hourly,EMS-01,Underground EMS 01,Underground EMS,Underground,,29.784,,,,,,0.71,Running,1,3,89.91,11.51,331,22.096,,,,0.417,5.81,2.312,0,73.6,25.48
2026-05-27 06:00:00,hourly,EMS-01,Underground EMS 01,Underground EMS,Underground,,28.459,,,,,,0.78,Running,0,9,92.21,10.35,323,20.837,,,,0.242,10.43,2.625,0,74.9,25.23
2026-05-27 07:00:00,hourly,EMS-01,Underground EMS 01,Underground EMS,Underground,,28.705,,,,,,0.82,Running,0,6,89.42,17.81,323,29.938,,,,0.478,7.6,2.454,0,68.6,29.43
2026-05-27 08:00:00,hourly,EMS-01,Underground EMS 01,Underground EMS,Underground,,30.098,,,,,,0.72,Running,1,4,88.97,18.0,331,24.08,,,,0.436,4.04,2.424,0,84.4,19.1
2026-05-27 09:00:00,hourly,EMS-01,Underground EMS 01,Underground EMS,Underground,,28.92,,,,,,0.91,Running,0,14,89.99,14.77,321,23.523,,,,0.33,4.44,2.779,0,90.8,15.22
2026-05-27 10:00:00,hourly,EMS-01,Underground EMS 01,Underground EMS,Underground,,28.86,,,,,,0.72,Running,1,8,89.0,14.93,331,22.251,,,,0.44,11.0,2.792,0,79.0,28.42
2026-05-27 11:00:00,hourly,EMS-01,Underground EMS 01,Underground EMS,Underground,,29.888,,,,,,0.87,Running,0,3,88.57,15.34,320,22.91,,,,0.452,3.68,2.253,0,86.1,21.29
2026-05-27 12:00:00,hourly,EMS-01,Underground EMS 01,Underground EMS,Underground,,27.66,,,,,,0.83,Running,0,4,89.41,13.37,320,22.657,,,,0.364,4.02,2.303,0,74.7,17.32
2026-05-27 13:00:00,hourly,EMS-01,Underground EMS 01,Underground EMS,Underground,,29.419,,,,,,1.0,Running,1,8,90.3,13.31,319,23.124,,,,0.511,11.47,2.811,0,84.7,33.53
2026-05-27 14:00:00,hourly,EMS-01,Underground EMS 01,Underground EMS,Underground,,29.488,,,,,,0.82,Running,1,6,88.26,18.89,317,23.42,,,,0.4,10.27,2.278,0,75.7,29.72
2026-05-27 15:00:00,hourly,EMS-01,Underground EMS 01,Underground EMS,Underground,,26.682,,,,,,0.71,Running,1,6,87.47,16.16,328,23.09,,,,0.388,12.4,2.325,0,75.1,27.24
2026-05-27 16:00:00,hourly,EMS-01,Underground EMS 01,Underground EMS,Underground,,27.615,,,,,,0.72,Running,0,9,90.58,10.52,326,20.638,,,,0.464,10.49,2.51,0,78.8,28.3
2026-05-27 17:00:00,hourly,EMS-01,Underground EMS 01,Underground EMS,Underground,,28.246,,,,,,0.79,Running,0,5,85.5,22.13,315,23.898,,,,0.342,9.81,2.418,0,87.1,30.03
2026-05-27 18:00:00,hourly,EMS-01,Underground EMS 01,Underground EMS,Underground,,28.48,,,,,,0.62,Running,1,5,86.92,17.45,326,24.653,,,,0.375,8.75,2.441,0,83.8,30.32
2026-05-27 19:00:00,hourly,EMS-01,Underground EMS 01,Underground EMS,Underground,,29.85,,,,,,0.71,Running,0,15,89.05,13.24,314,26.176,,,,0.321,8.8,2.516,0,85.4,29.09
2026-05-27 20:00:00,hourly,EMS-01,Underground EMS 01,Underground EMS,Underground,,27.876,,,,,,0.87,Running,0,7,90.44,13.32,331,27.108,,,,0.399,11.25,2.526,0,70.9,29.99
2026-05-27 21:00:00,hourly,EMS-01,Underground EMS 01,Underground EMS,Underground,,27.853,,,,,,0.99,Running,1,7,89.33,14.13,317,22.879,,,,0.387,5.4,2.661,0,72.5,21.41
2026-05-27 22:00:00,hourly,EMS-01,Underground EMS 01,Underground EMS,Underground,,30.053,,,,,,0.81,Running,0,13,88.08,16.65,315,24.872,,,,0.425,7.2,2.624,0,75.6,29.0
2026-05-27 23:00:00,hourly,EMS-01,Underground EMS 01,Underground EMS,Underground,,30.501,,,,,,0.74,Running,1,8,90.28,14.45,319,26.079,,,,0.496,4.77,3.117,0,85.4,19.79
2026-05-28 00:00:00,hourly,EMS-01,Underground EMS 01,Underground EMS,Underground,,30.549,,,,,,0.9,Running,0,13,87.73,17.76,312,22.181,,,,0.47,8.66,2.785,0,81.5,28.8
2026-05-28 01:00:00,hourly,EMS-01,Underground EMS 01,Underground EMS,Underground,,27.591,,,,,,0.92,Running,1,1,90.04,14.71,310,24.495,,,,0.426,10.05,2.576,0,69.1,31.26
2026-05-28 02:00:00,hourly,EMS-01,Underground EMS 01,Underground EMS,Underground,,27.877,,,,,,0.78,Running,1,9,88.24,16.58,313,24.848,,,,0.52,9.45,3.092,0,76.6,31.55
2026-05-28 03:00:00,hourly,EMS-01,Underground EMS 01,Underground EMS,Underground,,26.773,,,,,,0.87,Running,0,5,87.05,14.41,314,18.46,,,,0.367,4.99,2.332,0,74.7,23.62
2026-05-28 04:00:00,hourly,EMS-01,Underground EMS 01,Underground EMS,Underground,,25.524,,,,,,0.92,Running,0,7,90.08,13.89,305,23.836,,,,0.457,11.37,3.176,0,77.3,33.35
2026-05-28 05:00:00,hourly,EMS-01,Underground EMS 01,Underground EMS,Underground,,27.419,,,,,,0.85,Running,0,0,91.46,9.21,309,24.269,,,,0.492,6.12,3.366,0,89.4,22.74
2026-05-28 06:00:00,hourly,EMS-01,Underground EMS 01,Underground EMS,Underground,,28.245,,,,,,0.76,Running,0,1,88.28,14.79,320,21.794,,,,0.57,7.21,2.859,0,77.0,29.57
2026-05-28 07:00:00,hourly,EMS-01,Underground EMS 01,Underground EMS,Underground,,29.45,,,,,,0.78,Running,0,5,90.5,11.71,311,26.659,,,,0.431,10.92,2.553,0,76.0,28.77
2026-05-28 08:00:00,hourly,EMS-01,Underground EMS 01,Underground EMS,Underground,,30.334,,,,,,0.72,Running,1,12,85.73,20.95,301,29.082,,,,0.389,8.19,2.89,0,72.1,29.05
2026-05-28 09:00:00,hourly,EMS-01,Underground EMS 01,Underground EMS,Underground,,29.017,,,,,,0.76,Running,0,1,86.7,14.87,310,24.935,,,,0.422,7.32,2.966,0,82.2,28.17
2026-05-28 10:00:00,hourly,EMS-01,Underground EMS 01,Underground EMS,Underground,,31.167,,,,,,0.87,Running,1,5,87.3,17.21,311,20.396,,,,0.427,15.55,2.317,0,77.4,40.53
2026-05-28 11:00:00,hourly,EMS-01,Underground EMS 01,Underground EMS,Underground,,27.898,,,,,,0.8,Running,1,8,88.59,15.61,309,23.267,,,,0.368,8.97,2.839,0,73.7,28.58
2026-05-28 12:00:00,hourly,EMS-01,Underground EMS 01,Underground EMS,Underground,,31.074,,,,,,0.7,Running,1,6,89.61,15.93,311,21.201,,,,0.424,8.12,2.531,0,81.3,29.73
2026-05-28 13:00:00,hourly,EMS-01,Underground EMS 01,Underground EMS,Underground,,27.995,,,,,,0.85,Running,0,12,86.87,18.4,306,29.971,,,,0.565,7.25,2.354,0,76.2,37.62
2026-05-28 14:00:00,hourly,EMS-01,Underground EMS 01,Underground EMS,Underground,,29.846,,,,,,0.91,Running,1,13,87.32,18.67,311,22.314,,,,0.29,6.86,2.697,0,77.0,19.69
2026-05-28 15:00:00,hourly,EMS-01,Underground EMS 01,Underground EMS,Underground,,29.472,,,,,,0.81,Running,1,2,90.1,13.92,306,24.445,,,,0.231,8.2,2.627,0,72.9,20.44
2026-05-28 16:00:00,hourly,EMS-01,Underground EMS 01,Underground EMS,Underground,,30.825,,,,,,0.81,Running,1,8,87.43,20.85,306,27.212,,,,0.304,5.68,2.197,0,68.4,19.2
2026-05-28 17:00:00,hourly,EMS-01,Underground EMS 01,Underground EMS,Underground,,31.241,,,,,,0.94,Running,0,3,90.98,11.59,306,21.414,,,,0.351,5.56,3.021,0,82.0,21.47
2026-05-28 18:00:00,hourly,EMS-01,Underground EMS 01,Underground EMS,Underground,,27.755,,,,,,0.91,Running,0,16,87.59,21.87,307,21.763,,,,0.331,6.79,2.657,0,80.0,22.77
2026-05-28 19:00:00,hourly,EMS-01,Underground EMS 01,Underground EMS,Underground,,25.945,,,,,,0.86,Running,0,7,90.6,11.88,305,27.604,,,,0.362,10.1,2.85,0,79.5,32.49
2026-05-28 20:00:00,hourly,EMS-01,Underground EMS 01,Underground EMS,Underground,,28.881,,,,,,0.93,Running,1,3,90.03,15.34,300,27.51,,,,0.345,11.06,2.879,0,77.3,33.29
2026-05-28 21:00:00,hourly,EMS-01,Underground EMS 01,Underground EMS,Underground,,29.723,,,,,,0.91,Running,1,14,88.85,18.49,308,21.056,,,,0.464,2.69,2.393,0,75.2,21.03
2026-05-28 22:00:00,hourly,EMS-01,Underground EMS 01,Underground EMS,Underground,,29.161,,,,,,0.81,Running,0,1,89.06,14.78,298,20.919,,,,0.353,8.88,3.256,0,78.5,28.36
2026-05-28 23:00:00,hourly,EMS-01,Underground EMS 01,Underground EMS,Underground,,33.251,,,,,,0.85,Running,1,4,88.91,15.22,297,25.67,,,,0.337,7.49,3.232,0,81.4,18.59
2026-05-29 00:00:00,hourly,EMS-01,Underground EMS 01,Underground EMS,Underground,,29.941,,,,,,0.83,Running,0,1,90.51,10.45,292,25.645,,,,0.274,15.66,2.314,0,79.9,34.92
