timestamp,granularity,asset_id,asset_name,asset_type,location,vibration_mm_s,temperature_c,motor_current_a,pressure_bar,flow_rate,speed_rpm,power_kw,operating_hours,status,alarm_count,downtime_minutes,health_score,failure_risk,rul_days,energy_kwh,demand_kw,energy_intensity,avoidable_loss_estimate,methane_ch4,carbon_monoxide_co,airflow_velocity,smoke_alarm,humidity,environmental_risk_score
2025-05-30 00:00:00,daily,CM-01,Continuous Miner 01,Continuous Miner,Underground,3.407,68.119,170.39,211.535,,966.699,234.892,22.42,Running,0,14,90.49,16.28,153,266.146,,,,,,,,,
2025-05-31 00:00:00,daily,CM-01,Continuous Miner 01,Continuous Miner,Underground,3.495,64.407,171.887,196.622,,906.523,248.142,20.17,Running,1,7,88.3,14.9,151,228.26,,,,,,,,,
2025-06-01 00:00:00,daily,CM-01,Continuous Miner 01,Continuous Miner,Underground,3.224,64.125,177.478,196.013,,1009.373,227.183,21.32,Running,0,6,91.12,10.78,152,267.177,,,,,,,,,
2025-06-02 00:00:00,daily,CM-01,Continuous Miner 01,Continuous Miner,Underground,3.344,67.016,158.005,205.34,,1030.204,235.986,21.06,Running,0,3,91.39,12.46,149,243.51,,,,,,,,,
2025-06-03 00:00:00,daily,CM-01,Continuous Miner 01,Continuous Miner,Underground,3.412,68.182,163.209,206.57,,1032.123,235.545,20.88,Running,1,12,86.72,20.28,151,233.557,,,,,,,,,
2025-06-04 00:00:00,daily,CM-01,Continuous Miner 01,Continuous Miner,Underground,3.384,66.099,171.007,188.311,,992.521,257.597,20.35,Running,1,5,87.72,17.21,150,246.543,,,,,,,,,
2025-06-05 00:00:00,daily,CM-01,Continuous Miner 01,Continuous Miner,Underground,3.255,63.183,165.496,203.4,,981.557,256.232,19.23,Running,1,5,89.97,16.7,152,254.46,,,,,,,,,
2025-06-06 00:00:00,daily,CM-01,Continuous Miner 01,Continuous Miner,Underground,3.252,63.024,156.107,205.155,,1026.418,248.903,23.36,Running,0,9,89.22,16.81,152,242.112,,,,,,,,,
2025-06-07 00:00:00,daily,CM-01,Continuous Miner 01,Continuous Miner,Underground,3.233,62.88,168.372,203.098,,1038.802,226.127,17.94,Running,0,0,89.66,16.16,142,258.897,,,,,,,,,
2025-06-08 00:00:00,daily,CM-01,Continuous Miner 01,Continuous Miner,Underground,2.829,62.135,169.694,197.72,,1019.578,240.676,19.69,Running,0,14,88.28,17.52,140,240.711,,,,,,,,,
2025-06-09 00:00:00,daily,CM-01,Continuous Miner 01,Continuous Miner,Underground,3.279,66.268,165.779,200.191,,946.934,234.599,19.71,Running,0,8,91.01,17.24,152,259.972,,,,,,,,,
2025-06-10 00:00:00,daily,CM-01,Continuous Miner 01,Continuous Miner,Underground,2.765,68.506,166.843,203.462,,986.919,257.227,20.45,Running,0,9,90.81,12.46,153,257.128,,,,,,,,,
2025-06-11 00:00:00,daily,CM-01,Continuous Miner 01,Continuous Miner,Underground,2.906,66.005,163.028,205.878,,995.239,261.552,18.86,Running,0,1,89.63,10.51,144,249.084,,,,,,,,,
2025-06-12 00:00:00,daily,CM-01,Continuous Miner 01,Continuous Miner,Underground,3.432,61.066,176.935,210.511,,916.502,259.854,20.28,Running,0,3,91.29,15.41,140,243.004,,,,,,,,,
2025-06-13 00:00:00,daily,CM-01,Continuous Miner 01,Continuous Miner,Underground,3.316,65.624,157.915,214.803,,996.248,234.499,19.36,Running,0,1,90.19,12.82,148,252.498,,,,,,,,,
2025-06-14 00:00:00,daily,CM-01,Continuous Miner 01,Continuous Miner,Underground,3.479,65.69,160.434,202.433,,1059.357,206.725,16.64,Running,0,8,88.03,16.98,151,258.885,,,,,,,,,
2025-06-15 00:00:00,daily,CM-01,Continuous Miner 01,Continuous Miner,Underground,3.04,70.664,165.233,200.985,,1002.182,220.349,19.7,Running,0,7,89.95,16.69,154,283.077,,,,,,,,,
2025-06-16 00:00:00,daily,CM-01,Continuous Miner 01,Continuous Miner,Underground,2.82,62.851,172.19,209.037,,1031.334,264.997,17.57,Running,1,4,87.79,13.9,149,265.127,,,,,,,,,
2025-06-17 00:00:00,daily,CM-01,Continuous Miner 01,Continuous Miner,Underground,3.049,65.202,153.193,210.604,,986.147,239.484,16.35,Running,0,2,90.68,10.54,145,265.72,,,,,,,,,
2025-06-18 00:00:00,daily,CM-01,Continuous Miner 01,Continuous Miner,Underground,3.135,69.819,154.703,201.207,,977.163,234.6,19.94,Running,0,1,89.16,11.98,142,299.528,,,,,,,,,
2025-06-19 00:00:00,daily,CM-01,Continuous Miner 01,Continuous Miner,Underground,3.13,67.062,148.897,212.237,,993.049,268.115,20.62,Running,0,5,88.9,13.95,146,258.376,,,,,,,,,
2025-06-20 00:00:00,daily,CM-01,Continuous Miner 01,Continuous Miner,Underground,3.394,67.316,165.474,213.949,,951.13,262.839,20.69,Running,1,5,88.07,17.59,144,257.883,,,,,,,,,
2025-06-21 00:00:00,daily,CM-01,Continuous Miner 01,Continuous Miner,Underground,3.021,66.334,156.281,216.766,,945.93,245.477,20.77,Running,0,3,91.07,13.55,141,261.402,,,,,,,,,
2025-06-22 00:00:00,daily,CM-01,Continuous Miner 01,Continuous Miner,Underground,3.201,66.813,162.165,221.155,,1023.962,241.036,15.97,Running,0,13,88.83,16.2,153,234.003,,,,,,,,,
2025-06-23 00:00:00,daily,CM-01,Continuous Miner 01,Continuous Miner,Underground,2.866,67.803,170.548,197.362,,1027.651,243.303,17.07,Running,0,5,88.35,13.49,152,243.053,,,,,,,,,
2025-06-24 00:00:00,daily,CM-01,Continuous Miner 01,Continuous Miner,Underground,3.227,64.317,160.139,205.294,,944.908,248.342,23.47,Running,0,8,88.43,11.58,149,242.066,,,,,,,,,
2025-06-25 00:00:00,daily,CM-01,Continuous Miner 01,Continuous Miner,Underground,3.116,68.035,167.137,205.28,,1013.454,267.571,17.67,Running,0,4,89.8,14.39,140,260.536,,,,,,,,,
2025-06-26 00:00:00,daily,CM-01,Continuous Miner 01,Continuous Miner,Underground,2.928,63.088,162.908,204.305,,976.507,251.094,20.85,Running,0,6,89.49,13.77,147,247.397,,,,,,,,,
2025-06-27 00:00:00,daily,CM-01,Continuous Miner 01,Continuous Miner,Underground,3.057,66.837,170.695,199.354,,991.42,255.354,18.36,Running,0,6,89.53,15.58,146,252.405,,,,,,,,,
2025-06-28 00:00:00,daily,CM-01,Continuous Miner 01,Continuous Miner,Underground,3.071,66.514,169.136,191.838,,995.611,261.568,19.83,Running,0,0,89.51,16.09,145,267.602,,,,,,,,,
2025-06-29 00:00:00,daily,CM-01,Continuous Miner 01,Continuous Miner,Underground,3.051,64.77,159.815,206.052,,1014.281,228.833,18.46,Running,0,8,92.21,11.18,148,264.023,,,,,,,,,
2025-06-30 00:00:00,daily,CM-01,Continuous Miner 01,Continuous Miner,Underground,3.562,66.082,164.018,198.313,,982.35,255.786,20.76,Running,1,7,88.09,18.2,145,247.635,,,,,,,,,
2025-07-01 00:00:00,daily,CM-01,Continuous Miner 01,Continuous Miner,Underground,3.095,64.769,173.734,206.012,,1028.786,241.104,19.94,Running,0,10,87.88,17.43,146,239.513,,,,,,,,,
2025-07-02 00:00:00,daily,CM-01,Continuous Miner 01,Continuous Miner,Underground,3.06,63.787,168.548,198.103,,990.234,210.013,18.82,Running,1,4,87.35,18.77,145,268.407,,,,,,,,,
2025-07-03 00:00:00,daily,CM-01,Continuous Miner 01,Continuous Miner,Underground,2.597,65.373,154.242,195.363,,1001.226,215.454,17.66,Running,0,5,89.6,13.15,143,262.636,,,,,,,,,
2025-07-04 00:00:00,daily,CM-01,Continuous Miner 01,Continuous Miner,Underground,2.899,63.728,170.68,207.379,,950.19,231.005,20.19,Running,1,2,90.38,13.11,135,224.564,,,,,,,,,
2025-07-05 00:00:00,daily,CM-01,Continuous Miner 01,Continuous Miner,Underground,3.058,66.873,156.776,206.64,,1054.881,252.706,17.35,Running,0,12,88.35,16.71,142,245.264,,,,,,,,,
2025-07-06 00:00:00,daily,CM-01,Continuous Miner 01,Continuous Miner,Underground,2.953,63.639,176.771,210.506,,995.745,246.873,20.5,Running,1,9,87.14,19.64,139,252.933,,,,,,,,,
2025-07-07 00:00:00,daily,CM-01,Continuous Miner 01,Continuous Miner,Underground,3.471,67.742,173.681,224.976,,1004.23,247.871,24.0,Running,0,8,87.13,17.24,136,262.757,,,,,,,,,
2025-07-08 00:00:00,daily,CM-01,Continuous Miner 01,Continuous Miner,Underground,3.085,63.583,167.826,207.81,,922.962,272.614,22.27,Running,1,12,89.44,15.82,148,264.869,,,,,,,,,
2025-07-09 00:00:00,daily,CM-01,Continuous Miner 01,Continuous Miner,Underground,3.449,64.943,166.783,209.692,,950.426,227.544,21.06,Running,0,10,89.55,14.1,148,254.861,,,,,,,,,
2025-07-10 00:00:00,daily,CM-01,Continuous Miner 01,Continuous Miner,Underground,3.143,64.821,163.871,195.639,,1022.519,244.939,19.52,Running,1,9,89.19,14.9,146,259.693,,,,,,,,,
2025-07-11 00:00:00,daily,CM-01,Continuous Miner 01,Continuous Miner,Underground,3.138,69.118,170.99,193.767,,989.207,249.596,15.96,Running,1,1,87.21,19.57,141,251.367,,,,,,,,,
2025-07-12 00:00:00,daily,CM-01,Continuous Miner 01,Continuous Miner,Underground,3.108,66.936,162.614,219.606,,912.156,235.037,17.14,Running,0,3,88.6,11.97,145,239.57,,,,,,,,,
2025-07-13 00:00:00,daily,CM-01,Continuous Miner 01,Continuous Miner,Underground,3.132,65.75,167.484,197.061,,1015.45,245.753,22.14,Running,0,2,88.38,13.68,140,246.183,,,,,,,,,
2025-07-14 00:00:00,daily,CM-01,Continuous Miner 01,Continuous Miner,Underground,3.562,67.32,172.594,195.989,,960.049,222.968,18.16,Running,0,8,88.5,13.14,140,250.679,,,,,,,,,
2025-07-15 00:00:00,daily,CM-01,Continuous Miner 01,Continuous Miner,Underground,2.553,61.594,161.144,205.045,,1028.449,265.118,18.34,Running,0,4,89.5,10.04,135,249.832,,,,,,,,,
2025-07-16 00:00:00,daily,CM-01,Continuous Miner 01,Continuous Miner,Underground,2.634,66.142,160.728,204.597,,975.949,235.848,19.36,Running,0,1,88.42,14.86,140,220.229,,,,,,,,,
2025-07-17 00:00:00,daily,CM-01,Continuous Miner 01,Continuous Miner,Underground,2.999,70.638,156.122,197.298,,986.159,273.842,17.64,Running,0,6,89.1,16.75,139,244.051,,,,,,,,,
2025-07-18 00:00:00,daily,CM-01,Continuous Miner 01,Continuous Miner,Underground,3.14,66.542,157.181,202.688,,1020.228,244.959,17.32,Running,1,0,88.08,16.12,133,251.322,,,,,,,,,
2025-07-19 00:00:00,daily,CM-01,Continuous Miner 01,Continuous Miner,Underground,3.31,66.408,151.09,216.51,,947.523,259.819,19.58,Running,1,6,88.39,16.64,138,245.933,,,,,,,,,
2025-07-20 00:00:00,daily,CM-01,Continuous Miner 01,Continuous Miner,Underground,3.256,67.471,171.576,198.204,,944.156,244.692,17.97,Running,0,0,88.9,17.72,137,246.498,,,,,,,,,
2025-07-21 00:00:00,daily,CM-01,Continuous Miner 01,Continuous Miner,Underground,3.043,68.243,180.229,192.928,,971.998,245.02,18.26,Running,1,12,85.51,22.94,145,258.267,,,,,,,,,
2025-07-22 00:00:00,daily,CM-01,Continuous Miner 01,Continuous Miner,Underground,3.395,61.886,177.181,213.967,,1007.796,237.286,18.18,Running,1,9,87.29,17.66,141,233.208,,,,,,,,,
2025-07-23 00:00:00,daily,CM-01,Continuous Miner 01,Continuous Miner,Underground,3.399,62.586,152.79,209.927,,932.233,247.142,20.68,Running,0,18,87.01,20.9,137,224.435,,,,,,,,,
2025-07-24 00:00:00,daily,CM-01,Continuous Miner 01,Continuous Miner,Underground,3.188,66.758,171.618,199.924,,920.402,249.939,19.23,Running,1,12,86.69,18.82,138,244.926,,,,,,,,,
2025-07-25 00:00:00,daily,CM-01,Continuous Miner 01,Continuous Miner,Underground,3.384,64.73,177.217,191.283,,1007.582,234.52,19.34,Running,0,5,87.23,16.2,137,262.735,,,,,,,,,
2025-07-26 00:00:00,daily,CM-01,Continuous Miner 01,Continuous Miner,Underground,3.213,69.197,162.207,198.834,,957.617,243.761,20.83,Running,0,8,90.02,12.78,135,277.523,,,,,,,,,
2025-07-27 00:00:00,daily,CM-01,Continuous Miner 01,Continuous Miner,Underground,3.005,65.624,166.694,205.056,,964.961,236.983,19.41,Running,1,1,86.2,16.36,132,263.049,,,,,,,,,
2025-07-28 00:00:00,daily,CM-01,Continuous Miner 01,Continuous Miner,Underground,3.321,62.07,149.841,216.053,,913.669,277.732,19.15,Running,0,2,89.09,13.5,135,227.056,,,,,,,,,
2025-07-29 00:00:00,daily,CM-01,Continuous Miner 01,Continuous Miner,Underground,3.175,63.544,168.06,196.246,,954.861,244.294,20.58,Running,0,10,84.8,20.56,133,246.843,,,,,,,,,
2025-07-30 00:00:00,daily,CM-01,Continuous Miner 01,Continuous Miner,Underground,3.149,60.292,157.439,204.828,,978.329,267.196,20.96,Running,0,0,86.92,19.92,130,254.68,,,,,,,,,
2025-07-31 00:00:00,daily,CM-01,Continuous Miner 01,Continuous Miner,Underground,3.518,65.834,167.566,211.678,,1011.124,242.837,19.4,Running,1,8,87.67,20.7,137,253.429,,,,,,,,,
2025-08-01 00:00:00,daily,CM-01,Continuous Miner 01,Continuous Miner,Underground,2.538,65.942,153.501,184.184,,951.535,249.219,19.83,Running,0,2,88.3,13.61,136,259.23,,,,,,,,,
2025-08-02 00:00:00,daily,CM-01,Continuous Miner 01,Continuous Miner,Underground,2.798,65.431,170.356,214.933,,1036.504,227.103,18.18,Running,0,7,88.46,16.94,127,235.941,,,,,,,,,
2025-08-03 00:00:00,daily,CM-01,Continuous Miner 01,Continuous Miner,Underground,2.857,68.746,174.232,195.001,,954.503,239.356,18.03,Running,1,2,88.55,13.95,134,251.667,,,,,,,,,
2025-08-04 00:00:00,daily,CM-01,Continuous Miner 01,Continuous Miner,Underground,3.064,69.018,159.792,208.645,,954.521,248.576,21.16,Running,1,10,86.68,19.6,138,257.366,,,,,,,,,
2025-08-05 00:00:00,daily,CM-01,Continuous Miner 01,Continuous Miner,Underground,3.092,66.014,156.985,207.891,,1032.203,267.846,20.53,Running,1,8,86.45,18.71,138,263.865,,,,,,,,,
2025-08-06 00:00:00,daily,CM-01,Continuous Miner 01,Continuous Miner,Underground,2.78,61.701,148.855,215.446,,985.763,248.763,20.55,Running,0,9,88.52,12.41,138,237.777,,,,,,,,,
2025-08-07 00:00:00,daily,CM-01,Continuous Miner 01,Continuous Miner,Underground,2.912,67.763,163.994,210.658,,959.008,265.041,20.22,Running,1,8,86.8,20.34,133,245.16,,,,,,,,,
2025-08-08 00:00:00,daily,CM-01,Continuous Miner 01,Continuous Miner,Underground,2.944,67.635,161.496,184.318,,972.865,254.652,19.77,Running,1,4,85.02,19.77,130,207.435,,,,,,,,,
2025-08-09 00:00:00,daily,CM-01,Continuous Miner 01,Continuous Miner,Underground,3.775,67.102,153.764,198.665,,1025.618,268.48,21.02,Running,0,7,85.2,19.65,128,240.767,,,,,,,,,
2025-08-10 00:00:00,daily,CM-01,Continuous Miner 01,Continuous Miner,Underground,3.612,68.589,169.819,206.986,,1029.543,244.883,21.48,Running,0,1,85.5,18.16,134,242.334,,,,,,,,,
2025-08-11 00:00:00,daily,CM-01,Continuous Miner 01,Continuous Miner,Underground,3.06,63.876,162.618,204.002,,949.604,279.187,21.43,Running,0,8,87.72,15.88,134,234.425,,,,,,,,,
2025-08-12 00:00:00,daily,CM-01,Continuous Miner 01,Continuous Miner,Underground,3.073,70.866,157.636,210.07,,976.671,238.942,19.49,Running,1,10,87.11,18.9,137,253.402,,,,,,,,,
2025-08-13 00:00:00,daily,CM-01,Continuous Miner 01,Continuous Miner,Underground,2.878,64.345,161.829,212.89,,981.277,235.021,22.34,Running,1,17,87.94,16.5,136,249.872,,,,,,,,,
2025-08-14 00:00:00,daily,CM-01,Continuous Miner 01,Continuous Miner,Underground,2.69,68.112,174.859,211.277,,943.568,228.825,20.12,Running,1,5,86.11,20.11,131,214.634,,,,,,,,,
2025-08-15 00:00:00,daily,CM-01,Continuous Miner 01,Continuous Miner,Underground,3.139,62.76,171.136,203.887,,976.102,278.414,20.89,Running,0,6,87.0,18.92,126,254.244,,,,,,,,,
2025-08-16 00:00:00,daily,CM-01,Continuous Miner 01,Continuous Miner,Underground,2.92,64.435,165.296,189.213,,978.202,257.266,20.22,Running,0,5,87.7,19.86,130,235.957,,,,,,,,,
2025-08-17 00:00:00,daily,CM-01,Continuous Miner 01,Continuous Miner,Underground,3.149,69.826,171.313,201.746,,1017.887,241.13,20.15,Running,1,8,86.16,18.69,132,258.596,,,,,,,,,
2025-08-18 00:00:00,daily,CM-01,Continuous Miner 01,Continuous Miner,Underground,2.771,65.925,157.097,209.608,,1020.204,263.309,18.27,Running,0,7,87.34,14.76,130,230.33,,,,,,,,,
2025-08-19 00:00:00,daily,CM-01,Continuous Miner 01,Continuous Miner,Underground,2.982,68.355,166.668,196.061,,966.385,255.465,21.03,Running,1,9,85.51,22.42,128,251.334,,,,,,,,,
2025-08-20 00:00:00,daily,CM-01,Continuous Miner 01,Continuous Miner,Underground,3.211,67.037,167.612,211.572,,970.383,273.377,24.0,Running,1,13,85.94,19.02,131,246.338,,,,,,,,,
2025-08-21 00:00:00,daily,CM-01,Continuous Miner 01,Continuous Miner,Underground,3.267,66.294,162.699,214.081,,1001.085,224.196,18.96,Running,1,5,85.87,22.01,128,255.733,,,,,,,,,
2025-08-22 00:00:00,daily,CM-01,Continuous Miner 01,Continuous Miner,Underground,3.281,69.534,169.966,207.063,,957.317,242.166,19.82,Running,1,15,84.52,22.44,127,252.894,,,,,,,,,
2025-08-23 00:00:00,daily,CM-01,Continuous Miner 01,Continuous Miner,Underground,2.848,66.022,160.264,178.362,,998.364,239.42,18.82,Running,1,9,87.17,17.7,130,246.831,,,,,,,,,
2025-08-24 00:00:00,daily,CM-01,Continuous Miner 01,Continuous Miner,Underground,3.393,62.634,170.611,194.449,,974.648,218.279,18.74,Running,1,8,85.59,20.87,127,226.348,,,,,,,,,
2025-08-25 00:00:00,daily,CM-01,Continuous Miner 01,Continuous Miner,Underground,2.98,64.793,170.972,222.943,,943.759,260.77,22.65,Running,0,7,86.32,23.05,130,227.308,,,,,,,,,
2025-08-26 00:00:00,daily,CM-01,Continuous Miner 01,Continuous Miner,Underground,3.34,67.782,143.245,201.064,,944.161,242.154,18.39,Running,1,22,87.02,22.32,129,241.617,,,,,,,,,
2025-08-27 00:00:00,daily,CM-01,Continuous Miner 01,Continuous Miner,Underground,3.18,67.449,176.13,188.141,,1028.26,256.31,18.77,Running,0,4,86.92,18.45,124,250.842,,,,,,,,,
2025-08-28 00:00:00,daily,CM-01,Continuous Miner 01,Continuous Miner,Underground,2.84,63.14,142.252,217.132,,972.101,279.007,16.63,Running,1,9,87.23,18.2,126,241.258,,,,,,,,,
2025-08-29 00:00:00,daily,CM-01,Continuous Miner 01,Continuous Miner,Underground,3.107,65.003,161.73,206.15,,1034.95,241.04,18.23,Running,0,5,85.96,21.81,133,261.009,,,,,,,,,
2025-08-30 00:00:00,daily,CM-01,Continuous Miner 01,Continuous Miner,Underground,3.278,65.326,174.887,215.991,,959.522,240.104,16.4,Running,1,16,85.4,18.75,123,246.553,,,,,,,,,
2025-08-31 00:00:00,daily,CM-01,Continuous Miner 01,Continuous Miner,Underground,3.342,65.811,164.171,208.555,,987.654,247.677,20.89,Running,1,13,85.9,20.4,119,235.596,,,,,,,,,
2025-09-01 00:00:00,daily,CM-01,Continuous Miner 01,Continuous Miner,Underground,3.154,63.598,155.006,210.205,,1061.167,259.852,24.0,Running,1,5,83.28,23.35,119,246.602,,,,,,,,,
2025-09-02 00:00:00,daily,CM-01,Continuous Miner 01,Continuous Miner,Underground,3.574,65.252,158.011,209.361,,940.376,238.112,18.98,Running,1,12,83.62,23.56,127,254.681,,,,,,,,,
2025-09-03 00:00:00,daily,CM-01,Continuous Miner 01,Continuous Miner,Underground,3.444,65.041,175.003,212.388,,910.922,237.228,16.48,Running,1,10,83.78,21.05,126,256.281,,,,,,,,,
2025-09-04 00:00:00,daily,CM-01,Continuous Miner 01,Continuous Miner,Underground,3.13,68.35,151.441,226.623,,1022.338,260.878,21.41,Running,0,5,84.25,18.87,126,281.153,,,,,,,,,
2025-09-05 00:00:00,daily,CM-01,Continuous Miner 01,Continuous Miner,Underground,3.383,68.442,175.872,214.882,,948.33,251.394,18.28,Running,1,9,86.44,14.84,131,240.412,,,,,,,,,
2025-09-06 00:00:00,daily,CM-01,Continuous Miner 01,Continuous Miner,Underground,3.68,66.351,166.425,191.936,,976.504,217.482,22.17,Running,0,10,84.31,19.73,115,249.955,,,,,,,,,
2025-09-07 00:00:00,daily,CM-01,Continuous Miner 01,Continuous Miner,Underground,3.688,65.819,157.353,210.196,,956.683,228.969,19.14,Running,0,9,85.11,19.93,127,257.965,,,,,,,,,
2025-09-08 00:00:00,daily,CM-01,Continuous Miner 01,Continuous Miner,Underground,2.892,66.999,162.254,216.465,,986.536,267.157,18.47,Running,1,6,87.74,16.57,131,250.788,,,,,,,,,
2025-09-09 00:00:00,daily,CM-01,Continuous Miner 01,Continuous Miner,Underground,2.969,64.904,158.808,217.033,,943.842,251.783,19.34,Running,1,13,85.05,24.8,120,243.169,,,,,,,,,
2025-09-10 00:00:00,daily,CM-01,Continuous Miner 01,Continuous Miner,Underground,3.573,64.187,173.902,202.386,,970.773,235.501,21.13,Running,0,9,86.75,20.76,123,226.407,,,,,,,,,
2025-09-11 00:00:00,daily,CM-01,Continuous Miner 01,Continuous Miner,Underground,2.939,64.651,172.859,216.727,,992.775,243.802,19.24,Running,0,8,84.03,20.43,121,243.038,,,,,,,,,
2025-09-12 00:00:00,daily,CM-01,Continuous Miner 01,Continuous Miner,Underground,2.874,65.333,153.273,214.608,,941.7,246.389,18.73,Running,0,5,85.15,21.48,120,234.049,,,,,,,,,
2025-09-13 00:00:00,daily,CM-01,Continuous Miner 01,Continuous Miner,Underground,3.085,64.18,163.825,229.428,,952.448,256.52,19.3,Running,1,18,83.92,21.7,122,223.619,,,,,,,,,
2025-09-14 00:00:00,daily,CM-01,Continuous Miner 01,Continuous Miner,Underground,3.313,67.106,160.175,199.542,,964.752,227.22,17.24,Running,0,3,84.85,20.64,129,238.53,,,,,,,,,
2025-09-15 00:00:00,daily,CM-01,Continuous Miner 01,Continuous Miner,Underground,3.183,68.364,177.456,201.743,,926.862,234.479,20.44,Running,1,10,86.69,19.01,131,234.524,,,,,,,,,
2025-09-16 00:00:00,daily,CM-01,Continuous Miner 01,Continuous Miner,Underground,3.048,63.277,156.334,203.571,,962.04,250.09,16.25,Running,1,8,82.54,25.69,122,260.635,,,,,,,,,
2025-09-17 00:00:00,daily,CM-01,Continuous Miner 01,Continuous Miner,Underground,3.043,66.834,179.997,201.931,,980.947,244.887,18.83,Running,1,16,85.95,18.99,130,260.928,,,,,,,,,
2025-09-18 00:00:00,daily,CM-01,Continuous Miner 01,Continuous Miner,Underground,3.035,66.305,166.924,198.35,,962.764,254.307,21.14,Running,1,4,85.59,22.3,123,236.865,,,,,,,,,
2025-09-19 00:00:00,daily,CM-01,Continuous Miner 01,Continuous Miner,Underground,2.995,67.55,157.922,181.514,,967.209,229.104,20.26,Running,1,4,84.21,19.82,129,247.181,,,,,,,,,
2025-09-20 00:00:00,daily,CM-01,Continuous Miner 01,Continuous Miner,Underground,3.786,66.78,161.827,202.483,,975.969,251.334,20.81,Running,1,4,82.8,24.09,122,221.629,,,,,,,,,
2025-09-21 00:00:00,daily,CM-01,Continuous Miner 01,Continuous Miner,Underground,3.292,63.621,160.861,209.737,,953.673,261.633,19.56,Running,0,12,85.18,25.94,122,243.468,,,,,,,,,
2025-09-22 00:00:00,daily,CM-01,Continuous Miner 01,Continuous Miner,Underground,3.441,64.051,157.105,201.991,,1000.77,253.182,21.93,Running,1,1,84.18,22.6,123,257.779,,,,,,,,,
2025-09-23 00:00:00,daily,CM-01,Continuous Miner 01,Continuous Miner,Underground,3.098,66.903,168.088,223.866,,1026.8,248.331,21.46,Running,0,7,85.35,23.38,134,264.611,,,,,,,,,
2025-09-24 00:00:00,daily,CM-01,Continuous Miner 01,Continuous Miner,Underground,3.175,69.112,157.534,206.585,,960.246,245.058,20.54,Running,1,0,84.97,21.23,124,240.02,,,,,,,,,
2025-09-25 00:00:00,daily,CM-01,Continuous Miner 01,Continuous Miner,Underground,3.045,61.988,149.943,218.101,,993.439,234.729,21.46,Running,1,9,87.45,18.74,118,268.276,,,,,,,,,
2025-09-26 00:00:00,daily,CM-01,Continuous Miner 01,Continuous Miner,Underground,2.562,67.63,164.377,208.853,,968.028,245.426,21.12,Running,0,6,84.46,21.65,124,227.212,,,,,,,,,
2025-09-27 00:00:00,daily,CM-01,Continuous Miner 01,Continuous Miner,Underground,2.882,69.497,153.02,213.955,,989.165,264.087,18.84,Running,1,1,83.15,23.24,119,231.518,,,,,,,,,
2025-09-28 00:00:00,daily,CM-01,Continuous Miner 01,Continuous Miner,Underground,2.775,66.553,161.454,209.048,,1031.133,244.801,17.1,Running,1,13,85.03,19.4,118,262.852,,,,,,,,,
2025-09-29 00:00:00,daily,CM-01,Continuous Miner 01,Continuous Miner,Underground,2.667,68.11,160.227,218.872,,994.091,234.028,20.49,Running,1,2,85.05,21.79,123,278.253,,,,,,,,,
2025-09-30 00:00:00,daily,CM-01,Continuous Miner 01,Continuous Miner,Underground,2.932,65.364,160.559,207.074,,914.176,239.61,20.73,Running,0,10,86.83,16.74,120,259.427,,,,,,,,,
2025-10-01 00:00:00,daily,CM-01,Continuous Miner 01,Continuous Miner,Underground,3.563,66.658,183.565,211.054,,992.092,249.331,21.77,Running,1,5,85.94,21.01,120,250.905,,,,,,,,,
2025-10-02 00:00:00,daily,CM-01,Continuous Miner 01,Continuous Miner,Underground,3.223,63.365,168.038,209.904,,1019.31,241.307,17.88,Running,1,18,85.13,22.99,119,216.445,,,,,,,,,
2025-10-03 00:00:00,daily,CM-01,Continuous Miner 01,Continuous Miner,Underground,3.558,61.784,169.578,204.03,,968.36,253.348,17.94,Running,1,11,86.85,19.14,120,219.226,,,,,,,,,
2025-10-04 00:00:00,daily,CM-01,Continuous Miner 01,Continuous Miner,Underground,3.339,69.026,153.433,210.288,,1010.92,253.891,20.56,Running,1,4,82.56,23.84,120,253.673,,,,,,,,,
2025-10-05 00:00:00,daily,CM-01,Continuous Miner 01,Continuous Miner,Underground,3.434,64.796,162.442,226.77,,951.876,259.034,19.54,Running,1,4,83.4,24.15,110,245.892,,,,,,,,,
2025-10-06 00:00:00,daily,CM-01,Continuous Miner 01,Continuous Miner,Underground,3.014,65.971,169.426,204.246,,923.992,266.535,16.06,Running,1,13,82.89,23.34,121,233.945,,,,,,,,,
2025-10-07 00:00:00,daily,CM-01,Continuous Miner 01,Continuous Miner,Underground,3.372,63.934,159.536,210.473,,980.884,260.565,20.4,Running,0,8,83.7,24.69,114,252.705,,,,,,,,,
2025-10-08 00:00:00,daily,CM-01,Continuous Miner 01,Continuous Miner,Underground,3.425,63.892,175.026,218.036,,914.422,233.561,16.12,Running,1,8,82.08,21.43,112,253.516,,,,,,,,,
2025-10-09 00:00:00,daily,CM-01,Continuous Miner 01,Continuous Miner,Underground,3.1,66.623,158.17,216.996,,967.463,234.009,17.87,Running,1,14,85.25,19.98,117,266.802,,,,,,,,,
2025-10-10 00:00:00,daily,CM-01,Continuous Miner 01,Continuous Miner,Underground,3.386,65.411,165.53,206.858,,1020.85,245.615,22.28,Running,1,4,83.83,18.66,117,253.895,,,,,,,,,
2025-10-11 00:00:00,daily,CM-01,Continuous Miner 01,Continuous Miner,Underground,3.389,67.858,163.163,185.321,,908.925,240.377,23.18,Running,0,10,81.79,22.51,114,271.382,,,,,,,,,
2025-10-12 00:00:00,daily,CM-01,Continuous Miner 01,Continuous Miner,Underground,3.111,68.033,169.195,211.44,,930.94,230.774,17.35,Running,1,17,82.47,27.27,120,251.874,,,,,,,,,
2025-10-13 00:00:00,daily,CM-01,Continuous Miner 01,Continuous Miner,Underground,2.97,67.754,162.787,186.833,,939.557,240.545,19.05,Running,1,14,84.55,23.43,111,249.919,,,,,,,,,
2025-10-14 00:00:00,daily,CM-01,Continuous Miner 01,Continuous Miner,Underground,2.956,67.584,165.774,220.056,,973.417,240.103,19.76,Running,1,7,85.34,19.09,114,268.811,,,,,,,,,
2025-10-15 00:00:00,daily,CM-01,Continuous Miner 01,Continuous Miner,Underground,3.275,70.541,166.082,208.371,,962.789,237.359,23.1,Running,0,5,87.15,14.99,113,236.145,,,,,,,,,
2025-10-16 00:00:00,daily,CM-01,Continuous Miner 01,Continuous Miner,Underground,3.337,64.732,162.126,215.861,,1024.514,242.361,18.73,Running,0,0,88.57,10.08,115,296.85,,,,,,,,,
2025-10-17 00:00:00,daily,CM-01,Continuous Miner 01,Continuous Miner,Underground,3.058,66.97,171.912,198.764,,1008.901,263.299,18.76,Running,0,3,84.52,20.59,116,257.841,,,,,,,,,
2025-10-18 00:00:00,daily,CM-01,Continuous Miner 01,Continuous Miner,Underground,3.265,69.594,169.969,192.929,,992.789,249.608,22.65,Running,1,14,82.23,29.72,111,257.949,,,,,,,,,
2025-10-19 00:00:00,daily,CM-01,Continuous Miner 01,Continuous Miner,Underground,3.402,69.895,167.383,209.268,,980.506,281.442,18.96,Running,1,10,80.35,28.38,117,260.275,,,,,,,,,
2025-10-20 00:00:00,daily,CM-01,Continuous Miner 01,Continuous Miner,Underground,3.416,63.996,164.679,206.637,,989.127,249.242,21.07,Running,1,9,84.14,21.08,115,281.927,,,,,,,,,
2025-10-21 00:00:00,daily,CM-01,Continuous Miner 01,Continuous Miner,Underground,3.651,66.448,174.526,202.535,,945.149,242.812,16.84,Running,1,17,82.37,25.62,107,264.591,,,,,,,,,
2025-10-22 00:00:00,daily,CM-01,Continuous Miner 01,Continuous Miner,Underground,3.584,70.134,166.297,207.74,,1005.275,246.949,19.35,Running,0,2,82.96,20.74,106,226.249,,,,,,,,,
2025-10-23 00:00:00,daily,CM-01,Continuous Miner 01,Continuous Miner,Underground,3.016,68.275,165.761,231.904,,936.305,250.5,16.49,Running,0,8,82.59,23.77,114,274.404,,,,,,,,,
2025-10-24 00:00:00,daily,CM-01,Continuous Miner 01,Continuous Miner,Underground,3.689,67.598,169.083,214.527,,1004.419,253.021,17.65,Running,1,11,83.3,23.58,112,246.513,,,,,,,,,
2025-10-25 00:00:00,daily,CM-01,Continuous Miner 01,Continuous Miner,Underground,3.137,66.701,181.849,216.481,,1016.65,276.02,21.29,Running,0,5,85.18,20.57,113,253.7,,,,,,,,,
2025-10-26 00:00:00,daily,CM-01,Continuous Miner 01,Continuous Miner,Underground,3.532,66.346,157.585,214.65,,982.469,235.13,19.58,Running,1,19,83.68,24.43,113,231.536,,,,,,,,,
2025-10-27 00:00:00,daily,CM-01,Continuous Miner 01,Continuous Miner,Underground,3.289,67.836,174.497,220.389,,968.875,259.01,19.07,Running,1,15,83.13,24.31,113,260.443,,,,,,,,,
2025-10-28 00:00:00,daily,CM-01,Continuous Miner 01,Continuous Miner,Underground,3.171,66.658,153.224,205.383,,989.007,249.91,18.24,Running,0,13,81.68,26.99,116,241.62,,,,,,,,,
2025-10-29 00:00:00,daily,CM-01,Continuous Miner 01,Continuous Miner,Underground,2.824,67.131,170.139,188.62,,874.797,225.025,19.26,Running,0,22,80.61,25.77,108,253.664,,,,,,,,,
2025-10-30 00:00:00,daily,CM-01,Continuous Miner 01,Continuous Miner,Underground,3.234,67.409,181.033,205.435,,985.482,257.828,20.26,Running,1,1,82.46,26.35,107,247.535,,,,,,,,,
2025-10-31 00:00:00,daily,CM-01,Continuous Miner 01,Continuous Miner,Underground,2.889,65.755,172.373,214.457,,970.889,264.804,21.57,Running,1,11,83.11,26.91,107,282.9,,,,,,,,,
2025-11-01 00:00:00,daily,CM-01,Continuous Miner 01,Continuous Miner,Underground,3.522,68.429,169.86,198.443,,973.038,235.076,14.64,Running,1,9,85.97,17.7,112,283.835,,,,,,,,,
2025-11-02 00:00:00,daily,CM-01,Continuous Miner 01,Continuous Miner,Underground,3.661,73.681,164.043,205.604,,999.491,246.97,18.08,Running,1,4,83.31,21.6,116,252.882,,,,,,,,,
2025-11-03 00:00:00,daily,CM-01,Continuous Miner 01,Continuous Miner,Underground,3.085,63.372,168.807,200.985,,972.099,222.959,19.99,Running,1,11,84.62,24.2,109,253.18,,,,,,,,,
2025-11-04 00:00:00,daily,CM-01,Continuous Miner 01,Continuous Miner,Underground,3.361,68.005,166.574,220.749,,934.761,229.509,19.49,Running,1,3,82.2,24.53,101,246.201,,,,,,,,,
2025-11-05 00:00:00,daily,CM-01,Continuous Miner 01,Continuous Miner,Underground,3.106,65.632,162.335,213.995,,969.672,261.824,20.45,Running,1,17,81.06,29.33,103,269.891,,,,,,,,,
2025-11-06 00:00:00,daily,CM-01,Continuous Miner 01,Continuous Miner,Underground,3.132,68.586,166.335,213.134,,976.938,240.641,20.19,Running,1,17,81.36,25.21,107,246.952,,,,,,,,,
2025-11-07 00:00:00,daily,CM-01,Continuous Miner 01,Continuous Miner,Underground,3.484,67.43,170.273,212.884,,978.549,231.666,19.09,Running,1,13,81.7,28.53,108,245.493,,,,,,,,,
2025-11-08 00:00:00,daily,CM-01,Continuous Miner 01,Continuous Miner,Underground,3.282,69.015,162.581,206.975,,980.146,250.421,18.67,Running,1,0,86.22,19.56,108,267.911,,,,,,,,,
2025-11-09 00:00:00,daily,CM-01,Continuous Miner 01,Continuous Miner,Underground,3.729,69.936,162.3,209.108,,1010.809,239.914,19.21,Running,0,4,81.45,26.49,109,243.66,,,,,,,,,
2025-11-10 00:00:00,daily,CM-01,Continuous Miner 01,Continuous Miner,Underground,3.175,67.785,157.901,196.683,,936.372,240.655,21.89,Running,1,14,84.06,25.45,108,251.689,,,,,,,,,
2025-11-11 00:00:00,daily,CM-01,Continuous Miner 01,Continuous Miner,Underground,3.547,69.864,171.941,187.692,,980.485,257.617,18.27,Running,1,10,81.22,25.57,113,227.011,,,,,,,,,
2025-11-12 00:00:00,daily,CM-01,Continuous Miner 01,Continuous Miner,Underground,3.323,62.228,173.21,208.741,,1019.434,231.021,19.56,Running,1,0,84.11,20.36,106,263.599,,,,,,,,,
2025-11-13 00:00:00,daily,CM-01,Continuous Miner 01,Continuous Miner,Underground,3.499,70.896,170.733,210.326,,913.527,234.629,20.03,Running,0,16,83.19,22.64,105,283.405,,,,,,,,,
2025-11-14 00:00:00,daily,CM-01,Continuous Miner 01,Continuous Miner,Underground,3.19,68.234,176.634,218.314,,980.478,249.481,22.68,Running,1,11,82.27,25.72,110,263.911,,,,,,,,,
2025-11-15 00:00:00,daily,CM-01,Continuous Miner 01,Continuous Miner,Underground,3.291,69.792,169.648,221.593,,953.654,260.915,19.1,Running,1,4,82.41,21.5,102,275.78,,,,,,,,,
2025-11-16 00:00:00,daily,CM-01,Continuous Miner 01,Continuous Miner,Underground,3.277,64.748,172.114,221.601,,961.118,264.697,21.52,Running,1,18,81.38,27.34,109,238.873,,,,,,,,,
2025-11-17 00:00:00,daily,CM-01,Continuous Miner 01,Continuous Miner,Underground,3.098,65.616,171.442,198.509,,942.376,238.071,22.05,Running,1,5,83.09,22.59,108,256.212,,,,,,,,,
2025-11-18 00:00:00,daily,CM-01,Continuous Miner 01,Continuous Miner,Underground,3.474,67.777,168.311,204.342,,968.061,260.525,19.56,Running,1,6,81.6,28.05,106,237.36,,,,,,,,,
2025-11-19 00:00:00,daily,CM-01,Continuous Miner 01,Continuous Miner,Underground,3.473,67.43,164.83,211.855,,1038.391,236.443,19.28,Running,0,11,80.32,22.76,113,248.826,,,,,,,,,
2025-11-20 00:00:00,daily,CM-01,Continuous Miner 01,Continuous Miner,Underground,3.461,68.102,186.823,230.34,,929.643,273.008,19.05,Running,1,22,80.19,26.16,104,264.846,,,,,,,,,
2025-11-21 00:00:00,daily,CM-01,Continuous Miner 01,Continuous Miner,Underground,3.698,69.877,165.527,220.894,,932.912,231.588,19.19,Running,1,17,82.46,21.18,114,254.14,,,,,,,,,
2025-11-22 00:00:00,daily,CM-01,Continuous Miner 01,Continuous Miner,Underground,3.678,63.62,163.849,217.669,,928.232,266.079,21.32,Running,1,10,84.66,19.82,105,229.929,,,,,,,,,
2025-11-23 00:00:00,daily,CM-01,Continuous Miner 01,Continuous Miner,Underground,3.224,69.658,172.681,204.125,,1034.21,238.309,20.12,Running,1,13,82.34,25.21,101,231.511,,,,,,,,,
2025-11-24 00:00:00,daily,CM-01,Continuous Miner 01,Continuous Miner,Underground,3.412,67.546,171.257,199.687,,957.519,275.705,20.13,Running,0,15,81.85,25.05,106,230.473,,,,,,,,,
2025-11-25 00:00:00,daily,CM-01,Continuous Miner 01,Continuous Miner,Underground,3.165,67.091,158.038,214.756,,972.753,255.818,17.52,Running,1,2,82.45,24.07,101,260.455,,,,,,,,,
2025-11-26 00:00:00,daily,CM-01,Continuous Miner 01,Continuous Miner,Underground,3.328,64.315,178.291,197.771,,959.504,233.335,17.82,Running,0,12,84.03,22.04,102,285.634,,,,,,,,,
2025-11-27 00:00:00,daily,CM-01,Continuous Miner 01,Continuous Miner,Underground,3.174,68.67,168.589,205.552,,940.496,240.268,23.8,Running,1,5,82.25,25.26,106,274.431,,,,,,,,,
2025-11-28 00:00:00,daily,CM-01,Continuous Miner 01,Continuous Miner,Underground,3.731,62.265,160.489,206.686,,965.271,258.536,19.34,Running,0,12,81.19,24.32,107,222.317,,,,,,,,,
2025-11-29 00:00:00,daily,CM-01,Continuous Miner 01,Continuous Miner,Underground,3.419,69.014,178.921,222.076,,1059.49,262.356,18.19,Running,0,8,83.57,24.42,102,275.41,,,,,,,,,
2025-11-30 00:00:00,daily,CM-01,Continuous Miner 01,Continuous Miner,Underground,3.275,64.317,174.45,204.568,,1022.124,246.65,22.43,Running,1,14,82.43,25.92,108,267.676,,,,,,,,,
2025-12-01 00:00:00,daily,CM-01,Continuous Miner 01,Continuous Miner,Underground,3.63,67.73,159.362,185.829,,943.498,248.285,20.22,Running,0,10,84.16,22.95,108,227.989,,,,,,,,,
2025-12-02 00:00:00,daily,CM-01,Continuous Miner 01,Continuous Miner,Underground,2.79,67.362,183.729,212.343,,995.966,258.297,20.79,Running,0,0,81.94,26.39,109,247.883,,,,,,,,,
2025-12-03 00:00:00,daily,CM-01,Continuous Miner 01,Continuous Miner,Underground,2.831,70.21,174.816,201.533,,944.147,249.545,19.41,Running,1,13,79.64,29.09,105,270.283,,,,,,,,,
2025-12-04 00:00:00,daily,CM-01,Continuous Miner 01,Continuous Miner,Underground,3.536,67.256,169.498,208.229,,911.027,229.611,19.07,Running,2,18,79.36,32.96,108,261.583,,,,,,,,,
2025-12-05 00:00:00,daily,CM-01,Continuous Miner 01,Continuous Miner,Underground,3.354,66.134,182.336,207.086,,1008.832,236.359,19.35,Running,1,11,84.15,22.02,95,231.851,,,,,,,,,
2025-12-06 00:00:00,daily,CM-01,Continuous Miner 01,Continuous Miner,Underground,3.403,66.559,170.923,205.424,,1013.701,251.052,17.03,Running,1,8,84.21,21.49,101,262.589,,,,,,,,,
2025-12-07 00:00:00,daily,CM-01,Continuous Miner 01,Continuous Miner,Underground,3.01,70.486,169.458,215.022,,1009.659,264.798,19.51,Running,1,20,81.12,24.93,99,218.638,,,,,,,,,
2025-12-08 00:00:00,daily,CM-01,Continuous Miner 01,Continuous Miner,Underground,3.338,68.878,164.435,194.134,,956.551,270.425,20.25,Running,1,12,80.74,24.89,102,249.294,,,,,,,,,
2025-12-09 00:00:00,daily,CM-01,Continuous Miner 01,Continuous Miner,Underground,3.846,66.862,174.406,203.298,,967.108,258.735,23.23,Running,1,10,83.65,20.41,99,271.087,,,,,,,,,
2025-12-10 00:00:00,daily,CM-01,Continuous Miner 01,Continuous Miner,Underground,3.553,67.203,173.599,214.129,,999.135,251.865,19.85,Running,1,18,79.49,26.94,101,253.195,,,,,,,,,
2025-12-11 00:00:00,daily,CM-01,Continuous Miner 01,Continuous Miner,Underground,3.391,64.288,169.938,202.468,,986.545,258.346,15.2,Running,1,14,79.78,28.17,109,244.938,,,,,,,,,
2025-12-12 00:00:00,daily,CM-01,Continuous Miner 01,Continuous Miner,Underground,3.241,68.602,163.535,193.537,,959.014,238.549,19.5,Running,1,4,82.19,25.6,100,267.172,,,,,,,,,
2025-12-13 00:00:00,daily,CM-01,Continuous Miner 01,Continuous Miner,Underground,3.254,63.889,170.929,214.055,,916.072,245.759,24.0,Running,1,0,80.48,27.43,102,268.56,,,,,,,,,
2025-12-14 00:00:00,daily,CM-01,Continuous Miner 01,Continuous Miner,Underground,2.822,69.427,169.366,218.167,,976.673,236.387,21.34,Running,1,7,81.06,24.99,99,273.945,,,,,,,,,
2025-12-15 00:00:00,daily,CM-01,Continuous Miner 01,Continuous Miner,Underground,3.421,68.068,159.292,207.676,,1010.401,230.463,18.12,Running,1,17,80.75,28.75,100,266.995,,,,,,,,,
2025-12-16 00:00:00,daily,CM-01,Continuous Miner 01,Continuous Miner,Underground,3.569,73.049,158.22,190.455,,930.669,252.636,20.81,Running,1,9,81.51,27.37,100,270.329,,,,,,,,,
2025-12-17 00:00:00,daily,CM-01,Continuous Miner 01,Continuous Miner,Underground,2.966,65.39,174.551,214.478,,994.889,250.584,18.26,Running,1,14,83.17,23.25,101,264.775,,,,,,,,,
2025-12-18 00:00:00,daily,CM-01,Continuous Miner 01,Continuous Miner,Underground,3.196,67.597,149.249,193.207,,984.084,257.635,17.08,Running,1,11,81.01,25.28,104,257.318,,,,,,,,,
2025-12-19 00:00:00,daily,CM-01,Continuous Miner 01,Continuous Miner,Underground,3.074,71.792,171.743,210.947,,998.683,255.674,19.01,Running,1,19,81.85,26.51,106,254.523,,,,,,,,,
2025-12-20 00:00:00,daily,CM-01,Continuous Miner 01,Continuous Miner,Underground,3.124,70.47,166.31,200.203,,1002.895,251.447,19.86,Running,1,10,77.49,31.89,100,249.316,,,,,,,,,
2025-12-21 00:00:00,daily,CM-01,Continuous Miner 01,Continuous Miner,Underground,3.38,66.33,180.636,197.773,,948.017,255.863,16.09,Running,1,13,80.64,24.21,101,233.735,,,,,,,,,
2025-12-22 00:00:00,daily,CM-01,Continuous Miner 01,Continuous Miner,Underground,2.848,68.367,166.258,204.256,,915.677,247.494,17.47,Running,1,15,79.32,28.82,94,237.87,,,,,,,,,
2025-12-23 00:00:00,daily,CM-01,Continuous Miner 01,Continuous Miner,Underground,3.524,67.891,175.517,206.606,,953.545,253.893,19.7,Running,2,24,78.67,30.39,98,248.664,,,,,,,,,
2025-12-24 00:00:00,daily,CM-01,Continuous Miner 01,Continuous Miner,Underground,3.561,68.52,167.101,202.48,,1003.285,237.968,18.9,Running,0,0,79.17,27.37,102,257.061,,,,,,,,,
2025-12-25 00:00:00,daily,CM-01,Continuous Miner 01,Continuous Miner,Underground,3.312,66.375,171.222,213.598,,953.143,253.331,20.44,Running,1,8,79.99,28.4,101,276.272,,,,,,,,,
2025-12-26 00:00:00,daily,CM-01,Continuous Miner 01,Continuous Miner,Underground,2.756,67.729,176.242,204.307,,947.768,257.534,17.35,Running,1,14,81.94,22.38,98,252.572,,,,,,,,,
2025-12-27 00:00:00,daily,CM-01,Continuous Miner 01,Continuous Miner,Underground,3.129,64.422,166.683,217.166,,908.26,238.822,21.05,Running,1,26,78.3,33.05,101,269.318,,,,,,,,,
2025-12-28 00:00:00,daily,CM-01,Continuous Miner 01,Continuous Miner,Underground,3.688,68.248,178.391,210.897,,1033.296,248.944,17.41,Running,2,14,80.42,29.91,99,270.553,,,,,,,,,
2025-12-29 00:00:00,daily,CM-01,Continuous Miner 01,Continuous Miner,Underground,2.687,68.954,162.505,202.111,,1000.801,239.509,22.83,Running,1,9,79.55,28.13,101,249.603,,,,,,,,,
2025-12-30 00:00:00,daily,CM-01,Continuous Miner 01,Continuous Miner,Underground,3.297,67.476,172.847,200.617,,998.794,240.89,16.39,Running,1,17,79.75,29.08,97,262.843,,,,,,,,,
2025-12-31 00:00:00,daily,CM-01,Continuous Miner 01,Continuous Miner,Underground,3.091,64.436,177.908,193.606,,1005.664,232.533,17.58,Running,1,13,81.83,20.62,95,249.453,,,,,,,,,
2026-01-01 00:00:00,daily,CM-01,Continuous Miner 01,Continuous Miner,Underground,3.589,70.177,175.843,211.072,,991.925,266.025,20.48,Running,1,8,81.03,24.24,97,274.525,,,,,,,,,
2026-01-02 00:00:00,daily,CM-01,Continuous Miner 01,Continuous Miner,Underground,3.22,68.817,185.93,205.287,,963.135,263.245,22.88,Running,0,12,82.26,24.24,84,263.567,,,,,,,,,
2026-01-03 00:00:00,daily,CM-01,Continuous Miner 01,Continuous Miner,Underground,3.492,66.431,164.527,187.151,,965.901,255.871,20.28,Running,1,18,79.83,26.1,97,234.367,,,,,,,,,
2026-01-04 00:00:00,daily,CM-01,Continuous Miner 01,Continuous Miner,Underground,3.534,67.424,159.638,203.701,,956.615,275.979,20.76,Running,1,27,78.91,30.95,80,256.021,,,,,,,,,
2026-01-05 00:00:00,daily,CM-01,Continuous Miner 01,Continuous Miner,Underground,3.854,64.753,162.753,200.436,,1063.741,245.74,19.71,Running,1,19,79.62,32.53,88,279.829,,,,,,,,,
2026-01-06 00:00:00,daily,CM-01,Continuous Miner 01,Continuous Miner,Underground,3.346,65.812,176.027,222.749,,990.928,290.856,17.71,Running,1,10,80.31,25.21,96,250.581,,,,,,,,,
2026-01-07 00:00:00,daily,CM-01,Continuous Miner 01,Continuous Miner,Underground,3.493,66.898,174.763,193.266,,955.184,245.248,18.74,Running,1,10,80.16,26.1,96,260.667,,,,,,,,,
2026-01-08 00:00:00,daily,CM-01,Continuous Miner 01,Continuous Miner,Underground,3.029,70.796,171.635,195.641,,987.656,252.027,17.35,Running,1,17,78.09,31.14,89,262.259,,,,,,,,,
2026-01-09 00:00:00,daily,CM-01,Continuous Miner 01,Continuous Miner,Underground,3.7,66.7,161.869,218.626,,935.929,242.908,17.22,Running,1,12,79.92,31.33,91,236.961,,,,,,,,,
2026-01-10 00:00:00,daily,CM-01,Continuous Miner 01,Continuous Miner,Underground,3.214,69.529,177.025,220.87,,1023.912,253.711,20.45,Running,1,11,80.09,25.43,99,261.741,,,,,,,,,
2026-01-11 00:00:00,daily,CM-01,Continuous Miner 01,Continuous Miner,Underground,3.266,66.949,161.129,201.977,,948.063,260.219,17.52,Running,0,3,83.7,23.31,91,231.29,,,,,,,,,
2026-01-12 00:00:00,daily,CM-01,Continuous Miner 01,Continuous Miner,Underground,3.403,68.692,180.235,203.016,,988.684,246.947,20.29,Running,0,20,82.63,27.96,102,243.604,,,,,,,,,
2026-01-13 00:00:00,daily,CM-01,Continuous Miner 01,Continuous Miner,Underground,3.019,67.849,193.859,214.273,,1008.4,273.438,17.18,Running,1,3,78.21,27.2,93,270.848,,,,,,,,,
2026-01-14 00:00:00,daily,CM-01,Continuous Miner 01,Continuous Miner,Underground,3.469,70.094,173.968,187.806,,984.503,251.934,20.25,Running,1,8,79.07,26.75,94,259.367,,,,,,,,,
2026-01-15 00:00:00,daily,CM-01,Continuous Miner 01,Continuous Miner,Underground,3.656,67.01,175.739,192.022,,974.288,252.394,18.74,Running,1,13,77.13,31.17,99,248.809,,,,,,,,,
2026-01-16 00:00:00,daily,CM-01,Continuous Miner 01,Continuous Miner,Underground,3.489,64.74,167.168,206.269,,971.304,235.903,22.38,Running,1,26,78.48,29.09,92,260.847,,,,,,,,,
2026-01-17 00:00:00,daily,CM-01,Continuous Miner 01,Continuous Miner,Underground,3.02,65.173,156.666,222.768,,968.896,254.51,20.3,Running,1,9,79.88,29.79,88,252.764,,,,,,,,,
2026-01-18 00:00:00,daily,CM-01,Continuous Miner 01,Continuous Miner,Underground,3.389,67.056,166.363,204.921,,950.632,246.797,22.05,Running,1,6,81.25,26.73,91,253.95,,,,,,,,,
2026-01-19 00:00:00,daily,CM-01,Continuous Miner 01,Continuous Miner,Underground,3.607,65.492,162.479,209.774,,955.029,240.18,18.23,Running,1,7,78.11,27.1,91,264.28,,,,,,,,,
2026-01-20 00:00:00,daily,CM-01,Continuous Miner 01,Continuous Miner,Underground,2.954,69.156,159.683,219.093,,1022.491,237.847,19.79,Running,1,26,78.18,31.58,85,242.156,,,,,,,,,
2026-01-21 00:00:00,daily,CM-01,Continuous Miner 01,Continuous Miner,Underground,3.157,67.242,185.076,227.874,,966.851,286.145,17.8,Running,1,0,75.74,32.81,90,254.462,,,,,,,,,
2026-01-22 00:00:00,daily,CM-01,Continuous Miner 01,Continuous Miner,Underground,3.646,73.504,173.517,203.743,,943.092,245.073,18.89,Running,1,5,78.86,32.14,87,248.843,,,,,,,,,
2026-01-23 00:00:00,daily,CM-01,Continuous Miner 01,Continuous Miner,Underground,3.497,64.471,174.409,208.807,,952.469,228.387,19.18,Running,0,33,77.37,30.42,94,228.492,,,,,,,,,
2026-01-24 00:00:00,daily,CM-01,Continuous Miner 01,Continuous Miner,Underground,3.534,68.755,168.937,225.38,,1008.996,239.032,18.29,Running,1,16,78.18,29.28,90,239.157,,,,,,,,,
2026-01-25 00:00:00,daily,CM-01,Continuous Miner 01,Continuous Miner,Underground,3.898,65.839,170.064,195.305,,994.074,248.107,17.35,Running,1,4,77.57,32.49,88,278.998,,,,,,,,,
2026-01-26 00:00:00,daily,CM-01,Continuous Miner 01,Continuous Miner,Underground,3.552,67.249,179.201,218.276,,989.983,256.505,16.97,Running,0,12,78.77,31.25,89,260.085,,,,,,,,,
2026-01-27 00:00:00,daily,CM-01,Continuous Miner 01,Continuous Miner,Underground,3.601,68.659,171.263,199.887,,961.303,256.641,15.19,Running,1,14,76.06,34.41,90,232.775,,,,,,,,,
2026-01-28 00:00:00,daily,CM-01,Continuous Miner 01,Continuous Miner,Underground,4.117,63.246,175.805,209.997,,990.327,258.369,17.65,Running,1,18,76.47,29.57,91,229.33,,,,,,,,,
2026-01-29 00:00:00,daily,CM-01,Continuous Miner 01,Continuous Miner,Underground,3.387,68.896,170.03,206.915,,947.679,239.891,20.88,Running,1,22,82.18,26.03,85,252.204,,,,,,,,,
2026-01-30 00:00:00,daily,CM-01,Continuous Miner 01,Continuous Miner,Underground,3.243,72.575,168.898,200.5,,961.061,253.707,16.61,Running,1,15,76.66,30.61,84,279.0,,,,,,,,,
2026-01-31 00:00:00,daily,CM-01,Continuous Miner 01,Continuous Miner,Underground,3.552,67.405,160.418,200.298,,1004.034,236.699,17.05,Running,1,9,76.91,32.79,93,251.056,,,,,,,,,
2026-02-01 00:00:00,daily,CM-01,Continuous Miner 01,Continuous Miner,Underground,3.557,68.988,155.889,211.657,,1000.634,240.311,23.12,Running,1,14,81.56,22.97,86,274.98,,,,,,,,,
2026-02-02 00:00:00,daily,CM-01,Continuous Miner 01,Continuous Miner,Underground,3.317,70.685,169.657,218.153,,935.611,236.161,18.46,Running,1,5,83.22,24.39,82,259.722,,,,,,,,,
2026-02-03 00:00:00,daily,CM-01,Continuous Miner 01,Continuous Miner,Underground,3.193,68.083,172.24,208.049,,939.978,232.394,20.3,Running,1,4,76.64,31.09,89,261.654,,,,,,,,,
2026-02-04 00:00:00,daily,CM-01,Continuous Miner 01,Continuous Miner,Underground,4.03,67.179,161.537,209.871,,973.669,263.953,20.91,Running,1,0,77.88,28.41,89,232.765,,,,,,,,,
2026-02-05 00:00:00,daily,CM-01,Continuous Miner 01,Continuous Miner,Underground,3.536,63.464,171.588,214.405,,1030.222,258.717,20.95,Running,1,0,78.96,30.88,81,269.16,,,,,,,,,
2026-02-06 00:00:00,daily,CM-01,Continuous Miner 01,Continuous Miner,Underground,3.274,69.895,172.332,200.543,,902.706,262.773,16.76,Running,1,5,81.13,26.9,87,248.824,,,,,,,,,
2026-02-07 00:00:00,daily,CM-01,Continuous Miner 01,Continuous Miner,Underground,3.688,68.25,154.693,215.969,,979.436,249.673,19.24,Running,1,3,76.73,31.34,89,268.016,,,,,,,,,
2026-02-08 00:00:00,daily,CM-01,Continuous Miner 01,Continuous Miner,Underground,3.433,66.285,164.658,216.71,,921.475,260.021,16.57,Running,1,16,77.87,33.88,88,241.203,,,,,,,,,
2026-02-09 00:00:00,daily,CM-01,Continuous Miner 01,Continuous Miner,Underground,3.399,68.805,175.276,232.792,,947.378,224.51,24.0,Running,0,3,79.46,27.88,88,257.086,,,,,,,,,
2026-02-10 00:00:00,daily,CM-01,Continuous Miner 01,Continuous Miner,Underground,3.605,67.256,175.153,205.999,,956.767,261.274,16.62,Running,1,0,78.86,29.67,80,259.909,,,,,,,,,
2026-02-11 00:00:00,daily,CM-01,Continuous Miner 01,Continuous Miner,Underground,3.144,67.392,162.866,205.285,,954.747,251.694,17.67,Running,1,4,77.51,32.03,87,251.835,,,,,,,,,
2026-02-12 00:00:00,daily,CM-01,Continuous Miner 01,Continuous Miner,Underground,3.557,69.902,173.401,216.352,,950.725,258.016,17.68,Running,2,8,77.84,29.78,84,260.796,,,,,,,,,
2026-02-13 00:00:00,daily,CM-01,Continuous Miner 01,Continuous Miner,Underground,3.949,65.638,180.352,216.827,,969.602,254.58,16.81,Running,1,9,75.81,34.81,83,250.085,,,,,,,,,
2026-02-14 00:00:00,daily,CM-01,Continuous Miner 01,Continuous Miner,Underground,3.589,70.9,178.428,204.664,,950.559,235.464,22.28,Running,1,24,77.58,30.33,88,243.985,,,,,,,,,
2026-02-15 00:00:00,daily,CM-01,Continuous Miner 01,Continuous Miner,Underground,3.381,65.535,171.488,205.875,,918.049,228.333,24.0,Running,1,8,77.48,30.71,90,280.082,,,,,,,,,
2026-02-16 00:00:00,daily,CM-01,Continuous Miner 01,Continuous Miner,Underground,3.35,67.166,168.545,214.398,,996.473,239.36,18.77,Running,1,21,78.23,33.21,91,271.201,,,,,,,,,
2026-02-17 00:00:00,daily,CM-01,Continuous Miner 01,Continuous Miner,Underground,3.376,72.869,167.293,202.104,,995.47,257.261,17.14,Running,1,12,76.92,30.24,89,242.267,,,,,,,,,
2026-02-18 00:00:00,daily,CM-01,Continuous Miner 01,Continuous Miner,Underground,3.417,71.132,176.109,205.882,,998.572,259.037,15.39,Running,0,10,78.51,25.26,83,263.56,,,,,,,,,
2026-02-19 00:00:00,daily,CM-01,Continuous Miner 01,Continuous Miner,Underground,3.388,68.881,173.967,210.407,,915.077,230.248,19.21,Running,2,6,79.32,32.17,85,242.606,,,,,,,,,
2026-02-20 00:00:00,daily,CM-01,Continuous Miner 01,Continuous Miner,Underground,3.714,66.611,177.48,218.588,,979.407,235.687,19.07,Running,0,14,77.9,36.04,86,235.557,,,,,,,,,
2026-02-21 00:00:00,daily,CM-01,Continuous Miner 01,Continuous Miner,Underground,3.053,67.53,173.539,204.208,,992.546,239.32,18.43,Running,1,6,78.16,29.76,83,271.077,,,,,,,,,
2026-02-22 00:00:00,daily,CM-01,Continuous Miner 01,Continuous Miner,Underground,3.704,68.87,179.074,193.092,,932.736,244.466,20.11,Running,1,12,77.63,27.44,83,227.294,,,,,,,,,
2026-02-23 00:00:00,daily,CM-01,Continuous Miner 01,Continuous Miner,Underground,3.396,68.805,173.32,192.449,,969.091,230.423,20.44,Running,1,11,77.5,30.88,86,269.413,,,,,,,,,
2026-02-24 00:00:00,daily,CM-01,Continuous Miner 01,Continuous Miner,Underground,3.587,68.537,178.88,198.388,,964.642,229.607,20.3,Running,2,5,76.29,32.62,82,250.564,,,,,,,,,
2026-02-25 00:00:00,daily,CM-01,Continuous Miner 01,Continuous Miner,Underground,3.213,68.683,179.608,197.929,,1033.128,238.033,19.07,Running,1,20,77.9,30.56,79,251.247,,,,,,,,,
2026-02-26 00:00:00,daily,CM-01,Continuous Miner 01,Continuous Miner,Underground,3.829,68.294,166.245,208.38,,1035.952,250.77,17.56,Running,1,15,77.19,29.71,80,261.211,,,,,,,,,
2026-02-27 00:00:00,daily,CM-01,Continuous Miner 01,Continuous Miner,Underground,3.81,65.607,158.256,199.096,,910.283,233.057,20.96,Running,1,8,80.64,28.26,84,263.979,,,,,,,,,
2026-02-28 00:00:00,daily,CM-01,Continuous Miner 01,Continuous Miner,Underground,3.741,67.657,185.108,203.496,,1055.764,247.988,19.7,Running,1,13,79.76,29.39,81,241.482,,,,,,,,,
2026-03-01 00:00:00,daily,CM-01,Continuous Miner 01,Continuous Miner,Underground,3.124,70.82,174.853,202.879,,936.385,264.453,21.39,Running,1,11,77.81,28.08,82,266.211,,,,,,,,,
2026-03-02 00:00:00,daily,CM-01,Continuous Miner 01,Continuous Miner,Underground,3.712,65.812,159.124,205.906,,1002.682,231.432,21.2,Running,0,6,75.92,35.12,83,256.565,,,,,,,,,
2026-03-03 00:00:00,daily,CM-01,Continuous Miner 01,Continuous Miner,Underground,3.608,68.42,167.169,221.798,,1002.267,246.79,16.95,Running,1,16,75.31,38.68,79,234.679,,,,,,,,,
2026-03-04 00:00:00,daily,CM-01,Continuous Miner 01,Continuous Miner,Underground,3.108,67.048,179.095,215.877,,933.391,264.05,16.93,Running,1,7,78.94,29.83,83,252.082,,,,,,,,,
2026-03-05 00:00:00,daily,CM-01,Continuous Miner 01,Continuous Miner,Underground,3.505,69.11,170.722,210.09,,985.446,243.872,18.23,Running,1,5,77.4,30.96,81,276.924,,,,,,,,,
2026-03-06 00:00:00,daily,CM-01,Continuous Miner 01,Continuous Miner,Underground,3.604,68.025,168.903,205.82,,964.358,241.72,17.65,Running,1,0,77.7,30.94,74,281.674,,,,,,,,,
2026-03-07 00:00:00,daily,CM-01,Continuous Miner 01,Continuous Miner,Underground,3.654,72.144,184.247,206.095,,987.464,266.064,21.13,Running,1,12,74.09,37.51,85,266.35,,,,,,,,,
2026-03-08 00:00:00,daily,CM-01,Continuous Miner 01,Continuous Miner,Underground,3.562,70.023,164.701,212.969,,976.077,245.512,20.35,Running,1,15,78.31,26.9,77,235.851,,,,,,,,,
2026-03-09 00:00:00,daily,CM-01,Continuous Miner 01,Continuous Miner,Underground,3.592,66.037,166.734,215.302,,1009.815,265.286,21.79,Running,2,7,77.5,31.82,72,262.771,,,,,,,,,
2026-03-10 00:00:00,daily,CM-01,Continuous Miner 01,Continuous Miner,Underground,3.89,70.414,174.851,201.9,,970.523,255.852,20.44,Running,1,35,74.95,34.29,74,268.559,,,,,,,,,
2026-03-11 00:00:00,daily,CM-01,Continuous Miner 01,Continuous Miner,Underground,3.83,67.248,176.324,210.422,,961.948,245.071,20.08,Running,1,23,75.92,37.41,74,266.581,,,,,,,,,
2026-03-12 00:00:00,daily,CM-01,Continuous Miner 01,Continuous Miner,Underground,2.809,67.697,177.211,191.835,,1006.126,256.61,21.98,Running,1,23,77.04,31.79,78,267.553,,,,,,,,,
2026-03-13 00:00:00,daily,CM-01,Continuous Miner 01,Continuous Miner,Underground,3.448,69.672,180.571,212.05,,988.018,254.405,20.58,Running,1,22,76.65,36.02,77,260.831,,,,,,,,,
2026-03-14 00:00:00,daily,CM-01,Continuous Miner 01,Continuous Miner,Underground,3.489,67.914,174.91,217.029,,993.258,264.235,19.81,Running,1,27,76.05,31.32,76,253.885,,,,,,,,,
2026-03-15 00:00:00,daily,CM-01,Continuous Miner 01,Continuous Miner,Underground,3.094,70.975,177.277,207.674,,944.324,242.29,22.52,Running,1,7,76.3,34.36,80,245.334,,,,,,,,,
2026-03-16 00:00:00,daily,CM-01,Continuous Miner 01,Continuous Miner,Underground,3.558,67.321,171.329,226.568,,930.94,250.567,19.9,Running,1,0,76.01,34.22,78,224.725,,,,,,,,,
2026-03-17 00:00:00,daily,CM-01,Continuous Miner 01,Continuous Miner,Underground,3.848,67.678,173.944,202.314,,947.593,249.153,19.1,Running,1,9,76.61,31.01,78,260.551,,,,,,,,,
2026-03-18 00:00:00,daily,CM-01,Continuous Miner 01,Continuous Miner,Underground,3.267,67.61,174.344,212.227,,945.675,259.897,18.07,Running,2,16,78.66,30.23,78,258.118,,,,,,,,,
2026-03-19 00:00:00,daily,CM-01,Continuous Miner 01,Continuous Miner,Underground,3.625,67.824,175.245,209.973,,994.86,235.71,21.03,Running,1,18,72.15,41.41,79,264.087,,,,,,,,,
2026-03-20 00:00:00,daily,CM-01,Continuous Miner 01,Continuous Miner,Underground,3.314,71.502,179.745,209.418,,1001.442,264.325,22.06,Running,0,16,75.83,33.2,67,233.79,,,,,,,,,
2026-03-21 00:00:00,daily,CM-01,Continuous Miner 01,Continuous Miner,Underground,3.377,70.481,178.047,209.317,,961.792,256.64,19.58,Running,1,22,76.44,29.61,74,265.536,,,,,,,,,
2026-03-22 00:00:00,daily,CM-01,Continuous Miner 01,Continuous Miner,Underground,3.916,72.875,174.0,211.335,,1017.243,231.699,22.19,Running,1,16,76.57,32.76,67,288.113,,,,,,,,,
2026-03-23 00:00:00,daily,CM-01,Continuous Miner 01,Continuous Miner,Underground,3.413,74.116,167.215,218.028,,1014.997,267.076,15.9,Running,1,20,75.45,32.56,75,256.52,,,,,,,,,
2026-03-24 00:00:00,daily,CM-01,Continuous Miner 01,Continuous Miner,Underground,3.667,66.875,174.27,222.822,,975.558,281.462,19.57,Running,1,6,73.19,36.85,75,254.303,,,,,,,,,
2026-03-25 00:00:00,daily,CM-01,Continuous Miner 01,Continuous Miner,Underground,3.085,69.312,173.545,210.428,,938.212,264.234,19.6,Running,1,4,76.47,32.78,79,260.259,,,,,,,,,
2026-03-26 00:00:00,daily,CM-01,Continuous Miner 01,Continuous Miner,Underground,4.021,66.584,175.356,217.811,,1022.056,270.211,18.28,Running,1,21,78.66,26.47,79,287.857,,,,,,,,,
2026-03-27 00:00:00,daily,CM-01,Continuous Miner 01,Continuous Miner,Underground,3.708,67.476,191.504,204.183,,964.721,251.453,24.0,Running,1,14,73.39,34.03,75,238.986,,,,,,,,,
2026-03-28 00:00:00,daily,CM-01,Continuous Miner 01,Continuous Miner,Underground,3.514,67.815,169.703,217.418,,971.211,227.021,19.55,Running,1,8,77.17,32.93,72,258.641,,,,,,,,,
2026-03-29 00:00:00,daily,CM-01,Continuous Miner 01,Continuous Miner,Underground,3.705,66.891,177.313,203.692,,954.848,224.489,18.9,Running,1,8,75.21,33.66,75,242.62,,,,,,,,,
2026-03-30 00:00:00,daily,CM-01,Continuous Miner 01,Continuous Miner,Underground,3.211,66.917,182.523,220.392,,935.53,253.902,19.73,Running,2,7,75.59,29.05,71,246.688,,,,,,,,,
2026-03-31 00:00:00,daily,CM-01,Continuous Miner 01,Continuous Miner,Underground,3.862,68.929,174.801,230.497,,915.209,242.068,15.83,Running,1,8,73.95,38.04,73,254.671,,,,,,,,,
2026-04-01 00:00:00,daily,CM-01,Continuous Miner 01,Continuous Miner,Underground,3.487,66.584,192.761,209.528,,988.7,237.576,18.22,Running,1,3,75.04,35.48,77,277.047,,,,,,,,,
2026-04-02 00:00:00,daily,CM-01,Continuous Miner 01,Continuous Miner,Underground,3.519,71.129,171.076,190.92,,939.069,249.526,21.57,Running,0,1,77.61,29.92,70,284.331,,,,,,,,,
2026-04-03 00:00:00,daily,CM-01,Continuous Miner 01,Continuous Miner,Underground,3.449,67.272,176.734,205.746,,1073.51,259.048,18.47,Running,1,11,76.41,30.4,75,262.71,,,,,,,,,
2026-04-04 00:00:00,daily,CM-01,Continuous Miner 01,Continuous Miner,Underground,3.429,75.487,167.792,221.791,,928.352,230.116,18.09,Running,1,8,78.19,32.2,75,249.54,,,,,,,,,
2026-04-05 00:00:00,daily,CM-01,Continuous Miner 01,Continuous Miner,Underground,3.75,68.328,171.412,215.708,,922.295,244.195,22.19,Running,1,22,77.25,32.54,68,295.474,,,,,,,,,
2026-04-06 00:00:00,daily,CM-01,Continuous Miner 01,Continuous Miner,Underground,3.643,69.494,176.258,212.997,,984.096,271.642,22.25,Running,2,18,76.02,38.34,75,248.775,,,,,,,,,
2026-04-07 00:00:00,daily,CM-01,Continuous Miner 01,Continuous Miner,Underground,3.744,66.501,181.078,219.86,,1019.705,235.474,20.67,Running,1,15,78.06,31.56,74,246.503,,,,,,,,,
2026-04-08 00:00:00,daily,CM-01,Continuous Miner 01,Continuous Miner,Underground,3.581,73.119,176.903,215.168,,968.378,262.73,18.81,Running,1,7,75.91,34.49,71,227.267,,,,,,,,,
2026-04-09 00:00:00,daily,CM-01,Continuous Miner 01,Continuous Miner,Underground,3.714,71.844,184.465,221.794,,986.083,243.792,19.22,Running,0,12,76.48,32.59,68,278.029,,,,,,,,,
2026-04-10 00:00:00,daily,CM-01,Continuous Miner 01,Continuous Miner,Underground,3.483,70.049,173.674,219.135,,901.468,258.244,18.14,Running,2,18,74.63,37.15,67,271.209,,,,,,,,,
2026-04-11 00:00:00,daily,CM-01,Continuous Miner 01,Continuous Miner,Underground,4.147,66.448,171.818,224.582,,942.217,265.99,17.77,Running,1,21,75.16,36.02,68,294.428,,,,,,,,,
2026-04-12 00:00:00,daily,CM-01,Continuous Miner 01,Continuous Miner,Underground,3.2,69.89,196.149,214.142,,928.291,261.031,17.67,Running,2,15,73.89,39.06,72,233.536,,,,,,,,,
2026-04-13 00:00:00,daily,CM-01,Continuous Miner 01,Continuous Miner,Underground,3.909,66.974,177.713,219.086,,899.479,263.406,18.49,Running,1,21,76.53,31.81,66,279.124,,,,,,,,,
2026-04-14 00:00:00,daily,CM-01,Continuous Miner 01,Continuous Miner,Underground,3.938,72.674,168.846,208.201,,969.837,234.581,17.69,Running,1,15,73.01,36.91,71,256.941,,,,,,,,,
2026-04-15 00:00:00,daily,CM-01,Continuous Miner 01,Continuous Miner,Underground,3.385,71.252,169.09,205.578,,887.181,266.319,16.68,Running,1,19,76.1,32.51,64,268.742,,,,,,,,,
2026-04-16 00:00:00,daily,CM-01,Continuous Miner 01,Continuous Miner,Underground,4.158,69.697,167.145,226.378,,919.341,238.815,20.1,Running,1,10,74.49,37.3,68,229.506,,,,,,,,,
2026-04-17 00:00:00,daily,CM-01,Continuous Miner 01,Continuous Miner,Underground,3.852,64.142,182.221,212.989,,946.753,254.412,20.13,Running,1,0,76.61,35.74,69,279.385,,,,,,,,,
2026-04-18 00:00:00,daily,CM-01,Continuous Miner 01,Continuous Miner,Underground,3.848,67.354,171.856,218.314,,936.397,254.419,22.95,Running,1,15,75.89,32.84,78,268.506,,,,,,,,,
2026-04-19 00:00:00,daily,CM-01,Continuous Miner 01,Continuous Miner,Underground,3.614,71.046,175.832,212.21,,979.303,257.62,18.4,Running,1,18,77.55,30.59,63,255.325,,,,,,,,,
2026-04-20 00:00:00,daily,CM-01,Continuous Miner 01,Continuous Miner,Underground,3.555,72.216,174.347,205.844,,976.061,255.571,20.25,Running,0,19,75.75,34.58,74,266.295,,,,,,,,,
2026-04-21 00:00:00,daily,CM-01,Continuous Miner 01,Continuous Miner,Underground,3.559,72.003,180.75,211.248,,996.586,239.065,20.28,Running,2,20,72.01,38.69,68,243.751,,,,,,,,,
2026-04-22 00:00:00,daily,CM-01,Continuous Miner 01,Continuous Miner,Underground,3.711,66.076,168.167,224.099,,991.573,232.006,19.19,Running,1,12,74.37,37.79,69,246.753,,,,,,,,,
2026-04-23 00:00:00,daily,CM-01,Continuous Miner 01,Continuous Miner,Underground,3.966,70.257,166.378,216.199,,1005.105,263.142,21.11,Running,1,7,72.55,33.93,68,248.635,,,,,,,,,
2026-04-24 00:00:00,daily,CM-01,Continuous Miner 01,Continuous Miner,Underground,3.663,71.843,176.82,195.825,,965.046,253.556,21.17,Running,1,19,73.54,35.39,69,226.433,,,,,,,,,
2026-04-25 00:00:00,daily,CM-01,Continuous Miner 01,Continuous Miner,Underground,3.392,65.976,179.876,209.317,,975.671,267.071,20.31,Running,1,16,76.73,31.01,66,269.89,,,,,,,,,
2026-04-26 00:00:00,daily,CM-01,Continuous Miner 01,Continuous Miner,Underground,3.829,69.623,177.771,227.322,,982.889,250.379,19.19,Running,1,8,75.28,29.96,72,275.193,,,,,,,,,
2026-04-27 00:00:00,daily,CM-01,Continuous Miner 01,Continuous Miner,Underground,3.855,70.258,168.678,209.384,,969.881,231.359,18.99,Running,0,24,73.09,35.74,64,244.932,,,,,,,,,
2026-04-28 00:00:00,daily,CM-01,Continuous Miner 01,Continuous Miner,Underground,3.79,69.009,180.617,195.13,,950.958,264.582,17.05,Running,1,7,72.53,36.62,70,261.751,,,,,,,,,
2026-04-29 00:00:00,daily,CM-01,Continuous Miner 01,Continuous Miner,Underground,3.815,65.612,169.289,228.398,,953.16,245.897,18.13,Running,1,9,74.16,35.78,63,251.957,,,,,,,,,
2026-04-30 00:00:00,daily,CM-01,Continuous Miner 01,Continuous Miner,Underground,3.564,68.985,171.11,217.529,,936.117,255.895,18.49,Running,1,33,72.1,41.28,65,261.484,,,,,,,,,
2026-05-01 00:00:00,daily,CM-01,Continuous Miner 01,Continuous Miner,Underground,3.401,68.997,167.774,210.784,,979.425,242.068,17.52,Running,1,23,72.92,37.42,61,246.217,,,,,,,,,
2026-05-02 00:00:00,daily,CM-01,Continuous Miner 01,Continuous Miner,Underground,3.419,69.407,185.778,208.098,,961.314,274.179,20.52,Running,1,10,74.44,33.72,67,242.149,,,,,,,,,
2026-05-03 00:00:00,daily,CM-01,Continuous Miner 01,Continuous Miner,Underground,3.229,68.509,180.479,221.209,,941.329,238.912,21.98,Running,0,16,75.74,33.85,70,273.143,,,,,,,,,
2026-05-04 00:00:00,daily,CM-01,Continuous Miner 01,Continuous Miner,Underground,3.699,68.789,180.295,206.617,,941.297,246.486,17.94,Running,1,16,74.81,37.36,64,255.314,,,,,,,,,
2026-05-05 00:00:00,daily,CM-01,Continuous Miner 01,Continuous Miner,Underground,3.622,69.692,185.476,221.856,,922.048,252.74,20.22,Running,1,0,70.12,39.88,63,288.716,,,,,,,,,
2026-05-06 00:00:00,daily,CM-01,Continuous Miner 01,Continuous Miner,Underground,3.535,70.768,198.043,216.428,,998.607,235.97,17.69,Running,1,6,74.22,34.27,59,257.13,,,,,,,,,
2026-05-07 00:00:00,daily,CM-01,Continuous Miner 01,Continuous Miner,Underground,2.908,69.141,161.911,213.777,,967.035,255.914,19.09,Running,1,15,73.79,37.81,63,241.598,,,,,,,,,
2026-05-08 00:00:00,daily,CM-01,Continuous Miner 01,Continuous Miner,Underground,3.337,68.925,169.721,212.912,,934.021,273.879,18.35,Running,1,11,74.29,35.55,57,276.072,,,,,,,,,
2026-05-09 00:00:00,daily,CM-01,Continuous Miner 01,Continuous Miner,Underground,3.932,70.045,170.742,210.054,,992.454,244.472,20.84,Running,2,16,76.16,34.67,59,266.56,,,,,,,,,
2026-05-10 00:00:00,daily,CM-01,Continuous Miner 01,Continuous Miner,Underground,3.487,65.631,168.908,221.067,,944.474,256.896,18.38,Running,1,28,70.22,41.67,64,268.124,,,,,,,,,
2026-05-11 00:00:00,daily,CM-01,Continuous Miner 01,Continuous Miner,Underground,3.746,70.922,167.138,203.895,,914.798,212.898,21.62,Running,1,13,72.52,39.88,68,275.57,,,,,,,,,
2026-05-12 00:00:00,daily,CM-01,Continuous Miner 01,Continuous Miner,Underground,3.31,69.887,173.405,197.113,,999.704,250.871,19.21,Running,1,5,74.36,33.83,74,246.102,,,,,,,,,
2026-05-13 00:00:00,daily,CM-01,Continuous Miner 01,Continuous Miner,Underground,4.02,69.992,166.113,217.267,,945.098,247.059,18.43,Running,1,20,70.83,40.82,60,254.537,,,,,,,,,
2026-05-14 00:00:00,daily,CM-01,Continuous Miner 01,Continuous Miner,Underground,3.627,72.034,178.57,217.446,,949.52,240.009,17.27,Running,0,11,75.67,33.65,68,253.856,,,,,,,,,
2026-05-15 00:00:00,daily,CM-01,Continuous Miner 01,Continuous Miner,Underground,3.737,65.64,176.346,216.114,,965.208,266.634,20.17,Running,1,12,73.84,34.19,63,235.974,,,,,,,,,
2026-05-16 00:00:00,daily,CM-01,Continuous Miner 01,Continuous Miner,Underground,4.249,65.609,179.825,215.488,,1003.692,246.952,21.4,Running,1,11,74.55,32.5,61,252.435,,,,,,,,,
2026-05-17 00:00:00,daily,CM-01,Continuous Miner 01,Continuous Miner,Underground,4.049,70.57,180.082,208.961,,964.338,249.061,20.2,Running,1,39,72.23,40.25,63,278.061,,,,,,,,,
2026-05-18 00:00:00,daily,CM-01,Continuous Miner 01,Continuous Miner,Underground,3.595,69.967,180.888,218.961,,921.602,246.291,23.98,Running,1,0,74.39,35.15,61,260.503,,,,,,,,,
2026-05-19 00:00:00,daily,CM-01,Continuous Miner 01,Continuous Miner,Underground,3.526,70.373,173.121,211.491,,982.542,224.762,22.43,Running,1,10,74.75,33.31,61,235.195,,,,,,,,,
2026-05-20 00:00:00,daily,CM-01,Continuous Miner 01,Continuous Miner,Underground,3.595,68.998,193.121,207.544,,946.466,235.776,19.09,Running,0,15,73.36,37.11,59,231.865,,,,,,,,,
2026-05-21 00:00:00,daily,CM-01,Continuous Miner 01,Continuous Miner,Underground,3.806,71.492,178.072,209.148,,1029.453,265.105,19.07,Running,1,8,73.3,39.63,54,283.422,,,,,,,,,
2026-05-22 00:00:00,daily,CM-01,Continuous Miner 01,Continuous Miner,Underground,3.654,72.098,161.34,230.168,,963.271,222.137,20.58,Running,1,21,73.31,32.81,54,255.367,,,,,,,,,
2026-05-23 00:00:00,daily,CM-01,Continuous Miner 01,Continuous Miner,Underground,3.584,71.127,168.265,196.395,,885.018,240.974,18.07,Running,2,22,71.44,36.99,62,246.48,,,,,,,,,
2026-05-24 00:00:00,daily,CM-01,Continuous Miner 01,Continuous Miner,Underground,4.052,69.504,162.404,216.535,,975.687,246.132,21.92,Running,1,14,72.53,36.61,58,252.482,,,,,,,,,
2026-05-25 00:00:00,daily,CM-01,Continuous Miner 01,Continuous Miner,Underground,3.659,65.457,176.511,196.953,,1031.174,276.165,20.37,Running,0,14,72.47,41.46,57,233.256,,,,,,,,,
2026-05-26 00:00:00,daily,CM-01,Continuous Miner 01,Continuous Miner,Underground,4.265,71.802,175.443,211.118,,1018.205,262.541,20.17,Running,0,14,73.27,37.98,59,279.689,,,,,,,,,
2026-05-27 00:00:00,daily,CM-01,Continuous Miner 01,Continuous Miner,Underground,3.715,72.814,172.714,208.217,,1027.065,244.007,21.0,Running,1,14,74.21,37.64,62,250.657,,,,,,,,,
2026-05-28 00:00:00,daily,CM-01,Continuous Miner 01,Continuous Miner,Underground,4.141,71.56,192.593,193.382,,927.224,270.097,22.99,Running,1,15,70.86,38.52,59,278.852,,,,,,,,,
2026-05-29 00:00:00,daily,CM-01,Continuous Miner 01,Continuous Miner,Underground,3.786,68.223,180.942,215.676,,994.775,241.493,20.01,Running,1,13,72.3,36.54,55,257.826,,,,,,,,,
2025-05-30 00:00:00,daily,TC-01,Trunk Conveyor 01,Trunk Conveyor,Underground,2.284,51.065,87.769,,,442.12,151.475,20.69,Running,0,8,92.4,10.26,308,161.823,,,,,,,,,
2025-05-31 00:00:00,daily,TC-01,Trunk Conveyor 01,Trunk Conveyor,Underground,2.344,56.54,99.514,,,436.934,144.611,20.26,Running,0,4,93.18,9.08,308,148.54,,,,,,,,,
2025-06-01 00:00:00,daily,TC-01,Trunk Conveyor 01,Trunk Conveyor,Underground,2.398,52.607,100.927,,,440.138,145.005,20.72,Running,1,9,89.98,14.05,313,142.362,,,,,,,,,
2025-06-02 00:00:00,daily,TC-01,Trunk Conveyor 01,Trunk Conveyor,Underground,2.496,55.849,85.116,,,446.53,148.935,20.07,Running,0,3,90.24,15.26,314,160.19,,,,,,,,,
2025-06-03 00:00:00,daily,TC-01,Trunk Conveyor 01,Trunk Conveyor,Underground,2.688,52.885,89.257,,,448.357,149.601,21.3,Running,1,14,89.09,18.57,306,173.574,,,,,,,,,
2025-06-04 00:00:00,daily,TC-01,Trunk Conveyor 01,Trunk Conveyor,Underground,2.547,52.879,91.552,,,435.039,146.056,16.56,Running,0,5,93.25,10.63,312,152.312,,,,,,,,,
2025-06-05 00:00:00,daily,TC-01,Trunk Conveyor 01,Trunk Conveyor,Underground,2.593,56.19,95.525,,,413.574,152.923,19.43,Running,1,6,92.23,12.48,307,163.579,,,,,,,,,
2025-06-06 00:00:00,daily,TC-01,Trunk Conveyor 01,Trunk Conveyor,Underground,2.69,55.796,81.456,,,439.89,133.676,17.02,Running,0,4,92.61,9.94,308,161.406,,,,,,,,,
2025-06-07 00:00:00,daily,TC-01,Trunk Conveyor 01,Trunk Conveyor,Underground,2.515,54.385,82.4,,,456.461,143.437,20.21,Running,0,4,89.49,13.3,313,143.349,,,,,,,,,
2025-06-08 00:00:00,daily,TC-01,Trunk Conveyor 01,Trunk Conveyor,Underground,2.394,55.381,94.958,,,452.434,147.493,22.83,Running,0,4,94.6,8.87,310,150.306,,,,,,,,,
2025-06-09 00:00:00,daily,TC-01,Trunk Conveyor 01,Trunk Conveyor,Underground,2.603,53.493,80.33,,,471.57,142.31,18.77,Running,1,4,90.74,13.3,310,135.907,,,,,,,,,
2025-06-10 00:00:00,daily,TC-01,Trunk Conveyor 01,Trunk Conveyor,Underground,2.616,53.999,89.347,,,485.174,164.68,19.92,Running,0,5,91.96,8.41,314,147.762,,,,,,,,,
2025-06-11 00:00:00,daily,TC-01,Trunk Conveyor 01,Trunk Conveyor,Underground,2.532,52.825,93.004,,,463.64,150.189,21.13,Running,0,3,93.03,9.11,303,143.131,,,,,,,,,
2025-06-12 00:00:00,daily,TC-01,Trunk Conveyor 01,Trunk Conveyor,Underground,2.111,55.645,94.529,,,474.854,151.612,15.71,Running,1,0,90.05,13.76,301,145.589,,,,,,,,,
2025-06-13 00:00:00,daily,TC-01,Trunk Conveyor 01,Trunk Conveyor,Underground,2.234,52.772,91.188,,,463.767,145.674,18.68,Running,0,0,90.73,11.96,302,141.775,,,,,,,,,
2025-06-14 00:00:00,daily,TC-01,Trunk Conveyor 01,Trunk Conveyor,Underground,2.348,56.695,89.848,,,480.739,149.884,20.38,Running,1,0,91.86,14.36,303,146.868,,,,,,,,,
2025-06-15 00:00:00,daily,TC-01,Trunk Conveyor 01,Trunk Conveyor,Underground,2.559,53.455,97.114,,,483.273,139.091,14.12,Running,0,4,96.12,6.4,294,155.883,,,,,,,,,
2025-06-16 00:00:00,daily,TC-01,Trunk Conveyor 01,Trunk Conveyor,Underground,2.399,54.063,93.762,,,467.075,148.502,17.8,Running,0,2,92.0,13.95,302,148.716,,,,,,,,,
2025-06-17 00:00:00,daily,TC-01,Trunk Conveyor 01,Trunk Conveyor,Underground,2.631,55.394,88.173,,,462.665,141.6,21.79,Running,0,4,94.06,8.85,300,129.525,,,,,,,,,
2025-06-18 00:00:00,daily,TC-01,Trunk Conveyor 01,Trunk Conveyor,Underground,2.667,54.073,92.285,,,446.252,147.539,21.61,Running,0,4,93.38,9.42,305,141.829,,,,,,,,,
2025-06-19 00:00:00,daily,TC-01,Trunk Conveyor 01,Trunk Conveyor,Underground,2.644,53.496,94.362,,,449.198,126.999,20.4,Running,0,4,92.02,9.31,303,133.325,,,,,,,,,
2025-06-20 00:00:00,daily,TC-01,Trunk Conveyor 01,Trunk Conveyor,Underground,2.646,53.981,102.377,,,443.857,139.889,21.37,Running,1,7,89.81,14.28,299,152.726,,,,,,,,,
2025-06-21 00:00:00,daily,TC-01,Trunk Conveyor 01,Trunk Conveyor,Underground,2.197,55.646,96.79,,,461.116,163.22,20.09,Running,0,4,93.06,9.74,303,155.581,,,,,,,,,
2025-06-22 00:00:00,daily,TC-01,Trunk Conveyor 01,Trunk Conveyor,Underground,2.502,52.846,99.364,,,436.963,157.521,20.75,Running,1,0,88.94,12.75,303,152.869,,,,,,,,,
2025-06-23 00:00:00,daily,TC-01,Trunk Conveyor 01,Trunk Conveyor,Underground,2.284,53.815,88.418,,,446.485,161.921,19.07,Running,0,2,93.87,7.5,296,141.389,,,,,,,,,
2025-06-24 00:00:00,daily,TC-01,Trunk Conveyor 01,Trunk Conveyor,Underground,2.076,54.063,88.941,,,407.528,162.542,19.9,Running,0,6,91.6,11.12,297,152.768,,,,,,,,,
2025-06-25 00:00:00,daily,TC-01,Trunk Conveyor 01,Trunk Conveyor,Underground,2.348,55.603,90.679,,,480.932,156.113,18.47,Running,0,15,87.01,19.01,289,144.885,,,,,,,,,
2025-06-26 00:00:00,daily,TC-01,Trunk Conveyor 01,Trunk Conveyor,Underground,2.671,53.87,91.235,,,445.943,145.983,22.11,Running,0,11,90.67,13.98,293,137.538,,,,,,,,,
2025-06-27 00:00:00,daily,TC-01,Trunk Conveyor 01,Trunk Conveyor,Underground,2.499,57.307,86.053,,,458.107,140.727,22.6,Running,0,1,92.24,9.71,294,158.223,,,,,,,,,
2025-06-28 00:00:00,daily,TC-01,Trunk Conveyor 01,Trunk Conveyor,Underground,2.811,53.773,99.702,,,476.142,160.386,22.33,Running,0,4,90.78,13.85,297,159.063,,,,,,,,,
2025-06-29 00:00:00,daily,TC-01,Trunk Conveyor 01,Trunk Conveyor,Underground,2.443,53.63,97.412,,,455.303,150.649,18.9,Running,0,0,92.27,10.45,292,160.506,,,,,,,,,
2025-06-30 00:00:00,daily,TC-01,Trunk Conveyor 01,Trunk Conveyor,Underground,2.897,53.752,90.283,,,475.891,172.518,17.85,Running,0,7,89.74,8.63,294,143.38,,,,,,,,,
2025-07-01 00:00:00,daily,TC-01,Trunk Conveyor 01,Trunk Conveyor,Underground,2.443,51.693,95.973,,,427.537,146.789,22.13,Running,0,9,88.98,14.46,290,163.048,,,,,,,,,
2025-07-02 00:00:00,daily,TC-01,Trunk Conveyor 01,Trunk Conveyor,Underground,2.413,52.199,93.465,,,493.036,167.834,20.72,Running,1,7,90.93,14.86,295,144.649,,,,,,,,,
2025-07-03 00:00:00,daily,TC-01,Trunk Conveyor 01,Trunk Conveyor,Underground,2.153,53.113,96.452,,,469.446,148.67,20.31,Running,0,4,91.06,9.15,296,157.27,,,,,,,,,
2025-07-04 00:00:00,daily,TC-01,Trunk Conveyor 01,Trunk Conveyor,Underground,2.631,56.116,84.073,,,453.638,162.109,18.46,Running,0,10,90.42,13.63,295,144.465,,,,,,,,,
2025-07-05 00:00:00,daily,TC-01,Trunk Conveyor 01,Trunk Conveyor,Underground,2.309,54.014,91.27,,,475.519,165.358,20.5,Running,0,9,92.91,13.09,293,147.624,,,,,,,,,
2025-07-06 00:00:00,daily,TC-01,Trunk Conveyor 01,Trunk Conveyor,Underground,2.28,53.205,91.802,,,428.827,140.885,17.6,Running,0,9,89.56,13.1,286,123.459,,,,,,,,,
2025-07-07 00:00:00,daily,TC-01,Trunk Conveyor 01,Trunk Conveyor,Underground,2.666,56.288,95.897,,,444.662,145.73,20.9,Running,0,6,91.39,12.06,289,146.774,,,,,,,,,
2025-07-08 00:00:00,daily,TC-01,Trunk Conveyor 01,Trunk Conveyor,Underground,2.642,56.875,88.391,,,475.849,140.802,22.33,Running,0,3,90.97,10.04,290,151.101,,,,,,,,,
2025-07-09 00:00:00,daily,TC-01,Trunk Conveyor 01,Trunk Conveyor,Underground,2.637,56.346,77.168,,,416.24,139.033,22.81,Running,1,12,88.34,19.58,289,145.592,,,,,,,,,
2025-07-10 00:00:00,daily,TC-01,Trunk Conveyor 01,Trunk Conveyor,Underground,2.339,52.553,85.683,,,459.93,156.109,21.04,Running,1,9,88.69,15.67,291,169.424,,,,,,,,,
2025-07-11 00:00:00,daily,TC-01,Trunk Conveyor 01,Trunk Conveyor,Underground,2.401,53.2,91.813,,,459.415,148.34,17.03,Running,0,5,90.79,12.99,296,137.322,,,,,,,,,
2025-07-12 00:00:00,daily,TC-01,Trunk Conveyor 01,Trunk Conveyor,Underground,2.4,57.36,92.568,,,485.276,150.584,20.06,Running,0,4,93.91,11.24,293,143.914,,,,,,,,,
2025-07-13 00:00:00,daily,TC-01,Trunk Conveyor 01,Trunk Conveyor,Underground,2.569,54.532,102.294,,,421.332,155.123,23.79,Running,0,9,91.63,13.04,285,140.163,,,,,,,,,
2025-07-14 00:00:00,daily,TC-01,Trunk Conveyor 01,Trunk Conveyor,Underground,2.724,53.62,95.694,,,478.793,133.404,18.01,Running,0,12,87.91,15.17,291,143.919,,,,,,,,,
2025-07-15 00:00:00,daily,TC-01,Trunk Conveyor 01,Trunk Conveyor,Underground,2.487,55.397,92.692,,,439.743,161.705,19.57,Running,1,4,85.67,18.77,290,161.47,,,,,,,,,
2025-07-16 00:00:00,daily,TC-01,Trunk Conveyor 01,Trunk Conveyor,Underground,2.809,55.921,92.015,,,441.762,146.986,22.39,Running,1,4,91.79,12.49,284,166.386,,,,,,,,,
2025-07-17 00:00:00,daily,TC-01,Trunk Conveyor 01,Trunk Conveyor,Underground,2.594,53.082,98.841,,,427.806,154.924,20.86,Running,0,6,90.43,12.15,290,142.423,,,,,,,,,
2025-07-18 00:00:00,daily,TC-01,Trunk Conveyor 01,Trunk Conveyor,Underground,2.368,54.509,88.681,,,430.215,155.722,24.0,Running,0,3,92.38,6.44,286,142.183,,,,,,,,,
2025-07-19 00:00:00,daily,TC-01,Trunk Conveyor 01,Trunk Conveyor,Underground,2.581,55.785,91.387,,,457.054,162.477,18.27,Running,1,4,89.11,15.14,280,137.411,,,,,,,,,
2025-07-20 00:00:00,daily,TC-01,Trunk Conveyor 01,Trunk Conveyor,Underground,2.757,52.032,85.699,,,429.763,149.2,17.78,Running,0,8,91.05,9.57,287,164.513,,,,,,,,,
2025-07-21 00:00:00,daily,TC-01,Trunk Conveyor 01,Trunk Conveyor,Underground,2.815,54.146,100.755,,,463.104,131.035,22.03,Running,1,7,91.81,14.69,285,162.479,,,,,,,,,
2025-07-22 00:00:00,daily,TC-01,Trunk Conveyor 01,Trunk Conveyor,Underground,2.654,52.121,94.603,,,437.839,150.666,17.38,Running,0,8,89.71,14.75,283,148.986,,,,,,,,,
2025-07-23 00:00:00,daily,TC-01,Trunk Conveyor 01,Trunk Conveyor,Underground,2.422,52.36,88.009,,,427.932,151.962,19.3,Running,1,11,89.72,12.59,283,134.799,,,,,,,,,
2025-07-24 00:00:00,daily,TC-01,Trunk Conveyor 01,Trunk Conveyor,Underground,2.374,53.121,91.574,,,440.26,140.851,19.55,Running,1,3,90.41,12.03,280,135.786,,,,,,,,,
2025-07-25 00:00:00,daily,TC-01,Trunk Conveyor 01,Trunk Conveyor,Underground,2.533,54.996,95.326,,,455.815,151.491,21.67,Running,0,3,91.2,8.53,285,152.041,,,,,,,,,
2025-07-26 00:00:00,daily,TC-01,Trunk Conveyor 01,Trunk Conveyor,Underground,2.753,53.561,90.77,,,444.756,146.919,20.86,Running,0,1,90.28,11.41,282,156.211,,,,,,,,,
2025-07-27 00:00:00,daily,TC-01,Trunk Conveyor 01,Trunk Conveyor,Underground,2.505,52.977,89.074,,,450.358,138.087,20.56,Running,0,5,91.83,13.47,282,127.444,,,,,,,,,
2025-07-28 00:00:00,daily,TC-01,Trunk Conveyor 01,Trunk Conveyor,Underground,2.51,54.241,88.362,,,462.268,156.219,18.91,Running,1,1,89.5,19.16,282,146.642,,,,,,,,,
2025-07-29 00:00:00,daily,TC-01,Trunk Conveyor 01,Trunk Conveyor,Underground,2.43,52.087,94.329,,,469.213,145.107,22.01,Running,1,11,88.09,18.13,276,167.982,,,,,,,,,
2025-07-30 00:00:00,daily,TC-01,Trunk Conveyor 01,Trunk Conveyor,Underground,2.354,54.927,90.154,,,444.141,146.527,24.0,Running,0,5,93.34,9.13,276,147.792,,,,,,,,,
2025-07-31 00:00:00,daily,TC-01,Trunk Conveyor 01,Trunk Conveyor,Underground,2.388,56.195,89.586,,,430.921,146.026,21.01,Running,0,5,89.18,14.28,270,166.575,,,,,,,,,
2025-08-01 00:00:00,daily,TC-01,Trunk Conveyor 01,Trunk Conveyor,Underground,2.448,54.02,84.299,,,451.08,161.312,19.87,Running,0,5,89.21,13.19,281,157.333,,,,,,,,,
2025-08-02 00:00:00,daily,TC-01,Trunk Conveyor 01,Trunk Conveyor,Underground,2.765,53.801,92.789,,,458.176,149.829,17.19,Running,1,11,89.98,18.15,273,138.27,,,,,,,,,
2025-08-03 00:00:00,daily,TC-01,Trunk Conveyor 01,Trunk Conveyor,Underground,2.374,54.842,91.243,,,423.404,150.914,18.46,Running,0,2,90.16,13.39,278,146.982,,,,,,,,,
2025-08-04 00:00:00,daily,TC-01,Trunk Conveyor 01,Trunk Conveyor,Underground,2.433,50.522,90.407,,,433.66,146.24,19.27,Running,1,9,89.41,19.06,279,148.79,,,,,,,,,
2025-08-05 00:00:00,daily,TC-01,Trunk Conveyor 01,Trunk Conveyor,Underground,2.249,55.143,93.537,,,436.739,154.376,18.65,Running,0,10,89.96,16.84,279,139.733,,,,,,,,,
2025-08-06 00:00:00,daily,TC-01,Trunk Conveyor 01,Trunk Conveyor,Underground,2.566,59.764,96.839,,,445.937,162.359,19.65,Running,0,0,89.9,10.66,271,139.546,,,,,,,,,
2025-08-07 00:00:00,daily,TC-01,Trunk Conveyor 01,Trunk Conveyor,Underground,2.697,53.963,96.568,,,435.972,156.05,23.09,Running,0,7,90.21,12.37,275,166.794,,,,,,,,,
2025-08-08 00:00:00,daily,TC-01,Trunk Conveyor 01,Trunk Conveyor,Underground,2.749,53.974,95.682,,,462.391,156.406,22.07,Running,1,0,86.13,18.09,282,139.473,,,,,,,,,
2025-08-09 00:00:00,daily,TC-01,Trunk Conveyor 01,Trunk Conveyor,Underground,2.465,55.53,90.929,,,420.765,155.684,19.38,Running,0,4,92.88,9.81,281,162.091,,,,,,,,,
2025-08-10 00:00:00,daily,TC-01,Trunk Conveyor 01,Trunk Conveyor,Underground,2.54,57.157,88.979,,,421.216,137.811,17.36,Running,0,2,89.6,14.44,278,145.431,,,,,,,,,
2025-08-11 00:00:00,daily,TC-01,Trunk Conveyor 01,Trunk Conveyor,Underground,2.395,55.954,86.125,,,443.634,142.352,22.25,Running,1,14,90.73,18.97,275,149.955,,,,,,,,,
2025-08-12 00:00:00,daily,TC-01,Trunk Conveyor 01,Trunk Conveyor,Underground,2.531,50.323,88.837,,,446.475,148.397,19.59,Running,1,2,87.57,15.25,269,156.422,,,,,,,,,
2025-08-13 00:00:00,daily,TC-01,Trunk Conveyor 01,Trunk Conveyor,Underground,2.489,55.221,92.521,,,423.447,143.714,16.37,Running,1,0,88.99,15.88,275,143.662,,,,,,,,,
2025-08-14 00:00:00,daily,TC-01,Trunk Conveyor 01,Trunk Conveyor,Underground,2.438,58.84,87.693,,,438.702,140.67,21.05,Running,0,7,88.63,17.15,271,156.498,,,,,,,,,
2025-08-15 00:00:00,daily,TC-01,Trunk Conveyor 01,Trunk Conveyor,Underground,2.455,55.335,92.995,,,442.398,133.406,21.65,Running,0,3,92.03,11.16,274,127.745,,,,,,,,,
2025-08-16 00:00:00,daily,TC-01,Trunk Conveyor 01,Trunk Conveyor,Underground,2.518,52.14,86.633,,,442.53,138.142,15.02,Running,1,0,88.71,16.03,268,155.097,,,,,,,,,
2025-08-17 00:00:00,daily,TC-01,Trunk Conveyor 01,Trunk Conveyor,Underground,2.369,54.73,82.468,,,452.336,147.956,18.1,Running,0,6,90.83,10.75,270,123.111,,,,,,,,,
2025-08-18 00:00:00,daily,TC-01,Trunk Conveyor 01,Trunk Conveyor,Underground,2.38,51.921,97.358,,,437.687,149.645,19.47,Running,0,0,88.54,16.26,270,147.774,,,,,,,,,
2025-08-19 00:00:00,daily,TC-01,Trunk Conveyor 01,Trunk Conveyor,Underground,2.771,56.45,89.602,,,476.189,143.137,21.09,Running,1,2,88.82,16.67,270,159.671,,,,,,,,,
2025-08-20 00:00:00,daily,TC-01,Trunk Conveyor 01,Trunk Conveyor,Underground,2.972,52.514,87.435,,,458.369,150.99,18.69,Running,1,4,89.12,15.88,271,157.124,,,,,,,,,
2025-08-21 00:00:00,daily,TC-01,Trunk Conveyor 01,Trunk Conveyor,Underground,2.189,54.372,85.901,,,435.046,146.38,18.08,Running,0,8,91.54,12.99,266,136.002,,,,,,,,,
2025-08-22 00:00:00,daily,TC-01,Trunk Conveyor 01,Trunk Conveyor,Underground,2.179,52.699,95.011,,,451.268,160.104,21.08,Running,1,16,86.43,21.82,262,137.423,,,,,,,,,
2025-08-23 00:00:00,daily,TC-01,Trunk Conveyor 01,Trunk Conveyor,Underground,2.24,53.263,100.73,,,451.792,148.839,18.78,Running,1,13,87.32,19.63,274,142.718,,,,,,,,,
2025-08-24 00:00:00,daily,TC-01,Trunk Conveyor 01,Trunk Conveyor,Underground,2.411,56.926,90.07,,,471.417,156.565,20.72,Running,1,7,86.27,19.36,277,152.347,,,,,,,,,
2025-08-25 00:00:00,daily,TC-01,Trunk Conveyor 01,Trunk Conveyor,Underground,2.612,54.441,91.203,,,438.738,152.132,17.55,Running,0,0,87.62,14.99,268,127.952,,,,,,,,,
2025-08-26 00:00:00,daily,TC-01,Trunk Conveyor 01,Trunk Conveyor,Underground,2.551,53.252,98.934,,,463.35,137.69,17.08,Running,1,8,88.03,15.56,260,150.163,,,,,,,,,
2025-08-27 00:00:00,daily,TC-01,Trunk Conveyor 01,Trunk Conveyor,Underground,2.468,52.202,81.65,,,450.284,149.497,21.13,Running,1,14,86.71,18.17,262,153.739,,,,,,,,,
2025-08-28 00:00:00,daily,TC-01,Trunk Conveyor 01,Trunk Conveyor,Underground,2.54,50.898,104.322,,,476.371,139.197,20.16,Running,1,12,88.09,17.18,267,147.205,,,,,,,,,
2025-08-29 00:00:00,daily,TC-01,Trunk Conveyor 01,Trunk Conveyor,Underground,2.296,52.019,107.193,,,472.751,149.35,21.45,Running,1,10,86.0,18.64,269,156.102,,,,,,,,,
2025-08-30 00:00:00,daily,TC-01,Trunk Conveyor 01,Trunk Conveyor,Underground,2.386,54.477,76.299,,,453.054,143.622,18.66,Running,0,2,87.57,15.53,259,152.789,,,,,,,,,
2025-08-31 00:00:00,daily,TC-01,Trunk Conveyor 01,Trunk Conveyor,Underground,2.432,56.044,91.96,,,444.779,153.771,18.15,Running,0,3,91.08,10.11,262,144.375,,,,,,,,,
2025-09-01 00:00:00,daily,TC-01,Trunk Conveyor 01,Trunk Conveyor,Underground,2.119,53.275,88.239,,,458.612,138.257,22.29,Running,0,10,89.78,11.01,263,129.04,,,,,,,,,
2025-09-02 00:00:00,daily,TC-01,Trunk Conveyor 01,Trunk Conveyor,Underground,2.204,57.115,90.973,,,446.237,150.475,16.76,Running,0,1,89.4,14.37,265,151.811,,,,,,,,,
2025-09-03 00:00:00,daily,TC-01,Trunk Conveyor 01,Trunk Conveyor,Underground,2.213,53.001,90.059,,,479.723,155.5,22.08,Running,1,2,87.46,14.61,260,139.864,,,,,,,,,
2025-09-04 00:00:00,daily,TC-01,Trunk Conveyor 01,Trunk Conveyor,Underground,2.591,53.868,97.448,,,450.883,158.522,22.22,Running,1,11,86.58,16.79,255,143.992,,,,,,,,,
2025-09-05 00:00:00,daily,TC-01,Trunk Conveyor 01,Trunk Conveyor,Underground,2.487,52.358,91.911,,,442.161,143.481,21.33,Running,1,5,87.18,17.16,263,155.629,,,,,,,,,
2025-09-06 00:00:00,daily,TC-01,Trunk Conveyor 01,Trunk Conveyor,Underground,2.561,56.089,87.129,,,441.182,150.523,18.36,Running,0,1,88.9,12.87,264,165.954,,,,,,,,,
2025-09-07 00:00:00,daily,TC-01,Trunk Conveyor 01,Trunk Conveyor,Underground,2.071,58.085,91.57,,,427.612,152.026,18.11,Running,0,11,90.33,14.3,259,149.95,,,,,,,,,
2025-09-08 00:00:00,daily,TC-01,Trunk Conveyor 01,Trunk Conveyor,Underground,2.143,51.143,95.7,,,459.457,164.298,19.28,Running,1,8,90.35,14.99,260,156.469,,,,,,,,,
2025-09-09 00:00:00,daily,TC-01,Trunk Conveyor 01,Trunk Conveyor,Underground,2.573,53.695,85.518,,,434.671,137.047,17.19,Running,1,4,89.88,13.07,256,134.49,,,,,,,,,
2025-09-10 00:00:00,daily,TC-01,Trunk Conveyor 01,Trunk Conveyor,Underground,1.885,56.599,82.751,,,469.19,142.184,17.83,Running,1,2,87.66,16.4,254,153.085,,,,,,,,,
2025-09-11 00:00:00,daily,TC-01,Trunk Conveyor 01,Trunk Conveyor,Underground,2.686,51.723,104.593,,,426.143,175.63,20.92,Running,1,15,88.85,16.69,261,149.731,,,,,,,,,
2025-09-12 00:00:00,daily,TC-01,Trunk Conveyor 01,Trunk Conveyor,Underground,2.077,55.352,88.791,,,451.698,147.937,20.93,Running,0,6,88.26,15.01,258,163.916,,,,,,,,,
2025-09-13 00:00:00,daily,TC-01,Trunk Conveyor 01,Trunk Conveyor,Underground,2.611,56.535,91.83,,,470.104,133.381,17.66,Running,0,11,88.42,14.65,258,144.455,,,,,,,,,
2025-09-14 00:00:00,daily,TC-01,Trunk Conveyor 01,Trunk Conveyor,Underground,2.266,54.481,90.276,,,410.652,145.162,20.98,Running,0,9,91.97,13.64,262,147.747,,,,,,,,,
2025-09-15 00:00:00,daily,TC-01,Trunk Conveyor 01,Trunk Conveyor,Underground,2.654,55.335,95.96,,,485.713,125.491,20.55,Running,0,6,85.86,21.57,251,162.058,,,,,,,,,
2025-09-16 00:00:00,daily,TC-01,Trunk Conveyor 01,Trunk Conveyor,Underground,3.086,57.519,103.317,,,441.721,152.584,22.58,Running,0,5,88.27,17.63,252,149.404,,,,,,,,,
2025-09-17 00:00:00,daily,TC-01,Trunk Conveyor 01,Trunk Conveyor,Underground,1.99,57.861,96.169,,,451.908,157.709,20.77,Running,0,11,90.55,15.08,255,138.224,,,,,,,,,
2025-09-18 00:00:00,daily,TC-01,Trunk Conveyor 01,Trunk Conveyor,Underground,2.585,54.247,83.588,,,459.646,142.222,21.71,Running,0,12,86.23,15.32,251,178.495,,,,,,,,,
2025-09-19 00:00:00,daily,TC-01,Trunk Conveyor 01,Trunk Conveyor,Underground,2.084,53.405,84.402,,,462.422,146.196,20.6,Running,0,0,87.51,20.19,256,138.568,,,,,,,,,
2025-09-20 00:00:00,daily,TC-01,Trunk Conveyor 01,Trunk Conveyor,Underground,2.532,52.712,90.322,,,454.274,158.75,21.56,Running,1,10,87.66,18.05,252,149.726,,,,,,,,,
2025-09-21 00:00:00,daily,TC-01,Trunk Conveyor 01,Trunk Conveyor,Underground,2.406,56.131,91.115,,,467.289,134.691,17.21,Running,0,7,88.12,18.65,248,154.256,,,,,,,,,
2025-09-22 00:00:00,daily,TC-01,Trunk Conveyor 01,Trunk Conveyor,Underground,2.474,51.907,82.402,,,458.671,138.554,19.45,Running,0,3,85.89,20.53,252,153.392,,,,,,,,,
2025-09-23 00:00:00,daily,TC-01,Trunk Conveyor 01,Trunk Conveyor,Underground,2.266,53.927,97.658,,,481.015,148.401,19.61,Running,0,7,89.36,14.99,251,148.367,,,,,,,,,
2025-09-24 00:00:00,daily,TC-01,Trunk Conveyor 01,Trunk Conveyor,Underground,2.605,54.571,86.233,,,458.713,143.688,19.21,Running,0,1,89.45,14.23,254,148.427,,,,,,,,,
2025-09-25 00:00:00,daily,TC-01,Trunk Conveyor 01,Trunk Conveyor,Underground,2.16,53.485,101.72,,,484.666,147.82,20.53,Running,0,5,89.16,15.91,251,147.881,,,,,,,,,
2025-09-26 00:00:00,daily,TC-01,Trunk Conveyor 01,Trunk Conveyor,Underground,2.698,54.899,103.693,,,465.514,139.097,20.9,Running,1,4,86.92,17.69,251,138.195,,,,,,,,,
2025-09-27 00:00:00,daily,TC-01,Trunk Conveyor 01,Trunk Conveyor,Underground,2.369,59.016,91.289,,,416.783,152.405,20.43,Running,0,5,88.42,17.95,250,174.128,,,,,,,,,
2025-09-28 00:00:00,daily,TC-01,Trunk Conveyor 01,Trunk Conveyor,Underground,2.171,54.186,95.421,,,496.278,149.138,19.34,Running,0,6,86.81,15.3,247,148.062,,,,,,,,,
2025-09-29 00:00:00,daily,TC-01,Trunk Conveyor 01,Trunk Conveyor,Underground,2.771,53.625,85.405,,,438.931,155.43,18.27,Running,0,2,87.68,16.16,245,157.053,,,,,,,,,
2025-09-30 00:00:00,daily,TC-01,Trunk Conveyor 01,Trunk Conveyor,Underground,2.439,56.241,96.548,,,476.181,152.296,21.79,Running,0,13,91.63,15.81,248,146.811,,,,,,,,,
2025-10-01 00:00:00,daily,TC-01,Trunk Conveyor 01,Trunk Conveyor,Underground,2.835,54.85,89.826,,,449.735,152.358,20.35,Running,1,8,88.3,15.13,245,146.596,,,,,,,,,
2025-10-02 00:00:00,daily,TC-01,Trunk Conveyor 01,Trunk Conveyor,Underground,2.698,57.014,86.301,,,468.344,137.487,17.72,Running,0,16,86.21,18.82,253,145.494,,,,,,,,,
2025-10-03 00:00:00,daily,TC-01,Trunk Conveyor 01,Trunk Conveyor,Underground,2.295,54.724,91.097,,,436.843,154.943,19.31,Running,0,5,88.37,14.52,251,133.461,,,,,,,,,
2025-10-04 00:00:00,daily,TC-01,Trunk Conveyor 01,Trunk Conveyor,Underground,2.438,53.986,90.048,,,460.491,147.537,16.33,Running,1,5,85.88,20.43,248,148.748,,,,,,,,,
2025-10-05 00:00:00,daily,TC-01,Trunk Conveyor 01,Trunk Conveyor,Underground,2.48,51.227,90.901,,,444.661,149.021,19.75,Running,0,15,86.1,17.99,246,146.044,,,,,,,,,
2025-10-06 00:00:00,daily,TC-01,Trunk Conveyor 01,Trunk Conveyor,Underground,2.761,51.527,98.559,,,477.632,159.961,19.3,Running,1,5,86.31,18.79,244,163.413,,,,,,,,,
2025-10-07 00:00:00,daily,TC-01,Trunk Conveyor 01,Trunk Conveyor,Underground,2.544,51.143,88.159,,,457.098,144.057,18.58,Running,1,7,87.24,19.57,238,137.369,,,,,,,,,
2025-10-08 00:00:00,daily,TC-01,Trunk Conveyor 01,Trunk Conveyor,Underground,2.493,55.135,103.29,,,466.04,162.699,22.72,Running,0,8,89.41,13.42,242,144.189,,,,,,,,,
2025-10-09 00:00:00,daily,TC-01,Trunk Conveyor 01,Trunk Conveyor,Underground,2.418,52.005,84.939,,,410.231,163.544,17.46,Running,1,2,88.81,17.25,243,140.661,,,,,,,,,
2025-10-10 00:00:00,daily,TC-01,Trunk Conveyor 01,Trunk Conveyor,Underground,2.449,56.722,102.591,,,447.635,157.325,21.04,Running,0,10,88.68,17.49,243,166.417,,,,,,,,,
2025-10-11 00:00:00,daily,TC-01,Trunk Conveyor 01,Trunk Conveyor,Underground,2.72,54.521,86.809,,,456.557,141.73,23.88,Running,1,12,86.06,21.63,243,140.992,,,,,,,,,
2025-10-12 00:00:00,daily,TC-01,Trunk Conveyor 01,Trunk Conveyor,Underground,2.461,54.032,92.912,,,453.183,130.885,21.75,Running,1,13,86.91,18.6,244,156.746,,,,,,,,,
2025-10-13 00:00:00,daily,TC-01,Trunk Conveyor 01,Trunk Conveyor,Underground,2.381,52.957,89.986,,,466.45,160.277,19.62,Running,1,14,88.18,23.03,237,161.239,,,,,,,,,
2025-10-14 00:00:00,daily,TC-01,Trunk Conveyor 01,Trunk Conveyor,Underground,2.348,55.601,90.875,,,442.554,151.575,17.5,Running,1,15,86.71,20.72,237,148.966,,,,,,,,,
2025-10-15 00:00:00,daily,TC-01,Trunk Conveyor 01,Trunk Conveyor,Underground,2.351,53.038,97.755,,,450.01,143.872,17.06,Running,1,7,87.23,18.52,245,135.434,,,,,,,,,
2025-10-16 00:00:00,daily,TC-01,Trunk Conveyor 01,Trunk Conveyor,Underground,2.182,52.717,101.955,,,470.385,161.147,18.89,Running,0,3,88.35,14.56,242,135.579,,,,,,,,,
2025-10-17 00:00:00,daily,TC-01,Trunk Conveyor 01,Trunk Conveyor,Underground,2.313,56.635,100.109,,,408.098,142.836,18.36,Running,0,17,87.05,17.93,237,160.048,,,,,,,,,
2025-10-18 00:00:00,daily,TC-01,Trunk Conveyor 01,Trunk Conveyor,Underground,2.763,55.139,90.546,,,459.714,146.779,18.3,Running,1,0,87.94,19.74,237,136.73,,,,,,,,,
2025-10-19 00:00:00,daily,TC-01,Trunk Conveyor 01,Trunk Conveyor,Underground,2.423,54.083,94.091,,,443.087,155.326,19.05,Running,1,1,90.09,17.29,237,154.915,,,,,,,,,
2025-10-20 00:00:00,daily,TC-01,Trunk Conveyor 01,Trunk Conveyor,Underground,2.606,55.666,88.302,,,432.666,140.586,19.48,Running,1,11,87.24,20.83,237,151.866,,,,,,,,,
2025-10-21 00:00:00,daily,TC-01,Trunk Conveyor 01,Trunk Conveyor,Underground,1.97,54.532,87.055,,,455.136,149.629,20.61,Running,1,13,89.36,16.46,238,154.763,,,,,,,,,
2025-10-22 00:00:00,daily,TC-01,Trunk Conveyor 01,Trunk Conveyor,Underground,2.58,55.21,86.137,,,471.164,160.422,17.3,Running,1,6,88.34,13.82,246,155.808,,,,,,,,,
2025-10-23 00:00:00,daily,TC-01,Trunk Conveyor 01,Trunk Conveyor,Underground,2.435,53.056,90.399,,,467.765,152.526,18.37,Running,0,14,85.06,21.89,236,140.356,,,,,,,,,
2025-10-24 00:00:00,daily,TC-01,Trunk Conveyor 01,Trunk Conveyor,Underground,2.371,58.258,94.532,,,446.62,161.859,19.37,Running,0,0,85.61,17.66,237,139.901,,,,,,,,,
2025-10-25 00:00:00,daily,TC-01,Trunk Conveyor 01,Trunk Conveyor,Underground,2.504,53.493,81.573,,,464.806,160.841,19.3,Running,1,5,86.01,16.61,227,158.502,,,,,,,,,
2025-10-26 00:00:00,daily,TC-01,Trunk Conveyor 01,Trunk Conveyor,Underground,2.37,57.342,92.776,,,464.659,150.714,23.21,Running,1,0,85.94,20.16,231,143.722,,,,,,,,,
2025-10-27 00:00:00,daily,TC-01,Trunk Conveyor 01,Trunk Conveyor,Underground,2.045,54.206,102.16,,,447.452,129.62,20.13,Running,0,11,87.13,19.07,238,120.399,,,,,,,,,
2025-10-28 00:00:00,daily,TC-01,Trunk Conveyor 01,Trunk Conveyor,Underground,2.654,56.004,99.805,,,436.54,140.705,16.58,Running,0,0,88.22,18.29,234,157.793,,,,,,,,,
2025-10-29 00:00:00,daily,TC-01,Trunk Conveyor 01,Trunk Conveyor,Underground,2.519,55.878,89.573,,,437.572,157.533,20.48,Running,1,1,89.21,16.09,214,139.264,,,,,,,,,
2025-10-30 00:00:00,daily,TC-01,Trunk Conveyor 01,Trunk Conveyor,Underground,2.409,56.626,84.712,,,464.078,136.716,20.73,Running,1,10,87.67,18.33,234,155.807,,,,,,,,,
2025-10-31 00:00:00,daily,TC-01,Trunk Conveyor 01,Trunk Conveyor,Underground,2.279,53.054,95.863,,,448.229,147.735,19.44,Running,1,11,86.42,17.04,238,165.996,,,,,,,,,
2025-11-01 00:00:00,daily,TC-01,Trunk Conveyor 01,Trunk Conveyor,Underground,2.179,56.508,79.209,,,430.147,153.727,17.35,Running,1,8,83.77,22.51,222,150.865,,,,,,,,,
2025-11-02 00:00:00,daily,TC-01,Trunk Conveyor 01,Trunk Conveyor,Underground,2.518,57.901,99.785,,,418.642,163.913,23.06,Running,0,8,87.18,14.93,236,161.641,,,,,,,,,
2025-11-03 00:00:00,daily,TC-01,Trunk Conveyor 01,Trunk Conveyor,Underground,2.797,54.117,91.852,,,463.933,145.518,17.63,Running,0,8,87.08,14.09,218,152.385,,,,,,,,,
2025-11-04 00:00:00,daily,TC-01,Trunk Conveyor 01,Trunk Conveyor,Underground,2.515,54.65,104.132,,,439.109,144.908,20.95,Running,1,7,87.29,19.27,232,168.161,,,,,,,,,
2025-11-05 00:00:00,daily,TC-01,Trunk Conveyor 01,Trunk Conveyor,Underground,2.199,53.651,82.792,,,454.888,150.234,20.06,Running,1,2,90.34,12.02,228,139.022,,,,,,,,,
2025-11-06 00:00:00,daily,TC-01,Trunk Conveyor 01,Trunk Conveyor,Underground,2.521,53.974,98.673,,,471.247,153.87,20.83,Running,0,9,88.92,17.26,218,150.622,,,,,,,,,
2025-11-07 00:00:00,daily,TC-01,Trunk Conveyor 01,Trunk Conveyor,Underground,2.466,57.684,92.571,,,425.362,149.33,22.96,Running,0,10,88.16,18.8,229,158.123,,,,,,,,,
2025-11-08 00:00:00,daily,TC-01,Trunk Conveyor 01,Trunk Conveyor,Underground,2.65,52.801,91.198,,,448.101,160.168,20.76,Running,1,12,85.33,19.31,231,148.63,,,,,,,,,
2025-11-09 00:00:00,daily,TC-01,Trunk Conveyor 01,Trunk Conveyor,Underground,2.599,52.918,84.976,,,445.832,143.538,18.61,Running,1,10,86.01,20.77,227,163.405,,,,,,,,,
2025-11-10 00:00:00,daily,TC-01,Trunk Conveyor 01,Trunk Conveyor,Underground,1.881,57.519,96.78,,,455.73,151.818,21.8,Running,0,2,86.64,17.38,228,145.984,,,,,,,,,
2025-11-11 00:00:00,daily,TC-01,Trunk Conveyor 01,Trunk Conveyor,Underground,2.588,55.748,97.272,,,471.19,154.75,18.47,Running,1,9,85.52,16.58,223,173.506,,,,,,,,,
2025-11-12 00:00:00,daily,TC-01,Trunk Conveyor 01,Trunk Conveyor,Underground,2.279,58.446,103.937,,,424.946,147.147,19.99,Running,1,7,87.53,17.71,217,174.094,,,,,,,,,
2025-11-13 00:00:00,daily,TC-01,Trunk Conveyor 01,Trunk Conveyor,Underground,2.196,53.824,99.285,,,459.123,158.313,17.2,Running,0,5,87.26,16.89,227,153.859,,,,,,,,,
2025-11-14 00:00:00,daily,TC-01,Trunk Conveyor 01,Trunk Conveyor,Underground,2.444,54.868,89.683,,,467.424,152.103,17.7,Running,1,7,84.92,20.23,230,156.841,,,,,,,,,
2025-11-15 00:00:00,daily,TC-01,Trunk Conveyor 01,Trunk Conveyor,Underground,2.564,53.456,87.234,,,445.492,157.868,19.78,Running,0,5,88.54,20.0,227,163.877,,,,,,,,,
2025-11-16 00:00:00,daily,TC-01,Trunk Conveyor 01,Trunk Conveyor,Underground,2.155,54.909,85.057,,,446.364,152.522,20.39,Running,0,10,86.75,15.49,214,137.716,,,,,,,,,
2025-11-17 00:00:00,daily,TC-01,Trunk Conveyor 01,Trunk Conveyor,Underground,2.624,51.463,102.117,,,456.36,154.169,16.41,Running,1,1,83.79,23.46,216,136.349,,,,,,,,,
2025-11-18 00:00:00,daily,TC-01,Trunk Conveyor 01,Trunk Conveyor,Underground,2.637,55.895,88.619,,,455.025,145.096,20.63,Running,1,3,86.44,17.0,218,164.608,,,,,,,,,
2025-11-19 00:00:00,daily,TC-01,Trunk Conveyor 01,Trunk Conveyor,Underground,2.494,55.249,102.18,,,459.291,145.117,18.11,Running,0,6,86.94,20.11,214,153.808,,,,,,,,,
2025-11-20 00:00:00,daily,TC-01,Trunk Conveyor 01,Trunk Conveyor,Underground,2.312,54.569,96.46,,,458.902,161.82,22.14,Running,0,14,88.01,17.38,220,148.309,,,,,,,,,
2025-11-21 00:00:00,daily,TC-01,Trunk Conveyor 01,Trunk Conveyor,Underground,2.29,53.975,95.299,,,431.114,156.527,19.0,Running,0,14,85.88,20.53,221,150.929,,,,,,,,,
2025-11-22 00:00:00,daily,TC-01,Trunk Conveyor 01,Trunk Conveyor,Underground,2.692,53.073,91.489,,,466.605,141.607,17.52,Running,1,0,87.71,15.32,213,124.567,,,,,,,,,
2025-11-23 00:00:00,daily,TC-01,Trunk Conveyor 01,Trunk Conveyor,Underground,2.185,55.999,97.305,,,469.772,152.448,19.83,Running,0,13,86.65,17.16,222,148.724,,,,,,,,,
2025-11-24 00:00:00,daily,TC-01,Trunk Conveyor 01,Trunk Conveyor,Underground,2.701,52.586,93.259,,,452.11,129.462,17.92,Running,0,18,84.21,23.96,221,142.543,,,,,,,,,
2025-11-25 00:00:00,daily,TC-01,Trunk Conveyor 01,Trunk Conveyor,Underground,2.456,55.621,91.147,,,421.856,145.668,22.12,Running,0,3,84.02,25.92,215,160.932,,,,,,,,,
2025-11-26 00:00:00,daily,TC-01,Trunk Conveyor 01,Trunk Conveyor,Underground,2.47,58.439,97.549,,,446.675,159.489,19.68,Running,1,0,88.04,17.7,216,161.785,,,,,,,,,
2025-11-27 00:00:00,daily,TC-01,Trunk Conveyor 01,Trunk Conveyor,Underground,2.149,57.385,92.52,,,452.23,149.72,19.39,Running,0,6,88.12,14.83,209,157.19,,,,,,,,,
2025-11-28 00:00:00,daily,TC-01,Trunk Conveyor 01,Trunk Conveyor,Underground,2.462,52.007,88.604,,,428.118,151.914,20.82,Running,1,13,86.69,19.31,215,155.203,,,,,,,,,
2025-11-29 00:00:00,daily,TC-01,Trunk Conveyor 01,Trunk Conveyor,Underground,2.614,53.756,97.004,,,442.229,123.712,17.75,Running,1,17,88.53,20.91,216,134.388,,,,,,,,,
2025-11-30 00:00:00,daily,TC-01,Trunk Conveyor 01,Trunk Conveyor,Underground,2.225,55.486,93.032,,,423.333,147.335,17.2,Running,1,3,87.8,17.29,216,157.363,,,,,,,,,
2025-12-01 00:00:00,daily,TC-01,Trunk Conveyor 01,Trunk Conveyor,Underground,2.593,54.606,96.36,,,459.623,153.917,20.46,Running,0,18,87.16,20.89,216,157.796,,,,,,,,,
2025-12-02 00:00:00,daily,TC-01,Trunk Conveyor 01,Trunk Conveyor,Underground,2.512,52.219,90.714,,,451.669,155.067,17.57,Running,1,0,84.58,20.11,215,164.576,,,,,,,,,
2025-12-03 00:00:00,daily,TC-01,Trunk Conveyor 01,Trunk Conveyor,Underground,2.366,55.437,86.194,,,419.048,159.547,17.57,Running,0,5,88.77,15.64,212,174.186,,,,,,,,,
2025-12-04 00:00:00,daily,TC-01,Trunk Conveyor 01,Trunk Conveyor,Underground,2.666,54.731,103.87,,,454.988,149.0,21.29,Running,0,6,86.82,19.68,214,132.274,,,,,,,,,
2025-12-05 00:00:00,daily,TC-01,Trunk Conveyor 01,Trunk Conveyor,Underground,2.055,58.201,102.75,,,447.635,149.408,20.69,Running,1,15,85.31,21.35,216,146.626,,,,,,,,,
2025-12-06 00:00:00,daily,TC-01,Trunk Conveyor 01,Trunk Conveyor,Underground,2.566,54.305,98.784,,,457.937,138.916,17.27,Running,1,14,84.83,19.71,211,142.741,,,,,,,,,
2025-12-07 00:00:00,daily,TC-01,Trunk Conveyor 01,Trunk Conveyor,Underground,2.821,56.869,91.165,,,441.584,149.072,18.49,Running,1,11,86.27,17.6,213,152.81,,,,,,,,,
2025-12-08 00:00:00,daily,TC-01,Trunk Conveyor 01,Trunk Conveyor,Underground,2.786,52.491,91.701,,,434.195,139.565,17.94,Running,1,2,83.15,25.56,210,151.066,,,,,,,,,
2025-12-09 00:00:00,daily,TC-01,Trunk Conveyor 01,Trunk Conveyor,Underground,2.577,52.927,101.808,,,434.736,134.295,23.09,Running,1,13,86.91,20.71,208,148.351,,,,,,,,,
2025-12-10 00:00:00,daily,TC-01,Trunk Conveyor 01,Trunk Conveyor,Underground,2.439,56.082,91.402,,,438.914,141.166,21.42,Running,0,13,84.23,25.1,212,162.236,,,,,,,,,
2025-12-11 00:00:00,daily,TC-01,Trunk Conveyor 01,Trunk Conveyor,Underground,2.373,56.74,89.741,,,448.93,164.517,18.87,Running,0,0,86.31,22.77,207,138.823,,,,,,,,,
2025-12-12 00:00:00,daily,TC-01,Trunk Conveyor 01,Trunk Conveyor,Underground,2.44,53.071,104.78,,,451.245,148.511,20.79,Running,0,0,84.85,21.48,210,139.493,,,,,,,,,
2025-12-13 00:00:00,daily,TC-01,Trunk Conveyor 01,Trunk Conveyor,Underground,2.61,54.843,93.272,,,445.138,152.931,17.08,Running,1,13,85.23,20.06,208,139.686,,,,,,,,,
2025-12-14 00:00:00,daily,TC-01,Trunk Conveyor 01,Trunk Conveyor,Underground,2.341,52.319,104.18,,,440.941,146.338,18.39,Running,1,9,84.41,24.53,206,146.996,,,,,,,,,
2025-12-15 00:00:00,daily,TC-01,Trunk Conveyor 01,Trunk Conveyor,Underground,2.655,54.485,85.19,,,442.226,134.851,19.88,Running,1,2,85.32,21.97,206,137.452,,,,,,,,,
2025-12-16 00:00:00,daily,TC-01,Trunk Conveyor 01,Trunk Conveyor,Underground,2.93,56.324,96.7,,,493.68,159.398,20.55,Running,0,5,88.57,14.04,204,150.439,,,,,,,,,
2025-12-17 00:00:00,daily,TC-01,Trunk Conveyor 01,Trunk Conveyor,Underground,2.492,54.04,106.029,,,434.657,131.43,19.49,Running,0,7,87.73,15.11,199,149.159,,,,,,,,,
2025-12-18 00:00:00,daily,TC-01,Trunk Conveyor 01,Trunk Conveyor,Underground,2.236,54.38,93.792,,,438.477,145.993,20.16,Running,1,8,86.04,20.52,207,142.335,,,,,,,,,
2025-12-19 00:00:00,daily,TC-01,Trunk Conveyor 01,Trunk Conveyor,Underground,2.237,52.801,92.041,,,507.799,150.502,19.83,Running,1,0,85.4,20.08,206,160.605,,,,,,,,,
2025-12-20 00:00:00,daily,TC-01,Trunk Conveyor 01,Trunk Conveyor,Underground,2.662,53.673,86.63,,,456.078,153.075,19.37,Running,0,16,86.76,18.49,208,150.346,,,,,,,,,
2025-12-21 00:00:00,daily,TC-01,Trunk Conveyor 01,Trunk Conveyor,Underground,2.495,58.011,100.141,,,423.65,144.469,19.11,Running,1,13,87.18,20.1,202,162.696,,,,,,,,,
2025-12-22 00:00:00,daily,TC-01,Trunk Conveyor 01,Trunk Conveyor,Underground,2.684,54.983,89.038,,,463.647,134.472,18.86,Running,1,8,84.01,23.91,211,148.868,,,,,,,,,
2025-12-23 00:00:00,daily,TC-01,Trunk Conveyor 01,Trunk Conveyor,Underground,2.402,53.053,93.101,,,432.088,143.811,20.13,Running,1,8,85.18,23.41,201,150.755,,,,,,,,,
2025-12-24 00:00:00,daily,TC-01,Trunk Conveyor 01,Trunk Conveyor,Underground,2.676,54.297,86.274,,,464.821,144.289,20.47,Running,1,10,82.35,20.85,199,144.837,,,,,,,,,
2025-12-25 00:00:00,daily,TC-01,Trunk Conveyor 01,Trunk Conveyor,Underground,2.479,51.994,103.034,,,444.651,144.077,20.06,Running,1,2,87.03,18.67,198,150.957,,,,,,,,,
2025-12-26 00:00:00,daily,TC-01,Trunk Conveyor 01,Trunk Conveyor,Underground,2.365,53.05,100.633,,,440.521,159.772,17.42,Running,0,8,88.5,17.49,194,158.876,,,,,,,,,
2025-12-27 00:00:00,daily,TC-01,Trunk Conveyor 01,Trunk Conveyor,Underground,2.432,57.329,93.526,,,477.392,140.126,17.76,Running,1,1,85.29,17.55,207,146.524,,,,,,,,,
2025-12-28 00:00:00,daily,TC-01,Trunk Conveyor 01,Trunk Conveyor,Underground,2.273,54.63,86.802,,,458.612,153.764,20.45,Running,0,9,81.72,24.28,206,156.758,,,,,,,,,
2025-12-29 00:00:00,daily,TC-01,Trunk Conveyor 01,Trunk Conveyor,Underground,2.911,58.296,102.953,,,465.92,152.487,22.51,Running,0,2,86.06,17.83,202,142.122,,,,,,,,,
2025-12-30 00:00:00,daily,TC-01,Trunk Conveyor 01,Trunk Conveyor,Underground,2.495,54.727,91.554,,,456.224,159.714,19.97,Running,0,3,83.61,23.0,196,159.419,,,,,,,,,
2025-12-31 00:00:00,daily,TC-01,Trunk Conveyor 01,Trunk Conveyor,Underground,2.644,54.84,87.13,,,440.385,149.878,18.89,Running,1,21,83.96,25.72,206,144.698,,,,,,,,,
2026-01-01 00:00:00,daily,TC-01,Trunk Conveyor 01,Trunk Conveyor,Underground,2.408,56.064,83.2,,,459.379,158.204,20.11,Running,1,10,85.98,23.67,197,160.452,,,,,,,,,
2026-01-02 00:00:00,daily,TC-01,Trunk Conveyor 01,Trunk Conveyor,Underground,2.306,50.105,89.908,,,470.13,149.541,17.5,Running,0,9,85.35,18.88,196,151.761,,,,,,,,,
2026-01-03 00:00:00,daily,TC-01,Trunk Conveyor 01,Trunk Conveyor,Underground,2.47,55.291,85.068,,,450.779,155.007,22.19,Running,1,0,84.13,23.27,203,167.828,,,,,,,,,
2026-01-04 00:00:00,daily,TC-01,Trunk Conveyor 01,Trunk Conveyor,Underground,2.738,54.84,90.07,,,480.772,137.578,20.04,Running,1,6,83.84,23.75,199,138.41,,,,,,,,,
2026-01-05 00:00:00,daily,TC-01,Trunk Conveyor 01,Trunk Conveyor,Underground,2.414,57.609,98.285,,,463.641,127.367,18.39,Running,1,11,85.04,21.72,205,134.874,,,,,,,,,
2026-01-06 00:00:00,daily,TC-01,Trunk Conveyor 01,Trunk Conveyor,Underground,2.345,56.676,91.578,,,452.137,154.517,19.36,Running,1,10,84.15,22.99,196,144.341,,,,,,,,,
2026-01-07 00:00:00,daily,TC-01,Trunk Conveyor 01,Trunk Conveyor,Underground,2.551,52.905,95.976,,,452.838,155.007,18.67,Running,0,0,82.99,24.42,193,135.895,,,,,,,,,
2026-01-08 00:00:00,daily,TC-01,Trunk Conveyor 01,Trunk Conveyor,Underground,2.621,57.188,89.513,,,450.771,155.413,22.2,Running,1,12,84.2,25.5,192,135.923,,,,,,,,,
2026-01-09 00:00:00,daily,TC-01,Trunk Conveyor 01,Trunk Conveyor,Underground,2.85,54.486,94.256,,,425.767,146.416,19.29,Running,1,11,85.24,22.87,186,157.977,,,,,,,,,
2026-01-10 00:00:00,daily,TC-01,Trunk Conveyor 01,Trunk Conveyor,Underground,2.593,53.336,105.402,,,446.658,164.555,19.98,Running,1,14,84.38,19.75,192,151.101,,,,,,,,,
2026-01-11 00:00:00,daily,TC-01,Trunk Conveyor 01,Trunk Conveyor,Underground,2.652,55.325,91.797,,,452.25,147.016,20.78,Running,1,6,82.36,26.28,197,145.878,,,,,,,,,
2026-01-12 00:00:00,daily,TC-01,Trunk Conveyor 01,Trunk Conveyor,Underground,2.668,54.611,96.207,,,440.768,154.95,18.26,Running,1,0,86.17,21.14,195,146.905,,,,,,,,,
2026-01-13 00:00:00,daily,TC-01,Trunk Conveyor 01,Trunk Conveyor,Underground,2.294,57.751,84.519,,,454.325,156.521,20.05,Running,1,4,80.17,28.39,192,144.599,,,,,,,,,
2026-01-14 00:00:00,daily,TC-01,Trunk Conveyor 01,Trunk Conveyor,Underground,2.333,55.601,103.044,,,448.62,166.645,20.21,Running,0,3,83.8,24.94,187,169.33,,,,,,,,,
2026-01-15 00:00:00,daily,TC-01,Trunk Conveyor 01,Trunk Conveyor,Underground,2.309,55.364,91.072,,,462.152,148.33,16.7,Running,1,14,83.49,23.49,192,143.093,,,,,,,,,
2026-01-16 00:00:00,daily,TC-01,Trunk Conveyor 01,Trunk Conveyor,Underground,2.261,56.621,100.25,,,460.15,145.312,20.17,Running,1,0,84.68,21.84,194,136.647,,,,,,,,,
2026-01-17 00:00:00,daily,TC-01,Trunk Conveyor 01,Trunk Conveyor,Underground,2.687,56.973,93.22,,,451.212,137.714,19.59,Running,0,6,85.31,20.81,191,159.954,,,,,,,,,
2026-01-18 00:00:00,daily,TC-01,Trunk Conveyor 01,Trunk Conveyor,Underground,2.587,56.423,97.64,,,423.583,165.176,19.93,Running,0,12,86.18,15.32,190,148.832,,,,,,,,,
2026-01-19 00:00:00,daily,TC-01,Trunk Conveyor 01,Trunk Conveyor,Underground,2.545,57.573,98.009,,,480.415,155.005,19.75,Running,1,9,83.2,23.36,185,173.639,,,,,,,,,
2026-01-20 00:00:00,daily,TC-01,Trunk Conveyor 01,Trunk Conveyor,Underground,2.012,56.12,91.28,,,445.617,155.297,20.18,Running,1,12,85.24,19.33,192,145.431,,,,,,,,,
2026-01-21 00:00:00,daily,TC-01,Trunk Conveyor 01,Trunk Conveyor,Underground,2.942,55.332,100.558,,,446.704,179.277,22.25,Running,1,0,84.58,19.22,175,160.532,,,,,,,,,
2026-01-22 00:00:00,daily,TC-01,Trunk Conveyor 01,Trunk Conveyor,Underground,2.353,57.267,89.464,,,441.984,154.159,17.42,Running,1,0,81.49,28.78,189,163.138,,,,,,,,,
2026-01-23 00:00:00,daily,TC-01,Trunk Conveyor 01,Trunk Conveyor,Underground,2.943,54.879,98.698,,,439.347,139.52,19.02,Running,1,14,87.24,18.88,197,145.507,,,,,,,,,
2026-01-24 00:00:00,daily,TC-01,Trunk Conveyor 01,Trunk Conveyor,Underground,2.243,55.109,91.701,,,475.92,149.485,20.96,Running,1,11,81.86,25.34,180,143.076,,,,,,,,,
2026-01-25 00:00:00,daily,TC-01,Trunk Conveyor 01,Trunk Conveyor,Underground,2.371,58.154,96.151,,,473.065,142.483,20.6,Running,1,9,84.79,20.16,184,159.411,,,,,,,,,
2026-01-26 00:00:00,daily,TC-01,Trunk Conveyor 01,Trunk Conveyor,Underground,2.094,57.981,91.294,,,456.104,147.7,20.56,Running,1,3,84.71,22.0,185,157.587,,,,,,,,,
2026-01-27 00:00:00,daily,TC-01,Trunk Conveyor 01,Trunk Conveyor,Underground,2.608,55.053,94.378,,,446.159,147.647,24.0,Running,1,10,84.49,23.69,183,135.754,,,,,,,,,
2026-01-28 00:00:00,daily,TC-01,Trunk Conveyor 01,Trunk Conveyor,Underground,2.316,54.257,87.642,,,459.227,145.995,20.86,Running,1,2,83.22,21.83,188,138.865,,,,,,,,,
2026-01-29 00:00:00,daily,TC-01,Trunk Conveyor 01,Trunk Conveyor,Underground,2.322,57.713,95.587,,,449.4,138.746,21.85,Running,0,14,85.3,20.57,185,123.385,,,,,,,,,
2026-01-30 00:00:00,daily,TC-01,Trunk Conveyor 01,Trunk Conveyor,Underground,2.263,56.527,94.379,,,444.637,165.625,19.09,Running,1,30,81.45,27.71,183,157.842,,,,,,,,,
2026-01-31 00:00:00,daily,TC-01,Trunk Conveyor 01,Trunk Conveyor,Underground,2.694,55.66,90.885,,,454.136,153.99,17.77,Running,1,10,83.8,18.81,185,148.42,,,,,,,,,
2026-02-01 00:00:00,daily,TC-01,Trunk Conveyor 01,Trunk Conveyor,Underground,2.682,54.519,93.808,,,440.098,149.278,19.08,Running,1,6,82.97,23.73,182,149.524,,,,,,,,,
2026-02-02 00:00:00,daily,TC-01,Trunk Conveyor 01,Trunk Conveyor,Underground,2.903,55.702,94.955,,,452.568,158.134,21.05,Running,0,0,82.75,23.29,194,132.709,,,,,,,,,
2026-02-03 00:00:00,daily,TC-01,Trunk Conveyor 01,Trunk Conveyor,Underground,2.404,55.072,90.465,,,451.693,155.562,20.46,Running,1,0,84.48,21.46,181,139.243,,,,,,,,,
2026-02-04 00:00:00,daily,TC-01,Trunk Conveyor 01,Trunk Conveyor,Underground,2.586,53.921,93.402,,,458.858,153.811,20.45,Running,1,15,85.49,19.32,181,146.072,,,,,,,,,
2026-02-05 00:00:00,daily,TC-01,Trunk Conveyor 01,Trunk Conveyor,Underground,2.285,55.355,88.154,,,436.85,157.502,19.27,Running,1,3,83.18,23.83,173,143.942,,,,,,,,,
2026-02-06 00:00:00,daily,TC-01,Trunk Conveyor 01,Trunk Conveyor,Underground,2.476,55.607,108.274,,,460.766,152.55,18.96,Running,1,8,84.94,24.93,177,152.641,,,,,,,,,
2026-02-07 00:00:00,daily,TC-01,Trunk Conveyor 01,Trunk Conveyor,Underground,2.44,54.46,100.566,,,431.658,157.384,19.33,Running,1,12,83.73,22.13,183,157.77,,,,,,,,,
2026-02-08 00:00:00,daily,TC-01,Trunk Conveyor 01,Trunk Conveyor,Underground,2.638,56.769,95.862,,,437.654,158.138,21.07,Running,1,20,82.19,25.52,173,176.325,,,,,,,,,
2026-02-09 00:00:00,daily,TC-01,Trunk Conveyor 01,Trunk Conveyor,Underground,2.749,57.468,101.269,,,438.429,152.832,21.29,Running,1,10,83.17,27.56,169,151.147,,,,,,,,,
2026-02-10 00:00:00,daily,TC-01,Trunk Conveyor 01,Trunk Conveyor,Underground,2.745,56.9,82.373,,,428.641,149.391,17.75,Running,1,7,83.06,22.61,177,163.644,,,,,,,,,
2026-02-11 00:00:00,daily,TC-01,Trunk Conveyor 01,Trunk Conveyor,Underground,2.379,54.664,78.914,,,466.209,165.156,21.14,Running,1,12,82.39,28.28,182,142.252,,,,,,,,,
2026-02-12 00:00:00,daily,TC-01,Trunk Conveyor 01,Trunk Conveyor,Underground,2.748,56.528,91.877,,,430.473,147.089,18.43,Running,0,5,84.16,22.19,176,132.965,,,,,,,,,
2026-02-13 00:00:00,daily,TC-01,Trunk Conveyor 01,Trunk Conveyor,Underground,2.54,55.314,86.014,,,435.324,154.919,20.58,Running,0,7,83.81,26.23,174,147.522,,,,,,,,,
2026-02-14 00:00:00,daily,TC-01,Trunk Conveyor 01,Trunk Conveyor,Underground,2.485,52.956,92.878,,,470.49,155.13,19.31,Running,1,14,80.85,28.31,167,133.83,,,,,,,,,
2026-02-15 00:00:00,daily,TC-01,Trunk Conveyor 01,Trunk Conveyor,Underground,2.409,56.397,95.544,,,437.611,145.926,22.69,Running,0,12,80.72,27.61,176,151.574,,,,,,,,,
2026-02-16 00:00:00,daily,TC-01,Trunk Conveyor 01,Trunk Conveyor,Underground,2.439,55.456,99.845,,,444.484,144.15,18.88,Running,0,21,84.0,22.26,176,142.835,,,,,,,,,
2026-02-17 00:00:00,daily,TC-01,Trunk Conveyor 01,Trunk Conveyor,Underground,2.901,59.867,87.505,,,429.642,148.243,20.02,Running,1,12,81.98,23.97,166,129.931,,,,,,,,,
2026-02-18 00:00:00,daily,TC-01,Trunk Conveyor 01,Trunk Conveyor,Underground,2.615,57.829,96.745,,,462.84,147.005,20.84,Running,1,16,83.74,22.92,177,170.531,,,,,,,,,
2026-02-19 00:00:00,daily,TC-01,Trunk Conveyor 01,Trunk Conveyor,Underground,2.589,56.492,94.446,,,463.077,138.32,18.0,Running,1,3,84.46,23.54,175,145.53,,,,,,,,,
2026-02-20 00:00:00,daily,TC-01,Trunk Conveyor 01,Trunk Conveyor,Underground,2.502,55.667,96.457,,,461.125,145.587,19.54,Running,1,14,81.15,26.37,176,133.437,,,,,,,,,
2026-02-21 00:00:00,daily,TC-01,Trunk Conveyor 01,Trunk Conveyor,Underground,3.045,55.519,91.266,,,457.489,153.854,19.17,Running,1,6,80.88,26.13,173,161.338,,,,,,,,,
2026-02-22 00:00:00,daily,TC-01,Trunk Conveyor 01,Trunk Conveyor,Underground,2.817,53.425,102.696,,,449.126,162.859,18.69,Running,1,10,85.78,19.4,173,143.451,,,,,,,,,
2026-02-23 00:00:00,daily,TC-01,Trunk Conveyor 01,Trunk Conveyor,Underground,2.413,52.107,93.789,,,438.351,156.463,18.84,Running,1,14,83.63,24.9,172,163.465,,,,,,,,,
2026-02-24 00:00:00,daily,TC-01,Trunk Conveyor 01,Trunk Conveyor,Underground,2.503,53.673,105.067,,,433.109,128.085,21.82,Running,0,11,82.36,27.14,173,143.414,,,,,,,,,
2026-02-25 00:00:00,daily,TC-01,Trunk Conveyor 01,Trunk Conveyor,Underground,2.516,55.165,89.692,,,470.985,157.26,18.53,Running,1,25,81.5,24.56,162,145.539,,,,,,,,,
2026-02-26 00:00:00,daily,TC-01,Trunk Conveyor 01,Trunk Conveyor,Underground,2.589,51.467,98.904,,,461.522,146.473,20.77,Running,1,18,82.14,23.66,163,155.29,,,,,,,,,
2026-02-27 00:00:00,daily,TC-01,Trunk Conveyor 01,Trunk Conveyor,Underground,2.42,54.284,94.102,,,435.264,155.582,20.28,Running,1,19,81.02,27.33,165,158.029,,,,,,,,,
2026-02-28 00:00:00,daily,TC-01,Trunk Conveyor 01,Trunk Conveyor,Underground,2.649,54.824,92.506,,,448.449,151.385,17.0,Running,1,15,84.3,25.04,167,159.965,,,,,,,,,
2026-03-01 00:00:00,daily,TC-01,Trunk Conveyor 01,Trunk Conveyor,Underground,2.852,54.889,98.279,,,442.319,149.785,20.68,Running,1,24,81.61,28.04,168,150.532,,,,,,,,,
2026-03-02 00:00:00,daily,TC-01,Trunk Conveyor 01,Trunk Conveyor,Underground,2.3,54.092,92.703,,,427.401,150.607,16.97,Running,1,1,84.56,19.11,168,157.342,,,,,,,,,
2026-03-03 00:00:00,daily,TC-01,Trunk Conveyor 01,Trunk Conveyor,Underground,2.338,54.675,78.539,,,450.895,151.333,20.89,Running,1,18,82.13,24.48,170,159.737,,,,,,,,,
2026-03-04 00:00:00,daily,TC-01,Trunk Conveyor 01,Trunk Conveyor,Underground,2.468,58.399,76.146,,,440.207,163.642,18.71,Running,1,4,81.07,24.64,170,153.749,,,,,,,,,
2026-03-05 00:00:00,daily,TC-01,Trunk Conveyor 01,Trunk Conveyor,Underground,2.478,56.494,102.171,,,430.529,151.374,19.7,Running,1,6,82.02,24.64,161,149.981,,,,,,,,,
2026-03-06 00:00:00,daily,TC-01,Trunk Conveyor 01,Trunk Conveyor,Underground,2.966,54.3,101.93,,,421.038,161.328,17.19,Running,1,18,78.47,33.36,165,135.66,,,,,,,,,
2026-03-07 00:00:00,daily,TC-01,Trunk Conveyor 01,Trunk Conveyor,Underground,2.767,55.193,105.886,,,419.502,160.025,19.91,Running,0,15,82.43,21.75,160,158.157,,,,,,,,,
2026-03-08 00:00:00,daily,TC-01,Trunk Conveyor 01,Trunk Conveyor,Underground,2.757,55.271,94.469,,,440.953,157.577,21.46,Running,1,2,82.32,21.52,162,152.038,,,,,,,,,
2026-03-09 00:00:00,daily,TC-01,Trunk Conveyor 01,Trunk Conveyor,Underground,2.516,53.946,86.831,,,446.096,135.502,18.13,Running,0,6,83.87,20.92,164,147.032,,,,,,,,,
2026-03-10 00:00:00,daily,TC-01,Trunk Conveyor 01,Trunk Conveyor,Underground,2.512,53.951,92.082,,,431.86,161.639,18.51,Running,1,12,79.5,29.28,149,165.645,,,,,,,,,
2026-03-11 00:00:00,daily,TC-01,Trunk Conveyor 01,Trunk Conveyor,Underground,2.28,57.161,94.681,,,459.317,147.476,20.55,Running,1,8,84.34,23.17,171,135.891,,,,,,,,,
2026-03-12 00:00:00,daily,TC-01,Trunk Conveyor 01,Trunk Conveyor,Underground,2.728,54.593,88.583,,,446.412,158.047,20.6,Running,1,14,83.76,23.62,163,169.69,,,,,,,,,
2026-03-13 00:00:00,daily,TC-01,Trunk Conveyor 01,Trunk Conveyor,Underground,2.67,53.385,104.53,,,457.964,142.86,15.01,Running,1,30,84.41,24.18,158,151.368,,,,,,,,,
2026-03-14 00:00:00,daily,TC-01,Trunk Conveyor 01,Trunk Conveyor,Underground,2.83,55.284,108.088,,,444.276,140.955,23.55,Running,1,11,82.28,21.28,168,155.114,,,,,,,,,
2026-03-15 00:00:00,daily,TC-01,Trunk Conveyor 01,Trunk Conveyor,Underground,2.532,55.581,97.534,,,433.389,169.416,20.69,Running,1,5,83.95,24.84,158,147.283,,,,,,,,,
2026-03-16 00:00:00,daily,TC-01,Trunk Conveyor 01,Trunk Conveyor,Underground,2.546,51.824,94.612,,,449.599,143.024,21.02,Running,1,2,79.94,27.46,160,133.299,,,,,,,,,
2026-03-17 00:00:00,daily,TC-01,Trunk Conveyor 01,Trunk Conveyor,Underground,2.609,55.308,86.92,,,424.805,161.96,19.4,Running,0,8,83.4,24.7,157,150.109,,,,,,,,,
2026-03-18 00:00:00,daily,TC-01,Trunk Conveyor 01,Trunk Conveyor,Underground,2.755,56.951,103.982,,,457.231,152.718,16.12,Running,1,4,80.99,23.97,165,155.335,,,,,,,,,
2026-03-19 00:00:00,daily,TC-01,Trunk Conveyor 01,Trunk Conveyor,Underground,2.283,56.207,95.174,,,430.64,147.879,20.98,Running,1,15,79.54,28.65,157,159.099,,,,,,,,,
2026-03-20 00:00:00,daily,TC-01,Trunk Conveyor 01,Trunk Conveyor,Underground,2.725,59.415,92.994,,,464.025,151.265,18.59,Running,1,14,80.35,27.99,158,149.49,,,,,,,,,
2026-03-21 00:00:00,daily,TC-01,Trunk Conveyor 01,Trunk Conveyor,Underground,2.575,57.66,97.629,,,441.393,139.967,20.72,Running,1,8,82.12,27.35,161,127.559,,,,,,,,,
2026-03-22 00:00:00,daily,TC-01,Trunk Conveyor 01,Trunk Conveyor,Underground,2.368,58.023,91.241,,,466.599,151.561,19.26,Running,1,21,80.75,23.77,158,134.726,,,,,,,,,
2026-03-23 00:00:00,daily,TC-01,Trunk Conveyor 01,Trunk Conveyor,Underground,2.164,60.462,95.649,,,427.254,141.948,20.14,Running,1,5,82.64,24.37,155,174.265,,,,,,,,,
2026-03-24 00:00:00,daily,TC-01,Trunk Conveyor 01,Trunk Conveyor,Underground,2.554,56.793,86.126,,,435.25,148.141,18.19,Running,1,10,79.1,27.08,159,139.682,,,,,,,,,
2026-03-25 00:00:00,daily,TC-01,Trunk Conveyor 01,Trunk Conveyor,Underground,2.872,55.729,101.317,,,454.294,160.036,21.34,Running,1,17,78.56,31.03,164,167.406,,,,,,,,,
2026-03-26 00:00:00,daily,TC-01,Trunk Conveyor 01,Trunk Conveyor,Underground,2.918,57.194,94.181,,,468.494,154.004,17.4,Running,1,15,84.12,23.79,155,141.441,,,,,,,,,
2026-03-27 00:00:00,daily,TC-01,Trunk Conveyor 01,Trunk Conveyor,Underground,2.655,54.442,101.773,,,477.412,138.385,23.99,Running,1,19,83.33,25.91,154,149.717,,,,,,,,,
2026-03-28 00:00:00,daily,TC-01,Trunk Conveyor 01,Trunk Conveyor,Underground,2.977,55.649,93.627,,,448.146,159.396,23.98,Running,1,14,80.17,26.69,153,158.61,,,,,,,,,
2026-03-29 00:00:00,daily,TC-01,Trunk Conveyor 01,Trunk Conveyor,Underground,2.577,54.296,94.029,,,480.469,151.677,22.81,Running,1,18,81.81,27.32,157,142.718,,,,,,,,,
2026-03-30 00:00:00,daily,TC-01,Trunk Conveyor 01,Trunk Conveyor,Underground,2.777,56.185,87.586,,,442.163,146.869,22.13,Running,0,6,83.41,25.95,149,169.263,,,,,,,,,
2026-03-31 00:00:00,daily,TC-01,Trunk Conveyor 01,Trunk Conveyor,Underground,2.497,54.302,99.431,,,467.143,158.477,19.52,Running,0,13,82.41,21.34,150,152.59,,,,,,,,,
2026-04-01 00:00:00,daily,TC-01,Trunk Conveyor 01,Trunk Conveyor,Underground,2.485,54.246,89.631,,,430.394,150.26,21.92,Running,0,17,81.94,26.51,144,156.834,,,,,,,,,
2026-04-02 00:00:00,daily,TC-01,Trunk Conveyor 01,Trunk Conveyor,Underground,2.454,56.233,91.981,,,454.905,141.282,19.5,Running,1,20,83.41,25.14,145,148.829,,,,,,,,,
2026-04-03 00:00:00,daily,TC-01,Trunk Conveyor 01,Trunk Conveyor,Underground,2.178,55.248,94.919,,,405.178,168.411,16.7,Running,1,0,80.46,26.84,147,159.027,,,,,,,,,
2026-04-04 00:00:00,daily,TC-01,Trunk Conveyor 01,Trunk Conveyor,Underground,2.848,52.033,95.653,,,427.128,151.633,22.57,Running,1,4,81.64,23.29,149,169.156,,,,,,,,,
2026-04-05 00:00:00,daily,TC-01,Trunk Conveyor 01,Trunk Conveyor,Underground,2.463,52.889,84.703,,,455.705,151.065,21.85,Running,1,17,81.52,27.76,156,150.353,,,,,,,,,
2026-04-06 00:00:00,daily,TC-01,Trunk Conveyor 01,Trunk Conveyor,Underground,2.432,53.451,93.568,,,423.668,148.159,19.62,Running,1,0,81.08,24.09,150,170.832,,,,,,,,,
2026-04-07 00:00:00,daily,TC-01,Trunk Conveyor 01,Trunk Conveyor,Underground,2.357,53.934,99.737,,,454.965,162.433,17.33,Running,1,14,80.85,26.45,144,145.086,,,,,,,,,
2026-04-08 00:00:00,daily,TC-01,Trunk Conveyor 01,Trunk Conveyor,Underground,2.553,56.276,92.709,,,463.584,147.097,18.55,Running,1,17,81.55,25.74,144,160.226,,,,,,,,,
2026-04-09 00:00:00,daily,TC-01,Trunk Conveyor 01,Trunk Conveyor,Underground,2.948,55.931,93.644,,,438.232,137.925,16.18,Running,1,7,81.46,27.39,152,157.21,,,,,,,,,
2026-04-10 00:00:00,daily,TC-01,Trunk Conveyor 01,Trunk Conveyor,Underground,3.015,57.461,95.98,,,429.802,145.73,21.49,Running,0,8,79.68,27.19,150,140.083,,,,,,,,,
2026-04-11 00:00:00,daily,TC-01,Trunk Conveyor 01,Trunk Conveyor,Underground,2.265,56.906,94.263,,,438.696,163.787,16.6,Running,1,3,82.61,22.98,145,154.198,,,,,,,,,
2026-04-12 00:00:00,daily,TC-01,Trunk Conveyor 01,Trunk Conveyor,Underground,2.527,57.487,88.849,,,429.834,159.343,20.23,Running,1,8,79.73,28.58,143,151.935,,,,,,,,,
2026-04-13 00:00:00,daily,TC-01,Trunk Conveyor 01,Trunk Conveyor,Underground,2.392,56.659,94.828,,,445.385,149.567,18.06,Running,1,8,80.9,28.75,149,142.477,,,,,,,,,
2026-04-14 00:00:00,daily,TC-01,Trunk Conveyor 01,Trunk Conveyor,Underground,2.797,55.949,101.024,,,449.032,164.23,16.94,Running,1,7,80.74,31.54,140,155.808,,,,,,,,,
2026-04-15 00:00:00,daily,TC-01,Trunk Conveyor 01,Trunk Conveyor,Underground,2.658,57.557,88.766,,,441.674,158.61,20.14,Running,1,5,81.75,22.54,145,153.488,,,,,,,,,
2026-04-16 00:00:00,daily,TC-01,Trunk Conveyor 01,Trunk Conveyor,Underground,2.474,57.24,92.839,,,477.308,149.488,19.04,Running,1,11,77.75,31.79,152,151.088,,,,,,,,,
2026-04-17 00:00:00,daily,TC-01,Trunk Conveyor 01,Trunk Conveyor,Underground,2.617,56.269,86.81,,,434.208,150.402,21.29,Running,1,7,82.52,22.29,143,151.141,,,,,,,,,
2026-04-18 00:00:00,daily,TC-01,Trunk Conveyor 01,Trunk Conveyor,Underground,2.508,57.887,100.761,,,472.191,154.867,17.25,Running,1,26,79.98,30.07,139,150.913,,,,,,,,,
2026-04-19 00:00:00,daily,TC-01,Trunk Conveyor 01,Trunk Conveyor,Underground,2.927,51.383,94.572,,,428.39,144.425,18.23,Running,1,7,82.98,21.96,143,147.867,,,,,,,,,
2026-04-20 00:00:00,daily,TC-01,Trunk Conveyor 01,Trunk Conveyor,Underground,2.714,55.09,90.039,,,448.43,151.96,15.1,Running,0,13,80.22,26.34,139,153.458,,,,,,,,,
2026-04-21 00:00:00,daily,TC-01,Trunk Conveyor 01,Trunk Conveyor,Underground,2.74,55.069,95.707,,,468.404,154.705,15.49,Running,1,7,80.87,25.6,134,144.845,,,,,,,,,
2026-04-22 00:00:00,daily,TC-01,Trunk Conveyor 01,Trunk Conveyor,Underground,2.073,57.701,87.946,,,467.46,136.754,23.13,Running,1,6,83.97,22.29,142,181.161,,,,,,,,,
2026-04-23 00:00:00,daily,TC-01,Trunk Conveyor 01,Trunk Conveyor,Underground,2.594,58.462,88.98,,,439.518,150.241,23.68,Running,1,0,80.43,28.05,143,136.442,,,,,,,,,
2026-04-24 00:00:00,daily,TC-01,Trunk Conveyor 01,Trunk Conveyor,Underground,3.025,53.03,86.434,,,457.062,149.226,19.86,Running,1,0,82.82,25.02,137,145.521,,,,,,,,,
2026-04-25 00:00:00,daily,TC-01,Trunk Conveyor 01,Trunk Conveyor,Underground,2.874,58.188,88.807,,,454.639,161.214,18.1,Running,1,3,80.86,26.79,136,146.398,,,,,,,,,
2026-04-26 00:00:00,daily,TC-01,Trunk Conveyor 01,Trunk Conveyor,Underground,2.241,53.546,103.366,,,437.327,135.369,19.11,Running,1,10,81.42,23.35,134,174.415,,,,,,,,,
2026-04-27 00:00:00,daily,TC-01,Trunk Conveyor 01,Trunk Conveyor,Underground,2.548,53.607,90.836,,,458.12,148.544,21.36,Running,1,19,80.83,28.29,136,137.457,,,,,,,,,
2026-04-28 00:00:00,daily,TC-01,Trunk Conveyor 01,Trunk Conveyor,Underground,2.372,55.247,98.046,,,480.545,147.651,18.69,Running,1,0,82.04,25.04,134,156.672,,,,,,,,,
2026-04-29 00:00:00,daily,TC-01,Trunk Conveyor 01,Trunk Conveyor,Underground,2.955,55.103,90.245,,,455.499,160.635,20.14,Running,0,8,79.55,30.96,132,154.727,,,,,,,,,
2026-04-30 00:00:00,daily,TC-01,Trunk Conveyor 01,Trunk Conveyor,Underground,2.663,52.877,99.833,,,457.19,151.611,19.66,Running,1,2,79.03,27.94,143,155.673,,,,,,,,,
2026-05-01 00:00:00,daily,TC-01,Trunk Conveyor 01,Trunk Conveyor,Underground,2.461,56.859,89.133,,,459.082,168.176,18.59,Running,1,8,79.55,25.43,137,165.611,,,,,,,,,
2026-05-02 00:00:00,daily,TC-01,Trunk Conveyor 01,Trunk Conveyor,Underground,2.622,56.92,95.539,,,420.673,157.98,18.67,Running,1,18,80.69,26.96,137,165.394,,,,,,,,,
2026-05-03 00:00:00,daily,TC-01,Trunk Conveyor 01,Trunk Conveyor,Underground,2.095,57.601,95.634,,,455.242,148.336,20.24,Running,1,9,80.14,30.4,137,147.068,,,,,,,,,
2026-05-04 00:00:00,daily,TC-01,Trunk Conveyor 01,Trunk Conveyor,Underground,2.4,54.931,109.298,,,428.643,154.194,17.8,Running,1,10,81.59,26.09,136,154.171,,,,,,,,,
2026-05-05 00:00:00,daily,TC-01,Trunk Conveyor 01,Trunk Conveyor,Underground,2.625,55.647,99.127,,,436.314,148.858,20.55,Running,0,18,82.51,24.09,131,131.54,,,,,,,,,
2026-05-06 00:00:00,daily,TC-01,Trunk Conveyor 01,Trunk Conveyor,Underground,2.788,55.67,91.801,,,485.835,159.788,18.77,Running,1,14,78.82,27.91,133,153.144,,,,,,,,,
2026-05-07 00:00:00,daily,TC-01,Trunk Conveyor 01,Trunk Conveyor,Underground,2.232,58.77,99.483,,,442.348,140.072,19.92,Running,2,7,79.17,32.68,131,143.328,,,,,,,,,
2026-05-08 00:00:00,daily,TC-01,Trunk Conveyor 01,Trunk Conveyor,Underground,2.545,50.637,108.215,,,433.571,144.657,22.34,Running,1,13,78.01,28.73,133,150.02,,,,,,,,,
2026-05-09 00:00:00,daily,TC-01,Trunk Conveyor 01,Trunk Conveyor,Underground,2.824,54.024,85.622,,,467.628,156.18,19.36,Running,1,4,83.51,21.63,132,133.54,,,,,,,,,
2026-05-10 00:00:00,daily,TC-01,Trunk Conveyor 01,Trunk Conveyor,Underground,2.332,55.763,90.359,,,429.811,163.119,21.45,Running,1,14,80.71,28.14,128,156.541,,,,,,,,,
2026-05-11 00:00:00,daily,TC-01,Trunk Conveyor 01,Trunk Conveyor,Underground,2.669,53.806,94.006,,,438.803,132.278,16.24,Running,1,12,80.96,22.95,124,133.434,,,,,,,,,
2026-05-12 00:00:00,daily,TC-01,Trunk Conveyor 01,Trunk Conveyor,Underground,2.638,55.303,92.939,,,469.327,164.475,18.78,Running,0,2,78.01,33.34,130,153.735,,,,,,,,,
2026-05-13 00:00:00,daily,TC-01,Trunk Conveyor 01,Trunk Conveyor,Underground,2.968,55.548,93.459,,,447.601,150.852,19.73,Running,0,13,80.11,29.09,128,138.621,,,,,,,,,
2026-05-14 00:00:00,daily,TC-01,Trunk Conveyor 01,Trunk Conveyor,Underground,2.58,54.598,87.644,,,418.709,135.166,23.37,Running,1,11,80.89,28.55,120,142.775,,,,,,,,,
2026-05-15 00:00:00,daily,TC-01,Trunk Conveyor 01,Trunk Conveyor,Underground,2.593,55.905,103.907,,,456.597,125.114,15.92,Running,0,16,79.63,29.63,129,164.832,,,,,,,,,
2026-05-16 00:00:00,daily,TC-01,Trunk Conveyor 01,Trunk Conveyor,Underground,2.799,56.927,86.962,,,439.656,138.374,19.5,Running,1,15,81.72,25.27,131,158.605,,,,,,,,,
2026-05-17 00:00:00,daily,TC-01,Trunk Conveyor 01,Trunk Conveyor,Underground,2.364,55.378,94.31,,,474.497,151.969,22.48,Running,1,11,83.66,20.75,136,164.788,,,,,,,,,
2026-05-18 00:00:00,daily,TC-01,Trunk Conveyor 01,Trunk Conveyor,Underground,2.586,54.995,101.8,,,435.856,151.562,18.17,Running,1,10,78.41,29.95,124,169.312,,,,,,,,,
2026-05-19 00:00:00,daily,TC-01,Trunk Conveyor 01,Trunk Conveyor,Underground,2.54,55.519,95.358,,,465.676,157.863,19.27,Running,0,18,78.25,28.5,123,143.663,,,,,,,,,
2026-05-20 00:00:00,daily,TC-01,Trunk Conveyor 01,Trunk Conveyor,Underground,2.604,55.812,89.677,,,478.704,147.227,20.32,Running,0,6,78.44,31.15,120,168.661,,,,,,,,,
2026-05-21 00:00:00,daily,TC-01,Trunk Conveyor 01,Trunk Conveyor,Underground,2.802,52.7,87.475,,,431.411,142.209,20.03,Running,1,2,82.38,26.29,125,136.061,,,,,,,,,
2026-05-22 00:00:00,daily,TC-01,Trunk Conveyor 01,Trunk Conveyor,Underground,2.744,56.67,94.201,,,443.238,148.472,22.69,Running,2,0,81.44,28.94,125,160.397,,,,,,,,,
2026-05-23 00:00:00,daily,TC-01,Trunk Conveyor 01,Trunk Conveyor,Underground,2.485,55.035,91.053,,,453.698,152.501,20.54,Running,1,11,79.51,29.42,120,146.772,,,,,,,,,
2026-05-24 00:00:00,daily,TC-01,Trunk Conveyor 01,Trunk Conveyor,Underground,2.663,58.125,96.841,,,431.258,154.284,22.23,Running,1,6,79.75,30.2,122,141.974,,,,,,,,,
2026-05-25 00:00:00,daily,TC-01,Trunk Conveyor 01,Trunk Conveyor,Underground,2.934,56.925,87.215,,,451.542,145.113,18.99,Running,1,15,78.35,29.72,114,158.975,,,,,,,,,
2026-05-26 00:00:00,daily,TC-01,Trunk Conveyor 01,Trunk Conveyor,Underground,2.471,57.974,100.516,,,442.615,160.337,18.26,Running,1,0,81.04,25.59,125,162.619,,,,,,,,,
2026-05-27 00:00:00,daily,TC-01,Trunk Conveyor 01,Trunk Conveyor,Underground,2.667,54.056,96.345,,,442.24,146.64,19.25,Running,1,7,78.97,30.39,118,162.301,,,,,,,,,
2026-05-28 00:00:00,daily,TC-01,Trunk Conveyor 01,Trunk Conveyor,Underground,2.6,55.214,96.805,,,447.519,144.414,17.45,Running,1,15,79.12,28.46,120,154.605,,,,,,,,,
2026-05-29 00:00:00,daily,TC-01,Trunk Conveyor 01,Trunk Conveyor,Underground,2.627,53.654,104.326,,,447.908,147.368,20.61,Running,1,4,80.47,27.87,114,153.702,,,,,,,,,
2025-05-30 00:00:00,daily,VF-01,Ventilation Fan 01,Ventilation Fan,Surface,3.134,62.355,190.612,,308.442,899.545,329.088,21.07,Running,0,8,93.65,10.34,105,353.679,,,,,,308.442,,,
2025-05-31 00:00:00,daily,VF-01,Ventilation Fan 01,Ventilation Fan,Surface,2.702,59.316,180.88,,279.659,894.007,327.123,18.54,Running,1,2,92.04,11.12,100,315.927,,,,,,279.659,,,
2025-06-01 00:00:00,daily,VF-01,Ventilation Fan 01,Ventilation Fan,Surface,2.493,58.965,193.585,,291.167,867.019,337.939,19.69,Running,0,2,92.81,6.41,108,309.416,,,,,,291.167,,,
2025-06-02 00:00:00,daily,VF-01,Ventilation Fan 01,Ventilation Fan,Surface,2.69,60.357,193.226,,306.104,896.343,345.854,20.98,Running,0,1,93.74,8.98,103,328.791,,,,,,306.104,,,
2025-06-03 00:00:00,daily,VF-01,Ventilation Fan 01,Ventilation Fan,Surface,2.63,61.137,177.276,,338.459,853.309,332.445,21.82,Running,0,3,94.25,4.69,107,307.426,,,,,,338.459,,,
2025-06-04 00:00:00,daily,VF-01,Ventilation Fan 01,Ventilation Fan,Surface,2.799,57.484,197.418,,288.334,882.148,309.632,21.4,Running,0,3,92.8,11.47,106,295.595,,,,,,288.334,,,
2025-06-05 00:00:00,daily,VF-01,Ventilation Fan 01,Ventilation Fan,Surface,2.71,62.016,183.488,,295.003,882.54,331.787,19.82,Running,0,3,91.28,11.72,98,323.176,,,,,,295.003,,,
2025-06-06 00:00:00,daily,VF-01,Ventilation Fan 01,Ventilation Fan,Surface,2.427,63.608,183.547,,312.509,901.225,371.859,24.0,Running,1,4,91.78,15.22,106,359.054,,,,,,312.509,,,
2025-06-07 00:00:00,daily,VF-01,Ventilation Fan 01,Ventilation Fan,Surface,2.346,62.193,184.011,,331.122,936.25,356.435,18.98,Running,0,5,93.46,11.3,107,329.326,,,,,,331.122,,,
2025-06-08 00:00:00,daily,VF-01,Ventilation Fan 01,Ventilation Fan,Surface,2.764,59.695,183.765,,312.295,907.456,282.526,16.59,Running,1,1,90.73,10.86,108,333.688,,,,,,312.295,,,
2025-06-09 00:00:00,daily,VF-01,Ventilation Fan 01,Ventilation Fan,Surface,3.012,59.466,159.493,,318.274,926.719,331.148,16.96,Running,0,0,92.01,7.15,105,287.532,,,,,,318.274,,,
2025-06-10 00:00:00,daily,VF-01,Ventilation Fan 01,Ventilation Fan,Surface,2.726,61.662,181.518,,305.775,909.028,345.068,22.51,Running,1,5,91.6,10.24,97,338.916,,,,,,305.775,,,
2025-06-11 00:00:00,daily,VF-01,Ventilation Fan 01,Ventilation Fan,Surface,2.889,60.764,170.936,,303.677,919.563,327.256,19.53,Running,0,0,91.98,8.78,110,332.041,,,,,,303.677,,,
2025-06-12 00:00:00,daily,VF-01,Ventilation Fan 01,Ventilation Fan,Surface,2.934,61.965,197.874,,310.767,935.646,322.833,19.99,Running,1,10,90.46,17.0,106,316.896,,,,,,310.767,,,
2025-06-13 00:00:00,daily,VF-01,Ventilation Fan 01,Ventilation Fan,Surface,2.771,62.291,197.538,,301.858,878.666,325.944,18.64,Running,1,12,89.04,15.32,99,333.817,,,,,,301.858,,,
2025-06-14 00:00:00,daily,VF-01,Ventilation Fan 01,Ventilation Fan,Surface,2.534,63.28,190.957,,318.424,877.206,339.072,18.81,Running,0,4,92.76,12.0,101,333.64,,,,,,318.424,,,
2025-06-15 00:00:00,daily,VF-01,Ventilation Fan 01,Ventilation Fan,Surface,2.758,58.841,181.171,,290.432,909.432,311.884,18.17,Running,0,6,93.4,8.67,105,309.07,,,,,,290.432,,,
2025-06-16 00:00:00,daily,VF-01,Ventilation Fan 01,Ventilation Fan,Surface,2.982,61.558,174.273,,320.361,894.612,349.302,20.58,Running,0,6,88.92,15.15,106,336.92,,,,,,320.361,,,
2025-06-17 00:00:00,daily,VF-01,Ventilation Fan 01,Ventilation Fan,Surface,2.834,60.398,177.456,,310.126,899.515,329.41,19.49,Running,0,9,92.3,10.71,101,354.249,,,,,,310.126,,,
2025-06-18 00:00:00,daily,VF-01,Ventilation Fan 01,Ventilation Fan,Surface,2.884,60.937,200.887,,307.051,889.171,315.37,20.52,Running,1,3,93.37,11.49,106,325.772,,,,,,307.051,,,
2025-06-19 00:00:00,daily,VF-01,Ventilation Fan 01,Ventilation Fan,Surface,2.619,62.873,177.203,,289.884,881.497,348.345,20.33,Running,0,0,92.52,11.1,96,313.003,,,,,,289.884,,,
2025-06-20 00:00:00,daily,VF-01,Ventilation Fan 01,Ventilation Fan,Surface,2.677,63.101,162.263,,297.814,930.244,305.658,18.86,Running,0,4,90.83,10.73,99,326.829,,,,,,297.814,,,
2025-06-21 00:00:00,daily,VF-01,Ventilation Fan 01,Ventilation Fan,Surface,2.697,63.962,192.766,,323.926,870.363,321.522,16.88,Running,0,14,89.91,17.37,94,347.498,,,,,,323.926,,,
2025-06-22 00:00:00,daily,VF-01,Ventilation Fan 01,Ventilation Fan,Surface,2.713,62.027,197.031,,307.01,909.632,321.285,16.71,Running,0,6,91.47,11.35,99,305.905,,,,,,307.01,,,
2025-06-23 00:00:00,daily,VF-01,Ventilation Fan 01,Ventilation Fan,Surface,2.983,60.966,198.492,,312.824,906.036,364.761,24.0,Running,0,3,91.67,10.75,108,342.029,,,,,,312.824,,,
2025-06-24 00:00:00,daily,VF-01,Ventilation Fan 01,Ventilation Fan,Surface,2.211,60.692,192.937,,298.899,859.735,319.525,22.52,Running,0,3,91.35,6.45,110,316.925,,,,,,298.899,,,
2025-06-25 00:00:00,daily,VF-01,Ventilation Fan 01,Ventilation Fan,Surface,2.736,57.739,194.439,,309.073,876.167,296.033,22.25,Running,0,9,90.83,14.1,103,335.354,,,,,,309.073,,,
2025-06-26 00:00:00,daily,VF-01,Ventilation Fan 01,Ventilation Fan,Surface,2.713,63.899,184.136,,292.925,879.834,321.231,18.38,Running,0,6,89.32,15.16,99,319.254,,,,,,292.925,,,
2025-06-27 00:00:00,daily,VF-01,Ventilation Fan 01,Ventilation Fan,Surface,2.431,60.587,165.007,,310.558,906.804,337.857,19.7,Running,0,13,91.65,11.89,101,319.228,,,,,,310.558,,,
2025-06-28 00:00:00,daily,VF-01,Ventilation Fan 01,Ventilation Fan,Surface,2.882,62.255,183.98,,313.774,886.277,343.143,18.11,Running,1,3,91.65,10.88,103,361.059,,,,,,313.774,,,
2025-06-29 00:00:00,daily,VF-01,Ventilation Fan 01,Ventilation Fan,Surface,2.576,62.613,189.358,,313.141,892.438,367.051,17.16,Running,0,7,91.15,11.25,95,302.445,,,,,,313.141,,,
2025-06-30 00:00:00,daily,VF-01,Ventilation Fan 01,Ventilation Fan,Surface,2.659,58.776,182.583,,298.418,862.22,353.166,18.55,Running,0,7,90.93,11.96,99,340.363,,,,,,298.418,,,
2025-07-01 00:00:00,daily,VF-01,Ventilation Fan 01,Ventilation Fan,Surface,3.146,59.432,182.209,,305.123,945.426,333.692,22.23,Running,0,2,93.36,10.22,107,365.312,,,,,,305.123,,,
2025-07-02 00:00:00,daily,VF-01,Ventilation Fan 01,Ventilation Fan,Surface,2.963,64.385,175.196,,315.639,895.79,316.453,21.29,Running,0,5,89.6,15.84,96,344.426,,,,,,315.639,,,
2025-07-03 00:00:00,daily,VF-01,Ventilation Fan 01,Ventilation Fan,Surface,2.869,61.884,174.895,,306.621,905.168,356.731,17.82,Running,1,6,92.57,9.93,97,304.124,,,,,,306.621,,,
2025-07-04 00:00:00,daily,VF-01,Ventilation Fan 01,Ventilation Fan,Surface,2.828,60.155,200.492,,305.676,882.263,324.88,19.08,Running,0,7,89.27,16.91,100,305.146,,,,,,305.676,,,
2025-07-05 00:00:00,daily,VF-01,Ventilation Fan 01,Ventilation Fan,Surface,2.71,61.076,200.855,,331.93,879.765,320.278,21.12,Running,0,5,92.15,10.84,101,315.776,,,,,,331.93,,,
2025-07-06 00:00:00,daily,VF-01,Ventilation Fan 01,Ventilation Fan,Surface,3.188,63.514,184.001,,297.641,936.168,324.167,18.58,Running,0,0,92.27,9.81,97,333.998,,,,,,297.641,,,
2025-07-07 00:00:00,daily,VF-01,Ventilation Fan 01,Ventilation Fan,Surface,2.926,63.223,186.598,,321.982,851.886,310.835,19.83,Running,0,8,89.75,14.74,100,335.391,,,,,,321.982,,,
2025-07-08 00:00:00,daily,VF-01,Ventilation Fan 01,Ventilation Fan,Surface,2.587,58.436,175.276,,295.124,900.149,323.464,20.45,Running,0,3,92.8,7.36,102,305.47,,,,,,295.124,,,
2025-07-09 00:00:00,daily,VF-01,Ventilation Fan 01,Ventilation Fan,Surface,2.446,64.65,189.926,,316.801,867.33,327.207,20.43,Running,0,5,90.82,13.32,107,313.482,,,,,,316.801,,,
2025-07-10 00:00:00,daily,VF-01,Ventilation Fan 01,Ventilation Fan,Surface,2.88,63.327,200.02,,317.404,885.038,342.66,20.17,Running,0,6,88.59,12.89,99,314.74,,,,,,317.404,,,
2025-07-11 00:00:00,daily,VF-01,Ventilation Fan 01,Ventilation Fan,Surface,2.745,61.103,170.461,,302.745,879.874,324.794,18.42,Running,0,4,89.32,12.9,99,327.388,,,,,,302.745,,,
2025-07-12 00:00:00,daily,VF-01,Ventilation Fan 01,Ventilation Fan,Surface,2.445,59.038,188.44,,294.221,872.184,310.757,18.62,Running,0,2,91.65,7.65,105,370.731,,,,,,294.221,,,
2025-07-13 00:00:00,daily,VF-01,Ventilation Fan 01,Ventilation Fan,Surface,2.856,63.543,189.158,,285.148,894.618,305.41,17.5,Running,0,4,91.24,11.91,96,312.407,,,,,,285.148,,,
2025-07-14 00:00:00,daily,VF-01,Ventilation Fan 01,Ventilation Fan,Surface,2.704,62.402,189.097,,301.373,837.305,334.458,16.68,Running,0,6,88.0,20.02,93,311.566,,,,,,301.373,,,
2025-07-15 00:00:00,daily,VF-01,Ventilation Fan 01,Ventilation Fan,Surface,2.882,58.548,199.176,,315.03,886.823,332.302,19.46,Running,0,14,89.39,14.62,99,308.477,,,,,,315.03,,,
2025-07-16 00:00:00,daily,VF-01,Ventilation Fan 01,Ventilation Fan,Surface,2.864,61.013,202.757,,295.745,891.74,322.305,21.25,Running,1,10,89.86,15.48,102,343.885,,,,,,295.745,,,
2025-07-17 00:00:00,daily,VF-01,Ventilation Fan 01,Ventilation Fan,Surface,2.635,67.744,182.374,,309.8,863.784,323.73,17.03,Running,1,3,88.65,20.6,99,330.383,,,,,,309.8,,,
2025-07-18 00:00:00,daily,VF-01,Ventilation Fan 01,Ventilation Fan,Surface,2.911,61.539,190.577,,290.88,926.94,337.461,20.2,Running,0,9,93.15,10.39,97,313.32,,,,,,290.88,,,
2025-07-19 00:00:00,daily,VF-01,Ventilation Fan 01,Ventilation Fan,Surface,2.664,60.037,185.32,,305.75,880.533,353.529,21.19,Running,0,4,89.68,12.92,92,324.025,,,,,,305.75,,,
2025-07-20 00:00:00,daily,VF-01,Ventilation Fan 01,Ventilation Fan,Surface,2.68,59.518,178.917,,294.751,888.347,318.834,16.15,Running,1,6,89.13,13.96,97,315.486,,,,,,294.751,,,
2025-07-21 00:00:00,daily,VF-01,Ventilation Fan 01,Ventilation Fan,Surface,2.66,65.094,187.088,,307.539,880.504,332.775,19.16,Running,0,8,91.06,12.52,102,337.271,,,,,,307.539,,,
2025-07-22 00:00:00,daily,VF-01,Ventilation Fan 01,Ventilation Fan,Surface,3.028,63.261,190.739,,302.421,891.698,346.722,22.84,Running,0,0,88.49,14.85,92,385.077,,,,,,302.421,,,
2025-07-23 00:00:00,daily,VF-01,Ventilation Fan 01,Ventilation Fan,Surface,2.72,64.395,186.692,,294.108,922.232,319.008,20.74,Running,0,4,90.61,12.03,96,342.444,,,,,,294.108,,,
2025-07-24 00:00:00,daily,VF-01,Ventilation Fan 01,Ventilation Fan,Surface,3.086,62.091,176.855,,300.444,947.819,331.213,16.09,Running,0,5,86.25,21.22,95,329.604,,,,,,300.444,,,
2025-07-25 00:00:00,daily,VF-01,Ventilation Fan 01,Ventilation Fan,Surface,3.178,64.118,180.659,,297.098,909.776,330.893,20.94,Running,0,8,88.12,18.69,94,318.201,,,,,,297.098,,,
2025-07-26 00:00:00,daily,VF-01,Ventilation Fan 01,Ventilation Fan,Surface,2.626,59.929,180.774,,292.499,917.267,310.558,18.24,Running,0,5,90.44,10.09,97,304.67,,,,,,292.499,,,
2025-07-27 00:00:00,daily,VF-01,Ventilation Fan 01,Ventilation Fan,Surface,2.148,61.966,177.341,,321.216,931.051,334.272,21.01,Running,0,4,91.2,10.69,98,346.25,,,,,,321.216,,,
2025-07-28 00:00:00,daily,VF-01,Ventilation Fan 01,Ventilation Fan,Surface,3.022,62.231,187.792,,303.858,898.724,332.119,18.36,Running,0,6,87.37,16.75,98,345.202,,,,,,303.858,,,
2025-07-29 00:00:00,daily,VF-01,Ventilation Fan 01,Ventilation Fan,Surface,2.719,64.437,188.78,,281.71,927.752,340.534,19.58,Running,0,13,87.11,19.25,92,322.331,,,,,,281.71,,,
2025-07-30 00:00:00,daily,VF-01,Ventilation Fan 01,Ventilation Fan,Surface,2.606,62.326,193.879,,300.614,910.598,312.701,18.65,Running,0,8,89.36,17.18,89,355.958,,,,,,300.614,,,
2025-07-31 00:00:00,daily,VF-01,Ventilation Fan 01,Ventilation Fan,Surface,2.67,60.453,177.393,,319.026,896.29,331.89,19.69,Running,1,9,87.38,23.08,96,332.153,,,,,,319.026,,,
2025-08-01 00:00:00,daily,VF-01,Ventilation Fan 01,Ventilation Fan,Surface,2.71,61.848,179.962,,298.869,900.788,353.878,18.59,Running,0,7,87.87,16.06,93,347.265,,,,,,298.869,,,
2025-08-02 00:00:00,daily,VF-01,Ventilation Fan 01,Ventilation Fan,Surface,3.089,58.383,199.198,,325.933,852.966,365.049,19.25,Running,0,12,89.62,13.7,102,337.733,,,,,,325.933,,,
2025-08-03 00:00:00,daily,VF-01,Ventilation Fan 01,Ventilation Fan,Surface,2.841,57.11,183.775,,297.636,899.421,352.331,17.42,Running,1,8,87.27,19.0,102,328.306,,,,,,297.636,,,
2025-08-04 00:00:00,daily,VF-01,Ventilation Fan 01,Ventilation Fan,Surface,3.091,63.431,185.576,,313.912,858.988,313.056,20.62,Running,1,5,84.92,19.75,103,312.791,,,,,,313.912,,,
2025-08-05 00:00:00,daily,VF-01,Ventilation Fan 01,Ventilation Fan,Surface,2.919,61.035,183.778,,320.265,857.151,339.146,20.02,Running,1,0,85.9,19.46,91,329.018,,,,,,320.265,,,
2025-08-06 00:00:00,daily,VF-01,Ventilation Fan 01,Ventilation Fan,Surface,2.745,61.278,195.6,,313.182,897.107,324.239,16.58,Running,0,1,87.92,16.08,97,348.811,,,,,,313.182,,,
2025-08-07 00:00:00,daily,VF-01,Ventilation Fan 01,Ventilation Fan,Surface,2.729,63.479,195.999,,291.24,868.31,336.553,21.59,Running,0,5,84.84,15.98,98,321.848,,,,,,291.24,,,
2025-08-08 00:00:00,daily,VF-01,Ventilation Fan 01,Ventilation Fan,Surface,2.941,64.628,195.521,,296.378,892.618,319.696,19.34,Running,1,7,87.27,18.07,97,340.846,,,,,,296.378,,,
2025-08-09 00:00:00,daily,VF-01,Ventilation Fan 01,Ventilation Fan,Surface,3.0,62.92,185.792,,321.682,895.776,304.677,19.99,Running,0,5,85.44,20.02,92,310.438,,,,,,321.682,,,
2025-08-10 00:00:00,daily,VF-01,Ventilation Fan 01,Ventilation Fan,Surface,3.041,65.724,177.751,,297.939,896.712,326.621,21.15,Running,1,8,90.21,16.25,99,347.735,,,,,,297.939,,,
2025-08-11 00:00:00,daily,VF-01,Ventilation Fan 01,Ventilation Fan,Surface,2.767,62.89,202.981,,319.256,872.75,343.737,20.31,Running,0,3,90.97,12.65,93,338.434,,,,,,319.256,,,
2025-08-12 00:00:00,daily,VF-01,Ventilation Fan 01,Ventilation Fan,Surface,2.866,62.506,193.412,,302.337,912.366,336.825,21.92,Running,1,3,85.74,17.46,94,308.175,,,,,,302.337,,,
2025-08-13 00:00:00,daily,VF-01,Ventilation Fan 01,Ventilation Fan,Surface,2.958,62.399,181.646,,309.151,890.586,338.706,19.12,Running,1,9,87.76,16.62,87,327.779,,,,,,309.151,,,
2025-08-14 00:00:00,daily,VF-01,Ventilation Fan 01,Ventilation Fan,Surface,2.747,59.365,198.622,,290.772,902.207,335.763,21.67,Running,1,12,85.73,15.79,95,350.93,,,,,,290.772,,,
2025-08-15 00:00:00,daily,VF-01,Ventilation Fan 01,Ventilation Fan,Surface,2.585,63.865,181.039,,300.059,866.136,338.816,19.92,Running,0,2,86.7,16.2,92,307.163,,,,,,300.059,,,
2025-08-16 00:00:00,daily,VF-01,Ventilation Fan 01,Ventilation Fan,Surface,2.659,57.08,198.608,,296.806,888.488,340.859,20.65,Running,0,7,90.0,15.28,94,310.968,,,,,,296.806,,,
2025-08-17 00:00:00,daily,VF-01,Ventilation Fan 01,Ventilation Fan,Surface,2.786,60.816,199.269,,309.968,916.505,328.035,20.45,Running,0,0,86.29,18.71,93,331.04,,,,,,309.968,,,
2025-08-18 00:00:00,daily,VF-01,Ventilation Fan 01,Ventilation Fan,Surface,2.987,62.051,177.723,,308.331,913.661,333.799,22.06,Running,0,1,86.49,20.75,93,375.139,,,,,,308.331,,,
2025-08-19 00:00:00,daily,VF-01,Ventilation Fan 01,Ventilation Fan,Surface,3.121,60.444,191.305,,312.715,874.73,360.408,21.07,Running,1,4,85.36,16.56,92,319.065,,,,,,312.715,,,
2025-08-20 00:00:00,daily,VF-01,Ventilation Fan 01,Ventilation Fan,Surface,2.548,61.137,193.163,,301.228,880.221,334.832,18.83,Running,1,11,88.63,15.44,95,342.465,,,,,,301.228,,,
2025-08-21 00:00:00,daily,VF-01,Ventilation Fan 01,Ventilation Fan,Surface,2.718,65.738,209.71,,295.902,870.424,333.285,18.45,Running,1,5,81.49,24.96,91,337.806,,,,,,295.902,,,
2025-08-22 00:00:00,daily,VF-01,Ventilation Fan 01,Ventilation Fan,Surface,2.773,64.285,179.549,,309.208,877.687,334.294,19.58,Running,1,4,85.92,21.62,86,320.857,,,,,,309.208,,,
2025-08-23 00:00:00,daily,VF-01,Ventilation Fan 01,Ventilation Fan,Surface,3.029,60.723,199.177,,294.611,861.3,329.205,18.22,Running,0,8,86.48,20.28,94,335.914,,,,,,294.611,,,
2025-08-24 00:00:00,daily,VF-01,Ventilation Fan 01,Ventilation Fan,Surface,2.741,61.174,186.494,,319.857,888.992,325.771,17.66,Running,0,9,85.41,21.7,88,323.78,,,,,,319.857,,,
2025-08-25 00:00:00,daily,VF-01,Ventilation Fan 01,Ventilation Fan,Surface,2.765,59.577,175.22,,305.491,905.912,336.12,15.59,Running,1,4,87.77,20.2,86,325.625,,,,,,305.491,,,
2025-08-26 00:00:00,daily,VF-01,Ventilation Fan 01,Ventilation Fan,Surface,2.551,63.559,185.367,,302.901,874.663,324.734,16.71,Running,0,14,88.23,15.74,87,299.6,,,,,,302.901,,,
2025-08-27 00:00:00,daily,VF-01,Ventilation Fan 01,Ventilation Fan,Surface,2.971,61.668,186.525,,312.31,889.892,330.543,23.49,Running,1,8,83.97,25.11,92,332.382,,,,,,312.31,,,
2025-08-28 00:00:00,daily,VF-01,Ventilation Fan 01,Ventilation Fan,Surface,2.832,58.253,177.028,,305.796,886.986,320.268,18.42,Running,0,5,89.5,12.61,90,350.898,,,,,,305.796,,,
2025-08-29 00:00:00,daily,VF-01,Ventilation Fan 01,Ventilation Fan,Surface,2.726,62.406,189.423,,286.765,915.0,334.69,23.33,Running,1,6,83.79,20.53,82,334.11,,,,,,286.765,,,
2025-08-30 00:00:00,daily,VF-01,Ventilation Fan 01,Ventilation Fan,Surface,2.815,63.101,195.289,,293.873,878.283,342.354,20.45,Running,1,9,88.05,18.23,88,354.817,,,,,,293.873,,,
2025-08-31 00:00:00,daily,VF-01,Ventilation Fan 01,Ventilation Fan,Surface,3.123,64.168,188.868,,319.251,879.033,329.662,19.58,Running,1,12,86.15,16.38,95,344.66,,,,,,319.251,,,
2025-09-01 00:00:00,daily,VF-01,Ventilation Fan 01,Ventilation Fan,Surface,2.656,62.114,181.904,,307.513,873.026,300.965,16.8,Running,1,18,85.02,22.12,88,331.908,,,,,,307.513,,,
2025-09-02 00:00:00,daily,VF-01,Ventilation Fan 01,Ventilation Fan,Surface,2.695,61.534,185.501,,286.276,866.563,342.591,19.69,Running,0,4,85.09,21.07,89,320.587,,,,,,286.276,,,
2025-09-03 00:00:00,daily,VF-01,Ventilation Fan 01,Ventilation Fan,Surface,3.158,66.271,186.853,,310.627,903.179,335.115,23.31,Running,1,15,85.61,22.29,93,323.466,,,,,,310.627,,,
2025-09-04 00:00:00,daily,VF-01,Ventilation Fan 01,Ventilation Fan,Surface,2.902,62.33,188.907,,299.638,888.514,317.347,22.67,Running,0,11,85.92,19.6,92,303.828,,,,,,299.638,,,
2025-09-05 00:00:00,daily,VF-01,Ventilation Fan 01,Ventilation Fan,Surface,3.036,63.775,196.996,,295.803,892.642,345.658,20.21,Running,1,14,84.03,22.47,93,327.944,,,,,,295.803,,,
2025-09-06 00:00:00,daily,VF-01,Ventilation Fan 01,Ventilation Fan,Surface,2.979,61.276,189.513,,292.505,919.427,310.957,17.47,Running,0,8,85.05,21.95,78,336.252,,,,,,292.505,,,
2025-09-07 00:00:00,daily,VF-01,Ventilation Fan 01,Ventilation Fan,Surface,2.886,63.754,174.499,,318.19,920.64,350.106,17.84,Running,1,7,84.11,20.92,96,367.688,,,,,,318.19,,,
2025-09-08 00:00:00,daily,VF-01,Ventilation Fan 01,Ventilation Fan,Surface,2.82,59.482,182.12,,282.551,855.065,332.509,18.04,Running,0,14,83.32,21.95,91,343.993,,,,,,282.551,,,
2025-09-09 00:00:00,daily,VF-01,Ventilation Fan 01,Ventilation Fan,Surface,3.082,61.489,188.733,,296.033,905.483,297.173,22.13,Running,0,15,83.87,23.53,98,316.177,,,,,,296.033,,,
2025-09-10 00:00:00,daily,VF-01,Ventilation Fan 01,Ventilation Fan,Surface,3.157,60.016,197.414,,307.471,896.143,336.376,22.81,Running,1,19,83.26,23.38,85,304.735,,,,,,307.471,,,
2025-09-11 00:00:00,daily,VF-01,Ventilation Fan 01,Ventilation Fan,Surface,3.143,61.242,199.036,,324.916,880.972,327.071,20.06,Running,0,9,84.34,21.11,81,329.439,,,,,,324.916,,,
2025-09-12 00:00:00,daily,VF-01,Ventilation Fan 01,Ventilation Fan,Surface,2.646,64.972,203.387,,312.567,898.284,324.709,19.1,Running,1,7,85.63,19.96,88,349.854,,,,,,312.567,,,
2025-09-13 00:00:00,daily,VF-01,Ventilation Fan 01,Ventilation Fan,Surface,3.197,61.266,188.649,,295.714,853.042,321.863,22.65,Running,1,0,85.04,24.13,86,329.254,,,,,,295.714,,,
2025-09-14 00:00:00,daily,VF-01,Ventilation Fan 01,Ventilation Fan,Surface,2.834,63.947,194.402,,324.164,923.148,331.68,17.8,Running,0,0,87.93,16.01,90,344.555,,,,,,324.164,,,
2025-09-15 00:00:00,daily,VF-01,Ventilation Fan 01,Ventilation Fan,Surface,2.749,65.565,174.502,,289.496,902.245,326.001,19.78,Running,1,8,81.15,25.44,91,330.141,,,,,,289.496,,,
2025-09-16 00:00:00,daily,VF-01,Ventilation Fan 01,Ventilation Fan,Surface,2.881,62.495,191.521,,308.886,871.829,304.106,20.57,Running,1,2,85.36,17.09,87,348.153,,,,,,308.886,,,
2025-09-17 00:00:00,daily,VF-01,Ventilation Fan 01,Ventilation Fan,Surface,3.104,64.558,178.034,,311.5,877.931,354.215,18.02,Running,1,13,84.53,21.57,86,301.917,,,,,,311.5,,,
2025-09-18 00:00:00,daily,VF-01,Ventilation Fan 01,Ventilation Fan,Surface,3.043,63.653,187.209,,295.018,853.288,330.001,18.46,Running,0,2,85.75,21.27,89,365.995,,,,,,295.018,,,
2025-09-19 00:00:00,daily,VF-01,Ventilation Fan 01,Ventilation Fan,Surface,2.871,62.844,215.1,,313.906,883.796,322.25,18.31,Running,0,6,85.51,21.96,85,311.711,,,,,,313.906,,,
2025-09-20 00:00:00,daily,VF-01,Ventilation Fan 01,Ventilation Fan,Surface,3.114,64.131,190.624,,299.313,880.029,315.955,22.4,Running,1,6,84.01,22.6,85,349.885,,,,,,299.313,,,
2025-09-21 00:00:00,daily,VF-01,Ventilation Fan 01,Ventilation Fan,Surface,2.963,66.331,180.179,,313.765,861.443,346.392,23.36,Running,1,17,84.47,23.65,90,328.616,,,,,,313.765,,,
2025-09-22 00:00:00,daily,VF-01,Ventilation Fan 01,Ventilation Fan,Surface,2.809,61.397,191.684,,283.292,907.629,313.335,19.9,Running,0,6,82.92,25.37,91,331.793,,,,,,283.292,,,
2025-09-23 00:00:00,daily,VF-01,Ventilation Fan 01,Ventilation Fan,Surface,2.782,60.773,183.422,,309.33,918.577,336.304,19.17,Running,1,12,85.01,23.21,90,329.338,,,,,,309.33,,,
2025-09-24 00:00:00,daily,VF-01,Ventilation Fan 01,Ventilation Fan,Surface,3.031,60.676,179.49,,300.309,889.831,324.872,18.53,Running,1,13,80.94,28.65,85,339.322,,,,,,300.309,,,
2025-09-25 00:00:00,daily,VF-01,Ventilation Fan 01,Ventilation Fan,Surface,2.926,64.722,207.126,,318.993,883.653,325.854,19.68,Running,1,15,85.11,23.99,77,343.411,,,,,,318.993,,,
2025-09-26 00:00:00,daily,VF-01,Ventilation Fan 01,Ventilation Fan,Surface,2.644,65.012,197.861,,304.612,899.892,316.654,18.62,Running,1,14,83.75,22.42,85,355.479,,,,,,304.612,,,
2025-09-27 00:00:00,daily,VF-01,Ventilation Fan 01,Ventilation Fan,Surface,3.136,61.7,191.432,,320.073,889.836,324.437,19.49,Running,0,8,82.92,21.26,82,362.521,,,,,,320.073,,,
2025-09-28 00:00:00,daily,VF-01,Ventilation Fan 01,Ventilation Fan,Surface,2.847,58.523,184.858,,311.116,866.404,334.554,20.47,Running,1,0,83.24,24.79,84,341.05,,,,,,311.116,,,
2025-09-29 00:00:00,daily,VF-01,Ventilation Fan 01,Ventilation Fan,Surface,3.306,61.466,185.649,,303.437,875.798,338.229,18.9,Running,1,9,83.28,24.97,82,368.738,,,,,,303.437,,,
2025-09-30 00:00:00,daily,VF-01,Ventilation Fan 01,Ventilation Fan,Surface,2.65,63.932,202.391,,314.362,883.58,321.946,19.32,Running,1,9,85.53,23.4,84,336.375,,,,,,314.362,,,
2025-10-01 00:00:00,daily,VF-01,Ventilation Fan 01,Ventilation Fan,Surface,2.922,62.724,191.331,,314.38,895.505,333.112,19.32,Running,1,9,88.54,18.6,80,356.116,,,,,,314.38,,,
2025-10-02 00:00:00,daily,VF-01,Ventilation Fan 01,Ventilation Fan,Surface,2.811,63.239,160.89,,310.456,890.195,348.834,19.07,Running,0,5,85.24,24.56,79,343.193,,,,,,310.456,,,
2025-10-03 00:00:00,daily,VF-01,Ventilation Fan 01,Ventilation Fan,Surface,2.753,61.853,210.487,,277.227,894.561,308.069,18.83,Running,0,18,82.3,26.02,89,323.686,,,,,,277.227,,,
2025-10-04 00:00:00,daily,VF-01,Ventilation Fan 01,Ventilation Fan,Surface,2.863,64.949,190.409,,292.886,856.331,334.622,21.14,Running,1,9,84.13,22.68,80,338.347,,,,,,292.886,,,
2025-10-05 00:00:00,daily,VF-01,Ventilation Fan 01,Ventilation Fan,Surface,3.363,63.628,191.915,,321.227,904.455,319.562,16.28,Running,1,3,84.11,19.47,84,344.838,,,,,,321.227,,,
2025-10-06 00:00:00,daily,VF-01,Ventilation Fan 01,Ventilation Fan,Surface,3.008,64.136,198.669,,289.487,889.839,317.984,22.7,Running,1,8,81.47,26.56,87,334.183,,,,,,289.487,,,
2025-10-07 00:00:00,daily,VF-01,Ventilation Fan 01,Ventilation Fan,Surface,2.805,63.302,193.142,,315.089,945.866,339.056,19.94,Running,1,23,80.85,25.7,87,343.137,,,,,,315.089,,,
2025-10-08 00:00:00,daily,VF-01,Ventilation Fan 01,Ventilation Fan,Surface,2.58,64.054,195.739,,312.918,881.121,326.208,20.85,Running,1,14,82.68,24.67,86,352.239,,,,,,312.918,,,
2025-10-09 00:00:00,daily,VF-01,Ventilation Fan 01,Ventilation Fan,Surface,2.607,63.944,185.268,,295.672,896.708,315.516,21.07,Running,1,15,83.99,22.52,84,334.517,,,,,,295.672,,,
2025-10-10 00:00:00,daily,VF-01,Ventilation Fan 01,Ventilation Fan,Surface,2.871,61.193,178.078,,280.378,951.778,356.226,18.32,Running,2,4,80.04,28.89,86,276.16,,,,,,280.378,,,
2025-10-11 00:00:00,daily,VF-01,Ventilation Fan 01,Ventilation Fan,Surface,2.852,63.816,191.733,,297.434,893.747,349.812,17.92,Running,1,6,81.38,25.87,88,368.656,,,,,,297.434,,,
2025-10-12 00:00:00,daily,VF-01,Ventilation Fan 01,Ventilation Fan,Surface,2.945,64.675,202.16,,329.137,887.931,304.227,17.7,Running,1,6,83.37,25.16,84,329.192,,,,,,329.137,,,
2025-10-13 00:00:00,daily,VF-01,Ventilation Fan 01,Ventilation Fan,Surface,2.498,65.424,183.511,,293.782,867.649,311.607,19.21,Running,0,9,82.43,19.15,75,318.732,,,,,,293.782,,,
2025-10-14 00:00:00,daily,VF-01,Ventilation Fan 01,Ventilation Fan,Surface,2.981,63.968,182.854,,294.549,922.925,344.747,21.02,Running,0,8,84.55,22.01,80,312.769,,,,,,294.549,,,
2025-10-15 00:00:00,daily,VF-01,Ventilation Fan 01,Ventilation Fan,Surface,3.23,61.227,200.461,,292.049,863.745,330.747,18.56,Running,1,8,79.94,30.49,85,328.576,,,,,,292.049,,,
2025-10-16 00:00:00,daily,VF-01,Ventilation Fan 01,Ventilation Fan,Surface,3.364,61.557,185.423,,318.537,898.583,359.368,20.85,Running,1,7,85.88,23.51,79,324.104,,,,,,318.537,,,
2025-10-17 00:00:00,daily,VF-01,Ventilation Fan 01,Ventilation Fan,Surface,2.593,62.331,185.909,,300.983,878.71,345.274,15.13,Running,1,6,79.57,30.07,88,320.673,,,,,,300.983,,,
2025-10-18 00:00:00,daily,VF-01,Ventilation Fan 01,Ventilation Fan,Surface,2.837,63.602,186.312,,296.326,884.904,340.259,18.94,Running,0,12,78.7,33.19,81,321.825,,,,,,296.326,,,
2025-10-19 00:00:00,daily,VF-01,Ventilation Fan 01,Ventilation Fan,Surface,2.828,63.001,189.151,,320.737,857.684,319.172,21.92,Running,0,18,81.77,25.86,81,346.116,,,,,,320.737,,,
2025-10-20 00:00:00,daily,VF-01,Ventilation Fan 01,Ventilation Fan,Surface,3.051,61.02,175.64,,310.668,918.5,343.439,19.35,Running,1,1,79.96,28.06,85,376.183,,,,,,310.668,,,
2025-10-21 00:00:00,daily,VF-01,Ventilation Fan 01,Ventilation Fan,Surface,2.754,61.03,185.015,,292.621,882.78,315.218,18.09,Running,1,13,81.63,26.78,80,352.042,,,,,,292.621,,,
2025-10-22 00:00:00,daily,VF-01,Ventilation Fan 01,Ventilation Fan,Surface,3.396,59.115,192.01,,288.908,862.1,356.569,18.42,Running,1,19,81.49,25.91,81,358.137,,,,,,288.908,,,
2025-10-23 00:00:00,daily,VF-01,Ventilation Fan 01,Ventilation Fan,Surface,3.038,57.096,192.012,,317.427,916.332,342.495,13.87,Running,1,9,81.21,24.74,84,328.192,,,,,,317.427,,,
2025-10-24 00:00:00,daily,VF-01,Ventilation Fan 01,Ventilation Fan,Surface,3.005,63.093,200.493,,303.668,877.622,322.598,17.74,Running,1,7,80.09,26.84,74,337.889,,,,,,303.668,,,
2025-10-25 00:00:00,daily,VF-01,Ventilation Fan 01,Ventilation Fan,Surface,3.385,68.02,206.693,,284.816,896.014,348.726,21.71,Running,1,14,82.05,22.91,79,344.38,,,,,,284.816,,,
2025-10-26 00:00:00,daily,VF-01,Ventilation Fan 01,Ventilation Fan,Surface,3.035,66.995,203.818,,281.945,907.104,371.771,18.56,Running,1,4,80.76,27.99,83,322.715,,,,,,281.945,,,
2025-10-27 00:00:00,daily,VF-01,Ventilation Fan 01,Ventilation Fan,Surface,3.13,61.468,198.505,,289.887,898.961,332.48,18.79,Running,0,9,82.95,23.89,80,327.447,,,,,,289.887,,,
2025-10-28 00:00:00,daily,VF-01,Ventilation Fan 01,Ventilation Fan,Surface,2.879,63.747,189.003,,288.343,840.146,344.824,15.2,Running,0,4,80.81,26.14,85,353.109,,,,,,288.343,,,
2025-10-29 00:00:00,daily,VF-01,Ventilation Fan 01,Ventilation Fan,Surface,2.746,60.541,184.802,,278.601,903.709,329.164,16.55,Running,1,0,79.47,27.61,73,357.879,,,,,,278.601,,,
2025-10-30 00:00:00,daily,VF-01,Ventilation Fan 01,Ventilation Fan,Surface,2.917,60.868,190.639,,289.896,886.137,337.495,21.96,Running,1,11,78.23,31.49,72,337.478,,,,,,289.896,,,
2025-10-31 00:00:00,daily,VF-01,Ventilation Fan 01,Ventilation Fan,Surface,3.535,61.121,195.817,,291.998,881.051,312.07,20.87,Running,2,2,80.57,28.76,82,312.282,,,,,,291.998,,,
2025-11-01 00:00:00,daily,VF-01,Ventilation Fan 01,Ventilation Fan,Surface,3.197,63.087,198.013,,297.412,885.829,336.233,17.19,Running,1,11,78.73,27.52,82,330.33,,,,,,297.412,,,
2025-11-02 00:00:00,daily,VF-01,Ventilation Fan 01,Ventilation Fan,Surface,3.121,63.196,196.292,,323.215,852.747,336.996,18.47,Running,1,19,78.51,27.5,78,307.472,,,,,,323.215,,,
2025-11-03 00:00:00,daily,VF-01,Ventilation Fan 01,Ventilation Fan,Surface,2.849,64.09,189.662,,299.634,892.334,365.139,19.62,Running,0,24,81.43,27.9,80,337.859,,,,,,299.634,,,
2025-11-04 00:00:00,daily,VF-01,Ventilation Fan 01,Ventilation Fan,Surface,3.268,64.934,197.904,,300.761,858.028,307.692,17.38,Running,1,12,77.66,28.53,81,341.52,,,,,,300.761,,,
2025-11-05 00:00:00,daily,VF-01,Ventilation Fan 01,Ventilation Fan,Surface,2.772,62.957,202.24,,308.819,881.694,331.974,15.83,Running,1,17,82.68,25.35,75,331.054,,,,,,308.819,,,
2025-11-06 00:00:00,daily,VF-01,Ventilation Fan 01,Ventilation Fan,Surface,2.729,63.726,198.883,,299.796,891.359,357.135,19.37,Running,2,15,80.59,30.41,75,341.36,,,,,,299.796,,,
2025-11-07 00:00:00,daily,VF-01,Ventilation Fan 01,Ventilation Fan,Surface,2.954,61.489,190.743,,307.381,911.488,332.714,20.78,Running,1,9,80.18,30.99,78,344.921,,,,,,307.381,,,
2025-11-08 00:00:00,daily,VF-01,Ventilation Fan 01,Ventilation Fan,Surface,3.51,61.011,183.596,,305.882,869.765,333.899,20.82,Running,2,0,78.51,31.57,81,341.777,,,,,,305.882,,,
2025-11-09 00:00:00,daily,VF-01,Ventilation Fan 01,Ventilation Fan,Surface,3.501,60.726,183.453,,303.921,919.669,323.365,21.36,Running,1,22,81.3,27.6,73,312.667,,,,,,303.921,,,
2025-11-10 00:00:00,daily,VF-01,Ventilation Fan 01,Ventilation Fan,Surface,2.988,65.046,185.11,,335.583,908.502,321.833,16.7,Running,1,4,79.99,32.52,76,331.69,,,,,,335.583,,,
2025-11-11 00:00:00,daily,VF-01,Ventilation Fan 01,Ventilation Fan,Surface,2.942,63.095,193.625,,313.254,878.162,307.599,19.79,Running,1,19,78.81,25.0,76,345.01,,,,,,313.254,,,
2025-11-12 00:00:00,daily,VF-01,Ventilation Fan 01,Ventilation Fan,Surface,2.733,60.052,196.061,,289.274,863.154,326.803,19.16,Running,1,14,80.14,26.88,78,368.445,,,,,,289.274,,,
2025-11-13 00:00:00,daily,VF-01,Ventilation Fan 01,Ventilation Fan,Surface,3.114,63.692,178.722,,306.632,855.719,321.099,19.51,Running,1,5,77.04,33.84,76,331.49,,,,,,306.632,,,
2025-11-14 00:00:00,daily,VF-01,Ventilation Fan 01,Ventilation Fan,Surface,3.136,61.344,186.988,,292.623,893.399,338.876,19.27,Running,1,15,77.03,31.48,74,348.004,,,,,,292.623,,,
2025-11-15 00:00:00,daily,VF-01,Ventilation Fan 01,Ventilation Fan,Surface,3.277,67.186,193.785,,307.413,871.137,324.443,18.41,Running,1,31,77.77,33.6,81,354.608,,,,,,307.413,,,
2025-11-16 00:00:00,daily,VF-01,Ventilation Fan 01,Ventilation Fan,Surface,3.307,62.731,183.569,,285.49,913.679,329.43,13.89,Running,1,22,80.03,27.87,74,333.171,,,,,,285.49,,,
2025-11-17 00:00:00,daily,VF-01,Ventilation Fan 01,Ventilation Fan,Surface,3.067,65.276,195.643,,288.633,872.281,329.927,21.91,Running,1,8,79.38,29.13,75,360.13,,,,,,288.633,,,
2025-11-18 00:00:00,daily,VF-01,Ventilation Fan 01,Ventilation Fan,Surface,3.236,66.114,189.043,,305.987,867.352,336.45,20.31,Running,0,6,80.98,26.08,69,361.264,,,,,,305.987,,,
2025-11-19 00:00:00,daily,VF-01,Ventilation Fan 01,Ventilation Fan,Surface,2.963,62.051,185.371,,313.766,892.242,328.823,16.83,Running,1,13,77.75,30.11,73,364.887,,,,,,313.766,,,
2025-11-20 00:00:00,daily,VF-01,Ventilation Fan 01,Ventilation Fan,Surface,3.238,64.137,192.432,,307.759,871.946,320.35,20.59,Running,1,10,80.05,26.84,77,346.507,,,,,,307.759,,,
2025-11-21 00:00:00,daily,VF-01,Ventilation Fan 01,Ventilation Fan,Surface,3.012,65.115,195.556,,311.91,887.163,338.77,18.82,Running,0,21,78.86,30.14,76,384.601,,,,,,311.91,,,
2025-11-22 00:00:00,daily,VF-01,Ventilation Fan 01,Ventilation Fan,Surface,3.228,64.264,184.461,,306.08,908.602,354.537,18.88,Running,1,18,77.45,30.02,77,325.151,,,,,,306.08,,,
2025-11-23 00:00:00,daily,VF-01,Ventilation Fan 01,Ventilation Fan,Surface,3.214,64.779,189.987,,303.597,889.425,339.572,18.2,Running,1,0,79.49,30.62,77,379.998,,,,,,303.597,,,
2025-11-24 00:00:00,daily,VF-01,Ventilation Fan 01,Ventilation Fan,Surface,3.149,61.422,196.452,,295.415,889.442,327.819,20.71,Running,0,16,78.68,31.16,83,352.942,,,,,,295.415,,,
2025-11-25 00:00:00,daily,VF-01,Ventilation Fan 01,Ventilation Fan,Surface,3.312,65.213,185.457,,311.149,891.23,335.665,18.14,Running,1,12,77.69,33.43,71,364.443,,,,,,311.149,,,
2025-11-26 00:00:00,daily,VF-01,Ventilation Fan 01,Ventilation Fan,Surface,2.795,63.157,177.469,,313.624,849.403,304.885,17.57,Running,1,11,78.68,27.59,68,331.295,,,,,,313.624,,,
2025-11-27 00:00:00,daily,VF-01,Ventilation Fan 01,Ventilation Fan,Surface,2.91,64.853,178.632,,300.5,895.207,335.525,21.85,Running,1,12,78.32,26.96,70,354.645,,,,,,300.5,,,
2025-11-28 00:00:00,daily,VF-01,Ventilation Fan 01,Ventilation Fan,Surface,3.088,66.018,188.772,,299.787,890.04,331.41,19.34,Running,1,21,78.19,30.52,71,366.355,,,,,,299.787,,,
2025-11-29 00:00:00,daily,VF-01,Ventilation Fan 01,Ventilation Fan,Surface,2.834,65.54,180.742,,320.219,906.1,322.94,19.4,Running,2,24,77.69,37.03,70,316.128,,,,,,320.219,,,
2025-11-30 00:00:00,daily,VF-01,Ventilation Fan 01,Ventilation Fan,Surface,3.065,64.925,189.552,,300.809,899.719,325.902,21.01,Running,1,8,76.18,35.89,74,334.669,,,,,,300.809,,,
2025-12-01 00:00:00,daily,VF-01,Ventilation Fan 01,Ventilation Fan,Surface,3.076,65.536,207.74,,301.894,881.882,331.433,18.4,Running,0,11,78.3,29.28,78,295.171,,,,,,301.894,,,
2025-12-02 00:00:00,daily,VF-01,Ventilation Fan 01,Ventilation Fan,Surface,3.45,65.653,180.422,,306.728,908.972,353.936,18.78,Running,1,10,76.81,33.32,79,334.49,,,,,,306.728,,,
2025-12-03 00:00:00,daily,VF-01,Ventilation Fan 01,Ventilation Fan,Surface,3.196,67.292,190.36,,299.676,879.756,355.591,20.27,Running,1,0,76.37,34.54,75,321.797,,,,,,299.676,,,
2025-12-04 00:00:00,daily,VF-01,Ventilation Fan 01,Ventilation Fan,Surface,3.395,64.258,212.168,,290.937,891.565,323.328,16.72,Running,1,11,77.53,28.72,81,333.823,,,,,,290.937,,,
2025-12-05 00:00:00,daily,VF-01,Ventilation Fan 01,Ventilation Fan,Surface,3.238,64.679,196.725,,305.247,879.216,329.95,20.1,Running,1,28,79.0,32.13,71,396.712,,,,,,305.247,,,
2025-12-06 00:00:00,daily,VF-01,Ventilation Fan 01,Ventilation Fan,Surface,3.058,66.24,189.817,,300.178,896.154,330.419,18.23,Running,1,0,78.04,30.41,66,372.657,,,,,,300.178,,,
2025-12-07 00:00:00,daily,VF-01,Ventilation Fan 01,Ventilation Fan,Surface,3.208,63.42,191.789,,322.681,877.646,351.315,21.32,Running,1,13,76.8,32.29,76,309.573,,,,,,322.681,,,
2025-12-08 00:00:00,daily,VF-01,Ventilation Fan 01,Ventilation Fan,Surface,3.343,61.755,197.14,,309.966,922.108,340.751,20.73,Running,1,13,76.65,32.73,65,349.538,,,,,,309.966,,,
2025-12-09 00:00:00,daily,VF-01,Ventilation Fan 01,Ventilation Fan,Surface,3.448,65.437,208.613,,293.29,930.177,339.969,20.48,Running,2,15,78.5,32.39,69,354.463,,,,,,293.29,,,
2025-12-10 00:00:00,daily,VF-01,Ventilation Fan 01,Ventilation Fan,Surface,3.16,64.063,188.649,,309.115,904.955,347.126,16.59,Running,2,6,73.56,35.51,74,331.788,,,,,,309.115,,,
2025-12-11 00:00:00,daily,VF-01,Ventilation Fan 01,Ventilation Fan,Surface,2.831,62.086,186.683,,303.991,919.57,329.065,19.48,Running,0,1,78.58,26.57,71,342.174,,,,,,303.991,,,
2025-12-12 00:00:00,daily,VF-01,Ventilation Fan 01,Ventilation Fan,Surface,2.819,65.527,181.168,,315.94,851.732,360.492,17.42,Running,1,2,74.22,36.74,71,344.189,,,,,,315.94,,,
2025-12-13 00:00:00,daily,VF-01,Ventilation Fan 01,Ventilation Fan,Surface,3.128,67.413,194.581,,293.863,854.257,338.704,19.61,Running,0,23,74.86,31.1,66,311.8,,,,,,293.863,,,
2025-12-14 00:00:00,daily,VF-01,Ventilation Fan 01,Ventilation Fan,Surface,2.689,61.317,181.077,,302.351,878.386,325.099,15.23,Running,1,5,76.22,32.69,71,318.167,,,,,,302.351,,,
2025-12-15 00:00:00,daily,VF-01,Ventilation Fan 01,Ventilation Fan,Surface,3.602,66.646,189.63,,298.828,886.299,335.182,16.72,Running,1,8,80.43,29.78,75,342.302,,,,,,298.828,,,
2025-12-16 00:00:00,daily,VF-01,Ventilation Fan 01,Ventilation Fan,Surface,3.342,59.553,185.702,,300.648,880.964,358.629,21.96,Running,1,28,79.55,29.79,71,340.907,,,,,,300.648,,,
2025-12-17 00:00:00,daily,VF-01,Ventilation Fan 01,Ventilation Fan,Surface,3.075,63.852,203.624,,289.254,849.13,332.179,20.39,Running,1,7,77.91,33.01,67,324.81,,,,,,289.254,,,
2025-12-18 00:00:00,daily,VF-01,Ventilation Fan 01,Ventilation Fan,Surface,2.974,68.359,189.458,,306.716,910.524,354.237,19.0,Running,1,16,77.26,33.08,65,323.156,,,,,,306.716,,,
2025-12-19 00:00:00,daily,VF-01,Ventilation Fan 01,Ventilation Fan,Surface,3.448,64.047,197.682,,304.75,932.513,329.101,17.94,Running,1,28,73.62,41.75,67,337.311,,,,,,304.75,,,
2025-12-20 00:00:00,daily,VF-01,Ventilation Fan 01,Ventilation Fan,Surface,2.98,64.909,179.75,,315.086,913.234,326.919,17.6,Running,0,21,76.77,31.35,71,356.892,,,,,,315.086,,,
2025-12-21 00:00:00,daily,VF-01,Ventilation Fan 01,Ventilation Fan,Surface,3.005,66.28,195.447,,299.472,908.866,349.786,20.06,Running,1,2,75.55,35.03,71,337.703,,,,,,299.472,,,
2025-12-22 00:00:00,daily,VF-01,Ventilation Fan 01,Ventilation Fan,Surface,3.064,61.347,183.512,,294.58,889.891,325.312,19.02,Running,2,8,75.03,34.08,66,371.75,,,,,,294.58,,,
2025-12-23 00:00:00,daily,VF-01,Ventilation Fan 01,Ventilation Fan,Surface,3.261,64.95,190.587,,308.922,866.301,352.519,22.65,Running,1,17,76.5,34.82,60,325.442,,,,,,308.922,,,
2025-12-24 00:00:00,daily,VF-01,Ventilation Fan 01,Ventilation Fan,Surface,3.376,64.96,214.396,,289.848,886.374,345.048,19.33,Running,1,30,75.41,34.31,71,343.284,,,,,,289.848,,,
2025-12-25 00:00:00,daily,VF-01,Ventilation Fan 01,Ventilation Fan,Surface,3.506,68.582,202.962,,312.327,931.033,325.508,19.79,Running,0,7,77.46,34.99,65,332.4,,,,,,312.327,,,
2025-12-26 00:00:00,daily,VF-01,Ventilation Fan 01,Ventilation Fan,Surface,3.477,62.412,193.494,,312.23,876.897,338.406,17.01,Running,2,10,72.89,36.9,72,351.308,,,,,,312.23,,,
2025-12-27 00:00:00,daily,VF-01,Ventilation Fan 01,Ventilation Fan,Surface,3.251,64.146,223.518,,314.251,874.563,330.832,18.99,Running,1,18,76.02,36.39,66,323.981,,,,,,314.251,,,
2025-12-28 00:00:00,daily,VF-01,Ventilation Fan 01,Ventilation Fan,Surface,3.479,63.078,186.569,,303.611,908.863,345.26,20.02,Running,1,21,74.4,37.02,64,378.225,,,,,,303.611,,,
2025-12-29 00:00:00,daily,VF-01,Ventilation Fan 01,Ventilation Fan,Surface,3.11,62.892,205.37,,293.182,910.254,369.945,18.96,Running,0,20,75.06,34.85,69,305.928,,,,,,293.182,,,
2025-12-30 00:00:00,daily,VF-01,Ventilation Fan 01,Ventilation Fan,Surface,2.861,67.242,181.168,,300.258,865.71,333.873,18.75,Running,0,7,76.12,34.52,77,374.114,,,,,,300.258,,,
2025-12-31 00:00:00,daily,VF-01,Ventilation Fan 01,Ventilation Fan,Surface,3.118,65.067,192.845,,303.436,878.541,348.409,20.31,Running,1,10,73.75,37.27,71,341.669,,,,,,303.436,,,
2026-01-01 00:00:00,daily,VF-01,Ventilation Fan 01,Ventilation Fan,Surface,3.092,63.928,182.988,,292.081,873.182,340.324,22.59,Running,1,16,75.72,34.71,68,350.982,,,,,,292.081,,,
2026-01-02 00:00:00,daily,VF-01,Ventilation Fan 01,Ventilation Fan,Surface,3.134,64.03,197.513,,314.727,885.687,340.383,19.96,Running,1,25,75.02,34.55,69,366.688,,,,,,314.727,,,
2026-01-03 00:00:00,daily,VF-01,Ventilation Fan 01,Ventilation Fan,Surface,3.065,63.965,195.78,,305.618,908.365,337.419,21.88,Running,1,12,74.22,34.69,60,357.215,,,,,,305.618,,,
2026-01-04 00:00:00,daily,VF-01,Ventilation Fan 01,Ventilation Fan,Surface,3.179,64.171,192.586,,287.878,866.325,326.408,20.87,Running,1,14,74.43,35.12,63,325.526,,,,,,287.878,,,
2026-01-05 00:00:00,daily,VF-01,Ventilation Fan 01,Ventilation Fan,Surface,3.42,62.616,205.262,,321.106,907.916,345.554,21.76,Running,2,5,74.85,31.84,57,352.193,,,,,,321.106,,,
2026-01-06 00:00:00,daily,VF-01,Ventilation Fan 01,Ventilation Fan,Surface,3.665,64.654,190.409,,299.607,886.11,335.637,18.51,Running,0,33,73.78,38.39,74,377.606,,,,,,299.607,,,
2026-01-07 00:00:00,daily,VF-01,Ventilation Fan 01,Ventilation Fan,Surface,2.912,64.479,198.534,,285.236,934.979,325.845,19.28,Running,1,14,74.93,32.63,73,322.576,,,,,,285.236,,,
2026-01-08 00:00:00,daily,VF-01,Ventilation Fan 01,Ventilation Fan,Surface,3.012,63.708,203.057,,288.328,890.746,356.614,19.29,Running,1,24,74.39,35.43,68,382.755,,,,,,288.328,,,
2026-01-09 00:00:00,daily,VF-01,Ventilation Fan 01,Ventilation Fan,Surface,3.124,65.561,182.402,,316.071,881.529,342.036,20.73,Running,1,15,73.76,38.03,67,348.166,,,,,,316.071,,,
2026-01-10 00:00:00,daily,VF-01,Ventilation Fan 01,Ventilation Fan,Surface,3.471,65.757,189.095,,320.044,896.234,336.868,21.2,Running,1,14,77.2,33.6,60,331.853,,,,,,320.044,,,
2026-01-11 00:00:00,daily,VF-01,Ventilation Fan 01,Ventilation Fan,Surface,3.261,64.19,196.396,,310.184,876.102,362.024,19.92,Running,1,1,75.23,31.13,65,322.717,,,,,,310.184,,,
2026-01-12 00:00:00,daily,VF-01,Ventilation Fan 01,Ventilation Fan,Surface,3.151,65.042,201.663,,313.828,843.952,311.271,21.36,Running,1,0,73.86,36.41,73,336.183,,,,,,313.828,,,
2026-01-13 00:00:00,daily,VF-01,Ventilation Fan 01,Ventilation Fan,Surface,3.471,69.674,208.862,,312.522,878.085,361.079,18.6,Running,2,26,74.62,36.46,66,301.609,,,,,,312.522,,,
2026-01-14 00:00:00,daily,VF-01,Ventilation Fan 01,Ventilation Fan,Surface,3.528,69.625,194.209,,304.531,877.667,326.697,21.38,Running,0,16,72.65,38.39,63,332.475,,,,,,304.531,,,
2026-01-15 00:00:00,daily,VF-01,Ventilation Fan 01,Ventilation Fan,Surface,3.317,63.303,193.384,,301.722,848.203,344.231,21.63,Running,1,18,73.51,39.78,58,335.587,,,,,,301.722,,,
2026-01-16 00:00:00,daily,VF-01,Ventilation Fan 01,Ventilation Fan,Surface,3.145,63.609,188.459,,304.177,881.555,331.503,20.98,Running,2,3,73.6,35.31,70,319.424,,,,,,304.177,,,
2026-01-17 00:00:00,daily,VF-01,Ventilation Fan 01,Ventilation Fan,Surface,3.388,63.346,199.363,,306.457,837.614,326.21,19.94,Running,1,6,72.03,35.06,65,355.935,,,,,,306.457,,,
2026-01-18 00:00:00,daily,VF-01,Ventilation Fan 01,Ventilation Fan,Surface,3.281,67.606,193.8,,288.651,875.369,362.067,21.05,Running,1,25,74.56,37.24,58,336.669,,,,,,288.651,,,
2026-01-19 00:00:00,daily,VF-01,Ventilation Fan 01,Ventilation Fan,Surface,3.283,64.721,194.089,,306.258,888.305,370.81,17.96,Running,2,31,73.04,36.67,61,328.395,,,,,,306.258,,,
2026-01-20 00:00:00,daily,VF-01,Ventilation Fan 01,Ventilation Fan,Surface,3.227,66.025,195.792,,314.903,885.008,337.638,20.06,Running,0,8,73.19,34.02,59,334.671,,,,,,314.903,,,
2026-01-21 00:00:00,daily,VF-01,Ventilation Fan 01,Ventilation Fan,Surface,3.547,69.567,201.683,,294.848,873.758,346.612,20.26,Running,1,21,72.76,37.82,64,348.346,,,,,,294.848,,,
2026-01-22 00:00:00,daily,VF-01,Ventilation Fan 01,Ventilation Fan,Surface,3.403,65.579,191.726,,293.49,880.848,342.223,17.13,Running,1,15,78.31,32.83,65,342.775,,,,,,293.49,,,
2026-01-23 00:00:00,daily,VF-01,Ventilation Fan 01,Ventilation Fan,Surface,3.579,67.039,189.932,,302.893,865.407,369.066,20.59,Running,1,13,72.43,36.08,62,327.358,,,,,,302.893,,,
2026-01-24 00:00:00,daily,VF-01,Ventilation Fan 01,Ventilation Fan,Surface,3.649,66.695,200.848,,289.303,882.822,307.634,17.28,Warning,3,40,70.09,46.55,67,343.958,,,,,,289.303,,,
2026-01-25 00:00:00,daily,VF-01,Ventilation Fan 01,Ventilation Fan,Surface,3.46,64.505,169.813,,281.221,883.789,347.546,18.86,Running,1,11,70.75,39.28,64,340.498,,,,,,281.221,,,
2026-01-26 00:00:00,daily,VF-01,Ventilation Fan 01,Ventilation Fan,Surface,3.252,67.827,191.693,,310.72,862.633,329.945,19.76,Running,0,26,74.43,35.97,67,318.79,,,,,,310.72,,,
2026-01-27 00:00:00,daily,VF-01,Ventilation Fan 01,Ventilation Fan,Surface,3.596,64.037,186.847,,291.46,888.255,303.951,18.28,Running,1,16,75.26,32.19,62,335.876,,,,,,291.46,,,
2026-01-28 00:00:00,daily,VF-01,Ventilation Fan 01,Ventilation Fan,Surface,3.473,68.443,208.12,,297.017,888.044,335.945,19.84,Running,1,16,71.95,39.36,75,353.301,,,,,,297.017,,,
2026-01-29 00:00:00,daily,VF-01,Ventilation Fan 01,Ventilation Fan,Surface,3.947,64.616,193.405,,289.398,878.562,371.35,19.81,Running,2,26,74.99,34.74,60,353.224,,,,,,289.398,,,
2026-01-30 00:00:00,daily,VF-01,Ventilation Fan 01,Ventilation Fan,Surface,3.447,64.863,192.409,,311.964,935.409,331.352,18.11,Running,1,16,74.04,33.36,59,337.25,,,,,,311.964,,,
2026-01-31 00:00:00,daily,VF-01,Ventilation Fan 01,Ventilation Fan,Surface,3.536,63.669,197.101,,306.805,878.977,354.569,20.77,Running,1,17,72.46,44.2,58,355.452,,,,,,306.805,,,
2026-02-01 00:00:00,daily,VF-01,Ventilation Fan 01,Ventilation Fan,Surface,3.45,64.025,192.263,,293.601,875.855,361.163,18.21,Running,2,28,72.26,37.85,61,322.386,,,,,,293.601,,,
2026-02-02 00:00:00,daily,VF-01,Ventilation Fan 01,Ventilation Fan,Surface,3.368,65.048,194.08,,282.255,872.632,341.85,24.0,Running,2,26,72.87,36.99,55,323.073,,,,,,282.255,,,
2026-02-03 00:00:00,daily,VF-01,Ventilation Fan 01,Ventilation Fan,Surface,3.337,61.066,198.661,,292.173,860.49,344.048,19.47,Running,1,27,73.9,38.48,63,337.096,,,,,,292.173,,,
2026-02-04 00:00:00,daily,VF-01,Ventilation Fan 01,Ventilation Fan,Surface,3.463,65.49,194.072,,303.102,896.867,314.728,17.43,Running,1,0,73.04,41.37,54,372.14,,,,,,303.102,,,
2026-02-05 00:00:00,daily,VF-01,Ventilation Fan 01,Ventilation Fan,Surface,3.517,64.969,194.091,,298.446,866.605,330.799,17.79,Running,2,22,71.23,42.53,62,345.522,,,,,,298.446,,,
2026-02-06 00:00:00,daily,VF-01,Ventilation Fan 01,Ventilation Fan,Surface,3.66,67.592,188.946,,297.415,869.134,356.838,21.88,Running,1,17,71.94,36.88,56,336.818,,,,,,297.415,,,
2026-02-07 00:00:00,daily,VF-01,Ventilation Fan 01,Ventilation Fan,Surface,3.478,66.886,187.737,,298.569,869.713,343.365,18.89,Running,1,14,75.3,35.01,59,373.277,,,,,,298.569,,,
2026-02-08 00:00:00,daily,VF-01,Ventilation Fan 01,Ventilation Fan,Surface,3.312,64.653,198.75,,305.056,859.811,348.34,17.06,Running,1,19,72.44,34.82,63,336.724,,,,,,305.056,,,
2026-02-09 00:00:00,daily,VF-01,Ventilation Fan 01,Ventilation Fan,Surface,3.346,65.179,201.048,,295.371,842.881,344.662,21.32,Running,1,18,73.34,39.13,70,387.226,,,,,,295.371,,,
2026-02-10 00:00:00,daily,VF-01,Ventilation Fan 01,Ventilation Fan,Surface,3.131,65.655,185.519,,301.196,871.146,377.673,18.88,Running,0,20,72.72,34.92,56,332.375,,,,,,301.196,,,
2026-02-11 00:00:00,daily,VF-01,Ventilation Fan 01,Ventilation Fan,Surface,3.791,69.124,205.296,,283.875,900.469,335.781,20.93,Running,1,12,72.21,37.31,60,322.435,,,,,,283.875,,,
2026-02-12 00:00:00,daily,VF-01,Ventilation Fan 01,Ventilation Fan,Surface,3.311,64.536,205.417,,326.286,885.514,368.425,21.48,Running,0,31,71.85,39.4,57,339.411,,,,,,326.286,,,
2026-02-13 00:00:00,daily,VF-01,Ventilation Fan 01,Ventilation Fan,Surface,3.646,64.769,207.398,,292.156,915.438,344.944,20.21,Running,1,23,73.02,38.66,56,337.826,,,,,,292.156,,,
2026-02-14 00:00:00,daily,VF-01,Ventilation Fan 01,Ventilation Fan,Surface,3.498,63.979,201.409,,297.927,897.551,369.984,24.0,Running,0,20,72.64,37.78,57,326.723,,,,,,297.927,,,
2026-02-15 00:00:00,daily,VF-01,Ventilation Fan 01,Ventilation Fan,Surface,3.508,63.301,204.528,,302.203,892.482,323.347,16.37,Running,0,22,71.83,42.48,63,394.986,,,,,,302.203,,,
2026-02-16 00:00:00,daily,VF-01,Ventilation Fan 01,Ventilation Fan,Surface,3.42,66.907,218.545,,290.398,922.298,345.97,18.11,Running,2,30,70.2,43.16,57,349.388,,,,,,290.398,,,
2026-02-17 00:00:00,daily,VF-01,Ventilation Fan 01,Ventilation Fan,Surface,3.276,66.727,196.251,,295.343,878.667,336.787,19.19,Running,1,27,71.84,40.72,68,352.37,,,,,,295.343,,,
2026-02-18 00:00:00,daily,VF-01,Ventilation Fan 01,Ventilation Fan,Surface,3.24,68.915,189.638,,295.119,882.116,345.387,24.0,Running,1,14,71.02,38.11,61,333.918,,,,,,295.119,,,
2026-02-19 00:00:00,daily,VF-01,Ventilation Fan 01,Ventilation Fan,Surface,3.838,68.461,185.328,,284.123,880.401,362.783,23.13,Running,1,29,70.55,44.64,55,331.672,,,,,,284.123,,,
2026-02-20 00:00:00,daily,VF-01,Ventilation Fan 01,Ventilation Fan,Surface,3.487,71.201,215.021,,300.276,914.54,349.356,22.15,Running,1,15,75.23,33.07,57,363.806,,,,,,300.276,,,
2026-02-21 00:00:00,daily,VF-01,Ventilation Fan 01,Ventilation Fan,Surface,3.713,66.287,215.224,,275.143,880.556,362.891,18.16,Warning,2,42,68.39,47.72,55,309.848,,,,,,275.143,,,
2026-02-22 00:00:00,daily,VF-01,Ventilation Fan 01,Ventilation Fan,Surface,3.774,65.943,191.069,,315.887,866.163,332.712,18.38,Running,1,29,72.3,42.83,62,320.578,,,,,,315.887,,,
2026-02-23 00:00:00,daily,VF-01,Ventilation Fan 01,Ventilation Fan,Surface,3.383,63.892,192.931,,304.291,893.278,330.34,18.09,Running,2,11,69.29,44.02,52,338.559,,,,,,304.291,,,
2026-02-24 00:00:00,daily,VF-01,Ventilation Fan 01,Ventilation Fan,Surface,3.571,67.914,196.646,,302.366,862.315,343.833,18.18,Running,2,42,70.79,42.96,53,370.597,,,,,,302.366,,,
2026-02-25 00:00:00,daily,VF-01,Ventilation Fan 01,Ventilation Fan,Surface,3.491,66.786,210.667,,273.777,891.932,343.028,22.55,Running,1,0,74.6,29.4,55,336.156,,,,,,273.777,,,
2026-02-26 00:00:00,daily,VF-01,Ventilation Fan 01,Ventilation Fan,Surface,3.231,67.881,188.149,,285.027,889.224,340.743,19.21,Running,0,24,68.86,43.21,60,352.04,,,,,,285.027,,,
2026-02-27 00:00:00,daily,VF-01,Ventilation Fan 01,Ventilation Fan,Surface,3.449,64.329,182.121,,311.13,875.876,328.449,19.47,Warning,1,10,69.15,45.4,62,344.342,,,,,,311.13,,,
2026-02-28 00:00:00,daily,VF-01,Ventilation Fan 01,Ventilation Fan,Surface,3.623,67.339,219.414,,344.193,892.414,363.036,21.17,Running,1,38,70.19,43.59,63,369.783,,,,,,344.193,,,
2026-03-01 00:00:00,daily,VF-01,Ventilation Fan 01,Ventilation Fan,Surface,3.388,67.075,202.805,,308.635,847.158,338.124,16.49,Running,1,19,68.77,41.29,59,312.234,,,,,,308.635,,,
2026-03-02 00:00:00,daily,VF-01,Ventilation Fan 01,Ventilation Fan,Surface,3.43,66.971,204.17,,306.662,883.397,366.817,19.78,Running,1,8,71.44,39.39,57,358.719,,,,,,306.662,,,
2026-03-03 00:00:00,daily,VF-01,Ventilation Fan 01,Ventilation Fan,Surface,3.468,65.356,198.321,,300.438,869.554,344.275,17.57,Running,1,13,69.08,38.21,60,340.093,,,,,,300.438,,,
2026-03-04 00:00:00,daily,VF-01,Ventilation Fan 01,Ventilation Fan,Surface,3.974,69.13,204.445,,283.888,942.628,354.517,19.11,Running,2,9,70.89,41.58,52,362.64,,,,,,283.888,,,
2026-03-05 00:00:00,daily,VF-01,Ventilation Fan 01,Ventilation Fan,Surface,3.111,70.881,186.712,,305.92,883.009,353.137,18.55,Running,1,13,67.63,41.56,49,327.828,,,,,,305.92,,,
2026-03-06 00:00:00,daily,VF-01,Ventilation Fan 01,Ventilation Fan,Surface,3.628,64.588,192.859,,280.683,866.383,331.096,18.46,Warning,1,16,66.77,48.78,58,344.773,,,,,,280.683,,,
2026-03-07 00:00:00,daily,VF-01,Ventilation Fan 01,Ventilation Fan,Surface,3.466,68.279,201.461,,279.29,849.103,350.231,20.11,Warning,1,10,69.2,45.48,52,342.306,,,,,,279.29,,,
2026-03-08 00:00:00,daily,VF-01,Ventilation Fan 01,Ventilation Fan,Surface,3.385,61.112,180.164,,278.454,908.067,375.281,20.1,Warning,2,21,66.97,45.3,56,324.379,,,,,,278.454,,,
2026-03-09 00:00:00,daily,VF-01,Ventilation Fan 01,Ventilation Fan,Surface,3.469,68.234,197.967,,305.364,871.57,348.525,19.26,Running,2,20,71.81,40.5,56,318.891,,,,,,305.364,,,
2026-03-10 00:00:00,daily,VF-01,Ventilation Fan 01,Ventilation Fan,Surface,3.681,63.185,197.499,,292.885,861.783,358.992,20.39,Warning,2,7,66.85,45.98,56,332.963,,,,,,292.885,,,
2026-03-11 00:00:00,daily,VF-01,Ventilation Fan 01,Ventilation Fan,Surface,3.698,65.905,198.14,,294.703,886.513,355.736,18.01,Warning,2,0,67.54,45.93,59,347.242,,,,,,294.703,,,
2026-03-12 00:00:00,daily,VF-01,Ventilation Fan 01,Ventilation Fan,Surface,3.584,64.358,195.993,,293.227,893.33,349.628,20.99,Running,1,19,69.77,40.03,58,329.577,,,,,,293.227,,,
2026-03-13 00:00:00,daily,VF-01,Ventilation Fan 01,Ventilation Fan,Surface,3.787,66.582,192.077,,279.822,892.905,347.771,19.28,Warning,1,24,68.08,45.94,56,338.186,,,,,,279.822,,,
2026-03-14 00:00:00,daily,VF-01,Ventilation Fan 01,Ventilation Fan,Surface,3.83,68.72,184.73,,285.201,879.314,353.616,18.75,Running,2,25,66.49,43.63,53,307.143,,,,,,285.201,,,
2026-03-15 00:00:00,daily,VF-01,Ventilation Fan 01,Ventilation Fan,Surface,3.735,63.358,202.519,,285.723,882.304,357.144,18.15,Running,1,19,72.09,35.41,55,337.519,,,,,,285.723,,,
2026-03-16 00:00:00,daily,VF-01,Ventilation Fan 01,Ventilation Fan,Surface,3.439,66.383,198.604,,276.223,883.828,323.369,19.22,Warning,0,36,67.14,45.77,52,365.476,,,,,,276.223,,,
2026-03-17 00:00:00,daily,VF-01,Ventilation Fan 01,Ventilation Fan,Surface,3.672,66.104,189.016,,286.954,886.045,349.033,23.27,Running,2,29,68.33,43.91,53,359.18,,,,,,286.954,,,
2026-03-18 00:00:00,daily,VF-01,Ventilation Fan 01,Ventilation Fan,Surface,3.677,70.323,202.045,,279.947,887.913,342.204,19.56,Warning,1,48,68.22,45.04,64,343.411,,,,,,279.947,,,
2026-03-19 00:00:00,daily,VF-01,Ventilation Fan 01,Ventilation Fan,Surface,3.392,68.054,198.916,,299.773,902.565,338.957,17.48,Running,2,48,69.6,41.27,55,350.095,,,,,,299.773,,,
2026-03-20 00:00:00,daily,VF-01,Ventilation Fan 01,Ventilation Fan,Surface,3.231,64.865,197.51,,300.69,879.649,366.03,21.44,Warning,2,0,69.11,47.02,55,328.729,,,,,,300.69,,,
2026-03-21 00:00:00,daily,VF-01,Ventilation Fan 01,Ventilation Fan,Surface,3.135,66.307,182.336,,277.153,860.359,333.637,18.77,Warning,0,0,66.95,46.59,51,377.856,,,,,,277.153,,,
2026-03-22 00:00:00,daily,VF-01,Ventilation Fan 01,Ventilation Fan,Surface,3.6,70.391,207.982,,289.035,875.075,323.124,20.22,Warning,2,18,67.66,45.74,57,386.796,,,,,,289.035,,,
2026-03-23 00:00:00,daily,VF-01,Ventilation Fan 01,Ventilation Fan,Surface,3.654,68.738,190.829,,314.785,894.753,358.245,18.52,Warning,1,24,67.72,45.58,56,348.81,,,,,,314.785,,,
2026-03-24 00:00:00,daily,VF-01,Ventilation Fan 01,Ventilation Fan,Surface,3.333,65.502,202.585,,280.66,838.787,322.86,22.14,Warning,2,17,69.19,45.14,56,397.4,,,,,,280.66,,,
2026-03-25 00:00:00,daily,VF-01,Ventilation Fan 01,Ventilation Fan,Surface,3.827,66.834,194.831,,297.467,838.835,314.813,18.55,Warning,2,28,66.03,48.71,54,332.056,,,,,,297.467,,,
2026-03-26 00:00:00,daily,VF-01,Ventilation Fan 01,Ventilation Fan,Surface,3.635,66.928,198.696,,293.53,898.134,360.266,22.36,Running,2,14,71.04,41.43,57,320.712,,,,,,293.53,,,
2026-03-27 00:00:00,daily,VF-01,Ventilation Fan 01,Ventilation Fan,Surface,3.902,66.352,212.655,,305.296,911.295,348.346,17.67,Warning,2,11,66.5,48.37,57,331.614,,,,,,305.296,,,
2026-03-28 00:00:00,daily,VF-01,Ventilation Fan 01,Ventilation Fan,Surface,3.691,64.038,207.159,,295.644,849.938,353.444,19.12,Running,1,11,67.61,41.7,53,341.491,,,,,,295.644,,,
2026-03-29 00:00:00,daily,VF-01,Ventilation Fan 01,Ventilation Fan,Surface,3.379,66.133,212.634,,286.84,879.902,338.875,22.37,Running,2,16,65.67,44.48,52,392.195,,,,,,286.84,,,
2026-03-30 00:00:00,daily,VF-01,Ventilation Fan 01,Ventilation Fan,Surface,3.719,70.296,205.527,,292.733,868.822,323.877,20.0,Warning,3,30,65.36,48.35,55,340.405,,,,,,292.733,,,
2026-03-31 00:00:00,daily,VF-01,Ventilation Fan 01,Ventilation Fan,Surface,3.77,66.786,206.209,,292.825,871.794,327.129,24.0,Warning,2,13,65.94,47.28,48,328.909,,,,,,292.825,,,
2026-04-01 00:00:00,daily,VF-01,Ventilation Fan 01,Ventilation Fan,Surface,3.506,67.372,186.704,,290.665,884.174,341.821,19.16,Warning,2,16,65.7,49.18,49,328.206,,,,,,290.665,,,
2026-04-02 00:00:00,daily,VF-01,Ventilation Fan 01,Ventilation Fan,Surface,3.313,67.889,199.967,,275.853,848.928,325.891,20.17,Warning,2,25,66.49,46.95,51,369.05,,,,,,275.853,,,
2026-04-03 00:00:00,daily,VF-01,Ventilation Fan 01,Ventilation Fan,Surface,3.657,72.075,200.891,,306.516,852.932,351.237,23.34,Warning,2,17,65.5,49.47,44,366.27,,,,,,306.516,,,
2026-04-04 00:00:00,daily,VF-01,Ventilation Fan 01,Ventilation Fan,Surface,3.419,67.686,214.019,,304.312,870.583,338.999,16.77,Running,1,29,68.08,42.19,54,336.689,,,,,,304.312,,,
2026-04-05 00:00:00,daily,VF-01,Ventilation Fan 01,Ventilation Fan,Surface,3.89,69.887,198.54,,278.901,873.932,349.433,16.54,Warning,3,8,65.62,48.11,47,308.957,,,,,,278.901,,,
2026-04-06 00:00:00,daily,VF-01,Ventilation Fan 01,Ventilation Fan,Surface,3.558,66.533,205.571,,287.738,852.278,349.029,18.15,Warning,1,5,65.35,45.83,49,323.975,,,,,,287.738,,,
2026-04-07 00:00:00,daily,VF-01,Ventilation Fan 01,Ventilation Fan,Surface,4.031,67.241,205.31,,288.562,894.341,352.81,21.24,Warning,2,23,66.06,48.29,50,381.046,,,,,,288.562,,,
2026-04-08 00:00:00,daily,VF-01,Ventilation Fan 01,Ventilation Fan,Surface,3.189,67.815,213.788,,277.301,867.701,354.688,16.59,Running,1,20,68.18,40.79,50,360.472,,,,,,277.301,,,
2026-04-09 00:00:00,daily,VF-01,Ventilation Fan 01,Ventilation Fan,Surface,3.69,66.272,202.257,,268.693,867.526,341.268,20.83,Warning,1,9,66.84,47.12,49,348.08,,,,,,268.693,,,
2026-04-10 00:00:00,daily,VF-01,Ventilation Fan 01,Ventilation Fan,Surface,3.979,67.443,211.002,,282.963,882.944,349.789,20.69,Running,1,33,66.25,44.32,50,384.222,,,,,,282.963,,,
2026-04-11 00:00:00,daily,VF-01,Ventilation Fan 01,Ventilation Fan,Surface,3.473,69.657,188.299,,286.649,873.808,350.697,23.55,Warning,1,44,64.02,49.61,49,386.087,,,,,,286.649,,,
2026-04-12 00:00:00,daily,VF-01,Ventilation Fan 01,Ventilation Fan,Surface,3.638,66.311,189.208,,273.547,894.987,308.133,21.69,Warning,2,13,64.39,51.64,48,346.277,,,,,,273.547,,,
2026-04-13 00:00:00,daily,VF-01,Ventilation Fan 01,Ventilation Fan,Surface,3.589,67.942,183.276,,292.88,855.946,357.415,20.38,Warning,2,39,64.08,50.74,46,346.719,,,,,,292.88,,,
2026-04-14 00:00:00,daily,VF-01,Ventilation Fan 01,Ventilation Fan,Surface,3.532,69.39,210.992,,304.626,845.657,349.545,22.29,Running,1,0,68.12,41.34,53,335.505,,,,,,304.626,,,
2026-04-15 00:00:00,daily,VF-01,Ventilation Fan 01,Ventilation Fan,Surface,3.74,66.354,210.073,,300.692,869.502,356.246,20.71,Warning,2,30,66.79,45.16,41,341.529,,,,,,300.692,,,
2026-04-16 00:00:00,daily,VF-01,Ventilation Fan 01,Ventilation Fan,Surface,3.406,70.225,212.173,,288.982,877.561,326.707,18.8,Warning,2,9,64.46,46.75,48,317.57,,,,,,288.982,,,
2026-04-17 00:00:00,daily,VF-01,Ventilation Fan 01,Ventilation Fan,Surface,3.671,68.21,198.098,,268.332,848.857,342.32,17.48,Warning,2,30,64.84,45.83,47,317.564,,,,,,268.332,,,
2026-04-18 00:00:00,daily,VF-01,Ventilation Fan 01,Ventilation Fan,Surface,3.813,67.765,199.214,,298.92,845.541,329.983,18.59,Warning,2,8,64.33,50.17,50,312.994,,,,,,298.92,,,
2026-04-19 00:00:00,daily,VF-01,Ventilation Fan 01,Ventilation Fan,Surface,3.656,64.11,203.289,,292.003,880.0,359.437,19.6,Warning,2,20,64.14,51.32,42,369.21,,,,,,292.003,,,
2026-04-20 00:00:00,daily,VF-01,Ventilation Fan 01,Ventilation Fan,Surface,3.488,67.41,217.464,,295.253,859.237,325.117,20.02,Warning,2,10,66.2,48.2,46,316.371,,,,,,295.253,,,
2026-04-21 00:00:00,daily,VF-01,Ventilation Fan 01,Ventilation Fan,Surface,3.939,68.931,219.808,,313.309,843.87,332.816,15.58,Warning,1,17,64.91,50.33,47,386.674,,,,,,313.309,,,
2026-04-22 00:00:00,daily,VF-01,Ventilation Fan 01,Ventilation Fan,Surface,3.877,71.709,211.8,,280.092,896.981,356.3,19.26,Running,1,38,68.61,43.93,52,333.143,,,,,,280.092,,,
2026-04-23 00:00:00,daily,VF-01,Ventilation Fan 01,Ventilation Fan,Surface,3.492,69.385,207.728,,255.406,861.761,337.757,19.73,Warning,1,17,67.18,45.4,49,382.574,,,,,,255.406,,,
2026-04-24 00:00:00,daily,VF-01,Ventilation Fan 01,Ventilation Fan,Surface,3.441,70.533,216.86,,277.177,900.874,333.049,20.73,Running,1,41,67.18,43.8,43,340.602,,,,,,277.177,,,
2026-04-25 00:00:00,daily,VF-01,Ventilation Fan 01,Ventilation Fan,Surface,3.52,65.893,202.632,,295.565,876.122,362.487,22.8,Warning,1,14,66.07,46.63,45,316.656,,,,,,295.565,,,
2026-04-26 00:00:00,daily,VF-01,Ventilation Fan 01,Ventilation Fan,Surface,3.854,68.089,201.509,,289.97,881.897,363.219,20.04,Warning,1,37,64.22,47.45,50,373.731,,,,,,289.97,,,
2026-04-27 00:00:00,daily,VF-01,Ventilation Fan 01,Ventilation Fan,Surface,3.799,70.815,203.96,,274.973,870.677,359.685,17.93,Warning,1,0,65.76,46.25,42,376.169,,,,,,274.973,,,
2026-04-28 00:00:00,daily,VF-01,Ventilation Fan 01,Ventilation Fan,Surface,3.917,66.629,196.406,,272.437,816.833,361.788,16.19,Warning,2,17,64.15,50.37,46,330.087,,,,,,272.437,,,
2026-04-29 00:00:00,daily,VF-01,Ventilation Fan 01,Ventilation Fan,Surface,3.675,70.366,203.733,,285.132,850.154,344.58,21.0,Warning,2,12,67.22,45.65,46,341.652,,,,,,285.132,,,
2026-04-30 00:00:00,daily,VF-01,Ventilation Fan 01,Ventilation Fan,Surface,3.548,69.934,195.345,,274.348,872.315,345.088,18.01,Warning,1,43,65.17,54.9,45,330.246,,,,,,274.348,,,
2026-05-01 00:00:00,daily,VF-01,Ventilation Fan 01,Ventilation Fan,Surface,3.958,69.048,214.72,,295.462,883.021,338.069,21.34,Warning,1,21,64.84,46.53,57,346.028,,,,,,295.462,,,
2026-05-02 00:00:00,daily,VF-01,Ventilation Fan 01,Ventilation Fan,Surface,3.639,67.872,210.482,,284.191,835.541,351.199,22.36,Warning,1,0,64.53,49.4,44,350.672,,,,,,284.191,,,
2026-05-03 00:00:00,daily,VF-01,Ventilation Fan 01,Ventilation Fan,Surface,3.806,66.588,218.549,,281.516,873.651,340.146,16.72,Running,1,3,67.02,43.33,47,341.565,,,,,,281.516,,,
2026-05-04 00:00:00,daily,VF-01,Ventilation Fan 01,Ventilation Fan,Surface,3.428,72.143,191.113,,279.855,850.057,341.74,20.74,Warning,1,8,61.85,52.64,42,312.292,,,,,,279.855,,,
2026-05-05 00:00:00,daily,VF-01,Ventilation Fan 01,Ventilation Fan,Surface,3.648,69.887,222.986,,292.025,879.824,358.345,22.16,Warning,1,29,66.99,45.53,47,337.129,,,,,,292.025,,,
2026-05-06 00:00:00,daily,VF-01,Ventilation Fan 01,Ventilation Fan,Surface,4.0,69.336,191.813,,289.292,874.152,367.776,21.64,Warning,2,32,63.65,52.58,49,362.894,,,,,,289.292,,,
2026-05-07 00:00:00,daily,VF-01,Ventilation Fan 01,Ventilation Fan,Surface,3.625,67.861,195.275,,291.117,890.852,355.273,15.65,Warning,2,17,61.6,52.85,43,344.723,,,,,,291.117,,,
2026-05-08 00:00:00,daily,VF-01,Ventilation Fan 01,Ventilation Fan,Surface,3.966,68.794,200.566,,290.768,897.881,377.688,18.04,Warning,1,14,62.56,52.04,45,342.43,,,,,,290.768,,,
2026-05-09 00:00:00,daily,VF-01,Ventilation Fan 01,Ventilation Fan,Surface,3.279,69.079,218.018,,287.652,884.425,337.768,17.22,Warning,2,31,61.02,53.71,41,330.441,,,,,,287.652,,,
2026-05-10 00:00:00,daily,VF-01,Ventilation Fan 01,Ventilation Fan,Surface,3.673,69.581,208.373,,276.034,893.172,319.726,20.69,Warning,2,5,64.61,46.74,40,336.933,,,,,,276.034,,,
2026-05-11 00:00:00,daily,VF-01,Ventilation Fan 01,Ventilation Fan,Surface,3.763,70.281,204.243,,279.579,866.451,360.645,20.47,Warning,1,27,61.81,52.16,48,377.39,,,,,,279.579,,,
2026-05-12 00:00:00,daily,VF-01,Ventilation Fan 01,Ventilation Fan,Surface,4.188,67.279,199.399,,283.52,936.183,336.94,14.5,Warning,2,25,63.65,50.13,42,326.494,,,,,,283.52,,,
2026-05-13 00:00:00,daily,VF-01,Ventilation Fan 01,Ventilation Fan,Surface,3.552,65.943,194.244,,312.95,847.176,344.988,19.1,Warning,2,16,65.1,49.01,34,363.783,,,,,,312.95,,,
2026-05-14 00:00:00,daily,VF-01,Ventilation Fan 01,Ventilation Fan,Surface,3.961,69.076,216.917,,271.894,862.295,321.128,21.22,Warning,2,27,62.11,54.16,51,350.386,,,,,,271.894,,,
2026-05-15 00:00:00,daily,VF-01,Ventilation Fan 01,Ventilation Fan,Surface,4.051,65.445,214.006,,282.964,893.65,335.136,19.96,Warning,2,22,62.66,51.8,40,354.419,,,,,,282.964,,,
2026-05-16 00:00:00,daily,VF-01,Ventilation Fan 01,Ventilation Fan,Surface,3.664,68.324,219.085,,289.083,890.296,325.566,19.96,Warning,2,28,60.91,54.22,42,334.954,,,,,,289.083,,,
2026-05-17 00:00:00,daily,VF-01,Ventilation Fan 01,Ventilation Fan,Surface,3.745,67.985,210.58,,284.176,884.373,342.731,18.98,Warning,2,3,62.28,49.37,50,342.644,,,,,,284.176,,,
2026-05-18 00:00:00,daily,VF-01,Ventilation Fan 01,Ventilation Fan,Surface,3.863,70.018,183.325,,300.615,888.423,343.445,17.65,Warning,2,26,66.92,47.39,42,349.643,,,,,,300.615,,,
2026-05-19 00:00:00,daily,VF-01,Ventilation Fan 01,Ventilation Fan,Surface,3.51,73.032,195.999,,283.937,827.643,351.275,19.65,Warning,1,32,63.95,49.07,42,339.423,,,,,,283.937,,,
2026-05-20 00:00:00,daily,VF-01,Ventilation Fan 01,Ventilation Fan,Surface,3.74,65.209,211.48,,284.736,908.36,369.75,19.78,Warning,0,26,62.19,54.43,38,356.543,,,,,,284.736,,,
2026-05-21 00:00:00,daily,VF-01,Ventilation Fan 01,Ventilation Fan,Surface,4.126,73.679,204.064,,297.238,868.825,360.824,20.86,Warning,2,31,61.54,56.48,36,359.142,,,,,,297.238,,,
2026-05-22 00:00:00,daily,VF-01,Ventilation Fan 01,Ventilation Fan,Surface,3.965,68.696,202.458,,309.102,900.635,324.117,21.02,Warning,1,19,62.35,52.33,42,393.526,,,,,,309.102,,,
2026-05-23 00:00:00,daily,VF-01,Ventilation Fan 01,Ventilation Fan,Surface,3.82,69.89,197.655,,304.175,828.402,359.879,19.84,Warning,2,31,62.53,50.41,44,355.714,,,,,,304.175,,,
2026-05-24 00:00:00,daily,VF-01,Ventilation Fan 01,Ventilation Fan,Surface,3.883,66.397,216.208,,285.556,878.699,352.018,21.78,Warning,2,22,61.56,53.78,43,311.985,,,,,,285.556,,,
2026-05-25 00:00:00,daily,VF-01,Ventilation Fan 01,Ventilation Fan,Surface,3.991,71.252,211.882,,286.513,860.571,348.743,18.96,Warning,1,6,62.98,52.52,40,373.569,,,,,,286.513,,,
2026-05-26 00:00:00,daily,VF-01,Ventilation Fan 01,Ventilation Fan,Surface,4.038,69.374,212.383,,287.578,885.469,350.024,16.91,Warning,2,33,60.51,54.65,42,346.31,,,,,,287.578,,,
2026-05-27 00:00:00,daily,VF-01,Ventilation Fan 01,Ventilation Fan,Surface,3.75,69.2,202.267,,288.693,879.772,353.739,20.6,Warning,2,0,60.41,54.3,34,390.705,,,,,,288.693,,,
2026-05-28 00:00:00,daily,VF-01,Ventilation Fan 01,Ventilation Fan,Surface,4.214,65.48,209.652,,276.671,880.764,339.476,19.92,Warning,2,25,62.44,53.71,43,379.964,,,,,,276.671,,,
2026-05-29 00:00:00,daily,VF-01,Ventilation Fan 01,Ventilation Fan,Surface,4.171,69.535,196.123,,297.989,849.328,347.707,20.63,Warning,2,17,59.88,57.16,42,340.52,,,,,,297.989,,,
2025-05-30 00:00:00,daily,DMS-01,DMS Drum 01,DMS Drum,Surface,2.585,59.323,123.043,,,23.079,200.07,18.4,Running,1,7,88.28,17.48,250,189.056,,,,,,,,,
2025-05-31 00:00:00,daily,DMS-01,DMS Drum 01,DMS Drum,Surface,2.55,57.518,125.894,,,26.029,211.261,14.71,Running,0,9,89.24,13.26,252,214.261,,,,,,,,,
2025-06-01 00:00:00,daily,DMS-01,DMS Drum 01,DMS Drum,Surface,2.711,58.055,128.632,,,25.312,203.944,21.74,Running,1,12,87.8,16.42,253,213.731,,,,,,,,,
2025-06-02 00:00:00,daily,DMS-01,DMS Drum 01,DMS Drum,Surface,2.792,54.366,129.251,,,25.168,210.564,18.74,Running,1,8,89.73,14.6,248,197.562,,,,,,,,,
2025-06-03 00:00:00,daily,DMS-01,DMS Drum 01,DMS Drum,Surface,2.803,60.65,131.082,,,24.167,223.185,21.93,Running,0,8,88.97,14.16,251,191.058,,,,,,,,,
2025-06-04 00:00:00,daily,DMS-01,DMS Drum 01,DMS Drum,Surface,2.847,55.503,128.005,,,25.095,194.975,20.36,Running,1,2,87.86,16.02,245,206.477,,,,,,,,,
2025-06-05 00:00:00,daily,DMS-01,DMS Drum 01,DMS Drum,Surface,2.505,53.219,118.379,,,25.616,236.095,21.98,Running,0,12,90.96,15.73,248,219.154,,,,,,,,,
2025-06-06 00:00:00,daily,DMS-01,DMS Drum 01,DMS Drum,Surface,2.751,56.343,125.642,,,24.681,209.146,21.22,Running,0,1,89.11,14.84,251,215.849,,,,,,,,,
2025-06-07 00:00:00,daily,DMS-01,DMS Drum 01,DMS Drum,Surface,3.022,52.362,132.275,,,25.532,214.961,14.95,Running,0,2,89.76,13.61,248,197.688,,,,,,,,,
2025-06-08 00:00:00,daily,DMS-01,DMS Drum 01,DMS Drum,Surface,2.576,54.952,123.345,,,24.043,200.99,20.86,Running,0,6,90.99,12.27,244,211.94,,,,,,,,,
2025-06-09 00:00:00,daily,DMS-01,DMS Drum 01,DMS Drum,Surface,2.817,61.878,132.749,,,25.115,223.733,19.02,Running,0,4,90.93,13.61,244,222.446,,,,,,,,,
2025-06-10 00:00:00,daily,DMS-01,DMS Drum 01,DMS Drum,Surface,2.973,56.297,128.267,,,26.369,208.523,21.92,Running,0,6,89.59,12.51,249,193.613,,,,,,,,,
2025-06-11 00:00:00,daily,DMS-01,DMS Drum 01,DMS Drum,Surface,2.715,54.308,126.526,,,26.476,205.305,20.82,Running,1,9,88.14,17.46,240,210.918,,,,,,,,,
2025-06-12 00:00:00,daily,DMS-01,DMS Drum 01,DMS Drum,Surface,2.985,57.072,136.415,,,26.591,203.132,20.84,Running,1,17,86.31,19.68,240,228.793,,,,,,,,,
2025-06-13 00:00:00,daily,DMS-01,DMS Drum 01,DMS Drum,Surface,2.538,55.32,115.896,,,25.34,206.82,19.16,Running,1,6,88.89,11.97,246,192.193,,,,,,,,,
2025-06-14 00:00:00,daily,DMS-01,DMS Drum 01,DMS Drum,Surface,3.117,58.671,123.342,,,25.035,215.067,17.93,Running,0,4,90.28,17.19,242,226.224,,,,,,,,,
2025-06-15 00:00:00,daily,DMS-01,DMS Drum 01,DMS Drum,Surface,2.992,55.341,136.702,,,24.458,212.125,18.85,Running,0,10,89.06,18.23,237,232.72,,,,,,,,,
2025-06-16 00:00:00,daily,DMS-01,DMS Drum 01,DMS Drum,Surface,2.918,57.549,140.892,,,22.827,209.577,16.22,Running,1,4,82.95,22.26,248,206.945,,,,,,,,,
2025-06-17 00:00:00,daily,DMS-01,DMS Drum 01,DMS Drum,Surface,3.175,54.858,144.091,,,23.382,201.523,18.55,Running,0,8,89.83,12.0,238,205.258,,,,,,,,,
2025-06-18 00:00:00,daily,DMS-01,DMS Drum 01,DMS Drum,Surface,2.826,61.978,128.448,,,24.794,200.835,16.87,Running,0,6,89.89,14.61,241,224.528,,,,,,,,,
2025-06-19 00:00:00,daily,DMS-01,DMS Drum 01,DMS Drum,Surface,2.757,58.0,131.308,,,24.865,204.539,16.92,Running,0,7,87.89,14.11,239,207.464,,,,,,,,,
2025-06-20 00:00:00,daily,DMS-01,DMS Drum 01,DMS Drum,Surface,3.236,56.77,133.832,,,26.69,215.598,19.9,Running,0,0,89.92,16.84,240,177.131,,,,,,,,,
2025-06-21 00:00:00,daily,DMS-01,DMS Drum 01,DMS Drum,Surface,3.348,56.493,137.043,,,26.572,218.027,20.71,Running,1,0,89.31,14.03,237,208.696,,,,,,,,,
2025-06-22 00:00:00,daily,DMS-01,DMS Drum 01,DMS Drum,Surface,2.741,56.001,130.317,,,24.17,219.649,19.62,Running,0,1,87.17,21.2,243,216.67,,,,,,,,,
2025-06-23 00:00:00,daily,DMS-01,DMS Drum 01,DMS Drum,Surface,2.88,55.61,134.616,,,25.976,210.072,18.72,Running,1,10,90.27,11.97,240,220.451,,,,,,,,,
2025-06-24 00:00:00,daily,DMS-01,DMS Drum 01,DMS Drum,Surface,3.159,55.561,131.359,,,24.421,214.698,17.86,Running,1,2,86.18,19.13,243,197.766,,,,,,,,,
2025-06-25 00:00:00,daily,DMS-01,DMS Drum 01,DMS Drum,Surface,2.89,60.251,131.804,,,25.812,208.079,19.07,Running,1,11,88.08,19.22,236,206.323,,,,,,,,,
2025-06-26 00:00:00,daily,DMS-01,DMS Drum 01,DMS Drum,Surface,3.051,56.016,121.728,,,25.96,189.198,18.1,Running,0,4,87.89,16.31,247,223.783,,,,,,,,,
2025-06-27 00:00:00,daily,DMS-01,DMS Drum 01,DMS Drum,Surface,3.097,53.023,125.86,,,26.483,207.52,19.56,Running,1,6,86.79,19.04,230,209.271,,,,,,,,,
2025-06-28 00:00:00,daily,DMS-01,DMS Drum 01,DMS Drum,Surface,2.775,54.857,124.514,,,24.401,205.613,16.76,Running,1,7,88.56,18.2,231,188.715,,,,,,,,,
2025-06-29 00:00:00,daily,DMS-01,DMS Drum 01,DMS Drum,Surface,3.011,58.839,119.859,,,26.209,197.654,21.03,Running,1,10,90.14,12.69,244,227.45,,,,,,,,,
2025-06-30 00:00:00,daily,DMS-01,DMS Drum 01,DMS Drum,Surface,2.909,56.6,116.629,,,22.744,203.32,18.59,Running,0,6,90.01,11.47,238,207.131,,,,,,,,,
2025-07-01 00:00:00,daily,DMS-01,DMS Drum 01,DMS Drum,Surface,2.619,56.829,125.234,,,26.546,211.755,20.4,Running,1,6,89.13,12.29,237,225.411,,,,,,,,,
2025-07-02 00:00:00,daily,DMS-01,DMS Drum 01,DMS Drum,Surface,2.674,59.31,126.36,,,24.96,196.541,21.38,Running,0,16,85.23,21.84,237,190.604,,,,,,,,,
2025-07-03 00:00:00,daily,DMS-01,DMS Drum 01,DMS Drum,Surface,2.756,55.614,128.952,,,24.986,201.617,20.31,Running,1,5,85.77,20.7,238,208.452,,,,,,,,,
2025-07-04 00:00:00,daily,DMS-01,DMS Drum 01,DMS Drum,Surface,3.135,58.296,132.116,,,22.545,228.727,21.21,Running,1,12,88.14,18.72,236,217.289,,,,,,,,,
2025-07-05 00:00:00,daily,DMS-01,DMS Drum 01,DMS Drum,Surface,3.144,55.829,129.551,,,24.523,190.926,15.71,Running,0,10,87.79,16.55,231,208.938,,,,,,,,,
2025-07-06 00:00:00,daily,DMS-01,DMS Drum 01,DMS Drum,Surface,3.094,58.196,126.445,,,26.615,207.966,18.73,Running,1,10,87.01,15.32,237,193.603,,,,,,,,,
2025-07-07 00:00:00,daily,DMS-01,DMS Drum 01,DMS Drum,Surface,3.02,56.363,121.847,,,24.476,196.175,21.8,Running,0,3,90.83,8.14,236,176.756,,,,,,,,,
2025-07-08 00:00:00,daily,DMS-01,DMS Drum 01,DMS Drum,Surface,3.014,56.651,134.402,,,25.844,201.158,20.66,Running,0,7,87.91,22.66,239,231.503,,,,,,,,,
2025-07-09 00:00:00,daily,DMS-01,DMS Drum 01,DMS Drum,Surface,2.982,58.672,127.559,,,25.029,207.811,23.23,Running,1,3,88.58,17.04,240,213.656,,,,,,,,,
2025-07-10 00:00:00,daily,DMS-01,DMS Drum 01,DMS Drum,Surface,3.014,58.539,125.245,,,26.262,198.339,22.95,Running,1,3,89.26,15.31,234,226.525,,,,,,,,,
2025-07-11 00:00:00,daily,DMS-01,DMS Drum 01,DMS Drum,Surface,3.03,56.808,126.986,,,25.216,217.084,20.26,Running,1,3,87.73,17.73,227,223.198,,,,,,,,,
2025-07-12 00:00:00,daily,DMS-01,DMS Drum 01,DMS Drum,Surface,2.58,56.23,123.172,,,23.868,226.417,19.2,Running,0,4,91.76,8.68,239,218.559,,,,,,,,,
2025-07-13 00:00:00,daily,DMS-01,DMS Drum 01,DMS Drum,Surface,2.728,60.169,124.596,,,25.053,220.31,17.84,Running,1,6,86.07,17.91,227,205.711,,,,,,,,,
2025-07-14 00:00:00,daily,DMS-01,DMS Drum 01,DMS Drum,Surface,2.671,58.254,124.383,,,26.907,222.512,18.77,Running,1,11,86.57,22.28,232,217.073,,,,,,,,,
2025-07-15 00:00:00,daily,DMS-01,DMS Drum 01,DMS Drum,Surface,3.184,56.395,126.319,,,25.582,193.667,18.9,Running,1,11,86.0,20.92,229,230.279,,,,,,,,,
2025-07-16 00:00:00,daily,DMS-01,DMS Drum 01,DMS Drum,Surface,3.316,55.902,132.931,,,24.845,207.313,18.54,Running,1,2,89.98,12.51,228,211.392,,,,,,,,,
2025-07-17 00:00:00,daily,DMS-01,DMS Drum 01,DMS Drum,Surface,2.399,59.094,131.201,,,27.691,215.846,17.92,Running,0,2,88.73,13.33,232,236.861,,,,,,,,,
2025-07-18 00:00:00,daily,DMS-01,DMS Drum 01,DMS Drum,Surface,3.296,57.371,139.188,,,26.374,220.698,20.45,Running,0,6,86.54,17.82,230,189.252,,,,,,,,,
2025-07-19 00:00:00,daily,DMS-01,DMS Drum 01,DMS Drum,Surface,2.942,56.845,136.854,,,25.963,231.291,22.94,Running,1,4,85.99,18.98,231,187.754,,,,,,,,,
2025-07-20 00:00:00,daily,DMS-01,DMS Drum 01,DMS Drum,Surface,3.164,57.379,142.077,,,25.363,223.087,21.47,Running,0,3,89.56,18.72,225,224.091,,,,,,,,,
2025-07-21 00:00:00,daily,DMS-01,DMS Drum 01,DMS Drum,Surface,3.044,57.806,132.307,,,25.858,221.023,19.06,Running,0,14,87.89,16.58,227,198.803,,,,,,,,,
2025-07-22 00:00:00,daily,DMS-01,DMS Drum 01,DMS Drum,Surface,3.268,57.061,132.205,,,25.897,241.875,21.63,Running,0,0,89.53,12.28,224,238.879,,,,,,,,,
2025-07-23 00:00:00,daily,DMS-01,DMS Drum 01,DMS Drum,Surface,2.974,59.46,125.002,,,22.362,211.435,20.35,Running,1,16,87.14,17.88,226,229.002,,,,,,,,,
2025-07-24 00:00:00,daily,DMS-01,DMS Drum 01,DMS Drum,Surface,2.597,59.571,134.207,,,25.454,206.818,19.6,Running,0,8,88.02,17.3,226,232.513,,,,,,,,,
2025-07-25 00:00:00,daily,DMS-01,DMS Drum 01,DMS Drum,Surface,2.899,58.193,123.843,,,24.787,212.422,19.48,Running,0,10,87.65,14.73,233,222.676,,,,,,,,,
2025-07-26 00:00:00,daily,DMS-01,DMS Drum 01,DMS Drum,Surface,3.049,59.799,118.153,,,24.38,199.321,19.3,Running,1,12,86.14,20.21,225,197.399,,,,,,,,,
2025-07-27 00:00:00,daily,DMS-01,DMS Drum 01,DMS Drum,Surface,2.874,57.208,139.142,,,24.744,211.121,20.93,Running,1,12,86.87,20.8,217,187.078,,,,,,,,,
2025-07-28 00:00:00,daily,DMS-01,DMS Drum 01,DMS Drum,Surface,3.084,58.508,119.724,,,23.111,189.594,19.95,Running,1,17,85.17,21.04,230,231.251,,,,,,,,,
2025-07-29 00:00:00,daily,DMS-01,DMS Drum 01,DMS Drum,Surface,2.911,59.109,131.552,,,22.812,203.97,18.28,Running,1,2,87.82,15.45,226,189.33,,,,,,,,,
2025-07-30 00:00:00,daily,DMS-01,DMS Drum 01,DMS Drum,Surface,2.785,59.142,122.328,,,26.473,208.948,18.19,Running,1,6,88.22,15.44,223,232.52,,,,,,,,,
2025-07-31 00:00:00,daily,DMS-01,DMS Drum 01,DMS Drum,Surface,2.667,58.951,136.389,,,25.532,221.735,20.27,Running,0,2,88.55,12.71,222,219.714,,,,,,,,,
2025-08-01 00:00:00,daily,DMS-01,DMS Drum 01,DMS Drum,Surface,2.835,58.414,137.354,,,22.081,223.68,20.5,Running,1,0,88.0,16.54,219,209.279,,,,,,,,,
2025-08-02 00:00:00,daily,DMS-01,DMS Drum 01,DMS Drum,Surface,2.978,60.939,132.229,,,24.284,198.791,19.08,Running,1,5,86.69,19.25,230,216.543,,,,,,,,,
2025-08-03 00:00:00,daily,DMS-01,DMS Drum 01,DMS Drum,Surface,2.46,56.199,137.261,,,26.032,235.275,17.51,Running,0,11,89.34,13.12,222,216.876,,,,,,,,,
2025-08-04 00:00:00,daily,DMS-01,DMS Drum 01,DMS Drum,Surface,2.743,56.935,128.599,,,24.639,212.151,22.08,Running,1,7,88.25,20.32,215,207.536,,,,,,,,,
2025-08-05 00:00:00,daily,DMS-01,DMS Drum 01,DMS Drum,Surface,2.452,56.827,144.199,,,26.468,213.259,21.67,Running,1,15,89.01,16.97,223,230.338,,,,,,,,,
2025-08-06 00:00:00,daily,DMS-01,DMS Drum 01,DMS Drum,Surface,2.784,56.54,133.795,,,26.233,190.974,15.86,Running,0,11,89.08,11.7,226,229.866,,,,,,,,,
2025-08-07 00:00:00,daily,DMS-01,DMS Drum 01,DMS Drum,Surface,3.22,53.466,122.279,,,23.345,202.953,22.25,Running,1,18,86.52,15.33,221,212.573,,,,,,,,,
2025-08-08 00:00:00,daily,DMS-01,DMS Drum 01,DMS Drum,Surface,2.649,59.862,129.082,,,24.801,223.0,19.28,Running,0,14,87.31,15.8,216,202.002,,,,,,,,,
2025-08-09 00:00:00,daily,DMS-01,DMS Drum 01,DMS Drum,Surface,3.103,55.305,127.54,,,24.434,212.447,20.04,Running,1,20,87.89,20.1,216,228.693,,,,,,,,,
2025-08-10 00:00:00,daily,DMS-01,DMS Drum 01,DMS Drum,Surface,3.618,57.582,126.866,,,23.304,211.712,21.87,Running,1,11,84.78,23.09,216,182.102,,,,,,,,,
2025-08-11 00:00:00,daily,DMS-01,DMS Drum 01,DMS Drum,Surface,3.284,54.563,117.031,,,23.226,213.152,22.85,Running,0,11,84.78,24.55,225,216.641,,,,,,,,,
2025-08-12 00:00:00,daily,DMS-01,DMS Drum 01,DMS Drum,Surface,2.968,58.449,131.351,,,24.003,193.116,21.61,Running,1,10,84.47,21.76,218,220.789,,,,,,,,,
2025-08-13 00:00:00,daily,DMS-01,DMS Drum 01,DMS Drum,Surface,3.143,55.782,118.955,,,24.201,209.283,20.14,Running,1,7,86.34,18.7,211,198.846,,,,,,,,,
2025-08-14 00:00:00,daily,DMS-01,DMS Drum 01,DMS Drum,Surface,2.609,55.122,110.99,,,25.309,227.351,17.04,Running,0,8,85.95,17.18,219,224.084,,,,,,,,,
2025-08-15 00:00:00,daily,DMS-01,DMS Drum 01,DMS Drum,Surface,2.56,57.654,126.272,,,26.222,223.5,15.79,Running,1,13,84.15,22.89,218,210.09,,,,,,,,,
2025-08-16 00:00:00,daily,DMS-01,DMS Drum 01,DMS Drum,Surface,2.946,55.959,123.401,,,25.585,208.965,21.37,Running,1,5,86.65,18.3,215,202.828,,,,,,,,,
2025-08-17 00:00:00,daily,DMS-01,DMS Drum 01,DMS Drum,Surface,3.035,56.205,122.674,,,25.868,229.24,22.26,Running,1,1,86.22,18.82,212,223.961,,,,,,,,,
2025-08-18 00:00:00,daily,DMS-01,DMS Drum 01,DMS Drum,Surface,3.203,57.627,106.996,,,24.647,195.375,18.12,Running,1,10,88.23,19.71,212,195.285,,,,,,,,,
2025-08-19 00:00:00,daily,DMS-01,DMS Drum 01,DMS Drum,Surface,2.804,58.826,122.774,,,25.69,198.833,19.16,Running,1,3,89.52,14.41,220,222.662,,,,,,,,,
2025-08-20 00:00:00,daily,DMS-01,DMS Drum 01,DMS Drum,Surface,2.988,55.756,127.527,,,24.788,232.865,18.61,Running,1,5,87.0,20.86,216,182.749,,,,,,,,,
2025-08-21 00:00:00,daily,DMS-01,DMS Drum 01,DMS Drum,Surface,2.98,55.433,124.316,,,24.436,217.446,18.56,Running,1,6,85.12,17.66,216,214.51,,,,,,,,,
2025-08-22 00:00:00,daily,DMS-01,DMS Drum 01,DMS Drum,Surface,2.911,57.367,131.48,,,27.241,207.052,21.74,Running,1,7,87.23,23.25,215,211.133,,,,,,,,,
2025-08-23 00:00:00,daily,DMS-01,DMS Drum 01,DMS Drum,Surface,2.926,58.352,138.53,,,22.168,209.864,20.1,Running,0,13,86.18,18.6,215,202.972,,,,,,,,,
2025-08-24 00:00:00,daily,DMS-01,DMS Drum 01,DMS Drum,Surface,2.739,60.112,132.408,,,22.716,200.857,19.24,Running,1,8,85.74,21.37,211,215.991,,,,,,,,,
2025-08-25 00:00:00,daily,DMS-01,DMS Drum 01,DMS Drum,Surface,3.012,55.303,135.992,,,25.422,213.864,24.0,Running,0,16,84.71,23.13,212,209.431,,,,,,,,,
2025-08-26 00:00:00,daily,DMS-01,DMS Drum 01,DMS Drum,Surface,2.993,56.739,136.584,,,24.644,212.923,16.93,Running,1,9,85.31,19.57,217,225.32,,,,,,,,,
2025-08-27 00:00:00,daily,DMS-01,DMS Drum 01,DMS Drum,Surface,2.841,59.583,121.701,,,23.237,210.801,20.73,Running,1,8,85.74,21.61,218,218.405,,,,,,,,,
2025-08-28 00:00:00,daily,DMS-01,DMS Drum 01,DMS Drum,Surface,3.107,61.103,131.92,,,23.696,196.654,17.67,Running,1,9,87.27,19.56,207,216.909,,,,,,,,,
2025-08-29 00:00:00,daily,DMS-01,DMS Drum 01,DMS Drum,Surface,3.195,55.473,135.825,,,23.851,213.758,19.38,Running,1,1,86.77,17.1,210,214.667,,,,,,,,,
2025-08-30 00:00:00,daily,DMS-01,DMS Drum 01,DMS Drum,Surface,3.111,55.962,125.821,,,26.031,204.235,19.97,Running,1,7,88.84,14.23,214,203.979,,,,,,,,,
2025-08-31 00:00:00,daily,DMS-01,DMS Drum 01,DMS Drum,Surface,2.699,58.095,123.351,,,26.414,198.767,21.3,Running,0,11,86.96,18.35,218,206.373,,,,,,,,,
2025-09-01 00:00:00,daily,DMS-01,DMS Drum 01,DMS Drum,Surface,2.974,56.279,132.612,,,26.926,225.808,19.18,Running,1,12,86.52,18.64,217,214.082,,,,,,,,,
2025-09-02 00:00:00,daily,DMS-01,DMS Drum 01,DMS Drum,Surface,2.732,55.94,118.541,,,23.051,236.653,18.98,Running,0,1,85.32,23.34,206,208.189,,,,,,,,,
2025-09-03 00:00:00,daily,DMS-01,DMS Drum 01,DMS Drum,Surface,2.975,57.853,121.31,,,23.317,233.937,19.14,Running,1,0,84.11,23.65,214,226.186,,,,,,,,,
2025-09-04 00:00:00,daily,DMS-01,DMS Drum 01,DMS Drum,Surface,2.735,60.338,124.272,,,23.234,218.436,17.61,Running,1,6,84.83,21.1,209,211.943,,,,,,,,,
2025-09-05 00:00:00,daily,DMS-01,DMS Drum 01,DMS Drum,Surface,3.26,54.911,132.107,,,26.503,207.457,20.89,Running,1,17,84.58,22.8,212,215.907,,,,,,,,,
2025-09-06 00:00:00,daily,DMS-01,DMS Drum 01,DMS Drum,Surface,3.142,60.252,130.499,,,25.456,209.809,20.22,Running,1,10,81.57,21.71,211,191.016,,,,,,,,,
2025-09-07 00:00:00,daily,DMS-01,DMS Drum 01,DMS Drum,Surface,3.232,56.319,136.207,,,25.051,215.53,20.52,Running,1,4,84.02,21.15,202,223.868,,,,,,,,,
2025-09-08 00:00:00,daily,DMS-01,DMS Drum 01,DMS Drum,Surface,3.208,58.074,122.541,,,25.23,205.629,19.55,Running,0,1,88.16,17.15,209,202.535,,,,,,,,,
2025-09-09 00:00:00,daily,DMS-01,DMS Drum 01,DMS Drum,Surface,2.891,60.445,122.18,,,24.886,226.507,19.31,Running,1,5,86.15,21.62,211,196.084,,,,,,,,,
2025-09-10 00:00:00,daily,DMS-01,DMS Drum 01,DMS Drum,Surface,2.855,58.046,132.689,,,23.608,186.262,21.94,Running,1,5,84.92,21.51,206,233.737,,,,,,,,,
2025-09-11 00:00:00,daily,DMS-01,DMS Drum 01,DMS Drum,Surface,3.376,56.869,123.445,,,25.568,207.151,21.64,Running,1,14,86.12,22.34,205,220.466,,,,,,,,,
2025-09-12 00:00:00,daily,DMS-01,DMS Drum 01,DMS Drum,Surface,2.919,58.805,124.825,,,24.728,220.322,22.4,Running,0,17,82.33,26.48,199,224.389,,,,,,,,,
2025-09-13 00:00:00,daily,DMS-01,DMS Drum 01,DMS Drum,Surface,2.634,57.117,116.066,,,23.511,200.577,20.4,Running,1,3,85.87,18.81,208,217.082,,,,,,,,,
2025-09-14 00:00:00,daily,DMS-01,DMS Drum 01,DMS Drum,Surface,3.202,58.442,131.114,,,25.64,207.846,22.28,Running,0,10,87.42,17.33,205,209.424,,,,,,,,,
2025-09-15 00:00:00,daily,DMS-01,DMS Drum 01,DMS Drum,Surface,2.996,57.069,139.881,,,24.439,217.861,18.88,Running,1,12,85.15,21.61,200,206.823,,,,,,,,,
2025-09-16 00:00:00,daily,DMS-01,DMS Drum 01,DMS Drum,Surface,3.323,59.1,121.901,,,25.222,228.967,19.29,Running,1,2,82.47,23.64,202,221.655,,,,,,,,,
2025-09-17 00:00:00,daily,DMS-01,DMS Drum 01,DMS Drum,Surface,3.021,54.821,136.272,,,24.799,195.23,21.97,Running,0,9,84.61,24.61,204,226.612,,,,,,,,,
2025-09-18 00:00:00,daily,DMS-01,DMS Drum 01,DMS Drum,Surface,2.959,55.55,128.719,,,26.018,194.35,21.3,Running,1,8,87.28,15.59,201,209.812,,,,,,,,,
2025-09-19 00:00:00,daily,DMS-01,DMS Drum 01,DMS Drum,Surface,3.331,54.805,116.791,,,25.211,199.424,19.12,Running,1,9,85.61,20.78,202,239.792,,,,,,,,,
2025-09-20 00:00:00,daily,DMS-01,DMS Drum 01,DMS Drum,Surface,2.596,57.38,122.9,,,23.886,192.336,17.67,Running,1,0,82.89,25.42,195,208.024,,,,,,,,,
2025-09-21 00:00:00,daily,DMS-01,DMS Drum 01,DMS Drum,Surface,2.825,54.588,122.483,,,25.332,193.199,19.29,Running,1,6,88.91,14.89,207,191.28,,,,,,,,,
2025-09-22 00:00:00,daily,DMS-01,DMS Drum 01,DMS Drum,Surface,2.754,56.185,126.977,,,25.371,199.134,18.37,Running,1,13,83.08,22.61,201,186.704,,,,,,,,,
2025-09-23 00:00:00,daily,DMS-01,DMS Drum 01,DMS Drum,Surface,2.441,55.402,132.144,,,25.558,225.617,22.99,Running,0,17,84.66,21.32,196,187.187,,,,,,,,,
2025-09-24 00:00:00,daily,DMS-01,DMS Drum 01,DMS Drum,Surface,3.178,60.323,142.164,,,26.187,207.08,21.14,Running,1,6,83.36,24.92,190,205.032,,,,,,,,,
2025-09-25 00:00:00,daily,DMS-01,DMS Drum 01,DMS Drum,Surface,2.835,55.636,119.218,,,24.204,211.212,18.21,Running,1,6,83.32,22.35,204,207.587,,,,,,,,,
2025-09-26 00:00:00,daily,DMS-01,DMS Drum 01,DMS Drum,Surface,3.187,55.08,125.857,,,25.744,199.379,17.67,Running,1,7,84.22,19.95,202,220.401,,,,,,,,,
2025-09-27 00:00:00,daily,DMS-01,DMS Drum 01,DMS Drum,Surface,3.064,58.002,122.994,,,22.872,218.457,18.19,Running,1,10,85.93,22.01,200,210.454,,,,,,,,,
2025-09-28 00:00:00,daily,DMS-01,DMS Drum 01,DMS Drum,Surface,3.117,60.742,120.405,,,24.797,233.374,18.61,Running,1,8,86.94,19.09,202,222.672,,,,,,,,,
2025-09-29 00:00:00,daily,DMS-01,DMS Drum 01,DMS Drum,Surface,2.863,57.322,129.963,,,24.611,200.223,19.36,Running,0,13,84.22,24.11,202,211.504,,,,,,,,,
2025-09-30 00:00:00,daily,DMS-01,DMS Drum 01,DMS Drum,Surface,2.79,57.476,129.32,,,26.677,231.582,21.82,Running,1,3,83.18,25.06,198,211.074,,,,,,,,,
2025-10-01 00:00:00,daily,DMS-01,DMS Drum 01,DMS Drum,Surface,2.996,60.008,116.628,,,24.752,215.268,17.82,Running,1,12,85.53,24.62,196,202.81,,,,,,,,,
2025-10-02 00:00:00,daily,DMS-01,DMS Drum 01,DMS Drum,Surface,3.196,59.23,129.467,,,25.668,211.108,24.0,Running,0,5,85.54,22.48,195,230.822,,,,,,,,,
2025-10-03 00:00:00,daily,DMS-01,DMS Drum 01,DMS Drum,Surface,2.964,58.376,120.917,,,22.824,215.717,17.87,Running,1,7,85.07,19.45,198,189.475,,,,,,,,,
2025-10-04 00:00:00,daily,DMS-01,DMS Drum 01,DMS Drum,Surface,2.808,56.468,129.453,,,24.515,215.612,16.97,Running,1,18,85.09,21.81,202,215.144,,,,,,,,,
2025-10-05 00:00:00,daily,DMS-01,DMS Drum 01,DMS Drum,Surface,2.69,58.447,138.272,,,23.921,233.221,22.92,Running,1,1,84.44,20.68,195,208.393,,,,,,,,,
2025-10-06 00:00:00,daily,DMS-01,DMS Drum 01,DMS Drum,Surface,3.027,55.001,132.642,,,27.906,217.189,22.22,Running,0,7,84.74,20.46,201,221.891,,,,,,,,,
2025-10-07 00:00:00,daily,DMS-01,DMS Drum 01,DMS Drum,Surface,2.846,56.408,130.658,,,24.135,217.45,19.33,Running,1,2,84.25,19.22,196,210.665,,,,,,,,,
2025-10-08 00:00:00,daily,DMS-01,DMS Drum 01,DMS Drum,Surface,2.963,60.32,125.73,,,25.022,205.909,20.41,Running,0,8,86.22,18.72,196,211.088,,,,,,,,,
2025-10-09 00:00:00,daily,DMS-01,DMS Drum 01,DMS Drum,Surface,2.924,60.08,129.914,,,25.085,221.046,20.46,Running,1,12,88.03,17.84,204,207.244,,,,,,,,,
2025-10-10 00:00:00,daily,DMS-01,DMS Drum 01,DMS Drum,Surface,2.875,58.444,133.404,,,23.025,199.505,19.94,Running,1,9,84.72,21.26,200,230.493,,,,,,,,,
2025-10-11 00:00:00,daily,DMS-01,DMS Drum 01,DMS Drum,Surface,3.053,53.953,132.726,,,24.301,212.306,17.19,Running,0,7,84.38,19.66,200,211.032,,,,,,,,,
2025-10-12 00:00:00,daily,DMS-01,DMS Drum 01,DMS Drum,Surface,3.117,55.33,128.798,,,25.417,245.608,14.91,Running,0,13,84.77,18.28,189,238.583,,,,,,,,,
2025-10-13 00:00:00,daily,DMS-01,DMS Drum 01,DMS Drum,Surface,3.456,56.341,131.03,,,25.034,180.968,18.06,Running,1,13,83.27,27.65,201,214.83,,,,,,,,,
2025-10-14 00:00:00,daily,DMS-01,DMS Drum 01,DMS Drum,Surface,3.167,57.312,120.308,,,22.169,213.827,23.17,Running,1,13,85.51,20.94,191,211.334,,,,,,,,,
2025-10-15 00:00:00,daily,DMS-01,DMS Drum 01,DMS Drum,Surface,3.369,55.269,124.399,,,24.249,214.299,23.24,Running,1,11,84.95,19.42,190,209.005,,,,,,,,,
2025-10-16 00:00:00,daily,DMS-01,DMS Drum 01,DMS Drum,Surface,2.791,57.184,134.508,,,26.154,208.313,19.18,Running,1,0,83.54,23.97,182,218.95,,,,,,,,,
2025-10-17 00:00:00,daily,DMS-01,DMS Drum 01,DMS Drum,Surface,2.604,61.016,135.465,,,25.634,208.607,17.84,Running,1,9,85.62,24.52,192,202.823,,,,,,,,,
2025-10-18 00:00:00,daily,DMS-01,DMS Drum 01,DMS Drum,Surface,2.985,58.426,130.241,,,26.389,212.168,20.21,Running,1,3,84.17,23.41,186,213.112,,,,,,,,,
2025-10-19 00:00:00,daily,DMS-01,DMS Drum 01,DMS Drum,Surface,3.196,58.087,139.955,,,23.744,208.058,20.52,Running,1,4,82.55,18.86,191,211.196,,,,,,,,,
2025-10-20 00:00:00,daily,DMS-01,DMS Drum 01,DMS Drum,Surface,3.159,55.745,133.174,,,26.463,213.757,20.83,Running,1,21,84.62,26.83,185,215.646,,,,,,,,,
2025-10-21 00:00:00,daily,DMS-01,DMS Drum 01,DMS Drum,Surface,3.282,54.571,128.002,,,24.872,205.252,14.83,Running,0,6,84.4,18.14,196,216.004,,,,,,,,,
2025-10-22 00:00:00,daily,DMS-01,DMS Drum 01,DMS Drum,Surface,2.384,55.358,121.111,,,26.835,235.383,24.0,Running,1,17,85.52,19.85,191,216.742,,,,,,,,,
2025-10-23 00:00:00,daily,DMS-01,DMS Drum 01,DMS Drum,Surface,3.294,54.507,139.737,,,24.927,208.101,21.85,Running,1,1,85.28,18.34,197,212.454,,,,,,,,,
2025-10-24 00:00:00,daily,DMS-01,DMS Drum 01,DMS Drum,Surface,3.075,57.847,135.074,,,22.466,217.971,19.3,Running,1,3,83.74,21.29,183,233.101,,,,,,,,,
2025-10-25 00:00:00,daily,DMS-01,DMS Drum 01,DMS Drum,Surface,2.624,58.441,142.286,,,25.941,203.118,18.3,Running,1,14,83.12,24.2,193,217.063,,,,,,,,,
2025-10-26 00:00:00,daily,DMS-01,DMS Drum 01,DMS Drum,Surface,3.17,55.884,144.882,,,24.389,222.355,21.58,Running,1,6,83.84,18.48,180,247.641,,,,,,,,,
2025-10-27 00:00:00,daily,DMS-01,DMS Drum 01,DMS Drum,Surface,3.037,58.006,120.721,,,24.469,219.97,20.63,Running,1,10,84.38,21.68,187,211.866,,,,,,,,,
2025-10-28 00:00:00,daily,DMS-01,DMS Drum 01,DMS Drum,Surface,3.089,60.523,120.756,,,23.176,216.211,19.86,Running,1,9,84.54,23.94,183,224.604,,,,,,,,,
2025-10-29 00:00:00,daily,DMS-01,DMS Drum 01,DMS Drum,Surface,3.238,61.458,109.72,,,26.866,198.862,20.56,Running,0,7,84.21,20.42,184,201.026,,,,,,,,,
2025-10-30 00:00:00,daily,DMS-01,DMS Drum 01,DMS Drum,Surface,3.103,59.209,136.207,,,24.293,202.173,19.46,Running,0,7,83.54,20.26,183,230.812,,,,,,,,,
2025-10-31 00:00:00,daily,DMS-01,DMS Drum 01,DMS Drum,Surface,2.647,57.42,134.39,,,26.808,231.446,20.45,Running,0,9,85.25,20.38,181,201.352,,,,,,,,,
2025-11-01 00:00:00,daily,DMS-01,DMS Drum 01,DMS Drum,Surface,2.967,59.161,130.495,,,24.399,202.062,21.07,Running,1,13,82.54,23.77,179,217.606,,,,,,,,,
2025-11-02 00:00:00,daily,DMS-01,DMS Drum 01,DMS Drum,Surface,2.614,60.334,121.244,,,23.803,218.925,20.34,Running,1,13,87.54,16.25,182,207.532,,,,,,,,,
2025-11-03 00:00:00,daily,DMS-01,DMS Drum 01,DMS Drum,Surface,3.159,53.959,129.221,,,26.499,199.91,20.24,Running,1,7,84.76,18.96,184,217.574,,,,,,,,,
2025-11-04 00:00:00,daily,DMS-01,DMS Drum 01,DMS Drum,Surface,3.34,60.596,131.153,,,24.827,223.357,22.35,Running,1,8,81.7,26.66,188,207.97,,,,,,,,,
2025-11-05 00:00:00,daily,DMS-01,DMS Drum 01,DMS Drum,Surface,2.707,56.752,135.356,,,24.837,203.031,16.61,Running,1,6,83.76,23.93,184,200.218,,,,,,,,,
2025-11-06 00:00:00,daily,DMS-01,DMS Drum 01,DMS Drum,Surface,2.845,56.777,131.804,,,23.375,199.721,18.15,Running,1,15,84.66,19.34,187,207.477,,,,,,,,,
2025-11-07 00:00:00,daily,DMS-01,DMS Drum 01,DMS Drum,Surface,2.795,57.126,134.556,,,24.363,202.742,19.73,Running,1,13,82.83,22.18,176,232.872,,,,,,,,,
2025-11-08 00:00:00,daily,DMS-01,DMS Drum 01,DMS Drum,Surface,2.899,58.416,129.058,,,25.426,204.656,18.28,Running,1,0,80.96,26.93,180,217.843,,,,,,,,,
2025-11-09 00:00:00,daily,DMS-01,DMS Drum 01,DMS Drum,Surface,3.108,55.703,138.214,,,23.352,216.169,18.92,Running,0,0,81.65,23.76,184,193.269,,,,,,,,,
2025-11-10 00:00:00,daily,DMS-01,DMS Drum 01,DMS Drum,Surface,2.903,57.28,134.382,,,24.263,212.157,22.15,Running,1,4,84.14,22.56,182,226.659,,,,,,,,,
2025-11-11 00:00:00,daily,DMS-01,DMS Drum 01,DMS Drum,Surface,3.167,58.826,121.668,,,24.405,198.193,19.39,Running,1,14,80.43,30.33,177,198.854,,,,,,,,,
2025-11-12 00:00:00,daily,DMS-01,DMS Drum 01,DMS Drum,Surface,3.267,58.251,139.718,,,24.988,211.011,16.17,Running,1,10,80.88,26.65,183,221.754,,,,,,,,,
2025-11-13 00:00:00,daily,DMS-01,DMS Drum 01,DMS Drum,Surface,3.277,58.566,138.589,,,26.683,197.636,18.87,Running,1,11,84.02,19.94,177,219.102,,,,,,,,,
2025-11-14 00:00:00,daily,DMS-01,DMS Drum 01,DMS Drum,Surface,2.745,57.234,133.285,,,24.547,219.092,19.79,Running,1,9,82.77,24.91,176,219.998,,,,,,,,,
2025-11-15 00:00:00,daily,DMS-01,DMS Drum 01,DMS Drum,Surface,3.347,59.175,132.009,,,24.077,221.304,19.76,Running,1,19,81.97,24.88,180,237.326,,,,,,,,,
2025-11-16 00:00:00,daily,DMS-01,DMS Drum 01,DMS Drum,Surface,3.367,59.871,141.671,,,28.201,211.105,20.75,Running,1,15,82.26,24.54,178,199.791,,,,,,,,,
2025-11-17 00:00:00,daily,DMS-01,DMS Drum 01,DMS Drum,Surface,3.389,59.764,118.645,,,24.385,214.664,20.59,Running,1,12,80.66,28.03,175,219.955,,,,,,,,,
2025-11-18 00:00:00,daily,DMS-01,DMS Drum 01,DMS Drum,Surface,2.979,58.691,138.784,,,24.675,232.441,19.41,Running,1,17,83.75,24.13,175,229.05,,,,,,,,,
2025-11-19 00:00:00,daily,DMS-01,DMS Drum 01,DMS Drum,Surface,2.838,59.669,126.779,,,24.474,209.536,17.39,Running,1,0,81.65,25.77,172,202.42,,,,,,,,,
2025-11-20 00:00:00,daily,DMS-01,DMS Drum 01,DMS Drum,Surface,2.783,59.547,137.795,,,24.57,200.107,18.83,Running,0,9,82.04,25.02,175,200.998,,,,,,,,,
2025-11-21 00:00:00,daily,DMS-01,DMS Drum 01,DMS Drum,Surface,2.756,62.985,130.989,,,24.995,218.4,18.48,Running,1,12,83.41,27.35,180,207.429,,,,,,,,,
2025-11-22 00:00:00,daily,DMS-01,DMS Drum 01,DMS Drum,Surface,3.024,60.221,121.463,,,26.006,197.87,19.13,Running,1,15,82.41,27.03,176,216.008,,,,,,,,,
2025-11-23 00:00:00,daily,DMS-01,DMS Drum 01,DMS Drum,Surface,3.226,57.745,126.705,,,25.385,208.946,21.01,Running,1,0,81.66,27.35,179,191.727,,,,,,,,,
2025-11-24 00:00:00,daily,DMS-01,DMS Drum 01,DMS Drum,Surface,3.337,56.189,137.35,,,26.192,204.297,20.46,Running,1,10,79.56,28.88,177,219.205,,,,,,,,,
2025-11-25 00:00:00,daily,DMS-01,DMS Drum 01,DMS Drum,Surface,2.907,57.432,128.744,,,26.151,203.075,21.26,Running,0,11,83.3,21.38,172,191.779,,,,,,,,,
2025-11-26 00:00:00,daily,DMS-01,DMS Drum 01,DMS Drum,Surface,3.016,57.305,125.882,,,25.148,208.507,18.94,Running,0,14,82.8,26.34,167,229.615,,,,,,,,,
2025-11-27 00:00:00,daily,DMS-01,DMS Drum 01,DMS Drum,Surface,3.001,58.915,125.853,,,25.348,222.319,22.58,Running,1,18,81.8,25.76,170,218.713,,,,,,,,,
2025-11-28 00:00:00,daily,DMS-01,DMS Drum 01,DMS Drum,Surface,2.874,56.62,134.763,,,26.226,224.8,20.97,Running,0,15,80.93,25.54,170,238.316,,,,,,,,,
2025-11-29 00:00:00,daily,DMS-01,DMS Drum 01,DMS Drum,Surface,3.204,60.223,142.539,,,23.562,222.658,19.9,Running,0,9,82.58,23.91,169,220.907,,,,,,,,,
2025-11-30 00:00:00,daily,DMS-01,DMS Drum 01,DMS Drum,Surface,3.116,55.325,115.316,,,27.892,215.592,20.84,Running,1,12,83.29,21.47,176,207.289,,,,,,,,,
2025-12-01 00:00:00,daily,DMS-01,DMS Drum 01,DMS Drum,Surface,3.064,54.871,149.925,,,24.278,208.475,18.38,Running,1,9,82.63,26.43,175,200.386,,,,,,,,,
2025-12-02 00:00:00,daily,DMS-01,DMS Drum 01,DMS Drum,Surface,3.117,57.723,131.764,,,24.471,183.285,15.63,Running,1,10,85.06,22.28,180,214.924,,,,,,,,,
2025-12-03 00:00:00,daily,DMS-01,DMS Drum 01,DMS Drum,Surface,3.18,56.386,134.417,,,23.437,216.003,18.52,Running,1,14,83.53,23.42,168,211.168,,,,,,,,,
2025-12-04 00:00:00,daily,DMS-01,DMS Drum 01,DMS Drum,Surface,3.178,55.604,127.319,,,23.472,184.251,21.12,Running,1,10,82.19,24.85,177,228.209,,,,,,,,,
2025-12-05 00:00:00,daily,DMS-01,DMS Drum 01,DMS Drum,Surface,2.833,56.791,130.366,,,26.059,188.535,19.83,Running,1,11,83.51,21.73,176,198.614,,,,,,,,,
2025-12-06 00:00:00,daily,DMS-01,DMS Drum 01,DMS Drum,Surface,3.25,56.563,131.756,,,27.614,209.687,19.42,Running,1,13,82.36,20.43,168,239.92,,,,,,,,,
2025-12-07 00:00:00,daily,DMS-01,DMS Drum 01,DMS Drum,Surface,3.097,58.036,123.082,,,24.208,214.814,18.05,Running,1,13,82.32,21.93,171,229.486,,,,,,,,,
2025-12-08 00:00:00,daily,DMS-01,DMS Drum 01,DMS Drum,Surface,2.932,56.845,124.804,,,25.304,206.238,15.92,Running,1,15,84.28,20.52,174,208.802,,,,,,,,,
2025-12-09 00:00:00,daily,DMS-01,DMS Drum 01,DMS Drum,Surface,3.094,57.007,138.754,,,25.151,230.089,22.42,Running,1,25,80.73,25.19,168,236.832,,,,,,,,,
2025-12-10 00:00:00,daily,DMS-01,DMS Drum 01,DMS Drum,Surface,3.121,58.03,119.613,,,26.086,217.22,19.28,Running,1,15,82.17,25.54,167,200.711,,,,,,,,,
2025-12-11 00:00:00,daily,DMS-01,DMS Drum 01,DMS Drum,Surface,3.299,59.974,133.585,,,27.548,208.694,18.86,Running,1,7,84.0,24.03,165,214.565,,,,,,,,,
2025-12-12 00:00:00,daily,DMS-01,DMS Drum 01,DMS Drum,Surface,2.79,60.849,127.922,,,26.71,228.335,18.39,Running,1,13,82.55,24.17,157,193.829,,,,,,,,,
2025-12-13 00:00:00,daily,DMS-01,DMS Drum 01,DMS Drum,Surface,3.36,58.343,123.808,,,24.597,230.493,22.09,Running,1,15,81.43,28.82,167,237.563,,,,,,,,,
2025-12-14 00:00:00,daily,DMS-01,DMS Drum 01,DMS Drum,Surface,3.048,58.498,144.355,,,25.517,217.874,21.37,Running,1,15,79.25,27.49,163,188.66,,,,,,,,,
2025-12-15 00:00:00,daily,DMS-01,DMS Drum 01,DMS Drum,Surface,2.922,57.729,123.888,,,25.636,202.433,17.82,Running,1,23,78.31,30.1,161,191.57,,,,,,,,,
2025-12-16 00:00:00,daily,DMS-01,DMS Drum 01,DMS Drum,Surface,2.916,58.999,122.677,,,24.857,205.145,21.92,Running,0,0,85.22,20.59,167,202.862,,,,,,,,,
2025-12-17 00:00:00,daily,DMS-01,DMS Drum 01,DMS Drum,Surface,2.806,58.834,129.297,,,23.565,194.399,19.4,Running,1,21,82.36,26.89,159,230.273,,,,,,,,,
2025-12-18 00:00:00,daily,DMS-01,DMS Drum 01,DMS Drum,Surface,2.629,60.619,125.244,,,23.921,211.264,18.51,Running,1,23,80.89,26.97,168,225.14,,,,,,,,,
2025-12-19 00:00:00,daily,DMS-01,DMS Drum 01,DMS Drum,Surface,3.21,54.519,130.687,,,26.256,199.184,19.12,Running,1,14,82.34,24.99,166,213.494,,,,,,,,,
2025-12-20 00:00:00,daily,DMS-01,DMS Drum 01,DMS Drum,Surface,3.524,57.669,131.748,,,26.379,207.848,18.18,Running,1,13,80.23,24.37,162,226.062,,,,,,,,,
2025-12-21 00:00:00,daily,DMS-01,DMS Drum 01,DMS Drum,Surface,2.662,58.767,132.321,,,24.628,214.937,17.14,Running,1,8,81.18,24.55,163,210.194,,,,,,,,,
2025-12-22 00:00:00,daily,DMS-01,DMS Drum 01,DMS Drum,Surface,2.823,58.08,129.83,,,25.189,188.017,21.17,Running,1,12,80.16,29.96,158,217.736,,,,,,,,,
2025-12-23 00:00:00,daily,DMS-01,DMS Drum 01,DMS Drum,Surface,3.232,56.354,125.8,,,26.312,196.669,19.26,Running,1,14,79.37,24.73,165,234.958,,,,,,,,,
2025-12-24 00:00:00,daily,DMS-01,DMS Drum 01,DMS Drum,Surface,3.042,55.677,135.237,,,22.829,205.765,20.87,Running,1,19,78.22,33.17,163,208.394,,,,,,,,,
2025-12-25 00:00:00,daily,DMS-01,DMS Drum 01,DMS Drum,Surface,3.254,59.685,129.97,,,24.338,211.229,20.23,Running,1,18,79.0,30.41,162,201.13,,,,,,,,,
2025-12-26 00:00:00,daily,DMS-01,DMS Drum 01,DMS Drum,Surface,3.031,56.723,127.301,,,27.294,205.945,20.73,Running,0,12,83.15,22.1,163,218.457,,,,,,,,,
2025-12-27 00:00:00,daily,DMS-01,DMS Drum 01,DMS Drum,Surface,2.917,54.835,141.149,,,25.231,208.638,15.75,Running,1,17,79.9,26.48,158,222.248,,,,,,,,,
2025-12-28 00:00:00,daily,DMS-01,DMS Drum 01,DMS Drum,Surface,3.003,59.804,129.958,,,23.516,203.422,18.02,Running,1,17,82.29,28.58,154,213.443,,,,,,,,,
2025-12-29 00:00:00,daily,DMS-01,DMS Drum 01,DMS Drum,Surface,2.486,59.057,138.47,,,25.011,194.516,20.77,Running,1,4,82.93,26.72,164,225.956,,,,,,,,,
2025-12-30 00:00:00,daily,DMS-01,DMS Drum 01,DMS Drum,Surface,2.785,57.972,139.433,,,26.095,205.505,17.23,Running,1,16,81.38,25.82,162,209.104,,,,,,,,,
2025-12-31 00:00:00,daily,DMS-01,DMS Drum 01,DMS Drum,Surface,3.288,56.462,139.877,,,21.813,209.376,20.4,Running,1,23,80.84,27.09,157,213.72,,,,,,,,,
2026-01-01 00:00:00,daily,DMS-01,DMS Drum 01,DMS Drum,Surface,3.347,57.992,135.72,,,25.079,208.222,17.01,Running,1,10,81.49,24.62,160,217.191,,,,,,,,,
2026-01-02 00:00:00,daily,DMS-01,DMS Drum 01,DMS Drum,Surface,3.4,60.525,130.896,,,24.42,213.301,19.71,Running,1,21,80.57,27.47,163,215.983,,,,,,,,,
2026-01-03 00:00:00,daily,DMS-01,DMS Drum 01,DMS Drum,Surface,3.169,55.156,130.471,,,22.895,216.999,22.77,Running,1,4,83.13,22.27,162,234.558,,,,,,,,,
2026-01-04 00:00:00,daily,DMS-01,DMS Drum 01,DMS Drum,Surface,2.523,55.26,129.229,,,24.963,220.166,21.17,Running,1,9,84.16,22.01,155,217.159,,,,,,,,,
2026-01-05 00:00:00,daily,DMS-01,DMS Drum 01,DMS Drum,Surface,2.913,57.047,115.789,,,24.7,204.395,16.13,Running,1,6,83.44,26.8,151,207.743,,,,,,,,,
2026-01-06 00:00:00,daily,DMS-01,DMS Drum 01,DMS Drum,Surface,3.384,58.197,136.007,,,24.834,193.101,21.31,Running,1,23,77.64,31.11,151,219.402,,,,,,,,,
2026-01-07 00:00:00,daily,DMS-01,DMS Drum 01,DMS Drum,Surface,3.457,57.312,132.706,,,24.444,227.282,23.18,Running,1,21,80.35,25.42,155,226.147,,,,,,,,,
2026-01-08 00:00:00,daily,DMS-01,DMS Drum 01,DMS Drum,Surface,3.396,59.484,136.792,,,23.636,216.661,24.0,Running,1,9,81.01,23.85,161,222.875,,,,,,,,,
2026-01-09 00:00:00,daily,DMS-01,DMS Drum 01,DMS Drum,Surface,3.013,60.34,130.213,,,23.115,200.593,20.59,Running,1,18,81.71,25.86,152,222.112,,,,,,,,,
2026-01-10 00:00:00,daily,DMS-01,DMS Drum 01,DMS Drum,Surface,2.757,58.809,135.705,,,24.031,215.394,17.06,Running,0,24,78.16,29.05,152,191.089,,,,,,,,,
2026-01-11 00:00:00,daily,DMS-01,DMS Drum 01,DMS Drum,Surface,3.062,59.352,121.428,,,25.89,224.89,20.51,Running,1,12,78.1,31.16,152,177.179,,,,,,,,,
2026-01-12 00:00:00,daily,DMS-01,DMS Drum 01,DMS Drum,Surface,3.076,58.812,122.905,,,25.138,232.837,22.74,Running,1,9,82.94,20.65,152,229.941,,,,,,,,,
2026-01-13 00:00:00,daily,DMS-01,DMS Drum 01,DMS Drum,Surface,3.45,58.321,113.775,,,24.774,215.107,19.32,Running,1,17,79.91,29.5,153,218.244,,,,,,,,,
2026-01-14 00:00:00,daily,DMS-01,DMS Drum 01,DMS Drum,Surface,3.13,55.853,130.187,,,23.609,224.829,21.68,Running,1,5,78.39,28.13,148,211.811,,,,,,,,,
2026-01-15 00:00:00,daily,DMS-01,DMS Drum 01,DMS Drum,Surface,3.08,56.366,125.739,,,24.407,197.611,18.07,Running,1,13,78.96,29.54,157,221.846,,,,,,,,,
2026-01-16 00:00:00,daily,DMS-01,DMS Drum 01,DMS Drum,Surface,3.095,55.76,124.842,,,25.739,211.708,20.39,Running,1,24,81.32,25.48,152,239.121,,,,,,,,,
2026-01-17 00:00:00,daily,DMS-01,DMS Drum 01,DMS Drum,Surface,3.174,58.053,133.528,,,25.459,208.132,14.9,Running,1,9,79.34,32.37,162,231.941,,,,,,,,,
2026-01-18 00:00:00,daily,DMS-01,DMS Drum 01,DMS Drum,Surface,3.23,58.784,128.226,,,24.28,216.276,17.86,Running,1,17,81.0,26.95,147,225.636,,,,,,,,,
2026-01-19 00:00:00,daily,DMS-01,DMS Drum 01,DMS Drum,Surface,2.907,55.598,121.192,,,21.718,231.512,19.67,Running,1,18,79.01,33.28,157,199.764,,,,,,,,,
2026-01-20 00:00:00,daily,DMS-01,DMS Drum 01,DMS Drum,Surface,2.828,58.497,149.056,,,24.041,215.189,18.98,Running,1,12,77.74,32.28,156,201.596,,,,,,,,,
2026-01-21 00:00:00,daily,DMS-01,DMS Drum 01,DMS Drum,Surface,3.412,56.704,131.003,,,24.271,200.952,17.18,Running,1,12,82.77,26.97,148,178.794,,,,,,,,,
2026-01-22 00:00:00,daily,DMS-01,DMS Drum 01,DMS Drum,Surface,2.69,56.344,123.7,,,23.761,197.056,18.72,Running,1,22,81.09,26.06,148,221.086,,,,,,,,,
2026-01-23 00:00:00,daily,DMS-01,DMS Drum 01,DMS Drum,Surface,3.478,57.195,126.612,,,24.352,231.979,20.31,Running,0,16,79.88,28.86,145,227.751,,,,,,,,,
2026-01-24 00:00:00,daily,DMS-01,DMS Drum 01,DMS Drum,Surface,2.627,56.263,130.109,,,25.827,218.409,19.51,Running,1,18,79.54,31.08,145,228.906,,,,,,,,,
2026-01-25 00:00:00,daily,DMS-01,DMS Drum 01,DMS Drum,Surface,2.947,59.553,130.113,,,24.802,217.633,19.8,Running,1,21,82.68,26.06,148,221.712,,,,,,,,,
2026-01-26 00:00:00,daily,DMS-01,DMS Drum 01,DMS Drum,Surface,3.321,58.089,140.475,,,26.033,208.145,21.09,Running,1,9,81.24,27.32,148,210.113,,,,,,,,,
2026-01-27 00:00:00,daily,DMS-01,DMS Drum 01,DMS Drum,Surface,3.089,59.965,130.823,,,23.035,215.497,19.02,Running,1,3,82.09,24.42,141,204.383,,,,,,,,,
2026-01-28 00:00:00,daily,DMS-01,DMS Drum 01,DMS Drum,Surface,2.774,57.582,144.385,,,24.478,200.452,22.29,Running,1,24,79.28,28.69,156,200.741,,,,,,,,,
2026-01-29 00:00:00,daily,DMS-01,DMS Drum 01,DMS Drum,Surface,3.194,57.662,128.391,,,22.516,216.956,17.78,Running,1,13,80.26,29.92,146,210.021,,,,,,,,,
2026-01-30 00:00:00,daily,DMS-01,DMS Drum 01,DMS Drum,Surface,3.109,62.0,134.423,,,24.33,198.224,23.38,Running,1,18,80.78,29.6,146,198.633,,,,,,,,,
2026-01-31 00:00:00,daily,DMS-01,DMS Drum 01,DMS Drum,Surface,3.042,55.365,138.611,,,23.586,208.024,21.82,Running,0,6,79.22,27.91,143,236.919,,,,,,,,,
2026-02-01 00:00:00,daily,DMS-01,DMS Drum 01,DMS Drum,Surface,2.945,60.898,139.843,,,26.378,204.634,19.0,Running,1,13,79.9,26.65,144,194.116,,,,,,,,,
2026-02-02 00:00:00,daily,DMS-01,DMS Drum 01,DMS Drum,Surface,3.087,61.609,140.68,,,25.331,173.274,19.12,Running,1,3,79.08,27.47,144,209.604,,,,,,,,,
2026-02-03 00:00:00,daily,DMS-01,DMS Drum 01,DMS Drum,Surface,2.957,59.929,129.613,,,26.056,208.214,20.08,Running,1,12,80.62,28.8,145,185.269,,,,,,,,,
2026-02-04 00:00:00,daily,DMS-01,DMS Drum 01,DMS Drum,Surface,3.682,57.854,131.498,,,24.322,201.603,20.83,Running,1,7,77.82,29.19,144,216.541,,,,,,,,,
2026-02-05 00:00:00,daily,DMS-01,DMS Drum 01,DMS Drum,Surface,3.041,61.202,114.2,,,23.613,209.878,21.78,Running,1,5,80.81,28.5,147,212.369,,,,,,,,,
2026-02-06 00:00:00,daily,DMS-01,DMS Drum 01,DMS Drum,Surface,3.01,57.887,130.204,,,23.574,212.437,17.11,Running,1,9,80.35,28.59,144,207.421,,,,,,,,,
2026-02-07 00:00:00,daily,DMS-01,DMS Drum 01,DMS Drum,Surface,2.971,57.166,139.235,,,25.153,233.644,20.52,Running,1,0,79.49,27.62,146,199.37,,,,,,,,,
2026-02-08 00:00:00,daily,DMS-01,DMS Drum 01,DMS Drum,Surface,3.529,57.778,137.894,,,27.006,216.099,15.62,Running,1,3,80.5,30.43,142,212.477,,,,,,,,,
2026-02-09 00:00:00,daily,DMS-01,DMS Drum 01,DMS Drum,Surface,2.71,57.44,131.03,,,25.328,216.466,19.34,Running,0,16,79.15,26.26,143,204.834,,,,,,,,,
2026-02-10 00:00:00,daily,DMS-01,DMS Drum 01,DMS Drum,Surface,3.191,56.734,143.55,,,24.382,218.417,22.47,Running,1,16,78.63,33.24,141,210.554,,,,,,,,,
2026-02-11 00:00:00,daily,DMS-01,DMS Drum 01,DMS Drum,Surface,3.048,60.65,128.988,,,24.605,222.945,16.96,Running,1,4,80.53,27.9,145,239.887,,,,,,,,,
2026-02-12 00:00:00,daily,DMS-01,DMS Drum 01,DMS Drum,Surface,2.765,57.079,126.683,,,24.793,217.948,16.61,Running,0,12,80.56,23.07,142,214.907,,,,,,,,,
2026-02-13 00:00:00,daily,DMS-01,DMS Drum 01,DMS Drum,Surface,2.911,58.501,128.439,,,27.261,215.891,20.1,Running,1,6,78.77,32.91,140,219.97,,,,,,,,,
2026-02-14 00:00:00,daily,DMS-01,DMS Drum 01,DMS Drum,Surface,3.185,55.823,123.879,,,26.309,221.059,22.34,Running,1,19,78.59,31.92,139,206.021,,,,,,,,,
2026-02-15 00:00:00,daily,DMS-01,DMS Drum 01,DMS Drum,Surface,2.903,58.633,136.113,,,25.139,183.418,20.3,Running,1,10,79.2,28.26,139,201.555,,,,,,,,,
2026-02-16 00:00:00,daily,DMS-01,DMS Drum 01,DMS Drum,Surface,3.174,56.386,133.796,,,24.958,237.62,16.02,Running,0,9,78.57,28.07,139,212.23,,,,,,,,,
2026-02-17 00:00:00,daily,DMS-01,DMS Drum 01,DMS Drum,Surface,3.528,56.348,136.066,,,25.185,231.642,16.45,Running,1,8,81.86,22.26,138,247.62,,,,,,,,,
2026-02-18 00:00:00,daily,DMS-01,DMS Drum 01,DMS Drum,Surface,3.155,58.392,128.916,,,25.418,215.184,19.87,Running,2,34,79.88,32.99,136,208.554,,,,,,,,,
2026-02-19 00:00:00,daily,DMS-01,DMS Drum 01,DMS Drum,Surface,2.766,60.616,131.431,,,24.328,195.636,17.42,Running,1,6,79.36,27.05,141,217.652,,,,,,,,,
2026-02-20 00:00:00,daily,DMS-01,DMS Drum 01,DMS Drum,Surface,2.913,59.453,116.608,,,23.81,227.13,19.94,Running,0,13,77.8,28.55,141,201.008,,,,,,,,,
2026-02-21 00:00:00,daily,DMS-01,DMS Drum 01,DMS Drum,Surface,3.049,59.593,134.511,,,26.06,204.293,20.06,Running,1,17,80.44,27.92,144,174.046,,,,,,,,,
2026-02-22 00:00:00,daily,DMS-01,DMS Drum 01,DMS Drum,Surface,3.034,58.387,132.59,,,24.847,219.039,18.74,Running,1,4,78.24,27.19,134,201.576,,,,,,,,,
2026-02-23 00:00:00,daily,DMS-01,DMS Drum 01,DMS Drum,Surface,3.156,58.005,124.215,,,25.958,197.252,23.16,Running,0,0,78.13,28.65,139,245.977,,,,,,,,,
2026-02-24 00:00:00,daily,DMS-01,DMS Drum 01,DMS Drum,Surface,3.195,60.154,131.206,,,26.794,239.378,20.81,Running,1,7,80.37,29.47,128,220.996,,,,,,,,,
2026-02-25 00:00:00,daily,DMS-01,DMS Drum 01,DMS Drum,Surface,3.537,57.589,130.154,,,25.443,195.368,22.01,Running,1,17,79.71,29.33,139,235.648,,,,,,,,,
2026-02-26 00:00:00,daily,DMS-01,DMS Drum 01,DMS Drum,Surface,3.122,60.253,144.33,,,25.247,213.516,21.45,Running,1,11,75.05,34.16,129,207.82,,,,,,,,,
2026-02-27 00:00:00,daily,DMS-01,DMS Drum 01,DMS Drum,Surface,2.847,61.025,124.572,,,28.656,187.236,19.39,Running,0,10,78.76,29.77,130,179.707,,,,,,,,,
2026-02-28 00:00:00,daily,DMS-01,DMS Drum 01,DMS Drum,Surface,3.402,57.087,134.341,,,25.064,212.222,19.31,Running,0,18,79.17,28.27,135,197.194,,,,,,,,,
2026-03-01 00:00:00,daily,DMS-01,DMS Drum 01,DMS Drum,Surface,3.429,57.374,124.406,,,23.506,207.627,19.11,Running,1,6,78.39,30.13,131,218.288,,,,,,,,,
2026-03-02 00:00:00,daily,DMS-01,DMS Drum 01,DMS Drum,Surface,3.183,57.666,128.157,,,24.476,226.39,20.99,Running,1,10,79.15,27.67,130,216.071,,,,,,,,,
2026-03-03 00:00:00,daily,DMS-01,DMS Drum 01,DMS Drum,Surface,3.069,55.924,134.02,,,26.674,207.653,18.43,Running,1,1,75.96,32.5,131,212.612,,,,,,,,,
2026-03-04 00:00:00,daily,DMS-01,DMS Drum 01,DMS Drum,Surface,3.279,57.828,130.624,,,23.258,226.435,22.99,Running,1,17,74.28,34.78,135,205.348,,,,,,,,,
2026-03-05 00:00:00,daily,DMS-01,DMS Drum 01,DMS Drum,Surface,3.08,61.201,132.082,,,23.908,200.496,18.25,Running,1,14,77.21,30.45,128,225.942,,,,,,,,,
2026-03-06 00:00:00,daily,DMS-01,DMS Drum 01,DMS Drum,Surface,2.639,56.75,134.474,,,26.137,209.416,20.09,Running,1,19,79.18,31.23,131,205.781,,,,,,,,,
2026-03-07 00:00:00,daily,DMS-01,DMS Drum 01,DMS Drum,Surface,3.268,61.264,128.709,,,24.483,209.671,19.24,Running,1,4,73.53,38.6,130,217.123,,,,,,,,,
2026-03-08 00:00:00,daily,DMS-01,DMS Drum 01,DMS Drum,Surface,3.348,57.931,138.375,,,24.675,218.775,18.81,Running,1,11,77.3,29.91,134,215.562,,,,,,,,,
2026-03-09 00:00:00,daily,DMS-01,DMS Drum 01,DMS Drum,Surface,3.481,62.78,130.068,,,26.095,217.262,23.85,Running,1,3,75.53,31.86,134,207.683,,,,,,,,,
2026-03-10 00:00:00,daily,DMS-01,DMS Drum 01,DMS Drum,Surface,2.961,57.476,131.545,,,23.946,221.523,18.84,Running,1,10,78.18,30.23,122,200.518,,,,,,,,,
2026-03-11 00:00:00,daily,DMS-01,DMS Drum 01,DMS Drum,Surface,3.192,58.507,134.778,,,23.042,216.072,19.09,Running,1,23,81.66,29.99,134,206.887,,,,,,,,,
2026-03-12 00:00:00,daily,DMS-01,DMS Drum 01,DMS Drum,Surface,3.198,57.06,133.858,,,23.137,220.82,18.4,Running,1,9,78.14,28.55,126,239.115,,,,,,,,,
2026-03-13 00:00:00,daily,DMS-01,DMS Drum 01,DMS Drum,Surface,3.161,57.491,136.8,,,25.501,202.124,19.76,Running,0,2,78.27,30.09,129,228.473,,,,,,,,,
2026-03-14 00:00:00,daily,DMS-01,DMS Drum 01,DMS Drum,Surface,3.169,61.349,134.53,,,25.113,217.578,19.49,Running,1,7,79.75,28.53,124,227.198,,,,,,,,,
2026-03-15 00:00:00,daily,DMS-01,DMS Drum 01,DMS Drum,Surface,3.151,59.717,135.615,,,23.97,232.225,17.53,Running,1,0,78.4,30.02,129,201.916,,,,,,,,,
2026-03-16 00:00:00,daily,DMS-01,DMS Drum 01,DMS Drum,Surface,3.194,60.779,130.076,,,23.409,192.781,18.87,Running,1,2,77.98,29.91,137,192.813,,,,,,,,,
2026-03-17 00:00:00,daily,DMS-01,DMS Drum 01,DMS Drum,Surface,3.323,56.334,124.893,,,24.474,218.823,20.85,Running,1,17,79.77,30.64,127,228.306,,,,,,,,,
2026-03-18 00:00:00,daily,DMS-01,DMS Drum 01,DMS Drum,Surface,3.439,60.086,122.402,,,26.138,221.091,21.65,Running,1,1,79.0,30.31,125,225.636,,,,,,,,,
2026-03-19 00:00:00,daily,DMS-01,DMS Drum 01,DMS Drum,Surface,2.966,57.005,120.721,,,23.794,230.518,19.73,Running,1,15,78.66,31.56,125,214.905,,,,,,,,,
2026-03-20 00:00:00,daily,DMS-01,DMS Drum 01,DMS Drum,Surface,3.107,56.319,144.777,,,24.001,221.71,19.79,Running,1,13,77.94,32.06,120,207.81,,,,,,,,,
2026-03-21 00:00:00,daily,DMS-01,DMS Drum 01,DMS Drum,Surface,3.048,59.322,116.969,,,23.366,214.216,18.99,Running,1,9,77.57,33.19,131,192.517,,,,,,,,,
2026-03-22 00:00:00,daily,DMS-01,DMS Drum 01,DMS Drum,Surface,3.015,59.312,140.836,,,24.353,218.187,18.72,Running,1,15,79.55,31.8,126,225.17,,,,,,,,,
2026-03-23 00:00:00,daily,DMS-01,DMS Drum 01,DMS Drum,Surface,2.764,58.988,126.755,,,25.199,204.22,17.91,Running,1,6,77.5,34.16,120,229.647,,,,,,,,,
2026-03-24 00:00:00,daily,DMS-01,DMS Drum 01,DMS Drum,Surface,3.159,60.259,140.827,,,27.33,208.399,16.69,Running,1,20,79.97,32.69,120,203.548,,,,,,,,,
2026-03-25 00:00:00,daily,DMS-01,DMS Drum 01,DMS Drum,Surface,3.269,60.564,117.126,,,25.053,197.041,18.33,Running,1,8,76.28,35.64,123,202.393,,,,,,,,,
2026-03-26 00:00:00,daily,DMS-01,DMS Drum 01,DMS Drum,Surface,3.118,61.706,130.919,,,24.726,230.928,21.42,Running,1,8,80.21,26.37,127,230.459,,,,,,,,,
2026-03-27 00:00:00,daily,DMS-01,DMS Drum 01,DMS Drum,Surface,3.155,56.66,142.764,,,25.825,218.5,18.87,Running,1,9,78.63,31.61,118,204.112,,,,,,,,,
2026-03-28 00:00:00,daily,DMS-01,DMS Drum 01,DMS Drum,Surface,3.258,61.785,137.6,,,25.624,202.119,19.02,Running,1,20,76.28,34.62,127,238.019,,,,,,,,,
2026-03-29 00:00:00,daily,DMS-01,DMS Drum 01,DMS Drum,Surface,3.498,62.516,130.268,,,24.094,216.383,18.98,Running,1,18,78.61,33.79,121,211.6,,,,,,,,,
2026-03-30 00:00:00,daily,DMS-01,DMS Drum 01,DMS Drum,Surface,3.06,58.253,119.049,,,27.549,227.054,22.07,Running,1,0,76.71,30.67,118,207.73,,,,,,,,,
2026-03-31 00:00:00,daily,DMS-01,DMS Drum 01,DMS Drum,Surface,2.88,55.788,123.414,,,24.756,225.069,17.9,Running,2,15,77.76,32.25,119,213.787,,,,,,,,,
2026-04-01 00:00:00,daily,DMS-01,DMS Drum 01,DMS Drum,Surface,3.141,56.338,142.417,,,25.068,202.039,20.21,Running,1,0,76.89,30.99,127,207.758,,,,,,,,,
2026-04-02 00:00:00,daily,DMS-01,DMS Drum 01,DMS Drum,Surface,3.616,58.098,130.277,,,25.445,175.579,19.55,Running,1,10,77.42,32.64,114,228.952,,,,,,,,,
2026-04-03 00:00:00,daily,DMS-01,DMS Drum 01,DMS Drum,Surface,2.886,62.812,132.233,,,25.197,217.944,19.81,Running,1,11,79.09,28.84,117,225.601,,,,,,,,,
2026-04-04 00:00:00,daily,DMS-01,DMS Drum 01,DMS Drum,Surface,3.322,59.026,134.742,,,26.612,202.572,20.15,Running,1,10,78.38,31.23,123,228.448,,,,,,,,,
2026-04-05 00:00:00,daily,DMS-01,DMS Drum 01,DMS Drum,Surface,3.445,57.83,123.659,,,24.072,220.697,19.79,Running,1,16,75.7,31.19,120,215.812,,,,,,,,,
2026-04-06 00:00:00,daily,DMS-01,DMS Drum 01,DMS Drum,Surface,2.601,57.71,135.652,,,25.719,224.646,21.2,Running,0,21,75.75,35.53,115,206.854,,,,,,,,,
2026-04-07 00:00:00,daily,DMS-01,DMS Drum 01,DMS Drum,Surface,3.268,56.508,129.885,,,24.976,226.621,19.62,Running,1,6,77.86,31.41,122,213.131,,,,,,,,,
2026-04-08 00:00:00,daily,DMS-01,DMS Drum 01,DMS Drum,Surface,3.316,60.692,134.9,,,25.957,234.209,23.03,Running,1,6,77.93,31.2,122,207.313,,,,,,,,,
2026-04-09 00:00:00,daily,DMS-01,DMS Drum 01,DMS Drum,Surface,3.108,58.864,128.819,,,24.518,228.123,19.77,Running,1,15,76.26,37.14,118,233.819,,,,,,,,,
2026-04-10 00:00:00,daily,DMS-01,DMS Drum 01,DMS Drum,Surface,3.018,63.038,121.876,,,24.355,234.296,16.41,Running,1,0,79.84,27.45,114,227.334,,,,,,,,,
2026-04-11 00:00:00,daily,DMS-01,DMS Drum 01,DMS Drum,Surface,3.033,60.251,129.918,,,25.653,229.865,20.91,Running,2,9,78.56,30.7,114,212.035,,,,,,,,,
2026-04-12 00:00:00,daily,DMS-01,DMS Drum 01,DMS Drum,Surface,3.097,60.644,137.416,,,25.203,230.926,20.43,Running,0,25,76.22,33.5,117,200.36,,,,,,,,,
2026-04-13 00:00:00,daily,DMS-01,DMS Drum 01,DMS Drum,Surface,3.105,58.616,135.711,,,23.788,212.855,19.74,Running,1,1,76.02,33.97,110,234.918,,,,,,,,,
2026-04-14 00:00:00,daily,DMS-01,DMS Drum 01,DMS Drum,Surface,3.061,57.012,133.191,,,26.386,197.889,19.18,Running,1,12,76.77,36.97,120,215.274,,,,,,,,,
2026-04-15 00:00:00,daily,DMS-01,DMS Drum 01,DMS Drum,Surface,3.097,57.434,139.283,,,25.649,243.163,15.62,Running,1,8,76.56,32.94,121,211.553,,,,,,,,,
2026-04-16 00:00:00,daily,DMS-01,DMS Drum 01,DMS Drum,Surface,3.467,56.502,131.593,,,24.68,214.146,15.94,Running,0,25,79.06,28.18,113,235.085,,,,,,,,,
2026-04-17 00:00:00,daily,DMS-01,DMS Drum 01,DMS Drum,Surface,2.891,60.842,133.434,,,24.206,228.149,22.84,Running,0,9,78.58,33.72,115,206.266,,,,,,,,,
2026-04-18 00:00:00,daily,DMS-01,DMS Drum 01,DMS Drum,Surface,2.764,58.39,129.704,,,25.204,206.816,18.56,Running,1,9,77.02,31.55,118,208.955,,,,,,,,,
2026-04-19 00:00:00,daily,DMS-01,DMS Drum 01,DMS Drum,Surface,3.474,60.941,139.78,,,25.559,225.002,21.53,Running,1,4,78.01,27.57,121,210.204,,,,,,,,,
2026-04-20 00:00:00,daily,DMS-01,DMS Drum 01,DMS Drum,Surface,3.14,59.398,135.147,,,22.852,184.11,16.6,Running,2,12,78.2,29.04,119,195.017,,,,,,,,,
2026-04-21 00:00:00,daily,DMS-01,DMS Drum 01,DMS Drum,Surface,3.094,58.593,129.229,,,25.215,208.539,17.67,Running,1,14,76.94,29.8,105,217.885,,,,,,,,,
2026-04-22 00:00:00,daily,DMS-01,DMS Drum 01,DMS Drum,Surface,3.162,56.936,122.727,,,25.546,212.298,20.98,Running,1,5,77.45,27.98,110,202.806,,,,,,,,,
2026-04-23 00:00:00,daily,DMS-01,DMS Drum 01,DMS Drum,Surface,3.24,59.741,140.907,,,21.939,219.045,19.48,Running,1,20,77.71,30.48,113,205.504,,,,,,,,,
2026-04-24 00:00:00,daily,DMS-01,DMS Drum 01,DMS Drum,Surface,3.065,58.762,127.986,,,24.997,226.373,20.71,Running,1,15,77.5,31.36,109,203.647,,,,,,,,,
2026-04-25 00:00:00,daily,DMS-01,DMS Drum 01,DMS Drum,Surface,3.313,60.9,133.721,,,25.594,200.394,19.65,Running,2,23,75.43,36.76,117,205.305,,,,,,,,,
2026-04-26 00:00:00,daily,DMS-01,DMS Drum 01,DMS Drum,Surface,2.962,57.836,149.707,,,25.456,221.459,19.28,Running,2,11,75.55,35.49,116,201.794,,,,,,,,,
2026-04-27 00:00:00,daily,DMS-01,DMS Drum 01,DMS Drum,Surface,3.122,60.375,138.871,,,25.721,228.274,18.37,Running,1,16,76.13,34.58,106,217.015,,,,,,,,,
2026-04-28 00:00:00,daily,DMS-01,DMS Drum 01,DMS Drum,Surface,2.664,62.332,144.561,,,24.364,241.72,17.39,Running,1,11,75.42,32.62,108,211.391,,,,,,,,,
2026-04-29 00:00:00,daily,DMS-01,DMS Drum 01,DMS Drum,Surface,3.478,59.741,129.538,,,23.508,222.063,22.37,Running,1,29,74.15,37.96,106,214.256,,,,,,,,,
2026-04-30 00:00:00,daily,DMS-01,DMS Drum 01,DMS Drum,Surface,3.156,60.725,140.824,,,22.595,208.085,22.69,Running,2,15,77.55,34.21,107,246.552,,,,,,,,,
2026-05-01 00:00:00,daily,DMS-01,DMS Drum 01,DMS Drum,Surface,3.36,60.329,133.536,,,26.065,198.353,17.69,Running,1,13,76.98,33.02,107,211.436,,,,,,,,,
2026-05-02 00:00:00,daily,DMS-01,DMS Drum 01,DMS Drum,Surface,3.315,62.858,135.934,,,25.597,235.579,17.56,Running,0,11,74.24,36.91,111,222.098,,,,,,,,,
2026-05-03 00:00:00,daily,DMS-01,DMS Drum 01,DMS Drum,Surface,3.334,59.967,147.54,,,26.154,222.492,19.01,Running,1,8,75.96,31.13,103,223.707,,,,,,,,,
2026-05-04 00:00:00,daily,DMS-01,DMS Drum 01,DMS Drum,Surface,3.201,60.6,131.466,,,23.881,213.396,20.33,Running,1,16,76.01,35.7,96,212.779,,,,,,,,,
2026-05-05 00:00:00,daily,DMS-01,DMS Drum 01,DMS Drum,Surface,3.298,59.211,133.574,,,25.715,194.237,19.33,Running,0,22,76.55,36.39,100,217.508,,,,,,,,,
2026-05-06 00:00:00,daily,DMS-01,DMS Drum 01,DMS Drum,Surface,2.975,57.818,127.139,,,22.946,202.515,20.64,Running,1,8,74.49,36.36,102,213.979,,,,,,,,,
2026-05-07 00:00:00,daily,DMS-01,DMS Drum 01,DMS Drum,Surface,2.926,57.003,139.703,,,23.705,221.28,19.59,Running,1,15,74.01,35.2,103,216.54,,,,,,,,,
2026-05-08 00:00:00,daily,DMS-01,DMS Drum 01,DMS Drum,Surface,3.184,61.715,129.582,,,24.898,217.966,19.46,Running,2,14,76.97,31.92,106,205.509,,,,,,,,,
2026-05-09 00:00:00,daily,DMS-01,DMS Drum 01,DMS Drum,Surface,3.046,57.401,140.688,,,25.542,190.379,24.0,Running,1,18,73.64,36.07,100,206.816,,,,,,,,,
2026-05-10 00:00:00,daily,DMS-01,DMS Drum 01,DMS Drum,Surface,3.553,60.744,122.002,,,26.76,221.342,18.67,Running,1,0,75.68,33.33,99,213.987,,,,,,,,,
2026-05-11 00:00:00,daily,DMS-01,DMS Drum 01,DMS Drum,Surface,3.302,60.127,137.414,,,24.456,194.944,22.83,Running,1,6,75.49,35.61,100,186.159,,,,,,,,,
2026-05-12 00:00:00,daily,DMS-01,DMS Drum 01,DMS Drum,Surface,3.041,61.089,129.091,,,23.704,230.029,22.46,Running,1,2,75.77,34.48,99,234.726,,,,,,,,,
2026-05-13 00:00:00,daily,DMS-01,DMS Drum 01,DMS Drum,Surface,3.149,58.377,138.733,,,23.641,216.299,20.65,Running,1,14,76.33,35.15,101,244.048,,,,,,,,,
2026-05-14 00:00:00,daily,DMS-01,DMS Drum 01,DMS Drum,Surface,3.248,57.862,133.547,,,23.915,208.25,15.98,Running,1,5,78.44,30.93,100,216.196,,,,,,,,,
2026-05-15 00:00:00,daily,DMS-01,DMS Drum 01,DMS Drum,Surface,3.201,60.093,129.917,,,27.405,225.708,19.74,Running,1,10,73.28,35.68,105,223.143,,,,,,,,,
2026-05-16 00:00:00,daily,DMS-01,DMS Drum 01,DMS Drum,Surface,3.284,58.828,130.981,,,25.647,218.084,18.69,Running,1,3,77.2,30.92,98,228.977,,,,,,,,,
2026-05-17 00:00:00,daily,DMS-01,DMS Drum 01,DMS Drum,Surface,3.236,57.054,127.757,,,26.073,229.756,19.72,Running,1,12,71.74,38.44,100,195.312,,,,,,,,,
2026-05-18 00:00:00,daily,DMS-01,DMS Drum 01,DMS Drum,Surface,2.887,63.086,139.597,,,24.45,214.838,17.64,Running,1,4,77.94,30.51,98,226.868,,,,,,,,,
2026-05-19 00:00:00,daily,DMS-01,DMS Drum 01,DMS Drum,Surface,2.706,57.908,126.415,,,24.734,215.554,21.13,Running,1,25,72.4,42.22,103,207.918,,,,,,,,,
2026-05-20 00:00:00,daily,DMS-01,DMS Drum 01,DMS Drum,Surface,3.134,57.534,131.908,,,25.574,210.48,21.57,Running,0,17,79.53,32.57,99,245.973,,,,,,,,,
2026-05-21 00:00:00,daily,DMS-01,DMS Drum 01,DMS Drum,Surface,3.359,58.971,136.217,,,24.126,217.074,21.93,Running,1,16,74.96,36.72,104,211.283,,,,,,,,,
2026-05-22 00:00:00,daily,DMS-01,DMS Drum 01,DMS Drum,Surface,3.139,61.821,145.118,,,24.383,234.309,18.95,Running,1,10,77.61,31.58,94,226.649,,,,,,,,,
2026-05-23 00:00:00,daily,DMS-01,DMS Drum 01,DMS Drum,Surface,3.524,55.334,133.781,,,23.922,207.916,17.65,Running,1,0,77.24,29.14,98,211.452,,,,,,,,,
2026-05-24 00:00:00,daily,DMS-01,DMS Drum 01,DMS Drum,Surface,3.217,61.683,132.172,,,24.193,221.74,20.36,Running,1,10,74.76,35.77,96,244.719,,,,,,,,,
2026-05-25 00:00:00,daily,DMS-01,DMS Drum 01,DMS Drum,Surface,3.556,57.738,135.808,,,24.788,203.415,23.05,Running,2,7,74.84,33.64,93,206.808,,,,,,,,,
2026-05-26 00:00:00,daily,DMS-01,DMS Drum 01,DMS Drum,Surface,3.508,59.982,119.401,,,23.742,189.195,19.81,Running,1,18,74.04,39.61,97,230.307,,,,,,,,,
2026-05-27 00:00:00,daily,DMS-01,DMS Drum 01,DMS Drum,Surface,3.485,58.204,125.547,,,25.07,216.501,20.55,Running,1,16,76.59,29.56,104,222.785,,,,,,,,,
2026-05-28 00:00:00,daily,DMS-01,DMS Drum 01,DMS Drum,Surface,2.945,63.283,131.333,,,25.068,218.472,19.23,Running,2,17,74.61,36.31,93,219.687,,,,,,,,,
2026-05-29 00:00:00,daily,DMS-01,DMS Drum 01,DMS Drum,Surface,3.239,59.745,128.993,,,24.51,212.722,18.71,Running,0,25,73.94,34.74,95,217.249,,,,,,,,,
2025-05-30 00:00:00,daily,CR-01,Crusher 01,Crusher,Surface,3.474,59.259,170.814,,,782.232,339.706,15.01,Running,0,5,90.09,16.39,60,311.604,,,,,,,,,
2025-05-31 00:00:00,daily,CR-01,Crusher 01,Crusher,Surface,4.099,65.584,179.943,,,714.095,321.962,18.11,Running,1,13,89.93,16.75,63,317.013,,,,,,,,,
2025-06-01 00:00:00,daily,CR-01,Crusher 01,Crusher,Surface,3.653,59.394,173.105,,,744.175,326.46,21.27,Running,0,0,92.47,13.38,54,323.75,,,,,,,,,
2025-06-02 00:00:00,daily,CR-01,Crusher 01,Crusher,Surface,4.086,63.32,165.0,,,749.522,268.505,18.33,Running,0,1,90.98,11.11,56,304.958,,,,,,,,,
2025-06-03 00:00:00,daily,CR-01,Crusher 01,Crusher,Surface,4.186,66.68,164.803,,,765.819,297.345,18.19,Running,0,4,90.22,10.82,62,276.87,,,,,,,,,
2025-06-04 00:00:00,daily,CR-01,Crusher 01,Crusher,Surface,3.789,62.768,159.252,,,744.066,288.482,23.58,Running,0,3,93.48,10.99,57,315.634,,,,,,,,,
2025-06-05 00:00:00,daily,CR-01,Crusher 01,Crusher,Surface,3.621,61.883,182.911,,,747.296,309.903,20.41,Running,1,3,91.35,14.87,56,316.01,,,,,,,,,
2025-06-06 00:00:00,daily,CR-01,Crusher 01,Crusher,Surface,4.376,65.985,184.156,,,737.828,319.218,21.47,Running,1,7,90.03,17.08,57,260.211,,,,,,,,,
2025-06-07 00:00:00,daily,CR-01,Crusher 01,Crusher,Surface,4.177,63.479,184.142,,,777.059,306.046,20.63,Running,0,4,89.14,16.18,59,331.381,,,,,,,,,
2025-06-08 00:00:00,daily,CR-01,Crusher 01,Crusher,Surface,3.963,63.12,169.164,,,712.222,284.496,19.99,Running,0,2,92.26,6.84,59,245.485,,,,,,,,,
2025-06-09 00:00:00,daily,CR-01,Crusher 01,Crusher,Surface,4.361,67.166,188.356,,,738.598,288.335,22.11,Running,0,7,90.37,14.21,58,322.99,,,,,,,,,
2025-06-10 00:00:00,daily,CR-01,Crusher 01,Crusher,Surface,3.948,61.32,185.406,,,701.732,311.436,23.34,Running,0,4,89.98,15.14,55,286.316,,,,,,,,,
2025-06-11 00:00:00,daily,CR-01,Crusher 01,Crusher,Surface,3.74,63.034,178.455,,,722.854,313.262,16.45,Running,1,6,90.92,15.21,62,315.822,,,,,,,,,
2025-06-12 00:00:00,daily,CR-01,Crusher 01,Crusher,Surface,3.629,66.233,176.859,,,757.826,302.873,19.61,Running,0,4,91.15,15.25,64,311.561,,,,,,,,,
2025-06-13 00:00:00,daily,CR-01,Crusher 01,Crusher,Surface,3.901,61.214,171.983,,,758.274,302.709,19.6,Running,0,1,90.53,15.08,51,299.556,,,,,,,,,
2025-06-14 00:00:00,daily,CR-01,Crusher 01,Crusher,Surface,4.168,68.449,180.444,,,741.343,301.313,18.86,Running,0,7,90.96,11.48,52,310.335,,,,,,,,,
2025-06-15 00:00:00,daily,CR-01,Crusher 01,Crusher,Surface,4.357,63.685,194.744,,,778.662,305.293,21.56,Running,0,10,90.17,11.7,62,298.548,,,,,,,,,
2025-06-16 00:00:00,daily,CR-01,Crusher 01,Crusher,Surface,3.95,66.323,190.001,,,784.593,313.377,20.17,Running,1,10,90.24,14.74,64,316.196,,,,,,,,,
2025-06-17 00:00:00,daily,CR-01,Crusher 01,Crusher,Surface,4.311,66.336,176.112,,,747.537,311.873,23.38,Running,0,7,88.08,15.1,49,348.606,,,,,,,,,
2025-06-18 00:00:00,daily,CR-01,Crusher 01,Crusher,Surface,3.886,63.896,184.113,,,755.796,300.997,21.79,Running,0,3,92.05,14.09,61,271.065,,,,,,,,,
2025-06-19 00:00:00,daily,CR-01,Crusher 01,Crusher,Surface,3.72,63.131,167.767,,,737.466,299.732,22.3,Running,1,5,87.08,14.68,64,230.475,,,,,,,,,
2025-06-20 00:00:00,daily,CR-01,Crusher 01,Crusher,Surface,3.566,64.198,186.137,,,765.477,299.087,17.38,Running,0,11,89.44,15.91,54,291.513,,,,,,,,,
2025-06-21 00:00:00,daily,CR-01,Crusher 01,Crusher,Surface,3.81,66.031,170.584,,,718.077,286.656,18.13,Running,1,0,86.71,19.24,64,290.054,,,,,,,,,
2025-06-22 00:00:00,daily,CR-01,Crusher 01,Crusher,Surface,3.585,61.974,185.853,,,795.757,286.473,18.29,Running,1,5,88.59,15.56,57,292.441,,,,,,,,,
2025-06-23 00:00:00,daily,CR-01,Crusher 01,Crusher,Surface,4.573,61.475,208.699,,,778.648,310.584,22.22,Running,0,9,87.73,15.32,59,280.412,,,,,,,,,
2025-06-24 00:00:00,daily,CR-01,Crusher 01,Crusher,Surface,4.106,67.946,173.368,,,717.778,288.008,17.82,Running,1,1,88.76,11.61,54,320.033,,,,,,,,,
2025-06-25 00:00:00,daily,CR-01,Crusher 01,Crusher,Surface,3.95,62.642,208.356,,,728.376,315.538,17.88,Running,1,7,88.99,14.35,61,270.498,,,,,,,,,
2025-06-26 00:00:00,daily,CR-01,Crusher 01,Crusher,Surface,4.499,65.277,184.096,,,759.783,300.011,17.53,Running,1,9,86.82,17.43,60,310.853,,,,,,,,,
2025-06-27 00:00:00,daily,CR-01,Crusher 01,Crusher,Surface,3.596,63.965,171.755,,,739.975,315.737,24.0,Running,1,1,88.2,18.75,64,315.031,,,,,,,,,
2025-06-28 00:00:00,daily,CR-01,Crusher 01,Crusher,Surface,3.95,64.094,171.36,,,762.867,312.499,19.41,Running,0,5,90.37,11.91,63,307.996,,,,,,,,,
2025-06-29 00:00:00,daily,CR-01,Crusher 01,Crusher,Surface,4.596,67.929,203.028,,,739.3,316.257,20.7,Running,1,5,85.94,20.59,57,311.801,,,,,,,,,
2025-06-30 00:00:00,daily,CR-01,Crusher 01,Crusher,Surface,3.957,64.314,184.373,,,788.226,292.561,17.49,Running,1,8,86.57,16.21,69,322.019,,,,,,,,,
2025-07-01 00:00:00,daily,CR-01,Crusher 01,Crusher,Surface,4.739,63.686,173.847,,,748.733,308.547,21.52,Running,1,9,89.21,16.06,62,302.365,,,,,,,,,
2025-07-02 00:00:00,daily,CR-01,Crusher 01,Crusher,Surface,4.245,63.919,177.541,,,811.386,314.521,16.27,Running,1,6,87.86,12.52,59,293.616,,,,,,,,,
2025-07-03 00:00:00,daily,CR-01,Crusher 01,Crusher,Surface,4.406,63.382,183.95,,,764.055,273.368,17.8,Running,1,9,87.87,21.17,52,311.992,,,,,,,,,
2025-07-04 00:00:00,daily,CR-01,Crusher 01,Crusher,Surface,4.419,63.007,179.623,,,713.234,331.976,18.28,Running,1,7,89.17,14.89,50,314.553,,,,,,,,,
2025-07-05 00:00:00,daily,CR-01,Crusher 01,Crusher,Surface,4.024,63.441,183.238,,,802.5,342.187,20.1,Running,1,1,86.16,13.79,50,320.972,,,,,,,,,
2025-07-06 00:00:00,daily,CR-01,Crusher 01,Crusher,Surface,3.882,68.656,197.585,,,776.748,318.505,18.16,Running,1,7,86.49,17.47,52,263.782,,,,,,,,,
2025-07-07 00:00:00,daily,CR-01,Crusher 01,Crusher,Surface,3.999,66.398,168.639,,,757.997,316.015,22.61,Running,1,4,86.19,17.58,61,297.472,,,,,,,,,
2025-07-08 00:00:00,daily,CR-01,Crusher 01,Crusher,Surface,3.742,63.887,186.437,,,764.856,312.163,20.65,Running,1,12,86.56,17.5,58,278.127,,,,,,,,,
2025-07-09 00:00:00,daily,CR-01,Crusher 01,Crusher,Surface,4.023,67.097,179.333,,,717.057,295.8,18.36,Running,0,8,89.16,14.45,53,313.963,,,,,,,,,
2025-07-10 00:00:00,daily,CR-01,Crusher 01,Crusher,Surface,4.047,60.958,175.144,,,700.988,299.696,21.6,Running,1,12,84.19,20.81,55,317.666,,,,,,,,,
2025-07-11 00:00:00,daily,CR-01,Crusher 01,Crusher,Surface,4.56,68.095,190.93,,,746.744,319.096,18.92,Running,1,16,84.9,19.51,55,295.699,,,,,,,,,
2025-07-12 00:00:00,daily,CR-01,Crusher 01,Crusher,Surface,4.236,67.929,165.668,,,783.605,284.277,18.55,Running,1,6,84.52,19.36,59,285.751,,,,,,,,,
2025-07-13 00:00:00,daily,CR-01,Crusher 01,Crusher,Surface,4.772,70.214,156.692,,,757.972,282.76,21.4,Running,0,5,88.84,17.26,52,314.987,,,,,,,,,
2025-07-14 00:00:00,daily,CR-01,Crusher 01,Crusher,Surface,3.421,67.302,182.677,,,792.048,294.761,14.97,Running,1,7,85.51,22.68,57,298.981,,,,,,,,,
2025-07-15 00:00:00,daily,CR-01,Crusher 01,Crusher,Surface,3.709,65.951,179.126,,,781.886,313.785,21.09,Running,1,0,85.87,19.27,56,333.355,,,,,,,,,
2025-07-16 00:00:00,daily,CR-01,Crusher 01,Crusher,Surface,3.973,68.028,167.056,,,747.995,286.446,18.31,Running,1,0,83.71,22.78,52,341.038,,,,,,,,,
2025-07-17 00:00:00,daily,CR-01,Crusher 01,Crusher,Surface,4.532,63.455,163.556,,,778.161,298.036,18.31,Running,1,10,85.76,17.68,61,324.109,,,,,,,,,
2025-07-18 00:00:00,daily,CR-01,Crusher 01,Crusher,Surface,4.057,64.036,200.046,,,786.894,300.235,23.44,Running,1,1,87.47,17.69,54,307.273,,,,,,,,,
2025-07-19 00:00:00,daily,CR-01,Crusher 01,Crusher,Surface,3.655,64.859,185.448,,,745.145,284.003,18.66,Running,1,3,86.38,19.53,51,342.379,,,,,,,,,
2025-07-20 00:00:00,daily,CR-01,Crusher 01,Crusher,Surface,4.027,68.327,181.094,,,741.593,258.363,21.52,Running,1,7,85.7,19.58,58,307.575,,,,,,,,,
2025-07-21 00:00:00,daily,CR-01,Crusher 01,Crusher,Surface,3.747,63.016,202.93,,,750.725,283.864,20.22,Running,1,7,83.26,24.23,55,291.799,,,,,,,,,
2025-07-22 00:00:00,daily,CR-01,Crusher 01,Crusher,Surface,3.694,62.79,191.278,,,684.284,307.101,20.42,Running,0,13,85.14,21.43,56,287.547,,,,,,,,,
2025-07-23 00:00:00,daily,CR-01,Crusher 01,Crusher,Surface,4.717,65.696,198.832,,,754.205,311.219,19.2,Running,1,7,85.79,17.79,50,286.992,,,,,,,,,
2025-07-24 00:00:00,daily,CR-01,Crusher 01,Crusher,Surface,4.018,66.88,169.421,,,765.565,311.432,19.1,Running,1,5,83.86,24.98,57,302.393,,,,,,,,,
2025-07-25 00:00:00,daily,CR-01,Crusher 01,Crusher,Surface,4.181,63.5,169.129,,,750.51,313.57,22.61,Running,1,12,86.39,18.64,63,312.786,,,,,,,,,
2025-07-26 00:00:00,daily,CR-01,Crusher 01,Crusher,Surface,4.107,66.826,187.556,,,755.633,291.388,21.47,Running,1,13,86.65,22.04,49,271.529,,,,,,,,,
2025-07-27 00:00:00,daily,CR-01,Crusher 01,Crusher,Surface,4.065,68.531,185.614,,,745.459,287.598,18.72,Running,1,1,84.29,22.84,55,292.852,,,,,,,,,
2025-07-28 00:00:00,daily,CR-01,Crusher 01,Crusher,Surface,3.894,68.159,194.05,,,694.584,309.546,17.67,Running,1,11,86.19,23.28,51,307.477,,,,,,,,,
2025-07-29 00:00:00,daily,CR-01,Crusher 01,Crusher,Surface,4.059,66.156,165.33,,,789.651,299.05,18.56,Running,1,5,84.75,23.71,64,317.021,,,,,,,,,
2025-07-30 00:00:00,daily,CR-01,Crusher 01,Crusher,Surface,4.259,65.121,188.759,,,736.776,319.256,21.56,Running,1,4,86.65,19.14,59,302.358,,,,,,,,,
2025-07-31 00:00:00,daily,CR-01,Crusher 01,Crusher,Surface,4.59,69.535,191.701,,,730.194,309.86,21.94,Running,0,13,87.96,15.41,55,308.375,,,,,,,,,
2025-08-01 00:00:00,daily,CR-01,Crusher 01,Crusher,Surface,4.454,65.437,191.257,,,781.478,326.172,20.75,Running,1,10,82.85,22.6,49,275.816,,,,,,,,,
2025-08-02 00:00:00,daily,CR-01,Crusher 01,Crusher,Surface,3.811,67.688,177.915,,,771.532,294.752,16.58,Running,1,7,85.73,21.05,49,283.072,,,,,,,,,
2025-08-03 00:00:00,daily,CR-01,Crusher 01,Crusher,Surface,4.479,70.163,187.255,,,753.099,322.416,21.13,Running,1,8,86.48,19.22,56,301.861,,,,,,,,,
2025-08-04 00:00:00,daily,CR-01,Crusher 01,Crusher,Surface,4.331,67.499,174.4,,,765.917,339.894,22.18,Running,1,14,82.73,23.0,48,314.502,,,,,,,,,
2025-08-05 00:00:00,daily,CR-01,Crusher 01,Crusher,Surface,4.007,63.133,179.316,,,715.796,304.306,20.01,Running,0,6,83.25,25.11,48,308.428,,,,,,,,,
2025-08-06 00:00:00,daily,CR-01,Crusher 01,Crusher,Surface,4.255,62.585,171.905,,,743.635,312.397,23.48,Running,0,6,83.13,23.7,53,284.735,,,,,,,,,
2025-08-07 00:00:00,daily,CR-01,Crusher 01,Crusher,Surface,4.379,64.876,174.837,,,779.315,286.73,17.14,Running,1,14,83.75,24.43,53,298.275,,,,,,,,,
2025-08-08 00:00:00,daily,CR-01,Crusher 01,Crusher,Surface,4.227,67.326,180.104,,,727.956,319.643,20.99,Running,0,0,83.28,21.45,54,336.811,,,,,,,,,
2025-08-09 00:00:00,daily,CR-01,Crusher 01,Crusher,Surface,4.364,66.723,177.695,,,719.516,323.945,17.72,Running,1,16,83.43,25.2,51,315.595,,,,,,,,,
2025-08-10 00:00:00,daily,CR-01,Crusher 01,Crusher,Surface,3.967,70.985,175.108,,,747.427,294.793,21.71,Running,0,0,84.98,22.03,56,300.117,,,,,,,,,
2025-08-11 00:00:00,daily,CR-01,Crusher 01,Crusher,Surface,4.83,66.765,169.791,,,747.947,314.316,20.86,Running,1,10,80.5,29.7,49,281.197,,,,,,,,,
2025-08-12 00:00:00,daily,CR-01,Crusher 01,Crusher,Surface,3.66,64.968,202.49,,,762.04,308.886,23.14,Running,1,0,81.87,27.34,55,288.143,,,,,,,,,
2025-08-13 00:00:00,daily,CR-01,Crusher 01,Crusher,Surface,4.418,63.068,177.966,,,709.28,310.944,20.64,Running,1,3,84.39,21.69,53,304.055,,,,,,,,,
2025-08-14 00:00:00,daily,CR-01,Crusher 01,Crusher,Surface,4.361,68.654,186.364,,,678.737,318.6,18.9,Running,0,16,84.09,21.94,55,310.054,,,,,,,,,
2025-08-15 00:00:00,daily,CR-01,Crusher 01,Crusher,Surface,4.451,65.84,165.569,,,768.881,313.397,18.74,Running,0,20,81.41,29.6,57,316.499,,,,,,,,,
2025-08-16 00:00:00,daily,CR-01,Crusher 01,Crusher,Surface,4.052,62.274,196.829,,,716.679,301.629,19.2,Running,1,15,83.89,21.98,50,312.667,,,,,,,,,
2025-08-17 00:00:00,daily,CR-01,Crusher 01,Crusher,Surface,4.622,65.976,185.018,,,728.884,319.205,18.7,Running,1,1,85.01,22.49,49,296.06,,,,,,,,,
2025-08-18 00:00:00,daily,CR-01,Crusher 01,Crusher,Surface,4.245,63.567,179.003,,,687.886,324.293,22.27,Running,1,3,82.7,23.46,45,293.036,,,,,,,,,
2025-08-19 00:00:00,daily,CR-01,Crusher 01,Crusher,Surface,3.928,64.969,179.186,,,771.152,294.38,22.13,Running,1,11,81.05,22.8,44,349.389,,,,,,,,,
2025-08-20 00:00:00,daily,CR-01,Crusher 01,Crusher,Surface,3.962,66.04,192.327,,,753.571,304.398,16.81,Running,1,12,83.96,20.0,51,292.188,,,,,,,,,
2025-08-21 00:00:00,daily,CR-01,Crusher 01,Crusher,Surface,4.335,63.888,154.199,,,752.432,272.67,19.75,Running,1,4,85.21,21.52,51,276.089,,,,,,,,,
2025-08-22 00:00:00,daily,CR-01,Crusher 01,Crusher,Surface,3.825,64.925,175.585,,,752.162,315.087,19.8,Running,1,7,80.92,28.11,47,268.531,,,,,,,,,
2025-08-23 00:00:00,daily,CR-01,Crusher 01,Crusher,Surface,4.851,64.344,182.733,,,690.612,326.675,18.18,Running,1,3,82.29,25.61,48,296.889,,,,,,,,,
2025-08-24 00:00:00,daily,CR-01,Crusher 01,Crusher,Surface,4.632,64.444,182.716,,,718.466,300.105,20.52,Running,0,20,83.87,24.88,57,325.416,,,,,,,,,
2025-08-25 00:00:00,daily,CR-01,Crusher 01,Crusher,Surface,4.873,63.781,209.173,,,732.238,307.215,22.48,Running,1,7,82.2,25.71,55,292.143,,,,,,,,,
2025-08-26 00:00:00,daily,CR-01,Crusher 01,Crusher,Surface,4.848,65.077,180.843,,,724.419,300.928,21.39,Running,1,11,79.11,27.7,46,337.396,,,,,,,,,
2025-08-27 00:00:00,daily,CR-01,Crusher 01,Crusher,Surface,4.233,64.124,194.22,,,736.729,298.059,22.27,Running,1,11,82.5,25.68,49,304.809,,,,,,,,,
2025-08-28 00:00:00,daily,CR-01,Crusher 01,Crusher,Surface,4.084,67.715,202.534,,,750.092,309.226,18.3,Running,0,19,80.12,28.17,52,329.458,,,,,,,,,
2025-08-29 00:00:00,daily,CR-01,Crusher 01,Crusher,Surface,3.549,66.825,191.224,,,769.76,291.01,19.75,Running,1,4,79.54,27.49,48,288.456,,,,,,,,,
2025-08-30 00:00:00,daily,CR-01,Crusher 01,Crusher,Surface,4.237,69.247,177.88,,,705.008,300.97,18.21,Running,1,21,78.7,30.76,47,288.876,,,,,,,,,
2025-08-31 00:00:00,daily,CR-01,Crusher 01,Crusher,Surface,4.896,70.944,171.874,,,743.165,289.003,20.14,Running,1,2,83.26,23.59,49,307.287,,,,,,,,,
2025-09-01 00:00:00,daily,CR-01,Crusher 01,Crusher,Surface,4.125,68.078,192.274,,,761.795,315.968,20.31,Running,1,19,79.91,26.92,55,315.98,,,,,,,,,
2025-09-02 00:00:00,daily,CR-01,Crusher 01,Crusher,Surface,4.317,67.568,201.372,,,719.169,309.751,21.52,Running,1,0,81.67,25.31,55,301.507,,,,,,,,,
2025-09-03 00:00:00,daily,CR-01,Crusher 01,Crusher,Surface,4.221,68.302,190.484,,,738.081,297.762,22.2,Running,0,11,81.95,28.09,47,311.959,,,,,,,,,
2025-09-04 00:00:00,daily,CR-01,Crusher 01,Crusher,Surface,4.507,67.682,197.461,,,755.124,306.273,21.0,Running,1,23,81.17,29.12,52,318.552,,,,,,,,,
2025-09-05 00:00:00,daily,CR-01,Crusher 01,Crusher,Surface,4.787,66.72,211.149,,,743.183,301.713,18.03,Running,1,15,81.28,26.59,50,274.435,,,,,,,,,
2025-09-06 00:00:00,daily,CR-01,Crusher 01,Crusher,Surface,3.947,66.566,193.707,,,760.319,326.358,17.08,Running,1,13,81.3,26.29,46,298.267,,,,,,,,,
2025-09-07 00:00:00,daily,CR-01,Crusher 01,Crusher,Surface,4.012,64.222,174.431,,,745.15,297.911,20.68,Running,1,3,80.8,24.01,49,294.439,,,,,,,,,
2025-09-08 00:00:00,daily,CR-01,Crusher 01,Crusher,Surface,4.869,68.725,186.052,,,734.477,317.362,22.56,Running,1,7,79.26,32.48,45,295.589,,,,,,,,,
2025-09-09 00:00:00,daily,CR-01,Crusher 01,Crusher,Surface,4.65,66.674,199.349,,,711.992,293.32,19.63,Running,1,23,79.0,31.47,54,314.965,,,,,,,,,
2025-09-10 00:00:00,daily,CR-01,Crusher 01,Crusher,Surface,4.36,70.266,183.264,,,748.805,320.753,16.75,Running,1,15,80.08,29.39,56,294.991,,,,,,,,,
2025-09-11 00:00:00,daily,CR-01,Crusher 01,Crusher,Surface,4.957,69.021,200.914,,,744.875,324.851,23.68,Running,1,15,79.94,23.54,48,262.068,,,,,,,,,
2025-09-12 00:00:00,daily,CR-01,Crusher 01,Crusher,Surface,4.043,65.361,185.294,,,716.357,325.784,20.62,Running,1,11,80.72,27.08,47,301.06,,,,,,,,,
2025-09-13 00:00:00,daily,CR-01,Crusher 01,Crusher,Surface,4.739,69.893,189.413,,,757.2,332.825,20.01,Running,1,8,81.68,25.39,53,282.93,,,,,,,,,
2025-09-14 00:00:00,daily,CR-01,Crusher 01,Crusher,Surface,4.447,60.794,182.669,,,774.928,311.695,17.44,Running,1,17,80.36,28.87,54,317.35,,,,,,,,,
2025-09-15 00:00:00,daily,CR-01,Crusher 01,Crusher,Surface,4.657,71.611,187.879,,,724.694,328.798,19.71,Running,0,14,78.4,29.34,44,324.24,,,,,,,,,
2025-09-16 00:00:00,daily,CR-01,Crusher 01,Crusher,Surface,3.766,63.805,188.516,,,722.832,335.835,21.0,Running,1,12,76.09,33.0,48,258.753,,,,,,,,,
2025-09-17 00:00:00,daily,CR-01,Crusher 01,Crusher,Surface,4.411,68.244,170.414,,,721.776,286.488,20.65,Running,1,1,78.24,31.7,48,289.652,,,,,,,,,
2025-09-18 00:00:00,daily,CR-01,Crusher 01,Crusher,Surface,4.718,68.121,182.191,,,697.892,295.912,18.37,Running,0,19,77.21,30.36,45,314.544,,,,,,,,,
2025-09-19 00:00:00,daily,CR-01,Crusher 01,Crusher,Surface,4.486,69.831,174.384,,,793.547,279.933,19.57,Running,1,15,78.08,29.54,50,275.86,,,,,,,,,
2025-09-20 00:00:00,daily,CR-01,Crusher 01,Crusher,Surface,4.889,66.384,182.754,,,729.652,326.042,18.5,Running,1,7,79.52,29.05,46,324.16,,,,,,,,,
2025-09-21 00:00:00,daily,CR-01,Crusher 01,Crusher,Surface,4.886,62.063,178.983,,,718.896,279.874,22.88,Running,1,22,79.16,31.85,46,330.112,,,,,,,,,
2025-09-22 00:00:00,daily,CR-01,Crusher 01,Crusher,Surface,4.24,66.467,197.163,,,711.812,275.077,21.4,Running,1,12,81.89,26.98,48,303.549,,,,,,,,,
2025-09-23 00:00:00,daily,CR-01,Crusher 01,Crusher,Surface,4.782,66.766,197.389,,,730.912,287.448,18.67,Running,1,14,79.57,30.75,42,290.175,,,,,,,,,
2025-09-24 00:00:00,daily,CR-01,Crusher 01,Crusher,Surface,4.245,62.413,192.869,,,722.815,275.998,17.44,Running,1,16,81.74,25.69,40,256.455,,,,,,,,,
2025-09-25 00:00:00,daily,CR-01,Crusher 01,Crusher,Surface,4.567,67.48,174.7,,,778.171,312.274,20.21,Running,1,18,79.72,31.38,52,325.284,,,,,,,,,
2025-09-26 00:00:00,daily,CR-01,Crusher 01,Crusher,Surface,4.755,64.829,186.507,,,708.205,287.941,18.73,Running,1,11,80.2,24.24,45,351.518,,,,,,,,,
2025-09-27 00:00:00,daily,CR-01,Crusher 01,Crusher,Surface,4.315,69.009,174.128,,,700.56,277.125,18.88,Running,2,12,77.78,35.16,56,347.055,,,,,,,,,
2025-09-28 00:00:00,daily,CR-01,Crusher 01,Crusher,Surface,4.81,66.901,186.239,,,754.798,306.885,17.5,Running,1,33,76.52,37.18,55,303.349,,,,,,,,,
2025-09-29 00:00:00,daily,CR-01,Crusher 01,Crusher,Surface,4.43,72.239,194.299,,,737.553,308.035,17.74,Running,1,7,77.41,32.54,45,283.688,,,,,,,,,
2025-09-30 00:00:00,daily,CR-01,Crusher 01,Crusher,Surface,4.415,66.958,197.859,,,734.433,274.16,19.99,Running,1,19,77.99,32.47,57,326.244,,,,,,,,,
2025-10-01 00:00:00,daily,CR-01,Crusher 01,Crusher,Surface,4.809,68.647,192.779,,,754.669,295.059,19.17,Running,1,12,76.9,32.27,51,305.114,,,,,,,,,
2025-10-02 00:00:00,daily,CR-01,Crusher 01,Crusher,Surface,4.354,67.143,200.749,,,743.561,306.651,24.0,Running,1,17,76.19,32.92,45,318.514,,,,,,,,,
2025-10-03 00:00:00,daily,CR-01,Crusher 01,Crusher,Surface,4.347,63.8,190.876,,,738.677,301.662,20.82,Running,0,21,78.34,29.1,37,314.745,,,,,,,,,
2025-10-04 00:00:00,daily,CR-01,Crusher 01,Crusher,Surface,4.933,67.246,186.057,,,703.235,302.244,17.47,Running,1,11,75.95,33.57,50,310.22,,,,,,,,,
2025-10-05 00:00:00,daily,CR-01,Crusher 01,Crusher,Surface,4.662,69.586,197.244,,,696.299,329.492,16.73,Running,1,20,74.99,36.12,47,330.892,,,,,,,,,
2025-10-06 00:00:00,daily,CR-01,Crusher 01,Crusher,Surface,4.201,69.264,197.688,,,721.345,346.993,20.44,Running,1,16,75.54,35.09,48,331.8,,,,,,,,,
2025-10-07 00:00:00,daily,CR-01,Crusher 01,Crusher,Surface,4.902,67.157,183.497,,,711.249,302.807,18.92,Running,1,9,76.85,36.39,46,296.947,,,,,,,,,
2025-10-08 00:00:00,daily,CR-01,Crusher 01,Crusher,Surface,4.531,64.406,192.644,,,746.328,284.743,22.24,Running,1,25,75.52,34.47,42,288.229,,,,,,,,,
2025-10-09 00:00:00,daily,CR-01,Crusher 01,Crusher,Surface,4.24,69.491,186.027,,,692.448,304.406,20.22,Running,1,17,76.63,29.74,45,253.648,,,,,,,,,
2025-10-10 00:00:00,daily,CR-01,Crusher 01,Crusher,Surface,3.917,68.993,169.001,,,727.474,312.217,15.87,Running,1,10,77.84,34.31,49,301.104,,,,,,,,,
2025-10-11 00:00:00,daily,CR-01,Crusher 01,Crusher,Surface,4.948,70.053,193.605,,,734.485,307.853,17.72,Running,1,19,77.68,28.8,45,284.759,,,,,,,,,
2025-10-12 00:00:00,daily,CR-01,Crusher 01,Crusher,Surface,4.427,67.413,176.376,,,737.839,319.897,18.38,Running,1,6,75.59,33.05,45,318.127,,,,,,,,,
2025-10-13 00:00:00,daily,CR-01,Crusher 01,Crusher,Surface,4.32,64.07,192.721,,,749.127,348.811,20.53,Running,2,14,74.45,36.31,40,301.608,,,,,,,,,
2025-10-14 00:00:00,daily,CR-01,Crusher 01,Crusher,Surface,4.894,69.436,174.203,,,730.148,278.253,17.66,Running,1,10,75.5,35.13,46,304.086,,,,,,,,,
2025-10-15 00:00:00,daily,CR-01,Crusher 01,Crusher,Surface,4.952,68.176,182.478,,,721.167,300.055,19.97,Running,0,17,77.36,28.81,41,327.046,,,,,,,,,
2025-10-16 00:00:00,daily,CR-01,Crusher 01,Crusher,Surface,4.482,71.58,185.457,,,770.762,337.016,17.11,Running,2,8,77.62,29.84,49,318.015,,,,,,,,,
2025-10-17 00:00:00,daily,CR-01,Crusher 01,Crusher,Surface,5.0,68.352,201.93,,,729.968,299.972,19.69,Running,1,18,76.64,29.74,43,306.802,,,,,,,,,
2025-10-18 00:00:00,daily,CR-01,Crusher 01,Crusher,Surface,5.351,68.217,184.696,,,775.069,323.674,20.39,Running,1,18,77.89,32.2,44,346.564,,,,,,,,,
2025-10-19 00:00:00,daily,CR-01,Crusher 01,Crusher,Surface,5.147,69.37,179.402,,,729.6,320.913,22.49,Running,1,10,78.62,32.3,54,325.796,,,,,,,,,
2025-10-20 00:00:00,daily,CR-01,Crusher 01,Crusher,Surface,5.109,66.979,193.915,,,737.513,331.915,20.15,Running,1,28,74.96,32.61,44,300.503,,,,,,,,,
2025-10-21 00:00:00,daily,CR-01,Crusher 01,Crusher,Surface,4.854,66.907,188.222,,,734.21,344.186,18.11,Running,2,7,78.0,32.79,43,301.579,,,,,,,,,
2025-10-22 00:00:00,daily,CR-01,Crusher 01,Crusher,Surface,4.635,68.264,198.418,,,743.71,315.836,22.55,Running,1,2,75.09,36.74,47,327.185,,,,,,,,,
2025-10-23 00:00:00,daily,CR-01,Crusher 01,Crusher,Surface,4.76,66.333,180.514,,,726.664,278.511,19.33,Running,1,19,77.02,30.85,38,314.399,,,,,,,,,
2025-10-24 00:00:00,daily,CR-01,Crusher 01,Crusher,Surface,4.917,68.036,192.863,,,739.96,297.424,21.17,Running,1,0,76.41,29.06,50,285.366,,,,,,,,,
2025-10-25 00:00:00,daily,CR-01,Crusher 01,Crusher,Surface,4.416,73.285,215.572,,,777.142,349.476,18.5,Running,1,29,72.0,37.06,49,329.811,,,,,,,,,
2025-10-26 00:00:00,daily,CR-01,Crusher 01,Crusher,Surface,4.571,71.176,188.605,,,764.491,284.768,19.85,Running,1,15,73.5,35.91,47,337.882,,,,,,,,,
2025-10-27 00:00:00,daily,CR-01,Crusher 01,Crusher,Surface,4.382,69.457,192.988,,,764.55,319.262,18.14,Running,1,2,72.98,40.92,31,336.31,,,,,,,,,
2025-10-28 00:00:00,daily,CR-01,Crusher 01,Crusher,Surface,4.889,72.486,174.633,,,702.09,265.155,20.3,Running,1,6,71.96,39.01,43,344.356,,,,,,,,,
2025-10-29 00:00:00,daily,CR-01,Crusher 01,Crusher,Surface,4.852,66.826,182.836,,,706.176,286.19,21.22,Running,1,0,76.11,31.44,39,356.035,,,,,,,,,
2025-10-30 00:00:00,daily,CR-01,Crusher 01,Crusher,Surface,4.64,74.827,196.086,,,742.4,326.574,18.73,Running,1,15,77.89,31.24,49,348.669,,,,,,,,,
2025-10-31 00:00:00,daily,CR-01,Crusher 01,Crusher,Surface,5.091,67.789,188.314,,,756.656,311.354,18.62,Running,1,2,74.06,33.73,48,318.201,,,,,,,,,
2025-11-01 00:00:00,daily,CR-01,Crusher 01,Crusher,Surface,4.54,73.748,197.881,,,722.997,304.028,20.37,Running,1,18,75.72,35.02,46,306.219,,,,,,,,,
2025-11-02 00:00:00,daily,CR-01,Crusher 01,Crusher,Surface,4.655,73.782,196.11,,,718.235,296.243,18.1,Running,1,10,76.61,30.79,39,270.651,,,,,,,,,
2025-11-03 00:00:00,daily,CR-01,Crusher 01,Crusher,Surface,5.104,64.821,178.805,,,772.49,275.062,16.77,Running,1,10,74.45,34.1,50,311.239,,,,,,,,,
2025-11-04 00:00:00,daily,CR-01,Crusher 01,Crusher,Surface,5.158,72.594,202.263,,,753.96,323.579,20.36,Running,1,20,73.97,37.2,43,322.519,,,,,,,,,
2025-11-05 00:00:00,daily,CR-01,Crusher 01,Crusher,Surface,4.649,68.437,179.809,,,763.512,306.1,19.47,Running,2,23,73.5,40.61,51,312.155,,,,,,,,,
2025-11-06 00:00:00,daily,CR-01,Crusher 01,Crusher,Surface,4.966,67.8,184.712,,,724.403,283.902,19.43,Running,1,27,74.63,39.91,45,269.754,,,,,,,,,
2025-11-07 00:00:00,daily,CR-01,Crusher 01,Crusher,Surface,4.671,70.468,194.782,,,722.237,311.938,20.68,Running,1,8,75.06,32.84,46,305.088,,,,,,,,,
2025-11-08 00:00:00,daily,CR-01,Crusher 01,Crusher,Surface,4.855,66.835,208.283,,,760.304,321.956,20.95,Running,1,14,74.28,34.82,42,325.691,,,,,,,,,
2025-11-09 00:00:00,daily,CR-01,Crusher 01,Crusher,Surface,4.966,70.504,182.701,,,728.678,307.981,19.37,Running,1,9,74.11,37.28,49,289.023,,,,,,,,,
2025-11-10 00:00:00,daily,CR-01,Crusher 01,Crusher,Surface,5.1,67.087,194.343,,,719.502,313.78,17.52,Running,1,18,73.23,39.82,46,315.338,,,,,,,,,
2025-11-11 00:00:00,daily,CR-01,Crusher 01,Crusher,Surface,5.036,69.816,194.553,,,711.516,312.479,18.45,Running,1,8,70.64,36.77,49,321.288,,,,,,,,,
2025-11-12 00:00:00,daily,CR-01,Crusher 01,Crusher,Surface,5.031,72.641,199.694,,,721.841,299.17,20.8,Running,1,11,74.51,35.86,44,336.488,,,,,,,,,
2025-11-13 00:00:00,daily,CR-01,Crusher 01,Crusher,Surface,4.634,70.41,205.089,,,757.761,312.97,19.94,Running,1,12,70.9,39.76,43,349.67,,,,,,,,,
2025-11-14 00:00:00,daily,CR-01,Crusher 01,Crusher,Surface,5.083,68.665,189.336,,,695.632,325.328,18.62,Running,1,16,73.83,32.79,45,303.782,,,,,,,,,
2025-11-15 00:00:00,daily,CR-01,Crusher 01,Crusher,Surface,5.141,70.874,203.623,,,751.112,330.818,18.17,Running,1,14,73.93,33.82,48,316.237,,,,,,,,,
2025-11-16 00:00:00,daily,CR-01,Crusher 01,Crusher,Surface,5.191,66.245,206.936,,,716.217,326.529,20.87,Running,1,21,70.78,39.77,47,317.027,,,,,,,,,
2025-11-17 00:00:00,daily,CR-01,Crusher 01,Crusher,Surface,4.778,67.654,211.602,,,729.036,300.245,19.25,Running,1,15,71.52,39.99,43,326.683,,,,,,,,,
2025-11-18 00:00:00,daily,CR-01,Crusher 01,Crusher,Surface,5.277,68.681,198.91,,,730.574,323.951,21.13,Running,1,9,75.77,35.94,35,324.322,,,,,,,,,
2025-11-19 00:00:00,daily,CR-01,Crusher 01,Crusher,Surface,4.616,71.649,195.595,,,728.51,320.979,21.37,Running,1,18,72.13,39.73,46,343.951,,,,,,,,,
2025-11-20 00:00:00,daily,CR-01,Crusher 01,Crusher,Surface,4.891,70.781,189.405,,,726.656,299.928,19.08,Running,2,7,70.19,43.64,36,261.414,,,,,,,,,
2025-11-21 00:00:00,daily,CR-01,Crusher 01,Crusher,Surface,4.947,71.138,179.691,,,722.44,304.447,21.5,Running,1,20,73.3,37.43,42,322.001,,,,,,,,,
2025-11-22 00:00:00,daily,CR-01,Crusher 01,Crusher,Surface,4.66,69.835,191.632,,,719.009,325.142,19.95,Running,1,13,70.67,39.66,42,323.631,,,,,,,,,
2025-11-23 00:00:00,daily,CR-01,Crusher 01,Crusher,Surface,4.96,68.056,195.665,,,768.051,337.795,20.19,Running,0,20,68.71,43.44,36,307.835,,,,,,,,,
2025-11-24 00:00:00,daily,CR-01,Crusher 01,Crusher,Surface,5.123,73.566,193.578,,,734.26,280.503,15.48,Running,1,18,72.5,39.89,43,263.305,,,,,,,,,
2025-11-25 00:00:00,daily,CR-01,Crusher 01,Crusher,Surface,4.518,68.367,200.781,,,730.205,342.738,17.82,Running,1,35,70.08,43.95,50,311.875,,,,,,,,,
2025-11-26 00:00:00,daily,CR-01,Crusher 01,Crusher,Surface,4.957,71.095,180.394,,,716.589,334.275,17.92,Running,1,19,71.95,38.98,40,297.688,,,,,,,,,
2025-11-27 00:00:00,daily,CR-01,Crusher 01,Crusher,Surface,4.56,69.868,193.248,,,722.614,317.008,19.07,Running,2,17,70.01,40.12,45,350.339,,,,,,,,,
2025-11-28 00:00:00,daily,CR-01,Crusher 01,Crusher,Surface,5.706,71.535,215.147,,,716.42,309.195,19.9,Running,1,9,72.33,39.41,51,321.784,,,,,,,,,
2025-11-29 00:00:00,daily,CR-01,Crusher 01,Crusher,Surface,5.166,68.779,205.288,,,752.859,320.66,19.98,Running,2,25,71.37,41.04,45,296.131,,,,,,,,,
2025-11-30 00:00:00,daily,CR-01,Crusher 01,Crusher,Surface,5.149,72.806,201.627,,,713.236,302.206,20.23,Warning,2,16,66.82,48.92,39,268.578,,,,,,,,,
2025-12-01 00:00:00,daily,CR-01,Crusher 01,Crusher,Surface,5.191,73.635,199.505,,,674.296,310.642,18.36,Running,2,1,71.45,38.61,42,326.835,,,,,,,,,
2025-12-02 00:00:00,daily,CR-01,Crusher 01,Crusher,Surface,5.312,72.754,192.077,,,734.084,287.395,21.01,Running,1,14,70.26,40.3,43,329.261,,,,,,,,,
2025-12-03 00:00:00,daily,CR-01,Crusher 01,Crusher,Surface,5.433,70.802,178.324,,,725.172,282.703,23.15,Running,2,18,72.87,39.49,47,309.304,,,,,,,,,
2025-12-04 00:00:00,daily,CR-01,Crusher 01,Crusher,Surface,4.68,69.427,200.57,,,717.074,356.138,19.0,Running,2,8,71.12,39.62,46,327.437,,,,,,,,,
2025-12-05 00:00:00,daily,CR-01,Crusher 01,Crusher,Surface,5.551,77.293,171.649,,,755.873,315.397,18.41,Running,1,14,71.58,38.89,30,306.6,,,,,,,,,
2025-12-06 00:00:00,daily,CR-01,Crusher 01,Crusher,Surface,5.541,68.188,193.012,,,660.969,318.034,18.36,Warning,2,17,69.11,45.75,37,337.846,,,,,,,,,
2025-12-07 00:00:00,daily,CR-01,Crusher 01,Crusher,Surface,5.157,72.731,196.365,,,772.89,313.92,19.84,Running,1,16,68.87,40.85,40,336.313,,,,,,,,,
2025-12-08 00:00:00,daily,CR-01,Crusher 01,Crusher,Surface,5.151,71.464,192.065,,,759.197,299.68,18.67,Warning,1,33,69.97,46.15,36,278.523,,,,,,,,,
2025-12-09 00:00:00,daily,CR-01,Crusher 01,Crusher,Surface,4.265,70.564,218.386,,,715.313,309.159,16.36,Running,1,3,69.32,41.73,25,283.992,,,,,,,,,
2025-12-10 00:00:00,daily,CR-01,Crusher 01,Crusher,Surface,4.832,71.207,215.051,,,719.789,316.434,16.88,Running,1,37,71.91,41.05,37,359.481,,,,,,,,,
2025-12-11 00:00:00,daily,CR-01,Crusher 01,Crusher,Surface,5.37,69.587,207.272,,,744.49,311.36,21.64,Running,2,17,69.41,42.61,40,335.408,,,,,,,,,
2025-12-12 00:00:00,daily,CR-01,Crusher 01,Crusher,Surface,5.584,71.885,187.827,,,745.053,301.467,22.14,Warning,1,25,67.58,45.94,38,287.234,,,,,,,,,
2025-12-13 00:00:00,daily,CR-01,Crusher 01,Crusher,Surface,5.452,71.67,216.431,,,714.627,323.745,22.75,Running,2,19,68.09,44.15,36,280.566,,,,,,,,,
2025-12-14 00:00:00,daily,CR-01,Crusher 01,Crusher,Surface,5.22,77.385,203.543,,,688.937,318.612,20.11,Running,1,0,70.84,42.54,40,319.792,,,,,,,,,
2025-12-15 00:00:00,daily,CR-01,Crusher 01,Crusher,Surface,5.83,73.578,188.07,,,785.794,322.402,17.78,Running,2,6,68.91,42.83,41,290.198,,,,,,,,,
2025-12-16 00:00:00,daily,CR-01,Crusher 01,Crusher,Surface,5.563,72.295,197.954,,,755.563,328.128,18.84,Running,1,11,68.7,42.67,38,308.47,,,,,,,,,
2025-12-17 00:00:00,daily,CR-01,Crusher 01,Crusher,Surface,5.153,72.488,207.351,,,734.646,312.476,16.82,Running,2,29,70.63,44.74,45,314.505,,,,,,,,,
2025-12-18 00:00:00,daily,CR-01,Crusher 01,Crusher,Surface,5.936,75.571,191.914,,,735.003,312.614,16.74,Warning,1,2,67.36,45.76,40,313.664,,,,,,,,,
2025-12-19 00:00:00,daily,CR-01,Crusher 01,Crusher,Surface,4.962,68.877,199.446,,,746.451,342.446,20.17,Warning,0,9,65.12,47.48,36,340.546,,,,,,,,,
2025-12-20 00:00:00,daily,CR-01,Crusher 01,Crusher,Surface,4.859,70.817,201.344,,,749.429,298.879,20.71,Running,2,19,67.21,42.92,35,356.236,,,,,,,,,
2025-12-21 00:00:00,daily,CR-01,Crusher 01,Crusher,Surface,5.183,66.728,187.309,,,675.779,282.255,23.44,Warning,1,25,68.85,47.35,38,305.444,,,,,,,,,
2025-12-22 00:00:00,daily,CR-01,Crusher 01,Crusher,Surface,5.092,72.696,195.756,,,720.766,326.089,19.52,Running,1,22,67.94,43.78,43,291.215,,,,,,,,,
2025-12-23 00:00:00,daily,CR-01,Crusher 01,Crusher,Surface,5.219,73.441,188.341,,,717.926,304.871,17.07,Warning,1,8,65.72,52.11,36,324.753,,,,,,,,,
2025-12-24 00:00:00,daily,CR-01,Crusher 01,Crusher,Surface,5.578,69.066,207.422,,,725.417,296.916,19.45,Running,1,0,69.73,43.18,41,352.201,,,,,,,,,
2025-12-25 00:00:00,daily,CR-01,Crusher 01,Crusher,Surface,5.338,74.95,189.794,,,749.518,332.353,19.14,Running,1,24,68.24,44.75,39,307.548,,,,,,,,,
2025-12-26 00:00:00,daily,CR-01,Crusher 01,Crusher,Surface,5.356,69.831,201.933,,,682.797,313.923,18.74,Running,1,34,68.48,44.47,47,335.236,,,,,,,,,
2025-12-27 00:00:00,daily,CR-01,Crusher 01,Crusher,Surface,5.385,70.784,185.253,,,694.124,293.895,20.34,Warning,1,15,68.41,48.66,40,298.222,,,,,,,,,
2025-12-28 00:00:00,daily,CR-01,Crusher 01,Crusher,Surface,4.684,71.944,187.961,,,711.338,351.578,17.35,Running,1,5,65.54,43.86,36,317.217,,,,,,,,,
2025-12-29 00:00:00,daily,CR-01,Crusher 01,Crusher,Surface,4.933,75.534,187.617,,,732.938,287.868,19.93,Warning,1,13,67.98,45.25,41,291.297,,,,,,,,,
2025-12-30 00:00:00,daily,CR-01,Crusher 01,Crusher,Surface,5.281,69.698,196.682,,,750.422,315.411,20.93,Running,1,21,68.83,43.11,41,317.209,,,,,,,,,
2025-12-31 00:00:00,daily,CR-01,Crusher 01,Crusher,Surface,5.154,72.508,201.522,,,771.062,283.075,22.41,Running,1,15,69.08,42.86,36,314.52,,,,,,,,,
2026-01-01 00:00:00,daily,CR-01,Crusher 01,Crusher,Surface,5.347,73.719,203.508,,,721.063,322.065,20.28,Running,0,34,68.29,44.69,33,330.572,,,,,,,,,
2026-01-02 00:00:00,daily,CR-01,Crusher 01,Crusher,Surface,5.848,73.275,182.28,,,749.961,305.765,21.68,Running,1,28,67.84,44.5,40,356.422,,,,,,,,,
2026-01-03 00:00:00,daily,CR-01,Crusher 01,Crusher,Surface,5.414,73.415,198.458,,,746.693,332.164,18.83,Warning,2,23,64.11,50.62,38,308.861,,,,,,,,,
2026-01-04 00:00:00,daily,CR-01,Crusher 01,Crusher,Surface,5.05,73.841,192.781,,,742.173,317.216,19.1,Warning,1,0,66.75,46.5,32,273.535,,,,,,,,,
2026-01-05 00:00:00,daily,CR-01,Crusher 01,Crusher,Surface,5.218,70.733,205.771,,,727.318,341.952,22.27,Warning,2,10,65.12,46.2,39,313.195,,,,,,,,,
2026-01-06 00:00:00,daily,CR-01,Crusher 01,Crusher,Surface,5.979,76.166,197.896,,,717.421,310.018,17.05,Running,2,12,68.58,44.75,35,324.338,,,,,,,,,
2026-01-07 00:00:00,daily,CR-01,Crusher 01,Crusher,Surface,5.936,71.9,199.907,,,699.967,288.984,18.91,Warning,1,10,68.22,45.93,31,322.308,,,,,,,,,
2026-01-08 00:00:00,daily,CR-01,Crusher 01,Crusher,Surface,5.665,71.634,193.409,,,698.105,322.254,21.85,Warning,1,22,64.77,48.24,36,314.515,,,,,,,,,
2026-01-09 00:00:00,daily,CR-01,Crusher 01,Crusher,Surface,5.027,75.505,218.248,,,736.41,313.545,19.27,Warning,2,23,66.09,51.2,42,350.821,,,,,,,,,
2026-01-10 00:00:00,daily,CR-01,Crusher 01,Crusher,Surface,5.598,70.809,188.31,,,725.829,285.458,19.13,Warning,1,0,66.44,49.65,42,321.201,,,,,,,,,
2026-01-11 00:00:00,daily,CR-01,Crusher 01,Crusher,Surface,5.631,73.143,197.293,,,716.299,299.321,19.17,Warning,1,28,67.37,47.37,41,316.012,,,,,,,,,
2026-01-12 00:00:00,daily,CR-01,Crusher 01,Crusher,Surface,5.534,70.691,202.51,,,744.246,305.163,19.9,Warning,2,22,63.12,53.29,38,301.322,,,,,,,,,
2026-01-13 00:00:00,daily,CR-01,Crusher 01,Crusher,Surface,5.365,78.524,199.065,,,721.606,346.542,21.77,Warning,1,26,62.15,53.05,39,280.118,,,,,,,,,
2026-01-14 00:00:00,daily,CR-01,Crusher 01,Crusher,Surface,5.437,78.071,194.085,,,702.933,331.393,21.45,Warning,2,30,65.62,50.41,37,325.902,,,,,,,,,
2026-01-15 00:00:00,daily,CR-01,Crusher 01,Crusher,Surface,5.364,72.318,183.752,,,719.604,312.514,19.7,Warning,1,12,61.39,57.2,32,324.173,,,,,,,,,
2026-01-16 00:00:00,daily,CR-01,Crusher 01,Crusher,Surface,5.223,73.882,195.099,,,747.727,327.364,21.78,Warning,1,36,65.57,49.82,33,295.583,,,,,,,,,
2026-01-17 00:00:00,daily,CR-01,Crusher 01,Crusher,Surface,5.986,72.699,192.566,,,699.636,282.292,20.34,Warning,2,17,66.14,46.26,34,318.026,,,,,,,,,
2026-01-18 00:00:00,daily,CR-01,Crusher 01,Crusher,Surface,5.851,71.903,219.098,,,731.545,308.949,21.33,Warning,0,36,67.05,46.05,42,315.952,,,,,,,,,
2026-01-19 00:00:00,daily,CR-01,Crusher 01,Crusher,Surface,5.511,73.079,225.099,,,724.519,326.45,17.71,Warning,1,9,63.95,51.61,40,305.493,,,,,,,,,
2026-01-20 00:00:00,daily,CR-01,Crusher 01,Crusher,Surface,5.712,72.747,202.091,,,706.035,322.324,23.02,Warning,2,38,65.09,50.55,32,301.895,,,,,,,,,
2026-01-21 00:00:00,daily,CR-01,Crusher 01,Crusher,Surface,5.734,69.248,188.698,,,718.044,309.754,20.1,Warning,2,8,65.75,47.8,36,328.374,,,,,,,,,
2026-01-22 00:00:00,daily,CR-01,Crusher 01,Crusher,Surface,6.33,73.581,210.273,,,684.663,318.889,14.4,Warning,1,53,62.7,51.08,34,314.61,,,,,,,,,
2026-01-23 00:00:00,daily,CR-01,Crusher 01,Crusher,Surface,5.899,72.901,193.229,,,728.233,325.78,22.87,Warning,1,8,65.93,50.87,35,306.692,,,,,,,,,
2026-01-24 00:00:00,daily,CR-01,Crusher 01,Crusher,Surface,5.898,73.805,197.695,,,689.755,319.642,19.69,Warning,2,31,64.78,47.17,33,300.853,,,,,,,,,
2026-01-25 00:00:00,daily,CR-01,Crusher 01,Crusher,Surface,5.669,72.923,197.046,,,752.976,335.424,18.92,Warning,1,15,63.25,49.57,41,317.066,,,,,,,,,
2026-01-26 00:00:00,daily,CR-01,Crusher 01,Crusher,Surface,5.538,72.297,198.477,,,722.556,325.779,18.52,Warning,2,27,64.32,47.3,35,340.381,,,,,,,,,
2026-01-27 00:00:00,daily,CR-01,Crusher 01,Crusher,Surface,6.093,75.315,200.083,,,709.934,329.361,20.52,Warning,2,19,63.75,48.86,36,324.705,,,,,,,,,
2026-01-28 00:00:00,daily,CR-01,Crusher 01,Crusher,Surface,5.884,74.548,190.644,,,754.83,351.12,17.97,Warning,1,7,65.1,51.36,36,315.059,,,,,,,,,
2026-01-29 00:00:00,daily,CR-01,Crusher 01,Crusher,Surface,5.45,76.673,196.908,,,697.681,335.288,18.57,Warning,2,0,63.15,54.15,31,327.179,,,,,,,,,
2026-01-30 00:00:00,daily,CR-01,Crusher 01,Crusher,Surface,5.845,74.563,214.276,,,704.923,351.847,18.62,Warning,1,52,63.97,50.3,35,350.526,,,,,,,,,
2026-01-31 00:00:00,daily,CR-01,Crusher 01,Crusher,Surface,5.971,72.955,203.89,,,676.656,308.533,19.12,Warning,2,22,62.49,53.51,39,331.416,,,,,,,,,
2026-02-01 00:00:00,daily,CR-01,Crusher 01,Crusher,Surface,5.101,74.963,205.628,,,758.117,292.081,18.69,Warning,2,0,61.86,53.38,41,326.469,,,,,,,,,
2026-02-02 00:00:00,daily,CR-01,Crusher 01,Crusher,Surface,5.464,68.784,182.202,,,772.617,318.337,21.32,Warning,2,23,63.51,48.7,30,334.91,,,,,,,,,
2026-02-03 00:00:00,daily,CR-01,Crusher 01,Crusher,Surface,5.86,78.64,214.152,,,680.262,316.919,20.2,Warning,2,33,61.68,58.09,29,317.504,,,,,,,,,
2026-02-04 00:00:00,daily,CR-01,Crusher 01,Crusher,Surface,5.184,74.303,197.969,,,702.417,347.368,20.43,Warning,3,12,64.27,52.77,35,325.148,,,,,,,,,
2026-02-05 00:00:00,daily,CR-01,Crusher 01,Crusher,Surface,5.242,78.942,216.215,,,725.295,300.875,20.85,Warning,2,11,63.81,51.37,39,310.459,,,,,,,,,
2026-02-06 00:00:00,daily,CR-01,Crusher 01,Crusher,Surface,5.701,71.667,206.668,,,709.924,319.915,19.5,Warning,2,21,61.52,52.16,36,287.223,,,,,,,,,
2026-02-07 00:00:00,daily,CR-01,Crusher 01,Crusher,Surface,5.94,71.125,199.656,,,722.369,328.747,17.72,Warning,2,36,62.96,51.41,37,328.996,,,,,,,,,
2026-02-08 00:00:00,daily,CR-01,Crusher 01,Crusher,Surface,5.964,74.74,188.65,,,719.977,323.374,23.15,Warning,1,22,61.26,52.85,29,329.199,,,,,,,,,
2026-02-09 00:00:00,daily,CR-01,Crusher 01,Crusher,Surface,6.288,74.786,227.327,,,733.482,318.604,21.46,Warning,3,43,59.8,56.47,32,315.361,,,,,,,,,
2026-02-10 00:00:00,daily,CR-01,Crusher 01,Crusher,Surface,5.849,74.782,213.763,,,697.752,328.265,22.78,Warning,1,37,61.29,54.81,25,344.598,,,,,,,,,
2026-02-11 00:00:00,daily,CR-01,Crusher 01,Crusher,Surface,5.723,74.471,214.513,,,727.597,341.353,21.67,Warning,2,18,62.04,52.46,33,306.054,,,,,,,,,
2026-02-12 00:00:00,daily,CR-01,Crusher 01,Crusher,Surface,5.453,72.572,224.222,,,693.419,349.693,18.8,Warning,2,0,62.83,49.12,25,283.079,,,,,,,,,
2026-02-13 00:00:00,daily,CR-01,Crusher 01,Crusher,Surface,5.74,70.57,208.427,,,711.58,322.76,15.17,Warning,2,20,62.12,57.3,39,306.832,,,,,,,,,
2026-02-14 00:00:00,daily,CR-01,Crusher 01,Crusher,Surface,6.078,74.869,219.863,,,676.983,307.604,17.32,Warning,1,28,63.21,51.99,40,288.388,,,,,,,,,
2026-02-15 00:00:00,daily,CR-01,Crusher 01,Crusher,Surface,6.103,71.166,201.706,,,711.47,350.031,20.9,Warning,1,24,60.06,56.83,34,329.846,,,,,,,,,
2026-02-16 00:00:00,daily,CR-01,Crusher 01,Crusher,Surface,5.967,70.994,214.02,,,706.947,303.132,19.48,Warning,0,30,60.9,53.89,27,305.984,,,,,,,,,
2026-02-17 00:00:00,daily,CR-01,Crusher 01,Crusher,Surface,6.062,73.441,200.497,,,746.221,354.88,18.87,Warning,1,29,64.01,47.26,35,344.313,,,,,,,,,
2026-02-18 00:00:00,daily,CR-01,Crusher 01,Crusher,Surface,6.292,75.443,201.912,,,719.996,346.965,14.89,Warning,2,31,58.17,58.4,41,343.974,,,,,,,,,
2026-02-19 00:00:00,daily,CR-01,Crusher 01,Crusher,Surface,5.942,79.235,208.075,,,724.571,349.7,19.65,Warning,1,18,60.41,54.78,35,302.542,,,,,,,,,
2026-02-20 00:00:00,daily,CR-01,Crusher 01,Crusher,Surface,6.34,76.87,194.585,,,720.651,335.349,17.6,Warning,1,31,59.29,58.41,38,305.234,,,,,,,,,
2026-02-21 00:00:00,daily,CR-01,Crusher 01,Crusher,Surface,5.723,78.015,210.707,,,665.726,285.109,18.29,Warning,2,55,60.57,57.01,31,334.891,,,,,,,,,
2026-02-22 00:00:00,daily,CR-01,Crusher 01,Crusher,Surface,5.929,76.2,204.447,,,669.011,304.551,21.31,Warning,3,2,60.06,57.44,29,344.811,,,,,,,,,
2026-02-23 00:00:00,daily,CR-01,Crusher 01,Crusher,Surface,5.818,75.567,187.846,,,712.494,328.9,17.7,Warning,2,29,61.6,55.74,32,279.099,,,,,,,,,
2026-02-24 00:00:00,daily,CR-01,Crusher 01,Crusher,Surface,6.211,80.756,203.3,,,727.87,311.337,17.89,Warning,3,50,60.92,58.32,25,329.695,,,,,,,,,
2026-02-25 00:00:00,daily,CR-01,Crusher 01,Crusher,Surface,5.679,71.623,204.581,,,714.368,317.945,20.04,Warning,1,6,58.3,59.16,41,275.273,,,,,,,,,
2026-02-26 00:00:00,daily,CR-01,Crusher 01,Crusher,Surface,5.898,73.862,216.715,,,697.857,334.773,21.35,Warning,2,38,59.32,59.15,33,311.675,,,,,,,,,
2026-02-27 00:00:00,daily,CR-01,Crusher 01,Crusher,Surface,5.447,74.105,211.194,,,713.921,320.805,18.91,Warning,1,39,60.14,56.8,36,347.925,,,,,,,,,
2026-02-28 00:00:00,daily,CR-01,Crusher 01,Crusher,Surface,6.194,77.11,222.973,,,711.512,302.045,22.5,Warning,3,2,61.19,50.53,30,390.202,,,,,,,,,
2026-03-01 00:00:00,daily,CR-01,Crusher 01,Crusher,Surface,6.401,72.673,213.855,,,740.117,340.052,17.22,Warning,2,29,63.78,50.4,26,318.856,,,,,,,,,
2026-03-02 00:00:00,daily,CR-01,Crusher 01,Crusher,Surface,6.311,76.91,203.27,,,738.508,333.501,16.89,Warning,3,18,60.89,53.03,38,296.796,,,,,,,,,
2026-03-03 00:00:00,daily,CR-01,Crusher 01,Crusher,Surface,6.292,76.525,208.383,,,705.167,319.874,16.72,Warning,1,23,58.02,59.24,27,313.059,,,,,,,,,
2026-03-04 00:00:00,daily,CR-01,Crusher 01,Crusher,Surface,6.311,77.142,205.642,,,718.104,337.282,16.51,Warning,3,18,59.36,55.31,33,325.932,,,,,,,,,
2026-03-05 00:00:00,daily,CR-01,Crusher 01,Crusher,Surface,6.28,77.155,214.16,,,726.429,326.313,20.33,Warning,2,42,59.67,57.67,33,309.857,,,,,,,,,
2026-03-06 00:00:00,daily,CR-01,Crusher 01,Crusher,Surface,6.265,78.995,210.035,,,730.134,348.69,17.8,Warning,2,22,58.43,60.16,32,304.38,,,,,,,,,
2026-03-07 00:00:00,daily,CR-01,Crusher 01,Crusher,Surface,6.296,75.242,203.309,,,761.906,327.571,16.97,Warning,1,17,59.89,58.57,28,315.459,,,,,,,,,
2026-03-08 00:00:00,daily,CR-01,Crusher 01,Crusher,Surface,5.906,76.689,209.838,,,718.052,348.804,20.41,Warning,2,19,55.38,65.71,31,333.676,,,,,,,,,
2026-03-09 00:00:00,daily,CR-01,Crusher 01,Crusher,Surface,6.054,73.705,214.521,,,749.016,291.372,21.26,Warning,1,17,59.77,52.97,27,321.37,,,,,,,,,
2026-03-10 00:00:00,daily,CR-01,Crusher 01,Crusher,Surface,6.146,73.214,200.003,,,688.311,333.488,21.7,Warning,2,7,58.0,56.41,34,305.826,,,,,,,,,
2026-03-11 00:00:00,daily,CR-01,Crusher 01,Crusher,Surface,6.035,79.822,213.396,,,701.738,318.184,21.36,Warning,1,18,58.46,64.02,33,310.605,,,,,,,,,
2026-03-12 00:00:00,daily,CR-01,Crusher 01,Crusher,Surface,5.677,73.695,194.597,,,662.63,310.008,17.92,Warning,2,24,60.85,56.83,31,316.366,,,,,,,,,
2026-03-13 00:00:00,daily,CR-01,Crusher 01,Crusher,Surface,5.787,77.24,221.598,,,721.94,346.448,20.21,Warning,3,31,56.36,61.54,29,303.608,,,,,,,,,
2026-03-14 00:00:00,daily,CR-01,Crusher 01,Crusher,Surface,6.238,77.032,215.973,,,734.685,341.724,20.63,Warning,2,41,58.69,57.9,39,310.163,,,,,,,,,
2026-03-15 00:00:00,daily,CR-01,Crusher 01,Crusher,Surface,6.452,78.635,227.153,,,651.253,289.729,18.77,Warning,1,26,59.4,56.73,25,340.005,,,,,,,,,
2026-03-16 00:00:00,daily,CR-01,Crusher 01,Crusher,Surface,6.194,71.893,199.854,,,722.432,338.85,20.0,Warning,0,15,58.28,54.55,24,320.904,,,,,,,,,
2026-03-17 00:00:00,daily,CR-01,Crusher 01,Crusher,Surface,7.031,78.069,222.514,,,733.089,336.791,17.28,Warning,2,9,55.29,61.04,30,287.519,,,,,,,,,
2026-03-18 00:00:00,daily,CR-01,Crusher 01,Crusher,Surface,5.937,75.848,220.697,,,731.451,313.206,18.48,Warning,3,26,59.91,55.9,29,348.771,,,,,,,,,
2026-03-19 00:00:00,daily,CR-01,Crusher 01,Crusher,Surface,6.358,74.605,209.677,,,685.973,311.312,20.39,Warning,1,22,57.29,58.37,35,335.515,,,,,,,,,
2026-03-20 00:00:00,daily,CR-01,Crusher 01,Crusher,Surface,6.623,75.5,207.893,,,737.009,297.843,22.57,Warning,3,23,56.65,59.51,33,296.045,,,,,,,,,
2026-03-21 00:00:00,daily,CR-01,Crusher 01,Crusher,Surface,6.566,78.648,200.968,,,716.992,320.524,21.89,Warning,2,30,56.88,65.49,30,318.561,,,,,,,,,
2026-03-22 00:00:00,daily,CR-01,Crusher 01,Crusher,Surface,6.454,77.973,198.522,,,731.959,323.531,20.95,Warning,0,32,56.63,60.21,32,309.3,,,,,,,,,
2026-03-23 00:00:00,daily,CR-01,Crusher 01,Crusher,Surface,6.59,75.968,204.629,,,713.162,341.198,19.83,Warning,1,30,55.22,63.25,32,341.744,,,,,,,,,
2026-03-24 00:00:00,daily,CR-01,Crusher 01,Crusher,Surface,6.297,73.599,199.744,,,726.183,331.828,19.54,Warning,2,22,57.26,60.33,38,318.803,,,,,,,,,
2026-03-25 00:00:00,daily,CR-01,Crusher 01,Crusher,Surface,6.79,73.827,228.421,,,744.958,308.028,16.9,Warning,2,13,55.91,62.9,31,325.505,,,,,,,,,
2026-03-26 00:00:00,daily,CR-01,Crusher 01,Crusher,Surface,6.687,78.257,197.604,,,710.654,331.533,18.08,Warning,3,14,57.81,58.11,27,323.071,,,,,,,,,
2026-03-27 00:00:00,daily,CR-01,Crusher 01,Crusher,Surface,6.058,73.441,214.276,,,723.186,322.787,18.14,Warning,1,38,57.44,62.08,30,294.797,,,,,,,,,
2026-03-28 00:00:00,daily,CR-01,Crusher 01,Crusher,Surface,6.421,76.282,217.306,,,748.135,310.661,20.78,Warning,2,17,59.09,58.16,19,358.406,,,,,,,,,
2026-03-29 00:00:00,daily,CR-01,Crusher 01,Crusher,Surface,5.872,83.059,216.686,,,712.017,299.004,21.49,Warning,2,4,56.02,59.0,29,342.186,,,,,,,,,
2026-03-30 00:00:00,daily,CR-01,Crusher 01,Crusher,Surface,6.804,77.785,217.726,,,686.061,338.989,21.09,Warning,2,43,54.95,62.86,33,311.3,,,,,,,,,
2026-03-31 00:00:00,daily,CR-01,Crusher 01,Crusher,Surface,6.426,78.522,222.899,,,732.739,335.906,21.95,Warning,2,11,53.75,64.4,31,332.092,,,,,,,,,
2026-04-01 00:00:00,daily,CR-01,Crusher 01,Crusher,Surface,6.775,74.253,209.139,,,752.309,338.02,19.82,Warning,1,23,59.49,56.28,30,349.429,,,,,,,,,
2026-04-02 00:00:00,daily,CR-01,Crusher 01,Crusher,Surface,6.348,73.912,214.637,,,748.35,315.018,17.79,Warning,2,32,56.91,61.34,31,329.353,,,,,,,,,
2026-04-03 00:00:00,daily,CR-01,Crusher 01,Crusher,Surface,5.836,78.827,210.989,,,733.271,331.335,19.58,Warning,2,26,54.62,64.81,33,362.504,,,,,,,,,
2026-04-04 00:00:00,daily,CR-01,Crusher 01,Crusher,Surface,7.195,76.298,227.113,,,653.572,303.627,18.29,Warning,2,0,58.31,59.4,34,392.576,,,,,,,,,
2026-04-05 00:00:00,daily,CR-01,Crusher 01,Crusher,Surface,6.455,79.851,235.25,,,697.828,310.754,20.94,Warning,3,30,57.64,59.98,30,325.738,,,,,,,,,
2026-04-06 00:00:00,daily,CR-01,Crusher 01,Crusher,Surface,6.126,77.437,202.476,,,698.999,329.248,18.99,Warning,1,48,53.18,65.72,27,315.826,,,,,,,,,
2026-04-07 00:00:00,daily,CR-01,Crusher 01,Crusher,Surface,6.782,85.687,194.268,,,715.204,333.493,19.49,Warning,0,36,54.01,60.08,19,307.003,,,,,,,,,
2026-04-08 00:00:00,daily,CR-01,Crusher 01,Crusher,Surface,7.06,76.078,220.435,,,757.771,299.581,21.01,Warning,3,0,54.88,64.73,32,280.201,,,,,,,,,
2026-04-09 00:00:00,daily,CR-01,Crusher 01,Crusher,Surface,6.4,78.204,225.612,,,685.62,309.993,18.26,Warning,1,62,53.25,66.43,30,356.488,,,,,,,,,
2026-04-10 00:00:00,daily,CR-01,Crusher 01,Crusher,Surface,6.442,75.424,234.642,,,771.849,322.581,21.53,Warning,2,4,54.68,61.48,29,321.381,,,,,,,,,
2026-04-11 00:00:00,daily,CR-01,Crusher 01,Crusher,Surface,6.555,80.106,222.616,,,703.45,346.541,17.09,Warning,1,8,55.84,62.38,25,348.546,,,,,,,,,
2026-04-12 00:00:00,daily,CR-01,Crusher 01,Crusher,Surface,6.162,78.745,229.36,,,693.288,314.782,20.27,Warning,2,40,52.38,67.96,32,353.1,,,,,,,,,
2026-04-13 00:00:00,daily,CR-01,Crusher 01,Crusher,Surface,6.299,75.441,232.168,,,735.041,332.078,19.51,Warning,1,34,54.92,65.46,27,305.766,,,,,,,,,
2026-04-14 00:00:00,daily,CR-01,Crusher 01,Crusher,Surface,7.053,77.046,230.381,,,736.935,334.095,21.27,Warning,1,26,56.19,62.35,27,309.2,,,,,,,,,
2026-04-15 00:00:00,daily,CR-01,Crusher 01,Crusher,Surface,6.49,81.159,224.711,,,729.638,325.314,17.04,Warning,2,16,54.83,63.88,27,368.191,,,,,,,,,
2026-04-16 00:00:00,daily,CR-01,Crusher 01,Crusher,Surface,6.29,80.93,203.243,,,692.571,334.763,16.74,Warning,2,49,53.94,66.37,29,328.397,,,,,,,,,
2026-04-17 00:00:00,daily,CR-01,Crusher 01,Crusher,Surface,6.417,74.591,216.147,,,725.466,305.861,21.12,Warning,2,26,52.87,65.37,23,315.543,,,,,,,,,
2026-04-18 00:00:00,daily,CR-01,Crusher 01,Crusher,Surface,6.886,76.927,219.398,,,685.377,318.396,18.93,Warning,2,1,55.14,63.63,29,307.206,,,,,,,,,
2026-04-19 00:00:00,daily,CR-01,Crusher 01,Crusher,Surface,5.983,82.477,215.566,,,691.358,356.15,19.51,Warning,3,47,51.8,66.24,24,327.219,,,,,,,,,
2026-04-20 00:00:00,daily,CR-01,Crusher 01,Crusher,Surface,6.664,77.764,216.35,,,709.455,357.548,18.41,Warning,2,30,53.94,66.7,24,363.636,,,,,,,,,
2026-04-21 00:00:00,daily,CR-01,Crusher 01,Crusher,Surface,7.337,78.666,232.57,,,690.439,345.766,21.43,Warning,0,42,53.46,61.93,30,345.673,,,,,,,,,
2026-04-22 00:00:00,daily,CR-01,Crusher 01,Crusher,Surface,7.22,80.75,209.496,,,738.965,350.532,20.25,Warning,2,35,55.1,64.5,23,334.724,,,,,,,,,
2026-04-23 00:00:00,daily,CR-01,Crusher 01,Crusher,Surface,6.794,75.149,225.223,,,696.397,297.99,20.14,Warning,3,67,52.23,66.91,30,365.804,,,,,,,,,
2026-04-24 00:00:00,daily,CR-01,Crusher 01,Crusher,Surface,7.029,76.151,220.564,,,705.533,313.912,17.43,Warning,2,22,52.24,68.79,27,361.696,,,,,,,,,
2026-04-25 00:00:00,daily,CR-01,Crusher 01,Crusher,Surface,7.037,77.69,208.992,,,688.214,325.521,20.64,Warning,3,27,50.92,67.15,20,338.471,,,,,,,,,
2026-04-26 00:00:00,daily,CR-01,Crusher 01,Crusher,Surface,6.619,81.418,206.969,,,737.912,374.734,17.77,Warning,1,38,53.48,65.31,32,392.327,,,,,,,,,
2026-04-27 00:00:00,daily,CR-01,Crusher 01,Crusher,Surface,6.946,81.035,200.89,,,693.45,325.749,18.42,Warning,3,22,51.97,67.36,27,325.942,,,,,,,,,
2026-04-28 00:00:00,daily,CR-01,Crusher 01,Crusher,Surface,7.217,80.375,222.928,,,740.296,344.926,17.06,Warning,4,42,51.14,69.27,28,355.674,,,,,,,,,
2026-04-29 00:00:00,daily,CR-01,Crusher 01,Crusher,Surface,6.313,78.375,217.608,,,738.22,338.461,19.38,Warning,2,0,51.17,66.27,30,323.004,,,,,,,,,
2026-04-30 00:00:00,daily,CR-01,Crusher 01,Crusher,Surface,6.877,81.48,210.151,,,698.677,338.193,21.72,Warning,2,26,53.13,66.9,32,351.645,,,,,,,,,
2026-05-01 00:00:00,daily,CR-01,Crusher 01,Crusher,Surface,6.824,78.464,199.817,,,710.877,331.492,20.12,Warning,2,25,50.37,65.79,27,326.451,,,,,,,,,
2026-05-02 00:00:00,daily,CR-01,Crusher 01,Crusher,Surface,6.758,80.278,223.075,,,697.623,310.448,18.83,Warning,3,25,50.39,68.12,28,342.199,,,,,,,,,
2026-05-03 00:00:00,daily,CR-01,Crusher 01,Crusher,Surface,6.743,81.141,217.18,,,723.962,283.561,19.89,Warning,2,11,53.31,62.24,27,384.765,,,,,,,,,
2026-05-04 00:00:00,daily,CR-01,Crusher 01,Crusher,Surface,6.82,83.085,211.949,,,704.55,355.388,19.88,Warning,4,44,51.48,69.58,24,353.256,,,,,,,,,
2026-05-05 00:00:00,daily,CR-01,Crusher 01,Crusher,Surface,6.857,78.938,209.616,,,698.585,321.352,19.81,Warning,2,18,53.15,66.39,19,342.939,,,,,,,,,
2026-05-06 00:00:00,daily,CR-01,Crusher 01,Crusher,Surface,7.11,78.265,217.04,,,710.473,298.974,20.02,Warning,2,31,50.92,69.63,26,315.539,,,,,,,,,
2026-05-07 00:00:00,daily,CR-01,Crusher 01,Crusher,Surface,6.929,82.304,224.296,,,667.967,340.599,17.68,Alarm,2,28,51.36,71.04,31,336.857,,,,,,,,,
2026-05-08 00:00:00,daily,CR-01,Crusher 01,Crusher,Surface,6.744,82.55,216.467,,,706.965,340.388,19.88,Warning,2,35,51.48,67.29,27,310.674,,,,,,,,,
2026-05-09 00:00:00,daily,CR-01,Crusher 01,Crusher,Surface,6.558,78.014,208.052,,,725.659,346.806,16.31,Warning,0,50,53.32,66.57,21,352.498,,,,,,,,,
2026-05-10 00:00:00,daily,CR-01,Crusher 01,Crusher,Surface,6.68,76.728,219.527,,,712.191,353.202,20.79,Warning,2,30,53.06,65.84,29,352.08,,,,,,,,,
2026-05-11 00:00:00,daily,CR-01,Crusher 01,Crusher,Surface,6.912,82.367,230.734,,,733.177,316.711,17.56,Warning,2,40,52.69,66.06,24,329.301,,,,,,,,,
2026-05-12 00:00:00,daily,CR-01,Crusher 01,Crusher,Surface,6.633,75.563,220.853,,,698.456,317.638,21.94,Alarm,2,32,49.71,73.02,16,369.985,,,,,,,,,
2026-05-13 00:00:00,daily,CR-01,Crusher 01,Crusher,Surface,7.141,75.502,221.306,,,696.155,327.786,14.99,Alarm,4,21,49.01,75.56,29,367.026,,,,,,,,,
2026-05-14 00:00:00,daily,CR-01,Crusher 01,Crusher,Surface,6.998,78.982,217.536,,,678.878,348.447,22.89,Warning,2,24,51.67,66.8,21,336.95,,,,,,,,,
2026-05-15 00:00:00,daily,CR-01,Crusher 01,Crusher,Surface,7.224,79.694,212.068,,,697.21,295.945,16.53,Warning,0,22,52.53,68.13,32,346.234,,,,,,,,,
2026-05-16 00:00:00,daily,CR-01,Crusher 01,Crusher,Surface,6.701,76.966,211.908,,,758.703,336.236,17.38,Warning,1,37,52.06,67.76,29,320.982,,,,,,,,,
2026-05-17 00:00:00,daily,CR-01,Crusher 01,Crusher,Surface,6.656,80.104,204.69,,,714.585,350.841,20.25,Alarm,2,30,50.09,70.54,23,328.075,,,,,,,,,
2026-05-18 00:00:00,daily,CR-01,Crusher 01,Crusher,Surface,7.258,80.273,233.294,,,692.028,350.234,20.87,Warning,2,14,51.1,68.96,26,310.483,,,,,,,,,
2026-05-19 00:00:00,daily,CR-01,Crusher 01,Crusher,Surface,6.968,78.543,226.278,,,680.922,347.089,19.14,Warning,3,23,51.0,67.94,34,323.811,,,,,,,,,
2026-05-20 00:00:00,daily,CR-01,Crusher 01,Crusher,Surface,6.88,84.638,222.651,,,665.35,353.604,21.39,Warning,3,1,49.91,62.95,28,332.174,,,,,,,,,
2026-05-21 00:00:00,daily,CR-01,Crusher 01,Crusher,Surface,7.162,80.851,224.955,,,685.152,285.157,18.15,Alarm,3,26,49.85,73.28,25,298.078,,,,,,,,,
2026-05-22 00:00:00,daily,CR-01,Crusher 01,Crusher,Surface,7.163,82.591,225.568,,,726.311,363.785,18.91,Warning,2,28,49.57,69.21,35,347.432,,,,,,,,,
2026-05-23 00:00:00,daily,CR-01,Crusher 01,Crusher,Surface,6.6,76.45,215.001,,,695.299,340.826,19.1,Alarm,3,62,48.02,72.29,24,357.366,,,,,,,,,
2026-05-24 00:00:00,daily,CR-01,Crusher 01,Crusher,Surface,7.404,76.491,219.267,,,681.318,359.039,18.65,Alarm,1,53,48.06,72.28,26,334.841,,,,,,,,,
2026-05-25 00:00:00,daily,CR-01,Crusher 01,Crusher,Surface,6.878,81.174,217.951,,,684.007,314.009,15.97,Alarm,3,10,47.9,71.37,20,275.813,,,,,,,,,
2026-05-26 00:00:00,daily,CR-01,Crusher 01,Crusher,Surface,7.523,84.584,247.981,,,722.776,303.72,19.63,Alarm,2,34,46.33,75.61,17,329.723,,,,,,,,,
2026-05-27 00:00:00,daily,CR-01,Crusher 01,Crusher,Surface,6.625,77.771,233.243,,,703.605,367.58,19.46,Alarm,1,32,48.99,71.33,22,304.771,,,,,,,,,
2026-05-28 00:00:00,daily,CR-01,Crusher 01,Crusher,Surface,7.132,80.601,224.894,,,689.239,318.885,21.75,Alarm,3,24,48.57,70.57,23,322.151,,,,,,,,,
2026-05-29 00:00:00,daily,CR-01,Crusher 01,Crusher,Surface,6.994,77.356,237.05,,,697.357,330.105,17.21,Alarm,3,25,49.72,70.69,24,367.643,,,,,,,,,
2025-05-30 00:00:00,daily,CP-01,Compressor 01,Compressor,Surface,2.238,60.342,113.839,6.903,,1483.849,153.021,19.91,Running,0,6,91.43,13.23,476,162.153,,,,,,,,,
2025-05-31 00:00:00,daily,CP-01,Compressor 01,Compressor,Surface,2.344,59.845,135.498,7.248,,1467.033,165.689,19.68,Running,0,1,94.98,4.33,472,162.573,,,,,,,,,
2025-06-01 00:00:00,daily,CP-01,Compressor 01,Compressor,Surface,2.336,60.038,121.334,7.038,,1412.883,173.367,19.89,Running,1,7,91.3,15.28,462,159.937,,,,,,,,,
2025-06-02 00:00:00,daily,CP-01,Compressor 01,Compressor,Surface,2.145,56.38,114.699,7.752,,1481.576,174.365,21.66,Running,1,7,92.49,12.32,466,160.597,,,,,,,,,
2025-06-03 00:00:00,daily,CP-01,Compressor 01,Compressor,Surface,2.166,57.937,119.238,7.136,,1382.851,170.262,17.82,Running,0,3,87.88,16.81,467,145.081,,,,,,,,,
2025-06-04 00:00:00,daily,CP-01,Compressor 01,Compressor,Surface,2.702,60.616,121.791,7.189,,1437.171,160.949,19.39,Running,0,2,93.22,10.43,457,151.646,,,,,,,,,
2025-06-05 00:00:00,daily,CP-01,Compressor 01,Compressor,Surface,2.14,58.088,121.565,7.121,,1404.302,157.767,17.35,Running,0,5,93.78,10.19,456,163.207,,,,,,,,,
2025-06-06 00:00:00,daily,CP-01,Compressor 01,Compressor,Surface,2.367,56.238,120.986,6.997,,1415.696,164.854,20.11,Running,0,7,90.18,11.08,463,140.356,,,,,,,,,
2025-06-07 00:00:00,daily,CP-01,Compressor 01,Compressor,Surface,2.405,60.379,123.811,7.338,,1527.039,164.94,19.3,Running,1,15,91.02,15.92,462,142.921,,,,,,,,,
2025-06-08 00:00:00,daily,CP-01,Compressor 01,Compressor,Surface,2.291,58.026,123.223,6.811,,1391.144,174.974,21.73,Running,0,6,92.54,11.4,454,161.331,,,,,,,,,
2025-06-09 00:00:00,daily,CP-01,Compressor 01,Compressor,Surface,2.422,60.815,112.931,6.6,,1417.199,160.692,19.67,Running,0,1,91.83,10.03,462,163.598,,,,,,,,,
2025-06-10 00:00:00,daily,CP-01,Compressor 01,Compressor,Surface,2.36,58.978,130.667,7.063,,1470.378,161.441,18.83,Running,0,8,92.53,8.27,464,161.564,,,,,,,,,
2025-06-11 00:00:00,daily,CP-01,Compressor 01,Compressor,Surface,2.144,58.539,129.834,7.305,,1431.157,183.507,19.21,Running,0,9,91.3,14.15,458,138.833,,,,,,,,,
2025-06-12 00:00:00,daily,CP-01,Compressor 01,Compressor,Surface,2.398,61.329,122.829,6.956,,1456.175,178.975,22.99,Running,0,0,94.72,7.81,458,182.09,,,,,,,,,
2025-06-13 00:00:00,daily,CP-01,Compressor 01,Compressor,Surface,2.203,56.798,118.258,7.148,,1507.129,157.07,16.67,Running,1,2,90.65,14.06,459,149.217,,,,,,,,,
2025-06-14 00:00:00,daily,CP-01,Compressor 01,Compressor,Surface,2.615,61.452,118.364,6.796,,1476.127,178.235,18.48,Running,0,2,96.01,5.64,458,156.017,,,,,,,,,
2025-06-15 00:00:00,daily,CP-01,Compressor 01,Compressor,Surface,2.379,57.929,116.089,7.367,,1431.189,154.921,19.75,Running,0,4,93.67,6.86,449,151.139,,,,,,,,,
2025-06-16 00:00:00,daily,CP-01,Compressor 01,Compressor,Surface,2.176,59.293,116.868,7.265,,1444.582,161.113,18.46,Running,0,0,92.99,10.83,451,179.309,,,,,,,,,
2025-06-17 00:00:00,daily,CP-01,Compressor 01,Compressor,Surface,2.363,59.31,104.916,7.107,,1471.149,162.139,20.62,Running,0,5,89.97,13.64,452,169.657,,,,,,,,,
2025-06-18 00:00:00,daily,CP-01,Compressor 01,Compressor,Surface,2.135,58.294,127.221,7.144,,1475.318,164.325,19.57,Running,0,6,93.07,9.65,450,159.817,,,,,,,,,
2025-06-19 00:00:00,daily,CP-01,Compressor 01,Compressor,Surface,2.348,57.726,125.107,6.754,,1450.743,170.603,20.17,Running,1,0,92.56,15.16,458,159.045,,,,,,,,,
2025-06-20 00:00:00,daily,CP-01,Compressor 01,Compressor,Surface,2.261,58.394,107.986,6.765,,1464.331,165.985,19.91,Running,1,11,88.19,18.28,454,167.002,,,,,,,,,
2025-06-21 00:00:00,daily,CP-01,Compressor 01,Compressor,Surface,2.153,57.3,123.389,7.072,,1464.363,170.561,19.48,Running,0,10,89.31,16.82,446,151.316,,,,,,,,,
2025-06-22 00:00:00,daily,CP-01,Compressor 01,Compressor,Surface,2.151,62.361,118.006,7.231,,1446.205,161.414,17.2,Running,1,3,92.11,16.49,449,169.218,,,,,,,,,
2025-06-23 00:00:00,daily,CP-01,Compressor 01,Compressor,Surface,2.741,58.21,116.861,7.244,,1425.678,168.4,20.02,Running,0,1,91.3,12.95,454,158.997,,,,,,,,,
2025-06-24 00:00:00,daily,CP-01,Compressor 01,Compressor,Surface,2.319,60.999,121.015,7.012,,1479.584,165.745,16.29,Running,1,2,90.67,13.3,446,170.75,,,,,,,,,
2025-06-25 00:00:00,daily,CP-01,Compressor 01,Compressor,Surface,2.225,60.777,107.605,7.289,,1461.546,152.541,18.39,Running,0,0,93.2,8.16,451,170.379,,,,,,,,,
2025-06-26 00:00:00,daily,CP-01,Compressor 01,Compressor,Surface,2.194,59.649,117.997,7.458,,1366.628,169.385,20.62,Running,0,4,90.04,13.04,452,158.508,,,,,,,,,
2025-06-27 00:00:00,daily,CP-01,Compressor 01,Compressor,Surface,2.388,58.804,118.545,7.081,,1416.827,165.904,21.96,Running,0,4,90.7,8.92,451,142.46,,,,,,,,,
2025-06-28 00:00:00,daily,CP-01,Compressor 01,Compressor,Surface,2.188,59.365,118.554,7.181,,1430.626,158.617,24.0,Running,0,1,90.38,15.05,446,162.327,,,,,,,,,
2025-06-29 00:00:00,daily,CP-01,Compressor 01,Compressor,Surface,2.106,60.01,109.87,7.052,,1441.801,161.22,18.86,Running,0,5,92.21,8.38,449,149.1,,,,,,,,,
2025-06-30 00:00:00,daily,CP-01,Compressor 01,Compressor,Surface,2.298,59.21,120.76,7.072,,1497.996,161.443,18.02,Running,1,8,88.62,17.74,441,165.911,,,,,,,,,
2025-07-01 00:00:00,daily,CP-01,Compressor 01,Compressor,Surface,2.297,56.378,124.441,7.147,,1577.924,162.844,20.68,Running,0,6,90.55,13.14,453,162.226,,,,,,,,,
2025-07-02 00:00:00,daily,CP-01,Compressor 01,Compressor,Surface,2.229,55.952,120.53,7.53,,1351.471,180.881,23.27,Running,1,5,88.57,16.26,443,158.582,,,,,,,,,
2025-07-03 00:00:00,daily,CP-01,Compressor 01,Compressor,Surface,2.144,61.61,116.715,7.333,,1461.993,183.865,22.62,Running,0,7,90.81,12.79,446,150.801,,,,,,,,,
2025-07-04 00:00:00,daily,CP-01,Compressor 01,Compressor,Surface,2.234,54.568,134.228,7.311,,1452.592,140.52,17.69,Running,0,10,92.44,13.35,439,178.109,,,,,,,,,
2025-07-05 00:00:00,daily,CP-01,Compressor 01,Compressor,Surface,2.22,59.381,112.55,6.991,,1442.581,169.45,19.41,Running,0,4,92.45,12.99,442,160.066,,,,,,,,,
2025-07-06 00:00:00,daily,CP-01,Compressor 01,Compressor,Surface,2.195,58.651,122.742,6.881,,1471.511,173.653,21.31,Running,0,8,90.08,13.83,441,190.946,,,,,,,,,
2025-07-07 00:00:00,daily,CP-01,Compressor 01,Compressor,Surface,2.355,59.326,119.564,7.203,,1455.777,163.116,21.45,Running,0,6,92.08,9.3,434,165.445,,,,,,,,,
2025-07-08 00:00:00,daily,CP-01,Compressor 01,Compressor,Surface,2.706,57.116,130.183,7.416,,1435.32,173.416,20.82,Running,1,7,90.9,14.58,433,168.931,,,,,,,,,
2025-07-09 00:00:00,daily,CP-01,Compressor 01,Compressor,Surface,2.545,59.652,120.433,7.536,,1450.939,179.953,18.82,Running,0,6,93.36,7.35,436,165.497,,,,,,,,,
2025-07-10 00:00:00,daily,CP-01,Compressor 01,Compressor,Surface,2.655,59.408,121.723,6.493,,1472.024,152.721,20.8,Running,0,2,90.95,9.56,440,168.825,,,,,,,,,
2025-07-11 00:00:00,daily,CP-01,Compressor 01,Compressor,Surface,2.203,63.754,121.155,7.718,,1468.212,166.274,21.46,Running,1,6,86.38,20.06,427,177.09,,,,,,,,,
2025-07-12 00:00:00,daily,CP-01,Compressor 01,Compressor,Surface,2.607,59.283,111.775,7.21,,1457.29,182.683,17.89,Running,0,3,92.55,12.87,433,177.219,,,,,,,,,
2025-07-13 00:00:00,daily,CP-01,Compressor 01,Compressor,Surface,2.347,61.356,112.915,7.334,,1426.399,153.935,22.23,Running,0,7,90.36,12.69,438,145.642,,,,,,,,,
2025-07-14 00:00:00,daily,CP-01,Compressor 01,Compressor,Surface,2.484,56.519,116.479,6.672,,1562.494,164.04,21.58,Running,0,5,90.63,13.92,427,174.488,,,,,,,,,
2025-07-15 00:00:00,daily,CP-01,Compressor 01,Compressor,Surface,2.389,60.803,123.881,7.048,,1464.1,161.044,18.26,Running,0,2,91.59,10.94,437,170.548,,,,,,,,,
2025-07-16 00:00:00,daily,CP-01,Compressor 01,Compressor,Surface,2.245,59.455,119.54,7.313,,1480.21,174.549,21.46,Running,0,14,88.75,17.19,426,165.477,,,,,,,,,
2025-07-17 00:00:00,daily,CP-01,Compressor 01,Compressor,Surface,2.436,59.531,116.905,6.814,,1429.39,175.806,21.24,Running,1,12,91.13,14.61,426,183.923,,,,,,,,,
2025-07-18 00:00:00,daily,CP-01,Compressor 01,Compressor,Surface,2.394,59.557,126.383,6.385,,1457.277,166.548,21.31,Running,0,3,91.84,10.9,429,184.368,,,,,,,,,
2025-07-19 00:00:00,daily,CP-01,Compressor 01,Compressor,Surface,1.989,61.978,106.259,7.192,,1456.949,165.38,22.71,Running,0,1,91.55,9.78,436,175.04,,,,,,,,,
2025-07-20 00:00:00,daily,CP-01,Compressor 01,Compressor,Surface,2.285,59.513,110.383,7.095,,1373.198,149.62,19.66,Running,0,10,89.99,11.11,425,159.113,,,,,,,,,
2025-07-21 00:00:00,daily,CP-01,Compressor 01,Compressor,Surface,2.464,57.748,103.183,7.468,,1421.001,177.902,20.32,Running,0,6,92.51,12.34,420,151.977,,,,,,,,,
2025-07-22 00:00:00,daily,CP-01,Compressor 01,Compressor,Surface,2.358,58.036,125.417,7.068,,1420.252,161.919,14.61,Running,1,6,89.3,12.7,420,173.396,,,,,,,,,
2025-07-23 00:00:00,daily,CP-01,Compressor 01,Compressor,Surface,2.392,60.475,117.591,7.087,,1425.631,163.819,21.82,Running,1,6,89.88,14.91,429,180.055,,,,,,,,,
2025-07-24 00:00:00,daily,CP-01,Compressor 01,Compressor,Surface,2.173,59.849,123.974,7.283,,1406.846,173.847,21.64,Running,0,3,90.64,14.66,419,142.787,,,,,,,,,
2025-07-25 00:00:00,daily,CP-01,Compressor 01,Compressor,Surface,2.354,56.488,117.525,7.367,,1451.385,166.883,22.28,Running,0,3,91.31,11.17,428,177.054,,,,,,,,,
2025-07-26 00:00:00,daily,CP-01,Compressor 01,Compressor,Surface,2.291,59.967,124.324,6.932,,1505.516,174.142,17.88,Running,0,8,90.29,13.26,423,162.304,,,,,,,,,
2025-07-27 00:00:00,daily,CP-01,Compressor 01,Compressor,Surface,2.272,57.255,117.429,7.346,,1454.832,170.541,21.53,Running,0,3,92.76,12.14,422,145.211,,,,,,,,,
2025-07-28 00:00:00,daily,CP-01,Compressor 01,Compressor,Surface,2.187,59.842,120.653,6.979,,1402.352,166.947,21.64,Running,0,5,91.24,10.64,423,170.276,,,,,,,,,
2025-07-29 00:00:00,daily,CP-01,Compressor 01,Compressor,Surface,2.474,57.73,119.78,7.114,,1408.357,167.91,18.43,Running,0,4,90.87,10.96,417,175.119,,,,,,,,,
2025-07-30 00:00:00,daily,CP-01,Compressor 01,Compressor,Surface,2.371,58.623,120.229,7.278,,1434.502,155.013,21.71,Running,0,2,91.14,11.93,420,161.254,,,,,,,,,
2025-07-31 00:00:00,daily,CP-01,Compressor 01,Compressor,Surface,2.353,58.178,128.316,7.322,,1392.95,163.78,20.57,Running,0,11,91.88,13.93,414,153.49,,,,,,,,,
2025-08-01 00:00:00,daily,CP-01,Compressor 01,Compressor,Surface,2.679,61.688,108.466,7.19,,1461.743,174.88,16.42,Running,1,9,91.07,15.73,424,183.957,,,,,,,,,
2025-08-02 00:00:00,daily,CP-01,Compressor 01,Compressor,Surface,2.395,59.792,117.807,6.841,,1503.679,157.039,20.8,Running,1,8,87.77,16.93,413,157.772,,,,,,,,,
2025-08-03 00:00:00,daily,CP-01,Compressor 01,Compressor,Surface,2.526,61.255,119.41,6.644,,1426.509,158.692,18.21,Running,0,5,92.38,9.24,418,177.884,,,,,,,,,
2025-08-04 00:00:00,daily,CP-01,Compressor 01,Compressor,Surface,2.359,64.035,118.517,7.064,,1452.581,157.216,16.46,Running,1,0,90.81,15.0,412,148.489,,,,,,,,,
2025-08-05 00:00:00,daily,CP-01,Compressor 01,Compressor,Surface,2.247,59.195,115.844,7.354,,1432.367,166.515,20.38,Running,0,2,91.69,8.29,413,169.711,,,,,,,,,
2025-08-06 00:00:00,daily,CP-01,Compressor 01,Compressor,Surface,2.12,61.672,115.028,7.224,,1424.33,177.761,19.55,Running,0,0,89.92,14.6,413,169.4,,,,,,,,,
2025-08-07 00:00:00,daily,CP-01,Compressor 01,Compressor,Surface,2.354,57.932,127.422,7.173,,1457.088,170.065,22.38,Running,0,7,87.63,17.23,425,174.748,,,,,,,,,
2025-08-08 00:00:00,daily,CP-01,Compressor 01,Compressor,Surface,1.832,61.257,117.822,7.111,,1422.963,145.551,20.03,Running,1,10,86.88,20.95,413,181.566,,,,,,,,,
2025-08-09 00:00:00,daily,CP-01,Compressor 01,Compressor,Surface,2.36,57.753,132.879,7.19,,1417.149,170.984,21.17,Running,0,8,89.0,18.2,409,156.197,,,,,,,,,
2025-08-10 00:00:00,daily,CP-01,Compressor 01,Compressor,Surface,2.368,59.097,121.426,6.864,,1384.703,161.171,20.66,Running,0,7,91.31,10.28,409,170.878,,,,,,,,,
2025-08-11 00:00:00,daily,CP-01,Compressor 01,Compressor,Surface,2.273,60.043,116.523,7.308,,1452.048,169.737,21.64,Running,0,0,92.54,10.78,404,150.12,,,,,,,,,
2025-08-12 00:00:00,daily,CP-01,Compressor 01,Compressor,Surface,2.295,60.313,121.582,7.325,,1492.135,163.81,17.98,Running,1,2,90.92,11.57,409,149.998,,,,,,,,,
2025-08-13 00:00:00,daily,CP-01,Compressor 01,Compressor,Surface,2.087,56.972,118.925,7.025,,1477.736,157.414,20.06,Running,0,8,88.73,15.19,416,158.796,,,,,,,,,
2025-08-14 00:00:00,daily,CP-01,Compressor 01,Compressor,Surface,2.562,57.664,126.328,7.223,,1509.113,164.518,19.41,Running,1,8,89.14,16.44,409,169.664,,,,,,,,,
2025-08-15 00:00:00,daily,CP-01,Compressor 01,Compressor,Surface,2.252,60.18,111.275,6.685,,1422.443,161.191,20.94,Running,1,1,92.55,9.76,411,183.61,,,,,,,,,
2025-08-16 00:00:00,daily,CP-01,Compressor 01,Compressor,Surface,2.138,58.518,107.48,7.159,,1483.445,167.936,20.17,Running,0,12,88.25,16.83,403,185.615,,,,,,,,,
2025-08-17 00:00:00,daily,CP-01,Compressor 01,Compressor,Surface,2.411,56.77,120.458,7.081,,1405.297,157.196,18.5,Running,0,8,93.69,10.75,405,161.266,,,,,,,,,
2025-08-18 00:00:00,daily,CP-01,Compressor 01,Compressor,Surface,2.333,59.028,123.311,7.43,,1477.762,155.05,19.03,Running,0,6,93.31,12.4,406,168.534,,,,,,,,,
2025-08-19 00:00:00,daily,CP-01,Compressor 01,Compressor,Surface,2.249,58.949,120.018,7.065,,1515.148,171.765,22.85,Running,0,0,93.7,9.4,401,175.549,,,,,,,,,
2025-08-20 00:00:00,daily,CP-01,Compressor 01,Compressor,Surface,2.23,59.455,122.342,7.333,,1469.305,175.159,16.43,Running,0,6,90.87,13.02,405,173.598,,,,,,,,,
2025-08-21 00:00:00,daily,CP-01,Compressor 01,Compressor,Surface,2.313,60.056,121.465,7.018,,1515.832,170.403,21.04,Running,0,6,89.69,12.22,405,163.318,,,,,,,,,
2025-08-22 00:00:00,daily,CP-01,Compressor 01,Compressor,Surface,2.557,59.951,109.436,6.544,,1425.399,159.346,22.06,Running,0,5,90.79,16.07,404,166.022,,,,,,,,,
2025-08-23 00:00:00,daily,CP-01,Compressor 01,Compressor,Surface,2.399,57.856,120.011,7.06,,1443.968,158.528,20.79,Running,0,9,91.65,12.68,400,163.976,,,,,,,,,
2025-08-24 00:00:00,daily,CP-01,Compressor 01,Compressor,Surface,2.309,58.466,126.229,7.166,,1412.699,159.049,23.46,Running,1,6,89.13,15.49,404,162.899,,,,,,,,,
2025-08-25 00:00:00,daily,CP-01,Compressor 01,Compressor,Surface,2.469,60.744,119.365,7.154,,1450.707,173.208,21.48,Running,0,15,88.39,16.43,398,161.439,,,,,,,,,
2025-08-26 00:00:00,daily,CP-01,Compressor 01,Compressor,Surface,2.32,58.246,110.48,7.159,,1460.092,157.772,20.42,Running,0,9,89.67,15.18,397,163.882,,,,,,,,,
2025-08-27 00:00:00,daily,CP-01,Compressor 01,Compressor,Surface,2.388,58.501,116.342,6.991,,1450.335,173.157,18.78,Running,1,8,88.87,17.13,403,160.737,,,,,,,,,
2025-08-28 00:00:00,daily,CP-01,Compressor 01,Compressor,Surface,2.343,56.618,121.691,7.037,,1430.317,170.936,20.45,Running,0,8,92.07,12.9,392,152.715,,,,,,,,,
2025-08-29 00:00:00,daily,CP-01,Compressor 01,Compressor,Surface,2.422,59.129,129.13,6.836,,1429.643,176.347,20.99,Running,1,14,89.07,18.52,389,174.696,,,,,,,,,
2025-08-30 00:00:00,daily,CP-01,Compressor 01,Compressor,Surface,2.236,59.768,106.623,6.619,,1463.067,174.779,19.69,Running,0,9,90.19,14.22,392,170.889,,,,,,,,,
2025-08-31 00:00:00,daily,CP-01,Compressor 01,Compressor,Surface,2.112,55.825,120.534,7.092,,1442.877,170.098,18.25,Running,0,6,91.59,15.29,396,185.856,,,,,,,,,
2025-09-01 00:00:00,daily,CP-01,Compressor 01,Compressor,Surface,2.48,57.367,112.779,6.932,,1403.165,151.999,17.37,Running,1,3,92.04,13.26,399,169.282,,,,,,,,,
2025-09-02 00:00:00,daily,CP-01,Compressor 01,Compressor,Surface,2.588,56.772,121.424,7.389,,1373.335,170.711,20.04,Running,1,2,90.3,13.46,390,160.634,,,,,,,,,
2025-09-03 00:00:00,daily,CP-01,Compressor 01,Compressor,Surface,2.121,60.532,121.91,6.574,,1425.395,166.263,16.84,Running,0,0,90.56,9.88,399,158.333,,,,,,,,,
2025-09-04 00:00:00,daily,CP-01,Compressor 01,Compressor,Surface,2.35,55.944,116.99,7.192,,1393.912,161.867,18.77,Running,0,7,88.3,16.56,391,165.748,,,,,,,,,
2025-09-05 00:00:00,daily,CP-01,Compressor 01,Compressor,Surface,2.237,59.064,122.184,7.65,,1415.769,177.49,15.01,Running,0,5,91.54,14.96,390,171.312,,,,,,,,,
2025-09-06 00:00:00,daily,CP-01,Compressor 01,Compressor,Surface,2.477,60.421,125.24,7.074,,1432.248,163.871,21.28,Running,0,3,91.9,9.79,386,162.541,,,,,,,,,
2025-09-07 00:00:00,daily,CP-01,Compressor 01,Compressor,Surface,2.363,59.522,117.419,7.12,,1443.324,160.472,21.9,Running,1,12,86.86,18.56,397,149.064,,,,,,,,,
2025-09-08 00:00:00,daily,CP-01,Compressor 01,Compressor,Surface,2.918,58.458,110.389,7.227,,1422.517,175.356,19.83,Running,0,4,92.65,10.62,387,157.111,,,,,,,,,
2025-09-09 00:00:00,daily,CP-01,Compressor 01,Compressor,Surface,2.265,59.798,126.971,7.247,,1536.793,161.597,23.2,Running,1,15,88.69,17.72,382,165.441,,,,,,,,,
2025-09-10 00:00:00,daily,CP-01,Compressor 01,Compressor,Surface,2.596,60.974,123.395,7.019,,1398.689,160.031,22.27,Running,0,3,90.74,12.19,396,173.39,,,,,,,,,
2025-09-11 00:00:00,daily,CP-01,Compressor 01,Compressor,Surface,2.614,59.032,121.811,6.869,,1497.49,155.106,20.6,Running,0,2,89.89,12.42,387,148.906,,,,,,,,,
2025-09-12 00:00:00,daily,CP-01,Compressor 01,Compressor,Surface,2.416,55.411,114.289,7.285,,1442.607,157.872,19.46,Running,0,1,89.64,15.64,388,168.169,,,,,,,,,
2025-09-13 00:00:00,daily,CP-01,Compressor 01,Compressor,Surface,2.327,61.171,124.353,6.645,,1422.797,158.647,19.01,Running,0,8,89.39,13.37,391,167.689,,,,,,,,,
2025-09-14 00:00:00,daily,CP-01,Compressor 01,Compressor,Surface,2.337,59.904,130.701,7.33,,1472.589,170.849,20.76,Running,0,9,88.11,12.98,386,160.293,,,,,,,,,
2025-09-15 00:00:00,daily,CP-01,Compressor 01,Compressor,Surface,2.322,59.17,117.724,7.025,,1430.959,156.092,19.41,Running,0,4,90.51,16.97,386,158.807,,,,,,,,,
2025-09-16 00:00:00,daily,CP-01,Compressor 01,Compressor,Surface,2.525,55.862,119.025,7.124,,1416.783,148.546,20.73,Running,0,2,89.19,16.99,382,157.167,,,,,,,,,
2025-09-17 00:00:00,daily,CP-01,Compressor 01,Compressor,Surface,2.164,58.725,112.073,6.992,,1520.642,167.999,20.88,Running,1,17,87.53,21.22,384,166.819,,,,,,,,,
2025-09-18 00:00:00,daily,CP-01,Compressor 01,Compressor,Surface,2.292,57.747,114.153,7.481,,1361.259,159.568,19.24,Running,0,1,87.95,18.62,380,177.669,,,,,,,,,
2025-09-19 00:00:00,daily,CP-01,Compressor 01,Compressor,Surface,2.271,57.17,112.028,7.186,,1439.231,165.131,21.78,Running,1,12,87.51,18.84,379,178.453,,,,,,,,,
2025-09-20 00:00:00,daily,CP-01,Compressor 01,Compressor,Surface,2.011,59.009,119.267,7.044,,1456.616,176.822,19.24,Running,0,4,88.72,16.53,379,152.917,,,,,,,,,
2025-09-21 00:00:00,daily,CP-01,Compressor 01,Compressor,Surface,2.477,58.333,116.443,7.037,,1505.322,165.928,19.72,Running,0,7,90.31,13.19,376,163.227,,,,,,,,,
2025-09-22 00:00:00,daily,CP-01,Compressor 01,Compressor,Surface,2.514,58.448,120.731,7.088,,1433.051,178.874,17.8,Running,0,12,88.37,17.3,379,141.159,,,,,,,,,
2025-09-23 00:00:00,daily,CP-01,Compressor 01,Compressor,Surface,2.209,60.507,113.148,7.724,,1555.417,164.678,19.16,Running,1,6,91.05,11.42,378,166.492,,,,,,,,,
2025-09-24 00:00:00,daily,CP-01,Compressor 01,Compressor,Surface,2.508,59.687,117.501,6.796,,1479.329,174.357,23.82,Running,1,4,89.27,12.88,379,171.869,,,,,,,,,
2025-09-25 00:00:00,daily,CP-01,Compressor 01,Compressor,Surface,2.038,58.414,112.791,7.396,,1354.26,160.371,17.95,Running,0,11,88.98,14.76,377,182.579,,,,,,,,,
2025-09-26 00:00:00,daily,CP-01,Compressor 01,Compressor,Surface,2.328,58.201,119.643,7.268,,1390.792,166.271,20.52,Running,1,8,89.45,17.36,382,145.651,,,,,,,,,
2025-09-27 00:00:00,daily,CP-01,Compressor 01,Compressor,Surface,2.301,58.489,108.73,7.511,,1458.404,156.909,18.81,Running,0,12,91.63,9.26,377,153.337,,,,,,,,,
2025-09-28 00:00:00,daily,CP-01,Compressor 01,Compressor,Surface,2.34,58.844,119.44,7.284,,1403.159,157.981,15.43,Running,1,0,87.18,15.52,371,166.894,,,,,,,,,
2025-09-29 00:00:00,daily,CP-01,Compressor 01,Compressor,Surface,2.339,60.261,116.864,7.128,,1470.815,163.291,20.75,Running,0,0,92.0,12.38,373,147.51,,,,,,,,,
2025-09-30 00:00:00,daily,CP-01,Compressor 01,Compressor,Surface,2.311,57.499,119.628,7.382,,1430.74,153.359,18.61,Running,0,8,90.86,11.96,376,167.21,,,,,,,,,
2025-10-01 00:00:00,daily,CP-01,Compressor 01,Compressor,Surface,2.255,61.754,108.635,7.185,,1401.035,166.754,20.29,Running,0,6,89.27,16.0,366,172.173,,,,,,,,,
2025-10-02 00:00:00,daily,CP-01,Compressor 01,Compressor,Surface,2.306,60.272,122.483,7.317,,1410.28,162.598,21.58,Running,1,9,91.17,14.34,377,151.229,,,,,,,,,
2025-10-03 00:00:00,daily,CP-01,Compressor 01,Compressor,Surface,2.571,54.626,116.769,7.485,,1482.927,167.438,20.13,Running,1,2,88.74,16.69,365,166.785,,,,,,,,,
2025-10-04 00:00:00,daily,CP-01,Compressor 01,Compressor,Surface,2.222,59.429,119.87,7.152,,1367.92,153.512,20.31,Running,0,5,89.69,13.17,371,151.996,,,,,,,,,
2025-10-05 00:00:00,daily,CP-01,Compressor 01,Compressor,Surface,2.732,61.056,107.353,7.023,,1490.636,171.65,18.01,Running,0,10,88.34,18.88,367,180.464,,,,,,,,,
2025-10-06 00:00:00,daily,CP-01,Compressor 01,Compressor,Surface,2.212,59.951,111.124,6.968,,1491.794,180.616,21.04,Running,1,4,90.73,14.46,366,167.611,,,,,,,,,
2025-10-07 00:00:00,daily,CP-01,Compressor 01,Compressor,Surface,2.37,58.592,116.245,7.242,,1435.543,178.72,19.32,Running,1,8,88.03,16.81,360,158.301,,,,,,,,,
2025-10-08 00:00:00,daily,CP-01,Compressor 01,Compressor,Surface,2.43,59.192,126.846,6.91,,1392.609,182.48,15.84,Running,0,1,89.06,15.28,368,151.726,,,,,,,,,
2025-10-09 00:00:00,daily,CP-01,Compressor 01,Compressor,Surface,2.275,59.603,121.763,7.043,,1471.008,165.731,21.27,Running,0,7,90.2,14.46,358,169.63,,,,,,,,,
2025-10-10 00:00:00,daily,CP-01,Compressor 01,Compressor,Surface,2.576,60.611,119.385,6.888,,1429.306,162.182,21.86,Running,1,9,90.77,12.3,357,180.29,,,,,,,,,
2025-10-11 00:00:00,daily,CP-01,Compressor 01,Compressor,Surface,2.426,56.9,113.066,7.258,,1388.143,169.745,22.52,Running,0,1,87.76,13.88,367,156.87,,,,,,,,,
2025-10-12 00:00:00,daily,CP-01,Compressor 01,Compressor,Surface,2.291,58.28,111.98,6.943,,1525.1,163.216,23.85,Running,1,1,90.25,15.15,368,160.524,,,,,,,,,
2025-10-13 00:00:00,daily,CP-01,Compressor 01,Compressor,Surface,2.575,62.098,120.284,6.81,,1413.345,149.7,21.17,Running,0,13,87.45,18.95,358,157.09,,,,,,,,,
2025-10-14 00:00:00,daily,CP-01,Compressor 01,Compressor,Surface,2.146,59.371,122.835,6.854,,1389.822,172.741,20.67,Running,0,1,85.56,15.62,364,182.478,,,,,,,,,
2025-10-15 00:00:00,daily,CP-01,Compressor 01,Compressor,Surface,2.227,61.916,119.891,6.989,,1460.097,163.262,21.78,Running,0,11,87.78,18.13,362,144.376,,,,,,,,,
2025-10-16 00:00:00,daily,CP-01,Compressor 01,Compressor,Surface,2.431,64.397,128.901,7.012,,1445.967,152.169,17.98,Running,0,7,90.29,17.11,358,179.517,,,,,,,,,
2025-10-17 00:00:00,daily,CP-01,Compressor 01,Compressor,Surface,2.474,58.489,114.556,7.195,,1508.116,160.804,16.47,Running,0,4,88.91,13.27,363,161.23,,,,,,,,,
2025-10-18 00:00:00,daily,CP-01,Compressor 01,Compressor,Surface,2.388,57.293,119.733,7.093,,1433.434,163.478,18.76,Running,1,13,88.05,16.59,356,164.595,,,,,,,,,
2025-10-19 00:00:00,daily,CP-01,Compressor 01,Compressor,Surface,2.307,58.88,108.504,7.226,,1433.843,165.493,22.13,Running,1,10,88.97,15.08,358,161.64,,,,,,,,,
2025-10-20 00:00:00,daily,CP-01,Compressor 01,Compressor,Surface,2.285,61.203,119.936,7.246,,1462.037,165.605,18.41,Running,0,9,88.89,18.87,350,168.026,,,,,,,,,
2025-10-21 00:00:00,daily,CP-01,Compressor 01,Compressor,Surface,2.534,61.444,127.493,7.319,,1456.595,177.715,20.57,Running,0,0,89.83,16.48,349,157.366,,,,,,,,,
2025-10-22 00:00:00,daily,CP-01,Compressor 01,Compressor,Surface,2.374,63.204,112.434,6.657,,1457.803,153.801,20.78,Running,0,10,86.23,17.52,358,177.04,,,,,,,,,
2025-10-23 00:00:00,daily,CP-01,Compressor 01,Compressor,Surface,2.174,59.282,123.742,6.853,,1459.466,164.033,20.15,Running,1,2,88.62,16.61,355,177.491,,,,,,,,,
2025-10-24 00:00:00,daily,CP-01,Compressor 01,Compressor,Surface,2.164,60.178,127.343,7.274,,1455.159,157.495,17.23,Running,1,7,88.96,20.06,351,154.588,,,,,,,,,
2025-10-25 00:00:00,daily,CP-01,Compressor 01,Compressor,Surface,2.604,58.141,114.565,7.188,,1431.901,176.715,20.34,Running,0,7,86.55,17.57,359,172.752,,,,,,,,,
2025-10-26 00:00:00,daily,CP-01,Compressor 01,Compressor,Surface,2.203,55.093,121.511,7.38,,1481.854,160.36,18.87,Running,1,16,86.51,18.87,358,161.492,,,,,,,,,
2025-10-27 00:00:00,daily,CP-01,Compressor 01,Compressor,Surface,2.382,59.291,128.194,6.75,,1434.137,162.323,22.95,Running,0,6,88.11,17.68,351,165.985,,,,,,,,,
2025-10-28 00:00:00,daily,CP-01,Compressor 01,Compressor,Surface,2.576,57.4,120.106,7.017,,1480.693,174.868,21.86,Running,1,1,88.68,14.63,343,182.198,,,,,,,,,
2025-10-29 00:00:00,daily,CP-01,Compressor 01,Compressor,Surface,2.431,60.459,123.45,7.062,,1504.016,177.348,18.94,Running,1,15,88.66,19.4,347,158.011,,,,,,,,,
2025-10-30 00:00:00,daily,CP-01,Compressor 01,Compressor,Surface,2.197,56.17,108.093,7.179,,1421.39,178.683,23.07,Running,0,9,87.73,16.23,344,175.621,,,,,,,,,
2025-10-31 00:00:00,daily,CP-01,Compressor 01,Compressor,Surface,2.151,58.115,122.326,7.146,,1544.657,150.645,20.34,Running,1,9,87.64,14.52,347,170.461,,,,,,,,,
2025-11-01 00:00:00,daily,CP-01,Compressor 01,Compressor,Surface,2.671,59.83,121.853,7.255,,1419.96,169.783,16.47,Running,0,12,87.94,15.83,342,163.303,,,,,,,,,
2025-11-02 00:00:00,daily,CP-01,Compressor 01,Compressor,Surface,2.147,60.011,110.799,7.109,,1420.235,167.872,19.53,Running,1,14,89.03,16.67,340,169.482,,,,,,,,,
2025-11-03 00:00:00,daily,CP-01,Compressor 01,Compressor,Surface,2.235,59.301,112.978,7.481,,1470.036,164.984,22.82,Running,0,2,90.52,11.68,335,168.177,,,,,,,,,
2025-11-04 00:00:00,daily,CP-01,Compressor 01,Compressor,Surface,2.402,62.56,122.394,7.561,,1466.085,166.048,18.11,Running,1,1,84.95,21.68,344,152.707,,,,,,,,,
2025-11-05 00:00:00,daily,CP-01,Compressor 01,Compressor,Surface,2.296,62.057,116.961,6.859,,1451.281,177.025,19.55,Running,1,10,89.47,15.86,333,158.779,,,,,,,,,
2025-11-06 00:00:00,daily,CP-01,Compressor 01,Compressor,Surface,2.439,58.229,125.456,7.151,,1481.124,174.804,17.07,Running,1,5,88.28,14.0,340,153.959,,,,,,,,,
2025-11-07 00:00:00,daily,CP-01,Compressor 01,Compressor,Surface,2.072,62.131,120.655,7.339,,1458.485,173.533,17.37,Running,1,5,89.27,13.89,343,162.418,,,,,,,,,
2025-11-08 00:00:00,daily,CP-01,Compressor 01,Compressor,Surface,2.298,62.395,119.137,7.286,,1530.996,167.327,18.08,Running,0,2,90.3,14.27,337,180.26,,,,,,,,,
2025-11-09 00:00:00,daily,CP-01,Compressor 01,Compressor,Surface,2.459,59.192,117.782,7.038,,1446.223,185.904,17.32,Running,0,11,87.17,19.36,335,171.86,,,,,,,,,
2025-11-10 00:00:00,daily,CP-01,Compressor 01,Compressor,Surface,2.46,59.483,120.568,7.204,,1414.158,161.867,18.49,Running,0,7,89.87,13.11,338,149.714,,,,,,,,,
2025-11-11 00:00:00,daily,CP-01,Compressor 01,Compressor,Surface,2.234,59.323,123.636,6.745,,1426.255,150.933,23.02,Running,0,7,86.33,19.45,334,162.47,,,,,,,,,
2025-11-12 00:00:00,daily,CP-01,Compressor 01,Compressor,Surface,2.154,58.316,122.029,7.137,,1467.162,163.094,19.61,Running,0,1,88.51,15.51,337,168.051,,,,,,,,,
2025-11-13 00:00:00,daily,CP-01,Compressor 01,Compressor,Surface,2.376,58.489,116.294,6.777,,1467.733,166.005,21.19,Running,0,13,87.9,18.4,332,173.67,,,,,,,,,
2025-11-14 00:00:00,daily,CP-01,Compressor 01,Compressor,Surface,2.102,61.663,126.276,7.269,,1456.54,177.218,21.78,Running,0,8,88.34,17.37,335,158.331,,,,,,,,,
2025-11-15 00:00:00,daily,CP-01,Compressor 01,Compressor,Surface,2.57,60.167,122.793,6.863,,1414.286,160.894,17.55,Running,0,12,86.65,17.94,333,151.881,,,,,,,,,
2025-11-16 00:00:00,daily,CP-01,Compressor 01,Compressor,Surface,2.367,58.485,121.165,7.184,,1492.598,169.918,18.08,Running,0,0,88.91,16.48,333,164.877,,,,,,,,,
2025-11-17 00:00:00,daily,CP-01,Compressor 01,Compressor,Surface,2.214,57.856,119.411,7.223,,1525.717,152.206,21.15,Running,0,5,90.73,12.16,339,171.761,,,,,,,,,
2025-11-18 00:00:00,daily,CP-01,Compressor 01,Compressor,Surface,2.15,58.145,121.868,7.162,,1449.392,175.238,18.46,Running,1,4,86.61,19.66,333,168.089,,,,,,,,,
2025-11-19 00:00:00,daily,CP-01,Compressor 01,Compressor,Surface,2.226,59.159,107.885,6.986,,1520.633,166.124,21.02,Running,1,7,88.44,17.12,333,155.778,,,,,,,,,
2025-11-20 00:00:00,daily,CP-01,Compressor 01,Compressor,Surface,2.059,60.993,120.33,7.092,,1482.844,162.989,22.9,Running,0,12,89.49,19.46,328,184.815,,,,,,,,,
2025-11-21 00:00:00,daily,CP-01,Compressor 01,Compressor,Surface,2.429,57.982,128.73,7.44,,1536.927,184.703,16.89,Running,1,8,87.62,16.66,330,164.431,,,,,,,,,
2025-11-22 00:00:00,daily,CP-01,Compressor 01,Compressor,Surface,2.196,60.981,120.216,7.039,,1467.071,175.151,18.99,Running,0,5,90.24,13.37,328,167.653,,,,,,,,,
2025-11-23 00:00:00,daily,CP-01,Compressor 01,Compressor,Surface,2.413,59.786,119.404,7.151,,1453.615,156.168,19.3,Running,0,7,87.36,16.41,328,158.245,,,,,,,,,
2025-11-24 00:00:00,daily,CP-01,Compressor 01,Compressor,Surface,2.438,59.698,115.335,7.006,,1481.832,164.546,18.67,Running,0,0,87.83,14.97,330,177.702,,,,,,,,,
2025-11-25 00:00:00,daily,CP-01,Compressor 01,Compressor,Surface,2.516,61.203,121.874,7.401,,1430.778,190.161,18.51,Running,1,3,86.41,18.12,324,171.825,,,,,,,,,
2025-11-26 00:00:00,daily,CP-01,Compressor 01,Compressor,Surface,2.387,60.896,117.754,7.166,,1464.391,183.348,18.74,Running,0,12,88.17,17.89,324,169.0,,,,,,,,,
2025-11-27 00:00:00,daily,CP-01,Compressor 01,Compressor,Surface,2.545,57.078,126.788,6.956,,1501.32,173.85,19.65,Running,1,5,87.95,18.34,323,152.875,,,,,,,,,
2025-11-28 00:00:00,daily,CP-01,Compressor 01,Compressor,Surface,2.592,57.627,113.757,7.149,,1480.857,148.924,20.0,Running,1,11,88.94,16.08,322,177.581,,,,,,,,,
2025-11-29 00:00:00,daily,CP-01,Compressor 01,Compressor,Surface,2.39,59.083,116.232,7.087,,1446.824,177.541,21.51,Running,0,11,86.88,17.78,324,173.877,,,,,,,,,
2025-11-30 00:00:00,daily,CP-01,Compressor 01,Compressor,Surface,2.401,60.082,115.348,7.496,,1456.064,159.839,19.63,Running,1,11,86.78,17.52,321,176.72,,,,,,,,,
2025-12-01 00:00:00,daily,CP-01,Compressor 01,Compressor,Surface,2.243,61.8,129.968,7.137,,1478.339,177.471,21.83,Running,0,7,88.59,14.14,328,165.967,,,,,,,,,
2025-12-02 00:00:00,daily,CP-01,Compressor 01,Compressor,Surface,2.166,59.595,117.829,6.803,,1476.995,159.06,18.54,Running,0,4,90.06,12.8,332,164.741,,,,,,,,,
2025-12-03 00:00:00,daily,CP-01,Compressor 01,Compressor,Surface,2.575,62.384,115.687,7.274,,1478.005,169.968,17.37,Running,1,5,88.81,13.08,318,163.565,,,,,,,,,
2025-12-04 00:00:00,daily,CP-01,Compressor 01,Compressor,Surface,2.454,58.29,106.439,7.596,,1461.565,159.81,19.09,Running,1,9,90.73,15.69,320,190.641,,,,,,,,,
2025-12-05 00:00:00,daily,CP-01,Compressor 01,Compressor,Surface,2.469,58.581,113.522,7.449,,1414.991,162.307,20.57,Running,0,0,88.64,19.58,323,159.61,,,,,,,,,
2025-12-06 00:00:00,daily,CP-01,Compressor 01,Compressor,Surface,2.239,58.979,122.165,6.874,,1421.351,171.181,21.33,Running,0,9,88.56,12.15,317,152.532,,,,,,,,,
2025-12-07 00:00:00,daily,CP-01,Compressor 01,Compressor,Surface,2.638,58.113,122.148,7.083,,1466.389,153.715,22.48,Running,1,4,88.79,16.27,313,161.48,,,,,,,,,
2025-12-08 00:00:00,daily,CP-01,Compressor 01,Compressor,Surface,2.305,61.477,115.105,7.143,,1481.186,186.941,20.24,Running,0,5,90.06,14.46,323,159.725,,,,,,,,,
2025-12-09 00:00:00,daily,CP-01,Compressor 01,Compressor,Surface,2.202,54.801,115.445,7.146,,1475.99,156.349,21.13,Running,0,6,89.63,14.93,318,179.452,,,,,,,,,
2025-12-10 00:00:00,daily,CP-01,Compressor 01,Compressor,Surface,2.243,58.657,130.186,7.247,,1420.888,155.85,22.31,Running,1,7,85.89,18.56,316,150.682,,,,,,,,,
2025-12-11 00:00:00,daily,CP-01,Compressor 01,Compressor,Surface,2.63,61.469,135.212,7.066,,1441.835,171.229,18.18,Running,1,1,88.89,17.6,320,159.428,,,,,,,,,
2025-12-12 00:00:00,daily,CP-01,Compressor 01,Compressor,Surface,2.147,58.99,125.94,6.923,,1400.896,177.234,19.28,Running,1,8,88.01,17.61,316,167.703,,,,,,,,,
2025-12-13 00:00:00,daily,CP-01,Compressor 01,Compressor,Surface,2.213,61.348,128.405,7.391,,1392.194,162.698,24.0,Running,1,11,87.25,19.92,312,179.562,,,,,,,,,
2025-12-14 00:00:00,daily,CP-01,Compressor 01,Compressor,Surface,2.87,63.264,129.685,6.872,,1451.095,155.972,21.32,Running,1,0,84.7,19.95,307,173.46,,,,,,,,,
2025-12-15 00:00:00,daily,CP-01,Compressor 01,Compressor,Surface,2.518,59.669,132.351,6.953,,1502.147,157.319,20.66,Running,0,1,85.04,18.17,309,183.429,,,,,,,,,
2025-12-16 00:00:00,daily,CP-01,Compressor 01,Compressor,Surface,2.217,61.523,117.26,6.871,,1451.798,156.354,21.4,Running,1,12,86.9,19.21,315,169.428,,,,,,,,,
2025-12-17 00:00:00,daily,CP-01,Compressor 01,Compressor,Surface,2.154,63.652,113.809,7.307,,1524.116,168.402,17.12,Running,0,11,85.11,18.91,312,163.389,,,,,,,,,
2025-12-18 00:00:00,daily,CP-01,Compressor 01,Compressor,Surface,2.048,60.227,130.087,7.181,,1441.211,165.003,18.44,Running,0,10,86.88,20.47,307,175.044,,,,,,,,,
2025-12-19 00:00:00,daily,CP-01,Compressor 01,Compressor,Surface,2.367,59.465,113.308,7.376,,1449.008,169.47,17.74,Running,1,3,88.55,11.77,314,150.599,,,,,,,,,
2025-12-20 00:00:00,daily,CP-01,Compressor 01,Compressor,Surface,2.481,61.085,112.93,6.959,,1408.104,168.926,20.48,Running,0,10,86.45,18.03,306,146.833,,,,,,,,,
2025-12-21 00:00:00,daily,CP-01,Compressor 01,Compressor,Surface,2.624,61.568,113.075,6.842,,1433.839,173.065,18.97,Running,1,2,87.49,16.28,310,176.385,,,,,,,,,
2025-12-22 00:00:00,daily,CP-01,Compressor 01,Compressor,Surface,2.01,59.492,118.328,7.045,,1400.115,161.961,19.86,Running,1,7,85.62,19.46,306,167.967,,,,,,,,,
2025-12-23 00:00:00,daily,CP-01,Compressor 01,Compressor,Surface,2.113,58.74,107.218,7.111,,1385.884,159.011,19.08,Running,0,1,87.79,17.62,312,176.259,,,,,,,,,
2025-12-24 00:00:00,daily,CP-01,Compressor 01,Compressor,Surface,2.33,62.486,110.533,7.209,,1400.764,167.066,16.56,Running,0,6,88.1,17.45,306,156.283,,,,,,,,,
2025-12-25 00:00:00,daily,CP-01,Compressor 01,Compressor,Surface,2.854,59.11,115.406,6.737,,1451.077,165.169,21.38,Running,1,3,84.98,22.3,303,179.797,,,,,,,,,
2025-12-26 00:00:00,daily,CP-01,Compressor 01,Compressor,Surface,2.512,61.603,111.972,7.277,,1418.182,167.945,16.3,Running,1,12,86.03,21.06,301,173.042,,,,,,,,,
2025-12-27 00:00:00,daily,CP-01,Compressor 01,Compressor,Surface,2.42,60.024,125.529,6.934,,1427.64,159.267,18.28,Running,0,10,85.18,20.4,301,165.331,,,,,,,,,
2025-12-28 00:00:00,daily,CP-01,Compressor 01,Compressor,Surface,2.132,62.687,119.202,6.996,,1464.014,171.457,17.15,Running,1,5,88.0,21.02,297,167.958,,,,,,,,,
2025-12-29 00:00:00,daily,CP-01,Compressor 01,Compressor,Surface,1.972,58.142,122.632,7.452,,1385.651,155.076,17.99,Running,1,14,87.42,20.38,294,169.498,,,,,,,,,
2025-12-30 00:00:00,daily,CP-01,Compressor 01,Compressor,Surface,2.361,58.142,121.983,6.613,,1450.829,161.723,20.07,Running,0,3,87.06,17.5,300,156.262,,,,,,,,,
2025-12-31 00:00:00,daily,CP-01,Compressor 01,Compressor,Surface,2.336,61.045,117.945,7.24,,1481.495,175.852,22.05,Running,1,7,86.91,18.06,296,161.456,,,,,,,,,
2026-01-01 00:00:00,daily,CP-01,Compressor 01,Compressor,Surface,2.306,57.675,125.122,7.24,,1484.938,155.513,16.68,Running,0,4,87.6,16.69,295,169.338,,,,,,,,,
2026-01-02 00:00:00,daily,CP-01,Compressor 01,Compressor,Surface,2.286,59.799,121.914,6.956,,1468.203,175.152,18.61,Running,0,11,87.61,18.07,296,161.023,,,,,,,,,
2026-01-03 00:00:00,daily,CP-01,Compressor 01,Compressor,Surface,2.22,62.237,117.299,7.049,,1445.437,153.022,16.32,Running,0,10,86.24,17.31,296,149.541,,,,,,,,,
2026-01-04 00:00:00,daily,CP-01,Compressor 01,Compressor,Surface,2.179,56.574,109.113,7.466,,1422.559,151.442,18.52,Running,1,13,86.0,18.03,295,168.953,,,,,,,,,
2026-01-05 00:00:00,daily,CP-01,Compressor 01,Compressor,Surface,2.606,60.296,122.348,7.652,,1444.198,152.269,19.82,Running,1,6,86.89,14.02,301,174.91,,,,,,,,,
2026-01-06 00:00:00,daily,CP-01,Compressor 01,Compressor,Surface,2.196,61.676,111.664,7.428,,1513.615,166.769,21.15,Running,0,0,86.66,17.88,296,177.472,,,,,,,,,
2026-01-07 00:00:00,daily,CP-01,Compressor 01,Compressor,Surface,2.307,59.576,121.522,7.634,,1458.383,172.289,15.61,Running,1,5,90.23,15.8,301,171.578,,,,,,,,,
2026-01-08 00:00:00,daily,CP-01,Compressor 01,Compressor,Surface,2.35,58.048,119.721,6.99,,1443.169,177.36,20.74,Running,1,15,86.3,18.88,290,174.728,,,,,,,,,
2026-01-09 00:00:00,daily,CP-01,Compressor 01,Compressor,Surface,2.484,59.181,111.094,6.768,,1469.976,176.647,17.81,Running,1,6,87.35,17.52,294,176.594,,,,,,,,,
2026-01-10 00:00:00,daily,CP-01,Compressor 01,Compressor,Surface,2.204,58.206,120.814,7.15,,1449.401,173.501,17.34,Running,1,0,87.61,17.91,288,166.612,,,,,,,,,
2026-01-11 00:00:00,daily,CP-01,Compressor 01,Compressor,Surface,2.534,59.753,120.419,7.365,,1456.428,158.255,19.81,Running,0,7,89.08,13.29,287,142.433,,,,,,,,,
2026-01-12 00:00:00,daily,CP-01,Compressor 01,Compressor,Surface,2.254,59.169,120.449,6.7,,1437.511,158.181,20.88,Running,1,11,85.51,20.33,297,178.503,,,,,,,,,
2026-01-13 00:00:00,daily,CP-01,Compressor 01,Compressor,Surface,2.329,58.771,120.169,6.933,,1430.766,172.84,19.49,Running,0,4,88.93,17.28,285,155.923,,,,,,,,,
2026-01-14 00:00:00,daily,CP-01,Compressor 01,Compressor,Surface,2.655,60.44,115.381,6.961,,1487.187,178.546,17.58,Running,1,7,86.53,19.48,278,153.315,,,,,,,,,
2026-01-15 00:00:00,daily,CP-01,Compressor 01,Compressor,Surface,2.185,62.336,122.853,7.254,,1369.317,156.479,19.49,Running,0,3,90.74,14.92,283,153.622,,,,,,,,,
2026-01-16 00:00:00,daily,CP-01,Compressor 01,Compressor,Surface,2.489,60.213,115.185,7.223,,1466.459,177.41,18.29,Running,1,11,87.29,20.32,277,193.094,,,,,,,,,
2026-01-17 00:00:00,daily,CP-01,Compressor 01,Compressor,Surface,2.541,61.944,112.871,6.972,,1428.229,148.485,20.84,Running,1,9,84.72,22.72,281,170.615,,,,,,,,,
2026-01-18 00:00:00,daily,CP-01,Compressor 01,Compressor,Surface,2.416,62.347,123.375,7.211,,1371.074,169.282,21.74,Running,1,2,86.35,17.69,280,154.315,,,,,,,,,
2026-01-19 00:00:00,daily,CP-01,Compressor 01,Compressor,Surface,2.34,58.67,124.954,6.881,,1408.282,164.844,21.62,Running,1,6,88.78,15.03,283,158.26,,,,,,,,,
2026-01-20 00:00:00,daily,CP-01,Compressor 01,Compressor,Surface,2.744,60.139,122.98,7.061,,1445.808,163.945,19.64,Running,1,5,86.74,22.42,274,165.774,,,,,,,,,
2026-01-21 00:00:00,daily,CP-01,Compressor 01,Compressor,Surface,2.359,58.953,118.108,6.852,,1451.292,166.069,21.84,Running,1,15,86.49,19.54,286,171.754,,,,,,,,,
2026-01-22 00:00:00,daily,CP-01,Compressor 01,Compressor,Surface,2.399,57.16,107.722,7.131,,1476.817,158.108,17.72,Running,0,11,87.71,17.57,273,168.864,,,,,,,,,
2026-01-23 00:00:00,daily,CP-01,Compressor 01,Compressor,Surface,2.302,60.288,128.257,6.968,,1479.521,169.811,23.1,Running,0,7,85.98,17.9,279,155.582,,,,,,,,,
2026-01-24 00:00:00,daily,CP-01,Compressor 01,Compressor,Surface,2.39,57.899,107.644,7.342,,1385.315,166.347,17.71,Running,1,8,86.17,19.17,278,169.29,,,,,,,,,
2026-01-25 00:00:00,daily,CP-01,Compressor 01,Compressor,Surface,2.536,60.515,122.899,7.163,,1462.268,174.224,15.78,Running,1,15,84.97,22.47,281,159.083,,,,,,,,,
2026-01-26 00:00:00,daily,CP-01,Compressor 01,Compressor,Surface,2.314,57.051,132.053,7.113,,1476.293,180.124,22.3,Running,1,5,89.23,15.11,279,177.327,,,,,,,,,
2026-01-27 00:00:00,daily,CP-01,Compressor 01,Compressor,Surface,1.984,59.99,120.296,7.612,,1455.891,166.958,18.32,Running,1,12,84.48,20.69,281,166.435,,,,,,,,,
2026-01-28 00:00:00,daily,CP-01,Compressor 01,Compressor,Surface,2.456,57.033,121.155,7.266,,1467.215,158.452,19.9,Running,1,14,86.68,18.07,274,157.467,,,,,,,,,
2026-01-29 00:00:00,daily,CP-01,Compressor 01,Compressor,Surface,2.17,60.853,121.691,7.079,,1369.8,155.584,17.7,Running,1,6,87.15,20.37,273,173.403,,,,,,,,,
2026-01-30 00:00:00,daily,CP-01,Compressor 01,Compressor,Surface,2.498,59.043,120.613,7.025,,1407.476,181.114,24.0,Running,0,17,86.34,20.46,276,170.045,,,,,,,,,
2026-01-31 00:00:00,daily,CP-01,Compressor 01,Compressor,Surface,2.365,58.883,133.535,6.876,,1501.71,179.968,23.18,Running,1,17,84.33,23.01,277,160.611,,,,,,,,,
2026-02-01 00:00:00,daily,CP-01,Compressor 01,Compressor,Surface,2.535,61.635,114.381,7.156,,1435.863,173.825,22.65,Running,1,10,84.71,22.29,276,173.87,,,,,,,,,
2026-02-02 00:00:00,daily,CP-01,Compressor 01,Compressor,Surface,2.195,59.177,113.636,7.25,,1535.958,166.382,19.85,Running,1,5,87.12,15.67,273,172.764,,,,,,,,,
2026-02-03 00:00:00,daily,CP-01,Compressor 01,Compressor,Surface,2.27,59.917,117.491,6.694,,1395.881,173.185,21.56,Running,1,10,85.01,21.53,272,179.068,,,,,,,,,
2026-02-04 00:00:00,daily,CP-01,Compressor 01,Compressor,Surface,2.305,59.395,129.909,6.832,,1509.552,177.593,19.58,Running,1,9,82.92,26.05,270,173.665,,,,,,,,,
2026-02-05 00:00:00,daily,CP-01,Compressor 01,Compressor,Surface,2.1,60.599,116.011,7.045,,1422.556,160.296,21.83,Running,1,4,86.83,17.92,271,163.505,,,,,,,,,
2026-02-06 00:00:00,daily,CP-01,Compressor 01,Compressor,Surface,2.567,61.513,122.063,6.9,,1481.465,166.131,18.89,Running,1,12,84.79,23.25,277,147.267,,,,,,,,,
2026-02-07 00:00:00,daily,CP-01,Compressor 01,Compressor,Surface,2.075,61.165,125.915,7.185,,1435.135,155.911,22.72,Running,1,3,87.17,19.06,267,167.921,,,,,,,,,
2026-02-08 00:00:00,daily,CP-01,Compressor 01,Compressor,Surface,2.566,58.955,124.171,7.221,,1451.56,164.711,18.8,Running,1,7,85.81,21.52,266,169.632,,,,,,,,,
2026-02-09 00:00:00,daily,CP-01,Compressor 01,Compressor,Surface,2.445,61.808,125.614,7.145,,1470.738,179.776,19.01,Running,1,6,85.71,20.11,264,166.44,,,,,,,,,
2026-02-10 00:00:00,daily,CP-01,Compressor 01,Compressor,Surface,2.333,58.199,128.022,7.313,,1422.365,175.589,18.78,Running,1,1,86.16,21.14,267,132.762,,,,,,,,,
2026-02-11 00:00:00,daily,CP-01,Compressor 01,Compressor,Surface,2.431,58.499,121.372,7.03,,1478.927,167.102,20.05,Running,0,11,84.23,19.14,256,173.354,,,,,,,,,
2026-02-12 00:00:00,daily,CP-01,Compressor 01,Compressor,Surface,2.427,59.548,116.788,7.165,,1436.231,141.653,18.93,Running,1,7,84.71,21.47,263,155.859,,,,,,,,,
2026-02-13 00:00:00,daily,CP-01,Compressor 01,Compressor,Surface,2.298,61.549,120.422,6.926,,1453.971,159.994,20.62,Running,1,16,85.59,21.6,267,173.439,,,,,,,,,
2026-02-14 00:00:00,daily,CP-01,Compressor 01,Compressor,Surface,2.424,57.784,117.513,7.249,,1341.025,166.823,18.76,Running,1,8,84.15,22.79,260,184.609,,,,,,,,,
2026-02-15 00:00:00,daily,CP-01,Compressor 01,Compressor,Surface,2.502,61.293,134.685,7.197,,1433.321,163.963,21.2,Running,1,6,87.1,20.26,262,163.125,,,,,,,,,
2026-02-16 00:00:00,daily,CP-01,Compressor 01,Compressor,Surface,2.201,59.689,116.368,6.879,,1497.339,166.206,22.6,Running,1,3,85.44,20.08,269,170.734,,,,,,,,,
2026-02-17 00:00:00,daily,CP-01,Compressor 01,Compressor,Surface,2.434,59.049,122.471,7.14,,1474.567,168.099,19.83,Running,1,9,83.58,21.89,261,166.277,,,,,,,,,
2026-02-18 00:00:00,daily,CP-01,Compressor 01,Compressor,Surface,1.899,61.657,110.575,7.17,,1482.225,161.118,23.94,Running,0,7,84.98,17.75,250,171.702,,,,,,,,,
2026-02-19 00:00:00,daily,CP-01,Compressor 01,Compressor,Surface,2.025,58.43,120.386,7.25,,1448.879,165.858,21.84,Running,1,11,86.01,19.04,253,167.064,,,,,,,,,
2026-02-20 00:00:00,daily,CP-01,Compressor 01,Compressor,Surface,2.474,63.684,117.875,7.26,,1513.78,164.586,23.79,Running,0,9,85.11,21.88,257,160.244,,,,,,,,,
2026-02-21 00:00:00,daily,CP-01,Compressor 01,Compressor,Surface,2.298,59.503,123.66,7.0,,1458.249,159.607,19.56,Running,1,19,86.44,20.51,254,155.981,,,,,,,,,
2026-02-22 00:00:00,daily,CP-01,Compressor 01,Compressor,Surface,2.22,60.062,123.825,7.372,,1420.29,182.557,16.49,Running,0,8,86.69,15.83,256,183.436,,,,,,,,,
2026-02-23 00:00:00,daily,CP-01,Compressor 01,Compressor,Surface,2.364,62.434,128.125,7.312,,1480.883,161.657,18.32,Running,1,3,89.59,16.92,254,170.769,,,,,,,,,
2026-02-24 00:00:00,daily,CP-01,Compressor 01,Compressor,Surface,2.303,60.115,127.656,7.001,,1483.563,145.662,18.52,Running,0,2,87.56,15.46,259,175.086,,,,,,,,,
2026-02-25 00:00:00,daily,CP-01,Compressor 01,Compressor,Surface,2.197,61.841,119.242,6.897,,1471.826,182.005,17.85,Running,0,13,83.08,23.45,249,170.345,,,,,,,,,
2026-02-26 00:00:00,daily,CP-01,Compressor 01,Compressor,Surface,2.08,56.504,113.982,7.021,,1430.508,158.344,15.46,Running,1,3,85.09,19.73,252,176.694,,,,,,,,,
2026-02-27 00:00:00,daily,CP-01,Compressor 01,Compressor,Surface,2.021,59.076,114.694,6.815,,1457.866,174.064,21.65,Running,1,12,85.22,21.53,253,156.109,,,,,,,,,
2026-02-28 00:00:00,daily,CP-01,Compressor 01,Compressor,Surface,2.509,60.507,121.481,7.235,,1502.323,159.842,16.11,Running,1,12,86.54,19.03,253,166.885,,,,,,,,,
2026-03-01 00:00:00,daily,CP-01,Compressor 01,Compressor,Surface,2.3,61.675,120.62,7.48,,1465.675,171.099,21.46,Running,1,15,84.1,23.62,251,171.535,,,,,,,,,
2026-03-02 00:00:00,daily,CP-01,Compressor 01,Compressor,Surface,2.551,61.149,121.23,7.54,,1387.445,165.547,23.88,Running,1,5,84.72,25.08,240,180.199,,,,,,,,,
2026-03-03 00:00:00,daily,CP-01,Compressor 01,Compressor,Surface,2.299,60.995,116.48,6.912,,1421.387,174.988,18.19,Running,0,15,83.55,23.82,249,195.389,,,,,,,,,
2026-03-04 00:00:00,daily,CP-01,Compressor 01,Compressor,Surface,2.441,61.653,128.323,7.382,,1419.51,164.067,20.42,Running,1,10,84.55,20.47,247,170.473,,,,,,,,,
2026-03-05 00:00:00,daily,CP-01,Compressor 01,Compressor,Surface,2.355,60.661,110.872,7.207,,1416.33,160.097,18.91,Running,0,6,84.59,22.5,251,158.723,,,,,,,,,
2026-03-06 00:00:00,daily,CP-01,Compressor 01,Compressor,Surface,2.386,56.215,116.173,6.587,,1362.034,168.313,21.27,Running,2,9,84.96,24.94,249,152.848,,,,,,,,,
2026-03-07 00:00:00,daily,CP-01,Compressor 01,Compressor,Surface,2.395,62.314,113.262,7.103,,1522.091,162.563,17.39,Running,1,13,83.54,24.36,247,156.052,,,,,,,,,
2026-03-08 00:00:00,daily,CP-01,Compressor 01,Compressor,Surface,2.299,58.443,118.48,7.076,,1411.398,148.647,19.43,Running,1,5,86.98,20.11,246,157.495,,,,,,,,,
2026-03-09 00:00:00,daily,CP-01,Compressor 01,Compressor,Surface,2.158,60.404,127.221,7.49,,1414.274,160.601,21.83,Running,1,8,86.14,16.21,249,134.103,,,,,,,,,
2026-03-10 00:00:00,daily,CP-01,Compressor 01,Compressor,Surface,2.518,60.183,118.024,6.97,,1368.746,191.839,19.59,Running,1,19,83.04,24.51,248,158.588,,,,,,,,,
2026-03-11 00:00:00,daily,CP-01,Compressor 01,Compressor,Surface,2.667,59.96,120.368,7.329,,1481.054,149.633,16.55,Running,1,13,85.38,19.94,244,173.909,,,,,,,,,
2026-03-12 00:00:00,daily,CP-01,Compressor 01,Compressor,Surface,2.679,58.004,123.753,7.162,,1442.745,168.2,22.06,Running,1,10,82.81,22.71,250,166.859,,,,,,,,,
2026-03-13 00:00:00,daily,CP-01,Compressor 01,Compressor,Surface,2.281,56.593,117.765,6.828,,1432.325,163.849,17.19,Running,1,8,87.43,17.55,238,163.19,,,,,,,,,
2026-03-14 00:00:00,daily,CP-01,Compressor 01,Compressor,Surface,2.249,58.189,122.081,7.051,,1434.424,182.568,19.83,Running,1,5,87.84,17.24,235,148.199,,,,,,,,,
2026-03-15 00:00:00,daily,CP-01,Compressor 01,Compressor,Surface,2.282,61.302,121.299,7.573,,1469.838,156.046,20.8,Running,1,5,85.14,19.55,239,177.6,,,,,,,,,
2026-03-16 00:00:00,daily,CP-01,Compressor 01,Compressor,Surface,2.35,57.442,113.018,7.147,,1427.107,166.962,19.91,Running,1,0,83.84,23.0,237,171.68,,,,,,,,,
2026-03-17 00:00:00,daily,CP-01,Compressor 01,Compressor,Surface,2.373,58.409,117.025,7.417,,1366.734,172.231,24.0,Running,1,10,84.12,21.89,228,165.913,,,,,,,,,
2026-03-18 00:00:00,daily,CP-01,Compressor 01,Compressor,Surface,2.203,60.621,121.948,7.404,,1394.611,164.447,21.09,Running,0,13,84.43,23.2,234,141.833,,,,,,,,,
2026-03-19 00:00:00,daily,CP-01,Compressor 01,Compressor,Surface,2.117,58.168,127.522,7.08,,1392.516,159.158,19.29,Running,0,8,84.96,21.51,238,160.667,,,,,,,,,
2026-03-20 00:00:00,daily,CP-01,Compressor 01,Compressor,Surface,2.393,58.996,127.525,6.871,,1457.249,165.871,20.84,Running,0,3,87.3,18.54,235,170.842,,,,,,,,,
2026-03-21 00:00:00,daily,CP-01,Compressor 01,Compressor,Surface,1.748,60.062,132.419,6.905,,1483.419,163.29,20.08,Running,0,9,86.61,20.71,231,165.761,,,,,,,,,
2026-03-22 00:00:00,daily,CP-01,Compressor 01,Compressor,Surface,2.366,60.408,122.768,7.556,,1504.833,163.27,19.77,Running,0,15,86.6,19.86,234,168.192,,,,,,,,,
2026-03-23 00:00:00,daily,CP-01,Compressor 01,Compressor,Surface,2.215,58.152,117.384,7.231,,1380.787,174.462,20.15,Running,1,13,85.3,20.57,234,173.626,,,,,,,,,
2026-03-24 00:00:00,daily,CP-01,Compressor 01,Compressor,Surface,2.526,60.176,119.489,6.76,,1470.976,169.718,18.85,Running,1,8,83.15,19.41,235,167.793,,,,,,,,,
2026-03-25 00:00:00,daily,CP-01,Compressor 01,Compressor,Surface,2.574,60.619,119.199,7.403,,1421.544,171.062,20.09,Running,1,22,83.74,23.79,229,173.243,,,,,,,,,
2026-03-26 00:00:00,daily,CP-01,Compressor 01,Compressor,Surface,2.579,57.781,117.443,6.748,,1563.067,169.074,18.71,Running,0,21,85.04,19.12,234,156.822,,,,,,,,,
2026-03-27 00:00:00,daily,CP-01,Compressor 01,Compressor,Surface,2.324,60.315,122.197,6.989,,1501.453,174.745,16.04,Running,1,7,83.0,23.63,225,152.656,,,,,,,,,
2026-03-28 00:00:00,daily,CP-01,Compressor 01,Compressor,Surface,2.182,58.736,122.485,7.216,,1514.168,177.85,21.87,Running,1,7,85.38,21.21,227,171.363,,,,,,,,,
2026-03-29 00:00:00,daily,CP-01,Compressor 01,Compressor,Surface,2.241,60.169,112.874,7.826,,1478.172,163.536,18.59,Running,1,13,86.16,22.05,235,173.623,,,,,,,,,
2026-03-30 00:00:00,daily,CP-01,Compressor 01,Compressor,Surface,2.439,61.192,126.455,7.401,,1461.332,173.497,19.95,Running,1,4,85.71,23.68,223,171.831,,,,,,,,,
2026-03-31 00:00:00,daily,CP-01,Compressor 01,Compressor,Surface,2.092,59.668,108.914,7.076,,1429.935,154.461,18.22,Running,0,11,85.62,18.28,224,167.575,,,,,,,,,
2026-04-01 00:00:00,daily,CP-01,Compressor 01,Compressor,Surface,2.639,61.525,118.609,7.205,,1422.047,145.855,18.28,Running,1,10,81.8,22.84,221,162.568,,,,,,,,,
2026-04-02 00:00:00,daily,CP-01,Compressor 01,Compressor,Surface,2.329,61.321,126.848,7.428,,1413.997,182.575,17.69,Running,1,9,86.9,19.0,222,168.458,,,,,,,,,
2026-04-03 00:00:00,daily,CP-01,Compressor 01,Compressor,Surface,2.479,61.524,123.606,7.554,,1470.686,163.142,21.5,Running,1,6,82.23,25.36,225,170.315,,,,,,,,,
2026-04-04 00:00:00,daily,CP-01,Compressor 01,Compressor,Surface,2.069,60.67,117.828,7.137,,1508.381,168.42,21.96,Running,1,4,84.47,19.34,226,170.98,,,,,,,,,
2026-04-05 00:00:00,daily,CP-01,Compressor 01,Compressor,Surface,2.223,61.861,131.792,7.145,,1431.674,155.126,19.73,Running,1,0,85.67,20.02,223,194.832,,,,,,,,,
2026-04-06 00:00:00,daily,CP-01,Compressor 01,Compressor,Surface,2.047,60.649,117.348,6.992,,1417.035,154.716,18.65,Running,1,17,85.23,21.87,221,156.029,,,,,,,,,
2026-04-07 00:00:00,daily,CP-01,Compressor 01,Compressor,Surface,2.575,57.164,107.985,7.366,,1386.57,159.747,16.43,Running,1,14,82.59,21.92,216,201.649,,,,,,,,,
2026-04-08 00:00:00,daily,CP-01,Compressor 01,Compressor,Surface,2.362,58.656,122.722,7.457,,1455.679,171.955,21.21,Running,0,13,82.85,22.02,217,152.344,,,,,,,,,
2026-04-09 00:00:00,daily,CP-01,Compressor 01,Compressor,Surface,2.494,59.648,109.344,6.716,,1495.044,161.525,18.38,Running,0,10,85.04,19.66,213,170.416,,,,,,,,,
2026-04-10 00:00:00,daily,CP-01,Compressor 01,Compressor,Surface,2.403,59.864,115.035,7.102,,1497.028,163.157,17.53,Running,0,0,85.37,20.06,222,153.036,,,,,,,,,
2026-04-11 00:00:00,daily,CP-01,Compressor 01,Compressor,Surface,2.477,60.625,123.769,6.899,,1500.974,159.484,19.74,Running,1,5,82.76,25.53,221,169.553,,,,,,,,,
2026-04-12 00:00:00,daily,CP-01,Compressor 01,Compressor,Surface,2.332,58.649,117.277,7.24,,1462.434,176.682,19.04,Running,1,7,85.13,20.17,217,176.993,,,,,,,,,
2026-04-13 00:00:00,daily,CP-01,Compressor 01,Compressor,Surface,2.357,63.44,123.535,6.893,,1449.407,174.012,16.77,Running,1,3,82.05,25.24,218,166.553,,,,,,,,,
2026-04-14 00:00:00,daily,CP-01,Compressor 01,Compressor,Surface,2.377,59.856,113.111,6.873,,1497.071,161.843,17.03,Running,1,0,85.45,24.87,219,176.904,,,,,,,,,
2026-04-15 00:00:00,daily,CP-01,Compressor 01,Compressor,Surface,2.467,60.021,125.22,7.485,,1401.36,172.363,20.33,Running,0,3,83.01,21.88,215,161.545,,,,,,,,,
2026-04-16 00:00:00,daily,CP-01,Compressor 01,Compressor,Surface,2.472,58.899,109.932,7.163,,1428.11,164.004,18.42,Running,1,8,84.52,20.36,220,143.662,,,,,,,,,
2026-04-17 00:00:00,daily,CP-01,Compressor 01,Compressor,Surface,2.901,58.338,127.999,7.19,,1514.159,163.178,20.66,Running,0,10,84.23,23.43,209,173.11,,,,,,,,,
2026-04-18 00:00:00,daily,CP-01,Compressor 01,Compressor,Surface,2.698,59.833,117.244,7.313,,1402.723,165.774,19.96,Running,0,13,86.2,21.3,211,166.558,,,,,,,,,
2026-04-19 00:00:00,daily,CP-01,Compressor 01,Compressor,Surface,2.076,60.1,129.292,7.448,,1444.31,172.016,21.69,Running,0,20,84.7,22.24,210,160.951,,,,,,,,,
2026-04-20 00:00:00,daily,CP-01,Compressor 01,Compressor,Surface,2.37,59.909,115.071,7.101,,1470.923,158.202,18.08,Running,1,15,83.33,26.95,213,161.716,,,,,,,,,
2026-04-21 00:00:00,daily,CP-01,Compressor 01,Compressor,Surface,2.324,62.876,131.672,7.107,,1448.959,170.759,20.13,Running,1,8,84.84,21.86,204,170.71,,,,,,,,,
2026-04-22 00:00:00,daily,CP-01,Compressor 01,Compressor,Surface,2.627,59.852,114.387,7.109,,1491.609,188.723,20.91,Running,1,11,87.67,13.32,215,157.283,,,,,,,,,
2026-04-23 00:00:00,daily,CP-01,Compressor 01,Compressor,Surface,2.341,59.925,109.378,7.478,,1506.641,167.896,18.48,Running,1,0,85.4,20.64,211,170.376,,,,,,,,,
2026-04-24 00:00:00,daily,CP-01,Compressor 01,Compressor,Surface,2.481,61.461,120.41,7.191,,1464.781,166.575,21.84,Running,0,0,84.09,21.13,215,179.328,,,,,,,,,
2026-04-25 00:00:00,daily,CP-01,Compressor 01,Compressor,Surface,1.978,59.789,127.564,7.136,,1501.179,165.501,16.48,Running,1,5,82.82,26.81,207,188.919,,,,,,,,,
2026-04-26 00:00:00,daily,CP-01,Compressor 01,Compressor,Surface,2.126,61.002,124.914,7.306,,1408.41,170.568,18.08,Running,1,15,83.15,25.53,204,181.714,,,,,,,,,
2026-04-27 00:00:00,daily,CP-01,Compressor 01,Compressor,Surface,2.776,57.915,127.156,7.667,,1439.237,151.776,16.41,Running,1,8,85.19,17.55,208,168.048,,,,,,,,,
2026-04-28 00:00:00,daily,CP-01,Compressor 01,Compressor,Surface,2.409,57.933,125.051,7.228,,1541.727,181.584,18.27,Running,1,3,82.66,26.98,209,169.109,,,,,,,,,
2026-04-29 00:00:00,daily,CP-01,Compressor 01,Compressor,Surface,2.22,60.306,115.275,7.143,,1523.218,175.111,19.38,Running,1,5,84.06,24.2,201,161.877,,,,,,,,,
2026-04-30 00:00:00,daily,CP-01,Compressor 01,Compressor,Surface,2.444,59.709,124.805,7.696,,1394.404,160.485,21.28,Running,1,2,86.33,18.5,195,161.163,,,,,,,,,
2026-05-01 00:00:00,daily,CP-01,Compressor 01,Compressor,Surface,2.211,58.732,120.772,7.544,,1444.953,166.575,19.38,Running,1,2,84.24,21.91,195,175.883,,,,,,,,,
2026-05-02 00:00:00,daily,CP-01,Compressor 01,Compressor,Surface,2.35,60.319,115.966,7.508,,1450.887,161.28,18.54,Running,2,22,82.25,27.64,202,162.913,,,,,,,,,
2026-05-03 00:00:00,daily,CP-01,Compressor 01,Compressor,Surface,2.14,60.472,121.31,7.087,,1462.086,168.995,16.71,Running,0,5,87.43,13.65,207,170.329,,,,,,,,,
2026-05-04 00:00:00,daily,CP-01,Compressor 01,Compressor,Surface,2.26,58.915,119.905,7.063,,1496.368,166.859,17.35,Running,0,16,86.74,19.46,195,155.719,,,,,,,,,
2026-05-05 00:00:00,daily,CP-01,Compressor 01,Compressor,Surface,2.327,59.244,128.748,6.754,,1518.954,168.37,20.28,Running,1,4,84.69,23.61,198,181.386,,,,,,,,,
2026-05-06 00:00:00,daily,CP-01,Compressor 01,Compressor,Surface,2.605,60.499,117.172,7.455,,1446.865,157.063,21.37,Running,1,10,85.91,19.55,197,162.771,,,,,,,,,
2026-05-07 00:00:00,daily,CP-01,Compressor 01,Compressor,Surface,2.487,58.4,116.901,7.233,,1490.229,161.989,18.88,Running,1,11,83.41,24.52,205,178.291,,,,,,,,,
2026-05-08 00:00:00,daily,CP-01,Compressor 01,Compressor,Surface,2.519,59.113,116.088,6.764,,1471.258,176.643,22.01,Running,1,13,84.97,21.25,206,158.586,,,,,,,,,
2026-05-09 00:00:00,daily,CP-01,Compressor 01,Compressor,Surface,2.399,61.052,131.671,7.515,,1444.466,161.53,17.86,Running,1,10,83.11,22.08,198,158.01,,,,,,,,,
2026-05-10 00:00:00,daily,CP-01,Compressor 01,Compressor,Surface,2.553,60.109,116.443,7.131,,1377.366,142.548,18.93,Running,1,16,81.59,24.16,199,180.948,,,,,,,,,
2026-05-11 00:00:00,daily,CP-01,Compressor 01,Compressor,Surface,2.248,59.343,128.089,7.162,,1486.012,164.989,19.09,Running,0,10,87.88,18.39,198,159.459,,,,,,,,,
2026-05-12 00:00:00,daily,CP-01,Compressor 01,Compressor,Surface,2.274,58.624,114.129,6.838,,1469.461,188.054,22.62,Running,1,3,81.46,24.69,188,149.103,,,,,,,,,
2026-05-13 00:00:00,daily,CP-01,Compressor 01,Compressor,Surface,2.479,58.441,123.367,7.34,,1460.818,173.996,19.94,Running,1,11,84.16,19.13,195,154.916,,,,,,,,,
2026-05-14 00:00:00,daily,CP-01,Compressor 01,Compressor,Surface,2.356,59.944,121.911,7.343,,1405.965,161.104,16.23,Running,1,8,84.11,22.49,188,175.785,,,,,,,,,
2026-05-15 00:00:00,daily,CP-01,Compressor 01,Compressor,Surface,2.404,63.617,127.746,7.206,,1523.562,165.911,21.51,Running,1,4,84.45,20.74,190,174.733,,,,,,,,,
2026-05-16 00:00:00,daily,CP-01,Compressor 01,Compressor,Surface,2.378,61.139,126.885,7.114,,1451.276,172.491,23.22,Running,0,12,83.46,20.76,195,157.985,,,,,,,,,
2026-05-17 00:00:00,daily,CP-01,Compressor 01,Compressor,Surface,2.633,57.916,120.856,7.875,,1399.503,150.571,19.2,Running,1,15,83.45,23.32,190,159.429,,,,,,,,,
2026-05-18 00:00:00,daily,CP-01,Compressor 01,Compressor,Surface,2.643,61.389,117.151,6.918,,1393.046,158.679,17.96,Running,0,7,83.77,24.26,193,173.786,,,,,,,,,
2026-05-19 00:00:00,daily,CP-01,Compressor 01,Compressor,Surface,2.296,58.902,130.133,7.039,,1472.218,169.974,21.34,Running,1,7,84.29,22.04,193,180.864,,,,,,,,,
2026-05-20 00:00:00,daily,CP-01,Compressor 01,Compressor,Surface,2.092,60.188,116.571,7.397,,1473.39,180.744,23.45,Running,1,1,83.49,20.98,180,165.637,,,,,,,,,
2026-05-21 00:00:00,daily,CP-01,Compressor 01,Compressor,Surface,2.281,59.2,106.796,6.967,,1426.56,162.446,21.31,Running,1,0,83.36,24.27,178,172.496,,,,,,,,,
2026-05-22 00:00:00,daily,CP-01,Compressor 01,Compressor,Surface,2.248,63.644,109.26,6.949,,1463.566,180.508,16.56,Running,1,10,81.32,28.22,190,176.013,,,,,,,,,
2026-05-23 00:00:00,daily,CP-01,Compressor 01,Compressor,Surface,2.56,58.283,110.731,7.504,,1471.746,159.622,21.13,Running,1,14,86.63,23.14,190,190.094,,,,,,,,,
2026-05-24 00:00:00,daily,CP-01,Compressor 01,Compressor,Surface,2.576,60.748,124.005,7.373,,1450.619,135.946,20.46,Running,0,6,84.24,24.95,185,153.703,,,,,,,,,
2026-05-25 00:00:00,daily,CP-01,Compressor 01,Compressor,Surface,2.225,59.055,133.727,7.343,,1416.949,173.116,17.85,Running,1,16,83.69,20.82,185,159.066,,,,,,,,,
2026-05-26 00:00:00,daily,CP-01,Compressor 01,Compressor,Surface,2.276,61.481,108.21,7.268,,1483.438,171.291,22.15,Running,1,9,82.33,26.45,186,160.856,,,,,,,,,
2026-05-27 00:00:00,daily,CP-01,Compressor 01,Compressor,Surface,2.146,60.728,115.764,7.05,,1478.469,173.058,20.52,Running,1,9,81.7,26.14,185,175.535,,,,,,,,,
2026-05-28 00:00:00,daily,CP-01,Compressor 01,Compressor,Surface,2.436,62.367,121.003,7.161,,1467.652,172.712,22.2,Running,1,6,84.65,19.18,180,163.667,,,,,,,,,
2026-05-29 00:00:00,daily,CP-01,Compressor 01,Compressor,Surface,2.405,61.46,129.751,7.204,,1411.576,168.17,17.64,Running,1,16,82.99,24.38,184,169.878,,,,,,,,,
2025-05-30 00:00:00,daily,EM-01,Energy Meter 01,Energy Meter,Surface,,31.008,,,,,,21.29,Running,0,4,94.47,8.35,837,882.451,230.61,5.3194,65.75,,,,,,
2025-05-31 00:00:00,daily,EM-01,Energy Meter 01,Energy Meter,Surface,,33.764,,,,,,22.1,Running,0,3,95.79,6.21,830,947.659,235.04,5.036,40.02,,,,,,
2025-06-01 00:00:00,daily,EM-01,Energy Meter 01,Energy Meter,Surface,,32.178,,,,,,18.2,Running,0,2,95.11,9.81,829,806.115,210.24,4.8206,49.11,,,,,,
2025-06-02 00:00:00,daily,EM-01,Energy Meter 01,Energy Meter,Surface,,32.114,,,,,,16.35,Running,0,4,95.08,9.6,830,1006.2,253.45,6.1205,88.95,,,,,,
2025-06-03 00:00:00,daily,EM-01,Energy Meter 01,Energy Meter,Surface,,33.028,,,,,,21.46,Running,0,3,96.03,5.32,826,952.031,245.07,5.299,51.18,,,,,,
2025-06-04 00:00:00,daily,EM-01,Energy Meter 01,Energy Meter,Surface,,31.284,,,,,,19.81,Running,0,0,95.79,4.61,832,955.401,246.58,5.3257,63.51,,,,,,
2025-06-05 00:00:00,daily,EM-01,Energy Meter 01,Energy Meter,Surface,,30.901,,,,,,17.09,Running,0,3,97.65,4.15,818,778.207,187.02,4.2937,52.05,,,,,,
2025-06-06 00:00:00,daily,EM-01,Energy Meter 01,Energy Meter,Surface,,30.787,,,,,,13.71,Running,0,2,95.94,4.38,826,857.599,214.98,5.0659,45.48,,,,,,
2025-06-07 00:00:00,daily,EM-01,Energy Meter 01,Energy Meter,Surface,,31.328,,,,,,17.83,Running,0,2,96.84,6.19,820,1009.437,260.02,5.5332,79.71,,,,,,
2025-06-08 00:00:00,daily,EM-01,Energy Meter 01,Energy Meter,Surface,,28.23,,,,,,18.79,Running,0,3,96.23,6.13,815,909.366,236.27,4.9539,36.54,,,,,,
2025-06-09 00:00:00,daily,EM-01,Energy Meter 01,Energy Meter,Surface,,31.003,,,,,,17.47,Running,0,5,98.19,7.87,827,816.568,214.17,4.2094,41.92,,,,,,
2025-06-10 00:00:00,daily,EM-01,Energy Meter 01,Energy Meter,Surface,,31.227,,,,,,21.01,Running,0,9,95.45,9.31,826,933.311,234.17,5.1219,64.98,,,,,,
2025-06-11 00:00:00,daily,EM-01,Energy Meter 01,Energy Meter,Surface,,30.845,,,,,,18.12,Running,0,2,95.45,4.21,814,960.765,252.51,5.5597,82.5,,,,,,
2025-06-12 00:00:00,daily,EM-01,Energy Meter 01,Energy Meter,Surface,,29.47,,,,,,19.7,Running,0,2,97.12,3.0,815,951.907,232.72,5.8101,38.53,,,,,,
2025-06-13 00:00:00,daily,EM-01,Energy Meter 01,Energy Meter,Surface,,30.851,,,,,,24.0,Running,0,1,95.41,2.59,810,910.995,215.79,5.6361,63.81,,,,,,
2025-06-14 00:00:00,daily,EM-01,Energy Meter 01,Energy Meter,Surface,,29.467,,,,,,19.91,Running,0,0,96.71,0.33,810,988.155,244.82,5.374,39.69,,,,,,
2025-06-15 00:00:00,daily,EM-01,Energy Meter 01,Energy Meter,Surface,,32.774,,,,,,19.46,Running,0,0,99.65,0.72,805,877.902,229.04,4.6323,62.45,,,,,,
2025-06-16 00:00:00,daily,EM-01,Energy Meter 01,Energy Meter,Surface,,30.743,,,,,,19.5,Running,0,0,94.34,5.54,803,952.431,229.42,5.6251,57.7,,,,,,
2025-06-17 00:00:00,daily,EM-01,Energy Meter 01,Energy Meter,Surface,,28.938,,,,,,20.96,Running,0,2,98.35,5.6,814,928.128,220.27,5.07,57.29,,,,,,
2025-06-18 00:00:00,daily,EM-01,Energy Meter 01,Energy Meter,Surface,,30.794,,,,,,20.73,Running,0,5,95.1,9.17,805,912.044,214.25,5.1265,80.6,,,,,,
2025-06-19 00:00:00,daily,EM-01,Energy Meter 01,Energy Meter,Surface,,31.896,,,,,,17.75,Running,0,0,98.03,2.22,804,897.292,230.21,4.7572,66.5,,,,,,
2025-06-20 00:00:00,daily,EM-01,Energy Meter 01,Energy Meter,Surface,,31.177,,,,,,18.89,Running,0,1,96.98,3.58,799,899.418,213.27,4.724,44.81,,,,,,
2025-06-21 00:00:00,daily,EM-01,Energy Meter 01,Energy Meter,Surface,,30.087,,,,,,18.4,Running,0,3,96.83,7.4,802,921.971,234.88,6.0336,82.85,,,,,,
2025-06-22 00:00:00,daily,EM-01,Energy Meter 01,Energy Meter,Surface,,30.323,,,,,,19.14,Running,0,6,95.63,9.55,794,902.475,222.99,4.691,47.68,,,,,,
2025-06-23 00:00:00,daily,EM-01,Energy Meter 01,Energy Meter,Surface,,30.714,,,,,,23.19,Running,0,2,95.46,4.49,795,964.025,234.84,5.2671,71.62,,,,,,
2025-06-24 00:00:00,daily,EM-01,Energy Meter 01,Energy Meter,Surface,,30.561,,,,,,20.87,Running,0,0,94.7,5.3,792,887.884,213.98,5.1138,65.72,,,,,,
2025-06-25 00:00:00,daily,EM-01,Energy Meter 01,Energy Meter,Surface,,29.742,,,,,,19.53,Running,0,1,95.86,5.19,801,1014.143,255.19,5.8298,83.65,,,,,,
2025-06-26 00:00:00,daily,EM-01,Energy Meter 01,Energy Meter,Surface,,30.934,,,,,,22.07,Running,0,1,95.55,7.09,787,885.208,215.27,4.9074,53.06,,,,,,
2025-06-27 00:00:00,daily,EM-01,Energy Meter 01,Energy Meter,Surface,,29.668,,,,,,20.04,Running,0,3,96.14,4.37,788,975.256,243.77,5.6064,72.95,,,,,,
2025-06-28 00:00:00,daily,EM-01,Energy Meter 01,Energy Meter,Surface,,31.95,,,,,,16.53,Running,0,5,93.57,9.9,783,977.846,247.67,5.7944,69.72,,,,,,
2025-06-29 00:00:00,daily,EM-01,Energy Meter 01,Energy Meter,Surface,,32.073,,,,,,22.87,Running,1,2,95.86,9.69,786,930.008,237.4,5.4226,57.49,,,,,,
2025-06-30 00:00:00,daily,EM-01,Energy Meter 01,Energy Meter,Surface,,29.998,,,,,,19.38,Running,0,0,97.84,0.21,787,924.664,238.64,5.5198,79.33,,,,,,
2025-07-01 00:00:00,daily,EM-01,Energy Meter 01,Energy Meter,Surface,,30.285,,,,,,15.35,Running,0,0,97.32,2.85,791,876.323,220.4,4.4674,46.09,,,,,,
2025-07-02 00:00:00,daily,EM-01,Energy Meter 01,Energy Meter,Surface,,30.579,,,,,,16.61,Running,0,3,95.84,3.04,785,889.04,213.86,4.9208,45.53,,,,,,
2025-07-03 00:00:00,daily,EM-01,Energy Meter 01,Energy Meter,Surface,,30.97,,,,,,21.85,Running,0,0,99.9,0.0,783,933.254,237.04,4.5077,66.75,,,,,,
2025-07-04 00:00:00,daily,EM-01,Energy Meter 01,Energy Meter,Surface,,31.259,,,,,,16.64,Running,0,4,94.87,6.59,784,917.361,234.59,4.9734,45.42,,,,,,
2025-07-05 00:00:00,daily,EM-01,Energy Meter 01,Energy Meter,Surface,,31.465,,,,,,22.27,Running,0,3,95.65,4.63,780,991.057,246.31,5.2979,80.77,,,,,,
2025-07-06 00:00:00,daily,EM-01,Energy Meter 01,Energy Meter,Surface,,31.442,,,,,,19.84,Running,0,7,93.46,10.19,790,892.8,220.9,5.3378,50.88,,,,,,
2025-07-07 00:00:00,daily,EM-01,Energy Meter 01,Energy Meter,Surface,,32.556,,,,,,21.05,Running,0,3,95.13,7.12,776,896.434,243.91,5.0537,54.73,,,,,,
2025-07-08 00:00:00,daily,EM-01,Energy Meter 01,Energy Meter,Surface,,31.062,,,,,,19.19,Running,0,1,98.63,2.51,779,820.197,194.7,4.5347,60.79,,,,,,
2025-07-09 00:00:00,daily,EM-01,Energy Meter 01,Energy Meter,Surface,,29.7,,,,,,20.68,Running,0,4,95.18,6.13,779,958.695,243.62,5.5624,80.77,,,,,,
2025-07-10 00:00:00,daily,EM-01,Energy Meter 01,Energy Meter,Surface,,29.393,,,,,,20.29,Running,0,4,93.32,8.93,772,953.28,246.69,5.4654,71.02,,,,,,
2025-07-11 00:00:00,daily,EM-01,Energy Meter 01,Energy Meter,Surface,,32.638,,,,,,19.61,Running,0,1,97.15,3.29,774,978.714,241.95,5.2892,43.76,,,,,,
2025-07-12 00:00:00,daily,EM-01,Energy Meter 01,Energy Meter,Surface,,31.512,,,,,,17.63,Running,0,4,96.37,4.58,770,982.099,244.18,5.3007,55.88,,,,,,
2025-07-13 00:00:00,daily,EM-01,Energy Meter 01,Energy Meter,Surface,,31.209,,,,,,20.37,Running,0,1,97.07,4.94,771,967.432,238.65,5.9005,74.98,,,,,,
2025-07-14 00:00:00,daily,EM-01,Energy Meter 01,Energy Meter,Surface,,31.452,,,,,,16.19,Running,0,0,95.26,2.79,769,969.966,242.49,5.2887,82.82,,,,,,
2025-07-15 00:00:00,daily,EM-01,Energy Meter 01,Energy Meter,Surface,,31.163,,,,,,21.47,Running,0,6,94.12,8.81,767,956.706,246.37,5.126,68.59,,,,,,
2025-07-16 00:00:00,daily,EM-01,Energy Meter 01,Energy Meter,Surface,,31.436,,,,,,20.06,Running,0,1,95.43,4.66,761,965.95,239.9,5.5862,67.43,,,,,,
2025-07-17 00:00:00,daily,EM-01,Energy Meter 01,Energy Meter,Surface,,30.63,,,,,,20.57,Running,0,2,96.6,4.08,772,809.59,227.28,4.7152,47.73,,,,,,
2025-07-18 00:00:00,daily,EM-01,Energy Meter 01,Energy Meter,Surface,,32.058,,,,,,14.66,Running,0,3,95.59,3.04,765,854.124,209.91,4.6095,54.58,,,,,,
2025-07-19 00:00:00,daily,EM-01,Energy Meter 01,Energy Meter,Surface,,30.478,,,,,,17.52,Running,0,0,96.33,4.43,755,844.323,222.1,5.6619,52.02,,,,,,
2025-07-20 00:00:00,daily,EM-01,Energy Meter 01,Energy Meter,Surface,,30.1,,,,,,18.71,Running,0,3,94.84,7.78,759,996.328,253.43,5.5344,42.6,,,,,,
2025-07-21 00:00:00,daily,EM-01,Energy Meter 01,Energy Meter,Surface,,29.312,,,,,,20.97,Running,0,5,96.37,5.99,753,873.143,219.15,4.3742,35.88,,,,,,
2025-07-22 00:00:00,daily,EM-01,Energy Meter 01,Energy Meter,Surface,,30.765,,,,,,17.87,Running,0,2,95.68,3.67,760,882.752,232.45,5.9307,62.56,,,,,,
2025-07-23 00:00:00,daily,EM-01,Energy Meter 01,Energy Meter,Surface,,32.271,,,,,,24.0,Running,0,3,94.55,8.45,756,920.527,217.33,4.8481,60.29,,,,,,
2025-07-24 00:00:00,daily,EM-01,Energy Meter 01,Energy Meter,Surface,,30.546,,,,,,19.17,Running,0,8,95.9,8.02,755,845.51,214.78,4.5328,44.17,,,,,,
2025-07-25 00:00:00,daily,EM-01,Energy Meter 01,Energy Meter,Surface,,29.625,,,,,,17.73,Running,0,2,95.05,5.94,750,942.967,230.01,5.7942,79.81,,,,,,
2025-07-26 00:00:00,daily,EM-01,Energy Meter 01,Energy Meter,Surface,,31.288,,,,,,19.32,Running,0,2,96.65,4.69,751,792.314,194.59,4.2541,39.88,,,,,,
2025-07-27 00:00:00,daily,EM-01,Energy Meter 01,Energy Meter,Surface,,30.352,,,,,,17.85,Running,0,0,97.05,0.0,754,849.491,208.51,4.424,63.73,,,,,,
2025-07-28 00:00:00,daily,EM-01,Energy Meter 01,Energy Meter,Surface,,32.552,,,,,,17.41,Running,0,2,96.45,3.17,753,932.073,225.31,5.6189,74.02,,,,,,
2025-07-29 00:00:00,daily,EM-01,Energy Meter 01,Energy Meter,Surface,,32.078,,,,,,21.62,Running,0,8,93.03,10.3,751,845.649,198.19,4.9305,69.35,,,,,,
2025-07-30 00:00:00,daily,EM-01,Energy Meter 01,Energy Meter,Surface,,29.733,,,,,,20.67,Running,0,2,94.09,10.18,740,998.098,252.63,5.5354,81.82,,,,,,
2025-07-31 00:00:00,daily,EM-01,Energy Meter 01,Energy Meter,Surface,,30.83,,,,,,20.67,Running,0,4,94.61,6.35,744,922.931,230.21,4.8137,73.57,,,,,,
2025-08-01 00:00:00,daily,EM-01,Energy Meter 01,Energy Meter,Surface,,30.249,,,,,,22.13,Running,1,6,94.35,13.25,744,988.082,244.62,5.6948,62.14,,,,,,
2025-08-02 00:00:00,daily,EM-01,Energy Meter 01,Energy Meter,Surface,,29.844,,,,,,20.61,Running,0,2,94.75,7.98,739,941.636,241.48,5.246,67.04,,,,,,
2025-08-03 00:00:00,daily,EM-01,Energy Meter 01,Energy Meter,Surface,,30.948,,,,,,17.63,Running,0,1,97.09,1.53,734,919.449,233.48,5.345,76.21,,,,,,
2025-08-04 00:00:00,daily,EM-01,Energy Meter 01,Energy Meter,Surface,,31.822,,,,,,21.04,Running,0,3,96.72,7.16,734,860.375,212.96,4.772,52.5,,,,,,
2025-08-05 00:00:00,daily,EM-01,Energy Meter 01,Energy Meter,Surface,,30.923,,,,,,17.52,Running,0,4,94.92,4.61,744,975.921,268.39,5.0681,71.77,,,,,,
2025-08-06 00:00:00,daily,EM-01,Energy Meter 01,Energy Meter,Surface,,30.488,,,,,,18.76,Running,0,3,96.54,5.5,732,946.651,244.81,5.2223,45.42,,,,,,
2025-08-07 00:00:00,daily,EM-01,Energy Meter 01,Energy Meter,Surface,,28.798,,,,,,19.59,Running,0,1,96.11,3.58,735,1045.258,280.87,5.9488,71.32,,,,,,
2025-08-08 00:00:00,daily,EM-01,Energy Meter 01,Energy Meter,Surface,,30.339,,,,,,19.4,Running,0,1,95.53,3.55,733,969.887,239.15,5.4001,45.64,,,,,,
2025-08-09 00:00:00,daily,EM-01,Energy Meter 01,Energy Meter,Surface,,31.557,,,,,,16.24,Running,0,2,97.41,5.55,732,896.342,226.08,5.2605,65.45,,,,,,
2025-08-10 00:00:00,daily,EM-01,Energy Meter 01,Energy Meter,Surface,,29.663,,,,,,17.82,Running,0,0,94.51,7.17,729,937.556,224.48,5.5785,55.17,,,,,,
2025-08-11 00:00:00,daily,EM-01,Energy Meter 01,Energy Meter,Surface,,32.287,,,,,,19.64,Running,0,2,95.65,9.55,732,945.522,233.74,4.8628,48.59,,,,,,
2025-08-12 00:00:00,daily,EM-01,Energy Meter 01,Energy Meter,Surface,,30.421,,,,,,18.51,Running,0,2,93.87,6.54,728,989.975,242.82,4.9585,57.46,,,,,,
2025-08-13 00:00:00,daily,EM-01,Energy Meter 01,Energy Meter,Surface,,31.199,,,,,,21.84,Running,0,2,93.94,5.36,724,999.514,273.84,6.306,75.03,,,,,,
2025-08-14 00:00:00,daily,EM-01,Energy Meter 01,Energy Meter,Surface,,30.606,,,,,,22.17,Running,0,5,93.36,8.33,725,910.487,222.08,4.8693,77.76,,,,,,
2025-08-15 00:00:00,daily,EM-01,Energy Meter 01,Energy Meter,Surface,,29.829,,,,,,17.53,Running,0,3,93.96,14.24,719,847.278,209.95,4.4522,34.37,,,,,,
2025-08-16 00:00:00,daily,EM-01,Energy Meter 01,Energy Meter,Surface,,31.446,,,,,,19.79,Running,0,0,95.66,7.74,724,808.983,190.62,4.8893,39.15,,,,,,
2025-08-17 00:00:00,daily,EM-01,Energy Meter 01,Energy Meter,Surface,,30.407,,,,,,22.72,Running,0,0,95.04,8.05,718,851.844,217.23,4.8861,64.13,,,,,,
2025-08-18 00:00:00,daily,EM-01,Energy Meter 01,Energy Meter,Surface,,30.173,,,,,,19.42,Running,0,3,95.08,8.06,717,884.714,213.98,5.1117,60.55,,,,,,
2025-08-19 00:00:00,daily,EM-01,Energy Meter 01,Energy Meter,Surface,,28.63,,,,,,18.9,Running,0,2,95.03,5.99,720,1010.485,259.97,4.9824,56.55,,,,,,
2025-08-20 00:00:00,daily,EM-01,Energy Meter 01,Energy Meter,Surface,,32.308,,,,,,21.33,Running,0,1,98.34,7.78,715,1011.399,238.54,5.0613,73.42,,,,,,
2025-08-21 00:00:00,daily,EM-01,Energy Meter 01,Energy Meter,Surface,,31.012,,,,,,19.15,Running,0,9,93.68,9.77,714,977.842,243.49,5.7879,81.51,,,,,,
2025-08-22 00:00:00,daily,EM-01,Energy Meter 01,Energy Meter,Surface,,32.113,,,,,,22.12,Running,0,6,93.5,9.83,719,994.06,233.75,6.1177,52.58,,,,,,
2025-08-23 00:00:00,daily,EM-01,Energy Meter 01,Energy Meter,Surface,,31.626,,,,,,18.54,Running,1,4,94.13,10.19,709,877.797,215.53,4.6377,56.43,,,,,,
2025-08-24 00:00:00,daily,EM-01,Energy Meter 01,Energy Meter,Surface,,32.113,,,,,,18.77,Running,0,2,95.36,3.95,713,829.325,205.03,4.4461,34.03,,,,,,
2025-08-25 00:00:00,daily,EM-01,Energy Meter 01,Energy Meter,Surface,,30.442,,,,,,21.2,Running,0,1,96.29,3.43,713,859.856,210.17,4.4111,75.07,,,,,,
2025-08-26 00:00:00,daily,EM-01,Energy Meter 01,Energy Meter,Surface,,29.634,,,,,,19.87,Running,0,0,96.45,4.47,713,798.163,195.54,4.7711,63.92,,,,,,
2025-08-27 00:00:00,daily,EM-01,Energy Meter 01,Energy Meter,Surface,,31.769,,,,,,19.89,Running,0,4,96.97,6.22,716,853.419,221.12,4.523,55.69,,,,,,
2025-08-28 00:00:00,daily,EM-01,Energy Meter 01,Energy Meter,Surface,,31.137,,,,,,16.01,Running,0,2,95.28,4.01,703,889.903,239.87,5.1975,79.74,,,,,,
2025-08-29 00:00:00,daily,EM-01,Energy Meter 01,Energy Meter,Surface,,30.54,,,,,,19.0,Running,0,0,94.81,7.13,701,930.266,235.28,4.962,47.45,,,,,,
2025-08-30 00:00:00,daily,EM-01,Energy Meter 01,Energy Meter,Surface,,31.749,,,,,,21.34,Running,0,1,98.05,2.31,706,928.396,225.22,5.1706,71.67,,,,,,
2025-08-31 00:00:00,daily,EM-01,Energy Meter 01,Energy Meter,Surface,,31.315,,,,,,18.18,Running,0,5,90.98,9.48,705,878.894,220.24,4.3336,68.97,,,,,,
2025-09-01 00:00:00,daily,EM-01,Energy Meter 01,Energy Meter,Surface,,31.646,,,,,,21.03,Running,0,2,95.53,5.24,697,954.413,235.77,5.1487,77.83,,,,,,
2025-09-02 00:00:00,daily,EM-01,Energy Meter 01,Energy Meter,Surface,,29.985,,,,,,20.19,Running,0,6,96.11,6.53,700,880.054,227.13,4.9937,65.35,,,,,,
2025-09-03 00:00:00,daily,EM-01,Energy Meter 01,Energy Meter,Surface,,31.985,,,,,,19.3,Running,0,0,98.41,0.0,708,920.887,232.52,5.0694,45.61,,,,,,
2025-09-04 00:00:00,daily,EM-01,Energy Meter 01,Energy Meter,Surface,,31.003,,,,,,22.29,Running,0,4,92.75,12.97,696,853.69,200.8,4.7747,38.05,,,,,,
2025-09-05 00:00:00,daily,EM-01,Energy Meter 01,Energy Meter,Surface,,32.092,,,,,,19.03,Running,0,3,94.73,8.32,698,985.613,255.19,5.9322,48.31,,,,,,
2025-09-06 00:00:00,daily,EM-01,Energy Meter 01,Energy Meter,Surface,,31.976,,,,,,19.16,Running,1,3,93.22,10.18,699,921.547,238.12,4.5374,76.41,,,,,,
2025-09-07 00:00:00,daily,EM-01,Energy Meter 01,Energy Meter,Surface,,31.694,,,,,,19.27,Running,0,3,92.51,10.5,701,961.031,252.22,4.8248,57.76,,,,,,
2025-09-08 00:00:00,daily,EM-01,Energy Meter 01,Energy Meter,Surface,,30.897,,,,,,19.83,Running,0,1,95.05,4.74,691,847.334,207.7,4.7634,57.03,,,,,,
2025-09-09 00:00:00,daily,EM-01,Energy Meter 01,Energy Meter,Surface,,31.717,,,,,,21.15,Running,0,2,96.71,3.31,694,930.775,235.1,4.9405,38.41,,,,,,
2025-09-10 00:00:00,daily,EM-01,Energy Meter 01,Energy Meter,Surface,,32.119,,,,,,16.85,Running,0,4,97.3,4.51,684,954.654,229.19,4.6656,61.64,,,,,,
2025-09-11 00:00:00,daily,EM-01,Energy Meter 01,Energy Meter,Surface,,31.615,,,,,,21.35,Running,0,5,94.51,6.38,686,797.686,199.01,4.094,48.23,,,,,,
2025-09-12 00:00:00,daily,EM-01,Energy Meter 01,Energy Meter,Surface,,31.211,,,,,,19.81,Running,0,3,96.42,5.39,683,990.409,250.78,5.6174,66.09,,,,,,
2025-09-13 00:00:00,daily,EM-01,Energy Meter 01,Energy Meter,Surface,,31.72,,,,,,20.74,Running,0,0,95.03,5.16,675,845.362,206.25,4.7242,49.68,,,,,,
2025-09-14 00:00:00,daily,EM-01,Energy Meter 01,Energy Meter,Surface,,30.483,,,,,,24.0,Running,0,0,96.23,6.18,675,932.985,235.98,5.8535,40.84,,,,,,
2025-09-15 00:00:00,daily,EM-01,Energy Meter 01,Energy Meter,Surface,,32.522,,,,,,18.7,Running,0,3,97.18,5.0,682,1027.598,258.24,5.4285,43.36,,,,,,
2025-09-16 00:00:00,daily,EM-01,Energy Meter 01,Energy Meter,Surface,,29.327,,,,,,17.33,Running,0,3,95.02,3.72,680,977.634,240.81,5.0157,85.53,,,,,,
2025-09-17 00:00:00,daily,EM-01,Energy Meter 01,Energy Meter,Surface,,31.043,,,,,,20.05,Running,0,2,97.05,4.27,673,830.948,218.92,4.2613,58.33,,,,,,
2025-09-18 00:00:00,daily,EM-01,Energy Meter 01,Energy Meter,Surface,,30.603,,,,,,20.36,Running,0,2,93.37,6.23,682,909.667,225.54,4.8281,65.65,,,,,,
2025-09-19 00:00:00,daily,EM-01,Energy Meter 01,Energy Meter,Surface,,30.368,,,,,,21.35,Running,0,1,96.36,1.38,670,994.359,249.65,5.3974,85.29,,,,,,
2025-09-20 00:00:00,daily,EM-01,Energy Meter 01,Energy Meter,Surface,,31.314,,,,,,18.65,Running,0,2,96.96,3.07,674,871.351,206.1,5.1858,58.85,,,,,,
2025-09-21 00:00:00,daily,EM-01,Energy Meter 01,Energy Meter,Surface,,29.884,,,,,,18.09,Running,0,7,96.78,10.1,670,898.769,228.85,4.889,63.61,,,,,,
2025-09-22 00:00:00,daily,EM-01,Energy Meter 01,Energy Meter,Surface,,33.161,,,,,,16.74,Running,0,0,93.39,10.8,671,897.094,220.46,5.203,59.34,,,,,,
2025-09-23 00:00:00,daily,EM-01,Energy Meter 01,Energy Meter,Surface,,29.657,,,,,,17.05,Running,0,5,94.95,9.85,672,954.573,246.3,5.1238,46.58,,,,,,
2025-09-24 00:00:00,daily,EM-01,Energy Meter 01,Energy Meter,Surface,,30.058,,,,,,18.88,Running,0,6,95.76,7.15,670,828.156,196.55,4.8477,46.03,,,,,,
2025-09-25 00:00:00,daily,EM-01,Energy Meter 01,Energy Meter,Surface,,29.964,,,,,,19.46,Running,0,3,95.98,6.04,669,957.947,242.93,5.144,80.68,,,,,,
2025-09-26 00:00:00,daily,EM-01,Energy Meter 01,Energy Meter,Surface,,31.208,,,,,,23.65,Running,0,5,95.45,8.16,667,883.017,203.3,4.508,54.92,,,,,,
2025-09-27 00:00:00,daily,EM-01,Energy Meter 01,Energy Meter,Surface,,32.024,,,,,,16.43,Running,0,1,97.54,2.16,658,919.709,234.85,4.9842,46.18,,,,,,
2025-09-28 00:00:00,daily,EM-01,Energy Meter 01,Energy Meter,Surface,,31.536,,,,,,20.32,Running,0,4,93.18,10.49,666,906.901,225.33,4.9304,73.82,,,,,,
2025-09-29 00:00:00,daily,EM-01,Energy Meter 01,Energy Meter,Surface,,32.482,,,,,,18.29,Running,1,7,94.86,9.55,656,956.384,242.29,5.0084,42.43,,,,,,
2025-09-30 00:00:00,daily,EM-01,Energy Meter 01,Energy Meter,Surface,,30.183,,,,,,20.11,Running,0,3,92.54,11.85,659,919.14,224.98,4.5673,66.16,,,,,,
2025-10-01 00:00:00,daily,EM-01,Energy Meter 01,Energy Meter,Surface,,31.669,,,,,,18.62,Running,0,2,96.22,7.77,656,1006.834,244.11,5.6338,75.52,,,,,,
2025-10-02 00:00:00,daily,EM-01,Energy Meter 01,Energy Meter,Surface,,30.707,,,,,,21.67,Running,0,2,96.11,5.81,658,979.778,241.47,5.2605,54.07,,,,,,
2025-10-03 00:00:00,daily,EM-01,Energy Meter 01,Energy Meter,Surface,,31.239,,,,,,21.66,Running,0,1,100.0,3.38,653,872.697,219.71,4.4046,42.19,,,,,,
2025-10-04 00:00:00,daily,EM-01,Energy Meter 01,Energy Meter,Surface,,32.119,,,,,,19.46,Running,0,0,96.85,3.99,653,1002.339,255.2,5.3307,62.56,,,,,,
2025-10-05 00:00:00,daily,EM-01,Energy Meter 01,Energy Meter,Surface,,29.318,,,,,,22.44,Running,0,6,95.73,10.21,658,939.59,237.33,6.0241,73.05,,,,,,
2025-10-06 00:00:00,daily,EM-01,Energy Meter 01,Energy Meter,Surface,,33.002,,,,,,21.14,Running,0,3,95.6,7.3,645,930.624,225.16,5.4291,78.48,,,,,,
2025-10-07 00:00:00,daily,EM-01,Energy Meter 01,Energy Meter,Surface,,30.866,,,,,,22.35,Running,0,4,94.68,6.68,649,971.328,257.53,5.139,78.45,,,,,,
2025-10-08 00:00:00,daily,EM-01,Energy Meter 01,Energy Meter,Surface,,29.404,,,,,,19.6,Running,0,0,95.39,4.09,643,857.971,217.16,4.8972,39.02,,,,,,
2025-10-09 00:00:00,daily,EM-01,Energy Meter 01,Energy Meter,Surface,,30.318,,,,,,21.51,Running,0,3,95.62,4.52,649,837.678,204.44,4.246,42.84,,,,,,
2025-10-10 00:00:00,daily,EM-01,Energy Meter 01,Energy Meter,Surface,,31.114,,,,,,18.2,Running,0,7,92.03,9.25,642,921.946,233.88,4.5574,65.32,,,,,,
2025-10-11 00:00:00,daily,EM-01,Energy Meter 01,Energy Meter,Surface,,30.318,,,,,,18.01,Running,0,3,95.48,6.15,644,884.076,223.07,5.1127,66.74,,,,,,
2025-10-12 00:00:00,daily,EM-01,Energy Meter 01,Energy Meter,Surface,,28.964,,,,,,23.87,Running,0,2,95.32,4.01,637,1044.882,259.82,6.234,42.25,,,,,,
2025-10-13 00:00:00,daily,EM-01,Energy Meter 01,Energy Meter,Surface,,31.109,,,,,,17.6,Running,0,3,97.96,5.45,646,874.604,216.31,4.9788,41.22,,,,,,
2025-10-14 00:00:00,daily,EM-01,Energy Meter 01,Energy Meter,Surface,,30.29,,,,,,18.84,Running,0,5,94.93,7.32,640,922.883,238.6,5.2744,41.25,,,,,,
2025-10-15 00:00:00,daily,EM-01,Energy Meter 01,Energy Meter,Surface,,31.663,,,,,,16.04,Running,0,5,93.91,8.66,638,931.991,246.82,4.6968,53.18,,,,,,
2025-10-16 00:00:00,daily,EM-01,Energy Meter 01,Energy Meter,Surface,,29.944,,,,,,18.06,Running,0,2,95.56,3.89,640,994.355,232.3,5.9338,73.62,,,,,,
2025-10-17 00:00:00,daily,EM-01,Energy Meter 01,Energy Meter,Surface,,33.274,,,,,,17.77,Running,0,4,95.24,5.12,630,860.809,225.05,4.5567,75.03,,,,,,
2025-10-18 00:00:00,daily,EM-01,Energy Meter 01,Energy Meter,Surface,,31.526,,,,,,18.39,Running,0,2,94.91,2.69,631,823.764,206.1,4.1889,36.64,,,,,,
2025-10-19 00:00:00,daily,EM-01,Energy Meter 01,Energy Meter,Surface,,31.209,,,,,,20.26,Running,1,3,93.06,12.95,633,1004.159,252.93,5.2898,65.58,,,,,,
2025-10-20 00:00:00,daily,EM-01,Energy Meter 01,Energy Meter,Surface,,31.636,,,,,,20.72,Running,0,3,94.85,4.37,624,925.329,242.15,4.9954,54.25,,,,,,
2025-10-21 00:00:00,daily,EM-01,Energy Meter 01,Energy Meter,Surface,,29.191,,,,,,17.75,Running,0,2,94.17,5.48,623,969.087,221.03,5.4427,58.06,,,,,,
2025-10-22 00:00:00,daily,EM-01,Energy Meter 01,Energy Meter,Surface,,30.516,,,,,,18.16,Running,0,4,94.74,10.19,625,971.909,249.5,4.807,42.18,,,,,,
2025-10-23 00:00:00,daily,EM-01,Energy Meter 01,Energy Meter,Surface,,32.796,,,,,,21.76,Running,0,3,96.25,6.02,622,982.313,255.84,5.548,53.45,,,,,,
2025-10-24 00:00:00,daily,EM-01,Energy Meter 01,Energy Meter,Surface,,30.693,,,,,,22.95,Running,0,6,94.0,8.65,624,897.845,218.95,4.6914,47.25,,,,,,
2025-10-25 00:00:00,daily,EM-01,Energy Meter 01,Energy Meter,Surface,,30.95,,,,,,22.09,Running,0,7,94.71,8.08,626,881.586,209.24,4.9501,66.93,,,,,,
2025-10-26 00:00:00,daily,EM-01,Energy Meter 01,Energy Meter,Surface,,30.547,,,,,,16.52,Running,0,3,95.93,7.61,625,800.751,213.31,5.0713,57.73,,,,,,
2025-10-27 00:00:00,daily,EM-01,Energy Meter 01,Energy Meter,Surface,,32.478,,,,,,21.96,Running,0,6,94.62,7.73,628,860.838,201.16,4.87,61.82,,,,,,
2025-10-28 00:00:00,daily,EM-01,Energy Meter 01,Energy Meter,Surface,,30.769,,,,,,23.24,Running,0,0,99.22,0.0,620,924.266,234.42,5.1889,60.97,,,,,,
2025-10-29 00:00:00,daily,EM-01,Energy Meter 01,Energy Meter,Surface,,29.762,,,,,,16.42,Running,0,6,95.44,7.85,619,878.458,227.8,4.9274,50.16,,,,,,
2025-10-30 00:00:00,daily,EM-01,Energy Meter 01,Energy Meter,Surface,,33.593,,,,,,21.76,Running,0,5,93.05,10.58,617,852.093,216.2,4.9518,44.47,,,,,,
2025-10-31 00:00:00,daily,EM-01,Energy Meter 01,Energy Meter,Surface,,29.639,,,,,,20.11,Running,1,3,93.68,11.18,617,923.577,235.41,4.9255,37.46,,,,,,
2025-11-01 00:00:00,daily,EM-01,Energy Meter 01,Energy Meter,Surface,,30.917,,,,,,19.05,Running,0,6,93.52,6.58,616,1001.133,248.16,5.3013,47.45,,,,,,
2025-11-02 00:00:00,daily,EM-01,Energy Meter 01,Energy Meter,Surface,,30.172,,,,,,19.88,Running,0,2,93.69,7.37,616,917.201,233.0,5.2016,46.77,,,,,,
2025-11-03 00:00:00,daily,EM-01,Energy Meter 01,Energy Meter,Surface,,30.313,,,,,,20.53,Running,0,2,95.87,6.57,615,852.598,207.48,4.838,75.69,,,,,,
2025-11-04 00:00:00,daily,EM-01,Energy Meter 01,Energy Meter,Surface,,29.955,,,,,,21.9,Running,0,1,93.23,7.59,612,996.917,244.6,5.9556,88.25,,,,,,
2025-11-05 00:00:00,daily,EM-01,Energy Meter 01,Energy Meter,Surface,,30.475,,,,,,21.8,Running,0,2,94.46,3.05,614,874.13,218.82,4.7753,68.52,,,,,,
2025-11-06 00:00:00,daily,EM-01,Energy Meter 01,Energy Meter,Surface,,31.999,,,,,,16.79,Running,0,4,96.82,4.85,607,1009.344,240.02,5.1357,71.18,,,,,,
2025-11-07 00:00:00,daily,EM-01,Energy Meter 01,Energy Meter,Surface,,29.113,,,,,,18.43,Running,0,5,94.15,9.98,603,904.799,230.82,4.6036,66.45,,,,,,
2025-11-08 00:00:00,daily,EM-01,Energy Meter 01,Energy Meter,Surface,,32.276,,,,,,19.86,Running,0,1,96.05,5.28,602,926.78,211.85,5.363,64.9,,,,,,
2025-11-09 00:00:00,daily,EM-01,Energy Meter 01,Energy Meter,Surface,,32.103,,,,,,22.7,Running,0,5,92.27,11.91,602,1014.251,256.47,4.9744,73.37,,,,,,
2025-11-10 00:00:00,daily,EM-01,Energy Meter 01,Energy Meter,Surface,,31.524,,,,,,14.44,Running,0,3,94.37,8.69,597,839.513,213.53,4.7794,42.78,,,,,,
2025-11-11 00:00:00,daily,EM-01,Energy Meter 01,Energy Meter,Surface,,31.142,,,,,,18.51,Running,0,1,93.53,9.07,597,857.601,208.04,5.1106,76.19,,,,,,
2025-11-12 00:00:00,daily,EM-01,Energy Meter 01,Energy Meter,Surface,,31.292,,,,,,16.75,Running,0,2,95.43,6.68,594,901.02,215.38,5.5055,70.13,,,,,,
2025-11-13 00:00:00,daily,EM-01,Energy Meter 01,Energy Meter,Surface,,32.439,,,,,,17.05,Running,1,6,93.28,12.1,598,912.22,224.79,5.4596,47.17,,,,,,
2025-11-14 00:00:00,daily,EM-01,Energy Meter 01,Energy Meter,Surface,,29.27,,,,,,21.57,Running,0,0,98.24,0.53,597,1079.148,274.9,5.8648,70.88,,,,,,
2025-11-15 00:00:00,daily,EM-01,Energy Meter 01,Energy Meter,Surface,,31.743,,,,,,18.66,Running,0,6,92.3,12.32,587,867.345,219.6,4.9027,68.92,,,,,,
2025-11-16 00:00:00,daily,EM-01,Energy Meter 01,Energy Meter,Surface,,30.27,,,,,,15.2,Running,0,0,96.74,2.21,590,842.379,201.7,4.8857,72.07,,,,,,
2025-11-17 00:00:00,daily,EM-01,Energy Meter 01,Energy Meter,Surface,,31.842,,,,,,19.38,Running,0,3,96.32,3.57,599,864.489,216.97,5.0903,51.17,,,,,,
2025-11-18 00:00:00,daily,EM-01,Energy Meter 01,Energy Meter,Surface,,30.403,,,,,,23.59,Running,0,3,95.4,8.83,593,934.572,235.74,5.5974,59.99,,,,,,
2025-11-19 00:00:00,daily,EM-01,Energy Meter 01,Energy Meter,Surface,,31.723,,,,,,16.21,Running,0,3,94.98,4.6,590,950.172,239.3,5.6116,52.73,,,,,,
2025-11-20 00:00:00,daily,EM-01,Energy Meter 01,Energy Meter,Surface,,29.468,,,,,,20.7,Running,0,1,97.86,2.52,585,878.229,211.66,4.5697,51.67,,,,,,
2025-11-21 00:00:00,daily,EM-01,Energy Meter 01,Energy Meter,Surface,,29.324,,,,,,22.69,Running,0,3,98.84,6.35,587,921.922,231.73,4.5721,47.37,,,,,,
2025-11-22 00:00:00,daily,EM-01,Energy Meter 01,Energy Meter,Surface,,30.904,,,,,,19.59,Running,0,1,94.55,9.69,584,1037.377,266.69,5.1258,43.05,,,,,,
2025-11-23 00:00:00,daily,EM-01,Energy Meter 01,Energy Meter,Surface,,32.452,,,,,,23.38,Running,0,1,95.12,5.35,580,922.781,234.99,4.902,56.12,,,,,,
2025-11-24 00:00:00,daily,EM-01,Energy Meter 01,Energy Meter,Surface,,31.553,,,,,,18.41,Running,0,2,93.98,7.3,580,939.935,238.28,5.399,59.71,,,,,,
2025-11-25 00:00:00,daily,EM-01,Energy Meter 01,Energy Meter,Surface,,31.546,,,,,,22.46,Running,0,4,92.99,9.48,578,1034.02,271.65,6.0122,81.68,,,,,,
2025-11-26 00:00:00,daily,EM-01,Energy Meter 01,Energy Meter,Surface,,31.878,,,,,,22.0,Running,0,6,95.59,8.8,573,878.805,221.04,4.6479,58.12,,,,,,
2025-11-27 00:00:00,daily,EM-01,Energy Meter 01,Energy Meter,Surface,,30.621,,,,,,19.62,Running,0,2,95.24,4.66,572,874.887,211.99,4.9416,49.27,,,,,,
2025-11-28 00:00:00,daily,EM-01,Energy Meter 01,Energy Meter,Surface,,31.628,,,,,,16.82,Running,0,2,92.26,8.71,575,892.516,216.42,4.8259,56.37,,,,,,
2025-11-29 00:00:00,daily,EM-01,Energy Meter 01,Energy Meter,Surface,,30.438,,,,,,17.76,Running,0,3,95.56,7.65,571,889.028,223.67,4.3759,70.95,,,,,,
2025-11-30 00:00:00,daily,EM-01,Energy Meter 01,Energy Meter,Surface,,30.704,,,,,,15.18,Running,0,1,95.27,3.25,572,811.447,191.36,4.4438,51.97,,,,,,
2025-12-01 00:00:00,daily,EM-01,Energy Meter 01,Energy Meter,Surface,,30.828,,,,,,20.82,Running,0,2,93.85,6.78,565,928.993,229.76,4.4807,62.95,,,,,,
2025-12-02 00:00:00,daily,EM-01,Energy Meter 01,Energy Meter,Surface,,30.473,,,,,,20.59,Running,0,3,93.74,8.59,574,933.735,237.15,5.6088,45.43,,,,,,
2025-12-03 00:00:00,daily,EM-01,Energy Meter 01,Energy Meter,Surface,,30.952,,,,,,19.83,Running,0,4,95.48,6.26,577,909.573,236.76,4.9068,36.73,,,,,,
2025-12-04 00:00:00,daily,EM-01,Energy Meter 01,Energy Meter,Surface,,30.764,,,,,,19.44,Running,0,0,97.37,0.96,572,935.578,221.54,5.0912,80.91,,,,,,
2025-12-05 00:00:00,daily,EM-01,Energy Meter 01,Energy Meter,Surface,,30.311,,,,,,22.29,Running,0,2,95.42,7.11,571,936.222,234.85,5.5664,49.99,,,,,,
2025-12-06 00:00:00,daily,EM-01,Energy Meter 01,Energy Meter,Surface,,30.878,,,,,,20.25,Running,0,4,96.03,6.67,567,841.771,209.9,4.4393,48.3,,,,,,
2025-12-07 00:00:00,daily,EM-01,Energy Meter 01,Energy Meter,Surface,,31.174,,,,,,18.62,Running,0,4,93.44,7.86,564,938.064,234.82,4.7289,42.91,,,,,,
2025-12-08 00:00:00,daily,EM-01,Energy Meter 01,Energy Meter,Surface,,29.919,,,,,,19.96,Running,0,8,94.1,11.58,562,954.262,239.7,4.6226,62.65,,,,,,
2025-12-09 00:00:00,daily,EM-01,Energy Meter 01,Energy Meter,Surface,,31.437,,,,,,23.61,Running,0,5,95.73,6.66,557,824.931,205.98,4.4606,63.4,,,,,,
2025-12-10 00:00:00,daily,EM-01,Energy Meter 01,Energy Meter,Surface,,30.526,,,,,,20.87,Running,0,1,92.58,8.38,562,1008.549,263.27,6.4158,74.94,,,,,,
2025-12-11 00:00:00,daily,EM-01,Energy Meter 01,Energy Meter,Surface,,31.218,,,,,,18.93,Running,0,5,95.08,10.14,560,846.62,221.61,4.5585,70.08,,,,,,
2025-12-12 00:00:00,daily,EM-01,Energy Meter 01,Energy Meter,Surface,,30.354,,,,,,19.59,Running,0,1,95.53,5.22,554,852.479,230.27,4.5128,46.31,,,,,,
2025-12-13 00:00:00,daily,EM-01,Energy Meter 01,Energy Meter,Surface,,32.07,,,,,,20.57,Running,0,1,94.67,7.82,557,932.896,233.14,5.2653,51.99,,,,,,
2025-12-14 00:00:00,daily,EM-01,Energy Meter 01,Energy Meter,Surface,,31.976,,,,,,18.87,Running,0,1,95.23,5.7,551,952.866,234.93,5.2189,84.12,,,,,,
2025-12-15 00:00:00,daily,EM-01,Energy Meter 01,Energy Meter,Surface,,29.971,,,,,,18.7,Running,0,3,94.81,8.52,550,967.45,234.12,5.5537,60.78,,,,,,
2025-12-16 00:00:00,daily,EM-01,Energy Meter 01,Energy Meter,Surface,,31.545,,,,,,19.66,Running,0,3,93.71,7.84,554,954.455,234.46,5.3502,78.0,,,,,,
2025-12-17 00:00:00,daily,EM-01,Energy Meter 01,Energy Meter,Surface,,32.467,,,,,,22.6,Running,0,2,92.82,9.21,551,889.619,228.12,4.6284,62.78,,,,,,
2025-12-18 00:00:00,daily,EM-01,Energy Meter 01,Energy Meter,Surface,,30.072,,,,,,21.2,Running,0,3,94.55,7.31,547,927.32,238.78,4.7151,45.48,,,,,,
2025-12-19 00:00:00,daily,EM-01,Energy Meter 01,Energy Meter,Surface,,30.152,,,,,,18.89,Running,0,4,96.78,3.51,545,901.812,230.86,5.4738,79.24,,,,,,
2025-12-20 00:00:00,daily,EM-01,Energy Meter 01,Energy Meter,Surface,,31.756,,,,,,21.35,Running,0,0,96.32,7.3,546,931.274,227.5,5.3563,52.36,,,,,,
2025-12-21 00:00:00,daily,EM-01,Energy Meter 01,Energy Meter,Surface,,29.714,,,,,,19.7,Running,0,4,94.12,5.71,536,924.931,225.96,5.7471,66.68,,,,,,
2025-12-22 00:00:00,daily,EM-01,Energy Meter 01,Energy Meter,Surface,,30.243,,,,,,20.34,Running,0,3,94.08,8.21,539,890.535,238.29,4.4073,46.95,,,,,,
2025-12-23 00:00:00,daily,EM-01,Energy Meter 01,Energy Meter,Surface,,30.006,,,,,,20.17,Running,0,3,93.96,8.64,536,900.002,218.34,4.7257,61.91,,,,,,
2025-12-24 00:00:00,daily,EM-01,Energy Meter 01,Energy Meter,Surface,,31.769,,,,,,15.63,Running,0,0,93.95,8.22,539,809.708,213.76,5.1908,54.3,,,,,,
2025-12-25 00:00:00,daily,EM-01,Energy Meter 01,Energy Meter,Surface,,30.329,,,,,,13.83,Running,0,5,95.11,8.79,542,970.654,245.9,5.4158,51.5,,,,,,
2025-12-26 00:00:00,daily,EM-01,Energy Meter 01,Energy Meter,Surface,,30.737,,,,,,20.12,Running,0,0,96.33,2.13,539,938.705,228.82,5.3155,83.96,,,,,,
2025-12-27 00:00:00,daily,EM-01,Energy Meter 01,Energy Meter,Surface,,30.273,,,,,,18.04,Running,0,2,98.25,3.58,533,782.457,186.14,4.5777,36.8,,,,,,
2025-12-28 00:00:00,daily,EM-01,Energy Meter 01,Energy Meter,Surface,,32.17,,,,,,16.53,Running,0,6,93.3,6.89,531,968.453,236.6,5.0326,60.19,,,,,,
2025-12-29 00:00:00,daily,EM-01,Energy Meter 01,Energy Meter,Surface,,30.163,,,,,,18.1,Running,0,0,95.66,5.06,529,917.687,232.76,4.7756,38.15,,,,,,
2025-12-30 00:00:00,daily,EM-01,Energy Meter 01,Energy Meter,Surface,,29.615,,,,,,21.46,Running,0,3,95.48,3.64,539,864.665,208.89,4.7189,64.1,,,,,,
2025-12-31 00:00:00,daily,EM-01,Energy Meter 01,Energy Meter,Surface,,29.575,,,,,,20.37,Running,0,3,94.08,7.63,530,859.355,227.27,4.9875,54.23,,,,,,
2026-01-01 00:00:00,daily,EM-01,Energy Meter 01,Energy Meter,Surface,,31.716,,,,,,21.16,Running,0,0,92.95,8.71,529,879.593,218.24,5.102,59.82,,,,,,
2026-01-02 00:00:00,daily,EM-01,Energy Meter 01,Energy Meter,Surface,,31.788,,,,,,20.55,Running,0,1,95.03,10.23,518,865.0,221.85,4.7915,64.81,,,,,,
2026-01-03 00:00:00,daily,EM-01,Energy Meter 01,Energy Meter,Surface,,32.271,,,,,,17.92,Running,0,1,97.97,3.32,521,873.066,223.22,5.0028,68.27,,,,,,
2026-01-04 00:00:00,daily,EM-01,Energy Meter 01,Energy Meter,Surface,,29.762,,,,,,21.17,Running,0,4,95.01,7.87,524,1022.941,268.71,5.6852,90.32,,,,,,
2026-01-05 00:00:00,daily,EM-01,Energy Meter 01,Energy Meter,Surface,,30.792,,,,,,20.8,Running,0,0,93.31,7.15,521,943.177,232.29,5.0519,78.47,,,,,,
2026-01-06 00:00:00,daily,EM-01,Energy Meter 01,Energy Meter,Surface,,33.45,,,,,,19.45,Running,0,4,94.31,9.45,522,1043.076,261.62,6.4548,58.61,,,,,,
2026-01-07 00:00:00,daily,EM-01,Energy Meter 01,Energy Meter,Surface,,30.721,,,,,,19.79,Running,0,8,92.73,13.46,520,934.465,222.41,5.4678,71.36,,,,,,
2026-01-08 00:00:00,daily,EM-01,Energy Meter 01,Energy Meter,Surface,,30.46,,,,,,21.2,Running,0,6,94.58,9.33,521,955.683,239.75,5.3213,41.86,,,,,,
2026-01-09 00:00:00,daily,EM-01,Energy Meter 01,Energy Meter,Surface,,31.003,,,,,,18.24,Running,0,1,95.63,3.49,509,868.09,226.14,4.367,40.64,,,,,,
2026-01-10 00:00:00,daily,EM-01,Energy Meter 01,Energy Meter,Surface,,31.554,,,,,,21.77,Running,0,4,93.42,8.28,511,910.857,229.47,4.7904,57.37,,,,,,
2026-01-11 00:00:00,daily,EM-01,Energy Meter 01,Energy Meter,Surface,,31.537,,,,,,20.76,Running,0,10,89.32,15.17,514,916.043,247.51,5.0903,57.69,,,,,,
2026-01-12 00:00:00,daily,EM-01,Energy Meter 01,Energy Meter,Surface,,30.41,,,,,,19.68,Running,0,4,94.96,5.9,510,958.156,243.7,5.184,62.56,,,,,,
2026-01-13 00:00:00,daily,EM-01,Energy Meter 01,Energy Meter,Surface,,30.439,,,,,,22.62,Running,0,9,93.71,13.87,510,917.987,225.17,5.1347,58.53,,,,,,
2026-01-14 00:00:00,daily,EM-01,Energy Meter 01,Energy Meter,Surface,,30.728,,,,,,17.19,Running,0,4,93.3,8.41,510,942.041,239.16,4.8829,67.89,,,,,,
2026-01-15 00:00:00,daily,EM-01,Energy Meter 01,Energy Meter,Surface,,30.294,,,,,,18.8,Running,0,4,93.28,9.32,506,939.899,223.27,5.0749,82.45,,,,,,
2026-01-16 00:00:00,daily,EM-01,Energy Meter 01,Energy Meter,Surface,,29.79,,,,,,18.37,Running,0,3,95.13,5.62,508,902.802,219.31,4.6216,43.91,,,,,,
2026-01-17 00:00:00,daily,EM-01,Energy Meter 01,Energy Meter,Surface,,32.833,,,,,,20.37,Running,0,2,93.83,9.1,508,896.638,214.42,5.4761,51.89,,,,,,
2026-01-18 00:00:00,daily,EM-01,Energy Meter 01,Energy Meter,Surface,,30.618,,,,,,21.95,Running,0,6,95.96,8.42,505,880.846,220.34,5.1715,38.5,,,,,,
2026-01-19 00:00:00,daily,EM-01,Energy Meter 01,Energy Meter,Surface,,30.675,,,,,,17.79,Running,0,0,95.99,5.84,506,985.929,246.0,5.3789,49.3,,,,,,
2026-01-20 00:00:00,daily,EM-01,Energy Meter 01,Energy Meter,Surface,,30.706,,,,,,24.0,Running,0,2,94.03,7.92,493,902.851,235.35,4.8561,80.68,,,,,,
2026-01-21 00:00:00,daily,EM-01,Energy Meter 01,Energy Meter,Surface,,30.945,,,,,,18.41,Running,0,3,93.62,6.78,498,940.737,234.39,4.5054,39.49,,,,,,
2026-01-22 00:00:00,daily,EM-01,Energy Meter 01,Energy Meter,Surface,,31.46,,,,,,20.37,Running,0,5,94.65,9.91,502,911.616,219.88,5.7585,46.2,,,,,,
2026-01-23 00:00:00,daily,EM-01,Energy Meter 01,Energy Meter,Surface,,30.56,,,,,,19.69,Running,0,4,94.21,7.82,494,984.772,258.67,5.483,60.39,,,,,,
2026-01-24 00:00:00,daily,EM-01,Energy Meter 01,Energy Meter,Surface,,32.165,,,,,,19.77,Running,0,9,91.63,11.35,492,801.736,176.88,4.4773,43.8,,,,,,
2026-01-25 00:00:00,daily,EM-01,Energy Meter 01,Energy Meter,Surface,,31.624,,,,,,18.16,Running,0,0,97.49,0.0,494,939.205,235.11,5.1364,63.17,,,,,,
2026-01-26 00:00:00,daily,EM-01,Energy Meter 01,Energy Meter,Surface,,30.835,,,,,,21.73,Running,0,1,95.56,5.96,493,845.738,213.18,4.2119,75.71,,,,,,
2026-01-27 00:00:00,daily,EM-01,Energy Meter 01,Energy Meter,Surface,,30.36,,,,,,18.04,Running,0,3,93.67,8.06,489,944.481,236.04,4.9575,71.02,,,,,,
2026-01-28 00:00:00,daily,EM-01,Energy Meter 01,Energy Meter,Surface,,32.111,,,,,,16.28,Running,0,3,91.34,8.48,498,912.252,232.06,5.6749,55.0,,,,,,
2026-01-29 00:00:00,daily,EM-01,Energy Meter 01,Energy Meter,Surface,,30.865,,,,,,17.53,Running,0,5,94.11,10.23,490,832.349,208.97,4.1952,61.72,,,,,,
2026-01-30 00:00:00,daily,EM-01,Energy Meter 01,Energy Meter,Surface,,29.784,,,,,,22.46,Running,0,1,93.45,8.1,484,941.315,239.33,4.7524,78.71,,,,,,
2026-01-31 00:00:00,daily,EM-01,Energy Meter 01,Energy Meter,Surface,,32.048,,,,,,22.08,Running,0,4,94.28,11.79,480,934.514,228.81,5.1023,48.08,,,,,,
2026-02-01 00:00:00,daily,EM-01,Energy Meter 01,Energy Meter,Surface,,30.301,,,,,,15.83,Running,0,13,90.91,15.55,486,907.196,215.13,5.6493,68.81,,,,,,
2026-02-02 00:00:00,daily,EM-01,Energy Meter 01,Energy Meter,Surface,,31.896,,,,,,21.24,Running,0,3,93.61,7.5,479,914.801,228.33,5.1341,64.67,,,,,,
2026-02-03 00:00:00,daily,EM-01,Energy Meter 01,Energy Meter,Surface,,28.513,,,,,,15.87,Running,0,2,93.7,11.56,490,930.772,224.48,5.0143,71.38,,,,,,
2026-02-04 00:00:00,daily,EM-01,Energy Meter 01,Energy Meter,Surface,,30.659,,,,,,19.63,Running,0,4,94.04,11.56,482,991.781,242.12,5.1666,43.84,,,,,,
2026-02-05 00:00:00,daily,EM-01,Energy Meter 01,Energy Meter,Surface,,32.188,,,,,,17.36,Running,0,0,93.97,7.33,481,902.234,234.85,5.6832,69.15,,,,,,
2026-02-06 00:00:00,daily,EM-01,Energy Meter 01,Energy Meter,Surface,,31.033,,,,,,21.39,Running,0,2,94.42,5.74,479,981.882,257.93,5.7497,77.96,,,,,,
2026-02-07 00:00:00,daily,EM-01,Energy Meter 01,Energy Meter,Surface,,31.626,,,,,,20.74,Running,0,0,96.76,0.22,481,918.859,238.86,4.7566,68.33,,,,,,
2026-02-08 00:00:00,daily,EM-01,Energy Meter 01,Energy Meter,Surface,,30.126,,,,,,21.56,Running,0,1,93.5,9.86,465,998.856,257.37,5.0442,49.8,,,,,,
2026-02-09 00:00:00,daily,EM-01,Energy Meter 01,Energy Meter,Surface,,31.376,,,,,,19.11,Running,0,0,92.86,8.05,469,907.009,227.23,4.8983,43.6,,,,,,
2026-02-10 00:00:00,daily,EM-01,Energy Meter 01,Energy Meter,Surface,,31.032,,,,,,19.31,Running,1,3,91.54,12.66,476,881.145,228.41,4.5471,67.78,,,,,,
2026-02-11 00:00:00,daily,EM-01,Energy Meter 01,Energy Meter,Surface,,31.272,,,,,,16.8,Running,0,5,93.48,7.99,477,855.27,216.66,4.6115,61.91,,,,,,
2026-02-12 00:00:00,daily,EM-01,Energy Meter 01,Energy Meter,Surface,,33.068,,,,,,17.7,Running,0,8,92.05,9.57,464,919.108,245.36,4.7981,81.97,,,,,,
2026-02-13 00:00:00,daily,EM-01,Energy Meter 01,Energy Meter,Surface,,32.333,,,,,,21.5,Running,0,2,95.82,4.72,460,873.552,211.04,4.8066,54.8,,,,,,
2026-02-14 00:00:00,daily,EM-01,Energy Meter 01,Energy Meter,Surface,,31.821,,,,,,20.39,Running,0,0,94.13,5.62,467,1005.418,256.74,5.4125,51.74,,,,,,
2026-02-15 00:00:00,daily,EM-01,Energy Meter 01,Energy Meter,Surface,,31.834,,,,,,19.88,Running,0,2,95.78,4.79,467,868.882,207.11,5.2552,68.2,,,,,,
2026-02-16 00:00:00,daily,EM-01,Energy Meter 01,Energy Meter,Surface,,30.12,,,,,,22.1,Running,0,3,96.61,3.27,464,879.76,225.37,4.6631,68.12,,,,,,
2026-02-17 00:00:00,daily,EM-01,Energy Meter 01,Energy Meter,Surface,,30.558,,,,,,17.18,Running,0,3,92.87,9.95,462,956.032,225.26,5.7951,63.23,,,,,,
2026-02-18 00:00:00,daily,EM-01,Energy Meter 01,Energy Meter,Surface,,29.497,,,,,,21.06,Running,0,4,93.69,9.04,453,992.321,238.37,5.2601,76.71,,,,,,
2026-02-19 00:00:00,daily,EM-01,Energy Meter 01,Energy Meter,Surface,,29.76,,,,,,17.42,Running,0,1,96.37,2.93,458,965.043,231.0,5.523,53.59,,,,,,
2026-02-20 00:00:00,daily,EM-01,Energy Meter 01,Energy Meter,Surface,,30.143,,,,,,22.52,Running,0,0,94.54,9.85,457,984.707,248.19,5.3389,50.01,,,,,,
2026-02-21 00:00:00,daily,EM-01,Energy Meter 01,Energy Meter,Surface,,31.001,,,,,,20.73,Running,0,4,95.06,6.59,454,916.379,231.93,5.4363,42.43,,,,,,
2026-02-22 00:00:00,daily,EM-01,Energy Meter 01,Energy Meter,Surface,,29.805,,,,,,21.53,Running,0,5,95.87,8.78,447,917.231,248.91,5.2728,50.01,,,,,,
2026-02-23 00:00:00,daily,EM-01,Energy Meter 01,Energy Meter,Surface,,30.991,,,,,,18.33,Running,0,0,95.65,6.57,456,1041.91,259.75,5.6498,75.78,,,,,,
2026-02-24 00:00:00,daily,EM-01,Energy Meter 01,Energy Meter,Surface,,30.877,,,,,,23.87,Running,0,0,94.86,7.33,456,1022.627,261.84,5.4092,54.12,,,,,,
2026-02-25 00:00:00,daily,EM-01,Energy Meter 01,Energy Meter,Surface,,29.897,,,,,,23.52,Running,0,1,96.43,4.01,448,964.07,242.3,4.9919,81.15,,,,,,
2026-02-26 00:00:00,daily,EM-01,Energy Meter 01,Energy Meter,Surface,,32.557,,,,,,20.51,Running,0,6,94.08,9.51,449,987.62,252.42,5.9424,51.84,,,,,,
2026-02-27 00:00:00,daily,EM-01,Energy Meter 01,Energy Meter,Surface,,29.707,,,,,,21.94,Running,0,1,95.02,7.05,446,972.742,244.33,6.0051,72.2,,,,,,
2026-02-28 00:00:00,daily,EM-01,Energy Meter 01,Energy Meter,Surface,,32.149,,,,,,19.1,Running,0,5,93.89,10.26,445,848.878,221.02,5.0439,56.35,,,,,,
2026-03-01 00:00:00,daily,EM-01,Energy Meter 01,Energy Meter,Surface,,28.777,,,,,,17.24,Running,0,3,95.8,9.09,447,918.864,221.29,5.4952,46.47,,,,,,
2026-03-02 00:00:00,daily,EM-01,Energy Meter 01,Energy Meter,Surface,,30.889,,,,,,21.21,Running,0,3,93.04,8.29,446,1011.055,233.18,5.0857,68.56,,,,,,
2026-03-03 00:00:00,daily,EM-01,Energy Meter 01,Energy Meter,Surface,,29.834,,,,,,17.91,Running,0,7,91.46,13.18,447,964.476,244.46,4.9187,84.62,,,,,,
2026-03-04 00:00:00,daily,EM-01,Energy Meter 01,Energy Meter,Surface,,30.377,,,,,,22.2,Running,0,4,95.2,7.9,445,917.446,214.92,5.4597,80.01,,,,,,
2026-03-05 00:00:00,daily,EM-01,Energy Meter 01,Energy Meter,Surface,,32.842,,,,,,21.69,Running,0,5,92.51,11.4,439,1011.793,263.44,5.0458,55.22,,,,,,
2026-03-06 00:00:00,daily,EM-01,Energy Meter 01,Energy Meter,Surface,,30.685,,,,,,20.13,Running,0,5,92.34,9.85,450,943.432,231.47,4.829,63.04,,,,,,
2026-03-07 00:00:00,daily,EM-01,Energy Meter 01,Energy Meter,Surface,,29.928,,,,,,20.02,Running,0,2,96.15,4.56,443,966.616,233.35,6.0246,45.96,,,,,,
2026-03-08 00:00:00,daily,EM-01,Energy Meter 01,Energy Meter,Surface,,31.52,,,,,,21.58,Running,0,2,95.66,4.9,433,943.759,257.54,5.6298,59.88,,,,,,
2026-03-09 00:00:00,daily,EM-01,Energy Meter 01,Energy Meter,Surface,,30.677,,,,,,20.21,Running,0,2,93.56,7.8,434,953.763,238.29,5.9577,53.48,,,,,,
2026-03-10 00:00:00,daily,EM-01,Energy Meter 01,Energy Meter,Surface,,31.184,,,,,,18.9,Running,0,12,89.23,13.4,425,958.06,237.83,5.3535,82.85,,,,,,
2026-03-11 00:00:00,daily,EM-01,Energy Meter 01,Energy Meter,Surface,,30.119,,,,,,16.77,Running,0,2,94.95,6.86,431,999.287,255.81,5.5452,71.58,,,,,,
2026-03-12 00:00:00,daily,EM-01,Energy Meter 01,Energy Meter,Surface,,30.168,,,,,,21.52,Running,0,4,95.15,5.28,436,1007.11,258.3,5.5893,49.6,,,,,,
2026-03-13 00:00:00,daily,EM-01,Energy Meter 01,Energy Meter,Surface,,30.246,,,,,,20.38,Running,0,2,94.91,8.0,439,894.254,232.68,5.7442,80.14,,,,,,
2026-03-14 00:00:00,daily,EM-01,Energy Meter 01,Energy Meter,Surface,,31.832,,,,,,24.0,Running,0,4,94.83,7.36,426,942.656,225.0,5.7877,70.42,,,,,,
2026-03-15 00:00:00,daily,EM-01,Energy Meter 01,Energy Meter,Surface,,30.807,,,,,,19.5,Running,0,8,93.78,9.05,427,997.593,253.69,5.4477,46.62,,,,,,
2026-03-16 00:00:00,daily,EM-01,Energy Meter 01,Energy Meter,Surface,,29.986,,,,,,20.26,Running,0,3,93.4,8.69,427,913.445,226.02,4.8726,73.06,,,,,,
2026-03-17 00:00:00,daily,EM-01,Energy Meter 01,Energy Meter,Surface,,31.196,,,,,,20.3,Running,0,3,92.28,10.94,431,842.811,203.33,5.4109,57.21,,,,,,
2026-03-18 00:00:00,daily,EM-01,Energy Meter 01,Energy Meter,Surface,,31.114,,,,,,20.93,Running,0,3,92.93,9.41,417,866.833,217.09,5.2655,52.02,,,,,,
2026-03-19 00:00:00,daily,EM-01,Energy Meter 01,Energy Meter,Surface,,31.608,,,,,,17.82,Running,0,4,94.55,9.19,430,870.983,203.26,4.53,43.39,,,,,,
2026-03-20 00:00:00,daily,EM-01,Energy Meter 01,Energy Meter,Surface,,30.553,,,,,,19.53,Running,0,3,94.57,6.72,417,893.874,230.85,5.4073,48.18,,,,,,
2026-03-21 00:00:00,daily,EM-01,Energy Meter 01,Energy Meter,Surface,,30.957,,,,,,21.27,Running,0,3,95.29,7.35,412,876.597,216.82,4.8748,42.39,,,,,,
2026-03-22 00:00:00,daily,EM-01,Energy Meter 01,Energy Meter,Surface,,31.456,,,,,,19.04,Running,0,3,91.76,8.92,414,983.124,241.96,5.9886,78.81,,,,,,
2026-03-23 00:00:00,daily,EM-01,Energy Meter 01,Energy Meter,Surface,,30.026,,,,,,21.2,Running,0,12,91.35,13.53,411,904.775,225.09,4.7625,48.54,,,,,,
2026-03-24 00:00:00,daily,EM-01,Energy Meter 01,Energy Meter,Surface,,31.921,,,,,,19.87,Running,0,3,93.39,8.13,415,997.057,247.92,6.3998,63.31,,,,,,
2026-03-25 00:00:00,daily,EM-01,Energy Meter 01,Energy Meter,Surface,,31.052,,,,,,20.45,Running,0,2,92.36,8.87,405,853.579,222.52,4.8404,75.45,,,,,,
2026-03-26 00:00:00,daily,EM-01,Energy Meter 01,Energy Meter,Surface,,29.934,,,,,,21.89,Running,0,3,94.28,5.73,411,900.204,216.29,4.7061,80.77,,,,,,
2026-03-27 00:00:00,daily,EM-01,Energy Meter 01,Energy Meter,Surface,,29.927,,,,,,19.24,Running,0,5,91.88,8.93,411,927.667,228.86,4.9523,73.81,,,,,,
2026-03-28 00:00:00,daily,EM-01,Energy Meter 01,Energy Meter,Surface,,30.936,,,,,,16.89,Running,0,4,95.86,4.84,413,970.056,240.78,5.5613,77.55,,,,,,
2026-03-29 00:00:00,daily,EM-01,Energy Meter 01,Energy Meter,Surface,,30.486,,,,,,19.17,Running,0,12,92.65,13.29,409,990.041,238.99,5.7689,86.37,,,,,,
2026-03-30 00:00:00,daily,EM-01,Energy Meter 01,Energy Meter,Surface,,31.791,,,,,,18.09,Running,0,2,96.5,3.61,410,889.131,223.56,5.0175,70.99,,,,,,
2026-03-31 00:00:00,daily,EM-01,Energy Meter 01,Energy Meter,Surface,,30.75,,,,,,15.6,Running,0,1,94.79,2.88,401,981.042,239.47,5.9628,61.36,,,,,,
2026-04-01 00:00:00,daily,EM-01,Energy Meter 01,Energy Meter,Surface,,31.34,,,,,,19.48,Running,0,0,92.25,11.58,403,820.529,193.9,4.5891,35.3,,,,,,
2026-04-02 00:00:00,daily,EM-01,Energy Meter 01,Energy Meter,Surface,,30.188,,,,,,20.06,Running,0,0,97.28,1.57,391,973.73,247.64,5.4397,49.09,,,,,,
2026-04-03 00:00:00,daily,EM-01,Energy Meter 01,Energy Meter,Surface,,31.014,,,,,,21.64,Running,0,4,94.35,9.54,398,840.992,222.63,4.8061,52.33,,,,,,
2026-04-04 00:00:00,daily,EM-01,Energy Meter 01,Energy Meter,Surface,,32.353,,,,,,17.49,Running,0,1,94.18,7.3,399,948.262,237.45,4.9388,50.51,,,,,,
2026-04-05 00:00:00,daily,EM-01,Energy Meter 01,Energy Meter,Surface,,30.889,,,,,,19.85,Running,0,0,93.81,8.12,398,989.221,246.48,5.918,55.85,,,,,,
2026-04-06 00:00:00,daily,EM-01,Energy Meter 01,Energy Meter,Surface,,30.484,,,,,,21.85,Running,0,4,94.65,9.89,388,974.71,242.68,6.1092,41.86,,,,,,
2026-04-07 00:00:00,daily,EM-01,Energy Meter 01,Energy Meter,Surface,,30.174,,,,,,18.58,Running,0,5,94.74,8.61,392,823.132,201.66,4.7389,55.65,,,,,,
2026-04-08 00:00:00,daily,EM-01,Energy Meter 01,Energy Meter,Surface,,31.019,,,,,,20.71,Running,0,3,92.5,8.0,391,894.656,233.02,4.9296,51.51,,,,,,
2026-04-09 00:00:00,daily,EM-01,Energy Meter 01,Energy Meter,Surface,,32.447,,,,,,22.75,Running,0,4,93.54,6.85,389,964.512,241.88,5.3968,51.06,,,,,,
2026-04-10 00:00:00,daily,EM-01,Energy Meter 01,Energy Meter,Surface,,29.674,,,,,,16.1,Running,0,3,94.06,4.75,392,962.801,223.27,5.4033,67.9,,,,,,
2026-04-11 00:00:00,daily,EM-01,Energy Meter 01,Energy Meter,Surface,,30.988,,,,,,20.2,Running,1,9,94.8,12.49,387,938.065,244.11,5.6346,50.5,,,,,,
2026-04-12 00:00:00,daily,EM-01,Energy Meter 01,Energy Meter,Surface,,29.324,,,,,,21.91,Running,0,5,94.82,5.53,387,789.42,204.99,4.6931,50.38,,,,,,
2026-04-13 00:00:00,daily,EM-01,Energy Meter 01,Energy Meter,Surface,,30.628,,,,,,19.01,Running,1,11,94.11,10.58,383,993.406,253.16,5.7046,51.98,,,,,,
2026-04-14 00:00:00,daily,EM-01,Energy Meter 01,Energy Meter,Surface,,31.301,,,,,,22.34,Running,0,5,92.96,8.79,388,1004.105,228.98,5.7976,74.33,,,,,,
2026-04-15 00:00:00,daily,EM-01,Energy Meter 01,Energy Meter,Surface,,29.458,,,,,,20.9,Running,0,2,92.87,7.82,386,931.361,232.82,4.8213,77.03,,,,,,
2026-04-16 00:00:00,daily,EM-01,Energy Meter 01,Energy Meter,Surface,,30.594,,,,,,23.08,Running,0,5,91.92,11.35,379,935.258,240.96,5.106,41.23,,,,,,
2026-04-17 00:00:00,daily,EM-01,Energy Meter 01,Energy Meter,Surface,,31.33,,,,,,20.8,Running,0,5,94.77,6.67,390,951.733,240.97,5.482,77.08,,,,,,
2026-04-18 00:00:00,daily,EM-01,Energy Meter 01,Energy Meter,Surface,,31.17,,,,,,23.24,Running,0,2,92.83,11.65,375,1009.183,253.94,5.2251,83.34,,,,,,
2026-04-19 00:00:00,daily,EM-01,Energy Meter 01,Energy Meter,Surface,,31.378,,,,,,20.26,Running,0,8,93.5,10.73,380,936.597,241.31,5.053,82.65,,,,,,
2026-04-20 00:00:00,daily,EM-01,Energy Meter 01,Energy Meter,Surface,,30.065,,,,,,17.05,Running,0,2,94.18,6.97,371,910.1,228.64,5.5592,74.07,,,,,,
2026-04-21 00:00:00,daily,EM-01,Energy Meter 01,Energy Meter,Surface,,31.33,,,,,,18.47,Running,0,3,93.8,5.81,377,944.468,245.75,6.6936,63.86,,,,,,
2026-04-22 00:00:00,daily,EM-01,Energy Meter 01,Energy Meter,Surface,,30.44,,,,,,21.64,Running,0,1,93.77,6.32,375,920.917,231.52,5.6124,40.07,,,,,,
2026-04-23 00:00:00,daily,EM-01,Energy Meter 01,Energy Meter,Surface,,31.754,,,,,,21.6,Running,0,0,92.33,6.18,367,921.605,231.06,4.9247,40.29,,,,,,
2026-04-24 00:00:00,daily,EM-01,Energy Meter 01,Energy Meter,Surface,,28.73,,,,,,19.08,Running,0,3,94.2,7.58,369,815.646,211.05,4.2772,40.65,,,,,,
2026-04-25 00:00:00,daily,EM-01,Energy Meter 01,Energy Meter,Surface,,30.751,,,,,,23.14,Running,0,7,93.26,9.41,375,952.974,235.05,5.9532,59.42,,,,,,
2026-04-26 00:00:00,daily,EM-01,Energy Meter 01,Energy Meter,Surface,,31.14,,,,,,19.0,Running,0,1,93.61,6.66,363,991.898,239.2,5.2788,87.06,,,,,,
2026-04-27 00:00:00,daily,EM-01,Energy Meter 01,Energy Meter,Surface,,32.39,,,,,,20.57,Running,0,3,95.6,3.64,367,982.84,245.74,5.2432,47.93,,,,,,
2026-04-28 00:00:00,daily,EM-01,Energy Meter 01,Energy Meter,Surface,,31.128,,,,,,20.51,Running,0,2,94.55,7.6,365,978.684,249.39,4.9745,65.51,,,,,,
2026-04-29 00:00:00,daily,EM-01,Energy Meter 01,Energy Meter,Surface,,31.23,,,,,,17.13,Running,0,1,92.82,8.79,362,918.451,237.02,4.7985,82.57,,,,,,
2026-04-30 00:00:00,daily,EM-01,Energy Meter 01,Energy Meter,Surface,,31.417,,,,,,19.47,Running,0,4,93.48,8.7,354,930.379,240.04,4.7414,37.86,,,,,,
2026-05-01 00:00:00,daily,EM-01,Energy Meter 01,Energy Meter,Surface,,32.295,,,,,,24.0,Running,0,3,96.27,4.48,363,993.129,247.73,5.3434,42.06,,,,,,
2026-05-02 00:00:00,daily,EM-01,Energy Meter 01,Energy Meter,Surface,,30.66,,,,,,17.91,Running,0,4,93.21,10.0,358,973.693,242.05,5.2502,52.09,,,,,,
2026-05-03 00:00:00,daily,EM-01,Energy Meter 01,Energy Meter,Surface,,29.639,,,,,,20.88,Running,0,3,93.76,7.6,361,1010.84,247.97,5.745,51.81,,,,,,
2026-05-04 00:00:00,daily,EM-01,Energy Meter 01,Energy Meter,Surface,,29.448,,,,,,17.46,Running,0,5,94.75,6.37,356,881.303,222.32,4.6423,57.22,,,,,,
2026-05-05 00:00:00,daily,EM-01,Energy Meter 01,Energy Meter,Surface,,31.706,,,,,,17.89,Running,0,2,94.03,4.6,354,880.935,207.1,5.3712,53.76,,,,,,
2026-05-06 00:00:00,daily,EM-01,Energy Meter 01,Energy Meter,Surface,,31.266,,,,,,16.96,Running,0,3,93.08,9.59,354,901.725,225.61,5.0563,62.38,,,,,,
2026-05-07 00:00:00,daily,EM-01,Energy Meter 01,Energy Meter,Surface,,30.786,,,,,,21.49,Running,0,1,92.48,10.71,347,865.104,239.07,4.6392,40.97,,,,,,
2026-05-08 00:00:00,daily,EM-01,Energy Meter 01,Energy Meter,Surface,,30.457,,,,,,18.01,Running,0,6,93.64,8.54,356,842.406,198.57,4.2784,62.58,,,,,,
2026-05-09 00:00:00,daily,EM-01,Energy Meter 01,Energy Meter,Surface,,31.224,,,,,,22.11,Running,0,3,94.71,11.24,347,949.818,238.71,5.4504,48.19,,,,,,
2026-05-10 00:00:00,daily,EM-01,Energy Meter 01,Energy Meter,Surface,,31.253,,,,,,18.66,Running,0,2,95.76,6.26,345,945.74,239.46,4.936,59.2,,,,,,
2026-05-11 00:00:00,daily,EM-01,Energy Meter 01,Energy Meter,Surface,,31.523,,,,,,19.93,Running,0,8,91.29,11.88,350,936.487,238.17,5.272,39.02,,,,,,
2026-05-12 00:00:00,daily,EM-01,Energy Meter 01,Energy Meter,Surface,,29.935,,,,,,20.47,Running,0,5,96.45,5.97,345,942.946,228.0,4.9152,75.33,,,,,,
2026-05-13 00:00:00,daily,EM-01,Energy Meter 01,Energy Meter,Surface,,29.279,,,,,,16.58,Running,0,6,93.16,13.8,342,833.905,212.6,4.8943,59.5,,,,,,
2026-05-14 00:00:00,daily,EM-01,Energy Meter 01,Energy Meter,Surface,,30.13,,,,,,20.07,Running,0,3,95.09,7.37,343,892.932,218.96,4.7317,45.04,,,,,,
2026-05-15 00:00:00,daily,EM-01,Energy Meter 01,Energy Meter,Surface,,29.693,,,,,,20.35,Running,0,2,92.43,6.15,342,904.134,214.61,5.0551,63.37,,,,,,
2026-05-16 00:00:00,daily,EM-01,Energy Meter 01,Energy Meter,Surface,,29.641,,,,,,21.87,Running,0,4,91.02,13.43,338,924.659,238.78,5.5777,57.19,,,,,,
2026-05-17 00:00:00,daily,EM-01,Energy Meter 01,Energy Meter,Surface,,32.614,,,,,,17.84,Running,0,3,91.49,10.15,341,834.17,213.86,4.6821,67.83,,,,,,
2026-05-18 00:00:00,daily,EM-01,Energy Meter 01,Energy Meter,Surface,,28.778,,,,,,18.11,Running,0,2,93.05,5.88,330,866.095,208.79,4.422,77.24,,,,,,
2026-05-19 00:00:00,daily,EM-01,Energy Meter 01,Energy Meter,Surface,,31.514,,,,,,20.95,Running,0,7,94.42,11.21,335,895.581,219.54,5.3382,41.4,,,,,,
2026-05-20 00:00:00,daily,EM-01,Energy Meter 01,Energy Meter,Surface,,31.952,,,,,,22.39,Running,0,4,93.62,11.9,336,985.274,241.68,6.0749,63.56,,,,,,
2026-05-21 00:00:00,daily,EM-01,Energy Meter 01,Energy Meter,Surface,,32.033,,,,,,18.54,Running,0,6,93.16,7.76,334,937.496,221.23,5.0734,49.59,,,,,,
2026-05-22 00:00:00,daily,EM-01,Energy Meter 01,Energy Meter,Surface,,31.322,,,,,,17.31,Running,0,2,95.34,4.72,321,983.085,251.87,6.1494,76.17,,,,,,
2026-05-23 00:00:00,daily,EM-01,Energy Meter 01,Energy Meter,Surface,,32.365,,,,,,19.07,Running,0,3,93.55,9.35,328,914.452,235.01,4.6008,38.15,,,,,,
2026-05-24 00:00:00,daily,EM-01,Energy Meter 01,Energy Meter,Surface,,32.829,,,,,,17.73,Running,0,5,93.99,6.65,322,921.864,227.81,4.6451,61.98,,,,,,
2026-05-25 00:00:00,daily,EM-01,Energy Meter 01,Energy Meter,Surface,,30.744,,,,,,20.44,Running,0,1,98.51,1.82,331,951.756,237.71,4.9452,78.86,,,,,,
2026-05-26 00:00:00,daily,EM-01,Energy Meter 01,Energy Meter,Surface,,31.493,,,,,,17.61,Running,0,3,93.51,7.66,323,911.186,228.71,5.0659,54.18,,,,,,
2026-05-27 00:00:00,daily,EM-01,Energy Meter 01,Energy Meter,Surface,,32.322,,,,,,21.55,Running,0,4,92.4,9.84,328,884.342,223.04,4.4222,72.42,,,,,,
2026-05-28 00:00:00,daily,EM-01,Energy Meter 01,Energy Meter,Surface,,30.184,,,,,,20.09,Running,0,4,94.28,5.2,317,832.446,197.33,4.244,39.41,,,,,,
2026-05-29 00:00:00,daily,EM-01,Energy Meter 01,Energy Meter,Surface,,30.802,,,,,,21.61,Running,0,4,94.67,9.11,322,885.965,225.4,5.1033,76.12,,,,,,
2025-05-30 00:00:00,daily,EMS-01,Underground EMS 01,Underground EMS,Underground,,28.96,,,,,,16.25,Running,0,3,94.24,6.6,785,29.157,,,,0.345,8.12,2.658,0,75.6,21.37
2025-05-31 00:00:00,daily,EMS-01,Underground EMS 01,Underground EMS,Underground,,27.444,,,,,,15.99,Running,0,1,95.23,3.87,780,23.853,,,,0.274,13.7,3.062,0,78.4,28.31
2025-06-01 00:00:00,daily,EMS-01,Underground EMS 01,Underground EMS,Underground,,28.58,,,,,,19.55,Running,0,1,94.85,6.04,775,20.687,,,,0.142,6.21,2.818,0,81.3,15.34
2025-06-02 00:00:00,daily,EMS-01,Underground EMS 01,Underground EMS,Underground,,31.698,,,,,,18.76,Running,0,6,94.74,8.52,768,24.384,,,,0.294,5.86,2.589,0,78.6,13.09
2025-06-03 00:00:00,daily,EMS-01,Underground EMS 01,Underground EMS,Underground,,30.058,,,,,,17.93,Running,0,6,94.59,5.74,785,23.758,,,,0.313,1.28,2.306,0,79.8,16.95
2025-06-04 00:00:00,daily,EMS-01,Underground EMS 01,Underground EMS,Underground,,27.538,,,,,,17.61,Running,0,1,94.9,3.28,781,25.266,,,,0.409,8.31,3.057,0,77.1,23.78
2025-06-05 00:00:00,daily,EMS-01,Underground EMS 01,Underground EMS,Underground,,31.285,,,,,,19.94,Running,0,0,95.46,6.64,778,22.981,,,,0.354,9.74,2.583,0,79.9,25.69
2025-06-06 00:00:00,daily,EMS-01,Underground EMS 01,Underground EMS,Underground,,29.545,,,,,,22.18,Running,0,3,95.25,5.52,768,24.943,,,,0.208,9.74,2.513,0,74.4,22.67
2025-06-07 00:00:00,daily,EMS-01,Underground EMS 01,Underground EMS,Underground,,30.163,,,,,,19.94,Running,0,0,96.69,1.18,767,26.831,,,,0.394,4.89,2.767,0,87.9,21.28
2025-06-08 00:00:00,daily,EMS-01,Underground EMS 01,Underground EMS,Underground,,29.688,,,,,,22.21,Running,0,1,94.0,8.55,770,20.046,,,,0.169,7.97,2.466,0,66.0,14.98
2025-06-09 00:00:00,daily,EMS-01,Underground EMS 01,Underground EMS,Underground,,29.589,,,,,,18.96,Running,0,3,95.24,5.89,763,21.921,,,,0.282,8.66,2.374,0,80.9,28.02
2025-06-10 00:00:00,daily,EMS-01,Underground EMS 01,Underground EMS,Underground,,26.205,,,,,,20.53,Running,0,0,98.76,5.09,762,26.518,,,,0.34,8.16,2.403,0,79.6,16.41
2025-06-11 00:00:00,daily,EMS-01,Underground EMS 01,Underground EMS,Underground,,30.551,,,,,,22.28,Running,0,2,94.76,7.51,770,22.346,,,,0.397,4.72,2.402,0,79.9,17.61
2025-06-12 00:00:00,daily,EMS-01,Underground EMS 01,Underground EMS,Underground,,25.846,,,,,,19.38,Running,0,0,94.81,8.44,763,23.756,,,,0.431,8.23,2.262,0,72.1,25.52
2025-06-13 00:00:00,daily,EMS-01,Underground EMS 01,Underground EMS,Underground,,30.424,,,,,,19.73,Running,0,4,92.78,10.07,757,22.589,,,,0.382,5.56,2.228,0,69.6,18.86
2025-06-14 00:00:00,daily,EMS-01,Underground EMS 01,Underground EMS,Underground,,29.141,,,,,,18.96,Running,0,5,93.65,7.7,764,22.777,,,,0.269,2.38,2.892,0,81.0,16.64
2025-06-15 00:00:00,daily,EMS-01,Underground EMS 01,Underground EMS,Underground,,30.172,,,,,,20.82,Running,0,2,94.6,6.58,757,22.522,,,,0.326,10.04,2.801,0,84.7,21.49
2025-06-16 00:00:00,daily,EMS-01,Underground EMS 01,Underground EMS,Underground,,29.224,,,,,,21.41,Running,0,3,95.61,8.31,750,20.225,,,,0.298,8.42,2.353,0,79.1,27.73
2025-06-17 00:00:00,daily,EMS-01,Underground EMS 01,Underground EMS,Underground,,30.464,,,,,,20.35,Running,0,1,95.78,7.4,752,25.378,,,,0.223,9.78,2.867,0,82.0,21.64
2025-06-18 00:00:00,daily,EMS-01,Underground EMS 01,Underground EMS,Underground,,29.026,,,,,,19.24,Running,0,1,95.25,3.67,753,27.188,,,,0.271,6.4,2.693,0,75.7,15.0
2025-06-19 00:00:00,daily,EMS-01,Underground EMS 01,Underground EMS,Underground,,29.396,,,,,,16.8,Running,0,1,96.0,3.1,755,23.472,,,,0.424,9.88,2.503,0,79.7,23.36
2025-06-20 00:00:00,daily,EMS-01,Underground EMS 01,Underground EMS,Underground,,29.57,,,,,,19.59,Running,0,4,93.1,7.27,753,26.849,,,,0.332,11.07,2.232,0,84.1,27.58
2025-06-21 00:00:00,daily,EMS-01,Underground EMS 01,Underground EMS,Underground,,31.634,,,,,,19.31,Running,0,0,95.47,8.47,756,22.528,,,,0.445,13.26,2.702,0,76.4,33.36
2025-06-22 00:00:00,daily,EMS-01,Underground EMS 01,Underground EMS,Underground,,29.844,,,,,,20.13,Running,0,1,94.69,3.97,749,22.351,,,,0.193,10.44,3.16,0,83.9,23.12
2025-06-23 00:00:00,daily,EMS-01,Underground EMS 01,Underground EMS,Underground,,27.16,,,,,,19.9,Running,0,4,94.85,8.78,746,25.233,,,,0.25,9.15,2.604,0,69.8,21.12
2025-06-24 00:00:00,daily,EMS-01,Underground EMS 01,Underground EMS,Underground,,28.215,,,,,,22.7,Running,0,6,94.06,9.11,752,25.284,,,,0.313,3.86,2.9,0,74.9,19.61
2025-06-25 00:00:00,daily,EMS-01,Underground EMS 01,Underground EMS,Underground,,29.842,,,,,,18.34,Running,0,5,93.1,9.95,750,23.663,,,,0.339,7.68,2.536,0,80.7,22.96
2025-06-26 00:00:00,daily,EMS-01,Underground EMS 01,Underground EMS,Underground,,30.768,,,,,,16.66,Running,0,4,92.67,9.32,744,26.031,,,,0.271,3.73,2.877,0,87.5,13.81
2025-06-27 00:00:00,daily,EMS-01,Underground EMS 01,Underground EMS,Underground,,27.994,,,,,,17.49,Running,0,2,95.11,9.23,744,20.141,,,,0.344,5.54,2.555,0,78.1,23.27
2025-06-28 00:00:00,daily,EMS-01,Underground EMS 01,Underground EMS,Underground,,32.141,,,,,,18.46,Running,0,4,95.38,6.7,740,23.09,,,,0.344,13.87,1.878,0,72.8,33.53
2025-06-29 00:00:00,daily,EMS-01,Underground EMS 01,Underground EMS,Underground,,29.251,,,,,,21.76,Running,0,1,94.36,5.01,736,26.896,,,,0.169,4.93,2.383,0,87.4,15.63
2025-06-30 00:00:00,daily,EMS-01,Underground EMS 01,Underground EMS,Underground,,29.595,,,,,,17.19,Running,0,1,94.53,5.24,748,26.888,,,,0.34,0.97,2.64,0,77.4,16.8
2025-07-01 00:00:00,daily,EMS-01,Underground EMS 01,Underground EMS,Underground,,27.25,,,,,,17.45,Running,0,4,93.38,5.97,736,26.51,,,,0.366,10.44,2.925,0,81.3,27.59
2025-07-02 00:00:00,daily,EMS-01,Underground EMS 01,Underground EMS,Underground,,30.568,,,,,,20.47,Running,0,4,95.32,8.95,738,27.064,,,,0.304,5.98,2.554,0,76.3,19.72
2025-07-03 00:00:00,daily,EMS-01,Underground EMS 01,Underground EMS,Underground,,28.382,,,,,,21.31,Running,0,5,94.6,10.41,729,22.885,,,,0.133,10.3,2.609,0,78.7,22.64
2025-07-04 00:00:00,daily,EMS-01,Underground EMS 01,Underground EMS,Underground,,27.963,,,,,,16.71,Running,0,6,93.9,10.71,737,18.887,,,,0.258,4.49,2.424,0,75.2,8.41
2025-07-05 00:00:00,daily,EMS-01,Underground EMS 01,Underground EMS,Underground,,28.563,,,,,,16.28,Running,0,2,95.86,5.51,728,23.226,,,,0.315,6.72,3.068,0,89.3,20.8
2025-07-06 00:00:00,daily,EMS-01,Underground EMS 01,Underground EMS,Underground,,30.943,,,,,,18.17,Running,0,0,95.49,3.46,738,25.91,,,,0.211,11.59,3.05,0,84.0,24.1
2025-07-07 00:00:00,daily,EMS-01,Underground EMS 01,Underground EMS,Underground,,29.66,,,,,,20.94,Running,0,4,91.99,9.11,737,26.401,,,,0.354,4.03,2.397,0,86.8,19.56
2025-07-08 00:00:00,daily,EMS-01,Underground EMS 01,Underground EMS,Underground,,27.763,,,,,,19.95,Running,0,2,94.51,5.71,731,22.424,,,,0.339,7.49,2.145,0,74.1,20.7
2025-07-09 00:00:00,daily,EMS-01,Underground EMS 01,Underground EMS,Underground,,28.266,,,,,,18.24,Running,0,2,92.88,9.88,728,21.099,,,,0.291,8.87,2.058,0,68.9,26.78
2025-07-10 00:00:00,daily,EMS-01,Underground EMS 01,Underground EMS,Underground,,30.982,,,,,,21.1,Running,0,1,94.62,10.3,725,21.397,,,,0.282,5.84,2.781,0,76.5,16.42
2025-07-11 00:00:00,daily,EMS-01,Underground EMS 01,Underground EMS,Underground,,28.678,,,,,,19.92,Running,1,7,89.34,17.69,724,22.372,,,,0.296,8.73,2.641,0,90.6,22.08
2025-07-12 00:00:00,daily,EMS-01,Underground EMS 01,Underground EMS,Underground,,29.794,,,,,,19.47,Running,0,0,94.68,6.47,725,18.312,,,,0.28,8.05,2.365,0,76.4,19.88
2025-07-13 00:00:00,daily,EMS-01,Underground EMS 01,Underground EMS,Underground,,30.137,,,,,,16.58,Running,0,1,95.49,1.84,722,22.422,,,,0.177,9.6,2.682,0,83.3,24.28
2025-07-14 00:00:00,daily,EMS-01,Underground EMS 01,Underground EMS,Underground,,24.223,,,,,,18.2,Running,0,2,94.16,5.84,725,24.147,,,,0.246,13.53,2.231,0,72.9,22.65
2025-07-15 00:00:00,daily,EMS-01,Underground EMS 01,Underground EMS,Underground,,30.78,,,,,,23.44,Running,0,5,92.46,12.93,716,23.71,,,,0.286,16.03,2.838,0,73.9,39.42
2025-07-16 00:00:00,daily,EMS-01,Underground EMS 01,Underground EMS,Underground,,27.817,,,,,,19.03,Running,0,2,97.44,4.05,724,23.013,,,,0.394,9.39,2.485,0,77.6,32.3
2025-07-17 00:00:00,daily,EMS-01,Underground EMS 01,Underground EMS,Underground,,28.506,,,,,,17.84,Running,0,3,96.14,4.69,715,21.936,,,,0.336,7.67,2.276,0,88.5,21.57
2025-07-18 00:00:00,daily,EMS-01,Underground EMS 01,Underground EMS,Underground,,31.166,,,,,,18.95,Running,0,2,93.43,8.35,712,22.285,,,,0.398,9.32,2.49,0,83.5,30.99
2025-07-19 00:00:00,daily,EMS-01,Underground EMS 01,Underground EMS,Underground,,31.037,,,,,,19.91,Running,0,4,93.84,7.12,716,22.338,,,,0.168,7.3,2.48,0,67.7,17.22
2025-07-20 00:00:00,daily,EMS-01,Underground EMS 01,Underground EMS,Underground,,29.701,,,,,,21.38,Running,0,3,91.08,10.09,714,26.12,,,,0.252,3.24,2.71,0,81.3,18.64
2025-07-21 00:00:00,daily,EMS-01,Underground EMS 01,Underground EMS,Underground,,30.032,,,,,,20.87,Running,0,9,94.99,11.16,704,24.001,,,,0.446,7.86,2.95,0,72.3,30.25
2025-07-22 00:00:00,daily,EMS-01,Underground EMS 01,Underground EMS,Underground,,30.381,,,,,,18.38,Running,0,4,92.02,14.6,708,33.505,,,,0.221,11.25,2.934,0,74.6,31.19
2025-07-23 00:00:00,daily,EMS-01,Underground EMS 01,Underground EMS,Underground,,31.015,,,,,,22.12,Running,0,0,95.27,4.98,700,23.007,,,,0.219,3.61,2.648,0,80.6,8.39
2025-07-24 00:00:00,daily,EMS-01,Underground EMS 01,Underground EMS,Underground,,31.193,,,,,,21.24,Running,0,1,95.83,2.34,705,25.318,,,,0.259,5.05,2.544,0,85.0,17.21
2025-07-25 00:00:00,daily,EMS-01,Underground EMS 01,Underground EMS,Underground,,29.164,,,,,,18.83,Running,0,4,94.06,8.66,704,23.074,,,,0.442,6.25,2.429,0,84.7,19.67
2025-07-26 00:00:00,daily,EMS-01,Underground EMS 01,Underground EMS,Underground,,27.981,,,,,,19.43,Running,0,7,92.45,10.28,706,23.001,,,,0.227,9.12,2.07,0,79.7,20.07
2025-07-27 00:00:00,daily,EMS-01,Underground EMS 01,Underground EMS,Underground,,28.657,,,,,,20.83,Running,0,3,96.14,6.67,700,28.692,,,,0.325,15.13,2.594,0,79.7,40.82
2025-07-28 00:00:00,daily,EMS-01,Underground EMS 01,Underground EMS,Underground,,29.192,,,,,,21.74,Running,1,10,94.13,9.93,700,26.997,,,,0.312,5.57,2.345,0,84.7,20.68
2025-07-29 00:00:00,daily,EMS-01,Underground EMS 01,Underground EMS,Underground,,28.94,,,,,,16.76,Running,0,2,94.26,5.7,706,18.741,,,,0.126,8.27,2.966,0,70.1,19.77
2025-07-30 00:00:00,daily,EMS-01,Underground EMS 01,Underground EMS,Underground,,27.598,,,,,,19.82,Running,0,9,92.6,12.92,708,20.937,,,,0.279,8.02,2.54,0,87.1,23.34
2025-07-31 00:00:00,daily,EMS-01,Underground EMS 01,Underground EMS,Underground,,29.627,,,,,,19.62,Running,0,2,94.38,7.16,695,23.596,,,,0.237,7.1,2.824,0,74.3,20.3
2025-08-01 00:00:00,daily,EMS-01,Underground EMS 01,Underground EMS,Underground,,26.821,,,,,,18.58,Running,0,5,93.73,9.99,701,22.454,,,,0.335,7.86,2.455,0,79.3,21.95
2025-08-02 00:00:00,daily,EMS-01,Underground EMS 01,Underground EMS,Underground,,29.135,,,,,,18.57,Running,0,6,91.92,10.79,697,19.48,,,,0.42,6.61,2.397,0,75.5,22.49
2025-08-03 00:00:00,daily,EMS-01,Underground EMS 01,Underground EMS,Underground,,29.226,,,,,,21.7,Running,0,4,96.17,7.2,687,24.353,,,,0.253,16.23,2.781,0,72.2,31.55
2025-08-04 00:00:00,daily,EMS-01,Underground EMS 01,Underground EMS,Underground,,29.178,,,,,,20.71,Running,0,0,96.83,0.0,690,18.371,,,,0.253,10.25,2.683,0,80.3,16.04
2025-08-05 00:00:00,daily,EMS-01,Underground EMS 01,Underground EMS,Underground,,30.209,,,,,,23.72,Running,0,0,95.63,7.6,680,24.386,,,,0.482,6.63,2.697,0,79.2,26.57
2025-08-06 00:00:00,daily,EMS-01,Underground EMS 01,Underground EMS,Underground,,30.023,,,,,,18.59,Running,0,2,95.37,4.82,692,26.196,,,,0.224,11.55,2.572,0,77.5,25.88
2025-08-07 00:00:00,daily,EMS-01,Underground EMS 01,Underground EMS,Underground,,32.129,,,,,,19.94,Running,0,1,96.79,4.64,685,26.624,,,,0.174,8.77,2.837,0,77.2,17.39
2025-08-08 00:00:00,daily,EMS-01,Underground EMS 01,Underground EMS,Underground,,28.293,,,,,,20.27,Running,1,4,92.27,13.31,688,23.573,,,,0.391,8.17,2.793,0,85.6,25.55
2025-08-09 00:00:00,daily,EMS-01,Underground EMS 01,Underground EMS,Underground,,29.409,,,,,,21.4,Running,0,3,92.24,9.26,697,28.539,,,,0.277,7.45,1.947,0,89.0,22.45
2025-08-10 00:00:00,daily,EMS-01,Underground EMS 01,Underground EMS,Underground,,29.32,,,,,,22.29,Running,0,5,93.25,7.52,691,25.001,,,,0.304,7.25,2.523,0,84.3,24.17
2025-08-11 00:00:00,daily,EMS-01,Underground EMS 01,Underground EMS,Underground,,29.255,,,,,,19.86,Running,0,3,94.38,7.13,681,26.544,,,,0.46,4.34,2.904,0,79.4,19.02
2025-08-12 00:00:00,daily,EMS-01,Underground EMS 01,Underground EMS,Underground,,27.249,,,,,,17.58,Running,0,2,93.42,8.35,678,21.798,,,,0.169,2.98,2.294,0,69.8,8.0
2025-08-13 00:00:00,daily,EMS-01,Underground EMS 01,Underground EMS,Underground,,27.363,,,,,,18.32,Running,0,0,92.24,8.77,686,28.571,,,,0.266,9.11,2.092,0,81.1,25.23
2025-08-14 00:00:00,daily,EMS-01,Underground EMS 01,Underground EMS,Underground,,29.029,,,,,,19.95,Running,0,7,93.86,8.8,676,23.998,,,,0.182,7.42,2.558,0,81.4,19.27
2025-08-15 00:00:00,daily,EMS-01,Underground EMS 01,Underground EMS,Underground,,26.814,,,,,,21.84,Running,0,2,93.69,9.15,682,28.737,,,,0.308,10.63,2.756,0,81.9,30.76
2025-08-16 00:00:00,daily,EMS-01,Underground EMS 01,Underground EMS,Underground,,28.553,,,,,,16.9,Running,0,3,95.17,7.69,688,28.081,,,,0.237,5.33,2.462,0,72.3,20.2
2025-08-17 00:00:00,daily,EMS-01,Underground EMS 01,Underground EMS,Underground,,28.115,,,,,,17.43,Running,0,6,93.88,6.93,679,24.78,,,,0.188,4.71,2.988,0,82.3,20.89
2025-08-18 00:00:00,daily,EMS-01,Underground EMS 01,Underground EMS,Underground,,28.605,,,,,,21.13,Running,0,3,90.74,11.07,679,25.224,,,,0.34,10.33,3.153,0,85.8,26.52
2025-08-19 00:00:00,daily,EMS-01,Underground EMS 01,Underground EMS,Underground,,30.607,,,,,,17.2,Running,0,3,94.39,7.62,677,23.468,,,,0.282,7.11,2.022,0,73.1,25.27
2025-08-20 00:00:00,daily,EMS-01,Underground EMS 01,Underground EMS,Underground,,27.513,,,,,,17.52,Running,0,2,96.29,4.7,670,21.55,,,,0.182,10.57,2.485,0,81.4,19.46
2025-08-21 00:00:00,daily,EMS-01,Underground EMS 01,Underground EMS,Underground,,30.241,,,,,,21.86,Running,0,0,93.79,8.24,672,25.793,,,,0.187,8.1,1.915,0,73.9,25.88
2025-08-22 00:00:00,daily,EMS-01,Underground EMS 01,Underground EMS,Underground,,28.223,,,,,,19.26,Running,0,0,95.31,5.16,665,25.64,,,,0.298,13.63,2.798,0,77.5,32.24
2025-08-23 00:00:00,daily,EMS-01,Underground EMS 01,Underground EMS,Underground,,28.398,,,,,,19.11,Running,0,3,92.9,10.6,673,19.152,,,,0.148,10.27,2.396,0,73.3,22.21
2025-08-24 00:00:00,daily,EMS-01,Underground EMS 01,Underground EMS,Underground,,29.676,,,,,,22.31,Running,0,2,94.6,5.68,662,23.76,,,,0.3,9.23,2.457,0,76.2,27.31
2025-08-25 00:00:00,daily,EMS-01,Underground EMS 01,Underground EMS,Underground,,28.641,,,,,,17.64,Running,0,4,92.49,10.27,668,26.612,,,,0.389,10.4,2.944,0,76.3,25.15
2025-08-26 00:00:00,daily,EMS-01,Underground EMS 01,Underground EMS,Underground,,27.775,,,,,,17.25,Running,0,1,93.27,8.81,668,28.405,,,,0.335,7.18,2.201,0,80.1,19.27
2025-08-27 00:00:00,daily,EMS-01,Underground EMS 01,Underground EMS,Underground,,28.507,,,,,,22.81,Running,0,5,93.26,9.36,661,26.184,,,,0.232,3.07,2.126,0,82.5,13.07
2025-08-28 00:00:00,daily,EMS-01,Underground EMS 01,Underground EMS,Underground,,26.538,,,,,,20.13,Running,0,0,94.39,10.22,658,19.457,,,,0.304,9.08,1.917,0,84.1,25.3
2025-08-29 00:00:00,daily,EMS-01,Underground EMS 01,Underground EMS,Underground,,29.56,,,,,,20.99,Running,0,3,92.3,8.16,659,20.845,,,,0.182,13.82,2.981,0,74.7,33.35
2025-08-30 00:00:00,daily,EMS-01,Underground EMS 01,Underground EMS,Underground,,24.684,,,,,,19.08,Running,0,4,91.25,7.46,655,22.971,,,,0.293,1.13,2.911,0,79.8,9.1
2025-08-31 00:00:00,daily,EMS-01,Underground EMS 01,Underground EMS,Underground,,30.27,,,,,,19.48,Running,0,3,94.33,6.74,658,28.205,,,,0.256,9.41,2.512,0,72.5,27.7
2025-09-01 00:00:00,daily,EMS-01,Underground EMS 01,Underground EMS,Underground,,29.889,,,,,,18.33,Running,0,2,94.26,5.74,652,22.188,,,,0.199,3.39,2.217,0,77.4,11.25
2025-09-02 00:00:00,daily,EMS-01,Underground EMS 01,Underground EMS,Underground,,31.27,,,,,,20.29,Running,0,1,93.73,2.75,651,27.185,,,,0.333,7.93,2.85,0,78.2,22.71
2025-09-03 00:00:00,daily,EMS-01,Underground EMS 01,Underground EMS,Underground,,32.083,,,,,,21.28,Running,0,4,95.03,10.46,656,22.14,,,,0.125,8.24,3.426,0,73.4,16.24
2025-09-04 00:00:00,daily,EMS-01,Underground EMS 01,Underground EMS,Underground,,30.339,,,,,,20.06,Running,0,8,93.19,10.65,655,25.607,,,,0.188,10.24,2.529,0,80.8,21.02
2025-09-05 00:00:00,daily,EMS-01,Underground EMS 01,Underground EMS,Underground,,28.151,,,,,,21.72,Running,1,2,93.95,9.8,650,21.189,,,,0.198,8.63,2.239,0,77.2,21.33
2025-09-06 00:00:00,daily,EMS-01,Underground EMS 01,Underground EMS,Underground,,32.071,,,,,,20.95,Running,0,6,92.92,9.33,643,23.428,,,,0.243,12.12,2.973,0,78.8,25.5
2025-09-07 00:00:00,daily,EMS-01,Underground EMS 01,Underground EMS,Underground,,27.358,,,,,,17.67,Running,0,7,93.05,10.57,653,20.615,,,,0.387,11.5,2.26,0,84.1,26.56
2025-09-08 00:00:00,daily,EMS-01,Underground EMS 01,Underground EMS,Underground,,26.366,,,,,,19.4,Running,0,0,94.0,7.56,645,28.339,,,,0.344,7.41,2.49,0,75.9,22.35
2025-09-09 00:00:00,daily,EMS-01,Underground EMS 01,Underground EMS,Underground,,31.624,,,,,,18.82,Running,0,2,97.06,5.74,654,21.926,,,,0.292,11.28,1.808,0,82.3,28.51
2025-09-10 00:00:00,daily,EMS-01,Underground EMS 01,Underground EMS,Underground,,29.873,,,,,,21.13,Running,0,1,94.61,7.93,644,19.369,,,,0.288,7.06,2.509,0,85.2,16.46
2025-09-11 00:00:00,daily,EMS-01,Underground EMS 01,Underground EMS,Underground,,26.405,,,,,,20.57,Running,0,0,94.28,7.93,643,19.131,,,,0.283,6.55,2.217,0,84.9,21.48
2025-09-12 00:00:00,daily,EMS-01,Underground EMS 01,Underground EMS,Underground,,27.134,,,,,,19.92,Running,0,5,94.62,7.6,640,23.754,,,,0.393,4.39,2.978,0,77.1,23.88
2025-09-13 00:00:00,daily,EMS-01,Underground EMS 01,Underground EMS,Underground,,29.804,,,,,,21.63,Running,0,9,89.61,17.47,641,22.636,,,,0.138,11.94,2.307,0,73.1,27.18
2025-09-14 00:00:00,daily,EMS-01,Underground EMS 01,Underground EMS,Underground,,27.815,,,,,,16.1,Running,0,4,93.86,8.92,653,25.957,,,,0.346,7.1,2.834,0,74.5,23.77
2025-09-15 00:00:00,daily,EMS-01,Underground EMS 01,Underground EMS,Underground,,28.016,,,,,,18.52,Running,0,1,94.79,5.23,636,23.306,,,,0.243,0.74,2.569,0,70.1,4.2
2025-09-16 00:00:00,daily,EMS-01,Underground EMS 01,Underground EMS,Underground,,31.786,,,,,,18.68,Running,0,4,93.46,9.83,641,27.509,,,,0.324,9.63,2.638,0,81.4,27.73
2025-09-17 00:00:00,daily,EMS-01,Underground EMS 01,Underground EMS,Underground,,32.041,,,,,,20.16,Running,0,1,93.24,10.45,635,22.855,,,,0.325,6.7,2.757,0,81.7,24.33
2025-09-18 00:00:00,daily,EMS-01,Underground EMS 01,Underground EMS,Underground,,29.24,,,,,,20.74,Running,0,5,91.78,11.21,638,27.091,,,,0.343,7.1,2.584,0,78.6,20.57
2025-09-19 00:00:00,daily,EMS-01,Underground EMS 01,Underground EMS,Underground,,28.824,,,,,,19.68,Running,0,2,92.58,10.29,625,21.154,,,,0.411,7.3,2.406,0,71.1,25.12
2025-09-20 00:00:00,daily,EMS-01,Underground EMS 01,Underground EMS,Underground,,30.299,,,,,,17.16,Running,0,6,91.92,9.18,639,19.502,,,,0.175,6.99,2.356,0,76.2,18.06
2025-09-21 00:00:00,daily,EMS-01,Underground EMS 01,Underground EMS,Underground,,28.249,,,,,,20.46,Running,0,2,94.84,7.42,631,21.542,,,,0.365,16.18,2.753,0,84.9,42.41
2025-09-22 00:00:00,daily,EMS-01,Underground EMS 01,Underground EMS,Underground,,25.913,,,,,,19.93,Running,0,2,95.63,3.7,627,20.626,,,,0.28,12.99,2.029,0,81.0,28.52
2025-09-23 00:00:00,daily,EMS-01,Underground EMS 01,Underground EMS,Underground,,25.17,,,,,,16.86,Running,0,2,96.3,4.68,631,20.29,,,,0.248,10.1,3.103,0,81.9,26.5
2025-09-24 00:00:00,daily,EMS-01,Underground EMS 01,Underground EMS,Underground,,28.934,,,,,,19.11,Running,0,4,91.83,10.1,626,25.253,,,,0.448,8.72,2.64,0,94.5,29.71
2025-09-25 00:00:00,daily,EMS-01,Underground EMS 01,Underground EMS,Underground,,30.272,,,,,,20.4,Running,0,6,92.1,13.02,620,23.219,,,,0.341,11.39,2.499,0,79.6,29.62
2025-09-26 00:00:00,daily,EMS-01,Underground EMS 01,Underground EMS,Underground,,29.06,,,,,,22.85,Running,1,7,91.96,14.36,613,24.438,,,,0.252,8.73,2.68,0,67.2,25.91
2025-09-27 00:00:00,daily,EMS-01,Underground EMS 01,Underground EMS,Underground,,30.172,,,,,,17.59,Running,0,2,91.51,9.6,629,25.595,,,,0.362,10.45,2.422,0,72.5,25.85
2025-09-28 00:00:00,daily,EMS-01,Underground EMS 01,Underground EMS,Underground,,30.313,,,,,,21.2,Running,0,6,91.52,11.86,620,18.956,,,,0.282,9.67,2.547,0,79.5,25.07
2025-09-29 00:00:00,daily,EMS-01,Underground EMS 01,Underground EMS,Underground,,30.98,,,,,,17.61,Running,0,6,92.28,10.18,617,25.723,,,,0.251,8.39,2.26,0,78.1,21.45
2025-09-30 00:00:00,daily,EMS-01,Underground EMS 01,Underground EMS,Underground,,29.3,,,,,,17.24,Running,0,4,94.49,8.64,616,20.398,,,,0.237,10.82,2.713,0,77.1,20.0
2025-10-01 00:00:00,daily,EMS-01,Underground EMS 01,Underground EMS,Underground,,29.426,,,,,,17.35,Running,0,4,91.93,11.5,622,22.283,,,,0.31,6.74,2.576,0,77.2,24.66
2025-10-02 00:00:00,daily,EMS-01,Underground EMS 01,Underground EMS,Underground,,28.989,,,,,,20.84,Running,0,3,94.74,6.59,613,18.337,,,,0.237,8.18,2.656,0,74.1,23.05
2025-10-03 00:00:00,daily,EMS-01,Underground EMS 01,Underground EMS,Underground,,28.679,,,,,,19.93,Running,0,2,95.23,6.87,616,25.977,,,,0.299,5.06,3.045,0,79.9,18.16
2025-10-04 00:00:00,daily,EMS-01,Underground EMS 01,Underground EMS,Underground,,26.841,,,,,,19.08,Running,0,3,93.48,8.7,611,18.947,,,,0.357,5.41,2.359,0,85.0,19.83
2025-10-05 00:00:00,daily,EMS-01,Underground EMS 01,Underground EMS,Underground,,30.683,,,,,,20.56,Running,0,1,94.97,10.22,606,20.414,,,,0.295,0.41,2.561,0,86.7,10.94
2025-10-06 00:00:00,daily,EMS-01,Underground EMS 01,Underground EMS,Underground,,28.505,,,,,,19.76,Running,1,8,90.81,11.28,613,20.631,,,,0.445,9.37,2.105,0,86.5,31.75
2025-10-07 00:00:00,daily,EMS-01,Underground EMS 01,Underground EMS,Underground,,28.425,,,,,,19.89,Running,0,10,92.08,11.6,613,23.628,,,,0.288,10.19,2.765,0,73.2,25.52
2025-10-08 00:00:00,daily,EMS-01,Underground EMS 01,Underground EMS,Underground,,28.285,,,,,,19.1,Running,0,2,93.26,10.46,605,23.537,,,,0.395,11.26,2.595,0,77.9,28.71
2025-10-09 00:00:00,daily,EMS-01,Underground EMS 01,Underground EMS,Underground,,27.167,,,,,,17.71,Running,0,6,93.3,10.26,606,26.45,,,,0.365,4.69,2.605,0,76.4,18.26
2025-10-10 00:00:00,daily,EMS-01,Underground EMS 01,Underground EMS,Underground,,28.925,,,,,,22.93,Running,0,5,95.21,6.11,605,23.701,,,,0.409,9.32,2.553,0,81.0,28.26
2025-10-11 00:00:00,daily,EMS-01,Underground EMS 01,Underground EMS,Underground,,29.768,,,,,,22.37,Running,0,2,91.31,14.9,605,26.912,,,,0.445,8.0,2.427,0,77.6,24.78
2025-10-12 00:00:00,daily,EMS-01,Underground EMS 01,Underground EMS,Underground,,28.058,,,,,,22.73,Running,0,0,92.03,6.98,610,25.153,,,,0.147,10.21,3.349,0,76.9,21.46
2025-10-13 00:00:00,daily,EMS-01,Underground EMS 01,Underground EMS,Underground,,30.498,,,,,,18.64,Running,0,6,92.74,7.98,599,21.179,,,,0.309,6.05,2.611,0,85.3,17.51
2025-10-14 00:00:00,daily,EMS-01,Underground EMS 01,Underground EMS,Underground,,28.53,,,,,,18.37,Running,0,5,92.03,12.49,598,22.014,,,,0.279,6.99,2.689,0,78.5,17.39
2025-10-15 00:00:00,daily,EMS-01,Underground EMS 01,Underground EMS,Underground,,26.901,,,,,,18.88,Running,0,3,91.17,10.6,597,28.547,,,,0.297,3.34,2.258,0,78.6,24.98
2025-10-16 00:00:00,daily,EMS-01,Underground EMS 01,Underground EMS,Underground,,30.97,,,,,,21.74,Running,0,4,92.06,9.24,593,27.698,,,,0.257,5.85,2.866,0,80.1,23.59
2025-10-17 00:00:00,daily,EMS-01,Underground EMS 01,Underground EMS,Underground,,29.325,,,,,,19.68,Running,0,3,92.41,9.69,588,26.488,,,,0.245,8.01,2.563,0,81.4,21.02
2025-10-18 00:00:00,daily,EMS-01,Underground EMS 01,Underground EMS,Underground,,30.257,,,,,,18.64,Running,0,6,95.11,5.28,595,26.882,,,,0.201,8.52,2.734,0,81.4,22.37
2025-10-19 00:00:00,daily,EMS-01,Underground EMS 01,Underground EMS,Underground,,30.29,,,,,,20.38,Running,0,4,91.14,13.68,595,25.411,,,,0.297,2.94,2.871,0,85.8,17.87
2025-10-20 00:00:00,daily,EMS-01,Underground EMS 01,Underground EMS,Underground,,27.724,,,,,,18.27,Running,0,5,94.06,10.13,591,25.022,,,,0.364,6.47,2.569,0,71.6,22.22
2025-10-21 00:00:00,daily,EMS-01,Underground EMS 01,Underground EMS,Underground,,28.319,,,,,,17.08,Running,0,5,94.77,7.49,590,24.166,,,,0.25,8.48,2.397,0,79.6,22.32
2025-10-22 00:00:00,daily,EMS-01,Underground EMS 01,Underground EMS,Underground,,30.498,,,,,,19.93,Running,0,10,91.9,13.45,585,29.113,,,,0.263,12.22,1.902,1,77.5,56.75
2025-10-23 00:00:00,daily,EMS-01,Underground EMS 01,Underground EMS,Underground,,31.62,,,,,,18.69,Running,0,5,93.12,6.86,588,22.623,,,,0.234,5.46,2.484,0,76.5,20.15
2025-10-24 00:00:00,daily,EMS-01,Underground EMS 01,Underground EMS,Underground,,29.14,,,,,,19.65,Running,0,3,93.61,9.1,587,24.738,,,,0.21,9.47,2.395,0,81.8,25.36
2025-10-25 00:00:00,daily,EMS-01,Underground EMS 01,Underground EMS,Underground,,28.173,,,,,,14.53,Running,0,4,93.33,12.04,587,18.892,,,,0.271,6.32,2.257,0,84.5,23.65
2025-10-26 00:00:00,daily,EMS-01,Underground EMS 01,Underground EMS,Underground,,31.407,,,,,,17.97,Running,0,0,92.79,12.05,585,19.725,,,,0.318,6.66,3.036,0,75.0,21.92
2025-10-27 00:00:00,daily,EMS-01,Underground EMS 01,Underground EMS,Underground,,28.175,,,,,,19.59,Running,0,6,91.55,14.7,584,29.463,,,,0.391,5.37,2.895,0,86.4,28.24
2025-10-28 00:00:00,daily,EMS-01,Underground EMS 01,Underground EMS,Underground,,29.513,,,,,,16.77,Running,0,3,93.68,7.67,586,25.868,,,,0.195,4.87,2.051,0,70.8,13.9
2025-10-29 00:00:00,daily,EMS-01,Underground EMS 01,Underground EMS,Underground,,28.454,,,,,,16.83,Running,0,8,92.0,13.03,582,23.38,,,,0.288,6.58,2.646,0,81.0,26.09
2025-10-30 00:00:00,daily,EMS-01,Underground EMS 01,Underground EMS,Underground,,29.431,,,,,,19.75,Running,0,8,92.63,9.46,580,24.253,,,,0.385,11.14,2.355,0,73.5,28.8
2025-10-31 00:00:00,daily,EMS-01,Underground EMS 01,Underground EMS,Underground,,27.731,,,,,,21.03,Running,1,6,92.85,11.2,570,19.944,,,,0.197,5.74,2.71,0,74.8,11.61
2025-11-01 00:00:00,daily,EMS-01,Underground EMS 01,Underground EMS,Underground,,28.53,,,,,,17.97,Running,0,7,93.92,11.13,580,22.734,,,,0.393,5.27,2.36,0,78.3,27.74
2025-11-02 00:00:00,daily,EMS-01,Underground EMS 01,Underground EMS,Underground,,28.177,,,,,,19.18,Running,0,2,95.62,4.54,573,19.644,,,,0.257,8.63,2.438,0,76.0,23.92
2025-11-03 00:00:00,daily,EMS-01,Underground EMS 01,Underground EMS,Underground,,29.983,,,,,,19.22,Running,0,6,91.34,8.42,573,23.133,,,,0.349,8.02,2.889,0,63.7,25.8
2025-11-04 00:00:00,daily,EMS-01,Underground EMS 01,Underground EMS,Underground,,29.285,,,,,,16.68,Running,1,6,92.58,14.08,567,26.06,,,,0.275,7.8,2.846,0,81.1,20.24
2025-11-05 00:00:00,daily,EMS-01,Underground EMS 01,Underground EMS,Underground,,30.289,,,,,,21.95,Running,1,10,90.11,14.82,579,25.379,,,,0.329,8.76,3.053,0,81.9,22.12
2025-11-06 00:00:00,daily,EMS-01,Underground EMS 01,Underground EMS,Underground,,27.901,,,,,,19.33,Running,0,4,94.84,7.01,559,28.786,,,,0.421,4.97,2.535,0,77.2,19.94
2025-11-07 00:00:00,daily,EMS-01,Underground EMS 01,Underground EMS,Underground,,28.766,,,,,,19.35,Running,0,5,92.52,10.15,574,24.903,,,,0.283,5.3,2.163,0,76.8,18.27
2025-11-08 00:00:00,daily,EMS-01,Underground EMS 01,Underground EMS,Underground,,29.933,,,,,,20.4,Running,0,0,91.95,7.07,568,16.584,,,,0.373,10.96,2.876,0,76.1,29.04
2025-11-09 00:00:00,daily,EMS-01,Underground EMS 01,Underground EMS,Underground,,30.261,,,,,,16.68,Running,0,7,92.5,10.92,557,29.871,,,,0.315,7.56,2.878,0,69.4,16.54
2025-11-10 00:00:00,daily,EMS-01,Underground EMS 01,Underground EMS,Underground,,27.035,,,,,,21.45,Running,0,5,92.56,9.35,572,21.498,,,,0.231,9.79,2.788,0,68.9,27.85
2025-11-11 00:00:00,daily,EMS-01,Underground EMS 01,Underground EMS,Underground,,29.505,,,,,,21.7,Running,0,7,91.21,12.41,564,24.506,,,,0.282,11.67,2.377,0,82.0,26.12
2025-11-12 00:00:00,daily,EMS-01,Underground EMS 01,Underground EMS,Underground,,27.922,,,,,,19.95,Running,0,4,94.26,8.09,552,24.325,,,,0.278,10.54,2.279,0,83.3,29.26
2025-11-13 00:00:00,daily,EMS-01,Underground EMS 01,Underground EMS,Underground,,30.334,,,,,,20.57,Running,0,1,93.38,2.51,558,24.743,,,,0.182,3.89,2.761,0,81.0,10.09
2025-11-14 00:00:00,daily,EMS-01,Underground EMS 01,Underground EMS,Underground,,31.666,,,,,,19.05,Running,0,7,93.58,9.96,561,24.165,,,,0.331,7.65,2.334,0,79.9,23.52
2025-11-15 00:00:00,daily,EMS-01,Underground EMS 01,Underground EMS,Underground,,25.405,,,,,,21.34,Running,0,4,91.22,12.66,564,24.218,,,,0.348,11.12,2.508,0,81.9,31.78
2025-11-16 00:00:00,daily,EMS-01,Underground EMS 01,Underground EMS,Underground,,28.144,,,,,,18.1,Running,0,7,91.12,13.08,554,20.056,,,,0.36,9.57,3.472,0,81.6,29.46
2025-11-17 00:00:00,daily,EMS-01,Underground EMS 01,Underground EMS,Underground,,29.432,,,,,,19.62,Running,0,2,92.1,10.7,544,31.782,,,,0.41,8.55,3.239,0,74.1,26.37
2025-11-18 00:00:00,daily,EMS-01,Underground EMS 01,Underground EMS,Underground,,29.058,,,,,,19.73,Running,0,5,93.54,9.14,559,25.975,,,,0.372,3.08,2.838,0,79.1,19.17
2025-11-19 00:00:00,daily,EMS-01,Underground EMS 01,Underground EMS,Underground,,30.379,,,,,,19.61,Running,0,5,93.05,10.08,554,24.177,,,,0.248,6.15,2.401,0,76.5,19.93
2025-11-20 00:00:00,daily,EMS-01,Underground EMS 01,Underground EMS,Underground,,29.175,,,,,,21.73,Running,0,3,90.98,13.17,542,29.547,,,,0.265,8.21,2.383,0,76.6,21.15
2025-11-21 00:00:00,daily,EMS-01,Underground EMS 01,Underground EMS,Underground,,28.323,,,,,,23.88,Running,0,4,93.28,10.36,551,20.806,,,,0.364,3.72,2.815,0,83.7,14.98
2025-11-22 00:00:00,daily,EMS-01,Underground EMS 01,Underground EMS,Underground,,27.637,,,,,,19.47,Running,0,4,90.64,13.67,550,26.627,,,,0.328,10.38,3.049,0,85.9,25.18
2025-11-23 00:00:00,daily,EMS-01,Underground EMS 01,Underground EMS,Underground,,27.402,,,,,,20.58,Running,1,5,91.12,16.14,545,22.356,,,,0.296,7.65,2.447,0,66.3,20.7
2025-11-24 00:00:00,daily,EMS-01,Underground EMS 01,Underground EMS,Underground,,28.027,,,,,,18.14,Running,0,4,92.41,9.17,542,25.229,,,,0.228,2.06,2.463,0,76.7,11.15
2025-11-25 00:00:00,daily,EMS-01,Underground EMS 01,Underground EMS,Underground,,28.276,,,,,,21.66,Running,0,6,90.27,12.88,542,25.296,,,,0.255,6.3,2.626,0,76.5,23.15
2025-11-26 00:00:00,daily,EMS-01,Underground EMS 01,Underground EMS,Underground,,29.605,,,,,,18.69,Running,0,0,90.58,16.57,541,17.013,,,,0.345,7.14,2.183,0,83.8,25.51
2025-11-27 00:00:00,daily,EMS-01,Underground EMS 01,Underground EMS,Underground,,28.849,,,,,,24.0,Running,0,4,94.59,7.27,543,19.728,,,,0.142,7.61,2.192,0,70.7,13.94
2025-11-28 00:00:00,daily,EMS-01,Underground EMS 01,Underground EMS,Underground,,28.157,,,,,,16.47,Running,0,3,94.27,9.88,543,28.782,,,,0.112,12.26,2.247,0,63.1,27.82
2025-11-29 00:00:00,daily,EMS-01,Underground EMS 01,Underground EMS,Underground,,27.656,,,,,,23.8,Running,0,2,95.73,6.24,530,23.266,,,,0.355,9.74,2.764,0,82.1,26.8
2025-11-30 00:00:00,daily,EMS-01,Underground EMS 01,Underground EMS,Underground,,28.086,,,,,,21.58,Running,0,1,92.77,9.66,538,30.028,,,,0.257,3.9,2.682,0,82.8,16.86
2025-12-01 00:00:00,daily,EMS-01,Underground EMS 01,Underground EMS,Underground,,28.281,,,,,,17.53,Running,0,5,93.07,11.68,538,27.954,,,,0.337,3.53,2.941,0,69.1,14.27
2025-12-02 00:00:00,daily,EMS-01,Underground EMS 01,Underground EMS,Underground,,28.023,,,,,,24.0,Running,0,3,91.77,12.56,535,23.363,,,,0.426,7.2,2.079,0,77.4,24.35
2025-12-03 00:00:00,daily,EMS-01,Underground EMS 01,Underground EMS,Underground,,30.014,,,,,,17.9,Running,0,6,91.44,8.92,532,23.098,,,,0.219,8.38,2.145,0,85.7,23.35
2025-12-04 00:00:00,daily,EMS-01,Underground EMS 01,Underground EMS,Underground,,30.987,,,,,,19.08,Running,0,0,93.38,9.62,538,28.969,,,,0.167,10.98,2.737,0,72.6,19.68
2025-12-05 00:00:00,daily,EMS-01,Underground EMS 01,Underground EMS,Underground,,27.426,,,,,,17.19,Running,0,1,94.14,6.21,536,30.333,,,,0.279,13.19,2.338,0,78.5,29.72
2025-12-06 00:00:00,daily,EMS-01,Underground EMS 01,Underground EMS,Underground,,30.64,,,,,,19.4,Running,0,2,93.21,12.05,528,23.164,,,,0.247,13.35,2.36,0,80.5,30.08
2025-12-07 00:00:00,daily,EMS-01,Underground EMS 01,Underground EMS,Underground,,30.044,,,,,,19.58,Running,1,8,90.59,16.69,528,28.639,,,,0.3,6.67,2.904,0,70.9,17.44
2025-12-08 00:00:00,daily,EMS-01,Underground EMS 01,Underground EMS,Underground,,29.326,,,,,,21.27,Running,0,10,92.54,14.19,530,27.115,,,,0.345,10.8,2.434,0,75.2,22.94
2025-12-09 00:00:00,daily,EMS-01,Underground EMS 01,Underground EMS,Underground,,31.212,,,,,,24.0,Running,0,7,90.66,13.79,531,27.632,,,,0.328,9.28,2.469,0,69.5,28.12
2025-12-10 00:00:00,daily,EMS-01,Underground EMS 01,Underground EMS,Underground,,28.837,,,,,,18.7,Running,0,1,91.36,11.17,521,24.328,,,,0.306,4.73,2.525,0,77.2,26.4
2025-12-11 00:00:00,daily,EMS-01,Underground EMS 01,Underground EMS,Underground,,29.638,,,,,,14.39,Running,0,2,94.48,8.37,519,22.008,,,,0.388,2.34,2.543,0,74.0,18.47
2025-12-12 00:00:00,daily,EMS-01,Underground EMS 01,Underground EMS,Underground,,29.249,,,,,,20.93,Running,0,2,89.92,12.23,523,20.862,,,,0.357,8.43,2.805,0,79.0,27.09
2025-12-13 00:00:00,daily,EMS-01,Underground EMS 01,Underground EMS,Underground,,29.146,,,,,,18.62,Running,0,6,95.3,11.28,516,20.113,,,,0.289,3.51,2.237,0,81.2,12.73
2025-12-14 00:00:00,daily,EMS-01,Underground EMS 01,Underground EMS,Underground,,29.72,,,,,,23.17,Running,0,4,92.69,12.63,511,29.758,,,,0.355,5.45,2.544,0,84.9,25.01
2025-12-15 00:00:00,daily,EMS-01,Underground EMS 01,Underground EMS,Underground,,29.143,,,,,,19.61,Running,1,1,91.05,13.15,514,24.059,,,,0.181,5.95,2.949,0,89.7,14.13
2025-12-16 00:00:00,daily,EMS-01,Underground EMS 01,Underground EMS,Underground,,29.731,,,,,,18.22,Running,0,7,91.88,13.36,518,20.592,,,,0.39,8.66,3.24,0,79.0,30.13
2025-12-17 00:00:00,daily,EMS-01,Underground EMS 01,Underground EMS,Underground,,28.141,,,,,,17.74,Running,0,9,90.66,12.09,521,27.033,,,,0.307,11.84,2.193,0,76.4,30.33
2025-12-18 00:00:00,daily,EMS-01,Underground EMS 01,Underground EMS,Underground,,28.185,,,,,,20.88,Running,0,4,90.86,10.58,511,22.59,,,,0.21,8.04,2.699,0,76.1,21.31
2025-12-19 00:00:00,daily,EMS-01,Underground EMS 01,Underground EMS,Underground,,28.136,,,,,,19.15,Running,0,3,91.84,7.0,512,22.074,,,,0.273,6.38,2.543,0,73.2,20.9
2025-12-20 00:00:00,daily,EMS-01,Underground EMS 01,Underground EMS,Underground,,28.57,,,,,,22.5,Running,0,0,91.18,12.52,512,30.231,,,,0.389,1.79,2.57,0,80.2,17.98
2025-12-21 00:00:00,daily,EMS-01,Underground EMS 01,Underground EMS,Underground,,30.5,,,,,,19.28,Running,0,0,90.19,13.31,507,20.035,,,,0.245,9.38,2.363,0,75.5,23.5
2025-12-22 00:00:00,daily,EMS-01,Underground EMS 01,Underground EMS,Underground,,28.435,,,,,,22.4,Running,0,0,91.31,13.2,505,24.732,,,,0.34,8.09,2.827,0,80.6,26.94
2025-12-23 00:00:00,daily,EMS-01,Underground EMS 01,Underground EMS,Underground,,29.996,,,,,,17.03,Running,0,6,89.55,14.66,508,22.254,,,,0.378,6.35,2.811,0,73.3,20.58
2025-12-24 00:00:00,daily,EMS-01,Underground EMS 01,Underground EMS,Underground,,29.454,,,,,,16.34,Running,0,5,89.6,15.51,501,21.776,,,,0.31,11.5,3.357,0,75.7,27.38
2025-12-25 00:00:00,daily,EMS-01,Underground EMS 01,Underground EMS,Underground,,28.465,,,,,,21.27,Running,0,9,89.56,16.23,501,19.636,,,,0.239,4.43,2.204,0,80.2,19.41
2025-12-26 00:00:00,daily,EMS-01,Underground EMS 01,Underground EMS,Underground,,30.917,,,,,,18.79,Running,0,2,94.27,5.1,502,24.207,,,,0.304,5.95,2.076,0,77.4,20.08
2025-12-27 00:00:00,daily,EMS-01,Underground EMS 01,Underground EMS,Underground,,30.115,,,,,,19.17,Running,0,8,92.23,12.62,503,21.406,,,,0.196,7.26,3.216,0,68.4,16.77
2025-12-28 00:00:00,daily,EMS-01,Underground EMS 01,Underground EMS,Underground,,29.088,,,,,,17.74,Running,0,6,92.51,9.67,494,25.802,,,,0.271,6.31,2.584,0,77.9,22.05
2025-12-29 00:00:00,daily,EMS-01,Underground EMS 01,Underground EMS,Underground,,28.972,,,,,,17.6,Running,1,4,91.56,12.85,499,23.887,,,,0.221,9.65,2.463,0,74.0,24.72
2025-12-30 00:00:00,daily,EMS-01,Underground EMS 01,Underground EMS,Underground,,29.217,,,,,,20.9,Running,0,2,92.34,12.77,493,23.091,,,,0.307,9.39,2.656,0,83.9,20.93
2025-12-31 00:00:00,daily,EMS-01,Underground EMS 01,Underground EMS,Underground,,26.945,,,,,,19.64,Running,1,0,93.39,11.31,494,21.423,,,,0.209,11.15,2.182,0,82.9,26.23
2026-01-01 00:00:00,daily,EMS-01,Underground EMS 01,Underground EMS,Underground,,27.932,,,,,,17.64,Running,0,9,92.14,11.26,498,28.321,,,,0.318,9.51,2.713,0,66.6,25.81
2026-01-02 00:00:00,daily,EMS-01,Underground EMS 01,Underground EMS,Underground,,29.735,,,,,,21.2,Running,0,1,94.1,8.62,494,26.236,,,,0.402,7.65,2.576,0,82.0,27.68
2026-01-03 00:00:00,daily,EMS-01,Underground EMS 01,Underground EMS,Underground,,26.872,,,,,,21.94,Running,0,0,91.4,13.83,499,21.985,,,,0.408,6.98,2.922,0,79.9,24.78
2026-01-04 00:00:00,daily,EMS-01,Underground EMS 01,Underground EMS,Underground,,28.042,,,,,,19.47,Running,0,3,92.4,7.64,491,19.952,,,,0.213,9.37,2.857,0,70.6,22.9
2026-01-05 00:00:00,daily,EMS-01,Underground EMS 01,Underground EMS,Underground,,28.54,,,,,,21.61,Running,0,0,92.55,8.53,494,18.366,,,,0.26,7.43,2.882,0,82.4,14.75
2026-01-06 00:00:00,daily,EMS-01,Underground EMS 01,Underground EMS,Underground,,33.155,,,,,,17.76,Running,0,6,89.91,13.57,492,27.442,,,,0.382,8.14,2.657,0,71.6,22.9
2026-01-07 00:00:00,daily,EMS-01,Underground EMS 01,Underground EMS,Underground,,30.034,,,,,,20.79,Running,0,3,91.45,9.3,487,26.758,,,,0.37,9.53,3.081,0,83.7,29.47
2026-01-08 00:00:00,daily,EMS-01,Underground EMS 01,Underground EMS,Underground,,30.628,,,,,,19.99,Running,0,10,88.42,15.67,481,27.17,,,,0.265,8.42,2.773,1,74.8,59.77
2026-01-09 00:00:00,daily,EMS-01,Underground EMS 01,Underground EMS,Underground,,27.965,,,,,,18.16,Running,0,7,91.14,11.75,484,23.67,,,,0.276,8.93,2.44,0,70.4,24.16
2026-01-10 00:00:00,daily,EMS-01,Underground EMS 01,Underground EMS,Underground,,29.599,,,,,,23.62,Running,0,9,90.88,12.94,481,26.449,,,,0.322,5.63,2.357,0,88.6,17.64
2026-01-11 00:00:00,daily,EMS-01,Underground EMS 01,Underground EMS,Underground,,26.629,,,,,,20.13,Running,0,6,90.77,12.81,480,27.112,,,,0.169,12.05,2.391,0,70.3,24.4
2026-01-12 00:00:00,daily,EMS-01,Underground EMS 01,Underground EMS,Underground,,28.631,,,,,,18.55,Running,1,3,90.64,15.24,481,23.822,,,,0.358,4.68,2.777,0,74.0,16.87
2026-01-13 00:00:00,daily,EMS-01,Underground EMS 01,Underground EMS,Underground,,29.802,,,,,,19.72,Running,1,2,92.1,12.21,474,22.957,,,,0.404,9.32,2.201,0,75.0,31.87
2026-01-14 00:00:00,daily,EMS-01,Underground EMS 01,Underground EMS,Underground,,27.11,,,,,,18.01,Running,0,4,89.84,14.08,475,21.103,,,,0.286,6.54,2.647,0,75.7,19.96
2026-01-15 00:00:00,daily,EMS-01,Underground EMS 01,Underground EMS,Underground,,29.646,,,,,,17.46,Running,0,7,94.22,7.43,473,25.31,,,,0.204,11.25,2.35,0,81.5,27.17
2026-01-16 00:00:00,daily,EMS-01,Underground EMS 01,Underground EMS,Underground,,29.762,,,,,,18.82,Running,0,4,92.13,10.92,474,25.709,,,,0.431,10.65,2.224,0,78.3,30.6
2026-01-17 00:00:00,daily,EMS-01,Underground EMS 01,Underground EMS,Underground,,28.253,,,,,,18.95,Running,0,6,89.92,14.05,471,22.812,,,,0.336,7.99,2.273,0,83.0,27.17
2026-01-18 00:00:00,daily,EMS-01,Underground EMS 01,Underground EMS,Underground,,27.928,,,,,,18.14,Running,0,12,92.22,15.93,470,23.166,,,,0.376,12.66,2.593,0,79.9,27.28
2026-01-19 00:00:00,daily,EMS-01,Underground EMS 01,Underground EMS,Underground,,28.096,,,,,,22.08,Running,0,3,92.76,7.22,472,23.38,,,,0.214,7.44,2.829,0,69.6,18.72
2026-01-20 00:00:00,daily,EMS-01,Underground EMS 01,Underground EMS,Underground,,28.612,,,,,,18.21,Running,1,2,91.74,9.71,468,26.406,,,,0.215,10.65,2.397,0,80.7,25.12
2026-01-21 00:00:00,daily,EMS-01,Underground EMS 01,Underground EMS,Underground,,28.655,,,,,,17.89,Running,1,7,89.52,12.52,469,19.91,,,,0.354,5.82,1.977,0,79.2,20.31
2026-01-22 00:00:00,daily,EMS-01,Underground EMS 01,Underground EMS,Underground,,29.813,,,,,,17.4,Running,0,2,94.7,7.97,463,20.717,,,,0.404,9.21,3.546,0,74.9,29.03
2026-01-23 00:00:00,daily,EMS-01,Underground EMS 01,Underground EMS,Underground,,28.352,,,,,,17.22,Running,0,5,92.12,11.49,463,20.776,,,,0.232,5.2,2.935,0,88.4,16.95
2026-01-24 00:00:00,daily,EMS-01,Underground EMS 01,Underground EMS,Underground,,31.344,,,,,,21.65,Running,1,7,89.08,14.14,473,23.588,,,,0.314,8.06,2.88,0,81.0,26.23
2026-01-25 00:00:00,daily,EMS-01,Underground EMS 01,Underground EMS,Underground,,31.334,,,,,,20.18,Running,0,4,91.4,13.84,461,24.979,,,,0.196,7.85,3.088,0,82.7,20.5
2026-01-26 00:00:00,daily,EMS-01,Underground EMS 01,Underground EMS,Underground,,29.432,,,,,,21.01,Running,1,6,90.69,13.77,454,20.827,,,,0.267,10.64,2.628,0,82.9,26.48
2026-01-27 00:00:00,daily,EMS-01,Underground EMS 01,Underground EMS,Underground,,28.62,,,,,,21.64,Running,0,12,91.04,14.43,462,26.761,,,,0.304,5.99,2.559,0,75.9,22.26
2026-01-28 00:00:00,daily,EMS-01,Underground EMS 01,Underground EMS,Underground,,28.356,,,,,,19.04,Running,0,4,89.1,17.67,457,28.422,,,,0.364,17.22,3.007,0,81.2,34.51
2026-01-29 00:00:00,daily,EMS-01,Underground EMS 01,Underground EMS,Underground,,29.547,,,,,,22.51,Running,0,6,91.08,8.23,459,25.276,,,,0.157,3.85,3.005,0,79.6,9.01
2026-01-30 00:00:00,daily,EMS-01,Underground EMS 01,Underground EMS,Underground,,29.793,,,,,,18.48,Running,1,4,89.64,15.87,457,27.403,,,,0.431,8.7,2.785,0,75.2,23.98
2026-01-31 00:00:00,daily,EMS-01,Underground EMS 01,Underground EMS,Underground,,28.823,,,,,,17.58,Running,0,9,90.39,10.87,458,21.289,,,,0.313,8.86,2.865,0,71.9,25.89
2026-02-01 00:00:00,daily,EMS-01,Underground EMS 01,Underground EMS,Underground,,28.555,,,,,,20.4,Running,0,2,91.55,12.32,454,21.361,,,,0.43,9.61,2.228,0,78.1,30.71
2026-02-02 00:00:00,daily,EMS-01,Underground EMS 01,Underground EMS,Underground,,29.6,,,,,,19.96,Running,1,4,90.15,13.64,452,25.579,,,,0.383,6.45,2.523,0,80.9,27.24
2026-02-03 00:00:00,daily,EMS-01,Underground EMS 01,Underground EMS,Underground,,29.203,,,,,,19.95,Running,0,10,90.43,13.33,456,23.92,,,,0.396,8.73,3.111,0,78.1,28.01
2026-02-04 00:00:00,daily,EMS-01,Underground EMS 01,Underground EMS,Underground,,28.306,,,,,,21.63,Running,0,7,92.19,8.52,441,21.356,,,,0.49,6.31,2.841,0,77.1,24.72
2026-02-05 00:00:00,daily,EMS-01,Underground EMS 01,Underground EMS,Underground,,29.266,,,,,,19.88,Running,0,10,89.44,16.84,444,28.311,,,,0.267,13.62,2.161,0,78.1,30.18
2026-02-06 00:00:00,daily,EMS-01,Underground EMS 01,Underground EMS,Underground,,28.261,,,,,,20.28,Running,0,2,89.81,11.69,444,24.932,,,,0.341,6.09,2.441,0,76.6,15.44
2026-02-07 00:00:00,daily,EMS-01,Underground EMS 01,Underground EMS,Underground,,28.057,,,,,,22.29,Running,1,7,88.82,17.15,440,26.143,,,,0.251,7.56,3.062,0,85.7,18.9
2026-02-08 00:00:00,daily,EMS-01,Underground EMS 01,Underground EMS,Underground,,29.103,,,,,,20.19,Running,0,5,89.49,11.85,443,22.014,,,,0.323,6.01,2.737,0,79.4,13.28
2026-02-09 00:00:00,daily,EMS-01,Underground EMS 01,Underground EMS,Underground,,28.306,,,,,,20.63,Running,0,2,91.0,12.57,441,29.076,,,,0.389,5.6,2.655,0,75.6,23.0
2026-02-10 00:00:00,daily,EMS-01,Underground EMS 01,Underground EMS,Underground,,28.085,,,,,,16.96,Running,0,9,91.79,15.1,446,23.569,,,,0.422,3.8,2.664,0,69.0,19.63
2026-02-11 00:00:00,daily,EMS-01,Underground EMS 01,Underground EMS,Underground,,30.575,,,,,,24.0,Running,0,4,89.46,19.47,441,27.094,,,,0.302,10.02,2.575,0,77.0,25.2
2026-02-12 00:00:00,daily,EMS-01,Underground EMS 01,Underground EMS,Underground,,28.563,,,,,,16.63,Running,0,1,91.71,8.37,439,22.289,,,,0.237,5.98,2.443,0,75.1,14.47
2026-02-13 00:00:00,daily,EMS-01,Underground EMS 01,Underground EMS,Underground,,31.693,,,,,,18.64,Running,0,0,90.89,11.35,437,24.543,,,,0.34,5.61,2.35,0,74.9,18.31
2026-02-14 00:00:00,daily,EMS-01,Underground EMS 01,Underground EMS,Underground,,29.99,,,,,,18.59,Running,0,12,88.49,15.07,433,25.711,,,,0.266,5.11,2.903,0,82.7,19.05
2026-02-15 00:00:00,daily,EMS-01,Underground EMS 01,Underground EMS,Underground,,27.965,,,,,,23.73,Running,1,5,90.96,17.17,439,30.024,,,,0.289,8.91,2.671,0,78.4,19.17
2026-02-16 00:00:00,daily,EMS-01,Underground EMS 01,Underground EMS,Underground,,30.738,,,,,,18.53,Running,0,3,92.57,10.26,439,22.719,,,,0.39,8.07,2.812,0,69.6,27.27
2026-02-17 00:00:00,daily,EMS-01,Underground EMS 01,Underground EMS,Underground,,28.112,,,,,,20.53,Running,1,3,87.62,19.49,428,24.646,,,,0.375,8.08,2.764,0,81.1,22.81
2026-02-18 00:00:00,daily,EMS-01,Underground EMS 01,Underground EMS,Underground,,31.878,,,,,,18.6,Running,0,7,93.83,9.23,438,25.814,,,,0.404,5.72,3.023,0,70.1,17.68
2026-02-19 00:00:00,daily,EMS-01,Underground EMS 01,Underground EMS,Underground,,29.433,,,,,,17.68,Running,0,1,89.63,12.12,428,19.794,,,,0.311,9.31,2.736,0,81.5,28.53
2026-02-20 00:00:00,daily,EMS-01,Underground EMS 01,Underground EMS,Underground,,29.876,,,,,,20.78,Running,1,1,87.95,13.15,426,17.516,,,,0.419,6.01,2.847,0,75.6,27.67
2026-02-21 00:00:00,daily,EMS-01,Underground EMS 01,Underground EMS,Underground,,29.161,,,,,,18.3,Running,0,4,90.79,11.66,430,21.051,,,,0.34,8.21,2.65,0,78.4,22.6
2026-02-22 00:00:00,daily,EMS-01,Underground EMS 01,Underground EMS,Underground,,29.49,,,,,,20.08,Running,1,6,91.88,16.0,429,26.941,,,,0.317,7.58,2.316,0,77.9,20.82
2026-02-23 00:00:00,daily,EMS-01,Underground EMS 01,Underground EMS,Underground,,28.798,,,,,,20.88,Running,0,8,90.09,14.4,425,29.189,,,,0.253,2.93,2.532,0,77.3,12.5
2026-02-24 00:00:00,daily,EMS-01,Underground EMS 01,Underground EMS,Underground,,27.823,,,,,,23.34,Running,1,3,91.01,14.69,423,21.271,,,,0.174,14.09,2.777,0,79.0,24.79
2026-02-25 00:00:00,daily,EMS-01,Underground EMS 01,Underground EMS,Underground,,29.595,,,,,,17.26,Running,0,4,93.89,5.72,427,20.39,,,,0.217,9.72,2.803,0,78.4,20.27
2026-02-26 00:00:00,daily,EMS-01,Underground EMS 01,Underground EMS,Underground,,30.555,,,,,,19.39,Running,0,3,90.81,12.22,419,28.644,,,,0.36,8.54,3.035,0,87.3,26.76
2026-02-27 00:00:00,daily,EMS-01,Underground EMS 01,Underground EMS,Underground,,27.454,,,,,,19.47,Running,0,1,95.23,8.23,420,22.344,,,,0.271,9.01,2.462,0,79.1,29.22
2026-02-28 00:00:00,daily,EMS-01,Underground EMS 01,Underground EMS,Underground,,31.278,,,,,,19.68,Running,0,1,92.47,8.37,425,22.925,,,,0.212,14.16,2.668,0,79.2,27.6
2026-03-01 00:00:00,daily,EMS-01,Underground EMS 01,Underground EMS,Underground,,29.964,,,,,,24.0,Running,0,3,90.51,13.16,412,28.418,,,,0.311,11.41,2.561,0,74.5,31.07
2026-03-02 00:00:00,daily,EMS-01,Underground EMS 01,Underground EMS,Underground,,28.511,,,,,,19.35,Running,0,1,90.87,11.02,414,27.925,,,,0.368,9.05,3.087,0,79.9,27.51
2026-03-03 00:00:00,daily,EMS-01,Underground EMS 01,Underground EMS,Underground,,28.487,,,,,,14.84,Running,0,9,89.88,15.83,419,26.843,,,,0.379,5.88,2.713,0,72.9,17.07
2026-03-04 00:00:00,daily,EMS-01,Underground EMS 01,Underground EMS,Underground,,31.734,,,,,,19.3,Running,0,2,90.77,13.72,416,18.907,,,,0.345,6.35,2.719,0,83.8,21.53
2026-03-05 00:00:00,daily,EMS-01,Underground EMS 01,Underground EMS,Underground,,30.439,,,,,,19.45,Running,0,5,91.25,13.62,416,20.266,,,,0.343,2.59,2.589,0,70.6,15.44
2026-03-06 00:00:00,daily,EMS-01,Underground EMS 01,Underground EMS,Underground,,30.722,,,,,,19.22,Running,0,2,89.69,16.18,405,27.403,,,,0.305,6.9,2.532,0,73.8,25.42
2026-03-07 00:00:00,daily,EMS-01,Underground EMS 01,Underground EMS,Underground,,28.775,,,,,,18.3,Running,0,2,88.11,16.2,411,24.995,,,,0.4,9.99,2.165,0,69.9,33.5
2026-03-08 00:00:00,daily,EMS-01,Underground EMS 01,Underground EMS,Underground,,29.905,,,,,,17.14,Running,0,9,92.41,12.63,407,21.709,,,,0.336,9.9,2.222,0,80.1,27.74
2026-03-09 00:00:00,daily,EMS-01,Underground EMS 01,Underground EMS,Underground,,29.617,,,,,,23.83,Running,0,8,91.83,10.25,416,23.009,,,,0.344,9.85,2.654,0,75.9,30.46
2026-03-10 00:00:00,daily,EMS-01,Underground EMS 01,Underground EMS,Underground,,28.884,,,,,,20.29,Running,1,13,87.99,18.06,409,27.375,,,,0.434,6.45,2.616,0,81.4,24.43
2026-03-11 00:00:00,daily,EMS-01,Underground EMS 01,Underground EMS,Underground,,29.282,,,,,,19.31,Running,0,0,90.51,9.34,404,28.625,,,,0.415,9.65,2.655,0,73.1,32.36
2026-03-12 00:00:00,daily,EMS-01,Underground EMS 01,Underground EMS,Underground,,30.683,,,,,,23.77,Running,0,1,91.86,9.9,404,24.025,,,,0.338,10.47,2.882,0,80.7,27.84
2026-03-13 00:00:00,daily,EMS-01,Underground EMS 01,Underground EMS,Underground,,31.369,,,,,,18.01,Running,1,15,91.68,16.28,402,21.982,,,,0.327,1.32,2.628,0,80.9,16.72
2026-03-14 00:00:00,daily,EMS-01,Underground EMS 01,Underground EMS,Underground,,28.778,,,,,,20.84,Running,0,6,89.07,16.52,403,23.217,,,,0.328,8.91,2.496,0,79.1,28.44
2026-03-15 00:00:00,daily,EMS-01,Underground EMS 01,Underground EMS,Underground,,27.293,,,,,,17.28,Running,0,1,91.74,12.79,395,28.073,,,,0.193,14.24,2.537,0,78.2,30.26
2026-03-16 00:00:00,daily,EMS-01,Underground EMS 01,Underground EMS,Underground,,31.433,,,,,,21.12,Running,1,8,90.17,12.11,403,28.014,,,,0.444,7.13,2.673,0,78.7,24.01
2026-03-17 00:00:00,daily,EMS-01,Underground EMS 01,Underground EMS,Underground,,31.451,,,,,,17.5,Running,0,4,90.75,10.76,391,24.627,,,,0.302,0.43,2.486,0,73.4,9.95
2026-03-18 00:00:00,daily,EMS-01,Underground EMS 01,Underground EMS,Underground,,29.694,,,,,,20.58,Running,1,8,88.64,15.38,396,22.456,,,,0.426,5.56,2.919,0,72.6,25.51
2026-03-19 00:00:00,daily,EMS-01,Underground EMS 01,Underground EMS,Underground,,31.643,,,,,,23.43,Running,1,0,83.28,23.27,390,27.293,,,,0.362,2.56,2.597,0,80.7,19.19
2026-03-20 00:00:00,daily,EMS-01,Underground EMS 01,Underground EMS,Underground,,29.593,,,,,,19.86,Running,0,6,88.83,19.47,392,28.913,,,,0.47,6.1,2.675,0,76.2,26.08
2026-03-21 00:00:00,daily,EMS-01,Underground EMS 01,Underground EMS,Underground,,27.862,,,,,,15.47,Running,1,9,90.91,14.76,395,19.684,,,,0.402,4.33,2.355,0,80.3,19.63
2026-03-22 00:00:00,daily,EMS-01,Underground EMS 01,Underground EMS,Underground,,27.299,,,,,,19.75,Running,1,4,89.71,14.63,383,23.348,,,,0.434,10.79,2.919,0,85.8,31.95
2026-03-23 00:00:00,daily,EMS-01,Underground EMS 01,Underground EMS,Underground,,27.286,,,,,,20.6,Running,0,9,91.06,12.65,388,27.513,,,,0.314,10.34,3.032,0,75.7,25.66
2026-03-24 00:00:00,daily,EMS-01,Underground EMS 01,Underground EMS,Underground,,29.143,,,,,,21.41,Running,0,1,91.77,13.04,381,24.266,,,,0.259,9.03,2.191,0,75.0,21.79
2026-03-25 00:00:00,daily,EMS-01,Underground EMS 01,Underground EMS,Underground,,28.485,,,,,,22.51,Running,1,5,89.45,12.13,385,22.58,,,,0.375,11.68,2.72,0,76.4,36.53
2026-03-26 00:00:00,daily,EMS-01,Underground EMS 01,Underground EMS,Underground,,28.328,,,,,,22.61,Running,0,9,89.28,11.17,379,24.601,,,,0.211,6.3,2.568,0,78.2,15.41
2026-03-27 00:00:00,daily,EMS-01,Underground EMS 01,Underground EMS,Underground,,28.989,,,,,,19.43,Running,0,2,86.44,20.46,384,25.158,,,,0.327,8.22,2.685,0,81.1,25.3
2026-03-28 00:00:00,daily,EMS-01,Underground EMS 01,Underground EMS,Underground,,30.341,,,,,,18.41,Running,0,8,87.45,17.72,380,20.666,,,,0.271,14.58,2.736,0,77.9,31.81
2026-03-29 00:00:00,daily,EMS-01,Underground EMS 01,Underground EMS,Underground,,28.374,,,,,,17.53,Running,1,8,87.76,14.51,383,24.319,,,,0.299,9.76,1.93,0,88.4,21.43
2026-03-30 00:00:00,daily,EMS-01,Underground EMS 01,Underground EMS,Underground,,28.139,,,,,,18.64,Running,0,4,90.78,8.72,384,25.149,,,,0.415,9.75,2.828,0,80.1,25.37
2026-03-31 00:00:00,daily,EMS-01,Underground EMS 01,Underground EMS,Underground,,28.468,,,,,,20.59,Running,0,6,89.36,16.69,378,22.574,,,,0.411,5.7,2.934,0,81.9,22.69
2026-04-01 00:00:00,daily,EMS-01,Underground EMS 01,Underground EMS,Underground,,30.431,,,,,,17.09,Running,0,3,89.0,14.36,380,21.709,,,,0.356,6.75,2.967,0,77.8,16.73
2026-04-02 00:00:00,daily,EMS-01,Underground EMS 01,Underground EMS,Underground,,29.045,,,,,,17.9,Running,0,7,88.79,16.49,381,22.434,,,,0.396,4.99,2.317,0,83.1,26.84
2026-04-03 00:00:00,daily,EMS-01,Underground EMS 01,Underground EMS,Underground,,29.535,,,,,,20.76,Running,0,6,88.57,15.48,370,21.135,,,,0.328,13.04,2.591,0,77.0,29.96
2026-04-04 00:00:00,daily,EMS-01,Underground EMS 01,Underground EMS,Underground,,31.318,,,,,,18.44,Running,0,0,91.27,12.15,378,26.6,,,,0.566,3.33,2.438,0,74.8,23.48
2026-04-05 00:00:00,daily,EMS-01,Underground EMS 01,Underground EMS,Underground,,33.125,,,,,,20.39,Running,1,9,89.92,12.92,371,21.097,,,,0.397,10.74,2.025,0,82.5,33.67
2026-04-06 00:00:00,daily,EMS-01,Underground EMS 01,Underground EMS,Underground,,30.042,,,,,,18.12,Running,0,2,91.34,11.97,366,24.615,,,,0.326,9.74,2.414,0,77.7,25.6
2026-04-07 00:00:00,daily,EMS-01,Underground EMS 01,Underground EMS,Underground,,29.904,,,,,,20.23,Running,1,1,86.23,20.43,370,22.926,,,,0.444,3.19,2.275,0,79.2,22.28
2026-04-08 00:00:00,daily,EMS-01,Underground EMS 01,Underground EMS,Underground,,27.488,,,,,,18.2,Running,0,3,90.57,12.65,367,21.93,,,,0.475,11.43,2.7,0,82.9,32.05
2026-04-09 00:00:00,daily,EMS-01,Underground EMS 01,Underground EMS,Underground,,29.663,,,,,,16.03,Running,1,3,88.93,14.84,360,28.163,,,,0.314,7.22,2.111,0,78.7,21.96
2026-04-10 00:00:00,daily,EMS-01,Underground EMS 01,Underground EMS,Underground,,29.235,,,,,,21.52,Running,1,5,89.23,16.29,360,23.657,,,,0.264,4.04,2.306,0,77.3,18.21
2026-04-11 00:00:00,daily,EMS-01,Underground EMS 01,Underground EMS,Underground,,30.398,,,,,,18.34,Running,0,1,91.83,12.79,370,22.041,,,,0.281,9.09,2.444,0,75.3,20.88
2026-04-12 00:00:00,daily,EMS-01,Underground EMS 01,Underground EMS,Underground,,28.601,,,,,,19.2,Running,1,7,89.02,13.1,363,21.754,,,,0.325,5.53,2.831,0,83.3,21.25
2026-04-13 00:00:00,daily,EMS-01,Underground EMS 01,Underground EMS,Underground,,29.431,,,,,,18.35,Running,0,10,90.41,13.37,367,25.067,,,,0.376,7.39,3.433,0,76.3,17.0
2026-04-14 00:00:00,daily,EMS-01,Underground EMS 01,Underground EMS,Underground,,29.998,,,,,,20.73,Running,1,7,87.98,15.78,358,26.53,,,,0.251,6.48,2.691,0,77.7,22.3
2026-04-15 00:00:00,daily,EMS-01,Underground EMS 01,Underground EMS,Underground,,31.809,,,,,,20.32,Running,0,1,89.65,14.52,355,27.862,,,,0.348,5.36,2.29,0,79.4,18.55
2026-04-16 00:00:00,daily,EMS-01,Underground EMS 01,Underground EMS,Underground,,31.341,,,,,,20.72,Running,1,4,87.02,21.04,350,23.547,,,,0.366,4.43,2.396,0,79.4,19.2
2026-04-17 00:00:00,daily,EMS-01,Underground EMS 01,Underground EMS,Underground,,30.925,,,,,,18.62,Running,1,7,89.46,15.48,359,23.367,,,,0.41,10.39,2.797,0,83.1,29.64
2026-04-18 00:00:00,daily,EMS-01,Underground EMS 01,Underground EMS,Underground,,30.171,,,,,,19.58,Running,0,0,90.15,18.12,356,24.444,,,,0.434,8.97,2.196,0,77.7,25.72
2026-04-19 00:00:00,daily,EMS-01,Underground EMS 01,Underground EMS,Underground,,28.55,,,,,,20.48,Running,0,1,91.28,12.64,351,24.552,,,,0.418,8.78,2.929,0,84.9,24.65
2026-04-20 00:00:00,daily,EMS-01,Underground EMS 01,Underground EMS,Underground,,30.172,,,,,,22.65,Running,1,0,88.18,16.21,348,21.735,,,,0.53,6.91,2.682,0,76.8,30.48
2026-04-21 00:00:00,daily,EMS-01,Underground EMS 01,Underground EMS,Underground,,28.074,,,,,,20.27,Running,0,7,88.63,15.88,355,28.439,,,,0.475,8.15,2.562,0,79.9,30.56
2026-04-22 00:00:00,daily,EMS-01,Underground EMS 01,Underground EMS,Underground,,28.867,,,,,,17.75,Running,0,16,88.42,16.49,348,24.118,,,,0.407,5.79,2.095,0,77.1,20.27
2026-04-23 00:00:00,daily,EMS-01,Underground EMS 01,Underground EMS,Underground,,31.646,,,,,,20.19,Running,0,1,89.03,16.0,347,25.656,,,,0.312,5.74,2.876,0,88.5,21.15
2026-04-24 00:00:00,daily,EMS-01,Underground EMS 01,Underground EMS,Underground,,29.911,,,,,,19.36,Running,0,9,87.88,14.99,344,25.325,,,,0.337,13.13,2.372,0,76.2,33.16
2026-04-25 00:00:00,daily,EMS-01,Underground EMS 01,Underground EMS,Underground,,29.476,,,,,,15.84,Running,1,5,85.95,19.21,343,25.264,,,,0.277,10.65,2.646,0,76.7,24.54
2026-04-26 00:00:00,daily,EMS-01,Underground EMS 01,Underground EMS,Underground,,29.657,,,,,,16.14,Running,0,1,87.71,15.76,346,21.04,,,,0.405,6.32,2.553,0,78.6,19.77
2026-04-27 00:00:00,daily,EMS-01,Underground EMS 01,Underground EMS,Underground,,29.028,,,,,,19.55,Running,1,13,89.28,17.06,337,24.034,,,,0.42,3.51,2.125,0,76.7,19.85
2026-04-28 00:00:00,daily,EMS-01,Underground EMS 01,Underground EMS,Underground,,26.142,,,,,,19.71,Running,0,11,89.1,11.4,341,30.895,,,,0.466,2.9,2.531,0,79.6,21.76
2026-04-29 00:00:00,daily,EMS-01,Underground EMS 01,Underground EMS,Underground,,27.391,,,,,,19.11,Running,0,7,90.21,14.03,343,28.815,,,,0.417,6.1,2.237,0,84.1,23.57
2026-04-30 00:00:00,daily,EMS-01,Underground EMS 01,Underground EMS,Underground,,30.025,,,,,,21.38,Running,0,5,90.65,10.05,338,24.524,,,,0.481,8.32,2.404,0,78.7,27.54
2026-05-01 00:00:00,daily,EMS-01,Underground EMS 01,Underground EMS,Underground,,27.873,,,,,,17.88,Running,1,7,88.57,16.87,341,22.953,,,,0.484,8.36,2.73,0,78.9,30.88
2026-05-02 00:00:00,daily,EMS-01,Underground EMS 01,Underground EMS,Underground,,29.012,,,,,,17.02,Running,1,6,86.73,17.78,341,17.401,,,,0.317,8.44,2.811,0,76.9,27.55
2026-05-03 00:00:00,daily,EMS-01,Underground EMS 01,Underground EMS,Underground,,27.445,,,,,,18.09,Running,0,5,89.89,10.52,338,22.562,,,,0.359,9.0,2.595,0,75.5,23.75
2026-05-04 00:00:00,daily,EMS-01,Underground EMS 01,Underground EMS,Underground,,28.158,,,,,,18.51,Running,1,10,89.21,16.99,331,23.819,,,,0.4,4.88,2.335,0,78.5,20.43
2026-05-05 00:00:00,daily,EMS-01,Underground EMS 01,Underground EMS,Underground,,29.159,,,,,,19.57,Running,0,9,88.8,10.65,332,23.103,,,,0.346,12.52,2.406,0,78.0,39.12
2026-05-06 00:00:00,daily,EMS-01,Underground EMS 01,Underground EMS,Underground,,30.459,,,,,,18.15,Running,1,3,91.14,12.34,332,23.312,,,,0.384,7.41,2.401,0,83.9,25.43
2026-05-07 00:00:00,daily,EMS-01,Underground EMS 01,Underground EMS,Underground,,30.74,,,,,,15.57,Running,0,7,89.89,15.53,327,25.922,,,,0.429,8.88,1.959,0,73.2,24.53
2026-05-08 00:00:00,daily,EMS-01,Underground EMS 01,Underground EMS,Underground,,28.138,,,,,,14.75,Running,0,7,89.35,17.67,326,21.054,,,,0.396,6.03,2.622,0,85.3,21.47
2026-05-09 00:00:00,daily,EMS-01,Underground EMS 01,Underground EMS,Underground,,29.597,,,,,,19.92,Running,0,8,89.4,11.63,324,24.873,,,,0.407,8.93,2.1,0,77.3,25.37
2026-05-10 00:00:00,daily,EMS-01,Underground EMS 01,Underground EMS,Underground,,27.173,,,,,,17.51,Running,0,12,90.47,12.31,335,23.725,,,,0.332,14.23,2.623,0,78.7,34.11
2026-05-11 00:00:00,daily,EMS-01,Underground EMS 01,Underground EMS,Underground,,29.248,,,,,,15.83,Running,1,13,87.99,18.98,323,21.409,,,,0.449,5.03,2.162,0,72.7,24.18
2026-05-12 00:00:00,daily,EMS-01,Underground EMS 01,Underground EMS,Underground,,30.504,,,,,,20.88,Running,1,12,87.67,19.57,327,29.078,,,,0.445,4.65,2.238,0,80.8,20.64
2026-05-13 00:00:00,daily,EMS-01,Underground EMS 01,Underground EMS,Underground,,29.076,,,,,,22.65,Running,1,12,88.68,18.41,318,26.3,,,,0.35,5.41,2.801,0,73.2,25.93
2026-05-14 00:00:00,daily,EMS-01,Underground EMS 01,Underground EMS,Underground,,31.013,,,,,,19.5,Running,1,17,87.15,23.11,327,21.697,,,,0.309,7.0,2.607,0,79.9,21.57
2026-05-15 00:00:00,daily,EMS-01,Underground EMS 01,Underground EMS,Underground,,30.343,,,,,,20.2,Running,0,15,88.95,14.46,317,25.609,,,,0.512,6.44,2.035,0,79.4,26.21
2026-05-16 00:00:00,daily,EMS-01,Underground EMS 01,Underground EMS,Underground,,29.51,,,,,,20.21,Running,1,0,89.15,15.93,317,19.889,,,,0.554,4.88,2.432,0,76.4,23.05
2026-05-17 00:00:00,daily,EMS-01,Underground EMS 01,Underground EMS,Underground,,28.823,,,,,,15.24,Running,0,8,88.87,14.89,308,22.067,,,,0.434,7.85,2.679,0,67.7,24.28
2026-05-18 00:00:00,daily,EMS-01,Underground EMS 01,Underground EMS,Underground,,28.426,,,,,,21.39,Running,0,0,88.38,12.31,319,28.04,,,,0.388,12.68,2.414,0,88.8,28.86
2026-05-19 00:00:00,daily,EMS-01,Underground EMS 01,Underground EMS,Underground,,27.133,,,,,,22.06,Running,0,7,91.59,11.6,319,25.112,,,,0.502,7.55,2.497,0,72.7,28.32
2026-05-20 00:00:00,daily,EMS-01,Underground EMS 01,Underground EMS,Underground,,27.362,,,,,,23.21,Running,0,5,90.43,9.41,307,24.872,,,,0.457,7.71,2.673,0,79.4,24.91
2026-05-21 00:00:00,daily,EMS-01,Underground EMS 01,Underground EMS,Underground,,30.569,,,,,,18.84,Running,1,4,88.75,14.71,315,27.019,,,,0.403,9.03,2.613,0,74.4,30.0
2026-05-22 00:00:00,daily,EMS-01,Underground EMS 01,Underground EMS,Underground,,31.296,,,,,,17.5,Running,0,0,89.03,12.42,304,25.892,,,,0.499,9.94,2.302,0,83.2,30.62
2026-05-23 00:00:00,daily,EMS-01,Underground EMS 01,Underground EMS,Underground,,27.664,,,,,,22.29,Running,1,5,91.07,13.38,310,23.26,,,,0.358,12.12,2.607,0,76.1,33.23
2026-05-24 00:00:00,daily,EMS-01,Underground EMS 01,Underground EMS,Underground,,29.273,,,,,,20.64,Running,0,7,87.91,15.37,305,26.868,,,,0.369,8.72,2.514,0,74.2,27.47
2026-05-25 00:00:00,daily,EMS-01,Underground EMS 01,Underground EMS,Underground,,26.974,,,,,,21.36,Running,0,5,87.28,14.23,311,18.992,,,,0.454,7.99,3.117,0,81.0,29.81
2026-05-26 00:00:00,daily,EMS-01,Underground EMS 01,Underground EMS,Underground,,27.812,,,,,,18.44,Running,0,4,89.17,16.89,305,22.057,,,,0.435,5.03,2.569,0,71.6,25.46
2026-05-27 00:00:00,daily,EMS-01,Underground EMS 01,Underground EMS,Underground,,29.544,,,,,,20.2,Running,0,2,89.45,13.56,306,23.769,,,,0.479,10.22,2.64,0,75.9,38.07
2026-05-28 00:00:00,daily,EMS-01,Underground EMS 01,Underground EMS,Underground,,28.454,,,,,,17.66,Running,0,5,89.55,13.76,306,25.703,,,,0.524,5.47,2.678,0,81.5,24.0
2026-05-29 00:00:00,daily,EMS-01,Underground EMS 01,Underground EMS,Underground,,26.499,,,,,,19.67,Running,0,2,90.07,11.94,299,23.085,,,,0.306,5.37,2.503,0,85.5,21.3
