timestamp,asset_id,health_score,failure_risk_pct,anomaly_score,rul_days,risk_level,model_reason
2026-01-01 00:00:00,CM-01,89.5,17.5,0.101,160,Low,Within baseline with monitored trend behaviour
2026-01-01 04:00:00,CM-01,95.4,7.9,0.009,171,Low,Within baseline with monitored trend behaviour
2026-01-01 08:00:00,CM-01,84.5,18.0,0.116,152,Low,Within baseline with monitored trend behaviour
2026-01-01 12:00:00,CM-01,85.8,19.7,0.135,146,Low,Within baseline with monitored trend behaviour
2026-01-01 16:00:00,CM-01,87.0,19.9,0.158,150,Low,Within baseline with monitored trend behaviour
2026-01-01 20:00:00,CM-01,74.9,34.4,0.326,128,Medium,utilisation_pct trending high
2026-01-02 00:00:00,CM-01,79.7,28.0,0.311,134,Medium,utilisation_pct trending high
2026-01-02 04:00:00,CM-01,75.9,31.0,0.294,133,Medium,Within baseline with monitored trend behaviour
2026-01-02 08:00:00,CM-01,75.9,33.7,0.28,127,Medium,Within baseline with monitored trend behaviour
2026-01-02 12:00:00,CM-01,78.3,28.2,0.195,138,Medium,Within baseline with monitored trend behaviour
2026-01-02 16:00:00,CM-01,78.3,29.3,0.233,137,Medium,Within baseline with monitored trend behaviour
2026-01-02 20:00:00,CM-01,78.5,27.6,0.247,136,Medium,Within baseline with monitored trend behaviour
2026-01-03 00:00:00,CM-01,77.6,29.8,0.281,126,Medium,Within baseline with monitored trend behaviour
2026-01-03 04:00:00,CM-01,85.1,17.6,0.134,154,Low,Within baseline with monitored trend behaviour
2026-01-03 08:00:00,CM-01,81.1,23.6,0.186,143,Low,Within baseline with monitored trend behaviour
2026-01-03 12:00:00,CM-01,84.0,21.4,0.206,143,Low,Within baseline with monitored trend behaviour
2026-01-03 16:00:00,CM-01,80.6,23.6,0.188,146,Low,Within baseline with monitored trend behaviour
2026-01-03 20:00:00,CM-01,81.8,24.9,0.185,135,Low,Within baseline with monitored trend behaviour
2026-01-04 00:00:00,CM-01,94.7,9.6,0.074,172,Low,Within baseline with monitored trend behaviour
2026-01-04 04:00:00,CM-01,88.5,13.5,0.07,154,Low,Within baseline with monitored trend behaviour
2026-01-04 08:00:00,CM-01,79.3,29.1,0.24,130,Medium,Within baseline with monitored trend behaviour
2026-01-04 12:00:00,CM-01,84.7,23.4,0.139,145,Low,Within baseline with monitored trend behaviour
2026-01-04 16:00:00,CM-01,87.7,19.6,0.163,152,Low,Within baseline with monitored trend behaviour
2026-01-04 20:00:00,CM-01,87.2,20.0,0.157,152,Low,Within baseline with monitored trend behaviour
2026-01-05 00:00:00,CM-01,88.4,13.7,0.066,154,Low,Within baseline with monitored trend behaviour
2026-01-05 04:00:00,CM-01,94.0,11.0,0.079,156,Low,Within baseline with monitored trend behaviour
2026-01-05 08:00:00,CM-01,91.0,9.2,0.015,171,Low,Within baseline with monitored trend behaviour
2026-01-05 12:00:00,CM-01,90.9,13.3,0.097,152,Low,Within baseline with monitored trend behaviour
2026-01-05 16:00:00,CM-01,93.0,12.0,0.029,160,Low,Within baseline with monitored trend behaviour
2026-01-05 20:00:00,CM-01,94.6,9.2,0.017,162,Low,Within baseline with monitored trend behaviour
2026-01-06 00:00:00,CM-01,92.1,11.7,0.019,154,Low,Within baseline with monitored trend behaviour
2026-01-06 04:00:00,CM-01,91.0,12.9,0.015,157,Low,Within baseline with monitored trend behaviour
2026-01-06 08:00:00,CM-01,91.7,10.1,0.022,162,Low,Within baseline with monitored trend behaviour
2026-01-06 12:00:00,CM-01,94.1,9.6,0.0,166,Low,Within baseline with monitored trend behaviour
2026-01-06 16:00:00,CM-01,93.8,6.8,0.0,170,Low,Within baseline with monitored trend behaviour
2026-01-06 20:00:00,CM-01,91.9,9.7,0.002,163,Low,Within baseline with monitored trend behaviour
2026-01-07 00:00:00,CM-01,93.3,9.1,0.004,169,Low,Within baseline with monitored trend behaviour
2026-01-07 04:00:00,CM-01,92.9,6.8,0.018,172,Low,Within baseline with monitored trend behaviour
2026-01-07 08:00:00,CM-01,92.3,10.9,0.021,160,Low,Within baseline with monitored trend behaviour
2026-01-07 12:00:00,CM-01,92.9,10.2,0.016,164,Low,Within baseline with monitored trend behaviour
2026-01-07 16:00:00,CM-01,95.1,7.9,0.0,170,Low,Within baseline with monitored trend behaviour
2026-01-07 20:00:00,CM-01,91.9,12.2,0.03,159,Low,Within baseline with monitored trend behaviour
2026-01-08 00:00:00,CM-01,87.3,20.1,0.144,147,Low,Within baseline with monitored trend behaviour
2026-01-08 04:00:00,CM-01,91.7,12.5,0.065,162,Low,Within baseline with monitored trend behaviour
2026-01-08 08:00:00,CM-01,91.8,12.3,0.058,156,Low,Within baseline with monitored trend behaviour
2026-01-08 12:00:00,CM-01,93.5,12.3,0.055,162,Low,Within baseline with monitored trend behaviour
2026-01-08 16:00:00,CM-01,84.7,20.1,0.172,142,Low,Within baseline with monitored trend behaviour
2026-01-08 20:00:00,CM-01,74.7,33.1,0.28,117,Medium,Within baseline with monitored trend behaviour
2026-01-09 00:00:00,CM-01,89.9,14.2,0.115,153,Low,Within baseline with monitored trend behaviour
2026-01-09 04:00:00,CM-01,80.4,28.0,0.253,132,Medium,utilisation_pct trending high
2026-01-09 08:00:00,CM-01,85.9,21.5,0.197,146,Low,Within baseline with monitored trend behaviour
2026-01-09 12:00:00,CM-01,82.7,20.8,0.232,139,Low,Within baseline with monitored trend behaviour
2026-01-09 16:00:00,CM-01,88.7,16.1,0.108,152,Low,Within baseline with monitored trend behaviour
2026-01-09 20:00:00,CM-01,89.6,16.6,0.127,154,Low,Within baseline with monitored trend behaviour
2026-01-10 00:00:00,CM-01,82.4,22.7,0.212,140,Low,Within baseline with monitored trend behaviour
2026-01-10 04:00:00,CM-01,83.5,23.0,0.201,144,Low,Within baseline with monitored trend behaviour
2026-01-10 08:00:00,CM-01,81.7,22.6,0.208,145,Low,Within baseline with monitored trend behaviour
2026-01-10 12:00:00,CM-01,81.2,29.7,0.257,134,Medium,Within baseline with monitored trend behaviour
2026-01-10 16:00:00,CM-01,84.4,23.0,0.211,142,Low,Within baseline with monitored trend behaviour
2026-01-10 20:00:00,CM-01,86.7,18.4,0.168,150,Low,Within baseline with monitored trend behaviour
2026-01-11 00:00:00,CM-01,78.0,30.8,0.255,127,Medium,Within baseline with monitored trend behaviour
2026-01-11 04:00:00,CM-01,82.8,21.4,0.22,141,Low,Within baseline with monitored trend behaviour
2026-01-11 08:00:00,CM-01,80.0,27.4,0.206,135,Medium,Within baseline with monitored trend behaviour
2026-01-11 12:00:00,CM-01,87.8,18.2,0.102,149,Low,Within baseline with monitored trend behaviour
2026-01-11 16:00:00,CM-01,84.1,20.7,0.133,147,Low,Within baseline with monitored trend behaviour
2026-01-11 20:00:00,CM-01,82.2,25.3,0.254,143,Medium,Within baseline with monitored trend behaviour
2026-01-12 00:00:00,CM-01,86.5,20.6,0.139,157,Low,Within baseline with monitored trend behaviour
2026-01-12 04:00:00,CM-01,86.7,16.6,0.117,154,Low,Within baseline with monitored trend behaviour
2026-01-12 08:00:00,CM-01,85.8,17.3,0.142,150,Low,Within baseline with monitored trend behaviour
2026-01-12 12:00:00,CM-01,85.5,21.6,0.124,146,Low,Within baseline with monitored trend behaviour
2026-01-12 16:00:00,CM-01,89.5,13.3,0.111,163,Low,Within baseline with monitored trend behaviour
2026-01-12 20:00:00,CM-01,92.0,15.7,0.106,155,Low,Within baseline with monitored trend behaviour
2026-01-13 00:00:00,CM-01,93.0,9.1,0.018,163,Low,Within baseline with monitored trend behaviour
2026-01-13 04:00:00,CM-01,94.6,9.6,0.057,164,Low,Within baseline with monitored trend behaviour
2026-01-13 08:00:00,CM-01,94.4,7.5,0.0,169,Low,Within baseline with monitored trend behaviour
2026-01-13 12:00:00,CM-01,91.6,14.8,0.036,155,Low,Within baseline with monitored trend behaviour
2026-01-13 16:00:00,CM-01,90.5,10.0,0.047,162,Low,Within baseline with monitored trend behaviour
2026-01-13 20:00:00,CM-01,95.6,6.4,0.0,169,Low,Within baseline with monitored trend behaviour
2026-01-14 00:00:00,CM-01,91.5,9.4,0.0,159,Low,Within baseline with monitored trend behaviour
2026-01-14 04:00:00,CM-01,95.1,7.4,0.0,167,Low,Within baseline with monitored trend behaviour
2026-01-14 08:00:00,CM-01,87.1,13.2,0.0,161,Low,Within baseline with monitored trend behaviour
2026-01-14 12:00:00,CM-01,91.2,10.3,0.002,159,Low,Within baseline with monitored trend behaviour
2026-01-14 16:00:00,CM-01,89.4,13.4,0.024,154,Low,Within baseline with monitored trend behaviour
2026-01-14 20:00:00,CM-01,94.8,8.2,0.0,168,Low,Within baseline with monitored trend behaviour
2026-01-15 00:00:00,CM-01,91.9,12.9,0.036,150,Low,Within baseline with monitored trend behaviour
2026-01-15 04:00:00,CM-01,94.3,9.3,0.017,166,Low,Within baseline with monitored trend behaviour
2026-01-15 08:00:00,CM-01,90.1,11.7,0.065,155,Low,Within baseline with monitored trend behaviour
2026-01-15 12:00:00,CM-01,85.7,21.9,0.167,144,Low,utilisation_pct trending high
2026-01-15 16:00:00,CM-01,80.9,27.0,0.27,131,Medium,utilisation_pct trending high
2026-01-15 20:00:00,CM-01,81.7,24.6,0.232,136,Low,utilisation_pct trending high
2026-01-16 00:00:00,CM-01,87.3,20.8,0.193,137,Low,Within baseline with monitored trend behaviour
2026-01-16 04:00:00,CM-01,84.9,20.5,0.176,150,Low,Within baseline with monitored trend behaviour
2026-01-16 08:00:00,CM-01,86.8,17.8,0.118,146,Low,Within baseline with monitored trend behaviour
2026-01-16 12:00:00,CM-01,84.7,19.6,0.119,147,Low,Within baseline with monitored trend behaviour
2026-01-16 16:00:00,CM-01,87.6,18.2,0.135,155,Low,Within baseline with monitored trend behaviour
2026-01-16 20:00:00,CM-01,80.3,27.1,0.227,142,Medium,Within baseline with monitored trend behaviour
2026-01-17 00:00:00,CM-01,79.3,31.1,0.255,130,Medium,Within baseline with monitored trend behaviour
2026-01-17 04:00:00,CM-01,84.2,17.0,0.135,151,Low,Within baseline with monitored trend behaviour
2026-01-17 08:00:00,CM-01,78.8,26.7,0.22,137,Medium,Within baseline with monitored trend behaviour
2026-01-17 12:00:00,CM-01,85.0,21.8,0.189,140,Low,Within baseline with monitored trend behaviour
2026-01-17 16:00:00,CM-01,80.1,27.5,0.268,129,Medium,Within baseline with monitored trend behaviour
2026-01-17 20:00:00,CM-01,79.0,29.2,0.247,127,Medium,Within baseline with monitored trend behaviour
2026-01-18 00:00:00,CM-01,82.7,25.3,0.237,136,Medium,Within baseline with monitored trend behaviour
2026-01-18 04:00:00,CM-01,79.3,26.6,0.221,134,Medium,Within baseline with monitored trend behaviour
2026-01-18 08:00:00,CM-01,80.2,32.1,0.311,124,Medium,Within baseline with monitored trend behaviour
2026-01-18 12:00:00,CM-01,82.8,24.9,0.201,145,Low,Within baseline with monitored trend behaviour
2026-01-18 16:00:00,CM-01,83.0,22.7,0.153,137,Low,Within baseline with monitored trend behaviour
2026-01-18 20:00:00,CM-01,83.2,23.8,0.239,144,Low,Within baseline with monitored trend behaviour
2026-01-19 00:00:00,CM-01,77.2,31.2,0.268,128,Medium,Within baseline with monitored trend behaviour
2026-01-19 04:00:00,CM-01,77.5,29.6,0.241,121,Medium,Within baseline with monitored trend behaviour
2026-01-19 08:00:00,CM-01,77.7,28.5,0.233,131,Medium,Within baseline with monitored trend behaviour
2026-01-19 12:00:00,CM-01,78.4,29.1,0.258,136,Medium,Within baseline with monitored trend behaviour
2026-01-19 16:00:00,CM-01,80.6,25.3,0.153,138,Medium,Within baseline with monitored trend behaviour
2026-01-19 20:00:00,CM-01,84.6,22.0,0.179,140,Low,Within baseline with monitored trend behaviour
2026-01-20 00:00:00,CM-01,89.8,12.8,0.079,155,Low,Within baseline with monitored trend behaviour
2026-01-20 04:00:00,CM-01,84.2,16.8,0.124,151,Low,Within baseline with monitored trend behaviour
2026-01-20 08:00:00,CM-01,83.6,21.3,0.178,144,Low,Within baseline with monitored trend behaviour
2026-01-20 12:00:00,CM-01,93.7,8.0,0.0,164,Low,Within baseline with monitored trend behaviour
2026-01-20 16:00:00,CM-01,92.8,7.5,0.009,172,Low,Within baseline with monitored trend behaviour
2026-01-20 20:00:00,CM-01,95.1,7.4,0.005,175,Low,Within baseline with monitored trend behaviour
2026-01-21 00:00:00,CM-01,94.9,8.1,0.012,173,Low,Within baseline with monitored trend behaviour
2026-01-21 04:00:00,CM-01,97.6,6.2,0.019,167,Low,Within baseline with monitored trend behaviour
2026-01-21 08:00:00,CM-01,94.0,8.4,0.019,162,Low,Within baseline with monitored trend behaviour
2026-01-21 12:00:00,CM-01,90.6,13.0,0.023,159,Low,Within baseline with monitored trend behaviour
2026-01-21 16:00:00,CM-01,95.4,6.9,0.0,164,Low,Within baseline with monitored trend behaviour
2026-01-21 20:00:00,CM-01,97.6,6.1,0.012,168,Low,Within baseline with monitored trend behaviour
2026-01-22 00:00:00,CM-01,92.0,9.5,0.0,166,Low,Within baseline with monitored trend behaviour
2026-01-22 04:00:00,CM-01,90.5,13.5,0.059,159,Low,Within baseline with monitored trend behaviour
2026-01-22 08:00:00,CM-01,96.7,7.3,0.0,162,Low,Within baseline with monitored trend behaviour
2026-01-22 12:00:00,CM-01,88.2,14.5,0.082,149,Low,Within baseline with monitored trend behaviour
2026-01-22 16:00:00,CM-01,92.2,10.5,0.043,162,Low,Within baseline with monitored trend behaviour
2026-01-22 20:00:00,CM-01,94.3,9.1,0.031,160,Low,Within baseline with monitored trend behaviour
2026-01-23 00:00:00,CM-01,95.9,7.1,0.001,163,Low,Within baseline with monitored trend behaviour
2026-01-23 04:00:00,CM-01,85.2,21.5,0.126,137,Low,Within baseline with monitored trend behaviour
2026-01-23 08:00:00,CM-01,91.6,10.3,0.033,153,Low,Within baseline with monitored trend behaviour
2026-01-23 12:00:00,CM-01,92.8,12.2,0.027,154,Low,Within baseline with monitored trend behaviour
2026-01-23 16:00:00,CM-01,90.7,14.8,0.069,153,Low,Within baseline with monitored trend behaviour
2026-01-23 20:00:00,CM-01,85.6,20.6,0.137,148,Low,Within baseline with monitored trend behaviour
2026-01-24 00:00:00,CM-01,87.2,18.2,0.16,148,Low,Within baseline with monitored trend behaviour
2026-01-24 04:00:00,CM-01,86.7,16.3,0.136,144,Low,Within baseline with monitored trend behaviour
2026-01-24 08:00:00,CM-01,85.3,19.6,0.147,140,Low,Within baseline with monitored trend behaviour
2026-01-24 12:00:00,CM-01,77.6,31.9,0.275,123,Medium,Within baseline with monitored trend behaviour
2026-01-24 16:00:00,CM-01,83.4,22.5,0.181,134,Low,Within baseline with monitored trend behaviour
2026-01-24 20:00:00,CM-01,81.7,28.9,0.26,136,Medium,Within baseline with monitored trend behaviour
2026-01-25 00:00:00,CM-01,80.3,26.4,0.234,137,Medium,Within baseline with monitored trend behaviour
2026-01-25 04:00:00,CM-01,74.5,35.1,0.341,128,Medium,Within baseline with monitored trend behaviour
2026-01-25 08:00:00,CM-01,85.5,22.2,0.192,142,Low,Within baseline with monitored trend behaviour
2026-01-25 12:00:00,CM-01,78.4,26.6,0.234,139,Medium,Within baseline with monitored trend behaviour
2026-01-25 16:00:00,CM-01,75.0,35.1,0.326,125,Medium,Within baseline with monitored trend behaviour
2026-01-25 20:00:00,CM-01,62.0,50.1,0.529,94,High,utilisation_pct above upper limit
2026-01-26 00:00:00,CM-01,74.8,31.5,0.303,131,Medium,Within baseline with monitored trend behaviour
2026-01-26 04:00:00,CM-01,79.9,28.2,0.264,128,Medium,Within baseline with monitored trend behaviour
2026-01-26 08:00:00,CM-01,73.2,36.9,0.354,117,Medium,utilisation_pct trending high
2026-01-26 12:00:00,CM-01,88.8,18.3,0.096,150,Low,Within baseline with monitored trend behaviour
2026-01-26 16:00:00,CM-01,76.3,31.8,0.3,125,Medium,Within baseline with monitored trend behaviour
2026-01-26 20:00:00,CM-01,86.7,19.3,0.154,145,Low,Within baseline with monitored trend behaviour
2026-01-27 00:00:00,CM-01,91.2,15.4,0.095,156,Low,Within baseline with monitored trend behaviour
2026-01-27 04:00:00,CM-01,92.7,10.7,0.055,155,Low,Within baseline with monitored trend behaviour
2026-01-27 08:00:00,CM-01,93.3,13.4,0.054,153,Low,Within baseline with monitored trend behaviour
2026-01-27 12:00:00,CM-01,92.4,13.9,0.056,153,Low,Within baseline with monitored trend behaviour
2026-01-27 16:00:00,CM-01,93.6,12.4,0.044,152,Low,Within baseline with monitored trend behaviour
2026-01-27 20:00:00,CM-01,90.1,11.2,0.068,161,Low,Within baseline with monitored trend behaviour
2026-01-28 00:00:00,CM-01,96.3,6.3,0.005,171,Low,Within baseline with monitored trend behaviour
2026-01-28 04:00:00,CM-01,93.0,8.1,0.018,165,Low,Within baseline with monitored trend behaviour
2026-01-28 08:00:00,CM-01,88.4,11.2,0.04,164,Low,Within baseline with monitored trend behaviour
2026-01-28 12:00:00,CM-01,92.5,9.7,0.007,158,Low,Within baseline with monitored trend behaviour
2026-01-28 16:00:00,CM-01,93.2,9.4,0.0,161,Low,Within baseline with monitored trend behaviour
2026-01-28 20:00:00,CM-01,91.4,10.3,0.025,157,Low,Within baseline with monitored trend behaviour
2026-01-29 00:00:00,CM-01,93.4,7.6,0.0,164,Low,Within baseline with monitored trend behaviour
2026-01-29 04:00:00,CM-01,90.7,16.4,0.095,146,Low,Within baseline with monitored trend behaviour
2026-01-29 08:00:00,CM-01,92.7,13.2,0.043,158,Low,Within baseline with monitored trend behaviour
2026-01-29 12:00:00,CM-01,92.9,9.2,0.028,167,Low,Within baseline with monitored trend behaviour
2026-01-29 16:00:00,CM-01,88.5,15.9,0.106,148,Low,Within baseline with monitored trend behaviour
2026-01-29 20:00:00,CM-01,88.2,11.2,0.021,154,Low,Within baseline with monitored trend behaviour
2026-01-30 00:00:00,CM-01,94.0,11.6,0.071,158,Low,Within baseline with monitored trend behaviour
2026-01-30 04:00:00,CM-01,84.9,20.6,0.167,137,Low,Within baseline with monitored trend behaviour
2026-01-30 08:00:00,CM-01,89.4,13.9,0.041,155,Low,Within baseline with monitored trend behaviour
2026-01-30 12:00:00,CM-01,93.7,8.6,0.025,158,Low,Within baseline with monitored trend behaviour
2026-01-30 16:00:00,CM-01,94.6,9.6,0.027,160,Low,Within baseline with monitored trend behaviour
2026-01-30 20:00:00,CM-01,92.6,10.5,0.022,165,Low,Within baseline with monitored trend behaviour
2026-01-31 00:00:00,CM-01,90.9,12.3,0.077,156,Low,Within baseline with monitored trend behaviour
2026-01-31 04:00:00,CM-01,92.3,10.9,0.063,158,Low,Within baseline with monitored trend behaviour
2026-01-31 08:00:00,CM-01,91.5,12.0,0.049,153,Low,Within baseline with monitored trend behaviour
2026-01-31 12:00:00,CM-01,90.6,13.4,0.111,150,Low,Within baseline with monitored trend behaviour
2026-01-31 16:00:00,CM-01,87.4,15.9,0.104,144,Low,Within baseline with monitored trend behaviour
2026-01-31 20:00:00,CM-01,84.9,22.4,0.175,144,Low,Within baseline with monitored trend behaviour
2026-02-01 00:00:00,CM-01,85.3,20.4,0.171,144,Low,Within baseline with monitored trend behaviour
2026-02-01 04:00:00,CM-01,81.1,22.6,0.162,133,Low,Within baseline with monitored trend behaviour
2026-02-01 08:00:00,CM-01,78.5,26.4,0.2,137,Medium,Within baseline with monitored trend behaviour
2026-02-01 12:00:00,CM-01,80.7,28.4,0.228,126,Medium,Within baseline with monitored trend behaviour
2026-02-01 16:00:00,CM-01,80.0,27.7,0.275,138,Medium,Within baseline with monitored trend behaviour
2026-02-01 20:00:00,CM-01,75.9,34.1,0.29,115,Medium,Within baseline with monitored trend behaviour
2026-02-02 00:00:00,CM-01,75.9,33.0,0.317,123,Medium,Within baseline with monitored trend behaviour
2026-02-02 04:00:00,CM-01,79.6,28.9,0.31,123,Medium,Within baseline with monitored trend behaviour
2026-02-02 08:00:00,CM-01,79.6,28.8,0.331,137,Medium,Within baseline with monitored trend behaviour
2026-02-02 12:00:00,CM-01,74.1,35.0,0.368,123,Medium,utilisation_pct trending high
2026-02-02 16:00:00,CM-01,74.3,36.0,0.329,115,Medium,Within baseline with monitored trend behaviour
2026-02-02 20:00:00,CM-01,76.6,30.0,0.248,125,Medium,Within baseline with monitored trend behaviour
2026-02-03 00:00:00,CM-01,79.2,25.6,0.211,136,Medium,Within baseline with monitored trend behaviour
2026-02-03 04:00:00,CM-01,82.3,28.0,0.228,129,Medium,Within baseline with monitored trend behaviour
2026-02-03 08:00:00,CM-01,92.5,11.9,0.062,153,Low,Within baseline with monitored trend behaviour
2026-02-03 12:00:00,CM-01,94.3,8.6,0.015,162,Low,Within baseline with monitored trend behaviour
2026-02-03 16:00:00,CM-01,89.6,12.1,0.101,148,Low,Within baseline with monitored trend behaviour
2026-02-03 20:00:00,CM-01,89.1,12.8,0.105,153,Low,Within baseline with monitored trend behaviour
2026-02-04 00:00:00,CM-01,91.2,7.7,0.0,158,Low,Within baseline with monitored trend behaviour
2026-02-04 04:00:00,CM-01,95.7,5.6,0.008,162,Low,Within baseline with monitored trend behaviour
2026-02-04 08:00:00,CM-01,91.0,12.3,0.022,152,Low,Within baseline with monitored trend behaviour
2026-02-04 12:00:00,CM-01,91.9,9.8,0.03,164,Low,Within baseline with monitored trend behaviour
2026-02-04 16:00:00,CM-01,94.8,8.1,0.01,164,Low,Within baseline with monitored trend behaviour
2026-02-04 20:00:00,CM-01,92.5,6.7,0.0,161,Low,Within baseline with monitored trend behaviour
2026-02-05 00:00:00,CM-01,89.4,11.1,0.024,157,Low,Within baseline with monitored trend behaviour
2026-02-05 04:00:00,CM-01,95.1,9.7,0.0,161,Low,Within baseline with monitored trend behaviour
2026-02-05 08:00:00,CM-01,89.9,14.4,0.074,147,Low,Within baseline with monitored trend behaviour
2026-02-05 12:00:00,CM-01,92.2,7.2,0.014,163,Low,Within baseline with monitored trend behaviour
2026-02-05 16:00:00,CM-01,86.6,18.9,0.128,145,Low,Within baseline with monitored trend behaviour
2026-02-05 20:00:00,CM-01,90.6,10.3,0.01,158,Low,Within baseline with monitored trend behaviour
2026-02-06 00:00:00,CM-01,90.3,12.6,0.052,146,Low,Within baseline with monitored trend behaviour
2026-02-06 04:00:00,CM-01,86.4,17.8,0.152,146,Low,Within baseline with monitored trend behaviour
2026-02-06 08:00:00,CM-01,93.4,13.2,0.066,157,Low,Within baseline with monitored trend behaviour
2026-02-06 12:00:00,CM-01,93.3,9.5,0.02,164,Low,Within baseline with monitored trend behaviour
2026-02-06 16:00:00,CM-01,90.9,13.4,0.036,160,Low,Within baseline with monitored trend behaviour
2026-02-06 20:00:00,CM-01,94.1,8.1,0.025,173,Low,Within baseline with monitored trend behaviour
2026-02-07 00:00:00,CM-01,92.1,10.6,0.015,157,Low,Within baseline with monitored trend behaviour
2026-02-07 04:00:00,CM-01,95.2,10.2,0.023,161,Low,Within baseline with monitored trend behaviour
2026-02-07 08:00:00,CM-01,88.4,12.7,0.062,151,Low,Within baseline with monitored trend behaviour
2026-02-07 12:00:00,CM-01,91.4,11.6,0.045,160,Low,Within baseline with monitored trend behaviour
2026-02-07 16:00:00,CM-01,92.4,12.2,0.06,148,Low,Within baseline with monitored trend behaviour
2026-02-07 20:00:00,CM-01,92.6,11.7,0.06,163,Low,Within baseline with monitored trend behaviour
2026-02-08 00:00:00,CM-01,90.1,15.5,0.099,155,Low,Within baseline with monitored trend behaviour
2026-02-08 04:00:00,CM-01,83.8,24.0,0.181,134,Low,Within baseline with monitored trend behaviour
2026-02-08 08:00:00,CM-01,70.1,38.8,0.356,108,Medium,utilisation_pct trending high
2026-02-08 12:00:00,CM-01,79.6,29.2,0.223,123,Medium,Within baseline with monitored trend behaviour
2026-02-08 16:00:00,CM-01,75.6,30.8,0.329,133,Medium,Within baseline with monitored trend behaviour
2026-02-08 20:00:00,CM-01,78.6,28.7,0.267,135,Medium,Within baseline with monitored trend behaviour
2026-02-09 00:00:00,CM-01,76.1,32.5,0.308,127,Medium,Within baseline with monitored trend behaviour
2026-02-09 04:00:00,CM-01,73.2,38.5,0.375,112,Medium,utilisation_pct trending high
2026-02-09 08:00:00,CM-01,76.5,30.6,0.312,126,Medium,utilisation_pct trending high
2026-02-09 12:00:00,CM-01,72.6,39.0,0.398,111,Medium,utilisation_pct above upper limit
2026-02-09 16:00:00,CM-01,76.2,30.3,0.253,128,Medium,Within baseline with monitored trend behaviour
2026-02-09 20:00:00,CM-01,89.5,14.1,0.102,147,Low,Within baseline with monitored trend behaviour
2026-02-10 00:00:00,CM-01,76.1,31.0,0.304,121,Medium,utilisation_pct trending high
2026-02-10 04:00:00,CM-01,77.0,29.1,0.246,130,Medium,Within baseline with monitored trend behaviour
2026-02-10 08:00:00,CM-01,82.9,25.3,0.2,133,Medium,Within baseline with monitored trend behaviour
2026-02-10 12:00:00,CM-01,88.3,13.1,0.093,148,Low,Within baseline with monitored trend behaviour
2026-02-10 16:00:00,CM-01,88.8,16.1,0.134,142,Low,Within baseline with monitored trend behaviour
2026-02-10 20:00:00,CM-01,90.9,12.7,0.066,152,Low,Within baseline with monitored trend behaviour
2026-02-11 00:00:00,CM-01,92.8,12.6,0.066,155,Low,Within baseline with monitored trend behaviour
2026-02-11 04:00:00,CM-01,85.7,19.1,0.125,146,Low,Within baseline with monitored trend behaviour
2026-02-11 08:00:00,CM-01,89.9,14.5,0.076,149,Low,Within baseline with monitored trend behaviour
2026-02-11 12:00:00,CM-01,95.5,10.7,0.028,158,Low,Within baseline with monitored trend behaviour
2026-02-11 16:00:00,CM-01,84.7,17.3,0.075,146,Low,Within baseline with monitored trend behaviour
2026-02-11 20:00:00,CM-01,93.6,9.6,0.0,160,Low,Within baseline with monitored trend behaviour
2026-02-12 00:00:00,CM-01,91.1,14.9,0.099,143,Low,Within baseline with monitored trend behaviour
2026-02-12 04:00:00,CM-01,93.7,9.0,0.017,156,Low,Within baseline with monitored trend behaviour
2026-02-12 08:00:00,CM-01,83.9,18.3,0.131,139,Low,Within baseline with monitored trend behaviour
2026-02-12 12:00:00,CM-01,89.0,15.8,0.067,146,Low,Within baseline with monitored trend behaviour
2026-02-12 16:00:00,CM-01,93.8,11.5,0.019,162,Low,Within baseline with monitored trend behaviour
2026-02-12 20:00:00,CM-01,93.3,12.2,0.102,149,Low,Within baseline with monitored trend behaviour
2026-02-13 00:00:00,CM-01,91.4,13.2,0.058,158,Low,Within baseline with monitored trend behaviour
2026-02-13 04:00:00,CM-01,94.0,8.9,0.0,155,Low,Within baseline with monitored trend behaviour
2026-02-13 08:00:00,CM-01,94.8,5.4,0.01,170,Low,Within baseline with monitored trend behaviour
2026-02-13 12:00:00,CM-01,93.3,12.8,0.06,150,Low,Within baseline with monitored trend behaviour
2026-02-13 16:00:00,CM-01,92.4,10.9,0.017,161,Low,Within baseline with monitored trend behaviour
2026-02-13 20:00:00,CM-01,91.4,11.6,0.052,159,Low,Within baseline with monitored trend behaviour
2026-02-14 00:00:00,CM-01,96.1,5.1,0.017,158,Low,Within baseline with monitored trend behaviour
2026-02-14 04:00:00,CM-01,92.8,9.1,0.015,160,Low,Within baseline with monitored trend behaviour
2026-02-14 08:00:00,CM-01,93.1,8.9,0.0,154,Low,Within baseline with monitored trend behaviour
2026-02-14 12:00:00,CM-01,96.1,8.2,0.0,156,Low,Within baseline with monitored trend behaviour
2026-02-14 16:00:00,CM-01,92.3,6.8,0.023,155,Low,Within baseline with monitored trend behaviour
2026-02-14 20:00:00,CM-01,90.3,10.5,0.033,154,Low,Within baseline with monitored trend behaviour
2026-02-15 00:00:00,CM-01,83.1,19.0,0.13,146,Low,Within baseline with monitored trend behaviour
2026-02-15 04:00:00,CM-01,89.9,17.9,0.09,150,Low,Within baseline with monitored trend behaviour
2026-02-15 08:00:00,CM-01,82.2,25.2,0.158,136,Medium,Within baseline with monitored trend behaviour
2026-02-15 12:00:00,CM-01,82.7,25.3,0.229,133,Medium,Within baseline with monitored trend behaviour
2026-02-15 16:00:00,CM-01,87.5,14.3,0.123,157,Low,Within baseline with monitored trend behaviour
2026-02-15 20:00:00,CM-01,83.2,26.3,0.231,129,Medium,Within baseline with monitored trend behaviour
2026-02-16 00:00:00,CM-01,78.8,29.3,0.296,130,Medium,utilisation_pct trending high
2026-02-16 04:00:00,CM-01,80.4,27.5,0.215,132,Medium,Within baseline with monitored trend behaviour
2026-02-16 08:00:00,CM-01,84.5,24.6,0.216,140,Low,Within baseline with monitored trend behaviour
2026-02-16 12:00:00,CM-01,83.0,24.3,0.23,130,Low,Within baseline with monitored trend behaviour
2026-02-16 16:00:00,CM-01,77.6,30.3,0.264,122,Medium,Within baseline with monitored trend behaviour
2026-02-16 20:00:00,CM-01,77.1,34.0,0.386,120,Medium,utilisation_pct trending high
2026-02-17 00:00:00,CM-01,74.2,37.5,0.372,110,Medium,utilisation_pct trending high
2026-02-17 04:00:00,CM-01,80.3,28.6,0.287,132,Medium,Within baseline with monitored trend behaviour
2026-02-17 08:00:00,CM-01,88.8,19.0,0.127,144,Low,Within baseline with monitored trend behaviour
2026-02-17 12:00:00,CM-01,85.5,21.9,0.165,137,Low,Within baseline with monitored trend behaviour
2026-02-17 16:00:00,CM-01,87.1,18.0,0.159,147,Low,Within baseline with monitored trend behaviour
2026-02-17 20:00:00,CM-01,88.5,13.0,0.086,148,Low,Within baseline with monitored trend behaviour
2026-02-18 00:00:00,CM-01,87.9,17.8,0.092,143,Low,Within baseline with monitored trend behaviour
2026-02-18 04:00:00,CM-01,83.4,23.6,0.225,136,Low,Within baseline with monitored trend behaviour
2026-02-18 08:00:00,CM-01,93.7,13.9,0.065,152,Low,Within baseline with monitored trend behaviour
2026-02-18 12:00:00,CM-01,86.1,16.5,0.126,144,Low,Within baseline with monitored trend behaviour
2026-02-18 16:00:00,CM-01,91.9,13.0,0.075,149,Low,Within baseline with monitored trend behaviour
2026-02-18 20:00:00,CM-01,91.2,13.4,0.094,148,Low,Within baseline with monitored trend behaviour
2026-02-19 00:00:00,CM-01,90.8,10.9,0.023,152,Low,Within baseline with monitored trend behaviour
2026-02-19 04:00:00,CM-01,88.1,17.4,0.135,144,Low,Within baseline with monitored trend behaviour
2026-02-19 08:00:00,CM-01,90.9,10.0,0.057,155,Low,Within baseline with monitored trend behaviour
2026-02-19 12:00:00,CM-01,89.8,13.3,0.104,152,Low,Within baseline with monitored trend behaviour
2026-02-19 16:00:00,CM-01,95.1,8.6,0.038,163,Low,Within baseline with monitored trend behaviour
2026-02-19 20:00:00,CM-01,90.2,15.0,0.062,150,Low,Within baseline with monitored trend behaviour
2026-02-20 00:00:00,CM-01,93.1,10.4,0.025,153,Low,Within baseline with monitored trend behaviour
2026-02-20 04:00:00,CM-01,89.3,15.2,0.093,150,Low,Within baseline with monitored trend behaviour
2026-02-20 08:00:00,CM-01,96.8,4.8,0.0,168,Low,Within baseline with monitored trend behaviour
2026-02-20 12:00:00,CM-01,93.1,9.4,0.033,149,Low,Within baseline with monitored trend behaviour
2026-02-20 16:00:00,CM-01,91.9,8.1,0.0,156,Low,Within baseline with monitored trend behaviour
2026-02-20 20:00:00,CM-01,93.4,7.9,0.0,158,Low,Within baseline with monitored trend behaviour
2026-02-21 00:00:00,CM-01,93.3,9.3,0.007,157,Low,Within baseline with monitored trend behaviour
2026-02-21 04:00:00,CM-01,95.7,5.6,0.017,153,Low,Within baseline with monitored trend behaviour
2026-02-21 08:00:00,CM-01,97.4,7.4,0.003,163,Low,Within baseline with monitored trend behaviour
2026-02-21 12:00:00,CM-01,94.9,6.0,0.01,161,Low,Within baseline with monitored trend behaviour
2026-02-21 16:00:00,CM-01,93.8,10.4,0.018,161,Low,Within baseline with monitored trend behaviour
2026-02-21 20:00:00,CM-01,94.6,8.0,0.025,151,Low,Within baseline with monitored trend behaviour
2026-02-22 00:00:00,CM-01,94.4,8.8,0.0,157,Low,Within baseline with monitored trend behaviour
2026-02-22 04:00:00,CM-01,90.9,10.8,0.019,149,Low,Within baseline with monitored trend behaviour
2026-02-22 08:00:00,CM-01,95.3,7.2,0.015,165,Low,Within baseline with monitored trend behaviour
2026-02-22 12:00:00,CM-01,91.7,10.0,0.048,156,Low,Within baseline with monitored trend behaviour
2026-02-22 16:00:00,CM-01,87.7,16.2,0.016,150,Low,Within baseline with monitored trend behaviour
2026-02-22 20:00:00,CM-01,88.7,14.6,0.089,143,Low,Within baseline with monitored trend behaviour
2026-02-23 00:00:00,CM-01,79.7,29.9,0.289,121,Medium,Within baseline with monitored trend behaviour
2026-02-23 04:00:00,CM-01,85.0,19.1,0.14,139,Low,Within baseline with monitored trend behaviour
2026-02-23 08:00:00,CM-01,85.4,25.1,0.258,133,Medium,Within baseline with monitored trend behaviour
2026-02-23 12:00:00,CM-01,72.8,40.4,0.424,108,Medium,utilisation_pct above upper limit
2026-02-23 16:00:00,CM-01,79.7,31.5,0.289,128,Medium,Within baseline with monitored trend behaviour
2026-02-23 20:00:00,CM-01,82.3,24.5,0.241,138,Low,Within baseline with monitored trend behaviour
2026-02-24 00:00:00,CM-01,77.6,30.6,0.317,122,Medium,Within baseline with monitored trend behaviour
2026-02-24 04:00:00,CM-01,75.7,35.4,0.338,120,Medium,Within baseline with monitored trend behaviour
2026-02-24 08:00:00,CM-01,74.5,33.3,0.322,117,Medium,Within baseline with monitored trend behaviour
2026-02-24 12:00:00,CM-01,79.5,27.1,0.272,131,Medium,Within baseline with monitored trend behaviour
2026-02-24 16:00:00,CM-01,88.0,15.5,0.133,150,Low,Within baseline with monitored trend behaviour
2026-02-24 20:00:00,CM-01,79.0,27.5,0.232,124,Medium,Within baseline with monitored trend behaviour
2026-02-25 00:00:00,CM-01,81.3,26.8,0.2,126,Medium,Within baseline with monitored trend behaviour
2026-02-25 04:00:00,CM-01,83.6,25.0,0.219,128,Medium,Within baseline with monitored trend behaviour
2026-02-25 08:00:00,CM-01,90.5,13.6,0.095,144,Low,Within baseline with monitored trend behaviour
2026-02-25 12:00:00,CM-01,83.6,21.8,0.194,126,Low,Within baseline with monitored trend behaviour
2026-02-25 16:00:00,CM-01,86.1,20.6,0.159,146,Low,Within baseline with monitored trend behaviour
2026-02-25 20:00:00,CM-01,89.2,12.9,0.047,148,Low,Within baseline with monitored trend behaviour
2026-02-26 00:00:00,CM-01,86.1,20.2,0.109,143,Low,Within baseline with monitored trend behaviour
2026-02-26 04:00:00,CM-01,90.6,12.6,0.074,150,Low,Within baseline with monitored trend behaviour
2026-02-26 08:00:00,CM-01,83.6,21.9,0.154,139,Low,Within baseline with monitored trend behaviour
2026-02-26 12:00:00,CM-01,86.1,16.8,0.113,144,Low,Within baseline with monitored trend behaviour
2026-02-26 16:00:00,CM-01,90.3,13.5,0.043,148,Low,Within baseline with monitored trend behaviour
2026-02-26 20:00:00,CM-01,87.3,18.4,0.097,136,Low,Within baseline with monitored trend behaviour
2026-02-27 00:00:00,CM-01,88.9,16.0,0.11,146,Low,Within baseline with monitored trend behaviour
2026-02-27 04:00:00,CM-01,83.7,22.3,0.17,135,Low,utilisation_pct trending high
2026-02-27 08:00:00,CM-01,95.0,8.7,0.008,154,Low,Within baseline with monitored trend behaviour
2026-02-27 12:00:00,CM-01,92.1,11.4,0.046,150,Low,Within baseline with monitored trend behaviour
2026-02-27 16:00:00,CM-01,92.9,10.6,0.021,145,Low,Within baseline with monitored trend behaviour
2026-02-27 20:00:00,CM-01,96.3,8.1,0.0,163,Low,Within baseline with monitored trend behaviour
2026-02-28 00:00:00,CM-01,94.4,10.5,0.014,153,Low,Within baseline with monitored trend behaviour
2026-02-28 04:00:00,CM-01,93.3,9.7,0.007,158,Low,Within baseline with monitored trend behaviour
2026-02-28 08:00:00,CM-01,93.1,11.7,0.0,150,Low,Within baseline with monitored trend behaviour
2026-02-28 12:00:00,CM-01,91.9,11.7,0.007,154,Low,Within baseline with monitored trend behaviour
2026-02-28 16:00:00,CM-01,94.6,9.1,0.02,157,Low,Within baseline with monitored trend behaviour
2026-02-28 20:00:00,CM-01,90.1,12.7,0.031,154,Low,Within baseline with monitored trend behaviour
2026-03-01 00:00:00,CM-01,95.2,5.4,0.03,156,Low,Within baseline with monitored trend behaviour
2026-03-01 04:00:00,CM-01,93.8,10.7,0.026,153,Low,Within baseline with monitored trend behaviour
2026-03-01 08:00:00,CM-01,89.9,12.4,0.022,145,Low,Within baseline with monitored trend behaviour
2026-03-01 12:00:00,CM-01,94.0,10.7,0.016,153,Low,Within baseline with monitored trend behaviour
2026-03-01 16:00:00,CM-01,86.4,19.9,0.106,140,Low,Within baseline with monitored trend behaviour
2026-03-01 20:00:00,CM-01,80.9,23.8,0.214,132,Low,Within baseline with monitored trend behaviour
2026-03-02 00:00:00,CM-01,86.2,19.5,0.107,138,Low,Within baseline with monitored trend behaviour
2026-03-02 04:00:00,CM-01,83.9,23.4,0.221,129,Low,utilisation_pct trending high
2026-03-02 08:00:00,CM-01,85.3,19.5,0.138,138,Low,Within baseline with monitored trend behaviour
2026-03-02 12:00:00,CM-01,78.9,27.3,0.232,127,Medium,Within baseline with monitored trend behaviour
2026-03-02 16:00:00,CM-01,89.9,13.8,0.113,150,Low,Within baseline with monitored trend behaviour
2026-03-02 20:00:00,CM-01,78.3,32.5,0.293,122,Medium,Within baseline with monitored trend behaviour
2026-03-03 00:00:00,CM-01,81.1,22.5,0.197,138,Low,Within baseline with monitored trend behaviour
2026-03-03 04:00:00,CM-01,78.4,27.0,0.257,135,Medium,Within baseline with monitored trend behaviour
2026-03-03 08:00:00,CM-01,82.2,25.7,0.228,130,Medium,Within baseline with monitored trend behaviour
2026-03-03 12:00:00,CM-01,78.7,28.8,0.267,122,Medium,Within baseline with monitored trend behaviour
2026-03-03 16:00:00,CM-01,75.3,31.3,0.242,119,Medium,Within baseline with monitored trend behaviour
2026-03-03 20:00:00,CM-01,84.7,22.3,0.206,133,Low,Within baseline with monitored trend behaviour
2026-03-04 00:00:00,CM-01,85.9,21.0,0.179,144,Low,Within baseline with monitored trend behaviour
2026-03-04 04:00:00,CM-01,86.5,15.5,0.117,145,Low,Within baseline with monitored trend behaviour
2026-03-04 08:00:00,CM-01,83.8,22.1,0.159,137,Low,Within baseline with monitored trend behaviour
2026-03-04 12:00:00,CM-01,85.9,24.6,0.226,133,Low,Within baseline with monitored trend behaviour
2026-03-04 16:00:00,CM-01,84.6,19.9,0.165,139,Low,Within baseline with monitored trend behaviour
2026-03-04 20:00:00,CM-01,86.5,16.0,0.085,144,Low,Within baseline with monitored trend behaviour
2026-03-05 00:00:00,CM-01,88.1,17.2,0.098,145,Low,Within baseline with monitored trend behaviour
2026-03-05 04:00:00,CM-01,81.7,18.9,0.102,140,Low,Within baseline with monitored trend behaviour
2026-03-05 08:00:00,CM-01,90.2,13.5,0.131,153,Low,Within baseline with monitored trend behaviour
2026-03-05 12:00:00,CM-01,91.8,9.5,0.022,158,Low,Within baseline with monitored trend behaviour
2026-03-05 16:00:00,CM-01,83.9,22.8,0.186,142,Low,Within baseline with monitored trend behaviour
2026-03-05 20:00:00,CM-01,89.9,12.7,0.099,151,Low,Within baseline with monitored trend behaviour
2026-03-06 00:00:00,CM-01,80.4,25.2,0.189,128,Medium,utilisation_pct trending high
2026-03-06 04:00:00,CM-01,89.9,13.7,0.075,150,Low,Within baseline with monitored trend behaviour
2026-03-06 08:00:00,CM-01,93.1,10.9,0.038,147,Low,Within baseline with monitored trend behaviour
2026-03-06 12:00:00,CM-01,90.1,13.8,0.071,151,Low,Within baseline with monitored trend behaviour
2026-03-06 16:00:00,CM-01,91.1,14.3,0.016,144,Low,Within baseline with monitored trend behaviour
2026-03-06 20:00:00,CM-01,92.3,10.6,0.017,151,Low,Within baseline with monitored trend behaviour
2026-03-07 00:00:00,CM-01,93.6,7.6,0.009,152,Low,Within baseline with monitored trend behaviour
2026-03-07 04:00:00,CM-01,97.1,5.4,0.0,159,Low,Within baseline with monitored trend behaviour
2026-03-07 08:00:00,CM-01,92.0,9.3,0.012,156,Low,Within baseline with monitored trend behaviour
2026-03-07 12:00:00,CM-01,93.1,6.8,0.002,164,Low,Within baseline with monitored trend behaviour
2026-03-07 16:00:00,CM-01,93.5,8.4,0.0,155,Low,Within baseline with monitored trend behaviour
2026-03-07 20:00:00,CM-01,94.6,8.5,0.016,149,Low,Within baseline with monitored trend behaviour
2026-03-08 00:00:00,CM-01,95.7,6.2,0.023,152,Low,Within baseline with monitored trend behaviour
2026-03-08 04:00:00,CM-01,97.5,5.3,0.014,161,Low,Within baseline with monitored trend behaviour
2026-03-08 08:00:00,CM-01,88.5,13.6,0.067,153,Low,Within baseline with monitored trend behaviour
2026-03-08 12:00:00,CM-01,90.2,10.8,0.01,151,Low,Within baseline with monitored trend behaviour
2026-03-08 16:00:00,CM-01,94.5,7.5,0.004,161,Low,Within baseline with monitored trend behaviour
2026-03-08 20:00:00,CM-01,95.9,7.8,0.007,149,Low,Within baseline with monitored trend behaviour
2026-03-09 00:00:00,CM-01,89.3,14.0,0.093,144,Low,Within baseline with monitored trend behaviour
2026-03-09 04:00:00,CM-01,87.6,17.6,0.123,142,Low,Within baseline with monitored trend behaviour
2026-03-09 08:00:00,CM-01,84.2,23.5,0.176,126,Low,Within baseline with monitored trend behaviour
2026-03-09 12:00:00,CM-01,84.8,19.8,0.148,141,Low,Within baseline with monitored trend behaviour
2026-03-09 16:00:00,CM-01,87.1,19.7,0.116,145,Low,Within baseline with monitored trend behaviour
2026-03-09 20:00:00,CM-01,89.0,17.3,0.1,138,Low,Within baseline with monitored trend behaviour
2026-03-10 00:00:00,CM-01,83.5,24.3,0.21,132,Low,Within baseline with monitored trend behaviour
2026-03-10 04:00:00,CM-01,86.9,16.3,0.129,136,Low,Within baseline with monitored trend behaviour
2026-03-10 08:00:00,CM-01,82.6,22.0,0.17,137,Low,Within baseline with monitored trend behaviour
2026-03-10 12:00:00,CM-01,86.5,19.1,0.124,140,Low,Within baseline with monitored trend behaviour
2026-03-10 16:00:00,CM-01,82.6,26.6,0.213,118,Medium,Within baseline with monitored trend behaviour
2026-03-10 20:00:00,CM-01,80.8,27.6,0.234,126,Medium,Within baseline with monitored trend behaviour
2026-03-11 00:00:00,CM-01,79.0,28.6,0.252,114,Medium,Within baseline with monitored trend behaviour
2026-03-11 04:00:00,CM-01,81.3,22.2,0.197,127,Low,Within baseline with monitored trend behaviour
2026-03-11 08:00:00,CM-01,82.4,23.3,0.169,133,Low,Within baseline with monitored trend behaviour
2026-03-11 12:00:00,CM-01,87.2,20.6,0.161,136,Low,Within baseline with monitored trend behaviour
2026-03-11 16:00:00,CM-01,87.5,20.4,0.174,134,Low,Within baseline with monitored trend behaviour
2026-03-11 20:00:00,CM-01,84.2,23.0,0.182,127,Low,Within baseline with monitored trend behaviour
2026-03-12 00:00:00,CM-01,91.8,14.2,0.056,141,Low,Within baseline with monitored trend behaviour
2026-03-12 04:00:00,CM-01,83.8,25.3,0.222,122,Medium,Within baseline with monitored trend behaviour
2026-03-12 08:00:00,CM-01,76.4,30.1,0.267,120,Medium,Within baseline with monitored trend behaviour
2026-03-12 12:00:00,CM-01,83.6,20.3,0.163,133,Low,Within baseline with monitored trend behaviour
2026-03-12 16:00:00,CM-01,86.4,21.8,0.178,136,Low,Within baseline with monitored trend behaviour
2026-03-12 20:00:00,CM-01,82.6,25.1,0.262,129,Medium,utilisation_pct trending high
2026-03-13 00:00:00,CM-01,82.9,22.9,0.207,134,Low,Within baseline with monitored trend behaviour
2026-03-13 04:00:00,CM-01,92.9,8.5,0.046,150,Low,Within baseline with monitored trend behaviour
2026-03-13 08:00:00,CM-01,86.2,19.9,0.173,137,Low,Within baseline with monitored trend behaviour
2026-03-13 12:00:00,CM-01,89.6,9.7,0.005,151,Low,Within baseline with monitored trend behaviour
2026-03-13 16:00:00,CM-01,91.7,8.1,0.003,152,Low,Within baseline with monitored trend behaviour
2026-03-13 20:00:00,CM-01,94.2,8.7,0.009,155,Low,Within baseline with monitored trend behaviour
2026-03-14 00:00:00,CM-01,94.9,5.8,0.022,152,Low,Within baseline with monitored trend behaviour
2026-03-14 04:00:00,CM-01,93.6,8.0,0.0,153,Low,Within baseline with monitored trend behaviour
2026-03-14 08:00:00,CM-01,87.1,15.7,0.017,143,Low,Within baseline with monitored trend behaviour
2026-03-14 12:00:00,CM-01,94.1,9.0,0.0,156,Low,Within baseline with monitored trend behaviour
2026-03-14 16:00:00,CM-01,93.2,8.7,0.0,154,Low,Within baseline with monitored trend behaviour
2026-03-14 20:00:00,CM-01,94.1,6.7,0.0,152,Low,Within baseline with monitored trend behaviour
2026-03-15 00:00:00,CM-01,94.8,9.6,0.0,150,Low,Within baseline with monitored trend behaviour
2026-03-15 04:00:00,CM-01,96.8,7.8,0.0,160,Low,Within baseline with monitored trend behaviour
2026-03-15 08:00:00,CM-01,93.4,9.8,0.0,150,Low,Within baseline with monitored trend behaviour
2026-03-15 12:00:00,CM-01,95.2,7.2,0.003,158,Low,Within baseline with monitored trend behaviour
2026-03-15 16:00:00,CM-01,97.4,6.2,0.002,163,Low,Within baseline with monitored trend behaviour
2026-03-15 20:00:00,CM-01,92.6,13.4,0.049,149,Low,Within baseline with monitored trend behaviour
2026-03-16 00:00:00,CM-01,93.4,9.3,0.01,151,Low,Within baseline with monitored trend behaviour
2026-03-16 04:00:00,CM-01,85.9,17.4,0.121,140,Low,Within baseline with monitored trend behaviour
2026-03-16 08:00:00,CM-01,91.3,10.5,0.062,156,Low,Within baseline with monitored trend behaviour
2026-03-16 12:00:00,CM-01,81.7,23.7,0.171,134,Low,Within baseline with monitored trend behaviour
2026-03-16 16:00:00,CM-01,93.5,7.7,0.011,161,Low,Within baseline with monitored trend behaviour
2026-03-16 20:00:00,CM-01,83.3,19.5,0.176,134,Low,utilisation_pct trending high
2026-03-17 00:00:00,CM-01,89.5,13.9,0.091,139,Low,Within baseline with monitored trend behaviour
2026-03-17 04:00:00,CM-01,94.3,11.8,0.04,150,Low,Within baseline with monitored trend behaviour
2026-03-17 08:00:00,CM-01,85.6,21.4,0.177,134,Low,Within baseline with monitored trend behaviour
2026-03-17 12:00:00,CM-01,87.4,17.3,0.117,141,Low,Within baseline with monitored trend behaviour
2026-03-17 16:00:00,CM-01,86.6,15.3,0.104,151,Low,Within baseline with monitored trend behaviour
2026-03-17 20:00:00,CM-01,82.5,22.8,0.176,133,Low,Within baseline with monitored trend behaviour
2026-03-18 00:00:00,CM-01,87.4,18.3,0.161,141,Low,Within baseline with monitored trend behaviour
2026-03-18 04:00:00,CM-01,83.8,23.6,0.174,129,Low,Within baseline with monitored trend behaviour
2026-03-18 08:00:00,CM-01,82.2,23.5,0.173,132,Low,Within baseline with monitored trend behaviour
2026-03-18 12:00:00,CM-01,83.2,23.8,0.222,136,Low,Within baseline with monitored trend behaviour
2026-03-18 16:00:00,CM-01,79.9,29.9,0.26,125,Medium,Within baseline with monitored trend behaviour
2026-03-18 20:00:00,CM-01,84.0,20.4,0.161,128,Low,Within baseline with monitored trend behaviour
2026-03-19 00:00:00,CM-01,77.5,31.4,0.328,110,Medium,Within baseline with monitored trend behaviour
2026-03-19 04:00:00,CM-01,89.1,16.2,0.1,135,Low,Within baseline with monitored trend behaviour
2026-03-19 08:00:00,CM-01,72.3,37.6,0.356,102,Medium,utilisation_pct trending high
2026-03-19 12:00:00,CM-01,74.8,34.9,0.388,113,Medium,utilisation_pct above upper limit
2026-03-19 16:00:00,CM-01,79.0,31.3,0.299,118,Medium,Within baseline with monitored trend behaviour
2026-03-19 20:00:00,CM-01,79.5,27.9,0.27,128,Medium,Within baseline with monitored trend behaviour
2026-03-20 00:00:00,CM-01,84.6,21.7,0.204,134,Low,Within baseline with monitored trend behaviour
2026-03-20 04:00:00,CM-01,79.7,28.4,0.235,119,Medium,Within baseline with monitored trend behaviour
2026-03-20 08:00:00,CM-01,84.7,22.8,0.184,132,Low,Within baseline with monitored trend behaviour
2026-03-20 12:00:00,CM-01,80.2,24.8,0.187,127,Low,Within baseline with monitored trend behaviour
2026-03-20 16:00:00,CM-01,91.3,13.6,0.072,149,Low,Within baseline with monitored trend behaviour
2026-03-20 20:00:00,CM-01,90.5,12.5,0.057,148,Low,Within baseline with monitored trend behaviour
2026-03-21 00:00:00,CM-01,94.5,6.6,0.011,158,Low,Within baseline with monitored trend behaviour
2026-03-21 04:00:00,CM-01,91.7,10.2,0.019,147,Low,Within baseline with monitored trend behaviour
2026-03-21 08:00:00,CM-01,93.8,7.1,0.009,156,Low,Within baseline with monitored trend behaviour
2026-03-21 12:00:00,CM-01,94.0,11.0,0.008,145,Low,Within baseline with monitored trend behaviour
2026-03-21 16:00:00,CM-01,94.2,8.7,0.0,154,Low,Within baseline with monitored trend behaviour
2026-03-21 20:00:00,CM-01,94.5,6.0,0.0,158,Low,Within baseline with monitored trend behaviour
2026-03-22 00:00:00,CM-01,94.8,7.5,0.003,151,Low,Within baseline with monitored trend behaviour
2026-03-22 04:00:00,CM-01,92.9,7.0,0.0,156,Low,Within baseline with monitored trend behaviour
2026-03-22 08:00:00,CM-01,95.1,7.3,0.0,153,Low,Within baseline with monitored trend behaviour
2026-03-22 12:00:00,CM-01,96.6,8.5,0.0,151,Low,Within baseline with monitored trend behaviour
2026-03-22 16:00:00,CM-01,89.8,12.9,0.05,146,Low,Within baseline with monitored trend behaviour
2026-03-22 20:00:00,CM-01,82.6,24.7,0.203,130,Low,utilisation_pct trending high
2026-03-23 00:00:00,CM-01,93.9,9.9,0.0,154,Low,Within baseline with monitored trend behaviour
2026-03-23 04:00:00,CM-01,90.5,11.7,0.042,151,Low,Within baseline with monitored trend behaviour
2026-03-23 08:00:00,CM-01,92.1,12.5,0.067,142,Low,Within baseline with monitored trend behaviour
2026-03-23 12:00:00,CM-01,91.1,10.9,0.046,151,Low,Within baseline with monitored trend behaviour
2026-03-23 16:00:00,CM-01,87.9,16.7,0.126,139,Low,Within baseline with monitored trend behaviour
2026-03-23 20:00:00,CM-01,89.8,15.2,0.066,143,Low,Within baseline with monitored trend behaviour
2026-03-24 00:00:00,CM-01,90.1,12.2,0.053,143,Low,Within baseline with monitored trend behaviour
2026-03-24 04:00:00,CM-01,86.2,16.3,0.099,140,Low,Within baseline with monitored trend behaviour
2026-03-24 08:00:00,CM-01,87.0,15.1,0.088,142,Low,Within baseline with monitored trend behaviour
2026-03-24 12:00:00,CM-01,92.1,15.3,0.094,142,Low,Within baseline with monitored trend behaviour
2026-03-24 16:00:00,CM-01,90.5,14.1,0.056,145,Low,Within baseline with monitored trend behaviour
2026-03-24 20:00:00,CM-01,85.6,17.0,0.094,139,Low,Within baseline with monitored trend behaviour
2026-03-25 00:00:00,CM-01,83.6,20.8,0.157,133,Low,Within baseline with monitored trend behaviour
2026-03-25 04:00:00,CM-01,84.1,21.8,0.174,128,Low,Within baseline with monitored trend behaviour
2026-03-25 08:00:00,CM-01,89.7,13.7,0.092,146,Low,Within baseline with monitored trend behaviour
2026-03-25 12:00:00,CM-01,82.6,24.6,0.21,127,Low,Within baseline with monitored trend behaviour
2026-03-25 16:00:00,CM-01,88.0,16.0,0.124,137,Low,Within baseline with monitored trend behaviour
2026-03-25 20:00:00,CM-01,76.3,32.9,0.396,114,Medium,Within baseline with monitored trend behaviour
2026-03-26 00:00:00,CM-01,79.5,29.9,0.249,121,Medium,Within baseline with monitored trend behaviour
2026-03-26 04:00:00,CM-01,84.9,23.2,0.22,130,Low,Within baseline with monitored trend behaviour
2026-03-26 08:00:00,CM-01,75.7,32.1,0.319,113,Medium,Within baseline with monitored trend behaviour
2026-03-26 12:00:00,CM-01,74.3,33.5,0.334,114,Medium,Within baseline with monitored trend behaviour
2026-03-26 16:00:00,CM-01,72.2,40.1,0.416,103,Medium,utilisation_pct above upper limit
2026-03-26 20:00:00,CM-01,83.5,22.3,0.23,126,Low,Within baseline with monitored trend behaviour
2026-03-27 00:00:00,CM-01,75.4,32.2,0.326,124,Medium,utilisation_pct trending high
2026-03-27 04:00:00,CM-01,77.0,33.4,0.334,112,Medium,Within baseline with monitored trend behaviour
2026-03-27 08:00:00,CM-01,84.2,20.9,0.172,130,Low,Within baseline with monitored trend behaviour
2026-03-27 12:00:00,CM-01,85.5,20.9,0.182,133,Low,Within baseline with monitored trend behaviour
2026-03-27 16:00:00,CM-01,81.9,24.6,0.179,126,Low,Within baseline with monitored trend behaviour
2026-03-27 20:00:00,CM-01,86.5,20.0,0.152,135,Low,Within baseline with monitored trend behaviour
2026-03-28 00:00:00,CM-01,93.1,14.9,0.054,145,Low,Within baseline with monitored trend behaviour
2026-03-28 04:00:00,CM-01,87.9,12.6,0.05,151,Low,Within baseline with monitored trend behaviour
2026-03-28 08:00:00,CM-01,92.3,13.9,0.044,147,Low,Within baseline with monitored trend behaviour
2026-03-28 12:00:00,CM-01,92.7,8.1,0.025,148,Low,Within baseline with monitored trend behaviour
2026-03-28 16:00:00,CM-01,92.7,8.6,0.006,155,Low,Within baseline with monitored trend behaviour
2026-03-28 20:00:00,CM-01,94.6,6.9,0.0,155,Low,Within baseline with monitored trend behaviour
2026-03-29 00:00:00,CM-01,92.2,8.9,0.024,144,Low,Within baseline with monitored trend behaviour
2026-03-29 04:00:00,CM-01,88.8,13.7,0.049,142,Low,Within baseline with monitored trend behaviour
2026-03-29 08:00:00,CM-01,91.7,7.3,0.0,155,Low,Within baseline with monitored trend behaviour
2026-03-29 12:00:00,CM-01,92.7,12.2,0.017,145,Low,Within baseline with monitored trend behaviour
2026-03-29 16:00:00,CM-01,90.1,10.1,0.0,153,Low,Within baseline with monitored trend behaviour
2026-03-29 20:00:00,CM-01,92.3,12.7,0.079,145,Low,Within baseline with monitored trend behaviour
2026-03-30 00:00:00,CM-01,90.5,13.7,0.104,144,Low,Within baseline with monitored trend behaviour
2026-03-30 04:00:00,CM-01,87.9,15.1,0.085,137,Low,Within baseline with monitored trend behaviour
2026-03-30 08:00:00,CM-01,86.9,18.1,0.114,139,Low,Within baseline with monitored trend behaviour
2026-03-30 12:00:00,CM-01,92.5,11.9,0.036,153,Low,Within baseline with monitored trend behaviour
2026-03-30 16:00:00,CM-01,89.1,13.1,0.06,141,Low,Within baseline with monitored trend behaviour
2026-03-30 20:00:00,CM-01,95.0,7.4,0.0,159,Low,Within baseline with monitored trend behaviour
2026-03-31 00:00:00,CM-01,91.7,15.0,0.094,148,Low,Within baseline with monitored trend behaviour
2026-03-31 04:00:00,CM-01,93.0,11.1,0.029,146,Low,Within baseline with monitored trend behaviour
2026-03-31 08:00:00,CM-01,89.6,13.1,0.023,149,Low,Within baseline with monitored trend behaviour
2026-03-31 12:00:00,CM-01,96.7,6.0,0.0,160,Low,Within baseline with monitored trend behaviour
2026-03-31 16:00:00,CM-01,91.1,11.4,0.021,146,Low,Within baseline with monitored trend behaviour
2026-03-31 20:00:00,CM-01,90.3,12.4,0.017,143,Low,Within baseline with monitored trend behaviour
2026-04-01 00:00:00,CM-01,89.9,13.9,0.038,143,Low,Within baseline with monitored trend behaviour
2026-04-01 04:00:00,CM-01,89.6,13.0,0.017,141,Low,Within baseline with monitored trend behaviour
2026-04-01 08:00:00,CM-01,90.5,13.3,0.064,141,Low,Within baseline with monitored trend behaviour
2026-04-01 12:00:00,CM-01,88.9,15.5,0.075,141,Low,Within baseline with monitored trend behaviour
2026-04-01 16:00:00,CM-01,89.8,11.9,0.051,143,Low,Within baseline with monitored trend behaviour
2026-04-01 20:00:00,CM-01,87.5,19.7,0.191,134,Low,Within baseline with monitored trend behaviour
2026-04-02 00:00:00,CM-01,82.2,23.8,0.177,132,Low,Within baseline with monitored trend behaviour
2026-04-02 04:00:00,CM-01,79.0,31.2,0.339,116,Medium,Within baseline with monitored trend behaviour
2026-04-02 08:00:00,CM-01,75.7,27.8,0.289,123,Medium,Within baseline with monitored trend behaviour
2026-04-02 12:00:00,CM-01,77.0,32.1,0.283,117,Medium,Within baseline with monitored trend behaviour
2026-04-02 16:00:00,CM-01,75.2,34.6,0.33,114,Medium,utilisation_pct trending high
2026-04-02 20:00:00,CM-01,80.4,27.4,0.287,124,Medium,Within baseline with monitored trend behaviour
2026-04-03 00:00:00,CM-01,80.5,27.6,0.262,117,Medium,Within baseline with monitored trend behaviour
2026-04-03 04:00:00,CM-01,67.6,43.5,0.453,95,Medium,utilisation_pct above upper limit
2026-04-03 08:00:00,CM-01,71.1,36.5,0.351,103,Medium,Within baseline with monitored trend behaviour
2026-04-03 12:00:00,CM-01,81.7,25.1,0.201,122,Medium,Within baseline with monitored trend behaviour
2026-04-03 16:00:00,CM-01,79.7,25.9,0.219,119,Medium,Within baseline with monitored trend behaviour
2026-04-03 20:00:00,CM-01,89.4,14.4,0.087,139,Low,Within baseline with monitored trend behaviour
2026-04-04 00:00:00,CM-01,81.9,27.9,0.262,121,Medium,Within baseline with monitored trend behaviour
2026-04-04 04:00:00,CM-01,91.4,11.9,0.08,137,Low,Within baseline with monitored trend behaviour
2026-04-04 08:00:00,CM-01,85.7,17.4,0.079,138,Low,Within baseline with monitored trend behaviour
2026-04-04 12:00:00,CM-01,86.3,17.4,0.117,142,Low,Within baseline with monitored trend behaviour
2026-04-04 16:00:00,CM-01,87.7,15.5,0.044,143,Low,Within baseline with monitored trend behaviour
2026-04-04 20:00:00,CM-01,95.5,9.0,0.038,155,Low,Within baseline with monitored trend behaviour
2026-04-05 00:00:00,CM-01,86.1,15.9,0.076,137,Low,Within baseline with monitored trend behaviour
2026-04-05 04:00:00,CM-01,92.3,9.5,0.033,154,Low,Within baseline with monitored trend behaviour
2026-04-05 08:00:00,CM-01,95.8,6.6,0.028,157,Low,Within baseline with monitored trend behaviour
2026-04-05 12:00:00,CM-01,91.3,13.1,0.084,145,Low,Within baseline with monitored trend behaviour
2026-04-05 16:00:00,CM-01,96.3,7.5,0.0,150,Low,Within baseline with monitored trend behaviour
2026-04-05 20:00:00,CM-01,87.4,17.7,0.097,135,Low,Within baseline with monitored trend behaviour
2026-04-06 00:00:00,CM-01,91.6,8.8,0.016,149,Low,Within baseline with monitored trend behaviour
2026-04-06 04:00:00,CM-01,93.5,9.6,0.049,152,Low,Within baseline with monitored trend behaviour
2026-04-06 08:00:00,CM-01,92.1,9.5,0.008,148,Low,Within baseline with monitored trend behaviour
2026-04-06 12:00:00,CM-01,91.6,12.3,0.048,151,Low,Within baseline with monitored trend behaviour
2026-04-06 16:00:00,CM-01,92.0,11.4,0.028,146,Low,Within baseline with monitored trend behaviour
2026-04-06 20:00:00,CM-01,94.7,7.3,0.0,155,Low,Within baseline with monitored trend behaviour
2026-04-07 00:00:00,CM-01,95.9,6.6,0.0,153,Low,Within baseline with monitored trend behaviour
2026-04-07 04:00:00,CM-01,91.4,12.5,0.014,145,Low,Within baseline with monitored trend behaviour
2026-04-07 08:00:00,CM-01,96.0,8.6,0.03,152,Low,Within baseline with monitored trend behaviour
2026-04-07 12:00:00,CM-01,90.4,12.9,0.028,143,Low,Within baseline with monitored trend behaviour
2026-04-07 16:00:00,CM-01,96.5,8.7,0.044,151,Low,Within baseline with monitored trend behaviour
2026-04-07 20:00:00,CM-01,89.7,13.5,0.023,144,Low,Within baseline with monitored trend behaviour
2026-04-08 00:00:00,CM-01,91.8,12.1,0.027,143,Low,Within baseline with monitored trend behaviour
2026-04-08 04:00:00,CM-01,94.0,7.6,0.007,162,Low,Within baseline with monitored trend behaviour
2026-04-08 08:00:00,CM-01,90.5,9.0,0.029,149,Low,Within baseline with monitored trend behaviour
2026-04-08 12:00:00,CM-01,92.7,9.5,0.018,146,Low,Within baseline with monitored trend behaviour
2026-04-08 16:00:00,CM-01,89.0,12.5,0.065,151,Low,Within baseline with monitored trend behaviour
2026-04-08 20:00:00,CM-01,91.5,12.0,0.045,149,Low,Within baseline with monitored trend behaviour
2026-04-09 00:00:00,CM-01,82.0,24.2,0.138,127,Low,Within baseline with monitored trend behaviour
2026-04-09 04:00:00,CM-01,82.0,26.4,0.216,126,Medium,Within baseline with monitored trend behaviour
2026-04-09 08:00:00,CM-01,84.0,21.4,0.148,135,Low,Within baseline with monitored trend behaviour
2026-04-09 12:00:00,CM-01,83.0,24.2,0.211,128,Low,Within baseline with monitored trend behaviour
2026-04-09 16:00:00,CM-01,79.7,29.1,0.288,120,Medium,Within baseline with monitored trend behaviour
2026-04-09 20:00:00,CM-01,78.2,33.2,0.372,108,Medium,utilisation_pct trending high
2026-04-10 00:00:00,CM-01,79.6,31.5,0.294,117,Medium,utilisation_pct trending high
2026-04-10 04:00:00,CM-01,70.9,42.8,0.419,95,Medium,utilisation_pct trending high
2026-04-10 08:00:00,CM-01,75.4,35.0,0.373,111,Medium,Within baseline with monitored trend behaviour
2026-04-10 12:00:00,CM-01,76.0,35.0,0.318,107,Medium,Within baseline with monitored trend behaviour
2026-04-10 16:00:00,CM-01,73.2,32.9,0.296,117,Medium,Within baseline with monitored trend behaviour
2026-04-10 20:00:00,CM-01,82.2,22.8,0.212,138,Low,Within baseline with monitored trend behaviour
2026-04-11 00:00:00,CM-01,87.9,16.3,0.105,133,Low,Within baseline with monitored trend behaviour
2026-04-11 04:00:00,CM-01,81.2,27.8,0.243,118,Medium,Within baseline with monitored trend behaviour
2026-04-11 08:00:00,CM-01,90.9,16.0,0.158,137,Low,Within baseline with monitored trend behaviour
2026-04-11 12:00:00,CM-01,88.9,15.3,0.102,136,Low,Within baseline with monitored trend behaviour
2026-04-11 16:00:00,CM-01,83.2,24.8,0.183,126,Low,Within baseline with monitored trend behaviour
2026-04-11 20:00:00,CM-01,78.3,28.7,0.206,123,Medium,Within baseline with monitored trend behaviour
2026-04-12 00:00:00,CM-01,92.5,11.7,0.105,154,Low,Within baseline with monitored trend behaviour
2026-04-12 04:00:00,CM-01,94.7,10.8,0.062,140,Low,Within baseline with monitored trend behaviour
2026-04-12 08:00:00,CM-01,86.9,17.2,0.064,133,Low,Within baseline with monitored trend behaviour
2026-04-12 12:00:00,CM-01,92.7,10.2,0.042,146,Low,Within baseline with monitored trend behaviour
2026-04-12 16:00:00,CM-01,91.2,12.9,0.064,144,Low,Within baseline with monitored trend behaviour
2026-04-12 20:00:00,CM-01,93.1,8.7,0.008,151,Low,Within baseline with monitored trend behaviour
2026-04-13 00:00:00,CM-01,89.2,15.7,0.089,138,Low,Within baseline with monitored trend behaviour
2026-04-13 04:00:00,CM-01,94.3,8.0,0.018,149,Low,Within baseline with monitored trend behaviour
2026-04-13 08:00:00,CM-01,94.5,9.8,0.076,148,Low,Within baseline with monitored trend behaviour
2026-04-13 12:00:00,CM-01,88.2,17.5,0.122,132,Low,Within baseline with monitored trend behaviour
2026-04-13 16:00:00,CM-01,90.6,15.6,0.062,134,Low,Within baseline with monitored trend behaviour
2026-04-13 20:00:00,CM-01,94.3,9.3,0.033,149,Low,Within baseline with monitored trend behaviour
2026-04-14 00:00:00,CM-01,94.1,9.0,0.014,141,Low,Within baseline with monitored trend behaviour
2026-04-14 04:00:00,CM-01,94.7,6.2,0.0,156,Low,Within baseline with monitored trend behaviour
2026-04-14 08:00:00,CM-01,96.0,5.9,0.028,152,Low,Within baseline with monitored trend behaviour
2026-04-14 12:00:00,CM-01,94.5,9.3,0.0,155,Low,Within baseline with monitored trend behaviour
2026-04-14 16:00:00,CM-01,94.2,6.4,0.01,152,Low,Within baseline with monitored trend behaviour
2026-04-14 20:00:00,CM-01,92.9,10.8,0.0,146,Low,Within baseline with monitored trend behaviour
2026-04-15 00:00:00,CM-01,91.4,11.2,0.009,150,Low,Within baseline with monitored trend behaviour
2026-04-15 04:00:00,CM-01,89.5,14.3,0.036,134,Low,Within baseline with monitored trend behaviour
2026-04-15 08:00:00,CM-01,95.1,10.3,0.026,148,Low,Within baseline with monitored trend behaviour
2026-04-15 12:00:00,CM-01,97.8,5.7,0.006,156,Low,Within baseline with monitored trend behaviour
2026-04-15 16:00:00,CM-01,92.3,13.0,0.038,140,Low,Within baseline with monitored trend behaviour
2026-04-15 20:00:00,CM-01,89.6,13.1,0.039,137,Low,Within baseline with monitored trend behaviour
2026-04-16 00:00:00,CM-01,94.0,9.7,0.044,145,Low,Within baseline with monitored trend behaviour
2026-04-16 04:00:00,CM-01,82.9,26.0,0.194,124,Medium,Within baseline with monitored trend behaviour
2026-04-16 08:00:00,CM-01,83.5,20.4,0.124,134,Low,Within baseline with monitored trend behaviour
2026-04-16 12:00:00,CM-01,81.4,23.2,0.181,123,Low,Within baseline with monitored trend behaviour
2026-04-16 16:00:00,CM-01,84.0,21.9,0.182,128,Low,Within baseline with monitored trend behaviour
2026-04-16 20:00:00,CM-01,86.6,21.7,0.191,123,Low,Within baseline with monitored trend behaviour
2026-04-17 00:00:00,CM-01,72.3,36.6,0.397,103,Medium,utilisation_pct above upper limit
2026-04-17 04:00:00,CM-01,76.1,36.7,0.386,102,Medium,utilisation_pct trending high
2026-04-17 08:00:00,CM-01,72.1,36.1,0.364,104,Medium,utilisation_pct trending high
2026-04-17 12:00:00,CM-01,84.6,22.7,0.174,130,Low,Within baseline with monitored trend behaviour
2026-04-17 16:00:00,CM-01,77.1,30.4,0.312,118,Medium,Within baseline with monitored trend behaviour
2026-04-17 20:00:00,CM-01,83.6,22.7,0.189,129,Low,Within baseline with monitored trend behaviour
2026-04-18 00:00:00,CM-01,80.0,26.3,0.209,120,Medium,Within baseline with monitored trend behaviour
2026-04-18 04:00:00,CM-01,87.8,15.0,0.092,140,Low,Within baseline with monitored trend behaviour
2026-04-18 08:00:00,CM-01,89.4,14.8,0.101,141,Low,Within baseline with monitored trend behaviour
2026-04-18 12:00:00,CM-01,84.5,19.7,0.143,132,Low,Within baseline with monitored trend behaviour
2026-04-18 16:00:00,CM-01,87.5,16.3,0.102,133,Low,Within baseline with monitored trend behaviour
2026-04-18 20:00:00,CM-01,85.2,17.6,0.119,130,Low,Within baseline with monitored trend behaviour
2026-04-19 00:00:00,CM-01,83.3,20.7,0.196,127,Low,Within baseline with monitored trend behaviour
2026-04-19 04:00:00,CM-01,85.8,20.9,0.139,133,Low,Within baseline with monitored trend behaviour
2026-04-19 08:00:00,CM-01,84.3,17.6,0.139,132,Low,Within baseline with monitored trend behaviour
2026-04-19 12:00:00,CM-01,85.4,19.4,0.117,131,Low,Within baseline with monitored trend behaviour
2026-04-19 16:00:00,CM-01,90.5,14.6,0.09,142,Low,Within baseline with monitored trend behaviour
2026-04-19 20:00:00,CM-01,84.6,16.3,0.146,139,Low,Within baseline with monitored trend behaviour
2026-04-20 00:00:00,CM-01,92.0,12.5,0.063,141,Low,Within baseline with monitored trend behaviour
2026-04-20 04:00:00,CM-01,90.2,13.3,0.054,138,Low,Within baseline with monitored trend behaviour
2026-04-20 08:00:00,CM-01,85.0,20.5,0.17,132,Low,Within baseline with monitored trend behaviour
2026-04-20 12:00:00,CM-01,83.6,20.6,0.166,136,Low,Within baseline with monitored trend behaviour
2026-04-20 16:00:00,CM-01,89.7,17.1,0.109,130,Low,Within baseline with monitored trend behaviour
2026-04-20 20:00:00,CM-01,90.2,14.1,0.084,142,Low,Within baseline with monitored trend behaviour
2026-04-21 00:00:00,CM-01,94.2,4.2,0.0,152,Low,Within baseline with monitored trend behaviour
2026-04-21 04:00:00,CM-01,89.3,13.4,0.055,140,Low,Within baseline with monitored trend behaviour
2026-04-21 08:00:00,CM-01,92.3,8.9,0.01,153,Low,Within baseline with monitored trend behaviour
2026-04-21 12:00:00,CM-01,92.3,6.4,0.0,147,Low,Within baseline with monitored trend behaviour
2026-04-21 16:00:00,CM-01,95.2,7.0,0.008,151,Low,Within baseline with monitored trend behaviour
2026-04-21 20:00:00,CM-01,96.2,9.2,0.0,147,Low,Within baseline with monitored trend behaviour
2026-04-22 00:00:00,CM-01,92.4,9.7,0.0,147,Low,Within baseline with monitored trend behaviour
2026-04-22 04:00:00,CM-01,94.5,7.3,0.0,150,Low,Within baseline with monitored trend behaviour
2026-04-22 08:00:00,CM-01,92.7,10.0,0.0,145,Low,Within baseline with monitored trend behaviour
2026-04-22 12:00:00,CM-01,94.0,10.2,0.02,140,Low,Within baseline with monitored trend behaviour
2026-04-22 16:00:00,CM-01,91.0,9.7,0.015,151,Low,Within baseline with monitored trend behaviour
2026-04-22 20:00:00,CM-01,92.3,13.2,0.058,134,Low,Within baseline with monitored trend behaviour
2026-04-23 00:00:00,CM-01,91.7,13.3,0.072,146,Low,Within baseline with monitored trend behaviour
2026-04-23 04:00:00,CM-01,85.0,20.0,0.144,129,Low,Within baseline with monitored trend behaviour
2026-04-23 08:00:00,CM-01,97.9,5.9,0.0,154,Low,Within baseline with monitored trend behaviour
2026-04-23 12:00:00,CM-01,90.9,13.8,0.079,139,Low,Within baseline with monitored trend behaviour
2026-04-23 16:00:00,CM-01,82.1,23.3,0.204,122,Low,Within baseline with monitored trend behaviour
2026-04-23 20:00:00,CM-01,84.4,23.8,0.193,122,Low,Within baseline with monitored trend behaviour
2026-04-24 00:00:00,CM-01,84.9,22.9,0.211,125,Low,Within baseline with monitored trend behaviour
2026-04-24 04:00:00,CM-01,76.9,30.6,0.347,115,Medium,utilisation_pct trending high
2026-04-24 08:00:00,CM-01,88.3,16.3,0.127,130,Low,Within baseline with monitored trend behaviour
2026-04-24 12:00:00,CM-01,86.9,15.9,0.111,131,Low,Within baseline with monitored trend behaviour
2026-04-24 16:00:00,CM-01,83.2,25.2,0.239,123,Medium,Within baseline with monitored trend behaviour
2026-04-24 20:00:00,CM-01,84.0,21.0,0.114,132,Low,Within baseline with monitored trend behaviour
2026-04-25 00:00:00,CM-01,77.3,33.9,0.284,113,Medium,Within baseline with monitored trend behaviour
2026-04-25 04:00:00,CM-01,83.9,22.8,0.187,121,Low,Within baseline with monitored trend behaviour
2026-04-25 08:00:00,CM-01,85.6,20.4,0.228,125,Low,Within baseline with monitored trend behaviour
2026-04-25 12:00:00,CM-01,85.6,18.2,0.142,133,Low,Within baseline with monitored trend behaviour
2026-04-25 16:00:00,CM-01,86.8,21.0,0.172,125,Low,Within baseline with monitored trend behaviour
2026-04-25 20:00:00,CM-01,81.7,25.0,0.214,120,Medium,Within baseline with monitored trend behaviour
2026-04-26 00:00:00,CM-01,88.8,18.7,0.139,135,Low,Within baseline with monitored trend behaviour
2026-04-26 04:00:00,CM-01,81.6,24.3,0.221,119,Low,Within baseline with monitored trend behaviour
2026-04-26 08:00:00,CM-01,87.0,14.9,0.086,136,Low,Within baseline with monitored trend behaviour
2026-04-26 12:00:00,CM-01,82.7,22.5,0.176,126,Low,Within baseline with monitored trend behaviour
2026-04-26 16:00:00,CM-01,79.9,24.3,0.202,123,Low,Within baseline with monitored trend behaviour
2026-04-26 20:00:00,CM-01,89.5,18.4,0.146,132,Low,Within baseline with monitored trend behaviour
2026-04-27 00:00:00,CM-01,81.2,22.3,0.206,125,Low,Within baseline with monitored trend behaviour
2026-04-27 04:00:00,CM-01,77.7,29.7,0.245,115,Medium,Within baseline with monitored trend behaviour
2026-04-27 08:00:00,CM-01,89.7,15.8,0.081,136,Low,Within baseline with monitored trend behaviour
2026-04-27 12:00:00,CM-01,88.6,15.3,0.11,132,Low,Within baseline with monitored trend behaviour
2026-04-27 16:00:00,CM-01,84.7,23.3,0.22,125,Low,Within baseline with monitored trend behaviour
2026-04-27 20:00:00,CM-01,88.3,14.8,0.08,142,Low,Within baseline with monitored trend behaviour
2026-04-28 00:00:00,CM-01,89.3,15.2,0.098,141,Low,Within baseline with monitored trend behaviour
2026-04-28 04:00:00,CM-01,89.2,13.6,0.091,143,Low,Within baseline with monitored trend behaviour
2026-04-28 08:00:00,CM-01,93.6,9.6,0.0,136,Low,Within baseline with monitored trend behaviour
2026-04-28 12:00:00,CM-01,90.8,11.5,0.012,140,Low,Within baseline with monitored trend behaviour
2026-04-28 16:00:00,CM-01,92.2,8.3,0.009,152,Low,Within baseline with monitored trend behaviour
2026-04-28 20:00:00,CM-01,93.4,10.6,0.028,140,Low,Within baseline with monitored trend behaviour
2026-04-29 00:00:00,CM-01,95.0,10.0,0.0,139,Low,Within baseline with monitored trend behaviour
2026-04-29 04:00:00,CM-01,93.2,7.7,0.025,152,Low,Within baseline with monitored trend behaviour
2026-04-29 08:00:00,CM-01,93.9,8.4,0.0,148,Low,Within baseline with monitored trend behaviour
2026-04-29 12:00:00,CM-01,88.8,11.9,0.0,140,Low,Within baseline with monitored trend behaviour
2026-04-29 16:00:00,CM-01,98.6,3.0,0.001,159,Low,Within baseline with monitored trend behaviour
2026-04-29 20:00:00,CM-01,95.4,7.7,0.004,142,Low,Within baseline with monitored trend behaviour
2026-04-30 00:00:00,CM-01,96.6,9.8,0.011,143,Low,Within baseline with monitored trend behaviour
2026-04-30 04:00:00,CM-01,92.8,8.8,0.0,147,Low,Within baseline with monitored trend behaviour
2026-04-30 08:00:00,CM-01,91.5,13.0,0.036,139,Low,Within baseline with monitored trend behaviour
2026-04-30 12:00:00,CM-01,86.1,16.8,0.116,138,Low,Within baseline with monitored trend behaviour
2026-04-30 16:00:00,CM-01,84.2,19.3,0.126,130,Low,Within baseline with monitored trend behaviour
2026-04-30 20:00:00,CM-01,85.4,19.3,0.169,133,Low,Within baseline with monitored trend behaviour
2026-05-01 00:00:00,CM-01,85.9,21.1,0.143,126,Low,Within baseline with monitored trend behaviour
2026-05-01 04:00:00,CM-01,81.2,24.5,0.2,124,Low,Within baseline with monitored trend behaviour
2026-05-01 08:00:00,CM-01,85.0,19.9,0.153,126,Low,Within baseline with monitored trend behaviour
2026-05-01 12:00:00,CM-01,81.5,25.4,0.206,118,Medium,Within baseline with monitored trend behaviour
2026-05-01 16:00:00,CM-01,89.1,12.5,0.071,141,Low,Within baseline with monitored trend behaviour
2026-05-01 20:00:00,CM-01,73.3,34.0,0.326,102,Medium,Within baseline with monitored trend behaviour
2026-05-02 00:00:00,CM-01,86.0,21.9,0.221,128,Low,Within baseline with monitored trend behaviour
2026-05-02 04:00:00,CM-01,86.5,22.2,0.154,127,Low,Within baseline with monitored trend behaviour
2026-05-02 08:00:00,CM-01,78.9,29.7,0.28,111,Medium,Within baseline with monitored trend behaviour
2026-05-02 12:00:00,CM-01,88.9,14.5,0.104,136,Low,Within baseline with monitored trend behaviour
2026-05-02 16:00:00,CM-01,85.5,17.6,0.166,127,Low,Within baseline with monitored trend behaviour
2026-05-02 20:00:00,CM-01,89.7,15.7,0.132,134,Low,Within baseline with monitored trend behaviour
2026-05-03 00:00:00,CM-01,84.0,23.0,0.197,127,Low,Within baseline with monitored trend behaviour
2026-05-03 04:00:00,CM-01,76.4,36.2,0.35,103,Medium,Within baseline with monitored trend behaviour
2026-05-03 08:00:00,CM-01,83.2,22.1,0.176,117,Low,Within baseline with monitored trend behaviour
2026-05-03 12:00:00,CM-01,79.2,30.7,0.289,108,Medium,Within baseline with monitored trend behaviour
2026-05-03 16:00:00,CM-01,81.0,28.4,0.274,115,Medium,Within baseline with monitored trend behaviour
2026-05-03 20:00:00,CM-01,74.7,33.1,0.346,110,Medium,utilisation_pct trending high
2026-05-04 00:00:00,CM-01,79.6,28.1,0.261,110,Medium,Within baseline with monitored trend behaviour
2026-05-04 04:00:00,CM-01,84.8,23.3,0.184,121,Low,Within baseline with monitored trend behaviour
2026-05-04 08:00:00,CM-01,78.2,29.5,0.265,116,Medium,utilisation_pct trending high
2026-05-04 12:00:00,CM-01,85.6,19.1,0.13,121,Low,Within baseline with monitored trend behaviour
2026-05-04 16:00:00,CM-01,90.4,14.0,0.098,141,Low,Within baseline with monitored trend behaviour
2026-05-04 20:00:00,CM-01,92.1,13.7,0.089,144,Low,Within baseline with monitored trend behaviour
2026-05-05 00:00:00,CM-01,81.3,23.5,0.181,125,Low,Within baseline with monitored trend behaviour
2026-05-05 04:00:00,CM-01,93.6,7.6,0.009,149,Low,Within baseline with monitored trend behaviour
2026-05-05 08:00:00,CM-01,94.3,8.9,0.0,148,Low,Within baseline with monitored trend behaviour
2026-05-05 12:00:00,CM-01,89.5,11.6,0.048,149,Low,Within baseline with monitored trend behaviour
2026-05-05 16:00:00,CM-01,93.0,8.2,0.012,141,Low,Within baseline with monitored trend behaviour
2026-05-05 20:00:00,CM-01,93.4,9.3,0.013,144,Low,Within baseline with monitored trend behaviour
2026-05-06 00:00:00,CM-01,92.4,11.9,0.011,136,Low,Within baseline with monitored trend behaviour
2026-05-06 04:00:00,CM-01,86.9,15.0,0.037,135,Low,Within baseline with monitored trend behaviour
2026-05-06 08:00:00,CM-01,95.8,6.5,0.0,151,Low,Within baseline with monitored trend behaviour
2026-05-06 12:00:00,CM-01,96.4,7.2,0.0,148,Low,Within baseline with monitored trend behaviour
2026-05-06 16:00:00,CM-01,93.2,11.4,0.006,139,Low,Within baseline with monitored trend behaviour
2026-05-06 20:00:00,CM-01,91.1,11.0,0.011,144,Low,Within baseline with monitored trend behaviour
2026-05-07 00:00:00,CM-01,92.7,9.1,0.0,136,Low,Within baseline with monitored trend behaviour
2026-05-07 04:00:00,CM-01,92.6,11.2,0.003,141,Low,Within baseline with monitored trend behaviour
2026-05-07 08:00:00,CM-01,95.4,8.5,0.006,154,Low,Within baseline with monitored trend behaviour
2026-05-07 12:00:00,CM-01,90.4,14.0,0.054,138,Low,Within baseline with monitored trend behaviour
2026-05-07 16:00:00,CM-01,89.9,12.0,0.042,142,Low,Within baseline with monitored trend behaviour
2026-05-07 20:00:00,CM-01,92.2,11.7,0.082,138,Low,Within baseline with monitored trend behaviour
2026-05-08 00:00:00,CM-01,81.8,26.0,0.209,117,Medium,utilisation_pct trending high
2026-05-08 04:00:00,CM-01,89.5,17.7,0.15,131,Low,Within baseline with monitored trend behaviour
2026-05-08 08:00:00,CM-01,86.4,16.4,0.063,132,Low,Within baseline with monitored trend behaviour
2026-05-08 12:00:00,CM-01,93.1,11.2,0.098,144,Low,Within baseline with monitored trend behaviour
2026-05-08 16:00:00,CM-01,86.4,17.5,0.138,130,Low,Within baseline with monitored trend behaviour
2026-05-08 20:00:00,CM-01,91.3,10.9,0.043,146,Low,Within baseline with monitored trend behaviour
2026-05-09 00:00:00,CM-01,84.6,17.4,0.132,130,Low,Within baseline with monitored trend behaviour
2026-05-09 04:00:00,CM-01,82.7,21.3,0.183,126,Low,Within baseline with monitored trend behaviour
2026-05-09 08:00:00,CM-01,90.8,13.5,0.12,137,Low,Within baseline with monitored trend behaviour
2026-05-09 12:00:00,CM-01,87.1,15.5,0.111,128,Low,Within baseline with monitored trend behaviour
2026-05-09 16:00:00,CM-01,82.1,24.2,0.185,114,Low,Within baseline with monitored trend behaviour
2026-05-09 20:00:00,CM-01,78.2,29.7,0.279,118,Medium,Within baseline with monitored trend behaviour
2026-05-10 00:00:00,CM-01,81.3,28.0,0.267,114,Medium,Within baseline with monitored trend behaviour
2026-05-10 04:00:00,CM-01,86.5,19.7,0.181,132,Low,Within baseline with monitored trend behaviour
2026-05-10 08:00:00,CM-01,75.6,34.5,0.317,108,Medium,Within baseline with monitored trend behaviour
2026-05-10 12:00:00,CM-01,79.0,29.3,0.269,107,Medium,Within baseline with monitored trend behaviour
2026-05-10 16:00:00,CM-01,77.5,34.4,0.333,98,Medium,Within baseline with monitored trend behaviour
2026-05-10 20:00:00,CM-01,82.1,24.2,0.241,115,Low,utilisation_pct trending high
2026-05-11 00:00:00,CM-01,77.4,27.8,0.236,117,Medium,Within baseline with monitored trend behaviour
2026-05-11 04:00:00,CM-01,78.6,31.1,0.271,110,Medium,Within baseline with monitored trend behaviour
2026-05-11 08:00:00,CM-01,72.4,35.9,0.344,103,Medium,utilisation_pct trending high
2026-05-11 12:00:00,CM-01,84.4,23.6,0.216,124,Low,Within baseline with monitored trend behaviour
2026-05-11 16:00:00,CM-01,80.6,27.7,0.273,116,Medium,utilisation_pct trending high
2026-05-11 20:00:00,CM-01,87.6,17.3,0.131,133,Low,Within baseline with monitored trend behaviour
2026-05-12 00:00:00,CM-01,86.8,16.4,0.12,133,Low,Within baseline with monitored trend behaviour
2026-05-12 04:00:00,CM-01,79.4,28.3,0.222,112,Medium,Within baseline with monitored trend behaviour
2026-05-12 08:00:00,CM-01,94.7,9.7,0.043,146,Low,Within baseline with monitored trend behaviour
2026-05-12 12:00:00,CM-01,91.5,10.2,0.032,139,Low,Within baseline with monitored trend behaviour
2026-05-12 16:00:00,CM-01,94.1,7.2,0.011,144,Low,Within baseline with monitored trend behaviour
2026-05-12 20:00:00,CM-01,97.0,6.5,0.0,154,Low,Within baseline with monitored trend behaviour
2026-05-13 00:00:00,CM-01,93.5,7.8,0.025,142,Low,Within baseline with monitored trend behaviour
2026-05-13 04:00:00,CM-01,92.0,10.4,0.022,137,Low,Within baseline with monitored trend behaviour
2026-05-13 08:00:00,CM-01,91.8,12.5,0.015,134,Low,Within baseline with monitored trend behaviour
2026-05-13 12:00:00,CM-01,87.6,14.8,0.049,137,Low,Within baseline with monitored trend behaviour
2026-05-13 16:00:00,CM-01,90.2,13.4,0.007,135,Low,Within baseline with monitored trend behaviour
2026-05-13 20:00:00,CM-01,97.1,8.7,0.005,150,Low,Within baseline with monitored trend behaviour
2026-05-14 00:00:00,CM-01,94.9,7.7,0.008,149,Low,Within baseline with monitored trend behaviour
2026-05-14 04:00:00,CM-01,86.9,15.8,0.112,137,Low,Within baseline with monitored trend behaviour
2026-05-14 08:00:00,CM-01,89.0,15.9,0.088,137,Low,Within baseline with monitored trend behaviour
2026-05-14 12:00:00,CM-01,89.0,14.8,0.116,145,Low,Within baseline with monitored trend behaviour
2026-05-14 16:00:00,CM-01,94.4,9.1,0.0,143,Low,Within baseline with monitored trend behaviour
2026-05-14 20:00:00,CM-01,84.5,19.8,0.198,130,Low,utilisation_pct trending high
2026-05-15 00:00:00,CM-01,87.2,17.4,0.134,131,Low,Within baseline with monitored trend behaviour
2026-05-15 04:00:00,CM-01,89.5,11.9,0.075,139,Low,Within baseline with monitored trend behaviour
2026-05-15 08:00:00,CM-01,91.7,12.0,0.061,133,Low,Within baseline with monitored trend behaviour
2026-05-15 12:00:00,CM-01,93.9,9.8,0.037,154,Low,Within baseline with monitored trend behaviour
2026-05-15 16:00:00,CM-01,93.7,10.1,0.024,143,Low,Within baseline with monitored trend behaviour
2026-05-15 20:00:00,CM-01,85.4,21.7,0.168,120,Low,Within baseline with monitored trend behaviour
2026-05-16 00:00:00,CM-01,92.7,10.6,0.042,137,Low,Within baseline with monitored trend behaviour
2026-05-16 04:00:00,CM-01,90.5,9.2,0.004,146,Low,Within baseline with monitored trend behaviour
2026-05-16 08:00:00,CM-01,91.0,13.9,0.08,139,Low,Within baseline with monitored trend behaviour
2026-05-16 12:00:00,CM-01,86.1,19.9,0.116,119,Low,Within baseline with monitored trend behaviour
2026-05-16 16:00:00,CM-01,90.2,10.9,0.082,143,Low,Within baseline with monitored trend behaviour
2026-05-16 20:00:00,CM-01,91.8,11.0,0.074,138,Low,Within baseline with monitored trend behaviour
2026-05-17 00:00:00,CM-01,80.2,28.9,0.259,112,Medium,Within baseline with monitored trend behaviour
2026-05-17 04:00:00,CM-01,77.4,29.1,0.249,116,Medium,Within baseline with monitored trend behaviour
2026-05-17 08:00:00,CM-01,83.4,24.6,0.209,117,Low,Within baseline with monitored trend behaviour
2026-05-17 12:00:00,CM-01,77.8,32.2,0.363,106,Medium,Within baseline with monitored trend behaviour
2026-05-17 16:00:00,CM-01,83.8,23.4,0.167,132,Low,Within baseline with monitored trend behaviour
2026-05-17 20:00:00,CM-01,77.9,30.2,0.252,104,Medium,Within baseline with monitored trend behaviour
2026-05-18 00:00:00,CM-01,72.3,36.5,0.387,98,Medium,Within baseline with monitored trend behaviour
2026-05-18 04:00:00,CM-01,75.3,34.9,0.349,108,Medium,utilisation_pct trending high
2026-05-18 08:00:00,CM-01,72.0,36.0,0.381,104,Medium,Within baseline with monitored trend behaviour
2026-05-18 12:00:00,CM-01,69.7,41.1,0.39,97,Medium,utilisation_pct trending high
2026-05-18 16:00:00,CM-01,72.4,34.8,0.324,100,Medium,Within baseline with monitored trend behaviour
2026-05-18 20:00:00,CM-01,77.0,36.1,0.373,103,Medium,Within baseline with monitored trend behaviour
2026-05-19 00:00:00,CM-01,78.0,29.1,0.283,105,Medium,Within baseline with monitored trend behaviour
2026-05-19 04:00:00,CM-01,65.1,49.3,0.502,83,High,Within baseline with monitored trend behaviour
2026-05-19 08:00:00,CM-01,80.8,28.3,0.293,112,Medium,Within baseline with monitored trend behaviour
2026-05-19 12:00:00,CM-01,81.3,27.1,0.263,110,Medium,Within baseline with monitored trend behaviour
2026-05-19 16:00:00,CM-01,80.8,26.2,0.228,120,Medium,Within baseline with monitored trend behaviour
2026-05-19 20:00:00,CM-01,79.9,28.1,0.235,114,Medium,Within baseline with monitored trend behaviour
2026-05-20 00:00:00,CM-01,78.3,30.1,0.268,106,Medium,Within baseline with monitored trend behaviour
2026-05-20 04:00:00,CM-01,84.9,18.5,0.147,131,Low,Within baseline with monitored trend behaviour
2026-05-20 08:00:00,CM-01,81.2,25.2,0.21,114,Medium,Within baseline with monitored trend behaviour
2026-05-20 12:00:00,CM-01,83.1,20.6,0.155,120,Low,Within baseline with monitored trend behaviour
2026-05-20 16:00:00,CM-01,87.2,22.9,0.192,123,Low,Within baseline with monitored trend behaviour
2026-05-20 20:00:00,CM-01,79.9,25.5,0.219,113,Medium,Within baseline with monitored trend behaviour
2026-05-21 00:00:00,CM-01,79.9,27.0,0.209,115,Medium,Within baseline with monitored trend behaviour
2026-05-21 04:00:00,CM-01,83.4,22.2,0.167,120,Low,Within baseline with monitored trend behaviour
2026-05-21 08:00:00,CM-01,83.6,20.3,0.202,127,Low,Within baseline with monitored trend behaviour
2026-05-21 12:00:00,CM-01,82.4,25.9,0.24,110,Medium,Within baseline with monitored trend behaviour
2026-05-21 16:00:00,CM-01,78.8,29.4,0.253,105,Medium,Within baseline with monitored trend behaviour
2026-05-21 20:00:00,CM-01,74.3,32.8,0.289,110,Medium,Within baseline with monitored trend behaviour
2026-05-22 00:00:00,CM-01,78.7,27.7,0.254,120,Medium,Within baseline with monitored trend behaviour
2026-05-22 04:00:00,CM-01,76.3,35.4,0.341,103,Medium,Within baseline with monitored trend behaviour
2026-05-22 08:00:00,CM-01,68.3,42.2,0.444,90,Medium,Within baseline with monitored trend behaviour
2026-05-22 12:00:00,CM-01,73.8,38.1,0.382,95,Medium,Within baseline with monitored trend behaviour
2026-05-22 16:00:00,CM-01,69.9,45.4,0.466,86,High,Within baseline with monitored trend behaviour
2026-05-22 20:00:00,CM-01,71.5,39.7,0.457,94,Medium,Within baseline with monitored trend behaviour
2026-05-23 00:00:00,CM-01,67.7,41.5,0.433,93,Medium,Within baseline with monitored trend behaviour
2026-05-23 04:00:00,CM-01,65.2,48.2,0.529,85,High,Within baseline with monitored trend behaviour
2026-05-23 08:00:00,CM-01,67.6,44.8,0.493,85,Medium,Within baseline with monitored trend behaviour
2026-05-23 12:00:00,CM-01,60.3,54.2,0.596,70,High,Within baseline with monitored trend behaviour
2026-05-23 16:00:00,CM-01,55.0,61.7,0.645,61,High,Within baseline with monitored trend behaviour
2026-05-23 20:00:00,CM-01,57.8,58.7,0.648,67,High,Within baseline with monitored trend behaviour
2026-05-24 00:00:00,CM-01,61.1,56.9,0.643,64,High,Within baseline with monitored trend behaviour
2026-05-24 04:00:00,CM-01,48.7,68.8,0.784,53,High,motor_current_A trending high
2026-05-24 08:00:00,CM-01,50.0,71.0,0.831,47,Critical,oil_temperature_C trending high
2026-05-24 12:00:00,CM-01,47.4,75.3,0.859,36,Critical,ch4_pct trending high
2026-05-24 16:00:00,CM-01,37.5,86.0,0.963,24,Critical,Within baseline with monitored trend behaviour
2026-05-24 20:00:00,CM-01,45.4,77.1,0.891,32,Critical,oil_temperature_C trending high
2026-05-25 00:00:00,CM-01,41.9,80.7,0.929,32,Critical,motor_current_A trending high; oil_temperature_C trending high
2026-05-25 04:00:00,CM-01,36.2,86.8,1.0,26,Critical,hydraulic_pressure_bar trending high
2026-05-25 08:00:00,CM-01,39.3,85.9,1.0,17,Critical,motor_current_A trending high; oil_temperature_C trending high; utilisation_pct trending high
2026-05-25 12:00:00,CM-01,40.3,85.2,1.0,30,Critical,motor_current_A trending high; hydraulic_pressure_bar trending high; utilisation_pct trending high
2026-05-25 16:00:00,CM-01,37.3,86.8,1.0,17,Critical,hydraulic_pressure_bar trending high; utilisation_pct trending high; ch4_pct trending high
2026-05-25 20:00:00,CM-01,37.4,87.6,1.0,10,Critical,motor_current_A trending high; hydraulic_pressure_bar trending high; oil_temperature_C trending high
2026-05-26 00:00:00,CM-01,41.1,82.5,1.0,24,Critical,motor_current_A trending high; utilisation_pct trending high
2026-05-26 04:00:00,CM-01,39.4,83.9,1.0,27,Critical,motor_current_A trending high
2026-05-26 08:00:00,CM-01,34.8,88.9,1.0,19,Critical,hydraulic_pressure_bar trending high
2026-05-26 12:00:00,CM-01,42.4,79.0,0.937,34,Critical,Within baseline with monitored trend behaviour
2026-05-26 16:00:00,CM-01,38.2,83.0,0.966,29,Critical,hydraulic_pressure_bar trending high
2026-05-26 20:00:00,CM-01,40.6,87.5,1.0,20,Critical,motor_current_A trending high; hydraulic_pressure_bar trending high; oil_temperature_C trending high
2026-05-27 00:00:00,CM-01,39.7,84.4,0.975,19,Critical,motor_current_A trending high; ch4_pct trending high
2026-05-27 04:00:00,CM-01,39.8,83.4,1.0,17,Critical,hydraulic_pressure_bar trending high
2026-05-27 08:00:00,CM-01,41.9,79.7,0.948,36,Critical,hydraulic_pressure_bar trending high; oil_temperature_C trending high
2026-05-27 12:00:00,CM-01,39.8,80.4,0.921,30,Critical,ch4_pct trending high
2026-05-27 16:00:00,CM-01,42.5,81.4,0.926,33,Critical,ch4_pct trending high
2026-05-27 20:00:00,CM-01,39.6,85.0,0.957,25,Critical,Within baseline with monitored trend behaviour
2026-05-28 00:00:00,CM-01,43.0,81.0,0.929,26,Critical,hydraulic_pressure_bar trending high
2026-05-28 04:00:00,CM-01,39.9,82.0,0.954,30,Critical,Within baseline with monitored trend behaviour
2026-05-28 08:00:00,CM-01,44.7,78.9,0.916,33,Critical,hydraulic_pressure_bar trending high; ch4_pct trending high
2026-05-28 12:00:00,CM-01,43.6,74.0,0.818,37,Critical,motor_current_A trending high
2026-05-28 16:00:00,CM-01,36.8,87.9,1.0,23,Critical,Within baseline with monitored trend behaviour
2026-05-28 20:00:00,CM-01,38.0,84.2,0.971,32,Critical,motor_current_A trending high
2026-05-29 00:00:00,CM-01,37.9,84.7,1.0,27,Critical,Within baseline with monitored trend behaviour
2026-05-29 04:00:00,CM-01,37.5,84.2,1.0,21,Critical,hydraulic_pressure_bar trending high; ch4_pct trending high
2026-05-29 08:00:00,CM-01,40.9,86.6,0.986,21,Critical,ch4_pct trending high
2026-05-29 12:00:00,CM-01,42.1,83.0,0.98,24,Critical,ch4_pct trending high
2026-05-29 16:00:00,CM-01,39.3,85.1,1.0,27,Critical,motor_current_A trending high; hydraulic_pressure_bar trending high; ch4_pct trending high
2026-05-29 20:00:00,CM-01,37.4,86.1,1.0,30,Critical,hydraulic_pressure_bar trending high; ch4_pct trending high
2026-05-30 00:00:00,CM-01,38.2,84.7,1.0,22,Critical,motor_current_A trending high; hydraulic_pressure_bar trending high; ch4_pct trending high
2026-05-30 04:00:00,CM-01,36.6,87.1,1.0,23,Critical,motor_current_A trending high; ch4_pct trending high
2026-05-30 08:00:00,CM-01,37.7,85.9,1.0,19,Critical,motor_current_A trending high; hydraulic_pressure_bar trending high; oil_temperature_C trending high
2026-05-30 12:00:00,CM-01,38.8,85.9,1.0,21,Critical,motor_current_A trending high; hydraulic_pressure_bar trending high; oil_temperature_C trending high
2026-05-30 16:00:00,CM-01,36.6,86.5,1.0,18,Critical,motor_current_A trending high; hydraulic_pressure_bar trending high; oil_temperature_C trending high
2026-05-30 20:00:00,CM-01,38.3,86.0,1.0,21,Critical,motor_current_A above upper limit; hydraulic_pressure_bar trending high; oil_temperature_C trending high
2026-05-31 00:00:00,CM-01,39.0,84.8,1.0,23,Critical,motor_current_A trending high; hydraulic_pressure_bar trending high; oil_temperature_C trending high
2026-05-31 04:00:00,CM-01,37.3,85.8,1.0,24,Critical,motor_current_A trending high; hydraulic_pressure_bar trending high; vibration_mm_s trending high
2026-05-31 08:00:00,CM-01,37.0,86.0,1.0,21,Critical,motor_current_A trending high; hydraulic_pressure_bar above upper limit; oil_temperature_C trending high
2026-05-31 12:00:00,CM-01,38.9,84.8,1.0,29,Critical,motor_current_A trending high; hydraulic_pressure_bar trending high; oil_temperature_C trending high
2026-05-31 16:00:00,CM-01,38.2,86.3,1.0,26,Critical,motor_current_A above upper limit; hydraulic_pressure_bar above upper limit; oil_temperature_C trending high
2026-05-31 20:00:00,CM-01,38.3,86.5,1.0,21,Critical,motor_current_A above upper limit; hydraulic_pressure_bar trending high; oil_temperature_C trending high
2026-06-01 00:00:00,CM-01,39.3,85.2,1.0,29,Critical,motor_current_A above upper limit; hydraulic_pressure_bar above upper limit; oil_temperature_C above upper limit
2026-06-01 04:00:00,CM-01,39.3,83.4,1.0,22,Critical,motor_current_A above upper limit; hydraulic_pressure_bar above upper limit; oil_temperature_C trending high
2026-06-01 08:00:00,CM-01,41.0,84.5,1.0,23,Critical,motor_current_A above upper limit; hydraulic_pressure_bar above upper limit; oil_temperature_C trending high
2026-06-01 12:00:00,CM-01,36.0,87.4,1.0,16,Critical,motor_current_A above upper limit; hydraulic_pressure_bar above upper limit; oil_temperature_C trending high
2026-06-01 16:00:00,CM-01,41.7,84.0,1.0,27,Critical,motor_current_A above upper limit; hydraulic_pressure_bar above upper limit; oil_temperature_C above upper limit
2026-06-01 20:00:00,CM-01,41.3,83.9,1.0,23,Critical,motor_current_A above upper limit; hydraulic_pressure_bar above upper limit; oil_temperature_C above upper limit
2026-06-02 00:00:00,CM-01,37.5,86.9,1.0,14,Critical,motor_current_A trending high; hydraulic_pressure_bar above upper limit; oil_temperature_C above upper limit
2026-06-02 04:00:00,CM-01,41.3,84.3,1.0,27,Critical,motor_current_A above upper limit; hydraulic_pressure_bar above upper limit; oil_temperature_C above upper limit
2026-06-02 08:00:00,CM-01,39.9,84.0,1.0,23,Critical,motor_current_A above upper limit; hydraulic_pressure_bar above upper limit; oil_temperature_C above upper limit
2026-06-02 12:00:00,CM-01,36.1,88.3,1.0,14,Critical,motor_current_A above upper limit; hydraulic_pressure_bar above upper limit; oil_temperature_C above upper limit
2026-06-02 16:00:00,CM-01,38.8,87.5,1.0,20,Critical,motor_current_A above upper limit; hydraulic_pressure_bar above upper limit; oil_temperature_C above upper limit
2026-06-02 20:00:00,CM-01,35.5,87.1,1.0,14,Critical,motor_current_A above upper limit; hydraulic_pressure_bar above upper limit; oil_temperature_C above upper limit
2026-06-03 00:00:00,CM-01,41.6,83.3,1.0,23,Critical,motor_current_A above upper limit; hydraulic_pressure_bar above upper limit; oil_temperature_C above upper limit
2026-06-03 04:00:00,CM-01,36.0,87.7,1.0,18,Critical,motor_current_A above upper limit; hydraulic_pressure_bar trending high; oil_temperature_C above upper limit
2026-06-03 08:00:00,CM-01,38.7,84.4,1.0,16,Critical,motor_current_A above upper limit; hydraulic_pressure_bar above upper limit; oil_temperature_C above upper limit
2026-06-03 12:00:00,CM-01,37.9,85.4,1.0,15,Critical,motor_current_A trending high; hydraulic_pressure_bar above upper limit; oil_temperature_C above upper limit
2026-06-03 16:00:00,CM-01,38.3,86.8,1.0,17,Critical,motor_current_A above upper limit; hydraulic_pressure_bar above upper limit; oil_temperature_C above upper limit
2026-06-03 20:00:00,CM-01,42.4,83.6,1.0,25,Critical,motor_current_A above upper limit; hydraulic_pressure_bar above upper limit; oil_temperature_C above upper limit
2026-06-04 00:00:00,CM-01,40.9,81.2,1.0,25,Critical,motor_current_A above upper limit; hydraulic_pressure_bar above upper limit; oil_temperature_C above upper limit
2026-06-04 04:00:00,CM-01,40.8,84.5,1.0,24,Critical,motor_current_A above upper limit; hydraulic_pressure_bar above upper limit; oil_temperature_C trending high
2026-06-04 08:00:00,CM-01,37.0,87.3,1.0,22,Critical,motor_current_A trending high; hydraulic_pressure_bar above upper limit; oil_temperature_C above upper limit
2026-06-04 12:00:00,CM-01,39.0,85.3,1.0,24,Critical,motor_current_A above upper limit; hydraulic_pressure_bar above upper limit; oil_temperature_C trending high
2026-06-04 16:00:00,CM-01,35.8,84.8,1.0,16,Critical,motor_current_A above upper limit; hydraulic_pressure_bar above upper limit; oil_temperature_C trending high
2026-06-04 20:00:00,CM-01,35.7,90.6,1.0,16,Critical,motor_current_A above upper limit; hydraulic_pressure_bar above upper limit; oil_temperature_C trending high
2026-06-05 00:00:00,CM-01,34.3,88.8,1.0,13,Critical,hydraulic_pressure_bar above upper limit; oil_temperature_C above upper limit; ch4_pct above upper limit
2026-06-05 04:00:00,CM-01,43.2,83.8,1.0,20,Critical,hydraulic_pressure_bar trending high; oil_temperature_C above upper limit; vibration_mm_s trending high
2026-06-05 08:00:00,CM-01,35.3,88.5,1.0,17,Critical,hydraulic_pressure_bar above upper limit; oil_temperature_C above upper limit; vibration_mm_s trending high
2026-06-05 12:00:00,CM-01,36.7,88.5,1.0,16,Critical,hydraulic_pressure_bar above upper limit; oil_temperature_C trending high; vibration_mm_s trending high
2026-06-05 16:00:00,CM-01,32.1,90.5,1.0,9,Critical,hydraulic_pressure_bar above upper limit; oil_temperature_C above upper limit; vibration_mm_s trending high
2026-06-05 20:00:00,CM-01,40.1,85.4,1.0,19,Critical,hydraulic_pressure_bar above upper limit; oil_temperature_C trending high; vibration_mm_s trending high
2026-06-06 00:00:00,CM-01,34.1,87.9,1.0,22,Critical,hydraulic_pressure_bar above upper limit; oil_temperature_C above upper limit; vibration_mm_s trending high
2026-06-06 04:00:00,CM-01,35.2,87.8,1.0,17,Critical,hydraulic_pressure_bar above upper limit; oil_temperature_C above upper limit; vibration_mm_s trending high
2026-06-06 08:00:00,CM-01,39.1,85.5,1.0,26,Critical,hydraulic_pressure_bar above upper limit; oil_temperature_C trending high; vibration_mm_s trending high
2026-06-06 12:00:00,CM-01,39.6,84.6,1.0,23,Critical,hydraulic_pressure_bar above upper limit; oil_temperature_C above upper limit; vibration_mm_s trending high
2026-06-06 16:00:00,CM-01,40.1,86.2,1.0,20,Critical,hydraulic_pressure_bar above upper limit; oil_temperature_C trending high; vibration_mm_s trending high
2026-06-06 20:00:00,CM-01,40.9,83.6,1.0,30,Critical,hydraulic_pressure_bar above upper limit; oil_temperature_C above upper limit; vibration_mm_s trending high
2026-06-07 00:00:00,CM-01,39.9,86.3,1.0,18,Critical,hydraulic_pressure_bar above upper limit; oil_temperature_C above upper limit; vibration_mm_s trending high
2026-06-07 04:00:00,CM-01,35.1,86.8,1.0,16,Critical,hydraulic_pressure_bar above upper limit; oil_temperature_C above upper limit; vibration_mm_s trending high
2026-06-07 08:00:00,CM-01,38.8,86.3,1.0,21,Critical,hydraulic_pressure_bar above upper limit; oil_temperature_C above upper limit; vibration_mm_s trending high
2026-06-07 12:00:00,CM-01,33.9,88.6,1.0,22,Critical,hydraulic_pressure_bar above upper limit; oil_temperature_C above upper limit; vibration_mm_s trending high
2026-06-07 16:00:00,CM-01,37.3,84.6,1.0,26,Critical,hydraulic_pressure_bar above upper limit; oil_temperature_C above upper limit; vibration_mm_s above upper limit
2026-06-07 20:00:00,CM-01,41.8,83.8,1.0,15,Critical,hydraulic_pressure_bar above upper limit; oil_temperature_C above upper limit; vibration_mm_s trending high
2026-06-08 00:00:00,CM-01,40.5,84.5,1.0,25,Critical,motor_current_A above upper limit; hydraulic_pressure_bar above upper limit; oil_temperature_C above upper limit
2026-06-08 04:00:00,CM-01,40.9,80.7,1.0,21,Critical,motor_current_A above upper limit; hydraulic_pressure_bar above upper limit; oil_temperature_C above upper limit
2026-06-08 08:00:00,CM-01,38.0,86.3,1.0,18,Critical,motor_current_A above upper limit; hydraulic_pressure_bar above upper limit; oil_temperature_C above upper limit
2026-06-08 12:00:00,CM-01,36.6,85.8,1.0,17,Critical,motor_current_A above upper limit; hydraulic_pressure_bar above upper limit; oil_temperature_C above upper limit
2026-06-08 16:00:00,CM-01,35.8,88.1,1.0,14,Critical,motor_current_A above upper limit; hydraulic_pressure_bar above upper limit; oil_temperature_C above upper limit
2026-06-08 20:00:00,CM-01,34.7,88.3,1.0,22,Critical,motor_current_A above upper limit; hydraulic_pressure_bar above upper limit; oil_temperature_C above upper limit
2026-06-09 00:00:00,CM-01,34.3,89.1,1.0,19,Critical,motor_current_A above upper limit; hydraulic_pressure_bar above upper limit; oil_temperature_C above upper limit
2026-06-09 04:00:00,CM-01,41.3,81.7,1.0,22,Critical,motor_current_A above upper limit; hydraulic_pressure_bar above upper limit; oil_temperature_C above upper limit
2026-06-09 08:00:00,CM-01,37.8,87.0,1.0,17,Critical,motor_current_A above upper limit; hydraulic_pressure_bar above upper limit; oil_temperature_C above upper limit
2026-06-09 12:00:00,CM-01,41.0,83.8,1.0,23,Critical,motor_current_A above upper limit; hydraulic_pressure_bar above upper limit; oil_temperature_C above upper limit
2026-06-09 16:00:00,CM-01,38.3,84.6,1.0,21,Critical,motor_current_A above upper limit; hydraulic_pressure_bar above upper limit; oil_temperature_C above upper limit
2026-06-09 20:00:00,CM-01,38.7,85.8,1.0,24,Critical,motor_current_A above upper limit; hydraulic_pressure_bar above upper limit; oil_temperature_C above upper limit
2026-06-10 00:00:00,CM-01,36.2,88.1,1.0,18,Critical,motor_current_A above upper limit; hydraulic_pressure_bar above upper limit; oil_temperature_C above upper limit
2026-06-10 04:00:00,CM-01,40.2,85.6,1.0,20,Critical,motor_current_A above upper limit; hydraulic_pressure_bar above upper limit; oil_temperature_C above upper limit
2026-06-10 08:00:00,CM-01,37.9,86.2,1.0,21,Critical,motor_current_A above upper limit; hydraulic_pressure_bar above upper limit; oil_temperature_C above upper limit
2026-06-10 12:00:00,CM-01,39.2,87.3,1.0,22,Critical,motor_current_A above upper limit; hydraulic_pressure_bar above upper limit; oil_temperature_C above upper limit
2026-06-10 16:00:00,CM-01,38.0,86.1,1.0,18,Critical,motor_current_A above upper limit; hydraulic_pressure_bar above upper limit; oil_temperature_C above upper limit
2026-06-10 20:00:00,CM-01,37.0,88.0,1.0,26,Critical,motor_current_A above upper limit; hydraulic_pressure_bar above upper limit; oil_temperature_C above upper limit
2026-06-11 00:00:00,CM-01,40.5,85.9,1.0,26,Critical,motor_current_A above upper limit; hydraulic_pressure_bar above upper limit; oil_temperature_C above upper limit
2026-06-11 04:00:00,CM-01,35.4,89.0,1.0,14,Critical,motor_current_A above upper limit; hydraulic_pressure_bar above upper limit; oil_temperature_C above upper limit
2026-06-11 08:00:00,CM-01,40.5,85.7,1.0,18,Critical,motor_current_A above upper limit; hydraulic_pressure_bar above upper limit; oil_temperature_C above upper limit
2026-06-11 12:00:00,CM-01,40.0,84.8,1.0,16,Critical,motor_current_A above upper limit; hydraulic_pressure_bar above upper limit; oil_temperature_C above upper limit
2026-06-11 16:00:00,CM-01,35.3,87.5,1.0,15,Critical,motor_current_A above upper limit; hydraulic_pressure_bar above upper limit; oil_temperature_C above upper limit
2026-06-11 20:00:00,CM-01,35.6,88.3,1.0,17,Critical,motor_current_A above upper limit; hydraulic_pressure_bar above upper limit; oil_temperature_C above upper limit
2026-06-12 00:00:00,CM-01,34.6,88.4,1.0,16,Critical,motor_current_A above upper limit; hydraulic_pressure_bar above upper limit; oil_temperature_C above upper limit
2026-06-12 04:00:00,CM-01,35.0,87.3,1.0,13,Critical,motor_current_A above upper limit; hydraulic_pressure_bar above upper limit; oil_temperature_C above upper limit
2026-06-12 08:00:00,CM-01,34.0,89.2,1.0,13,Critical,motor_current_A above upper limit; hydraulic_pressure_bar above upper limit; oil_temperature_C above upper limit
2026-06-12 12:00:00,CM-01,39.8,82.0,1.0,28,Critical,motor_current_A above upper limit; hydraulic_pressure_bar above upper limit; oil_temperature_C above upper limit
2026-06-12 16:00:00,CM-01,37.9,87.9,1.0,16,Critical,motor_current_A above upper limit; hydraulic_pressure_bar above upper limit; oil_temperature_C above upper limit
2026-06-12 20:00:00,CM-01,40.2,83.8,1.0,21,Critical,motor_current_A trending high; hydraulic_pressure_bar above upper limit; oil_temperature_C above upper limit
2026-06-13 00:00:00,CM-01,40.4,82.8,1.0,29,Critical,motor_current_A above upper limit; hydraulic_pressure_bar above upper limit; oil_temperature_C above upper limit
2026-06-13 04:00:00,CM-01,38.2,88.2,1.0,17,Critical,motor_current_A above upper limit; hydraulic_pressure_bar above upper limit; oil_temperature_C above upper limit
2026-06-13 08:00:00,CM-01,40.3,84.1,1.0,22,Critical,motor_current_A above upper limit; hydraulic_pressure_bar above upper limit; oil_temperature_C above upper limit
2026-06-13 12:00:00,CM-01,39.5,85.5,1.0,22,Critical,motor_current_A above upper limit; hydraulic_pressure_bar above upper limit; oil_temperature_C above upper limit
2026-06-13 16:00:00,CM-01,38.0,84.8,1.0,16,Critical,motor_current_A above upper limit; hydraulic_pressure_bar above upper limit; oil_temperature_C above upper limit
2026-06-13 20:00:00,CM-01,39.1,86.5,1.0,16,Critical,motor_current_A above upper limit; hydraulic_pressure_bar above upper limit; oil_temperature_C above upper limit
2026-06-14 00:00:00,CM-01,40.4,83.9,1.0,28,Critical,motor_current_A above upper limit; hydraulic_pressure_bar above upper limit; oil_temperature_C above upper limit
2026-06-14 04:00:00,CM-01,37.5,90.0,1.0,12,Critical,motor_current_A above upper limit; hydraulic_pressure_bar above upper limit; oil_temperature_C above upper limit
2026-06-14 08:00:00,CM-01,40.3,84.2,1.0,21,Critical,motor_current_A above upper limit; hydraulic_pressure_bar above upper limit; oil_temperature_C above upper limit
2026-06-14 12:00:00,CM-01,41.2,85.6,1.0,25,Critical,motor_current_A above upper limit; hydraulic_pressure_bar above upper limit; oil_temperature_C above upper limit
2026-06-14 16:00:00,CM-01,37.0,87.3,1.0,17,Critical,motor_current_A above upper limit; hydraulic_pressure_bar above upper limit; oil_temperature_C above upper limit
2026-06-14 20:00:00,CM-01,41.9,82.9,1.0,29,Critical,motor_current_A above upper limit; hydraulic_pressure_bar above upper limit; oil_temperature_C above upper limit
2026-06-15 00:00:00,CM-01,38.2,84.5,1.0,25,Critical,motor_current_A above upper limit; hydraulic_pressure_bar above upper limit; oil_temperature_C above upper limit
2026-06-15 04:00:00,CM-01,40.3,85.4,1.0,17,Critical,motor_current_A above upper limit; hydraulic_pressure_bar above upper limit; oil_temperature_C above upper limit
2026-06-15 08:00:00,CM-01,39.3,85.4,1.0,18,Critical,motor_current_A above upper limit; hydraulic_pressure_bar above upper limit; oil_temperature_C above upper limit
2026-06-15 12:00:00,CM-01,38.0,85.2,1.0,23,Critical,motor_current_A above upper limit; hydraulic_pressure_bar above upper limit; oil_temperature_C above upper limit
2026-06-15 16:00:00,CM-01,37.4,87.9,1.0,13,Critical,motor_current_A above upper limit; hydraulic_pressure_bar above upper limit; oil_temperature_C above upper limit
2026-06-15 20:00:00,CM-01,36.5,88.7,1.0,19,Critical,motor_current_A above upper limit; hydraulic_pressure_bar above upper limit; oil_temperature_C above upper limit
2026-06-16 00:00:00,CM-01,41.7,83.4,1.0,21,Critical,motor_current_A above upper limit; hydraulic_pressure_bar above upper limit; oil_temperature_C above upper limit
2026-06-16 04:00:00,CM-01,39.3,85.1,1.0,12,Critical,motor_current_A above upper limit; hydraulic_pressure_bar above upper limit; oil_temperature_C above upper limit
2026-06-16 08:00:00,CM-01,37.2,86.7,1.0,23,Critical,motor_current_A above upper limit; hydraulic_pressure_bar above upper limit; oil_temperature_C above upper limit
2026-06-16 12:00:00,CM-01,36.2,86.5,1.0,14,Critical,motor_current_A above upper limit; hydraulic_pressure_bar above upper limit; oil_temperature_C above upper limit
2026-06-16 16:00:00,CM-01,45.3,81.1,1.0,16,Critical,motor_current_A above upper limit; hydraulic_pressure_bar above upper limit; oil_temperature_C above upper limit
2026-06-16 20:00:00,CM-01,40.0,84.9,1.0,26,Critical,motor_current_A above upper limit; hydraulic_pressure_bar above upper limit; oil_temperature_C above upper limit
2026-06-17 00:00:00,CM-01,35.3,89.6,1.0,15,Critical,motor_current_A above upper limit; hydraulic_pressure_bar above upper limit; oil_temperature_C above upper limit
2026-06-17 04:00:00,CM-01,36.2,85.4,1.0,15,Critical,motor_current_A above upper limit; hydraulic_pressure_bar above upper limit; oil_temperature_C above upper limit
2026-06-17 08:00:00,CM-01,41.0,82.6,1.0,22,Critical,motor_current_A above upper limit; hydraulic_pressure_bar above upper limit; oil_temperature_C above upper limit
2026-06-17 12:00:00,CM-01,39.4,85.6,1.0,20,Critical,motor_current_A above upper limit; hydraulic_pressure_bar above upper limit; oil_temperature_C above upper limit
2026-06-17 16:00:00,CM-01,39.8,87.3,1.0,13,Critical,motor_current_A above upper limit; hydraulic_pressure_bar above upper limit; oil_temperature_C above upper limit
2026-06-17 20:00:00,CM-01,39.9,82.3,1.0,23,Critical,motor_current_A above upper limit; hydraulic_pressure_bar above upper limit; oil_temperature_C above upper limit
2026-06-18 00:00:00,CM-01,38.5,86.9,1.0,13,Critical,motor_current_A above upper limit; hydraulic_pressure_bar above upper limit; oil_temperature_C above upper limit
2026-06-18 04:00:00,CM-01,41.9,83.6,1.0,23,Critical,motor_current_A above upper limit; hydraulic_pressure_bar above upper limit; oil_temperature_C above upper limit
2026-06-18 08:00:00,CM-01,38.0,86.7,1.0,18,Critical,motor_current_A above upper limit; hydraulic_pressure_bar above upper limit; oil_temperature_C above upper limit
2026-06-18 12:00:00,CM-01,37.3,85.6,1.0,17,Critical,motor_current_A above upper limit; hydraulic_pressure_bar above upper limit; oil_temperature_C above upper limit
2026-06-18 16:00:00,CM-01,37.7,90.3,1.0,15,Critical,motor_current_A above upper limit; hydraulic_pressure_bar above upper limit; oil_temperature_C above upper limit
2026-06-18 20:00:00,CM-01,39.0,85.9,1.0,13,Critical,motor_current_A above upper limit; hydraulic_pressure_bar above upper limit; oil_temperature_C above upper limit
2026-06-19 00:00:00,CM-01,36.3,88.0,1.0,15,Critical,motor_current_A above upper limit; hydraulic_pressure_bar above upper limit; oil_temperature_C above upper limit
2026-06-19 04:00:00,CM-01,37.7,86.2,1.0,21,Critical,motor_current_A above upper limit; hydraulic_pressure_bar above upper limit; oil_temperature_C above upper limit
2026-06-19 08:00:00,CM-01,37.1,89.2,1.0,13,Critical,motor_current_A above upper limit; hydraulic_pressure_bar above upper limit; oil_temperature_C above upper limit
2026-06-19 12:00:00,CM-01,39.7,83.9,1.0,21,Critical,motor_current_A above upper limit; hydraulic_pressure_bar above upper limit; oil_temperature_C above upper limit
2026-06-19 16:00:00,CM-01,35.9,87.6,1.0,12,Critical,motor_current_A above upper limit; hydraulic_pressure_bar above upper limit; oil_temperature_C above upper limit
2026-06-19 20:00:00,CM-01,39.0,86.6,1.0,18,Critical,motor_current_A above upper limit; hydraulic_pressure_bar above upper limit; oil_temperature_C above upper limit
2026-06-20 00:00:00,CM-01,34.8,87.9,1.0,17,Critical,motor_current_A above upper limit; hydraulic_pressure_bar above upper limit; oil_temperature_C above upper limit
2026-06-20 04:00:00,CM-01,43.9,83.4,1.0,27,Critical,motor_current_A above upper limit; hydraulic_pressure_bar above upper limit; oil_temperature_C above upper limit
2026-06-20 08:00:00,CM-01,35.1,86.8,1.0,11,Critical,motor_current_A above upper limit; hydraulic_pressure_bar above upper limit; oil_temperature_C above upper limit
2026-06-20 12:00:00,CM-01,33.6,89.8,1.0,14,Critical,motor_current_A above upper limit; hydraulic_pressure_bar above upper limit; oil_temperature_C above upper limit
2026-06-20 16:00:00,CM-01,35.6,89.6,1.0,7,Critical,motor_current_A above upper limit; hydraulic_pressure_bar above upper limit; oil_temperature_C above upper limit
2026-06-20 20:00:00,CM-01,41.2,82.4,1.0,19,Critical,motor_current_A above upper limit; hydraulic_pressure_bar above upper limit; oil_temperature_C above upper limit
2026-06-21 00:00:00,CM-01,36.5,86.0,1.0,15,Critical,motor_current_A above upper limit; hydraulic_pressure_bar above upper limit; oil_temperature_C above upper limit
2026-06-21 04:00:00,CM-01,38.5,84.9,1.0,16,Critical,motor_current_A above upper limit; hydraulic_pressure_bar above upper limit; oil_temperature_C above upper limit
2026-06-21 08:00:00,CM-01,39.2,86.6,1.0,15,Critical,motor_current_A above upper limit; hydraulic_pressure_bar above upper limit; oil_temperature_C above upper limit
2026-06-21 12:00:00,CM-01,36.3,86.5,1.0,11,Critical,motor_current_A above upper limit; hydraulic_pressure_bar above upper limit; oil_temperature_C above upper limit
2026-06-21 16:00:00,CM-01,38.8,86.8,1.0,9,Critical,motor_current_A above upper limit; hydraulic_pressure_bar above upper limit; oil_temperature_C above upper limit
2026-06-21 20:00:00,CM-01,38.9,85.8,1.0,19,Critical,motor_current_A above upper limit; hydraulic_pressure_bar above upper limit; oil_temperature_C above upper limit
2026-06-22 00:00:00,CM-01,39.0,84.8,1.0,23,Critical,motor_current_A above upper limit; hydraulic_pressure_bar above upper limit; oil_temperature_C above upper limit
2026-06-22 04:00:00,CM-01,41.7,84.3,1.0,15,Critical,motor_current_A above upper limit; hydraulic_pressure_bar above upper limit; oil_temperature_C above upper limit
2026-06-22 08:00:00,CM-01,36.9,87.8,1.0,13,Critical,motor_current_A above upper limit; hydraulic_pressure_bar above upper limit; oil_temperature_C above upper limit
2026-06-22 12:00:00,CM-01,42.5,82.3,1.0,19,Critical,motor_current_A above upper limit; hydraulic_pressure_bar above upper limit; oil_temperature_C above upper limit
2026-06-22 16:00:00,CM-01,38.8,85.9,1.0,27,Critical,motor_current_A above upper limit; hydraulic_pressure_bar above upper limit; oil_temperature_C above upper limit
2026-06-22 20:00:00,CM-01,38.7,85.3,1.0,20,Critical,motor_current_A above upper limit; hydraulic_pressure_bar above upper limit; oil_temperature_C above upper limit
2026-06-23 00:00:00,CM-01,36.8,86.2,1.0,23,Critical,motor_current_A above upper limit; hydraulic_pressure_bar above upper limit; oil_temperature_C above upper limit
2026-06-23 04:00:00,CM-01,39.4,85.1,1.0,18,Critical,motor_current_A above upper limit; hydraulic_pressure_bar above upper limit; oil_temperature_C above upper limit
2026-06-23 08:00:00,CM-01,40.5,84.8,1.0,20,Critical,motor_current_A above upper limit; hydraulic_pressure_bar above upper limit; oil_temperature_C above upper limit
2026-06-23 12:00:00,CM-01,41.7,81.6,1.0,22,Critical,motor_current_A above upper limit; hydraulic_pressure_bar above upper limit; oil_temperature_C above upper limit
2026-06-23 16:00:00,CM-01,41.8,82.8,1.0,19,Critical,motor_current_A above upper limit; hydraulic_pressure_bar above upper limit; oil_temperature_C above upper limit
2026-06-23 20:00:00,CM-01,39.1,86.5,1.0,15,Critical,motor_current_A above upper limit; hydraulic_pressure_bar above upper limit; oil_temperature_C above upper limit
2026-06-24 00:00:00,CM-01,36.7,86.5,1.0,21,Critical,motor_current_A above upper limit; hydraulic_pressure_bar above upper limit; oil_temperature_C above upper limit
2026-06-24 04:00:00,CM-01,39.1,85.6,1.0,24,Critical,motor_current_A above upper limit; hydraulic_pressure_bar above upper limit; oil_temperature_C above upper limit
2026-06-24 08:00:00,CM-01,39.7,82.3,1.0,22,Critical,motor_current_A above upper limit; hydraulic_pressure_bar above upper limit; oil_temperature_C above upper limit
2026-06-24 12:00:00,CM-01,38.8,86.3,1.0,22,Critical,motor_current_A above upper limit; hydraulic_pressure_bar above upper limit; oil_temperature_C above upper limit
2026-06-24 16:00:00,CM-01,38.9,84.5,1.0,24,Critical,motor_current_A above upper limit; hydraulic_pressure_bar above upper limit; oil_temperature_C above upper limit
2026-06-24 20:00:00,CM-01,35.0,86.7,1.0,9,Critical,motor_current_A above upper limit; hydraulic_pressure_bar above upper limit; oil_temperature_C above upper limit
2026-06-25 00:00:00,CM-01,39.6,85.0,1.0,21,Critical,motor_current_A above upper limit; hydraulic_pressure_bar above upper limit; oil_temperature_C above upper limit
2026-06-25 04:00:00,CM-01,40.4,84.2,1.0,21,Critical,motor_current_A above upper limit; hydraulic_pressure_bar above upper limit; oil_temperature_C above upper limit
2026-06-25 08:00:00,CM-01,38.7,83.8,1.0,13,Critical,motor_current_A above upper limit; hydraulic_pressure_bar above upper limit; oil_temperature_C above upper limit
2026-06-25 12:00:00,CM-01,37.0,83.6,1.0,14,Critical,motor_current_A above upper limit; hydraulic_pressure_bar above upper limit; oil_temperature_C above upper limit
2026-06-25 16:00:00,CM-01,35.1,89.4,1.0,5,Critical,motor_current_A above upper limit; hydraulic_pressure_bar above upper limit; oil_temperature_C above upper limit
2026-06-25 20:00:00,CM-01,37.9,86.8,1.0,16,Critical,motor_current_A above upper limit; hydraulic_pressure_bar above upper limit; oil_temperature_C above upper limit
2026-06-26 00:00:00,CM-01,40.3,84.3,1.0,15,Critical,motor_current_A above upper limit; hydraulic_pressure_bar above upper limit; oil_temperature_C above upper limit
2026-06-26 04:00:00,CM-01,38.3,87.6,1.0,14,Critical,motor_current_A above upper limit; hydraulic_pressure_bar above upper limit; oil_temperature_C above upper limit
2026-06-26 08:00:00,CM-01,41.4,83.1,1.0,19,Critical,motor_current_A above upper limit; hydraulic_pressure_bar above upper limit; oil_temperature_C above upper limit
2026-06-26 12:00:00,CM-01,38.7,86.5,1.0,13,Critical,motor_current_A above upper limit; hydraulic_pressure_bar above upper limit; oil_temperature_C above upper limit
2026-06-26 16:00:00,CM-01,34.9,90.3,1.0,7,Critical,motor_current_A above upper limit; hydraulic_pressure_bar above upper limit; oil_temperature_C above upper limit
2026-06-26 20:00:00,CM-01,39.0,88.0,1.0,5,Critical,motor_current_A above upper limit; hydraulic_pressure_bar above upper limit; oil_temperature_C above upper limit
2026-06-27 00:00:00,CM-01,38.9,83.2,1.0,29,Critical,motor_current_A above upper limit; hydraulic_pressure_bar above upper limit; oil_temperature_C above upper limit
2026-06-27 04:00:00,CM-01,41.1,85.0,1.0,19,Critical,motor_current_A above upper limit; hydraulic_pressure_bar above upper limit; oil_temperature_C above upper limit
2026-06-27 08:00:00,CM-01,41.5,83.1,1.0,22,Critical,motor_current_A above upper limit; hydraulic_pressure_bar above upper limit; oil_temperature_C above upper limit
2026-06-27 12:00:00,CM-01,38.3,84.3,1.0,15,Critical,motor_current_A above upper limit; hydraulic_pressure_bar above upper limit; oil_temperature_C above upper limit
2026-06-27 16:00:00,CM-01,40.0,84.8,1.0,15,Critical,motor_current_A above upper limit; hydraulic_pressure_bar above upper limit; oil_temperature_C above upper limit
2026-06-27 20:00:00,CM-01,38.4,86.2,1.0,16,Critical,motor_current_A above upper limit; hydraulic_pressure_bar above upper limit; oil_temperature_C above upper limit
2026-06-28 00:00:00,CM-01,41.5,82.8,1.0,17,Critical,motor_current_A above upper limit; hydraulic_pressure_bar above upper limit; oil_temperature_C above upper limit
2026-06-28 04:00:00,CM-01,38.2,84.8,1.0,18,Critical,motor_current_A above upper limit; hydraulic_pressure_bar above upper limit; oil_temperature_C above upper limit
2026-06-28 08:00:00,CM-01,39.0,86.2,1.0,15,Critical,motor_current_A above upper limit; hydraulic_pressure_bar above upper limit; oil_temperature_C above upper limit
2026-06-28 12:00:00,CM-01,41.5,83.6,1.0,19,Critical,motor_current_A above upper limit; hydraulic_pressure_bar above upper limit; oil_temperature_C above upper limit
2026-06-28 16:00:00,CM-01,36.8,85.6,1.0,14,Critical,motor_current_A above upper limit; hydraulic_pressure_bar above upper limit; oil_temperature_C above upper limit
2026-06-28 20:00:00,CM-01,33.9,88.9,1.0,7,Critical,motor_current_A above upper limit; hydraulic_pressure_bar above upper limit; oil_temperature_C above upper limit
2026-06-29 00:00:00,CM-01,39.2,85.1,1.0,14,Critical,motor_current_A above upper limit; hydraulic_pressure_bar above upper limit; oil_temperature_C above upper limit
2026-06-29 04:00:00,CM-01,38.5,82.8,1.0,20,Critical,motor_current_A above upper limit; hydraulic_pressure_bar above upper limit; oil_temperature_C above upper limit
2026-06-29 08:00:00,CM-01,42.9,84.0,1.0,27,Critical,motor_current_A above upper limit; hydraulic_pressure_bar above upper limit; oil_temperature_C above upper limit
2026-06-29 12:00:00,CM-01,37.0,88.3,1.0,14,Critical,motor_current_A above upper limit; hydraulic_pressure_bar above upper limit; oil_temperature_C above upper limit
2026-06-29 16:00:00,CM-01,36.4,88.6,1.0,9,Critical,motor_current_A above upper limit; hydraulic_pressure_bar above upper limit; oil_temperature_C above upper limit
2026-06-29 20:00:00,CM-01,35.9,90.2,1.0,15,Critical,motor_current_A above upper limit; hydraulic_pressure_bar above upper limit; oil_temperature_C above upper limit
2026-01-01 00:00:00,TC-01,84.8,17.4,0.074,149,Low,Within baseline with monitored trend behaviour
2026-01-01 04:00:00,TC-01,90.3,14.5,0.088,161,Low,Within baseline with monitored trend behaviour
2026-01-01 08:00:00,TC-01,93.2,12.1,0.054,163,Low,Within baseline with monitored trend behaviour
2026-01-01 12:00:00,TC-01,80.1,27.0,0.229,139,Medium,Within baseline with monitored trend behaviour
2026-01-01 16:00:00,TC-01,90.8,14.8,0.079,151,Low,Within baseline with monitored trend behaviour
2026-01-01 20:00:00,TC-01,77.1,28.4,0.244,132,Medium,Within baseline with monitored trend behaviour
2026-01-02 00:00:00,TC-01,78.4,28.3,0.245,136,Medium,utilisation_pct trending high
2026-01-02 04:00:00,TC-01,80.3,28.6,0.287,135,Medium,Within baseline with monitored trend behaviour
2026-01-02 08:00:00,TC-01,81.1,28.6,0.265,137,Medium,Within baseline with monitored trend behaviour
2026-01-02 12:00:00,TC-01,76.2,35.4,0.339,129,Medium,utilisation_pct trending high
2026-01-02 16:00:00,TC-01,86.9,19.7,0.175,150,Low,Within baseline with monitored trend behaviour
2026-01-02 20:00:00,TC-01,83.7,19.9,0.119,146,Low,Within baseline with monitored trend behaviour
2026-01-03 00:00:00,TC-01,88.8,18.4,0.139,149,Low,Within baseline with monitored trend behaviour
2026-01-03 04:00:00,TC-01,86.1,17.9,0.128,154,Low,Within baseline with monitored trend behaviour
2026-01-03 08:00:00,TC-01,84.8,19.9,0.135,144,Low,Within baseline with monitored trend behaviour
2026-01-03 12:00:00,TC-01,87.3,18.7,0.117,148,Low,Within baseline with monitored trend behaviour
2026-01-03 16:00:00,TC-01,81.0,27.7,0.235,141,Medium,Within baseline with monitored trend behaviour
2026-01-03 20:00:00,TC-01,88.3,15.5,0.075,152,Low,Within baseline with monitored trend behaviour
2026-01-04 00:00:00,TC-01,84.2,20.9,0.113,139,Low,Within baseline with monitored trend behaviour
2026-01-04 04:00:00,TC-01,84.1,17.8,0.157,156,Low,Within baseline with monitored trend behaviour
2026-01-04 08:00:00,TC-01,83.5,23.5,0.152,136,Low,Within baseline with monitored trend behaviour
2026-01-04 12:00:00,TC-01,87.8,18.0,0.097,156,Low,Within baseline with monitored trend behaviour
2026-01-04 16:00:00,TC-01,81.6,22.6,0.172,146,Low,Within baseline with monitored trend behaviour
2026-01-04 20:00:00,TC-01,91.0,10.9,0.077,166,Low,Within baseline with monitored trend behaviour
2026-01-05 00:00:00,TC-01,82.1,22.9,0.165,139,Low,Within baseline with monitored trend behaviour
2026-01-05 04:00:00,TC-01,88.3,20.4,0.159,149,Low,Within baseline with monitored trend behaviour
2026-01-05 08:00:00,TC-01,83.6,22.4,0.124,148,Low,Within baseline with monitored trend behaviour
2026-01-05 12:00:00,TC-01,85.6,18.4,0.141,146,Low,Within baseline with monitored trend behaviour
2026-01-05 16:00:00,TC-01,95.2,9.3,0.008,163,Low,Within baseline with monitored trend behaviour
2026-01-05 20:00:00,TC-01,90.9,16.5,0.072,157,Low,Within baseline with monitored trend behaviour
2026-01-06 00:00:00,TC-01,92.8,8.7,0.0,170,Low,Within baseline with monitored trend behaviour
2026-01-06 04:00:00,TC-01,96.1,6.7,0.012,163,Low,Within baseline with monitored trend behaviour
2026-01-06 08:00:00,TC-01,95.4,6.2,0.005,172,Low,Within baseline with monitored trend behaviour
2026-01-06 12:00:00,TC-01,92.8,10.0,0.0,161,Low,Within baseline with monitored trend behaviour
2026-01-06 16:00:00,TC-01,96.4,6.4,0.0,171,Low,Within baseline with monitored trend behaviour
2026-01-06 20:00:00,TC-01,94.4,8.4,0.0,172,Low,Within baseline with monitored trend behaviour
2026-01-07 00:00:00,TC-01,90.7,10.0,0.0,166,Low,Within baseline with monitored trend behaviour
2026-01-07 04:00:00,TC-01,90.7,11.2,0.006,165,Low,Within baseline with monitored trend behaviour
2026-01-07 08:00:00,TC-01,90.4,14.3,0.003,155,Low,Within baseline with monitored trend behaviour
2026-01-07 12:00:00,TC-01,93.4,9.4,0.021,157,Low,Within baseline with monitored trend behaviour
2026-01-07 16:00:00,TC-01,90.5,13.8,0.115,157,Low,Within baseline with monitored trend behaviour
2026-01-07 20:00:00,TC-01,91.9,10.6,0.017,162,Low,Within baseline with monitored trend behaviour
2026-01-08 00:00:00,TC-01,87.7,12.3,0.031,156,Low,Within baseline with monitored trend behaviour
2026-01-08 04:00:00,TC-01,93.1,9.2,0.029,158,Low,Within baseline with monitored trend behaviour
2026-01-08 08:00:00,TC-01,86.0,20.9,0.188,148,Low,Within baseline with monitored trend behaviour
2026-01-08 12:00:00,TC-01,83.2,22.9,0.263,142,Low,utilisation_pct trending high
2026-01-08 16:00:00,TC-01,82.9,23.5,0.222,143,Low,Within baseline with monitored trend behaviour
2026-01-08 20:00:00,TC-01,74.6,35.5,0.335,126,Medium,utilisation_pct above upper limit
2026-01-09 00:00:00,TC-01,83.6,18.1,0.129,150,Low,Within baseline with monitored trend behaviour
2026-01-09 04:00:00,TC-01,80.5,27.3,0.279,135,Medium,Within baseline with monitored trend behaviour
2026-01-09 08:00:00,TC-01,82.5,22.6,0.192,142,Low,Within baseline with monitored trend behaviour
2026-01-09 12:00:00,TC-01,84.0,20.3,0.15,144,Low,Within baseline with monitored trend behaviour
2026-01-09 16:00:00,TC-01,79.1,29.6,0.322,127,Medium,Within baseline with monitored trend behaviour
2026-01-09 20:00:00,TC-01,86.6,20.1,0.154,152,Low,Within baseline with monitored trend behaviour
2026-01-10 00:00:00,TC-01,82.9,25.1,0.228,139,Medium,Within baseline with monitored trend behaviour
2026-01-10 04:00:00,TC-01,90.4,10.2,0.077,165,Low,Within baseline with monitored trend behaviour
2026-01-10 08:00:00,TC-01,85.3,16.1,0.074,154,Low,Within baseline with monitored trend behaviour
2026-01-10 12:00:00,TC-01,84.9,19.3,0.137,145,Low,Within baseline with monitored trend behaviour
2026-01-10 16:00:00,TC-01,81.0,22.4,0.212,139,Low,Within baseline with monitored trend behaviour
2026-01-10 20:00:00,TC-01,78.1,29.6,0.259,135,Medium,Within baseline with monitored trend behaviour
2026-01-11 00:00:00,TC-01,87.9,17.8,0.177,153,Low,Within baseline with monitored trend behaviour
2026-01-11 04:00:00,TC-01,81.7,24.4,0.277,141,Low,Within baseline with monitored trend behaviour
2026-01-11 08:00:00,TC-01,82.7,21.2,0.136,150,Low,Within baseline with monitored trend behaviour
2026-01-11 12:00:00,TC-01,86.4,16.7,0.101,156,Low,Within baseline with monitored trend behaviour
2026-01-11 16:00:00,TC-01,81.0,25.6,0.167,136,Medium,Within baseline with monitored trend behaviour
2026-01-11 20:00:00,TC-01,89.7,18.2,0.155,147,Low,Within baseline with monitored trend behaviour
2026-01-12 00:00:00,TC-01,89.8,12.8,0.087,155,Low,Within baseline with monitored trend behaviour
2026-01-12 04:00:00,TC-01,80.5,25.5,0.239,135,Medium,utilisation_pct trending high
2026-01-12 08:00:00,TC-01,89.2,17.8,0.122,146,Low,Within baseline with monitored trend behaviour
2026-01-12 12:00:00,TC-01,92.7,10.9,0.07,163,Low,Within baseline with monitored trend behaviour
2026-01-12 16:00:00,TC-01,93.4,12.1,0.013,152,Low,Within baseline with monitored trend behaviour
2026-01-12 20:00:00,TC-01,93.5,10.2,0.08,164,Low,Within baseline with monitored trend behaviour
2026-01-13 00:00:00,TC-01,89.9,14.9,0.05,152,Low,Within baseline with monitored trend behaviour
2026-01-13 04:00:00,TC-01,87.1,15.7,0.073,161,Low,Within baseline with monitored trend behaviour
2026-01-13 08:00:00,TC-01,90.9,11.1,0.033,157,Low,Within baseline with monitored trend behaviour
2026-01-13 12:00:00,TC-01,93.7,8.7,0.003,163,Low,Within baseline with monitored trend behaviour
2026-01-13 16:00:00,TC-01,95.9,5.4,0.0,172,Low,Within baseline with monitored trend behaviour
2026-01-13 20:00:00,TC-01,95.7,6.5,0.0,172,Low,Within baseline with monitored trend behaviour
2026-01-14 00:00:00,TC-01,91.0,9.9,0.009,163,Low,Within baseline with monitored trend behaviour
2026-01-14 04:00:00,TC-01,92.9,10.9,0.0,165,Low,Within baseline with monitored trend behaviour
2026-01-14 08:00:00,TC-01,91.1,10.0,0.0,169,Low,Within baseline with monitored trend behaviour
2026-01-14 12:00:00,TC-01,90.5,12.5,0.026,163,Low,Within baseline with monitored trend behaviour
2026-01-14 16:00:00,TC-01,94.2,7.9,0.002,161,Low,Within baseline with monitored trend behaviour
2026-01-14 20:00:00,TC-01,94.3,8.3,0.03,163,Low,Within baseline with monitored trend behaviour
2026-01-15 00:00:00,TC-01,96.4,5.7,0.009,170,Low,Within baseline with monitored trend behaviour
2026-01-15 04:00:00,TC-01,94.2,8.6,0.0,165,Low,Within baseline with monitored trend behaviour
2026-01-15 08:00:00,TC-01,87.0,18.8,0.134,150,Low,Within baseline with monitored trend behaviour
2026-01-15 12:00:00,TC-01,92.3,8.1,0.016,166,Low,Within baseline with monitored trend behaviour
2026-01-15 16:00:00,TC-01,88.7,16.7,0.107,156,Low,Within baseline with monitored trend behaviour
2026-01-15 20:00:00,TC-01,91.8,11.1,0.041,162,Low,Within baseline with monitored trend behaviour
2026-01-16 00:00:00,TC-01,86.3,19.1,0.169,147,Low,Within baseline with monitored trend behaviour
2026-01-16 04:00:00,TC-01,86.6,17.7,0.101,150,Low,Within baseline with monitored trend behaviour
2026-01-16 08:00:00,TC-01,67.1,40.5,0.42,112,Medium,utilisation_pct trending high
2026-01-16 12:00:00,TC-01,83.5,21.0,0.167,144,Low,Within baseline with monitored trend behaviour
2026-01-16 16:00:00,TC-01,78.2,32.3,0.277,119,Medium,Within baseline with monitored trend behaviour
2026-01-16 20:00:00,TC-01,86.0,20.6,0.142,145,Low,Within baseline with monitored trend behaviour
2026-01-17 00:00:00,TC-01,94.2,9.7,0.082,160,Low,Within baseline with monitored trend behaviour
2026-01-17 04:00:00,TC-01,87.2,15.8,0.095,149,Low,Within baseline with monitored trend behaviour
2026-01-17 08:00:00,TC-01,83.6,26.1,0.208,135,Medium,Within baseline with monitored trend behaviour
2026-01-17 12:00:00,TC-01,82.3,23.7,0.163,138,Low,Within baseline with monitored trend behaviour
2026-01-17 16:00:00,TC-01,85.3,21.5,0.209,143,Low,Within baseline with monitored trend behaviour
2026-01-17 20:00:00,TC-01,84.0,21.4,0.176,140,Low,Within baseline with monitored trend behaviour
2026-01-18 00:00:00,TC-01,82.0,24.8,0.2,141,Low,Within baseline with monitored trend behaviour
2026-01-18 04:00:00,TC-01,80.2,27.9,0.28,142,Medium,Within baseline with monitored trend behaviour
2026-01-18 08:00:00,TC-01,83.7,21.6,0.193,141,Low,Within baseline with monitored trend behaviour
2026-01-18 12:00:00,TC-01,88.8,19.0,0.168,138,Low,Within baseline with monitored trend behaviour
2026-01-18 16:00:00,TC-01,81.1,27.3,0.279,131,Medium,Within baseline with monitored trend behaviour
2026-01-18 20:00:00,TC-01,86.0,19.4,0.146,149,Low,Within baseline with monitored trend behaviour
2026-01-19 00:00:00,TC-01,85.9,18.7,0.135,148,Low,Within baseline with monitored trend behaviour
2026-01-19 04:00:00,TC-01,84.7,24.8,0.22,136,Low,Within baseline with monitored trend behaviour
2026-01-19 08:00:00,TC-01,74.7,37.1,0.358,114,Medium,utilisation_pct trending high
2026-01-19 12:00:00,TC-01,92.4,14.5,0.112,151,Low,Within baseline with monitored trend behaviour
2026-01-19 16:00:00,TC-01,83.5,22.5,0.186,141,Low,Within baseline with monitored trend behaviour
2026-01-19 20:00:00,TC-01,90.7,13.1,0.075,153,Low,Within baseline with monitored trend behaviour
2026-01-20 00:00:00,TC-01,89.4,10.6,0.039,159,Low,Within baseline with monitored trend behaviour
2026-01-20 04:00:00,TC-01,91.5,13.8,0.066,160,Low,Within baseline with monitored trend behaviour
2026-01-20 08:00:00,TC-01,94.8,9.0,0.023,158,Low,Within baseline with monitored trend behaviour
2026-01-20 12:00:00,TC-01,97.4,7.0,0.0,166,Low,Within baseline with monitored trend behaviour
2026-01-20 16:00:00,TC-01,91.8,11.0,0.033,167,Low,Within baseline with monitored trend behaviour
2026-01-20 20:00:00,TC-01,95.7,9.1,0.0,160,Low,Within baseline with monitored trend behaviour
2026-01-21 00:00:00,TC-01,94.5,6.1,0.0,169,Low,Within baseline with monitored trend behaviour
2026-01-21 04:00:00,TC-01,92.2,12.3,0.013,161,Low,Within baseline with monitored trend behaviour
2026-01-21 08:00:00,TC-01,90.9,9.9,0.02,169,Low,Within baseline with monitored trend behaviour
2026-01-21 12:00:00,TC-01,94.1,9.3,0.0,165,Low,Within baseline with monitored trend behaviour
2026-01-21 16:00:00,TC-01,96.0,4.6,0.0,171,Low,Within baseline with monitored trend behaviour
2026-01-21 20:00:00,TC-01,92.5,10.3,0.033,165,Low,Within baseline with monitored trend behaviour
2026-01-22 00:00:00,TC-01,96.1,10.3,0.027,160,Low,Within baseline with monitored trend behaviour
2026-01-22 04:00:00,TC-01,92.9,10.8,0.015,157,Low,Within baseline with monitored trend behaviour
2026-01-22 08:00:00,TC-01,89.7,14.3,0.108,161,Low,Within baseline with monitored trend behaviour
2026-01-22 12:00:00,TC-01,92.1,12.1,0.062,156,Low,Within baseline with monitored trend behaviour
2026-01-22 16:00:00,TC-01,94.1,10.5,0.027,160,Low,Within baseline with monitored trend behaviour
2026-01-22 20:00:00,TC-01,94.2,11.4,0.06,156,Low,Within baseline with monitored trend behaviour
2026-01-23 00:00:00,TC-01,85.5,17.1,0.099,155,Low,Within baseline with monitored trend behaviour
2026-01-23 04:00:00,TC-01,89.3,14.8,0.02,149,Low,Within baseline with monitored trend behaviour
2026-01-23 08:00:00,TC-01,90.6,13.2,0.048,164,Low,Within baseline with monitored trend behaviour
2026-01-23 12:00:00,TC-01,85.4,17.5,0.138,150,Low,Within baseline with monitored trend behaviour
2026-01-23 16:00:00,TC-01,88.2,14.8,0.072,157,Low,Within baseline with monitored trend behaviour
2026-01-23 20:00:00,TC-01,89.3,14.2,0.079,156,Low,Within baseline with monitored trend behaviour
2026-01-24 00:00:00,TC-01,83.6,21.3,0.178,136,Low,Within baseline with monitored trend behaviour
2026-01-24 04:00:00,TC-01,91.1,17.6,0.138,149,Low,Within baseline with monitored trend behaviour
2026-01-24 08:00:00,TC-01,92.6,13.0,0.09,155,Low,Within baseline with monitored trend behaviour
2026-01-24 12:00:00,TC-01,83.6,23.3,0.189,145,Low,Within baseline with monitored trend behaviour
2026-01-24 16:00:00,TC-01,84.6,24.4,0.244,141,Low,Within baseline with monitored trend behaviour
2026-01-24 20:00:00,TC-01,82.8,22.1,0.178,140,Low,Within baseline with monitored trend behaviour
2026-01-25 00:00:00,TC-01,85.5,23.9,0.202,144,Low,Within baseline with monitored trend behaviour
2026-01-25 04:00:00,TC-01,85.5,24.3,0.219,142,Low,Within baseline with monitored trend behaviour
2026-01-25 08:00:00,TC-01,82.0,24.4,0.198,135,Low,Within baseline with monitored trend behaviour
2026-01-25 12:00:00,TC-01,76.7,33.2,0.31,122,Medium,Within baseline with monitored trend behaviour
2026-01-25 16:00:00,TC-01,81.8,25.7,0.198,137,Medium,Within baseline with monitored trend behaviour
2026-01-25 20:00:00,TC-01,76.1,34.9,0.318,115,Medium,Within baseline with monitored trend behaviour
2026-01-26 00:00:00,TC-01,78.4,30.0,0.263,127,Medium,Within baseline with monitored trend behaviour
2026-01-26 04:00:00,TC-01,75.4,33.6,0.326,124,Medium,Within baseline with monitored trend behaviour
2026-01-26 08:00:00,TC-01,86.8,19.7,0.151,139,Low,Within baseline with monitored trend behaviour
2026-01-26 12:00:00,TC-01,78.1,30.4,0.283,137,Medium,Within baseline with monitored trend behaviour
2026-01-26 16:00:00,TC-01,84.3,23.8,0.252,140,Low,Within baseline with monitored trend behaviour
2026-01-26 20:00:00,TC-01,82.2,23.8,0.183,140,Low,Within baseline with monitored trend behaviour
2026-01-27 00:00:00,TC-01,86.1,26.6,0.235,133,Medium,Within baseline with monitored trend behaviour
2026-01-27 04:00:00,TC-01,94.2,12.3,0.075,158,Low,Within baseline with monitored trend behaviour
2026-01-27 08:00:00,TC-01,92.6,12.6,0.045,156,Low,Within baseline with monitored trend behaviour
2026-01-27 12:00:00,TC-01,92.9,10.1,0.038,156,Low,Within baseline with monitored trend behaviour
2026-01-27 16:00:00,TC-01,90.7,11.2,0.078,148,Low,Within baseline with monitored trend behaviour
2026-01-27 20:00:00,TC-01,92.8,9.0,0.022,163,Low,Within baseline with monitored trend behaviour
2026-01-28 00:00:00,TC-01,93.8,8.3,0.0,167,Low,Within baseline with monitored trend behaviour
2026-01-28 04:00:00,TC-01,93.1,7.2,0.001,154,Low,Within baseline with monitored trend behaviour
2026-01-28 08:00:00,TC-01,94.1,8.0,0.0,168,Low,Within baseline with monitored trend behaviour
2026-01-28 12:00:00,TC-01,96.0,7.1,0.01,154,Low,Within baseline with monitored trend behaviour
2026-01-28 16:00:00,TC-01,96.7,5.4,0.0,169,Low,Within baseline with monitored trend behaviour
2026-01-28 20:00:00,TC-01,93.3,7.6,0.038,163,Low,Within baseline with monitored trend behaviour
2026-01-29 00:00:00,TC-01,89.6,15.5,0.099,154,Low,Within baseline with monitored trend behaviour
2026-01-29 04:00:00,TC-01,94.5,8.5,0.04,159,Low,Within baseline with monitored trend behaviour
2026-01-29 08:00:00,TC-01,93.1,8.7,0.0,166,Low,Within baseline with monitored trend behaviour
2026-01-29 12:00:00,TC-01,87.1,15.9,0.086,143,Low,Within baseline with monitored trend behaviour
2026-01-29 16:00:00,TC-01,91.5,10.4,0.0,156,Low,Within baseline with monitored trend behaviour
2026-01-29 20:00:00,TC-01,81.0,24.2,0.189,138,Low,utilisation_pct trending high
2026-01-30 00:00:00,TC-01,87.0,17.8,0.125,152,Low,Within baseline with monitored trend behaviour
2026-01-30 04:00:00,TC-01,85.4,22.3,0.172,139,Low,Within baseline with monitored trend behaviour
2026-01-30 08:00:00,TC-01,94.0,10.5,0.051,156,Low,Within baseline with monitored trend behaviour
2026-01-30 12:00:00,TC-01,90.2,14.5,0.081,149,Low,Within baseline with monitored trend behaviour
2026-01-30 16:00:00,TC-01,89.2,14.4,0.102,155,Low,Within baseline with monitored trend behaviour
2026-01-30 20:00:00,TC-01,89.8,11.4,0.034,165,Low,Within baseline with monitored trend behaviour
2026-01-31 00:00:00,TC-01,93.0,8.9,0.001,160,Low,Within baseline with monitored trend behaviour
2026-01-31 04:00:00,TC-01,89.9,13.3,0.074,158,Low,Within baseline with monitored trend behaviour
2026-01-31 08:00:00,TC-01,85.2,19.5,0.087,142,Low,Within baseline with monitored trend behaviour
2026-01-31 12:00:00,TC-01,89.9,11.2,0.043,159,Low,Within baseline with monitored trend behaviour
2026-01-31 16:00:00,TC-01,87.9,17.1,0.112,140,Low,Within baseline with monitored trend behaviour
2026-01-31 20:00:00,TC-01,90.0,13.2,0.124,157,Low,Within baseline with monitored trend behaviour
2026-02-01 00:00:00,TC-01,91.8,13.2,0.112,153,Low,Within baseline with monitored trend behaviour
2026-02-01 04:00:00,TC-01,82.8,24.0,0.227,132,Low,Within baseline with monitored trend behaviour
2026-02-01 08:00:00,TC-01,90.9,15.1,0.157,151,Low,Within baseline with monitored trend behaviour
2026-02-01 12:00:00,TC-01,83.2,22.1,0.199,137,Low,Within baseline with monitored trend behaviour
2026-02-01 16:00:00,TC-01,77.3,31.3,0.308,128,Medium,Within baseline with monitored trend behaviour
2026-02-01 20:00:00,TC-01,80.8,24.5,0.229,134,Low,Within baseline with monitored trend behaviour
2026-02-02 00:00:00,TC-01,72.8,38.0,0.322,117,Medium,Within baseline with monitored trend behaviour
2026-02-02 04:00:00,TC-01,87.3,21.2,0.176,145,Low,Within baseline with monitored trend behaviour
2026-02-02 08:00:00,TC-01,76.2,33.3,0.351,121,Medium,utilisation_pct trending high
2026-02-02 12:00:00,TC-01,87.0,20.2,0.145,138,Low,Within baseline with monitored trend behaviour
2026-02-02 16:00:00,TC-01,84.9,19.3,0.135,150,Low,Within baseline with monitored trend behaviour
2026-02-02 20:00:00,TC-01,77.3,27.3,0.223,127,Medium,Within baseline with monitored trend behaviour
2026-02-03 00:00:00,TC-01,81.9,25.0,0.253,136,Medium,Within baseline with monitored trend behaviour
2026-02-03 04:00:00,TC-01,80.5,26.6,0.218,132,Medium,Within baseline with monitored trend behaviour
2026-02-03 08:00:00,TC-01,91.6,18.2,0.123,140,Low,Within baseline with monitored trend behaviour
2026-02-03 12:00:00,TC-01,88.1,15.4,0.143,147,Low,Within baseline with monitored trend behaviour
2026-02-03 16:00:00,TC-01,93.9,8.5,0.025,156,Low,Within baseline with monitored trend behaviour
2026-02-03 20:00:00,TC-01,92.5,9.8,0.039,158,Low,Within baseline with monitored trend behaviour
2026-02-04 00:00:00,TC-01,91.8,11.0,0.043,154,Low,Within baseline with monitored trend behaviour
2026-02-04 04:00:00,TC-01,91.7,11.6,0.052,160,Low,Within baseline with monitored trend behaviour
2026-02-04 08:00:00,TC-01,94.6,7.6,0.033,163,Low,Within baseline with monitored trend behaviour
2026-02-04 12:00:00,TC-01,94.3,8.4,0.0,156,Low,Within baseline with monitored trend behaviour
2026-02-04 16:00:00,TC-01,93.4,9.3,0.013,161,Low,Within baseline with monitored trend behaviour
2026-02-04 20:00:00,TC-01,93.2,8.3,0.008,165,Low,Within baseline with monitored trend behaviour
2026-02-05 00:00:00,TC-01,92.3,7.8,0.028,157,Low,Within baseline with monitored trend behaviour
2026-02-05 04:00:00,TC-01,92.4,9.1,0.005,159,Low,Within baseline with monitored trend behaviour
2026-02-05 08:00:00,TC-01,85.9,17.1,0.081,140,Low,Within baseline with monitored trend behaviour
2026-02-05 12:00:00,TC-01,90.7,11.1,0.019,152,Low,Within baseline with monitored trend behaviour
2026-02-05 16:00:00,TC-01,93.5,8.6,0.01,157,Low,Within baseline with monitored trend behaviour
2026-02-05 20:00:00,TC-01,81.0,24.8,0.201,132,Low,utilisation_pct trending high
2026-02-06 00:00:00,TC-01,87.9,11.7,0.096,156,Low,Within baseline with monitored trend behaviour
2026-02-06 04:00:00,TC-01,94.0,8.0,0.034,169,Low,Within baseline with monitored trend behaviour
2026-02-06 08:00:00,TC-01,89.6,14.5,0.071,153,Low,Within baseline with monitored trend behaviour
2026-02-06 12:00:00,TC-01,86.1,15.4,0.04,149,Low,Within baseline with monitored trend behaviour
2026-02-06 16:00:00,TC-01,92.1,11.6,0.009,160,Low,Within baseline with monitored trend behaviour
2026-02-06 20:00:00,TC-01,90.1,11.1,0.056,164,Low,Within baseline with monitored trend behaviour
2026-02-07 00:00:00,TC-01,93.1,11.3,0.041,159,Low,Within baseline with monitored trend behaviour
2026-02-07 04:00:00,TC-01,92.0,11.7,0.014,157,Low,Within baseline with monitored trend behaviour
2026-02-07 08:00:00,TC-01,91.2,10.9,0.025,161,Low,Within baseline with monitored trend behaviour
2026-02-07 12:00:00,TC-01,93.7,11.1,0.054,159,Low,Within baseline with monitored trend behaviour
2026-02-07 16:00:00,TC-01,97.2,5.6,0.026,165,Low,Within baseline with monitored trend behaviour
2026-02-07 20:00:00,TC-01,86.4,22.6,0.153,139,Low,Within baseline with monitored trend behaviour
2026-02-08 00:00:00,TC-01,87.3,15.0,0.081,149,Low,Within baseline with monitored trend behaviour
2026-02-08 04:00:00,TC-01,87.6,17.3,0.077,150,Low,Within baseline with monitored trend behaviour
2026-02-08 08:00:00,TC-01,86.1,19.0,0.142,146,Low,Within baseline with monitored trend behaviour
2026-02-08 12:00:00,TC-01,90.8,13.6,0.147,143,Low,Within baseline with monitored trend behaviour
2026-02-08 16:00:00,TC-01,84.9,19.2,0.146,139,Low,Within baseline with monitored trend behaviour
2026-02-08 20:00:00,TC-01,82.5,26.7,0.202,130,Medium,Within baseline with monitored trend behaviour
2026-02-09 00:00:00,TC-01,72.2,40.7,0.358,109,Medium,Within baseline with monitored trend behaviour
2026-02-09 04:00:00,TC-01,86.9,18.0,0.176,143,Low,Within baseline with monitored trend behaviour
2026-02-09 08:00:00,TC-01,80.1,28.5,0.275,126,Medium,Within baseline with monitored trend behaviour
2026-02-09 12:00:00,TC-01,69.1,41.8,0.399,104,Medium,utilisation_pct trending high
2026-02-09 16:00:00,TC-01,69.8,41.8,0.417,111,Medium,utilisation_pct trending high
2026-02-09 20:00:00,TC-01,79.0,26.3,0.23,133,Medium,Within baseline with monitored trend behaviour
2026-02-10 00:00:00,TC-01,84.2,22.2,0.206,136,Low,Within baseline with monitored trend behaviour
2026-02-10 04:00:00,TC-01,81.7,25.5,0.23,136,Medium,Within baseline with monitored trend behaviour
2026-02-10 08:00:00,TC-01,86.0,13.6,0.086,148,Low,Within baseline with monitored trend behaviour
2026-02-10 12:00:00,TC-01,91.6,14.2,0.076,152,Low,Within baseline with monitored trend behaviour
2026-02-10 16:00:00,TC-01,89.1,15.5,0.07,150,Low,Within baseline with monitored trend behaviour
2026-02-10 20:00:00,TC-01,91.7,13.7,0.079,158,Low,Within baseline with monitored trend behaviour
2026-02-11 00:00:00,TC-01,94.5,8.0,0.025,155,Low,Within baseline with monitored trend behaviour
2026-02-11 04:00:00,TC-01,87.5,17.7,0.081,145,Low,Within baseline with monitored trend behaviour
2026-02-11 08:00:00,TC-01,89.6,13.9,0.105,151,Low,Within baseline with monitored trend behaviour
2026-02-11 12:00:00,TC-01,92.8,10.3,0.056,153,Low,Within baseline with monitored trend behaviour
2026-02-11 16:00:00,TC-01,90.8,10.7,0.023,157,Low,Within baseline with monitored trend behaviour
2026-02-11 20:00:00,TC-01,88.7,16.3,0.111,148,Low,Within baseline with monitored trend behaviour
2026-02-12 00:00:00,TC-01,91.2,10.7,0.032,158,Low,Within baseline with monitored trend behaviour
2026-02-12 04:00:00,TC-01,93.1,10.9,0.03,155,Low,Within baseline with monitored trend behaviour
2026-02-12 08:00:00,TC-01,89.2,12.9,0.067,150,Low,Within baseline with monitored trend behaviour
2026-02-12 12:00:00,TC-01,92.2,12.8,0.074,148,Low,Within baseline with monitored trend behaviour
2026-02-12 16:00:00,TC-01,92.3,10.5,0.066,153,Low,Within baseline with monitored trend behaviour
2026-02-12 20:00:00,TC-01,85.5,19.2,0.154,140,Low,Within baseline with monitored trend behaviour
2026-02-13 00:00:00,TC-01,89.5,12.6,0.079,151,Low,Within baseline with monitored trend behaviour
2026-02-13 04:00:00,TC-01,92.1,12.3,0.092,150,Low,Within baseline with monitored trend behaviour
2026-02-13 08:00:00,TC-01,92.1,9.6,0.009,162,Low,Within baseline with monitored trend behaviour
2026-02-13 12:00:00,TC-01,87.7,14.8,0.086,159,Low,Within baseline with monitored trend behaviour
2026-02-13 16:00:00,TC-01,94.0,7.2,0.0,159,Low,Within baseline with monitored trend behaviour
2026-02-13 20:00:00,TC-01,89.5,11.6,0.036,155,Low,Within baseline with monitored trend behaviour
2026-02-14 00:00:00,TC-01,95.5,6.1,0.019,167,Low,Within baseline with monitored trend behaviour
2026-02-14 04:00:00,TC-01,94.6,9.4,0.032,151,Low,Within baseline with monitored trend behaviour
2026-02-14 08:00:00,TC-01,92.0,8.6,0.024,166,Low,Within baseline with monitored trend behaviour
2026-02-14 12:00:00,TC-01,92.3,9.4,0.028,157,Low,Within baseline with monitored trend behaviour
2026-02-14 16:00:00,TC-01,91.9,10.5,0.031,151,Low,Within baseline with monitored trend behaviour
2026-02-14 20:00:00,TC-01,84.6,23.7,0.166,137,Low,Within baseline with monitored trend behaviour
2026-02-15 00:00:00,TC-01,90.1,14.2,0.072,148,Low,Within baseline with monitored trend behaviour
2026-02-15 04:00:00,TC-01,94.3,11.3,0.057,157,Low,Within baseline with monitored trend behaviour
2026-02-15 08:00:00,TC-01,90.1,12.9,0.097,154,Low,Within baseline with monitored trend behaviour
2026-02-15 12:00:00,TC-01,84.8,22.3,0.174,131,Low,Within baseline with monitored trend behaviour
2026-02-15 16:00:00,TC-01,86.5,21.0,0.159,133,Low,Within baseline with monitored trend behaviour
2026-02-15 20:00:00,TC-01,85.1,21.3,0.126,139,Low,Within baseline with monitored trend behaviour
2026-02-16 00:00:00,TC-01,77.2,30.3,0.311,123,Medium,Within baseline with monitored trend behaviour
2026-02-16 04:00:00,TC-01,72.5,37.5,0.414,110,Medium,utilisation_pct trending high
2026-02-16 08:00:00,TC-01,76.7,26.0,0.214,130,Medium,Within baseline with monitored trend behaviour
2026-02-16 12:00:00,TC-01,73.7,36.5,0.39,125,Medium,utilisation_pct trending high
2026-02-16 16:00:00,TC-01,71.7,38.2,0.345,112,Medium,utilisation_pct trending high
2026-02-16 20:00:00,TC-01,69.8,41.7,0.453,110,Medium,utilisation_pct above upper limit
2026-02-17 00:00:00,TC-01,89.3,18.2,0.164,147,Low,Within baseline with monitored trend behaviour
2026-02-17 04:00:00,TC-01,81.1,27.1,0.222,126,Medium,Within baseline with monitored trend behaviour
2026-02-17 08:00:00,TC-01,86.4,18.3,0.106,137,Low,Within baseline with monitored trend behaviour
2026-02-17 12:00:00,TC-01,85.2,18.1,0.127,141,Low,Within baseline with monitored trend behaviour
2026-02-17 16:00:00,TC-01,80.7,26.5,0.219,130,Medium,Within baseline with monitored trend behaviour
2026-02-17 20:00:00,TC-01,80.5,22.4,0.154,141,Low,Within baseline with monitored trend behaviour
2026-02-18 00:00:00,TC-01,89.4,14.6,0.08,149,Low,Within baseline with monitored trend behaviour
2026-02-18 04:00:00,TC-01,89.7,16.4,0.091,145,Low,Within baseline with monitored trend behaviour
2026-02-18 08:00:00,TC-01,92.1,12.2,0.058,144,Low,Within baseline with monitored trend behaviour
2026-02-18 12:00:00,TC-01,91.4,13.0,0.066,149,Low,Within baseline with monitored trend behaviour
2026-02-18 16:00:00,TC-01,93.9,8.2,0.023,156,Low,Within baseline with monitored trend behaviour
2026-02-18 20:00:00,TC-01,86.9,17.2,0.125,151,Low,Within baseline with monitored trend behaviour
2026-02-19 00:00:00,TC-01,95.6,7.9,0.028,157,Low,Within baseline with monitored trend behaviour
2026-02-19 04:00:00,TC-01,92.3,12.0,0.043,159,Low,Within baseline with monitored trend behaviour
2026-02-19 08:00:00,TC-01,86.5,17.9,0.116,144,Low,Within baseline with monitored trend behaviour
2026-02-19 12:00:00,TC-01,90.2,14.0,0.027,144,Low,Within baseline with monitored trend behaviour
2026-02-19 16:00:00,TC-01,85.8,18.9,0.15,145,Low,Within baseline with monitored trend behaviour
2026-02-19 20:00:00,TC-01,88.8,14.5,0.114,150,Low,Within baseline with monitored trend behaviour
2026-02-20 00:00:00,TC-01,85.6,20.2,0.164,140,Low,Within baseline with monitored trend behaviour
2026-02-20 04:00:00,TC-01,89.7,12.4,0.05,155,Low,Within baseline with monitored trend behaviour
2026-02-20 08:00:00,TC-01,88.1,16.5,0.123,141,Low,Within baseline with monitored trend behaviour
2026-02-20 12:00:00,TC-01,87.5,17.7,0.123,144,Low,Within baseline with monitored trend behaviour
2026-02-20 16:00:00,TC-01,97.1,6.4,0.0,163,Low,Within baseline with monitored trend behaviour
2026-02-20 20:00:00,TC-01,91.6,11.4,0.047,150,Low,Within baseline with monitored trend behaviour
2026-02-21 00:00:00,TC-01,97.3,6.8,0.0,159,Low,Within baseline with monitored trend behaviour
2026-02-21 04:00:00,TC-01,88.5,13.5,0.0,151,Low,Within baseline with monitored trend behaviour
2026-02-21 08:00:00,TC-01,94.0,8.5,0.0,151,Low,Within baseline with monitored trend behaviour
2026-02-21 12:00:00,TC-01,96.2,5.7,0.005,158,Low,Within baseline with monitored trend behaviour
2026-02-21 16:00:00,TC-01,90.7,12.4,0.025,153,Low,Within baseline with monitored trend behaviour
2026-02-21 20:00:00,TC-01,92.4,10.4,0.031,161,Low,Within baseline with monitored trend behaviour
2026-02-22 00:00:00,TC-01,91.3,12.4,0.029,154,Low,Within baseline with monitored trend behaviour
2026-02-22 04:00:00,TC-01,89.0,14.1,0.048,143,Low,Within baseline with monitored trend behaviour
2026-02-22 08:00:00,TC-01,93.6,11.4,0.03,146,Low,Within baseline with monitored trend behaviour
2026-02-22 12:00:00,TC-01,91.5,11.3,0.058,149,Low,Within baseline with monitored trend behaviour
2026-02-22 16:00:00,TC-01,85.4,17.9,0.131,142,Low,Within baseline with monitored trend behaviour
2026-02-22 20:00:00,TC-01,73.4,32.7,0.298,116,Medium,utilisation_pct trending high
2026-02-23 00:00:00,TC-01,68.3,42.3,0.404,95,Medium,utilisation_pct trending high
2026-02-23 04:00:00,TC-01,74.6,35.1,0.344,117,Medium,utilisation_pct trending high
2026-02-23 08:00:00,TC-01,76.6,35.2,0.347,113,Medium,utilisation_pct trending high
2026-02-23 12:00:00,TC-01,73.5,35.9,0.361,118,Medium,Within baseline with monitored trend behaviour
2026-02-23 16:00:00,TC-01,85.4,21.0,0.147,147,Low,Within baseline with monitored trend behaviour
2026-02-23 20:00:00,TC-01,87.0,20.6,0.147,135,Low,Within baseline with monitored trend behaviour
2026-02-24 00:00:00,TC-01,80.3,31.4,0.318,116,Medium,Within baseline with monitored trend behaviour
2026-02-24 04:00:00,TC-01,79.2,31.5,0.282,126,Medium,Within baseline with monitored trend behaviour
2026-02-24 08:00:00,TC-01,84.6,20.6,0.202,141,Low,Within baseline with monitored trend behaviour
2026-02-24 12:00:00,TC-01,83.1,23.5,0.179,131,Low,Within baseline with monitored trend behaviour
2026-02-24 16:00:00,TC-01,80.5,25.8,0.236,125,Medium,Within baseline with monitored trend behaviour
2026-02-24 20:00:00,TC-01,90.8,16.6,0.118,144,Low,Within baseline with monitored trend behaviour
2026-02-25 00:00:00,TC-01,91.4,11.2,0.08,160,Low,Within baseline with monitored trend behaviour
2026-02-25 04:00:00,TC-01,88.0,16.6,0.151,147,Low,Within baseline with monitored trend behaviour
2026-02-25 08:00:00,TC-01,90.7,13.3,0.097,146,Low,Within baseline with monitored trend behaviour
2026-02-25 12:00:00,TC-01,86.9,19.5,0.178,147,Low,Within baseline with monitored trend behaviour
2026-02-25 16:00:00,TC-01,86.0,20.7,0.173,140,Low,Within baseline with monitored trend behaviour
2026-02-25 20:00:00,TC-01,87.0,16.6,0.106,140,Low,Within baseline with monitored trend behaviour
2026-02-26 00:00:00,TC-01,87.5,17.0,0.136,142,Low,Within baseline with monitored trend behaviour
2026-02-26 04:00:00,TC-01,87.0,17.7,0.154,140,Low,Within baseline with monitored trend behaviour
2026-02-26 08:00:00,TC-01,85.4,19.5,0.133,143,Low,Within baseline with monitored trend behaviour
2026-02-26 12:00:00,TC-01,86.2,18.1,0.123,141,Low,Within baseline with monitored trend behaviour
2026-02-26 16:00:00,TC-01,82.4,24.8,0.219,133,Low,Within baseline with monitored trend behaviour
2026-02-26 20:00:00,TC-01,87.3,17.2,0.129,144,Low,Within baseline with monitored trend behaviour
2026-02-27 00:00:00,TC-01,89.8,15.4,0.171,142,Low,Within baseline with monitored trend behaviour
2026-02-27 04:00:00,TC-01,84.9,19.5,0.155,143,Low,Within baseline with monitored trend behaviour
2026-02-27 08:00:00,TC-01,91.4,11.8,0.022,151,Low,Within baseline with monitored trend behaviour
2026-02-27 12:00:00,TC-01,89.3,14.8,0.088,151,Low,Within baseline with monitored trend behaviour
2026-02-27 16:00:00,TC-01,87.8,16.6,0.032,147,Low,Within baseline with monitored trend behaviour
2026-02-27 20:00:00,TC-01,93.1,8.0,0.021,153,Low,Within baseline with monitored trend behaviour
2026-02-28 00:00:00,TC-01,93.4,10.7,0.0,152,Low,Within baseline with monitored trend behaviour
2026-02-28 04:00:00,TC-01,91.0,14.0,0.072,153,Low,Within baseline with monitored trend behaviour
2026-02-28 08:00:00,TC-01,93.2,9.7,0.011,160,Low,Within baseline with monitored trend behaviour
2026-02-28 12:00:00,TC-01,92.9,5.8,0.0,166,Low,Within baseline with monitored trend behaviour
2026-02-28 16:00:00,TC-01,96.9,7.1,0.0,166,Low,Within baseline with monitored trend behaviour
2026-02-28 20:00:00,TC-01,87.1,11.7,0.0,155,Low,Within baseline with monitored trend behaviour
2026-03-01 00:00:00,TC-01,93.9,7.1,0.001,160,Low,Within baseline with monitored trend behaviour
2026-03-01 04:00:00,TC-01,95.0,8.5,0.022,162,Low,Within baseline with monitored trend behaviour
2026-03-01 08:00:00,TC-01,91.6,12.4,0.061,149,Low,Within baseline with monitored trend behaviour
2026-03-01 12:00:00,TC-01,93.7,11.8,0.036,153,Low,Within baseline with monitored trend behaviour
2026-03-01 16:00:00,TC-01,90.8,15.5,0.099,144,Low,Within baseline with monitored trend behaviour
2026-03-01 20:00:00,TC-01,90.7,11.6,0.056,145,Low,Within baseline with monitored trend behaviour
2026-03-02 00:00:00,TC-01,89.6,14.6,0.106,148,Low,Within baseline with monitored trend behaviour
2026-03-02 04:00:00,TC-01,89.2,14.0,0.101,140,Low,Within baseline with monitored trend behaviour
2026-03-02 08:00:00,TC-01,83.2,26.4,0.18,126,Medium,Within baseline with monitored trend behaviour
2026-03-02 12:00:00,TC-01,83.3,21.4,0.168,140,Low,Within baseline with monitored trend behaviour
2026-03-02 16:00:00,TC-01,80.1,24.9,0.2,127,Low,Within baseline with monitored trend behaviour
2026-03-02 20:00:00,TC-01,88.8,18.5,0.136,139,Low,Within baseline with monitored trend behaviour
2026-03-03 00:00:00,TC-01,80.0,28.5,0.229,122,Medium,Within baseline with monitored trend behaviour
2026-03-03 04:00:00,TC-01,82.2,26.0,0.242,132,Medium,Within baseline with monitored trend behaviour
2026-03-03 08:00:00,TC-01,85.4,20.7,0.139,139,Low,Within baseline with monitored trend behaviour
2026-03-03 12:00:00,TC-01,87.1,22.9,0.133,134,Low,Within baseline with monitored trend behaviour
2026-03-03 16:00:00,TC-01,86.2,19.4,0.191,140,Low,Within baseline with monitored trend behaviour
2026-03-03 20:00:00,TC-01,85.7,20.1,0.188,134,Low,Within baseline with monitored trend behaviour
2026-03-04 00:00:00,TC-01,81.2,27.4,0.239,129,Medium,Within baseline with monitored trend behaviour
2026-03-04 04:00:00,TC-01,81.0,27.4,0.223,130,Medium,Within baseline with monitored trend behaviour
2026-03-04 08:00:00,TC-01,79.4,27.8,0.22,126,Medium,Within baseline with monitored trend behaviour
2026-03-04 12:00:00,TC-01,84.6,19.8,0.161,137,Low,Within baseline with monitored trend behaviour
2026-03-04 16:00:00,TC-01,84.7,22.8,0.168,127,Low,Within baseline with monitored trend behaviour
2026-03-04 20:00:00,TC-01,87.3,19.4,0.102,140,Low,Within baseline with monitored trend behaviour
2026-03-05 00:00:00,TC-01,88.4,13.6,0.107,154,Low,Within baseline with monitored trend behaviour
2026-03-05 04:00:00,TC-01,81.6,27.9,0.229,125,Medium,Within baseline with monitored trend behaviour
2026-03-05 08:00:00,TC-01,79.4,25.8,0.194,124,Medium,Within baseline with monitored trend behaviour
2026-03-05 12:00:00,TC-01,82.0,23.1,0.167,133,Low,Within baseline with monitored trend behaviour
2026-03-05 16:00:00,TC-01,87.2,11.8,0.094,146,Low,Within baseline with monitored trend behaviour
2026-03-05 20:00:00,TC-01,79.9,26.0,0.24,131,Medium,utilisation_pct trending high
2026-03-06 00:00:00,TC-01,86.5,20.0,0.128,133,Low,Within baseline with monitored trend behaviour
2026-03-06 04:00:00,TC-01,87.8,14.3,0.068,154,Low,Within baseline with monitored trend behaviour
2026-03-06 08:00:00,TC-01,86.8,16.6,0.108,143,Low,Within baseline with monitored trend behaviour
2026-03-06 12:00:00,TC-01,91.1,13.8,0.07,140,Low,Within baseline with monitored trend behaviour
2026-03-06 16:00:00,TC-01,94.6,8.6,0.025,159,Low,Within baseline with monitored trend behaviour
2026-03-06 20:00:00,TC-01,91.2,15.1,0.007,143,Low,Within baseline with monitored trend behaviour
2026-03-07 00:00:00,TC-01,92.6,11.5,0.0,156,Low,Within baseline with monitored trend behaviour
2026-03-07 04:00:00,TC-01,95.7,9.0,0.001,159,Low,Within baseline with monitored trend behaviour
2026-03-07 08:00:00,TC-01,92.8,9.1,0.0,153,Low,Within baseline with monitored trend behaviour
2026-03-07 12:00:00,TC-01,95.5,6.1,0.0,164,Low,Within baseline with monitored trend behaviour
2026-03-07 16:00:00,TC-01,92.1,9.3,0.002,158,Low,Within baseline with monitored trend behaviour
2026-03-07 20:00:00,TC-01,96.0,6.3,0.008,164,Low,Within baseline with monitored trend behaviour
2026-03-08 00:00:00,TC-01,95.8,6.2,0.007,156,Low,Within baseline with monitored trend behaviour
2026-03-08 04:00:00,TC-01,94.5,12.3,0.013,152,Low,Within baseline with monitored trend behaviour
2026-03-08 08:00:00,TC-01,94.3,10.8,0.014,155,Low,Within baseline with monitored trend behaviour
2026-03-08 12:00:00,TC-01,94.6,6.5,0.003,156,Low,Within baseline with monitored trend behaviour
2026-03-08 16:00:00,TC-01,98.0,4.9,0.004,156,Low,Within baseline with monitored trend behaviour
2026-03-08 20:00:00,TC-01,91.0,11.0,0.017,150,Low,Within baseline with monitored trend behaviour
2026-03-09 00:00:00,TC-01,91.8,14.6,0.071,149,Low,Within baseline with monitored trend behaviour
2026-03-09 04:00:00,TC-01,88.8,15.5,0.099,140,Low,Within baseline with monitored trend behaviour
2026-03-09 08:00:00,TC-01,81.4,25.7,0.211,125,Medium,Within baseline with monitored trend behaviour
2026-03-09 12:00:00,TC-01,83.3,26.2,0.213,127,Medium,utilisation_pct trending high
2026-03-09 16:00:00,TC-01,83.1,22.3,0.197,135,Low,Within baseline with monitored trend behaviour
2026-03-09 20:00:00,TC-01,83.9,22.5,0.217,132,Low,Within baseline with monitored trend behaviour
2026-03-10 00:00:00,TC-01,85.5,21.4,0.159,130,Low,Within baseline with monitored trend behaviour
2026-03-10 04:00:00,TC-01,89.9,15.1,0.073,144,Low,Within baseline with monitored trend behaviour
2026-03-10 08:00:00,TC-01,82.0,24.1,0.217,130,Low,Within baseline with monitored trend behaviour
2026-03-10 12:00:00,TC-01,83.5,21.5,0.197,136,Low,Within baseline with monitored trend behaviour
2026-03-10 16:00:00,TC-01,89.3,16.7,0.126,142,Low,Within baseline with monitored trend behaviour
2026-03-10 20:00:00,TC-01,79.5,29.2,0.284,121,Medium,Within baseline with monitored trend behaviour
2026-03-11 00:00:00,TC-01,81.8,24.5,0.232,122,Low,Within baseline with monitored trend behaviour
2026-03-11 04:00:00,TC-01,85.8,17.8,0.176,136,Low,Within baseline with monitored trend behaviour
2026-03-11 08:00:00,TC-01,84.1,24.7,0.198,131,Low,Within baseline with monitored trend behaviour
2026-03-11 12:00:00,TC-01,88.7,12.8,0.11,150,Low,Within baseline with monitored trend behaviour
2026-03-11 16:00:00,TC-01,84.2,18.1,0.133,136,Low,Within baseline with monitored trend behaviour
2026-03-11 20:00:00,TC-01,92.4,13.6,0.1,150,Low,Within baseline with monitored trend behaviour
2026-03-12 00:00:00,TC-01,88.0,17.2,0.125,142,Low,Within baseline with monitored trend behaviour
2026-03-12 04:00:00,TC-01,85.0,24.7,0.212,135,Low,Within baseline with monitored trend behaviour
2026-03-12 08:00:00,TC-01,75.5,34.7,0.303,113,Medium,Within baseline with monitored trend behaviour
2026-03-12 12:00:00,TC-01,75.4,32.1,0.341,122,Medium,utilisation_pct trending high
2026-03-12 16:00:00,TC-01,73.7,36.1,0.393,106,Medium,utilisation_pct above upper limit
2026-03-12 20:00:00,TC-01,76.3,30.7,0.293,123,Medium,utilisation_pct trending high
2026-03-13 00:00:00,TC-01,84.2,20.3,0.164,132,Low,Within baseline with monitored trend behaviour
2026-03-13 04:00:00,TC-01,83.5,23.1,0.19,130,Low,Within baseline with monitored trend behaviour
2026-03-13 08:00:00,TC-01,84.7,20.2,0.165,128,Low,Within baseline with monitored trend behaviour
2026-03-13 12:00:00,TC-01,82.2,21.5,0.175,131,Low,Within baseline with monitored trend behaviour
2026-03-13 16:00:00,TC-01,91.3,11.5,0.037,156,Low,Within baseline with monitored trend behaviour
2026-03-13 20:00:00,TC-01,91.2,11.3,0.063,151,Low,Within baseline with monitored trend behaviour
2026-03-14 00:00:00,TC-01,94.7,9.6,0.021,155,Low,Within baseline with monitored trend behaviour
2026-03-14 04:00:00,TC-01,88.7,12.4,0.021,151,Low,Within baseline with monitored trend behaviour
2026-03-14 08:00:00,TC-01,95.7,6.9,0.012,156,Low,Within baseline with monitored trend behaviour
2026-03-14 12:00:00,TC-01,96.2,7.8,0.015,149,Low,Within baseline with monitored trend behaviour
2026-03-14 16:00:00,TC-01,91.4,13.2,0.021,148,Low,Within baseline with monitored trend behaviour
2026-03-14 20:00:00,TC-01,93.9,7.7,0.0,157,Low,Within baseline with monitored trend behaviour
2026-03-15 00:00:00,TC-01,91.6,5.2,0.0,160,Low,Within baseline with monitored trend behaviour
2026-03-15 04:00:00,TC-01,93.9,6.5,0.0,151,Low,Within baseline with monitored trend behaviour
2026-03-15 08:00:00,TC-01,93.4,13.0,0.033,147,Low,Within baseline with monitored trend behaviour
2026-03-15 12:00:00,TC-01,95.1,7.7,0.0,157,Low,Within baseline with monitored trend behaviour
2026-03-15 16:00:00,TC-01,96.8,7.0,0.0,161,Low,Within baseline with monitored trend behaviour
2026-03-15 20:00:00,TC-01,93.9,12.2,0.035,151,Low,Within baseline with monitored trend behaviour
2026-03-16 00:00:00,TC-01,92.8,10.2,0.045,155,Low,Within baseline with monitored trend behaviour
2026-03-16 04:00:00,TC-01,92.9,9.4,0.044,146,Low,Within baseline with monitored trend behaviour
2026-03-16 08:00:00,TC-01,84.9,21.8,0.126,136,Low,Within baseline with monitored trend behaviour
2026-03-16 12:00:00,TC-01,85.4,22.6,0.226,133,Low,utilisation_pct trending high
2026-03-16 16:00:00,TC-01,90.9,13.6,0.118,142,Low,Within baseline with monitored trend behaviour
2026-03-16 20:00:00,TC-01,90.3,15.1,0.089,144,Low,Within baseline with monitored trend behaviour
2026-03-17 00:00:00,TC-01,92.9,10.4,0.078,154,Low,Within baseline with monitored trend behaviour
2026-03-17 04:00:00,TC-01,90.1,14.8,0.092,146,Low,Within baseline with monitored trend behaviour
2026-03-17 08:00:00,TC-01,90.5,15.8,0.152,140,Low,Within baseline with monitored trend behaviour
2026-03-17 12:00:00,TC-01,85.3,19.0,0.159,142,Low,Within baseline with monitored trend behaviour
2026-03-17 16:00:00,TC-01,90.0,14.9,0.05,142,Low,Within baseline with monitored trend behaviour
2026-03-17 20:00:00,TC-01,84.1,22.1,0.106,130,Low,Within baseline with monitored trend behaviour
2026-03-18 00:00:00,TC-01,81.2,25.9,0.203,135,Medium,Within baseline with monitored trend behaviour
2026-03-18 04:00:00,TC-01,87.8,16.6,0.132,147,Low,Within baseline with monitored trend behaviour
2026-03-18 08:00:00,TC-01,80.8,26.0,0.218,123,Medium,Within baseline with monitored trend behaviour
2026-03-18 12:00:00,TC-01,84.6,18.7,0.166,142,Low,Within baseline with monitored trend behaviour
2026-03-18 16:00:00,TC-01,82.4,25.5,0.204,123,Medium,Within baseline with monitored trend behaviour
2026-03-18 20:00:00,TC-01,83.3,23.8,0.21,135,Low,Within baseline with monitored trend behaviour
2026-03-19 00:00:00,TC-01,81.0,26.6,0.23,122,Medium,Within baseline with monitored trend behaviour
2026-03-19 04:00:00,TC-01,73.9,35.6,0.331,106,Medium,Within baseline with monitored trend behaviour
2026-03-19 08:00:00,TC-01,87.5,18.8,0.161,140,Low,Within baseline with monitored trend behaviour
2026-03-19 12:00:00,TC-01,76.6,32.4,0.381,111,Medium,Within baseline with monitored trend behaviour
2026-03-19 16:00:00,TC-01,80.2,28.7,0.256,118,Medium,Within baseline with monitored trend behaviour
2026-03-19 20:00:00,TC-01,79.9,29.6,0.277,125,Medium,Within baseline with monitored trend behaviour
2026-03-20 00:00:00,TC-01,81.2,28.3,0.282,124,Medium,Within baseline with monitored trend behaviour
2026-03-20 04:00:00,TC-01,84.2,21.8,0.189,136,Low,Within baseline with monitored trend behaviour
2026-03-20 08:00:00,TC-01,86.9,20.0,0.134,133,Low,Within baseline with monitored trend behaviour
2026-03-20 12:00:00,TC-01,92.0,10.7,0.028,151,Low,Within baseline with monitored trend behaviour
2026-03-20 16:00:00,TC-01,95.6,9.4,0.031,152,Low,Within baseline with monitored trend behaviour
2026-03-20 20:00:00,TC-01,90.7,13.9,0.079,149,Low,Within baseline with monitored trend behaviour
2026-03-21 00:00:00,TC-01,90.0,13.3,0.066,149,Low,Within baseline with monitored trend behaviour
2026-03-21 04:00:00,TC-01,93.3,12.3,0.011,143,Low,Within baseline with monitored trend behaviour
2026-03-21 08:00:00,TC-01,92.2,10.7,0.014,155,Low,Within baseline with monitored trend behaviour
2026-03-21 12:00:00,TC-01,87.1,13.0,0.017,146,Low,Within baseline with monitored trend behaviour
2026-03-21 16:00:00,TC-01,92.5,8.9,0.023,149,Low,Within baseline with monitored trend behaviour
2026-03-21 20:00:00,TC-01,92.9,9.2,0.027,150,Low,Within baseline with monitored trend behaviour
2026-03-22 00:00:00,TC-01,97.3,4.0,0.0,164,Low,Within baseline with monitored trend behaviour
2026-03-22 04:00:00,TC-01,91.5,8.5,0.02,153,Low,Within baseline with monitored trend behaviour
2026-03-22 08:00:00,TC-01,92.9,10.1,0.0,148,Low,Within baseline with monitored trend behaviour
2026-03-22 12:00:00,TC-01,96.7,6.0,0.002,156,Low,Within baseline with monitored trend behaviour
2026-03-22 16:00:00,TC-01,93.4,7.8,0.011,155,Low,Within baseline with monitored trend behaviour
2026-03-22 20:00:00,TC-01,93.7,8.9,0.009,148,Low,Within baseline with monitored trend behaviour
2026-03-23 00:00:00,TC-01,91.2,10.9,0.063,150,Low,Within baseline with monitored trend behaviour
2026-03-23 04:00:00,TC-01,87.1,21.0,0.152,130,Low,Within baseline with monitored trend behaviour
2026-03-23 08:00:00,TC-01,84.1,18.5,0.116,139,Low,Within baseline with monitored trend behaviour
2026-03-23 12:00:00,TC-01,85.4,17.8,0.164,141,Low,Within baseline with monitored trend behaviour
2026-03-23 16:00:00,TC-01,86.4,18.3,0.128,132,Low,Within baseline with monitored trend behaviour
2026-03-23 20:00:00,TC-01,93.1,9.7,0.012,154,Low,Within baseline with monitored trend behaviour
2026-03-24 00:00:00,TC-01,94.1,9.5,0.064,149,Low,Within baseline with monitored trend behaviour
2026-03-24 04:00:00,TC-01,85.8,19.6,0.142,132,Low,Within baseline with monitored trend behaviour
2026-03-24 08:00:00,TC-01,92.5,8.5,0.017,150,Low,Within baseline with monitored trend behaviour
2026-03-24 12:00:00,TC-01,92.3,11.6,0.069,144,Low,Within baseline with monitored trend behaviour
2026-03-24 16:00:00,TC-01,92.9,16.7,0.097,139,Low,Within baseline with monitored trend behaviour
2026-03-24 20:00:00,TC-01,95.9,10.1,0.068,151,Low,Within baseline with monitored trend behaviour
2026-03-25 00:00:00,TC-01,85.4,19.5,0.15,131,Low,Within baseline with monitored trend behaviour
2026-03-25 04:00:00,TC-01,89.8,12.5,0.066,143,Low,Within baseline with monitored trend behaviour
2026-03-25 08:00:00,TC-01,89.3,16.9,0.099,139,Low,Within baseline with monitored trend behaviour
2026-03-25 12:00:00,TC-01,90.1,18.1,0.116,134,Low,Within baseline with monitored trend behaviour
2026-03-25 16:00:00,TC-01,83.3,24.9,0.258,124,Low,Within baseline with monitored trend behaviour
2026-03-25 20:00:00,TC-01,89.9,14.2,0.093,148,Low,Within baseline with monitored trend behaviour
2026-03-26 00:00:00,TC-01,76.3,28.5,0.259,123,Medium,Within baseline with monitored trend behaviour
2026-03-26 04:00:00,TC-01,83.8,20.7,0.156,127,Low,Within baseline with monitored trend behaviour
2026-03-26 08:00:00,TC-01,81.7,20.6,0.171,126,Low,Within baseline with monitored trend behaviour
2026-03-26 12:00:00,TC-01,79.3,26.2,0.268,128,Medium,Within baseline with monitored trend behaviour
2026-03-26 16:00:00,TC-01,72.4,39.1,0.403,106,Medium,utilisation_pct trending high
2026-03-26 20:00:00,TC-01,74.9,33.6,0.368,112,Medium,utilisation_pct trending high
2026-03-27 00:00:00,TC-01,77.9,31.7,0.307,120,Medium,Within baseline with monitored trend behaviour
2026-03-27 04:00:00,TC-01,75.7,37.4,0.367,109,Medium,utilisation_pct trending high
2026-03-27 08:00:00,TC-01,84.2,24.6,0.226,122,Low,Within baseline with monitored trend behaviour
2026-03-27 12:00:00,TC-01,85.0,20.6,0.147,130,Low,Within baseline with monitored trend behaviour
2026-03-27 16:00:00,TC-01,88.4,15.5,0.091,134,Low,Within baseline with monitored trend behaviour
2026-03-27 20:00:00,TC-01,80.3,25.2,0.215,127,Medium,Within baseline with monitored trend behaviour
2026-03-28 00:00:00,TC-01,89.7,15.2,0.096,132,Low,Within baseline with monitored trend behaviour
2026-03-28 04:00:00,TC-01,90.5,13.4,0.095,156,Low,Within baseline with monitored trend behaviour
2026-03-28 08:00:00,TC-01,91.5,10.8,0.033,152,Low,Within baseline with monitored trend behaviour
2026-03-28 12:00:00,TC-01,91.7,12.4,0.072,146,Low,Within baseline with monitored trend behaviour
2026-03-28 16:00:00,TC-01,91.4,13.3,0.04,143,Low,Within baseline with monitored trend behaviour
2026-03-28 20:00:00,TC-01,93.6,6.7,0.021,156,Low,Within baseline with monitored trend behaviour
2026-03-29 00:00:00,TC-01,93.4,9.3,0.017,152,Low,Within baseline with monitored trend behaviour
2026-03-29 04:00:00,TC-01,91.9,11.0,0.059,148,Low,Within baseline with monitored trend behaviour
2026-03-29 08:00:00,TC-01,95.4,5.1,0.0,159,Low,Within baseline with monitored trend behaviour
2026-03-29 12:00:00,TC-01,90.6,11.4,0.025,149,Low,Within baseline with monitored trend behaviour
2026-03-29 16:00:00,TC-01,93.1,7.8,0.013,160,Low,Within baseline with monitored trend behaviour
2026-03-29 20:00:00,TC-01,91.1,9.3,0.027,149,Low,Within baseline with monitored trend behaviour
2026-03-30 00:00:00,TC-01,91.9,13.1,0.072,143,Low,Within baseline with monitored trend behaviour
2026-03-30 04:00:00,TC-01,87.3,19.9,0.143,132,Low,Within baseline with monitored trend behaviour
2026-03-30 08:00:00,TC-01,86.6,18.5,0.127,137,Low,Within baseline with monitored trend behaviour
2026-03-30 12:00:00,TC-01,94.3,8.2,0.0,151,Low,Within baseline with monitored trend behaviour
2026-03-30 16:00:00,TC-01,91.6,11.0,0.038,157,Low,Within baseline with monitored trend behaviour
2026-03-30 20:00:00,TC-01,90.0,13.8,0.059,142,Low,Within baseline with monitored trend behaviour
2026-03-31 00:00:00,TC-01,91.2,10.5,0.006,143,Low,Within baseline with monitored trend behaviour
2026-03-31 04:00:00,TC-01,96.0,8.3,0.039,157,Low,Within baseline with monitored trend behaviour
2026-03-31 08:00:00,TC-01,90.1,12.6,0.054,143,Low,Within baseline with monitored trend behaviour
2026-03-31 12:00:00,TC-01,91.0,12.3,0.003,147,Low,Within baseline with monitored trend behaviour
2026-03-31 16:00:00,TC-01,94.5,7.9,0.01,154,Low,Within baseline with monitored trend behaviour
2026-03-31 20:00:00,TC-01,90.9,12.4,0.01,147,Low,Within baseline with monitored trend behaviour
2026-04-01 00:00:00,TC-01,90.2,13.9,0.085,144,Low,Within baseline with monitored trend behaviour
2026-04-01 04:00:00,TC-01,92.7,10.7,0.039,145,Low,Within baseline with monitored trend behaviour
2026-04-01 08:00:00,TC-01,88.3,16.4,0.095,137,Low,Within baseline with monitored trend behaviour
2026-04-01 12:00:00,TC-01,92.5,13.2,0.07,144,Low,Within baseline with monitored trend behaviour
2026-04-01 16:00:00,TC-01,90.7,13.8,0.064,145,Low,Within baseline with monitored trend behaviour
2026-04-01 20:00:00,TC-01,86.9,16.0,0.131,137,Low,Within baseline with monitored trend behaviour
2026-04-02 00:00:00,TC-01,85.0,21.4,0.157,132,Low,Within baseline with monitored trend behaviour
2026-04-02 04:00:00,TC-01,89.7,11.5,0.048,144,Low,Within baseline with monitored trend behaviour
2026-04-02 08:00:00,TC-01,75.9,33.2,0.317,114,Medium,utilisation_pct trending high
2026-04-02 12:00:00,TC-01,74.1,36.0,0.399,100,Medium,Within baseline with monitored trend behaviour
2026-04-02 16:00:00,TC-01,75.4,32.1,0.342,107,Medium,Within baseline with monitored trend behaviour
2026-04-02 20:00:00,TC-01,74.1,36.5,0.386,112,Medium,utilisation_pct trending high
2026-04-03 00:00:00,TC-01,76.5,31.2,0.311,115,Medium,Within baseline with monitored trend behaviour
2026-04-03 04:00:00,TC-01,78.3,28.1,0.264,123,Medium,Within baseline with monitored trend behaviour
2026-04-03 08:00:00,TC-01,78.9,27.9,0.262,119,Medium,Within baseline with monitored trend behaviour
2026-04-03 12:00:00,TC-01,76.8,33.8,0.271,110,Medium,Within baseline with monitored trend behaviour
2026-04-03 16:00:00,TC-01,83.9,18.7,0.2,135,Low,Within baseline with monitored trend behaviour
2026-04-03 20:00:00,TC-01,82.7,21.6,0.182,130,Low,Within baseline with monitored trend behaviour
2026-04-04 00:00:00,TC-01,85.1,19.4,0.165,133,Low,Within baseline with monitored trend behaviour
2026-04-04 04:00:00,TC-01,86.2,16.3,0.133,133,Low,Within baseline with monitored trend behaviour
2026-04-04 08:00:00,TC-01,81.8,22.0,0.19,139,Low,Within baseline with monitored trend behaviour
2026-04-04 12:00:00,TC-01,85.5,21.6,0.151,127,Low,Within baseline with monitored trend behaviour
2026-04-04 16:00:00,TC-01,88.5,13.0,0.086,151,Low,Within baseline with monitored trend behaviour
2026-04-04 20:00:00,TC-01,92.0,12.4,0.023,144,Low,Within baseline with monitored trend behaviour
2026-04-05 00:00:00,TC-01,94.8,8.3,0.013,157,Low,Within baseline with monitored trend behaviour
2026-04-05 04:00:00,TC-01,86.4,16.5,0.093,135,Low,Within baseline with monitored trend behaviour
2026-04-05 08:00:00,TC-01,89.9,12.2,0.042,143,Low,Within baseline with monitored trend behaviour
2026-04-05 12:00:00,TC-01,91.3,11.4,0.005,140,Low,Within baseline with monitored trend behaviour
2026-04-05 16:00:00,TC-01,91.7,13.8,0.0,142,Low,Within baseline with monitored trend behaviour
2026-04-05 20:00:00,TC-01,88.5,11.6,0.046,144,Low,Within baseline with monitored trend behaviour
2026-04-06 00:00:00,TC-01,88.7,15.9,0.12,146,Low,Within baseline with monitored trend behaviour
2026-04-06 04:00:00,TC-01,87.5,21.6,0.162,125,Low,Within baseline with monitored trend behaviour
2026-04-06 08:00:00,TC-01,95.5,8.8,0.05,150,Low,Within baseline with monitored trend behaviour
2026-04-06 12:00:00,TC-01,89.1,15.0,0.078,141,Low,Within baseline with monitored trend behaviour
2026-04-06 16:00:00,TC-01,80.1,28.1,0.24,118,Medium,utilisation_pct trending high
2026-04-06 20:00:00,TC-01,87.2,18.0,0.068,135,Low,Within baseline with monitored trend behaviour
2026-04-07 00:00:00,TC-01,95.2,7.4,0.001,151,Low,Within baseline with monitored trend behaviour
2026-04-07 04:00:00,TC-01,96.8,4.0,0.0,153,Low,Within baseline with monitored trend behaviour
2026-04-07 08:00:00,TC-01,93.3,9.3,0.01,146,Low,Within baseline with monitored trend behaviour
2026-04-07 12:00:00,TC-01,92.8,9.9,0.0,147,Low,Within baseline with monitored trend behaviour
2026-04-07 16:00:00,TC-01,91.2,11.5,0.054,148,Low,Within baseline with monitored trend behaviour
2026-04-07 20:00:00,TC-01,94.8,7.4,0.013,150,Low,Within baseline with monitored trend behaviour
2026-04-08 00:00:00,TC-01,95.8,6.8,0.001,149,Low,Within baseline with monitored trend behaviour
2026-04-08 04:00:00,TC-01,93.6,9.5,0.006,154,Low,Within baseline with monitored trend behaviour
2026-04-08 08:00:00,TC-01,92.9,11.9,0.095,144,Low,Within baseline with monitored trend behaviour
2026-04-08 12:00:00,TC-01,93.5,7.6,0.041,154,Low,Within baseline with monitored trend behaviour
2026-04-08 16:00:00,TC-01,93.0,12.5,0.06,142,Low,Within baseline with monitored trend behaviour
2026-04-08 20:00:00,TC-01,88.4,15.8,0.1,135,Low,Within baseline with monitored trend behaviour
2026-04-09 00:00:00,TC-01,86.7,18.0,0.129,136,Low,Within baseline with monitored trend behaviour
2026-04-09 04:00:00,TC-01,74.4,35.6,0.353,108,Medium,utilisation_pct trending high
2026-04-09 08:00:00,TC-01,71.4,37.7,0.352,102,Medium,utilisation_pct trending high
2026-04-09 12:00:00,TC-01,79.5,31.1,0.26,116,Medium,Within baseline with monitored trend behaviour
2026-04-09 16:00:00,TC-01,79.9,28.9,0.217,126,Medium,Within baseline with monitored trend behaviour
2026-04-09 20:00:00,TC-01,79.3,32.1,0.272,109,Medium,Within baseline with monitored trend behaviour
2026-04-10 00:00:00,TC-01,70.8,40.4,0.399,95,Medium,Within baseline with monitored trend behaviour
2026-04-10 04:00:00,TC-01,80.0,30.3,0.251,115,Medium,Within baseline with monitored trend behaviour
2026-04-10 08:00:00,TC-01,78.3,30.2,0.301,109,Medium,utilisation_pct trending high
2026-04-10 12:00:00,TC-01,77.5,30.7,0.325,118,Medium,Within baseline with monitored trend behaviour
2026-04-10 16:00:00,TC-01,80.4,26.1,0.237,119,Medium,Within baseline with monitored trend behaviour
2026-04-10 20:00:00,TC-01,83.7,20.5,0.097,124,Low,Within baseline with monitored trend behaviour
2026-04-11 00:00:00,TC-01,79.7,29.2,0.287,118,Medium,Within baseline with monitored trend behaviour
2026-04-11 04:00:00,TC-01,83.8,22.9,0.21,132,Low,Within baseline with monitored trend behaviour
2026-04-11 08:00:00,TC-01,82.2,25.0,0.213,125,Low,Within baseline with monitored trend behaviour
2026-04-11 12:00:00,TC-01,91.4,12.8,0.081,147,Low,Within baseline with monitored trend behaviour
2026-04-11 16:00:00,TC-01,86.1,20.1,0.121,132,Low,Within baseline with monitored trend behaviour
2026-04-11 20:00:00,TC-01,85.3,20.7,0.115,129,Low,Within baseline with monitored trend behaviour
2026-04-12 00:00:00,TC-01,90.6,11.3,0.06,143,Low,Within baseline with monitored trend behaviour
2026-04-12 04:00:00,TC-01,87.3,16.1,0.054,144,Low,Within baseline with monitored trend behaviour
2026-04-12 08:00:00,TC-01,93.3,11.5,0.05,140,Low,Within baseline with monitored trend behaviour
2026-04-12 12:00:00,TC-01,88.7,12.4,0.057,143,Low,Within baseline with monitored trend behaviour
2026-04-12 16:00:00,TC-01,93.7,10.7,0.014,146,Low,Within baseline with monitored trend behaviour
2026-04-12 20:00:00,TC-01,94.4,7.9,0.008,148,Low,Within baseline with monitored trend behaviour
2026-04-13 00:00:00,TC-01,92.1,10.1,0.041,148,Low,Within baseline with monitored trend behaviour
2026-04-13 04:00:00,TC-01,91.6,14.4,0.045,139,Low,Within baseline with monitored trend behaviour
2026-04-13 08:00:00,TC-01,83.8,21.0,0.187,124,Low,utilisation_pct trending high
2026-04-13 12:00:00,TC-01,89.5,11.7,0.028,135,Low,Within baseline with monitored trend behaviour
2026-04-13 16:00:00,TC-01,89.8,15.7,0.079,134,Low,Within baseline with monitored trend behaviour
2026-04-13 20:00:00,TC-01,91.8,8.7,0.001,149,Low,Within baseline with monitored trend behaviour
2026-04-14 00:00:00,TC-01,89.1,16.6,0.101,138,Low,Within baseline with monitored trend behaviour
2026-04-14 04:00:00,TC-01,97.4,4.2,0.0,165,Low,Within baseline with monitored trend behaviour
2026-04-14 08:00:00,TC-01,91.6,8.8,0.0,146,Low,Within baseline with monitored trend behaviour
2026-04-14 12:00:00,TC-01,91.5,7.0,0.0,152,Low,Within baseline with monitored trend behaviour
2026-04-14 16:00:00,TC-01,92.7,9.5,0.028,147,Low,Within baseline with monitored trend behaviour
2026-04-14 20:00:00,TC-01,96.6,6.6,0.0,153,Low,Within baseline with monitored trend behaviour
2026-04-15 00:00:00,TC-01,95.7,6.9,0.0,153,Low,Within baseline with monitored trend behaviour
2026-04-15 04:00:00,TC-01,93.9,8.1,0.025,149,Low,Within baseline with monitored trend behaviour
2026-04-15 08:00:00,TC-01,92.5,7.6,0.01,148,Low,Within baseline with monitored trend behaviour
2026-04-15 12:00:00,TC-01,88.3,14.9,0.056,143,Low,Within baseline with monitored trend behaviour
2026-04-15 16:00:00,TC-01,93.4,9.5,0.021,142,Low,Within baseline with monitored trend behaviour
2026-04-15 20:00:00,TC-01,93.7,13.1,0.035,139,Low,Within baseline with monitored trend behaviour
2026-04-16 00:00:00,TC-01,83.0,21.0,0.133,129,Low,Within baseline with monitored trend behaviour
2026-04-16 04:00:00,TC-01,90.9,13.4,0.099,140,Low,Within baseline with monitored trend behaviour
2026-04-16 08:00:00,TC-01,86.1,22.0,0.181,133,Low,Within baseline with monitored trend behaviour
2026-04-16 12:00:00,TC-01,79.9,30.2,0.289,120,Medium,Within baseline with monitored trend behaviour
2026-04-16 16:00:00,TC-01,83.7,22.9,0.163,128,Low,Within baseline with monitored trend behaviour
2026-04-16 20:00:00,TC-01,73.8,41.3,0.434,99,Medium,utilisation_pct trending high
2026-04-17 00:00:00,TC-01,82.1,25.9,0.232,123,Medium,Within baseline with monitored trend behaviour
2026-04-17 04:00:00,TC-01,71.4,39.6,0.353,103,Medium,utilisation_pct trending high
2026-04-17 08:00:00,TC-01,75.0,31.2,0.301,113,Medium,Within baseline with monitored trend behaviour
2026-04-17 12:00:00,TC-01,81.1,26.6,0.216,116,Medium,Within baseline with monitored trend behaviour
2026-04-17 16:00:00,TC-01,80.2,25.0,0.177,120,Low,Within baseline with monitored trend behaviour
2026-04-17 20:00:00,TC-01,78.5,27.8,0.282,119,Medium,Within baseline with monitored trend behaviour
2026-04-18 00:00:00,TC-01,79.8,26.8,0.225,122,Medium,Within baseline with monitored trend behaviour
2026-04-18 04:00:00,TC-01,79.8,27.4,0.229,113,Medium,Within baseline with monitored trend behaviour
2026-04-18 08:00:00,TC-01,76.2,31.7,0.265,104,Medium,Within baseline with monitored trend behaviour
2026-04-18 12:00:00,TC-01,80.8,27.8,0.264,121,Medium,Within baseline with monitored trend behaviour
2026-04-18 16:00:00,TC-01,77.6,27.3,0.277,120,Medium,Within baseline with monitored trend behaviour
2026-04-18 20:00:00,TC-01,79.2,31.2,0.285,117,Medium,Within baseline with monitored trend behaviour
2026-04-19 00:00:00,TC-01,75.7,31.9,0.303,110,Medium,Within baseline with monitored trend behaviour
2026-04-19 04:00:00,TC-01,75.0,32.8,0.324,115,Medium,Within baseline with monitored trend behaviour
2026-04-19 08:00:00,TC-01,73.1,34.5,0.313,107,Medium,Within baseline with monitored trend behaviour
2026-04-19 12:00:00,TC-01,74.5,37.8,0.33,104,Medium,Within baseline with monitored trend behaviour
2026-04-19 16:00:00,TC-01,83.0,27.1,0.216,120,Medium,Within baseline with monitored trend behaviour
2026-04-19 20:00:00,TC-01,80.1,29.4,0.309,119,Medium,Within baseline with monitored trend behaviour
2026-04-20 00:00:00,TC-01,77.5,31.8,0.331,109,Medium,Within baseline with monitored trend behaviour
2026-04-20 04:00:00,TC-01,69.8,42.5,0.484,101,Medium,utilisation_pct trending high
2026-04-20 08:00:00,TC-01,73.2,37.6,0.372,98,Medium,Within baseline with monitored trend behaviour
2026-04-20 12:00:00,TC-01,75.0,33.6,0.312,106,Medium,Within baseline with monitored trend behaviour
2026-04-20 16:00:00,TC-01,73.7,34.0,0.31,108,Medium,Within baseline with monitored trend behaviour
2026-04-20 20:00:00,TC-01,79.7,27.5,0.28,110,Medium,Within baseline with monitored trend behaviour
2026-04-21 00:00:00,TC-01,77.6,31.9,0.292,120,Medium,Within baseline with monitored trend behaviour
2026-04-21 04:00:00,TC-01,71.4,37.9,0.377,106,Medium,Within baseline with monitored trend behaviour
2026-04-21 08:00:00,TC-01,80.2,30.2,0.26,106,Medium,Within baseline with monitored trend behaviour
2026-04-21 12:00:00,TC-01,75.5,32.1,0.327,117,Medium,Within baseline with monitored trend behaviour
2026-04-21 16:00:00,TC-01,75.2,36.8,0.349,100,Medium,Within baseline with monitored trend behaviour
2026-04-21 20:00:00,TC-01,68.7,40.1,0.408,94,Medium,Within baseline with monitored trend behaviour
2026-04-22 00:00:00,TC-01,73.7,36.9,0.368,105,Medium,Within baseline with monitored trend behaviour
2026-04-22 04:00:00,TC-01,72.4,39.2,0.417,100,Medium,Within baseline with monitored trend behaviour
2026-04-22 08:00:00,TC-01,69.7,41.2,0.385,90,Medium,Within baseline with monitored trend behaviour
2026-04-22 12:00:00,TC-01,70.3,42.0,0.42,92,Medium,Within baseline with monitored trend behaviour
2026-04-22 16:00:00,TC-01,63.6,51.0,0.56,80,High,Within baseline with monitored trend behaviour
2026-04-22 20:00:00,TC-01,67.5,44.7,0.499,95,Medium,Within baseline with monitored trend behaviour
2026-04-23 00:00:00,TC-01,59.2,57.0,0.638,72,High,Within baseline with monitored trend behaviour
2026-04-23 04:00:00,TC-01,54.3,63.3,0.741,61,High,Within baseline with monitored trend behaviour
2026-04-23 08:00:00,TC-01,58.0,61.0,0.659,70,High,Within baseline with monitored trend behaviour
2026-04-23 12:00:00,TC-01,49.9,67.1,0.777,51,High,Within baseline with monitored trend behaviour
2026-04-23 16:00:00,TC-01,43.1,77.6,0.888,36,Critical,Within baseline with monitored trend behaviour
2026-04-23 20:00:00,TC-01,36.0,89.9,1.0,23,Critical,utilisation_pct trending high
2026-04-24 00:00:00,TC-01,40.1,86.6,1.0,26,Critical,utilisation_pct trending high
2026-04-24 04:00:00,TC-01,43.4,80.5,0.914,43,Critical,ch4_pct trending high
2026-04-24 08:00:00,TC-01,39.9,86.0,1.0,20,Critical,ch4_pct trending high
2026-04-24 12:00:00,TC-01,35.7,90.2,1.0,24,Critical,ch4_pct above upper limit
2026-04-24 16:00:00,TC-01,40.1,80.3,0.96,33,Critical,ch4_pct trending high
2026-04-24 20:00:00,TC-01,37.7,86.0,1.0,26,Critical,ch4_pct trending high
2026-04-25 00:00:00,TC-01,34.9,85.6,1.0,30,Critical,motor_current_A trending high; oil_temperature_C trending high; ch4_pct trending high
2026-04-25 04:00:00,TC-01,39.8,85.7,1.0,26,Critical,vibration_mm_s trending high; ch4_pct trending high
2026-04-25 08:00:00,TC-01,38.9,85.3,1.0,31,Critical,oil_temperature_C trending high; vibration_mm_s trending high
2026-04-25 12:00:00,TC-01,36.4,88.3,1.0,25,Critical,energy_kwh trending high; ch4_pct above upper limit
2026-04-25 16:00:00,TC-01,37.6,86.1,1.0,19,Critical,oil_temperature_C trending high; ch4_pct trending high
2026-04-25 20:00:00,TC-01,36.4,86.4,1.0,30,Critical,oil_temperature_C trending high; ch4_pct above upper limit
2026-04-26 00:00:00,TC-01,38.5,84.3,1.0,26,Critical,oil_temperature_C trending high; ch4_pct trending high
2026-04-26 04:00:00,TC-01,36.9,87.1,1.0,28,Critical,oil_temperature_C trending high; vibration_mm_s trending high; ch4_pct trending high
2026-04-26 08:00:00,TC-01,44.9,80.7,1.0,31,Critical,oil_temperature_C trending high; vibration_mm_s trending high; ch4_pct trending high
2026-04-26 12:00:00,TC-01,37.7,87.5,1.0,27,Critical,vibration_mm_s trending high; ch4_pct trending high
2026-04-26 16:00:00,TC-01,38.7,84.4,1.0,31,Critical,oil_temperature_C trending high; vibration_mm_s trending high; ch4_pct above upper limit
2026-04-26 20:00:00,TC-01,36.7,86.0,1.0,29,Critical,motor_current_A trending high; oil_temperature_C trending high; ch4_pct trending high
2026-04-27 00:00:00,TC-01,34.2,90.6,1.0,22,Critical,oil_temperature_C trending high; vibration_mm_s trending high; ch4_pct above upper limit
2026-04-27 04:00:00,TC-01,37.2,86.5,1.0,29,Critical,oil_temperature_C trending high; vibration_mm_s trending high; utilisation_pct trending high
2026-04-27 08:00:00,TC-01,36.1,87.6,1.0,30,Critical,oil_temperature_C trending high; ch4_pct trending high
2026-04-27 12:00:00,TC-01,39.7,86.0,1.0,28,Critical,oil_temperature_C trending high; ch4_pct trending high
2026-04-27 16:00:00,TC-01,38.0,86.1,1.0,29,Critical,oil_temperature_C trending high; utilisation_pct trending high; ch4_pct above upper limit
2026-04-27 20:00:00,TC-01,40.2,83.8,1.0,35,Critical,oil_temperature_C trending high; ch4_pct trending high
2026-04-28 00:00:00,TC-01,34.7,87.0,1.0,20,Critical,oil_temperature_C trending high; ch4_pct trending high
2026-04-28 04:00:00,TC-01,36.9,86.0,1.0,30,Critical,oil_temperature_C trending high; ch4_pct trending high
2026-04-28 08:00:00,TC-01,39.6,85.1,1.0,36,Critical,oil_temperature_C trending high; vibration_mm_s trending high; energy_kwh trending high
2026-04-28 12:00:00,TC-01,36.5,86.0,1.0,28,Critical,oil_temperature_C trending high; ch4_pct above upper limit
2026-04-28 16:00:00,TC-01,38.0,86.6,1.0,31,Critical,motor_current_A trending high; oil_temperature_C trending high; energy_kwh trending high
2026-04-28 20:00:00,TC-01,41.3,83.6,1.0,28,Critical,oil_temperature_C trending high; ch4_pct above upper limit
2026-04-29 00:00:00,TC-01,32.9,88.8,1.0,31,Critical,ch4_pct trending high
2026-04-29 04:00:00,TC-01,36.7,85.5,1.0,31,Critical,oil_temperature_C trending high; vibration_mm_s trending high; ch4_pct above upper limit
2026-04-29 08:00:00,TC-01,38.0,87.0,1.0,29,Critical,motor_current_A trending high; oil_temperature_C trending high; vibration_mm_s trending high
2026-04-29 12:00:00,TC-01,37.6,86.1,1.0,22,Critical,motor_current_A trending high; oil_temperature_C trending high; vibration_mm_s trending high
2026-04-29 16:00:00,TC-01,37.5,85.8,1.0,27,Critical,oil_temperature_C trending high; energy_kwh trending high; ch4_pct above upper limit
2026-04-29 20:00:00,TC-01,40.5,86.2,1.0,23,Critical,motor_current_A trending high; oil_temperature_C trending high; energy_kwh trending high
2026-04-30 00:00:00,TC-01,37.6,85.7,1.0,21,Critical,oil_temperature_C trending high; vibration_mm_s trending high; ch4_pct above upper limit
2026-04-30 04:00:00,TC-01,32.5,91.8,1.0,19,Critical,motor_current_A trending high; oil_temperature_C trending high; vibration_mm_s trending high
2026-04-30 08:00:00,TC-01,33.8,89.4,1.0,25,Critical,motor_current_A trending high; oil_temperature_C trending high; vibration_mm_s trending high
2026-04-30 12:00:00,TC-01,39.1,82.9,1.0,33,Critical,motor_current_A trending high; oil_temperature_C trending high; vibration_mm_s trending high
2026-04-30 16:00:00,TC-01,40.7,85.5,1.0,28,Critical,motor_current_A trending high; oil_temperature_C trending high; vibration_mm_s trending high
2026-04-30 20:00:00,TC-01,36.3,87.0,1.0,20,Critical,motor_current_A trending high; oil_temperature_C trending high; vibration_mm_s trending high
2026-05-01 00:00:00,TC-01,38.3,83.7,1.0,27,Critical,oil_temperature_C above upper limit; vibration_mm_s trending high; ch4_pct above upper limit
2026-05-01 04:00:00,TC-01,37.0,88.3,1.0,17,Critical,oil_temperature_C above upper limit; vibration_mm_s above upper limit; ch4_pct above upper limit
2026-05-01 08:00:00,TC-01,38.6,85.2,1.0,39,Critical,oil_temperature_C above upper limit; vibration_mm_s trending high; ch4_pct above upper limit
2026-05-01 12:00:00,TC-01,38.7,86.0,1.0,22,Critical,oil_temperature_C above upper limit; vibration_mm_s trending high; ch4_pct above upper limit
2026-05-01 16:00:00,TC-01,39.1,87.4,1.0,23,Critical,oil_temperature_C above upper limit; vibration_mm_s above upper limit; ch4_pct above upper limit
2026-05-01 20:00:00,TC-01,38.1,87.2,1.0,24,Critical,oil_temperature_C above upper limit; vibration_mm_s trending high; ch4_pct above upper limit
2026-05-02 00:00:00,TC-01,35.0,88.6,1.0,19,Critical,oil_temperature_C above upper limit; vibration_mm_s above upper limit; ch4_pct above upper limit
2026-05-02 04:00:00,TC-01,37.5,86.0,1.0,14,Critical,oil_temperature_C above upper limit; vibration_mm_s above upper limit; ch4_pct above upper limit
2026-05-02 08:00:00,TC-01,35.9,84.5,1.0,27,Critical,oil_temperature_C above upper limit; vibration_mm_s above upper limit; ch4_pct above upper limit
2026-05-02 12:00:00,TC-01,37.1,87.4,1.0,24,Critical,oil_temperature_C above upper limit; vibration_mm_s above upper limit; ch4_pct above upper limit
2026-05-02 16:00:00,TC-01,38.6,85.7,1.0,38,Critical,oil_temperature_C above upper limit; vibration_mm_s above upper limit; ch4_pct above upper limit
2026-05-02 20:00:00,TC-01,38.6,85.3,1.0,24,Critical,oil_temperature_C above upper limit; vibration_mm_s trending high; ch4_pct above upper limit
2026-05-03 00:00:00,TC-01,41.2,82.2,1.0,36,Critical,oil_temperature_C above upper limit; vibration_mm_s above upper limit; ch4_pct above upper limit
2026-05-03 04:00:00,TC-01,34.5,90.6,1.0,18,Critical,oil_temperature_C above upper limit; vibration_mm_s above upper limit; ch4_pct above upper limit
2026-05-03 08:00:00,TC-01,39.3,87.9,1.0,18,Critical,oil_temperature_C above upper limit; vibration_mm_s trending high; ch4_pct above upper limit
2026-05-03 12:00:00,TC-01,39.9,87.3,1.0,23,Critical,oil_temperature_C above upper limit; vibration_mm_s above upper limit; ch4_pct above upper limit
2026-05-03 16:00:00,TC-01,40.9,83.7,1.0,24,Critical,oil_temperature_C above upper limit; vibration_mm_s above upper limit; ch4_pct above upper limit
2026-05-03 20:00:00,TC-01,39.4,88.4,1.0,20,Critical,oil_temperature_C above upper limit; vibration_mm_s above upper limit; ch4_pct above upper limit
2026-05-04 00:00:00,TC-01,36.6,89.3,1.0,26,Critical,motor_current_A above upper limit; oil_temperature_C above upper limit; vibration_mm_s above upper limit
2026-05-04 04:00:00,TC-01,40.0,84.7,1.0,29,Critical,motor_current_A above upper limit; oil_temperature_C above upper limit; vibration_mm_s above upper limit
2026-05-04 08:00:00,TC-01,38.7,84.4,1.0,30,Critical,motor_current_A trending high; oil_temperature_C above upper limit; vibration_mm_s above upper limit
2026-05-04 12:00:00,TC-01,37.9,83.8,1.0,24,Critical,motor_current_A above upper limit; oil_temperature_C above upper limit; vibration_mm_s above upper limit
2026-05-04 16:00:00,TC-01,39.6,84.4,1.0,26,Critical,motor_current_A above upper limit; oil_temperature_C above upper limit; vibration_mm_s above upper limit
2026-05-04 20:00:00,TC-01,34.1,88.6,1.0,24,Critical,motor_current_A above upper limit; oil_temperature_C above upper limit; vibration_mm_s above upper limit
2026-05-05 00:00:00,TC-01,38.5,85.3,1.0,29,Critical,motor_current_A trending high; oil_temperature_C above upper limit; vibration_mm_s above upper limit
2026-05-05 04:00:00,TC-01,38.7,80.7,1.0,33,Critical,motor_current_A above upper limit; oil_temperature_C above upper limit; vibration_mm_s above upper limit
2026-05-05 08:00:00,TC-01,36.3,85.6,1.0,34,Critical,motor_current_A trending high; oil_temperature_C above upper limit; vibration_mm_s above upper limit
2026-05-05 12:00:00,TC-01,38.9,83.7,1.0,34,Critical,motor_current_A above upper limit; oil_temperature_C trending high; vibration_mm_s above upper limit
2026-05-05 16:00:00,TC-01,37.8,84.6,1.0,29,Critical,motor_current_A trending high; oil_temperature_C above upper limit; vibration_mm_s trending high
2026-05-05 20:00:00,TC-01,39.7,84.5,1.0,30,Critical,motor_current_A trending high; oil_temperature_C above upper limit; vibration_mm_s trending high
2026-05-06 00:00:00,TC-01,39.3,86.8,1.0,23,Critical,motor_current_A trending high; oil_temperature_C trending high; vibration_mm_s trending high
2026-05-06 04:00:00,TC-01,38.7,85.0,1.0,16,Critical,motor_current_A trending high; oil_temperature_C above upper limit; vibration_mm_s above upper limit
2026-05-06 08:00:00,TC-01,37.3,86.4,1.0,26,Critical,motor_current_A trending high; oil_temperature_C trending high; vibration_mm_s above upper limit
2026-05-06 12:00:00,TC-01,41.4,84.2,1.0,27,Critical,motor_current_A trending high; oil_temperature_C trending high; vibration_mm_s trending high
2026-05-06 16:00:00,TC-01,36.1,87.7,1.0,25,Critical,motor_current_A trending high; oil_temperature_C above upper limit; vibration_mm_s trending high
2026-05-06 20:00:00,TC-01,37.0,82.9,1.0,29,Critical,motor_current_A trending high; oil_temperature_C above upper limit; vibration_mm_s trending high
2026-05-07 00:00:00,TC-01,38.0,86.0,1.0,24,Critical,motor_current_A trending high; oil_temperature_C above upper limit; vibration_mm_s trending high
2026-05-07 04:00:00,TC-01,39.7,85.2,1.0,34,Critical,motor_current_A above upper limit; oil_temperature_C above upper limit; vibration_mm_s trending high
2026-05-07 08:00:00,TC-01,36.0,91.2,1.0,8,Critical,motor_current_A above upper limit; oil_temperature_C above upper limit; vibration_mm_s trending high
2026-05-07 12:00:00,TC-01,38.1,88.1,1.0,21,Critical,motor_current_A above upper limit; oil_temperature_C above upper limit; vibration_mm_s trending high
2026-05-07 16:00:00,TC-01,37.3,87.9,1.0,22,Critical,motor_current_A above upper limit; oil_temperature_C above upper limit; vibration_mm_s above upper limit
2026-05-07 20:00:00,TC-01,36.9,86.5,1.0,17,Critical,motor_current_A trending high; oil_temperature_C above upper limit; vibration_mm_s above upper limit
2026-05-08 00:00:00,TC-01,42.2,82.2,1.0,27,Critical,motor_current_A trending high; oil_temperature_C above upper limit; vibration_mm_s trending high
2026-05-08 04:00:00,TC-01,38.0,82.9,1.0,28,Critical,motor_current_A above upper limit; oil_temperature_C above upper limit; vibration_mm_s above upper limit
2026-05-08 08:00:00,TC-01,35.7,89.0,1.0,15,Critical,motor_current_A trending high; oil_temperature_C above upper limit; vibration_mm_s trending high
2026-05-08 12:00:00,TC-01,36.4,89.0,1.0,19,Critical,motor_current_A above upper limit; oil_temperature_C above upper limit; vibration_mm_s above upper limit
2026-05-08 16:00:00,TC-01,37.4,87.0,1.0,21,Critical,motor_current_A above upper limit; oil_temperature_C above upper limit; vibration_mm_s above upper limit
2026-05-08 20:00:00,TC-01,37.0,84.9,1.0,25,Critical,motor_current_A above upper limit; oil_temperature_C above upper limit; vibration_mm_s above upper limit
2026-05-09 00:00:00,TC-01,38.1,87.9,1.0,21,Critical,motor_current_A above upper limit; oil_temperature_C above upper limit; vibration_mm_s above upper limit
2026-05-09 04:00:00,TC-01,36.8,85.7,1.0,27,Critical,motor_current_A above upper limit; oil_temperature_C above upper limit; vibration_mm_s trending high
2026-05-09 08:00:00,TC-01,41.3,83.2,1.0,31,Critical,motor_current_A trending high; oil_temperature_C above upper limit; vibration_mm_s above upper limit
2026-05-09 12:00:00,TC-01,39.1,85.5,1.0,24,Critical,motor_current_A above upper limit; oil_temperature_C above upper limit; vibration_mm_s above upper limit
2026-05-09 16:00:00,TC-01,38.1,86.4,1.0,29,Critical,motor_current_A above upper limit; oil_temperature_C above upper limit; vibration_mm_s above upper limit
2026-05-09 20:00:00,TC-01,38.9,87.0,1.0,25,Critical,motor_current_A above upper limit; oil_temperature_C above upper limit; vibration_mm_s above upper limit
2026-05-10 00:00:00,TC-01,38.9,85.9,1.0,26,Critical,motor_current_A above upper limit; oil_temperature_C above upper limit; vibration_mm_s above upper limit
2026-05-10 04:00:00,TC-01,36.5,85.3,1.0,24,Critical,motor_current_A above upper limit; oil_temperature_C above upper limit; vibration_mm_s above upper limit
2026-05-10 08:00:00,TC-01,39.7,84.9,1.0,26,Critical,motor_current_A above upper limit; oil_temperature_C above upper limit; vibration_mm_s above upper limit
2026-05-10 12:00:00,TC-01,39.0,84.4,1.0,26,Critical,motor_current_A above upper limit; oil_temperature_C above upper limit; vibration_mm_s above upper limit
2026-05-10 16:00:00,TC-01,41.6,84.2,1.0,27,Critical,motor_current_A above upper limit; oil_temperature_C above upper limit; vibration_mm_s above upper limit
2026-05-10 20:00:00,TC-01,36.7,84.4,1.0,27,Critical,motor_current_A above upper limit; oil_temperature_C above upper limit; vibration_mm_s above upper limit
2026-05-11 00:00:00,TC-01,36.4,87.0,1.0,23,Critical,motor_current_A above upper limit; oil_temperature_C above upper limit; vibration_mm_s above upper limit
2026-05-11 04:00:00,TC-01,39.3,83.8,1.0,32,Critical,motor_current_A above upper limit; oil_temperature_C above upper limit; vibration_mm_s above upper limit
2026-05-11 08:00:00,TC-01,37.4,85.5,1.0,31,Critical,motor_current_A above upper limit; oil_temperature_C above upper limit; vibration_mm_s above upper limit
2026-05-11 12:00:00,TC-01,37.0,86.4,1.0,20,Critical,motor_current_A above upper limit; oil_temperature_C above upper limit; vibration_mm_s above upper limit
2026-05-11 16:00:00,TC-01,40.4,83.7,1.0,31,Critical,motor_current_A trending high; oil_temperature_C above upper limit; vibration_mm_s above upper limit
2026-05-11 20:00:00,TC-01,37.8,86.0,1.0,27,Critical,motor_current_A above upper limit; oil_temperature_C above upper limit; vibration_mm_s above upper limit
2026-05-12 00:00:00,TC-01,40.2,83.2,1.0,29,Critical,motor_current_A trending high; oil_temperature_C above upper limit; vibration_mm_s above upper limit
2026-05-12 04:00:00,TC-01,38.2,86.8,1.0,21,Critical,motor_current_A above upper limit; oil_temperature_C above upper limit; vibration_mm_s above upper limit
2026-05-12 08:00:00,TC-01,33.8,89.7,1.0,17,Critical,motor_current_A trending high; oil_temperature_C above upper limit; vibration_mm_s trending high
2026-05-12 12:00:00,TC-01,35.9,87.7,1.0,22,Critical,motor_current_A trending high; oil_temperature_C above upper limit; vibration_mm_s trending high
2026-05-12 16:00:00,TC-01,38.3,84.9,1.0,21,Critical,motor_current_A trending high; oil_temperature_C above upper limit; vibration_mm_s above upper limit
2026-05-12 20:00:00,TC-01,38.2,87.5,1.0,25,Critical,motor_current_A above upper limit; oil_temperature_C trending high; vibration_mm_s above upper limit
2026-05-13 00:00:00,TC-01,39.2,85.1,1.0,34,Critical,motor_current_A above upper limit; oil_temperature_C above upper limit; vibration_mm_s trending high
2026-05-13 04:00:00,TC-01,35.9,86.6,1.0,20,Critical,motor_current_A trending high; oil_temperature_C above upper limit; vibration_mm_s above upper limit
2026-05-13 08:00:00,TC-01,41.4,84.2,1.0,29,Critical,motor_current_A trending high; oil_temperature_C above upper limit; vibration_mm_s trending high
2026-05-13 12:00:00,TC-01,42.3,82.9,1.0,31,Critical,motor_current_A trending high; oil_temperature_C above upper limit; vibration_mm_s trending high
2026-05-13 16:00:00,TC-01,40.1,86.3,1.0,23,Critical,motor_current_A trending high; oil_temperature_C trending high; vibration_mm_s trending high
2026-05-13 20:00:00,TC-01,32.8,88.7,1.0,17,Critical,motor_current_A above upper limit; oil_temperature_C above upper limit; vibration_mm_s trending high
2026-05-14 00:00:00,TC-01,39.5,87.6,1.0,17,Critical,motor_current_A trending high; oil_temperature_C above upper limit; vibration_mm_s above upper limit
2026-05-14 04:00:00,TC-01,38.9,85.2,1.0,22,Critical,motor_current_A trending high; oil_temperature_C above upper limit; vibration_mm_s trending high
2026-05-14 08:00:00,TC-01,40.8,85.5,1.0,21,Critical,motor_current_A trending high; oil_temperature_C trending high; vibration_mm_s above upper limit
2026-05-14 12:00:00,TC-01,38.8,85.5,1.0,27,Critical,motor_current_A above upper limit; oil_temperature_C above upper limit; vibration_mm_s above upper limit
2026-05-14 16:00:00,TC-01,39.1,84.3,1.0,25,Critical,motor_current_A trending high; oil_temperature_C trending high; vibration_mm_s trending high
2026-05-14 20:00:00,TC-01,35.9,86.6,1.0,28,Critical,motor_current_A trending high; oil_temperature_C above upper limit; vibration_mm_s trending high
2026-05-15 00:00:00,TC-01,39.3,86.5,1.0,21,Critical,motor_current_A trending high; oil_temperature_C above upper limit; vibration_mm_s above upper limit
2026-05-15 04:00:00,TC-01,38.4,83.6,1.0,30,Critical,motor_current_A trending high; oil_temperature_C above upper limit; vibration_mm_s trending high
2026-05-15 08:00:00,TC-01,36.3,85.1,1.0,26,Critical,motor_current_A trending high; oil_temperature_C above upper limit; vibration_mm_s trending high
2026-05-15 12:00:00,TC-01,38.1,85.4,1.0,18,Critical,motor_current_A above upper limit; oil_temperature_C above upper limit; vibration_mm_s above upper limit
2026-05-15 16:00:00,TC-01,39.4,83.0,1.0,25,Critical,motor_current_A above upper limit; oil_temperature_C above upper limit; vibration_mm_s trending high
2026-05-15 20:00:00,TC-01,40.1,84.9,1.0,21,Critical,motor_current_A trending high; oil_temperature_C above upper limit; vibration_mm_s above upper limit
2026-05-16 00:00:00,TC-01,38.6,84.2,1.0,23,Critical,motor_current_A above upper limit; oil_temperature_C above upper limit; vibration_mm_s above upper limit
2026-05-16 04:00:00,TC-01,39.9,85.6,1.0,23,Critical,motor_current_A above upper limit; oil_temperature_C above upper limit; vibration_mm_s above upper limit
2026-05-16 08:00:00,TC-01,34.2,86.5,1.0,23,Critical,motor_current_A above upper limit; oil_temperature_C above upper limit; vibration_mm_s above upper limit
2026-05-16 12:00:00,TC-01,36.1,89.0,1.0,20,Critical,motor_current_A above upper limit; oil_temperature_C above upper limit; vibration_mm_s trending high
2026-05-16 16:00:00,TC-01,40.0,86.6,1.0,28,Critical,motor_current_A above upper limit; oil_temperature_C above upper limit; vibration_mm_s above upper limit
2026-05-16 20:00:00,TC-01,41.4,84.0,1.0,32,Critical,motor_current_A trending high; oil_temperature_C above upper limit; vibration_mm_s above upper limit
2026-05-17 00:00:00,TC-01,40.6,82.6,1.0,31,Critical,motor_current_A above upper limit; oil_temperature_C above upper limit; vibration_mm_s above upper limit
2026-05-17 04:00:00,TC-01,41.1,80.4,1.0,29,Critical,motor_current_A above upper limit; oil_temperature_C above upper limit; vibration_mm_s above upper limit
2026-05-17 08:00:00,TC-01,40.6,84.7,1.0,25,Critical,motor_current_A trending high; oil_temperature_C above upper limit; vibration_mm_s above upper limit
2026-05-17 12:00:00,TC-01,37.6,86.8,1.0,32,Critical,motor_current_A above upper limit; oil_temperature_C above upper limit; vibration_mm_s above upper limit
2026-05-17 16:00:00,TC-01,36.6,88.0,1.0,19,Critical,motor_current_A above upper limit; oil_temperature_C above upper limit; vibration_mm_s above upper limit
2026-05-17 20:00:00,TC-01,37.6,84.6,1.0,21,Critical,motor_current_A above upper limit; oil_temperature_C above upper limit; vibration_mm_s above upper limit
2026-05-18 00:00:00,TC-01,35.3,88.0,1.0,23,Critical,motor_current_A above upper limit; oil_temperature_C above upper limit; vibration_mm_s above upper limit
2026-05-18 04:00:00,TC-01,37.7,85.0,1.0,24,Critical,motor_current_A above upper limit; oil_temperature_C above upper limit; vibration_mm_s above upper limit
2026-05-18 08:00:00,TC-01,40.1,89.6,1.0,16,Critical,motor_current_A above upper limit; oil_temperature_C above upper limit; vibration_mm_s above upper limit
2026-05-18 12:00:00,TC-01,40.2,85.1,1.0,25,Critical,motor_current_A above upper limit; oil_temperature_C above upper limit; vibration_mm_s above upper limit
2026-05-18 16:00:00,TC-01,39.8,84.7,1.0,28,Critical,motor_current_A above upper limit; oil_temperature_C above upper limit; vibration_mm_s above upper limit
2026-05-18 20:00:00,TC-01,38.1,85.5,1.0,31,Critical,motor_current_A above upper limit; oil_temperature_C above upper limit; vibration_mm_s above upper limit
2026-05-19 00:00:00,TC-01,38.5,84.4,1.0,24,Critical,motor_current_A above upper limit; oil_temperature_C above upper limit; vibration_mm_s above upper limit
2026-05-19 04:00:00,TC-01,32.7,89.4,1.0,21,Critical,motor_current_A above upper limit; oil_temperature_C above upper limit; vibration_mm_s above upper limit
2026-05-19 08:00:00,TC-01,40.8,85.9,1.0,25,Critical,motor_current_A above upper limit; oil_temperature_C above upper limit; vibration_mm_s trending high
2026-05-19 12:00:00,TC-01,43.6,81.7,1.0,29,Critical,motor_current_A above upper limit; oil_temperature_C above upper limit; vibration_mm_s above upper limit
2026-05-19 16:00:00,TC-01,40.4,81.9,1.0,30,Critical,motor_current_A trending high; oil_temperature_C above upper limit; vibration_mm_s above upper limit
2026-05-19 20:00:00,TC-01,37.3,83.9,1.0,27,Critical,motor_current_A above upper limit; oil_temperature_C above upper limit; vibration_mm_s above upper limit
2026-05-20 00:00:00,TC-01,38.3,83.5,1.0,32,Critical,motor_current_A trending high; oil_temperature_C above upper limit; vibration_mm_s above upper limit
2026-05-20 04:00:00,TC-01,36.7,85.3,1.0,20,Critical,motor_current_A trending high; oil_temperature_C above upper limit; vibration_mm_s above upper limit
2026-05-20 08:00:00,TC-01,38.2,86.8,1.0,24,Critical,motor_current_A trending high; oil_temperature_C above upper limit; vibration_mm_s trending high
2026-05-20 12:00:00,TC-01,37.4,87.6,1.0,23,Critical,motor_current_A trending high; oil_temperature_C above upper limit; vibration_mm_s trending high
2026-05-20 16:00:00,TC-01,37.1,85.0,1.0,30,Critical,motor_current_A above upper limit; oil_temperature_C above upper limit; vibration_mm_s trending high
2026-05-20 20:00:00,TC-01,36.4,87.8,1.0,18,Critical,motor_current_A trending high; oil_temperature_C above upper limit; vibration_mm_s above upper limit
2026-05-21 00:00:00,TC-01,33.4,90.6,1.0,17,Critical,motor_current_A above upper limit; oil_temperature_C above upper limit; vibration_mm_s above upper limit
2026-05-21 04:00:00,TC-01,38.4,84.7,1.0,22,Critical,motor_current_A trending high; oil_temperature_C trending high; vibration_mm_s trending high
2026-05-21 08:00:00,TC-01,41.8,81.7,1.0,32,Critical,motor_current_A trending high; oil_temperature_C above upper limit; vibration_mm_s trending high
2026-05-21 12:00:00,TC-01,42.9,84.7,1.0,26,Critical,motor_current_A trending high; oil_temperature_C trending high; vibration_mm_s trending high
2026-05-21 16:00:00,TC-01,38.4,86.3,1.0,20,Critical,motor_current_A trending high; oil_temperature_C above upper limit; vibration_mm_s trending high
2026-05-21 20:00:00,TC-01,38.3,84.0,1.0,24,Critical,motor_current_A trending high; oil_temperature_C above upper limit; vibration_mm_s trending high
2026-05-22 00:00:00,TC-01,36.7,87.1,1.0,23,Critical,motor_current_A trending high; oil_temperature_C trending high; vibration_mm_s above upper limit
2026-05-22 04:00:00,TC-01,38.9,83.5,1.0,24,Critical,motor_current_A trending high; oil_temperature_C above upper limit; vibration_mm_s trending high
2026-05-22 08:00:00,TC-01,42.9,78.4,1.0,30,Critical,motor_current_A above upper limit; oil_temperature_C above upper limit; vibration_mm_s trending high
2026-05-22 12:00:00,TC-01,38.5,86.9,1.0,16,Critical,motor_current_A trending high; oil_temperature_C above upper limit; vibration_mm_s above upper limit
2026-05-22 16:00:00,TC-01,36.5,85.5,1.0,25,Critical,motor_current_A trending high; oil_temperature_C above upper limit; vibration_mm_s trending high
2026-05-22 20:00:00,TC-01,38.3,84.6,1.0,24,Critical,motor_current_A above upper limit; oil_temperature_C above upper limit; vibration_mm_s trending high
2026-05-23 00:00:00,TC-01,37.8,86.6,1.0,23,Critical,motor_current_A above upper limit; oil_temperature_C above upper limit; vibration_mm_s trending high
2026-05-23 04:00:00,TC-01,36.8,87.4,1.0,16,Critical,motor_current_A above upper limit; oil_temperature_C above upper limit; vibration_mm_s above upper limit
2026-05-23 08:00:00,TC-01,39.2,82.8,1.0,28,Critical,motor_current_A trending high; oil_temperature_C above upper limit; vibration_mm_s above upper limit
2026-05-23 12:00:00,TC-01,41.7,83.2,1.0,23,Critical,motor_current_A above upper limit; oil_temperature_C above upper limit; vibration_mm_s above upper limit
2026-05-23 16:00:00,TC-01,40.5,85.8,1.0,22,Critical,motor_current_A above upper limit; oil_temperature_C above upper limit; vibration_mm_s above upper limit
2026-05-23 20:00:00,TC-01,35.9,83.8,1.0,27,Critical,motor_current_A above upper limit; oil_temperature_C above upper limit; vibration_mm_s above upper limit
2026-05-24 00:00:00,TC-01,38.5,86.6,1.0,22,Critical,motor_current_A trending high; oil_temperature_C above upper limit; vibration_mm_s above upper limit
2026-05-24 04:00:00,TC-01,37.7,84.9,1.0,24,Critical,motor_current_A above upper limit; oil_temperature_C above upper limit; vibration_mm_s above upper limit
2026-05-24 08:00:00,TC-01,32.2,88.0,1.0,23,Critical,motor_current_A above upper limit; oil_temperature_C above upper limit; vibration_mm_s above upper limit
2026-05-24 12:00:00,TC-01,38.2,85.4,1.0,26,Critical,motor_current_A above upper limit; oil_temperature_C above upper limit; vibration_mm_s above upper limit
2026-05-24 16:00:00,TC-01,38.7,85.7,1.0,16,Critical,motor_current_A above upper limit; oil_temperature_C above upper limit; vibration_mm_s above upper limit
2026-05-24 20:00:00,TC-01,39.2,85.4,1.0,22,Critical,motor_current_A above upper limit; oil_temperature_C above upper limit; vibration_mm_s above upper limit
2026-05-25 00:00:00,TC-01,38.8,85.3,1.0,25,Critical,motor_current_A above upper limit; oil_temperature_C above upper limit; vibration_mm_s above upper limit
2026-05-25 04:00:00,TC-01,36.5,89.0,1.0,23,Critical,motor_current_A above upper limit; oil_temperature_C above upper limit; vibration_mm_s above upper limit
2026-05-25 08:00:00,TC-01,34.7,85.8,1.0,21,Critical,motor_current_A above upper limit; oil_temperature_C above upper limit; vibration_mm_s above upper limit
2026-05-25 12:00:00,TC-01,39.2,84.4,1.0,23,Critical,motor_current_A above upper limit; oil_temperature_C above upper limit; vibration_mm_s above upper limit
2026-05-25 16:00:00,TC-01,36.7,86.5,1.0,22,Critical,motor_current_A above upper limit; oil_temperature_C above upper limit; vibration_mm_s above upper limit
2026-05-25 20:00:00,TC-01,37.6,86.7,1.0,15,Critical,motor_current_A above upper limit; oil_temperature_C above upper limit; vibration_mm_s above upper limit
2026-05-26 00:00:00,TC-01,37.7,87.8,1.0,18,Critical,motor_current_A above upper limit; oil_temperature_C above upper limit; vibration_mm_s above upper limit
2026-05-26 04:00:00,TC-01,41.1,82.4,1.0,26,Critical,motor_current_A above upper limit; oil_temperature_C above upper limit; vibration_mm_s above upper limit
2026-05-26 08:00:00,TC-01,38.8,84.9,1.0,30,Critical,motor_current_A above upper limit; oil_temperature_C above upper limit; vibration_mm_s above upper limit
2026-05-26 12:00:00,TC-01,37.7,86.3,1.0,19,Critical,motor_current_A above upper limit; oil_temperature_C above upper limit; vibration_mm_s above upper limit
2026-05-26 16:00:00,TC-01,38.0,86.1,1.0,24,Critical,motor_current_A above upper limit; oil_temperature_C above upper limit; vibration_mm_s above upper limit
2026-05-26 20:00:00,TC-01,37.6,84.9,1.0,22,Critical,motor_current_A above upper limit; oil_temperature_C above upper limit; vibration_mm_s above upper limit
2026-05-27 00:00:00,TC-01,38.2,85.8,1.0,22,Critical,motor_current_A above upper limit; oil_temperature_C above upper limit; vibration_mm_s above upper limit
2026-05-27 04:00:00,TC-01,39.4,84.0,1.0,28,Critical,motor_current_A trending high; oil_temperature_C above upper limit; vibration_mm_s above upper limit
2026-05-27 08:00:00,TC-01,37.7,88.5,1.0,18,Critical,motor_current_A trending high; oil_temperature_C above upper limit; vibration_mm_s trending high
2026-05-27 12:00:00,TC-01,40.2,85.7,1.0,22,Critical,motor_current_A above upper limit; oil_temperature_C above upper limit; vibration_mm_s above upper limit
2026-05-27 16:00:00,TC-01,36.8,87.7,1.0,9,Critical,motor_current_A above upper limit; oil_temperature_C above upper limit; vibration_mm_s trending high
2026-05-27 20:00:00,TC-01,38.6,87.3,1.0,18,Critical,motor_current_A trending high; oil_temperature_C above upper limit; vibration_mm_s trending high
2026-05-28 00:00:00,TC-01,42.0,83.7,1.0,25,Critical,motor_current_A above upper limit; oil_temperature_C above upper limit; vibration_mm_s trending high
2026-05-28 04:00:00,TC-01,39.2,85.3,1.0,34,Critical,motor_current_A trending high; oil_temperature_C above upper limit; vibration_mm_s above upper limit
2026-05-28 08:00:00,TC-01,37.7,87.0,1.0,20,Critical,motor_current_A above upper limit; oil_temperature_C trending high; vibration_mm_s trending high
2026-05-28 12:00:00,TC-01,36.5,89.3,1.0,20,Critical,motor_current_A trending high; oil_temperature_C above upper limit; vibration_mm_s above upper limit
2026-05-28 16:00:00,TC-01,38.4,86.6,1.0,20,Critical,motor_current_A trending high; oil_temperature_C above upper limit; vibration_mm_s trending high
2026-05-28 20:00:00,TC-01,36.8,86.3,1.0,19,Critical,motor_current_A trending high; oil_temperature_C above upper limit; vibration_mm_s above upper limit
2026-05-29 00:00:00,TC-01,36.3,87.0,1.0,21,Critical,motor_current_A above upper limit; oil_temperature_C above upper limit; vibration_mm_s above upper limit
2026-05-29 04:00:00,TC-01,36.9,85.3,1.0,24,Critical,motor_current_A trending high; oil_temperature_C trending high; vibration_mm_s above upper limit
2026-05-29 08:00:00,TC-01,35.0,87.6,1.0,22,Critical,motor_current_A trending high; oil_temperature_C above upper limit; vibration_mm_s trending high
2026-05-29 12:00:00,TC-01,41.7,83.8,1.0,27,Critical,motor_current_A trending high; oil_temperature_C above upper limit; vibration_mm_s trending high
2026-05-29 16:00:00,TC-01,41.3,83.4,1.0,23,Critical,motor_current_A trending high; oil_temperature_C above upper limit; vibration_mm_s trending high
2026-05-29 20:00:00,TC-01,40.6,84.1,1.0,29,Critical,motor_current_A above upper limit; oil_temperature_C trending high; vibration_mm_s trending high
2026-05-30 00:00:00,TC-01,36.8,87.0,1.0,21,Critical,motor_current_A trending high; oil_temperature_C above upper limit; vibration_mm_s trending high
2026-05-30 04:00:00,TC-01,38.7,84.8,1.0,25,Critical,motor_current_A above upper limit; oil_temperature_C trending high; vibration_mm_s above upper limit
2026-05-30 08:00:00,TC-01,40.8,83.1,1.0,20,Critical,motor_current_A trending high; oil_temperature_C above upper limit; vibration_mm_s above upper limit
2026-05-30 12:00:00,TC-01,40.9,83.5,1.0,22,Critical,motor_current_A trending high; oil_temperature_C above upper limit; vibration_mm_s above upper limit
2026-05-30 16:00:00,TC-01,39.1,84.0,1.0,22,Critical,motor_current_A trending high; oil_temperature_C above upper limit; vibration_mm_s trending high
2026-05-30 20:00:00,TC-01,38.0,86.5,1.0,17,Critical,motor_current_A above upper limit; oil_temperature_C above upper limit; vibration_mm_s above upper limit
2026-05-31 00:00:00,TC-01,40.2,82.6,1.0,31,Critical,motor_current_A trending high; oil_temperature_C above upper limit; vibration_mm_s above upper limit
2026-05-31 04:00:00,TC-01,37.7,85.9,1.0,28,Critical,motor_current_A above upper limit; oil_temperature_C above upper limit; vibration_mm_s trending high
2026-05-31 08:00:00,TC-01,34.4,87.5,1.0,18,Critical,motor_current_A trending high; oil_temperature_C above upper limit; vibration_mm_s above upper limit
2026-05-31 12:00:00,TC-01,36.2,86.4,1.0,19,Critical,motor_current_A above upper limit; oil_temperature_C above upper limit; vibration_mm_s above upper limit
2026-05-31 16:00:00,TC-01,37.7,86.0,1.0,16,Critical,motor_current_A above upper limit; oil_temperature_C above upper limit; vibration_mm_s above upper limit
2026-05-31 20:00:00,TC-01,36.4,88.9,1.0,13,Critical,motor_current_A above upper limit; oil_temperature_C above upper limit; vibration_mm_s above upper limit
2026-06-01 00:00:00,TC-01,36.7,87.8,1.0,22,Critical,motor_current_A above upper limit; oil_temperature_C above upper limit; vibration_mm_s above upper limit
2026-06-01 04:00:00,TC-01,36.0,85.8,1.0,17,Critical,motor_current_A trending high; oil_temperature_C above upper limit; vibration_mm_s above upper limit
2026-06-01 08:00:00,TC-01,38.0,88.3,1.0,12,Critical,motor_current_A above upper limit; oil_temperature_C above upper limit; vibration_mm_s above upper limit
2026-06-01 12:00:00,TC-01,37.6,88.8,1.0,14,Critical,motor_current_A above upper limit; oil_temperature_C above upper limit; vibration_mm_s above upper limit
2026-06-01 16:00:00,TC-01,34.9,85.8,1.0,18,Critical,motor_current_A above upper limit; oil_temperature_C above upper limit; vibration_mm_s above upper limit
2026-06-01 20:00:00,TC-01,38.8,85.6,1.0,21,Critical,motor_current_A above upper limit; oil_temperature_C above upper limit; vibration_mm_s above upper limit
2026-06-02 00:00:00,TC-01,36.4,86.3,1.0,22,Critical,motor_current_A above upper limit; oil_temperature_C above upper limit; vibration_mm_s above upper limit
2026-06-02 04:00:00,TC-01,36.3,89.4,1.0,16,Critical,motor_current_A above upper limit; oil_temperature_C above upper limit; vibration_mm_s above upper limit
2026-06-02 08:00:00,TC-01,38.6,84.5,1.0,18,Critical,motor_current_A above upper limit; oil_temperature_C above upper limit; vibration_mm_s above upper limit
2026-06-02 12:00:00,TC-01,40.1,83.1,1.0,27,Critical,motor_current_A above upper limit; oil_temperature_C above upper limit; vibration_mm_s above upper limit
2026-06-02 16:00:00,TC-01,41.1,84.3,1.0,21,Critical,motor_current_A above upper limit; oil_temperature_C above upper limit; vibration_mm_s above upper limit
2026-06-02 20:00:00,TC-01,39.6,85.8,1.0,20,Critical,motor_current_A above upper limit; oil_temperature_C above upper limit; vibration_mm_s above upper limit
2026-06-03 00:00:00,TC-01,38.0,87.3,1.0,16,Critical,motor_current_A above upper limit; oil_temperature_C above upper limit; vibration_mm_s above upper limit
2026-06-03 04:00:00,TC-01,40.8,84.7,1.0,28,Critical,motor_current_A above upper limit; oil_temperature_C above upper limit; vibration_mm_s above upper limit
2026-06-03 08:00:00,TC-01,35.9,87.3,1.0,22,Critical,motor_current_A above upper limit; oil_temperature_C above upper limit; vibration_mm_s above upper limit
2026-06-03 12:00:00,TC-01,36.6,85.4,1.0,19,Critical,motor_current_A trending high; oil_temperature_C above upper limit; vibration_mm_s above upper limit
2026-06-03 16:00:00,TC-01,40.0,85.6,1.0,18,Critical,motor_current_A above upper limit; oil_temperature_C above upper limit; vibration_mm_s above upper limit
2026-06-03 20:00:00,TC-01,38.7,84.1,1.0,23,Critical,motor_current_A above upper limit; oil_temperature_C above upper limit; vibration_mm_s trending high
2026-06-04 00:00:00,TC-01,38.0,87.3,1.0,9,Critical,motor_current_A trending high; oil_temperature_C above upper limit; vibration_mm_s trending high
2026-06-04 04:00:00,TC-01,38.8,85.3,1.0,18,Critical,motor_current_A trending high; oil_temperature_C above upper limit; vibration_mm_s trending high
2026-06-04 08:00:00,TC-01,40.1,84.4,1.0,26,Critical,motor_current_A trending high; oil_temperature_C trending high; vibration_mm_s trending high
2026-06-04 12:00:00,TC-01,38.9,85.6,1.0,23,Critical,motor_current_A above upper limit; oil_temperature_C above upper limit; vibration_mm_s above upper limit
2026-06-04 16:00:00,TC-01,38.0,83.8,1.0,22,Critical,motor_current_A trending high; oil_temperature_C above upper limit; vibration_mm_s trending high
2026-06-04 20:00:00,TC-01,38.2,84.6,1.0,22,Critical,motor_current_A trending high; oil_temperature_C above upper limit; vibration_mm_s trending high
2026-06-05 00:00:00,TC-01,34.4,85.8,1.0,21,Critical,motor_current_A trending high; oil_temperature_C above upper limit; vibration_mm_s trending high
2026-06-05 04:00:00,TC-01,38.8,85.5,1.0,19,Critical,motor_current_A trending high; oil_temperature_C above upper limit; vibration_mm_s trending high
2026-06-05 08:00:00,TC-01,38.4,84.7,1.0,27,Critical,motor_current_A trending high; oil_temperature_C above upper limit; vibration_mm_s above upper limit
2026-06-05 12:00:00,TC-01,40.3,85.2,1.0,25,Critical,motor_current_A above upper limit; oil_temperature_C above upper limit; vibration_mm_s above upper limit
2026-06-05 16:00:00,TC-01,37.8,85.3,1.0,19,Critical,motor_current_A trending high; oil_temperature_C above upper limit; vibration_mm_s trending high
2026-06-05 20:00:00,TC-01,37.4,85.7,1.0,24,Critical,motor_current_A trending high; oil_temperature_C above upper limit; vibration_mm_s trending high
2026-06-06 00:00:00,TC-01,40.3,84.7,1.0,18,Critical,motor_current_A trending high; oil_temperature_C above upper limit; vibration_mm_s trending high
2026-06-06 04:00:00,TC-01,37.8,82.7,1.0,23,Critical,motor_current_A trending high; oil_temperature_C above upper limit; vibration_mm_s above upper limit
2026-06-06 08:00:00,TC-01,38.0,84.4,1.0,27,Critical,motor_current_A trending high; oil_temperature_C above upper limit; vibration_mm_s above upper limit
2026-06-06 12:00:00,TC-01,36.2,84.5,1.0,25,Critical,motor_current_A trending high; oil_temperature_C above upper limit; vibration_mm_s trending high
2026-06-06 16:00:00,TC-01,36.8,88.7,1.0,13,Critical,motor_current_A trending high; oil_temperature_C above upper limit; vibration_mm_s trending high
2026-06-06 20:00:00,TC-01,36.6,86.3,1.0,16,Critical,motor_current_A trending high; oil_temperature_C above upper limit; vibration_mm_s above upper limit
2026-06-07 00:00:00,TC-01,38.3,85.6,1.0,20,Critical,motor_current_A trending high; oil_temperature_C above upper limit; vibration_mm_s above upper limit
2026-06-07 04:00:00,TC-01,35.7,89.3,1.0,19,Critical,motor_current_A above upper limit; oil_temperature_C above upper limit; vibration_mm_s above upper limit
2026-06-07 08:00:00,TC-01,34.2,90.5,1.0,14,Critical,motor_current_A above upper limit; oil_temperature_C above upper limit; vibration_mm_s above upper limit
2026-06-07 12:00:00,TC-01,37.1,87.6,1.0,16,Critical,motor_current_A above upper limit; oil_temperature_C above upper limit; vibration_mm_s above upper limit
2026-06-07 16:00:00,TC-01,36.5,90.7,1.0,4,Critical,motor_current_A above upper limit; oil_temperature_C above upper limit; vibration_mm_s above upper limit
2026-06-07 20:00:00,TC-01,38.5,88.7,1.0,20,Critical,motor_current_A above upper limit; oil_temperature_C above upper limit; vibration_mm_s above upper limit
2026-06-08 00:00:00,TC-01,39.3,87.5,1.0,21,Critical,motor_current_A above upper limit; oil_temperature_C above upper limit; vibration_mm_s above upper limit
2026-06-08 04:00:00,TC-01,37.4,87.2,1.0,14,Critical,motor_current_A trending high; oil_temperature_C above upper limit; vibration_mm_s above upper limit
2026-06-08 08:00:00,TC-01,41.2,83.3,1.0,27,Critical,motor_current_A above upper limit; oil_temperature_C above upper limit; vibration_mm_s above upper limit
2026-06-08 12:00:00,TC-01,36.9,85.9,1.0,15,Critical,motor_current_A above upper limit; oil_temperature_C above upper limit; vibration_mm_s above upper limit
2026-06-08 16:00:00,TC-01,39.7,85.3,1.0,30,Critical,motor_current_A above upper limit; oil_temperature_C above upper limit; vibration_mm_s above upper limit
2026-06-08 20:00:00,TC-01,38.5,86.0,1.0,24,Critical,motor_current_A above upper limit; oil_temperature_C above upper limit; vibration_mm_s above upper limit
2026-06-09 00:00:00,TC-01,38.7,85.9,1.0,23,Critical,motor_current_A above upper limit; oil_temperature_C above upper limit; vibration_mm_s above upper limit
2026-06-09 04:00:00,TC-01,36.6,88.2,1.0,14,Critical,motor_current_A trending high; oil_temperature_C above upper limit; vibration_mm_s above upper limit
2026-06-09 08:00:00,TC-01,35.2,86.4,1.0,20,Critical,motor_current_A above upper limit; oil_temperature_C above upper limit; vibration_mm_s above upper limit
2026-06-09 12:00:00,TC-01,39.4,87.7,1.0,21,Critical,motor_current_A above upper limit; oil_temperature_C above upper limit; vibration_mm_s above upper limit
2026-06-09 16:00:00,TC-01,43.9,80.9,1.0,33,Critical,motor_current_A above upper limit; oil_temperature_C above upper limit; vibration_mm_s above upper limit
2026-06-09 20:00:00,TC-01,38.8,84.2,1.0,28,Critical,motor_current_A above upper limit; oil_temperature_C above upper limit; vibration_mm_s above upper limit
2026-06-10 00:00:00,TC-01,37.1,86.1,1.0,16,Critical,motor_current_A above upper limit; oil_temperature_C above upper limit; vibration_mm_s above upper limit
2026-06-10 04:00:00,TC-01,35.5,91.3,1.0,10,Critical,motor_current_A above upper limit; oil_temperature_C above upper limit; vibration_mm_s above upper limit
2026-06-10 08:00:00,TC-01,35.9,88.9,1.0,20,Critical,motor_current_A above upper limit; oil_temperature_C above upper limit; vibration_mm_s above upper limit
2026-06-10 12:00:00,TC-01,36.7,87.2,1.0,20,Critical,motor_current_A above upper limit; oil_temperature_C above upper limit; vibration_mm_s above upper limit
2026-06-10 16:00:00,TC-01,38.5,87.1,1.0,24,Critical,motor_current_A above upper limit; oil_temperature_C above upper limit; vibration_mm_s above upper limit
2026-06-10 20:00:00,TC-01,35.5,90.4,1.0,5,Critical,motor_current_A above upper limit; oil_temperature_C above upper limit; vibration_mm_s above upper limit
2026-06-11 00:00:00,TC-01,36.4,87.8,1.0,10,Critical,motor_current_A trending high; oil_temperature_C above upper limit; vibration_mm_s above upper limit
2026-06-11 04:00:00,TC-01,37.7,87.4,1.0,14,Critical,motor_current_A above upper limit; oil_temperature_C above upper limit; vibration_mm_s above upper limit
2026-06-11 08:00:00,TC-01,41.9,83.6,1.0,25,Critical,motor_current_A trending high; oil_temperature_C above upper limit; vibration_mm_s above upper limit
2026-06-11 12:00:00,TC-01,40.2,84.4,1.0,20,Critical,motor_current_A trending high; oil_temperature_C above upper limit; vibration_mm_s above upper limit
2026-06-11 16:00:00,TC-01,37.8,87.1,1.0,7,Critical,motor_current_A trending high; oil_temperature_C above upper limit; vibration_mm_s above upper limit
2026-06-11 20:00:00,TC-01,37.7,86.2,1.0,16,Critical,motor_current_A above upper limit; oil_temperature_C above upper limit; vibration_mm_s above upper limit
2026-06-12 00:00:00,TC-01,39.6,83.5,1.0,22,Critical,motor_current_A trending high; oil_temperature_C above upper limit; vibration_mm_s above upper limit
2026-06-12 04:00:00,TC-01,36.9,87.3,1.0,18,Critical,motor_current_A trending high; oil_temperature_C trending high; vibration_mm_s trending high
2026-06-12 08:00:00,TC-01,36.9,86.7,1.0,14,Critical,motor_current_A trending high; oil_temperature_C above upper limit; vibration_mm_s trending high
2026-06-12 12:00:00,TC-01,34.8,90.4,1.0,11,Critical,motor_current_A trending high; oil_temperature_C above upper limit; vibration_mm_s above upper limit
2026-06-12 16:00:00,TC-01,38.9,88.8,1.0,20,Critical,motor_current_A above upper limit; oil_temperature_C above upper limit; vibration_mm_s trending high
2026-06-12 20:00:00,TC-01,39.2,85.2,1.0,23,Critical,motor_current_A trending high; oil_temperature_C trending high; vibration_mm_s trending high
2026-06-13 00:00:00,TC-01,35.5,90.5,1.0,14,Critical,motor_current_A trending high; oil_temperature_C above upper limit; vibration_mm_s trending high
2026-06-13 04:00:00,TC-01,37.7,84.0,1.0,28,Critical,motor_current_A trending high; oil_temperature_C above upper limit; vibration_mm_s trending high
2026-06-13 08:00:00,TC-01,38.3,86.7,1.0,22,Critical,motor_current_A above upper limit; oil_temperature_C above upper limit; vibration_mm_s above upper limit
2026-06-13 12:00:00,TC-01,37.9,87.7,1.0,19,Critical,motor_current_A trending high; oil_temperature_C above upper limit; vibration_mm_s above upper limit
2026-06-13 16:00:00,TC-01,38.2,86.3,1.0,22,Critical,motor_current_A trending high; oil_temperature_C above upper limit; vibration_mm_s trending high
2026-06-13 20:00:00,TC-01,37.9,84.1,1.0,22,Critical,motor_current_A trending high; oil_temperature_C above upper limit; vibration_mm_s trending high
2026-06-14 00:00:00,TC-01,39.0,86.3,1.0,18,Critical,motor_current_A trending high; oil_temperature_C above upper limit; vibration_mm_s trending high
2026-06-14 04:00:00,TC-01,40.1,84.4,1.0,27,Critical,motor_current_A trending high; oil_temperature_C above upper limit; vibration_mm_s trending high
2026-06-14 08:00:00,TC-01,35.4,86.7,1.0,19,Critical,motor_current_A trending high; oil_temperature_C above upper limit; vibration_mm_s trending high
2026-06-14 12:00:00,TC-01,40.8,82.1,1.0,17,Critical,motor_current_A above upper limit; oil_temperature_C above upper limit; vibration_mm_s above upper limit
2026-06-14 16:00:00,TC-01,39.5,85.1,1.0,19,Critical,motor_current_A above upper limit; oil_temperature_C above upper limit; vibration_mm_s trending high
2026-06-14 20:00:00,TC-01,36.8,88.3,1.0,11,Critical,motor_current_A above upper limit; oil_temperature_C above upper limit; vibration_mm_s above upper limit
2026-06-15 00:00:00,TC-01,37.8,87.8,1.0,21,Critical,motor_current_A trending high; oil_temperature_C above upper limit; vibration_mm_s above upper limit
2026-06-15 04:00:00,TC-01,37.8,87.4,1.0,13,Critical,motor_current_A above upper limit; oil_temperature_C above upper limit; vibration_mm_s above upper limit
2026-06-15 08:00:00,TC-01,36.7,87.6,1.0,19,Critical,motor_current_A above upper limit; oil_temperature_C above upper limit; vibration_mm_s above upper limit
2026-06-15 12:00:00,TC-01,36.7,90.5,1.0,13,Critical,motor_current_A above upper limit; oil_temperature_C above upper limit; vibration_mm_s above upper limit
2026-06-15 16:00:00,TC-01,37.3,86.1,1.0,9,Critical,motor_current_A trending high; oil_temperature_C above upper limit; vibration_mm_s above upper limit
2026-06-15 20:00:00,TC-01,37.2,86.1,1.0,20,Critical,motor_current_A above upper limit; oil_temperature_C above upper limit; vibration_mm_s above upper limit
2026-06-16 00:00:00,TC-01,39.2,85.0,1.0,25,Critical,motor_current_A above upper limit; oil_temperature_C above upper limit; vibration_mm_s above upper limit
2026-06-16 04:00:00,TC-01,36.2,86.3,1.0,15,Critical,motor_current_A above upper limit; oil_temperature_C above upper limit; vibration_mm_s above upper limit
2026-06-16 08:00:00,TC-01,38.2,87.4,1.0,13,Critical,motor_current_A above upper limit; oil_temperature_C above upper limit; vibration_mm_s above upper limit
2026-06-16 12:00:00,TC-01,39.5,85.9,1.0,25,Critical,motor_current_A above upper limit; oil_temperature_C above upper limit; vibration_mm_s above upper limit
2026-06-16 16:00:00,TC-01,37.5,86.4,1.0,16,Critical,motor_current_A above upper limit; oil_temperature_C above upper limit; vibration_mm_s above upper limit
2026-06-16 20:00:00,TC-01,40.0,86.3,1.0,19,Critical,motor_current_A above upper limit; oil_temperature_C above upper limit; vibration_mm_s above upper limit
2026-06-17 00:00:00,TC-01,35.2,87.0,1.0,23,Critical,motor_current_A above upper limit; oil_temperature_C above upper limit; vibration_mm_s above upper limit
2026-06-17 04:00:00,TC-01,35.7,88.7,1.0,14,Critical,motor_current_A above upper limit; oil_temperature_C above upper limit; vibration_mm_s above upper limit
2026-06-17 08:00:00,TC-01,40.8,88.4,1.0,8,Critical,motor_current_A above upper limit; oil_temperature_C above upper limit; vibration_mm_s above upper limit
2026-06-17 12:00:00,TC-01,38.2,85.0,1.0,24,Critical,motor_current_A above upper limit; oil_temperature_C above upper limit; vibration_mm_s above upper limit
2026-06-17 16:00:00,TC-01,36.8,86.7,1.0,11,Critical,motor_current_A trending high; oil_temperature_C above upper limit; vibration_mm_s above upper limit
2026-06-17 20:00:00,TC-01,36.3,88.0,1.0,10,Critical,motor_current_A trending high; oil_temperature_C above upper limit; vibration_mm_s above upper limit
2026-06-18 00:00:00,TC-01,38.4,84.6,1.0,19,Critical,motor_current_A above upper limit; oil_temperature_C above upper limit; vibration_mm_s above upper limit
2026-06-18 04:00:00,TC-01,38.0,83.9,1.0,31,Critical,motor_current_A above upper limit; oil_temperature_C above upper limit; vibration_mm_s above upper limit
2026-06-18 08:00:00,TC-01,37.0,86.7,1.0,19,Critical,motor_current_A above upper limit; oil_temperature_C above upper limit; vibration_mm_s above upper limit
2026-06-18 12:00:00,TC-01,36.5,86.3,1.0,10,Critical,motor_current_A above upper limit; oil_temperature_C above upper limit; vibration_mm_s above upper limit
2026-06-18 16:00:00,TC-01,38.6,84.9,1.0,19,Critical,motor_current_A above upper limit; oil_temperature_C above upper limit; vibration_mm_s above upper limit
2026-06-18 20:00:00,TC-01,44.4,82.3,1.0,33,Critical,motor_current_A trending high; oil_temperature_C above upper limit; vibration_mm_s trending high
2026-06-19 00:00:00,TC-01,37.5,86.9,1.0,14,Critical,motor_current_A trending high; oil_temperature_C above upper limit; vibration_mm_s above upper limit
2026-06-19 04:00:00,TC-01,37.1,87.2,1.0,21,Critical,motor_current_A trending high; oil_temperature_C above upper limit; vibration_mm_s above upper limit
2026-06-19 08:00:00,TC-01,35.5,87.8,1.0,12,Critical,motor_current_A above upper limit; oil_temperature_C above upper limit; vibration_mm_s above upper limit
2026-06-19 12:00:00,TC-01,37.7,87.9,1.0,10,Critical,motor_current_A trending high; oil_temperature_C above upper limit; vibration_mm_s trending high
2026-06-19 16:00:00,TC-01,38.5,85.1,1.0,19,Critical,motor_current_A trending high; oil_temperature_C above upper limit; vibration_mm_s above upper limit
2026-06-19 20:00:00,TC-01,39.5,85.9,1.0,19,Critical,motor_current_A trending high; oil_temperature_C above upper limit; vibration_mm_s trending high
2026-06-20 00:00:00,TC-01,36.8,86.2,1.0,18,Critical,motor_current_A trending high; oil_temperature_C above upper limit; vibration_mm_s trending high
2026-06-20 04:00:00,TC-01,37.4,85.9,1.0,13,Critical,motor_current_A trending high; oil_temperature_C above upper limit; vibration_mm_s trending high
2026-06-20 08:00:00,TC-01,38.9,88.6,1.0,15,Critical,motor_current_A above upper limit; oil_temperature_C trending high; vibration_mm_s trending high
2026-06-20 12:00:00,TC-01,36.4,88.9,1.0,8,Critical,motor_current_A above upper limit; oil_temperature_C above upper limit; vibration_mm_s above upper limit
2026-06-20 16:00:00,TC-01,37.1,86.6,1.0,19,Critical,motor_current_A trending high; oil_temperature_C trending high; vibration_mm_s trending high
2026-06-20 20:00:00,TC-01,35.1,89.1,1.0,14,Critical,motor_current_A above upper limit; oil_temperature_C above upper limit; vibration_mm_s trending high
2026-06-21 00:00:00,TC-01,38.9,87.7,1.0,19,Critical,motor_current_A trending high; oil_temperature_C above upper limit; vibration_mm_s above upper limit
2026-06-21 04:00:00,TC-01,38.0,83.8,1.0,24,Critical,motor_current_A trending high; oil_temperature_C above upper limit; vibration_mm_s above upper limit
2026-06-21 08:00:00,TC-01,37.2,85.2,1.0,24,Critical,motor_current_A trending high; oil_temperature_C trending high; vibration_mm_s above upper limit
2026-06-21 12:00:00,TC-01,41.1,85.3,1.0,17,Critical,motor_current_A trending high; oil_temperature_C above upper limit; vibration_mm_s above upper limit
2026-06-21 16:00:00,TC-01,39.1,84.5,1.0,23,Critical,motor_current_A trending high; oil_temperature_C above upper limit; vibration_mm_s above upper limit
2026-06-21 20:00:00,TC-01,40.5,86.6,1.0,17,Critical,motor_current_A trending high; oil_temperature_C above upper limit; vibration_mm_s trending high
2026-06-22 00:00:00,TC-01,40.6,85.6,1.0,20,Critical,motor_current_A trending high; oil_temperature_C above upper limit; vibration_mm_s above upper limit
2026-06-22 04:00:00,TC-01,39.0,85.2,1.0,20,Critical,motor_current_A above upper limit; oil_temperature_C above upper limit; vibration_mm_s above upper limit
2026-06-22 08:00:00,TC-01,38.6,85.6,1.0,13,Critical,motor_current_A above upper limit; oil_temperature_C above upper limit; vibration_mm_s above upper limit
2026-06-22 12:00:00,TC-01,39.2,85.3,1.0,16,Critical,motor_current_A trending high; oil_temperature_C above upper limit; vibration_mm_s above upper limit
2026-06-22 16:00:00,TC-01,39.3,84.2,1.0,18,Critical,motor_current_A above upper limit; oil_temperature_C above upper limit; vibration_mm_s above upper limit
2026-06-22 20:00:00,TC-01,38.0,83.4,1.0,23,Critical,motor_current_A above upper limit; oil_temperature_C above upper limit; vibration_mm_s above upper limit
2026-06-23 00:00:00,TC-01,38.4,86.2,1.0,16,Critical,motor_current_A trending high; oil_temperature_C above upper limit; vibration_mm_s above upper limit
2026-06-23 04:00:00,TC-01,38.9,83.0,1.0,21,Critical,motor_current_A trending high; oil_temperature_C above upper limit; vibration_mm_s above upper limit
2026-06-23 08:00:00,TC-01,34.8,86.9,1.0,7,Critical,motor_current_A above upper limit; oil_temperature_C above upper limit; vibration_mm_s above upper limit
2026-06-23 12:00:00,TC-01,36.9,88.9,1.0,9,Critical,motor_current_A above upper limit; oil_temperature_C above upper limit; vibration_mm_s above upper limit
2026-06-23 16:00:00,TC-01,37.8,85.5,1.0,19,Critical,motor_current_A above upper limit; oil_temperature_C above upper limit; vibration_mm_s above upper limit
2026-06-23 20:00:00,TC-01,37.1,85.0,1.0,21,Critical,motor_current_A above upper limit; oil_temperature_C above upper limit; vibration_mm_s above upper limit
2026-06-24 00:00:00,TC-01,36.3,89.6,1.0,12,Critical,motor_current_A above upper limit; oil_temperature_C above upper limit; vibration_mm_s trending high
2026-06-24 04:00:00,TC-01,37.2,85.6,1.0,16,Critical,motor_current_A above upper limit; oil_temperature_C above upper limit; vibration_mm_s above upper limit
2026-06-24 08:00:00,TC-01,39.3,86.8,1.0,21,Critical,motor_current_A above upper limit; oil_temperature_C above upper limit; vibration_mm_s above upper limit
2026-06-24 12:00:00,TC-01,38.1,86.3,1.0,17,Critical,motor_current_A above upper limit; oil_temperature_C above upper limit; vibration_mm_s above upper limit
2026-06-24 16:00:00,TC-01,37.3,87.1,1.0,16,Critical,motor_current_A above upper limit; oil_temperature_C above upper limit; vibration_mm_s above upper limit
2026-06-24 20:00:00,TC-01,38.0,84.3,1.0,17,Critical,motor_current_A above upper limit; oil_temperature_C above upper limit; vibration_mm_s above upper limit
2026-06-25 00:00:00,TC-01,37.3,86.5,1.0,27,Critical,motor_current_A above upper limit; oil_temperature_C above upper limit; vibration_mm_s above upper limit
2026-06-25 04:00:00,TC-01,39.9,86.8,1.0,22,Critical,motor_current_A above upper limit; oil_temperature_C above upper limit; vibration_mm_s above upper limit
2026-06-25 08:00:00,TC-01,37.4,86.8,1.0,12,Critical,motor_current_A above upper limit; oil_temperature_C above upper limit; vibration_mm_s above upper limit
2026-06-25 12:00:00,TC-01,40.2,84.8,1.0,20,Critical,motor_current_A above upper limit; oil_temperature_C above upper limit; vibration_mm_s above upper limit
2026-06-25 16:00:00,TC-01,38.7,84.7,1.0,20,Critical,motor_current_A above upper limit; oil_temperature_C above upper limit; vibration_mm_s above upper limit
2026-06-25 20:00:00,TC-01,37.7,86.0,1.0,17,Critical,motor_current_A trending high; oil_temperature_C above upper limit; vibration_mm_s above upper limit
2026-06-26 00:00:00,TC-01,41.6,81.2,1.0,20,Critical,motor_current_A above upper limit; oil_temperature_C above upper limit; vibration_mm_s above upper limit
2026-06-26 04:00:00,TC-01,37.8,86.7,1.0,19,Critical,motor_current_A above upper limit; oil_temperature_C above upper limit; vibration_mm_s trending high
2026-06-26 08:00:00,TC-01,39.6,87.5,1.0,7,Critical,motor_current_A trending high; oil_temperature_C above upper limit; vibration_mm_s above upper limit
2026-06-26 12:00:00,TC-01,35.2,85.7,1.0,19,Critical,motor_current_A trending high; oil_temperature_C above upper limit; vibration_mm_s above upper limit
2026-06-26 16:00:00,TC-01,37.6,85.7,1.0,18,Critical,motor_current_A trending high; oil_temperature_C above upper limit; vibration_mm_s above upper limit
2026-06-26 20:00:00,TC-01,42.4,83.9,1.0,19,Critical,motor_current_A above upper limit; oil_temperature_C above upper limit; vibration_mm_s above upper limit
2026-06-27 00:00:00,TC-01,37.8,86.2,1.0,20,Critical,motor_current_A trending high; oil_temperature_C above upper limit; vibration_mm_s trending high
2026-06-27 04:00:00,TC-01,41.1,83.6,1.0,18,Critical,motor_current_A above upper limit; oil_temperature_C above upper limit; vibration_mm_s above upper limit
2026-06-27 08:00:00,TC-01,40.1,85.0,1.0,17,Critical,motor_current_A trending high; oil_temperature_C trending high; vibration_mm_s above upper limit
2026-06-27 12:00:00,TC-01,38.1,87.2,1.0,13,Critical,motor_current_A trending high; oil_temperature_C above upper limit; vibration_mm_s trending high
2026-06-27 16:00:00,TC-01,37.0,86.5,1.0,16,Critical,motor_current_A trending high; oil_temperature_C above upper limit; vibration_mm_s above upper limit
2026-06-27 20:00:00,TC-01,36.0,86.9,1.0,17,Critical,motor_current_A trending high; oil_temperature_C trending high; vibration_mm_s trending high
2026-06-28 00:00:00,TC-01,35.4,86.6,1.0,13,Critical,motor_current_A trending high; oil_temperature_C trending high; vibration_mm_s trending high
2026-06-28 04:00:00,TC-01,38.4,84.6,1.0,15,Critical,motor_current_A trending high; oil_temperature_C above upper limit; vibration_mm_s trending high
2026-06-28 08:00:00,TC-01,38.3,87.9,1.0,10,Critical,motor_current_A trending high; oil_temperature_C above upper limit; vibration_mm_s trending high
2026-06-28 12:00:00,TC-01,39.7,83.7,1.0,25,Critical,motor_current_A trending high; oil_temperature_C above upper limit; vibration_mm_s above upper limit
2026-06-28 16:00:00,TC-01,34.0,90.3,1.0,1,Critical,motor_current_A trending high; oil_temperature_C above upper limit; vibration_mm_s above upper limit
2026-06-28 20:00:00,TC-01,37.5,83.0,1.0,23,Critical,motor_current_A trending high; oil_temperature_C trending high; vibration_mm_s trending high
2026-06-29 00:00:00,TC-01,38.3,86.2,1.0,21,Critical,motor_current_A trending high; oil_temperature_C above upper limit; vibration_mm_s above upper limit
2026-06-29 04:00:00,TC-01,37.0,89.3,1.0,14,Critical,motor_current_A trending high; oil_temperature_C above upper limit; vibration_mm_s above upper limit
2026-06-29 08:00:00,TC-01,39.4,83.1,1.0,26,Critical,motor_current_A above upper limit; oil_temperature_C above upper limit; vibration_mm_s trending high
2026-06-29 12:00:00,TC-01,40.5,84.9,1.0,18,Critical,motor_current_A trending high; oil_temperature_C above upper limit; vibration_mm_s trending high
2026-06-29 16:00:00,TC-01,35.6,87.6,1.0,17,Critical,motor_current_A above upper limit; oil_temperature_C above upper limit; vibration_mm_s trending high
2026-06-29 20:00:00,TC-01,39.3,84.7,1.0,18,Critical,motor_current_A trending high; oil_temperature_C above upper limit; vibration_mm_s above upper limit
2026-01-01 00:00:00,VF-01,79.3,30.5,0.258,125,Medium,utilisation_pct trending high
2026-01-01 04:00:00,VF-01,89.3,13.5,0.091,161,Low,Within baseline with monitored trend behaviour
2026-01-01 08:00:00,VF-01,72.7,35.7,0.368,119,Medium,utilisation_pct trending high
2026-01-01 12:00:00,VF-01,71.9,34.7,0.324,130,Medium,utilisation_pct trending high
2026-01-01 16:00:00,VF-01,72.6,37.1,0.406,117,Medium,utilisation_pct trending high
2026-01-01 20:00:00,VF-01,77.4,30.9,0.318,131,Medium,utilisation_pct trending high
2026-01-02 00:00:00,VF-01,76.2,32.3,0.351,130,Medium,utilisation_pct trending high
2026-01-02 04:00:00,VF-01,70.0,37.4,0.365,119,Medium,utilisation_pct trending high
2026-01-02 08:00:00,VF-01,73.2,36.1,0.413,122,Medium,utilisation_pct trending high
2026-01-02 12:00:00,VF-01,80.4,29.2,0.256,130,Medium,Within baseline with monitored trend behaviour
2026-01-02 16:00:00,VF-01,86.9,19.6,0.141,146,Low,Within baseline with monitored trend behaviour
2026-01-02 20:00:00,VF-01,83.2,23.6,0.18,142,Low,Within baseline with monitored trend behaviour
2026-01-03 00:00:00,VF-01,75.6,30.6,0.286,132,Medium,Within baseline with monitored trend behaviour
2026-01-03 04:00:00,VF-01,80.4,27.3,0.269,135,Medium,Within baseline with monitored trend behaviour
2026-01-03 08:00:00,VF-01,82.9,26.2,0.226,139,Medium,Within baseline with monitored trend behaviour
2026-01-03 12:00:00,VF-01,79.5,26.3,0.209,144,Medium,Within baseline with monitored trend behaviour
2026-01-03 16:00:00,VF-01,84.7,18.6,0.162,149,Low,Within baseline with monitored trend behaviour
2026-01-03 20:00:00,VF-01,80.3,24.1,0.217,137,Low,Within baseline with monitored trend behaviour
2026-01-04 00:00:00,VF-01,87.8,14.1,0.171,154,Low,Within baseline with monitored trend behaviour
2026-01-04 04:00:00,VF-01,87.9,18.3,0.094,152,Low,Within baseline with monitored trend behaviour
2026-01-04 08:00:00,VF-01,86.3,15.3,0.038,155,Low,Within baseline with monitored trend behaviour
2026-01-04 12:00:00,VF-01,86.0,18.5,0.082,147,Low,Within baseline with monitored trend behaviour
2026-01-04 16:00:00,VF-01,80.1,26.5,0.216,143,Medium,Within baseline with monitored trend behaviour
2026-01-04 20:00:00,VF-01,76.5,32.2,0.289,133,Medium,Within baseline with monitored trend behaviour
2026-01-05 00:00:00,VF-01,92.4,10.8,0.042,164,Low,Within baseline with monitored trend behaviour
2026-01-05 04:00:00,VF-01,82.6,27.3,0.257,137,Medium,utilisation_pct trending high
2026-01-05 08:00:00,VF-01,76.7,29.6,0.269,130,Medium,utilisation_pct trending high
2026-01-05 12:00:00,VF-01,78.4,31.9,0.302,135,Medium,utilisation_pct trending high
2026-01-05 16:00:00,VF-01,82.8,22.2,0.21,139,Low,utilisation_pct trending high
2026-01-05 20:00:00,VF-01,89.2,17.9,0.114,150,Low,Within baseline with monitored trend behaviour
2026-01-06 00:00:00,VF-01,83.1,23.8,0.201,140,Low,utilisation_pct trending high
2026-01-06 04:00:00,VF-01,97.6,5.6,0.0,171,Low,Within baseline with monitored trend behaviour
2026-01-06 08:00:00,VF-01,98.6,8.2,0.017,166,Low,Within baseline with monitored trend behaviour
2026-01-06 12:00:00,VF-01,97.3,5.1,0.007,163,Low,Within baseline with monitored trend behaviour
2026-01-06 16:00:00,VF-01,94.2,8.9,0.0,170,Low,Within baseline with monitored trend behaviour
2026-01-06 20:00:00,VF-01,95.2,6.0,0.0,169,Low,Within baseline with monitored trend behaviour
2026-01-07 00:00:00,VF-01,93.4,10.1,0.005,165,Low,Within baseline with monitored trend behaviour
2026-01-07 04:00:00,VF-01,92.0,10.6,0.003,168,Low,Within baseline with monitored trend behaviour
2026-01-07 08:00:00,VF-01,95.1,8.7,0.011,163,Low,Within baseline with monitored trend behaviour
2026-01-07 12:00:00,VF-01,95.1,9.2,0.0,160,Low,Within baseline with monitored trend behaviour
2026-01-07 16:00:00,VF-01,92.2,11.2,0.017,169,Low,Within baseline with monitored trend behaviour
2026-01-07 20:00:00,VF-01,95.0,7.5,0.001,166,Low,Within baseline with monitored trend behaviour
2026-01-08 00:00:00,VF-01,83.5,18.4,0.117,144,Low,Within baseline with monitored trend behaviour
2026-01-08 04:00:00,VF-01,90.2,13.6,0.055,149,Low,Within baseline with monitored trend behaviour
2026-01-08 08:00:00,VF-01,79.9,27.1,0.261,134,Medium,utilisation_pct trending high
2026-01-08 12:00:00,VF-01,77.5,33.9,0.309,117,Medium,utilisation_pct trending high
2026-01-08 16:00:00,VF-01,81.1,26.5,0.24,131,Medium,utilisation_pct trending high
2026-01-08 20:00:00,VF-01,71.6,40.2,0.381,119,Medium,utilisation_pct trending high
2026-01-09 00:00:00,VF-01,74.6,33.7,0.341,124,Medium,utilisation_pct trending high
2026-01-09 04:00:00,VF-01,71.5,38.7,0.397,122,Medium,utilisation_pct trending high
2026-01-09 08:00:00,VF-01,71.0,41.5,0.362,106,Medium,utilisation_pct trending high
2026-01-09 12:00:00,VF-01,75.8,31.1,0.292,128,Medium,Within baseline with monitored trend behaviour
2026-01-09 16:00:00,VF-01,77.3,30.9,0.295,126,Medium,Within baseline with monitored trend behaviour
2026-01-09 20:00:00,VF-01,75.3,30.1,0.27,133,Medium,Within baseline with monitored trend behaviour
2026-01-10 00:00:00,VF-01,83.6,23.3,0.22,136,Low,Within baseline with monitored trend behaviour
2026-01-10 04:00:00,VF-01,80.3,30.2,0.278,129,Medium,Within baseline with monitored trend behaviour
2026-01-10 08:00:00,VF-01,84.9,21.8,0.193,145,Low,Within baseline with monitored trend behaviour
2026-01-10 12:00:00,VF-01,88.1,18.9,0.175,152,Low,Within baseline with monitored trend behaviour
2026-01-10 16:00:00,VF-01,84.9,22.1,0.148,151,Low,Within baseline with monitored trend behaviour
2026-01-10 20:00:00,VF-01,91.7,14.8,0.135,153,Low,Within baseline with monitored trend behaviour
2026-01-11 00:00:00,VF-01,81.0,25.0,0.231,141,Low,Within baseline with monitored trend behaviour
2026-01-11 04:00:00,VF-01,79.3,27.7,0.232,136,Medium,Within baseline with monitored trend behaviour
2026-01-11 08:00:00,VF-01,71.0,38.8,0.324,116,Medium,Within baseline with monitored trend behaviour
2026-01-11 12:00:00,VF-01,80.3,24.0,0.169,141,Low,Within baseline with monitored trend behaviour
2026-01-11 16:00:00,VF-01,83.3,20.3,0.22,141,Low,Within baseline with monitored trend behaviour
2026-01-11 20:00:00,VF-01,73.0,35.0,0.368,124,Medium,utilisation_pct trending high
2026-01-12 00:00:00,VF-01,82.1,29.1,0.235,128,Medium,utilisation_pct trending high
2026-01-12 04:00:00,VF-01,83.1,25.9,0.211,138,Medium,Within baseline with monitored trend behaviour
2026-01-12 08:00:00,VF-01,78.4,30.9,0.276,131,Medium,utilisation_pct trending high
2026-01-12 12:00:00,VF-01,81.6,21.4,0.191,143,Low,utilisation_pct trending high
2026-01-12 16:00:00,VF-01,79.4,28.1,0.277,138,Medium,utilisation_pct trending high
2026-01-12 20:00:00,VF-01,85.2,20.8,0.127,141,Low,Within baseline with monitored trend behaviour
2026-01-13 00:00:00,VF-01,79.9,26.3,0.244,137,Medium,utilisation_pct trending high
2026-01-13 04:00:00,VF-01,89.4,16.7,0.123,148,Low,Within baseline with monitored trend behaviour
2026-01-13 08:00:00,VF-01,87.7,14.0,0.021,157,Low,Within baseline with monitored trend behaviour
2026-01-13 12:00:00,VF-01,98.1,4.8,0.0,170,Low,Within baseline with monitored trend behaviour
2026-01-13 16:00:00,VF-01,92.6,8.4,0.0,169,Low,Within baseline with monitored trend behaviour
2026-01-13 20:00:00,VF-01,91.8,10.2,0.012,161,Low,Within baseline with monitored trend behaviour
2026-01-14 00:00:00,VF-01,94.1,6.2,0.0,165,Low,Within baseline with monitored trend behaviour
2026-01-14 04:00:00,VF-01,94.6,7.5,0.001,166,Low,Within baseline with monitored trend behaviour
2026-01-14 08:00:00,VF-01,96.6,6.3,0.0,172,Low,Within baseline with monitored trend behaviour
2026-01-14 12:00:00,VF-01,94.0,9.8,0.0,152,Low,Within baseline with monitored trend behaviour
2026-01-14 16:00:00,VF-01,92.8,6.9,0.011,159,Low,Within baseline with monitored trend behaviour
2026-01-14 20:00:00,VF-01,95.0,10.5,0.003,161,Low,Within baseline with monitored trend behaviour
2026-01-15 00:00:00,VF-01,91.5,11.0,0.027,165,Low,Within baseline with monitored trend behaviour
2026-01-15 04:00:00,VF-01,86.1,18.2,0.123,151,Low,Within baseline with monitored trend behaviour
2026-01-15 08:00:00,VF-01,79.0,29.6,0.282,134,Medium,utilisation_pct trending high
2026-01-15 12:00:00,VF-01,85.0,24.6,0.116,140,Low,Within baseline with monitored trend behaviour
2026-01-15 16:00:00,VF-01,75.8,29.0,0.293,137,Medium,utilisation_pct trending high
2026-01-15 20:00:00,VF-01,78.6,28.4,0.233,133,Medium,utilisation_pct trending high
2026-01-16 00:00:00,VF-01,85.6,21.2,0.164,151,Low,Within baseline with monitored trend behaviour
2026-01-16 04:00:00,VF-01,78.4,31.4,0.334,129,Medium,utilisation_pct trending high
2026-01-16 08:00:00,VF-01,84.7,23.0,0.205,141,Low,Within baseline with monitored trend behaviour
2026-01-16 12:00:00,VF-01,89.7,15.0,0.092,152,Low,Within baseline with monitored trend behaviour
2026-01-16 16:00:00,VF-01,70.1,40.7,0.402,121,Medium,utilisation_pct trending high
2026-01-16 20:00:00,VF-01,83.9,20.9,0.16,146,Low,Within baseline with monitored trend behaviour
2026-01-17 00:00:00,VF-01,80.2,24.3,0.183,144,Low,Within baseline with monitored trend behaviour
2026-01-17 04:00:00,VF-01,83.4,22.9,0.183,139,Low,Within baseline with monitored trend behaviour
2026-01-17 08:00:00,VF-01,80.7,25.0,0.209,130,Low,Within baseline with monitored trend behaviour
2026-01-17 12:00:00,VF-01,82.8,23.4,0.215,143,Low,Within baseline with monitored trend behaviour
2026-01-17 16:00:00,VF-01,83.3,20.8,0.169,142,Low,Within baseline with monitored trend behaviour
2026-01-17 20:00:00,VF-01,84.4,23.1,0.193,144,Low,Within baseline with monitored trend behaviour
2026-01-18 00:00:00,VF-01,78.7,29.7,0.314,134,Medium,Within baseline with monitored trend behaviour
2026-01-18 04:00:00,VF-01,89.3,18.6,0.158,146,Low,Within baseline with monitored trend behaviour
2026-01-18 08:00:00,VF-01,88.4,17.5,0.095,147,Low,Within baseline with monitored trend behaviour
2026-01-18 12:00:00,VF-01,87.7,20.0,0.153,143,Low,Within baseline with monitored trend behaviour
2026-01-18 16:00:00,VF-01,70.8,37.4,0.373,120,Medium,utilisation_pct trending high
2026-01-18 20:00:00,VF-01,78.1,31.5,0.312,124,Medium,Within baseline with monitored trend behaviour
2026-01-19 00:00:00,VF-01,68.5,43.1,0.441,99,Medium,utilisation_pct trending high
2026-01-19 04:00:00,VF-01,75.0,37.4,0.374,114,Medium,utilisation_pct trending high
2026-01-19 08:00:00,VF-01,81.6,28.3,0.277,135,Medium,utilisation_pct trending high
2026-01-19 12:00:00,VF-01,79.1,29.6,0.285,128,Medium,utilisation_pct trending high
2026-01-19 16:00:00,VF-01,72.7,39.7,0.343,122,Medium,utilisation_pct trending high
2026-01-19 20:00:00,VF-01,83.0,20.9,0.164,146,Low,Within baseline with monitored trend behaviour
2026-01-20 00:00:00,VF-01,91.4,14.7,0.053,147,Low,Within baseline with monitored trend behaviour
2026-01-20 04:00:00,VF-01,88.1,13.2,0.061,154,Low,Within baseline with monitored trend behaviour
2026-01-20 08:00:00,VF-01,94.8,10.1,0.011,162,Low,Within baseline with monitored trend behaviour
2026-01-20 12:00:00,VF-01,96.8,5.7,0.0,164,Low,Within baseline with monitored trend behaviour
2026-01-20 16:00:00,VF-01,93.0,9.9,0.032,158,Low,Within baseline with monitored trend behaviour
2026-01-20 20:00:00,VF-01,94.5,9.3,0.0,166,Low,Within baseline with monitored trend behaviour
2026-01-21 00:00:00,VF-01,91.6,11.3,0.006,154,Low,Within baseline with monitored trend behaviour
2026-01-21 04:00:00,VF-01,97.5,7.1,0.018,172,Low,Within baseline with monitored trend behaviour
2026-01-21 08:00:00,VF-01,89.1,13.9,0.041,161,Low,Within baseline with monitored trend behaviour
2026-01-21 12:00:00,VF-01,95.0,7.7,0.0,168,Low,Within baseline with monitored trend behaviour
2026-01-21 16:00:00,VF-01,93.2,10.5,0.0,165,Low,Within baseline with monitored trend behaviour
2026-01-21 20:00:00,VF-01,92.7,9.7,0.022,160,Low,Within baseline with monitored trend behaviour
2026-01-22 00:00:00,VF-01,91.7,5.7,0.0,171,Low,Within baseline with monitored trend behaviour
2026-01-22 04:00:00,VF-01,94.2,9.6,0.027,163,Low,Within baseline with monitored trend behaviour
2026-01-22 08:00:00,VF-01,84.1,24.1,0.202,143,Low,utilisation_pct trending high
2026-01-22 12:00:00,VF-01,84.1,25.3,0.246,140,Medium,utilisation_pct trending high
2026-01-22 16:00:00,VF-01,78.3,28.8,0.289,126,Medium,utilisation_pct trending high
2026-01-22 20:00:00,VF-01,77.9,30.3,0.27,119,Medium,utilisation_pct trending high
2026-01-23 00:00:00,VF-01,78.2,29.5,0.29,131,Medium,utilisation_pct trending high
2026-01-23 04:00:00,VF-01,82.5,24.5,0.251,144,Low,utilisation_pct trending high
2026-01-23 08:00:00,VF-01,80.4,28.5,0.258,138,Medium,utilisation_pct trending high
2026-01-23 12:00:00,VF-01,88.3,16.0,0.105,152,Low,Within baseline with monitored trend behaviour
2026-01-23 16:00:00,VF-01,82.0,23.5,0.221,131,Low,utilisation_pct trending high
2026-01-23 20:00:00,VF-01,82.6,25.9,0.17,132,Medium,Within baseline with monitored trend behaviour
2026-01-24 00:00:00,VF-01,87.3,16.0,0.076,151,Low,Within baseline with monitored trend behaviour
2026-01-24 04:00:00,VF-01,88.6,14.8,0.086,149,Low,Within baseline with monitored trend behaviour
2026-01-24 08:00:00,VF-01,86.9,18.3,0.101,154,Low,Within baseline with monitored trend behaviour
2026-01-24 12:00:00,VF-01,86.4,17.9,0.154,148,Low,Within baseline with monitored trend behaviour
2026-01-24 16:00:00,VF-01,82.2,23.1,0.166,142,Low,Within baseline with monitored trend behaviour
2026-01-24 20:00:00,VF-01,85.6,23.0,0.184,142,Low,Within baseline with monitored trend behaviour
2026-01-25 00:00:00,VF-01,84.8,19.0,0.187,142,Low,Within baseline with monitored trend behaviour
2026-01-25 04:00:00,VF-01,86.3,21.8,0.189,141,Low,Within baseline with monitored trend behaviour
2026-01-25 08:00:00,VF-01,82.6,23.7,0.2,141,Low,Within baseline with monitored trend behaviour
2026-01-25 12:00:00,VF-01,78.4,29.6,0.296,129,Medium,Within baseline with monitored trend behaviour
2026-01-25 16:00:00,VF-01,81.1,25.1,0.22,131,Medium,Within baseline with monitored trend behaviour
2026-01-25 20:00:00,VF-01,70.6,40.5,0.393,117,Medium,utilisation_pct trending high
2026-01-26 00:00:00,VF-01,73.8,37.4,0.365,122,Medium,Within baseline with monitored trend behaviour
2026-01-26 04:00:00,VF-01,65.4,50.8,0.482,100,High,utilisation_pct trending high
2026-01-26 08:00:00,VF-01,76.6,35.1,0.339,118,Medium,utilisation_pct trending high
2026-01-26 12:00:00,VF-01,73.0,40.1,0.397,117,Medium,utilisation_pct trending high
2026-01-26 16:00:00,VF-01,71.7,40.3,0.416,111,Medium,utilisation_pct trending high
2026-01-26 20:00:00,VF-01,78.6,32.7,0.336,123,Medium,utilisation_pct trending high
2026-01-27 00:00:00,VF-01,71.4,38.8,0.407,112,Medium,utilisation_pct trending high
2026-01-27 04:00:00,VF-01,84.7,17.7,0.143,142,Low,Within baseline with monitored trend behaviour
2026-01-27 08:00:00,VF-01,95.2,7.6,0.0,157,Low,Within baseline with monitored trend behaviour
2026-01-27 12:00:00,VF-01,95.0,9.7,0.017,158,Low,Within baseline with monitored trend behaviour
2026-01-27 16:00:00,VF-01,95.4,6.2,0.003,167,Low,Within baseline with monitored trend behaviour
2026-01-27 20:00:00,VF-01,95.8,7.8,0.011,165,Low,Within baseline with monitored trend behaviour
2026-01-28 00:00:00,VF-01,86.3,15.5,0.052,145,Low,Within baseline with monitored trend behaviour
2026-01-28 04:00:00,VF-01,91.5,9.0,0.023,167,Low,Within baseline with monitored trend behaviour
2026-01-28 08:00:00,VF-01,93.3,8.6,0.001,168,Low,Within baseline with monitored trend behaviour
2026-01-28 12:00:00,VF-01,93.5,8.6,0.0,158,Low,Within baseline with monitored trend behaviour
2026-01-28 16:00:00,VF-01,94.2,9.1,0.0,163,Low,Within baseline with monitored trend behaviour
2026-01-28 20:00:00,VF-01,89.4,17.8,0.104,144,Low,Within baseline with monitored trend behaviour
2026-01-29 00:00:00,VF-01,93.7,12.6,0.001,162,Low,Within baseline with monitored trend behaviour
2026-01-29 04:00:00,VF-01,82.4,23.0,0.198,140,Low,utilisation_pct trending high
2026-01-29 08:00:00,VF-01,83.5,24.8,0.208,136,Low,utilisation_pct trending high
2026-01-29 12:00:00,VF-01,76.8,31.5,0.277,126,Medium,utilisation_pct trending high
2026-01-29 16:00:00,VF-01,78.9,29.5,0.257,126,Medium,utilisation_pct trending high
2026-01-29 20:00:00,VF-01,82.1,27.1,0.268,135,Medium,utilisation_pct trending high
2026-01-30 00:00:00,VF-01,82.2,27.2,0.21,131,Medium,utilisation_pct trending high
2026-01-30 04:00:00,VF-01,82.3,25.3,0.196,135,Medium,utilisation_pct trending high
2026-01-30 08:00:00,VF-01,92.1,15.8,0.033,153,Low,Within baseline with monitored trend behaviour
2026-01-30 12:00:00,VF-01,89.0,14.2,0.102,150,Low,Within baseline with monitored trend behaviour
2026-01-30 16:00:00,VF-01,87.7,17.9,0.106,146,Low,Within baseline with monitored trend behaviour
2026-01-30 20:00:00,VF-01,88.3,15.3,0.04,158,Low,Within baseline with monitored trend behaviour
2026-01-31 00:00:00,VF-01,92.6,11.7,0.017,153,Low,Within baseline with monitored trend behaviour
2026-01-31 04:00:00,VF-01,91.7,15.6,0.056,151,Low,Within baseline with monitored trend behaviour
2026-01-31 08:00:00,VF-01,88.6,16.1,0.071,156,Low,Within baseline with monitored trend behaviour
2026-01-31 12:00:00,VF-01,92.3,12.8,0.086,144,Low,Within baseline with monitored trend behaviour
2026-01-31 16:00:00,VF-01,89.3,12.7,0.09,155,Low,Within baseline with monitored trend behaviour
2026-01-31 20:00:00,VF-01,89.8,12.4,0.079,154,Low,Within baseline with monitored trend behaviour
2026-02-01 00:00:00,VF-01,84.8,18.8,0.141,140,Low,Within baseline with monitored trend behaviour
2026-02-01 04:00:00,VF-01,89.1,17.2,0.14,158,Low,Within baseline with monitored trend behaviour
2026-02-01 08:00:00,VF-01,72.3,37.8,0.344,117,Medium,utilisation_pct trending high
2026-02-01 12:00:00,VF-01,73.9,35.9,0.358,119,Medium,Within baseline with monitored trend behaviour
2026-02-01 16:00:00,VF-01,78.4,26.3,0.228,131,Medium,Within baseline with monitored trend behaviour
2026-02-01 20:00:00,VF-01,84.8,26.1,0.233,136,Medium,Within baseline with monitored trend behaviour
2026-02-02 00:00:00,VF-01,85.3,20.2,0.129,149,Low,Within baseline with monitored trend behaviour
2026-02-02 04:00:00,VF-01,79.1,30.7,0.284,127,Medium,utilisation_pct trending high
2026-02-02 08:00:00,VF-01,78.4,29.0,0.255,137,Medium,Within baseline with monitored trend behaviour
2026-02-02 12:00:00,VF-01,72.1,36.8,0.382,118,Medium,utilisation_pct trending high
2026-02-02 16:00:00,VF-01,69.1,41.5,0.381,109,Medium,utilisation_pct trending high
2026-02-02 20:00:00,VF-01,71.3,37.2,0.367,111,Medium,utilisation_pct trending high
2026-02-03 00:00:00,VF-01,81.2,26.2,0.205,129,Medium,Within baseline with monitored trend behaviour
2026-02-03 04:00:00,VF-01,86.1,18.1,0.138,146,Low,Within baseline with monitored trend behaviour
2026-02-03 08:00:00,VF-01,81.5,21.1,0.164,146,Low,Within baseline with monitored trend behaviour
2026-02-03 12:00:00,VF-01,90.2,12.3,0.053,158,Low,Within baseline with monitored trend behaviour
2026-02-03 16:00:00,VF-01,92.4,9.8,0.05,154,Low,Within baseline with monitored trend behaviour
2026-02-03 20:00:00,VF-01,94.5,10.2,0.009,160,Low,Within baseline with monitored trend behaviour
2026-02-04 00:00:00,VF-01,89.8,11.5,0.05,154,Low,Within baseline with monitored trend behaviour
2026-02-04 04:00:00,VF-01,93.0,8.5,0.0,159,Low,Within baseline with monitored trend behaviour
2026-02-04 08:00:00,VF-01,92.5,8.9,0.041,154,Low,Within baseline with monitored trend behaviour
2026-02-04 12:00:00,VF-01,93.9,8.6,0.0,161,Low,Within baseline with monitored trend behaviour
2026-02-04 16:00:00,VF-01,93.4,7.9,0.009,160,Low,Within baseline with monitored trend behaviour
2026-02-04 20:00:00,VF-01,95.1,7.1,0.0,170,Low,Within baseline with monitored trend behaviour
2026-02-05 00:00:00,VF-01,83.4,21.8,0.182,139,Low,utilisation_pct trending high
2026-02-05 04:00:00,VF-01,88.8,14.5,0.095,149,Low,Within baseline with monitored trend behaviour
2026-02-05 08:00:00,VF-01,94.3,9.4,0.0,163,Low,Within baseline with monitored trend behaviour
2026-02-05 12:00:00,VF-01,76.5,31.8,0.277,118,Medium,utilisation_pct trending high
2026-02-05 16:00:00,VF-01,81.5,21.1,0.117,140,Low,Within baseline with monitored trend behaviour
2026-02-05 20:00:00,VF-01,81.6,26.4,0.273,129,Medium,utilisation_pct trending high
2026-02-06 00:00:00,VF-01,83.9,22.9,0.161,144,Low,Within baseline with monitored trend behaviour
2026-02-06 04:00:00,VF-01,95.8,8.2,0.0,156,Low,Within baseline with monitored trend behaviour
2026-02-06 08:00:00,VF-01,92.6,10.0,0.0,159,Low,Within baseline with monitored trend behaviour
2026-02-06 12:00:00,VF-01,92.5,11.2,0.017,153,Low,Within baseline with monitored trend behaviour
2026-02-06 16:00:00,VF-01,89.8,12.0,0.064,158,Low,Within baseline with monitored trend behaviour
2026-02-06 20:00:00,VF-01,91.4,10.9,0.047,157,Low,Within baseline with monitored trend behaviour
2026-02-07 00:00:00,VF-01,89.7,16.8,0.119,150,Low,Within baseline with monitored trend behaviour
2026-02-07 04:00:00,VF-01,87.8,16.1,0.085,151,Low,Within baseline with monitored trend behaviour
2026-02-07 08:00:00,VF-01,90.3,11.0,0.026,155,Low,Within baseline with monitored trend behaviour
2026-02-07 12:00:00,VF-01,95.3,9.7,0.026,157,Low,Within baseline with monitored trend behaviour
2026-02-07 16:00:00,VF-01,92.5,13.1,0.053,149,Low,Within baseline with monitored trend behaviour
2026-02-07 20:00:00,VF-01,84.5,25.8,0.221,127,Medium,Within baseline with monitored trend behaviour
2026-02-08 00:00:00,VF-01,93.0,10.2,0.044,159,Low,Within baseline with monitored trend behaviour
2026-02-08 04:00:00,VF-01,82.4,25.6,0.221,139,Medium,Within baseline with monitored trend behaviour
2026-02-08 08:00:00,VF-01,70.2,41.2,0.424,112,Medium,utilisation_pct trending high
2026-02-08 12:00:00,VF-01,85.9,20.8,0.114,145,Low,Within baseline with monitored trend behaviour
2026-02-08 16:00:00,VF-01,81.0,26.1,0.272,128,Medium,Within baseline with monitored trend behaviour
2026-02-08 20:00:00,VF-01,78.1,33.4,0.325,116,Medium,utilisation_pct trending high
2026-02-09 00:00:00,VF-01,70.0,41.6,0.386,112,Medium,utilisation_pct trending high
2026-02-09 04:00:00,VF-01,72.7,42.1,0.411,110,Medium,utilisation_pct trending high
2026-02-09 08:00:00,VF-01,80.4,29.3,0.296,117,Medium,Within baseline with monitored trend behaviour
2026-02-09 12:00:00,VF-01,76.9,30.9,0.317,117,Medium,utilisation_pct trending high
2026-02-09 16:00:00,VF-01,78.1,33.2,0.28,123,Medium,Within baseline with monitored trend behaviour
2026-02-09 20:00:00,VF-01,75.5,34.8,0.318,122,Medium,utilisation_pct trending high
2026-02-10 00:00:00,VF-01,81.5,22.7,0.156,141,Low,Within baseline with monitored trend behaviour
2026-02-10 04:00:00,VF-01,71.6,38.2,0.359,113,Medium,utilisation_pct trending high
2026-02-10 08:00:00,VF-01,75.2,35.1,0.367,120,Medium,utilisation_pct trending high
2026-02-10 12:00:00,VF-01,83.9,20.8,0.158,146,Low,Within baseline with monitored trend behaviour
2026-02-10 16:00:00,VF-01,90.3,14.6,0.1,153,Low,Within baseline with monitored trend behaviour
2026-02-10 20:00:00,VF-01,92.5,11.1,0.083,161,Low,Within baseline with monitored trend behaviour
2026-02-11 00:00:00,VF-01,93.0,11.6,0.046,152,Low,Within baseline with monitored trend behaviour
2026-02-11 04:00:00,VF-01,87.3,15.3,0.067,149,Low,Within baseline with monitored trend behaviour
2026-02-11 08:00:00,VF-01,91.2,14.7,0.054,145,Low,Within baseline with monitored trend behaviour
2026-02-11 12:00:00,VF-01,91.9,10.0,0.031,162,Low,Within baseline with monitored trend behaviour
2026-02-11 16:00:00,VF-01,92.9,10.1,0.029,159,Low,Within baseline with monitored trend behaviour
2026-02-11 20:00:00,VF-01,93.7,9.4,0.049,154,Low,Within baseline with monitored trend behaviour
2026-02-12 00:00:00,VF-01,90.8,11.9,0.062,156,Low,Within baseline with monitored trend behaviour
2026-02-12 04:00:00,VF-01,91.4,11.0,0.059,157,Low,Within baseline with monitored trend behaviour
2026-02-12 08:00:00,VF-01,77.6,32.1,0.273,127,Medium,utilisation_pct trending high
2026-02-12 12:00:00,VF-01,92.9,12.9,0.117,149,Low,Within baseline with monitored trend behaviour
2026-02-12 16:00:00,VF-01,84.2,26.0,0.246,133,Medium,utilisation_pct trending high
2026-02-12 20:00:00,VF-01,79.5,27.2,0.265,125,Medium,utilisation_pct trending high
2026-02-13 00:00:00,VF-01,85.8,19.0,0.141,146,Low,Within baseline with monitored trend behaviour
2026-02-13 04:00:00,VF-01,89.9,11.4,0.0,157,Low,Within baseline with monitored trend behaviour
2026-02-13 08:00:00,VF-01,86.7,19.4,0.186,137,Low,utilisation_pct trending high
2026-02-13 12:00:00,VF-01,92.9,15.2,0.127,157,Low,Within baseline with monitored trend behaviour
2026-02-13 16:00:00,VF-01,83.0,27.6,0.27,129,Medium,utilisation_pct trending high
2026-02-13 20:00:00,VF-01,82.7,25.3,0.257,137,Medium,utilisation_pct trending high
2026-02-14 00:00:00,VF-01,90.6,9.5,0.0,153,Low,Within baseline with monitored trend behaviour
2026-02-14 04:00:00,VF-01,89.6,12.0,0.028,158,Low,Within baseline with monitored trend behaviour
2026-02-14 08:00:00,VF-01,91.8,8.0,0.01,154,Low,Within baseline with monitored trend behaviour
2026-02-14 12:00:00,VF-01,94.3,8.9,0.0,165,Low,Within baseline with monitored trend behaviour
2026-02-14 16:00:00,VF-01,93.0,9.3,0.016,165,Low,Within baseline with monitored trend behaviour
2026-02-14 20:00:00,VF-01,92.0,10.5,0.054,158,Low,Within baseline with monitored trend behaviour
2026-02-15 00:00:00,VF-01,95.0,7.9,0.021,160,Low,Within baseline with monitored trend behaviour
2026-02-15 04:00:00,VF-01,89.6,13.6,0.042,148,Low,Within baseline with monitored trend behaviour
2026-02-15 08:00:00,VF-01,85.7,21.6,0.125,143,Low,Within baseline with monitored trend behaviour
2026-02-15 12:00:00,VF-01,87.5,16.0,0.081,143,Low,Within baseline with monitored trend behaviour
2026-02-15 16:00:00,VF-01,77.5,30.1,0.308,130,Medium,Within baseline with monitored trend behaviour
2026-02-15 20:00:00,VF-01,70.4,43.1,0.451,108,Medium,utilisation_pct trending high
2026-02-16 00:00:00,VF-01,71.4,41.4,0.388,108,Medium,utilisation_pct trending high
2026-02-16 04:00:00,VF-01,79.3,32.9,0.352,125,Medium,utilisation_pct trending high
2026-02-16 08:00:00,VF-01,74.4,36.0,0.348,109,Medium,Within baseline with monitored trend behaviour
2026-02-16 12:00:00,VF-01,70.3,40.2,0.402,103,Medium,utilisation_pct trending high
2026-02-16 16:00:00,VF-01,70.4,41.7,0.444,109,Medium,utilisation_pct trending high
2026-02-16 20:00:00,VF-01,71.9,36.1,0.391,114,Medium,utilisation_pct trending high
2026-02-17 00:00:00,VF-01,82.1,23.2,0.18,134,Low,Within baseline with monitored trend behaviour
2026-02-17 04:00:00,VF-01,77.7,29.2,0.267,118,Medium,Within baseline with monitored trend behaviour
2026-02-17 08:00:00,VF-01,78.5,26.3,0.226,132,Medium,Within baseline with monitored trend behaviour
2026-02-17 12:00:00,VF-01,83.3,22.7,0.195,132,Low,Within baseline with monitored trend behaviour
2026-02-17 16:00:00,VF-01,85.4,18.5,0.143,154,Low,Within baseline with monitored trend behaviour
2026-02-17 20:00:00,VF-01,85.3,22.5,0.207,134,Low,Within baseline with monitored trend behaviour
2026-02-18 00:00:00,VF-01,90.4,13.3,0.062,150,Low,Within baseline with monitored trend behaviour
2026-02-18 04:00:00,VF-01,91.9,11.8,0.053,159,Low,Within baseline with monitored trend behaviour
2026-02-18 08:00:00,VF-01,87.3,14.0,0.106,146,Low,Within baseline with monitored trend behaviour
2026-02-18 12:00:00,VF-01,88.0,16.1,0.1,153,Low,Within baseline with monitored trend behaviour
2026-02-18 16:00:00,VF-01,87.8,16.1,0.067,153,Low,Within baseline with monitored trend behaviour
2026-02-18 20:00:00,VF-01,86.1,17.8,0.114,143,Low,Within baseline with monitored trend behaviour
2026-02-19 00:00:00,VF-01,81.6,24.0,0.21,132,Low,utilisation_pct trending high
2026-02-19 04:00:00,VF-01,86.0,18.6,0.125,141,Low,Within baseline with monitored trend behaviour
2026-02-19 08:00:00,VF-01,82.0,24.6,0.219,137,Low,Within baseline with monitored trend behaviour
2026-02-19 12:00:00,VF-01,87.5,17.9,0.148,137,Low,Within baseline with monitored trend behaviour
2026-02-19 16:00:00,VF-01,77.0,29.2,0.285,132,Medium,utilisation_pct trending high
2026-02-19 20:00:00,VF-01,80.7,25.9,0.226,124,Medium,utilisation_pct trending high
2026-02-20 00:00:00,VF-01,91.9,13.0,0.099,152,Low,Within baseline with monitored trend behaviour
2026-02-20 04:00:00,VF-01,79.1,26.1,0.269,138,Medium,utilisation_pct trending high
2026-02-20 08:00:00,VF-01,87.0,18.7,0.103,143,Low,Within baseline with monitored trend behaviour
2026-02-20 12:00:00,VF-01,86.8,15.7,0.103,150,Low,Within baseline with monitored trend behaviour
2026-02-20 16:00:00,VF-01,81.8,26.8,0.245,128,Medium,utilisation_pct trending high
2026-02-20 20:00:00,VF-01,92.4,9.6,0.011,156,Low,Within baseline with monitored trend behaviour
2026-02-21 00:00:00,VF-01,87.8,15.8,0.079,155,Low,Within baseline with monitored trend behaviour
2026-02-21 04:00:00,VF-01,94.2,8.4,0.019,164,Low,Within baseline with monitored trend behaviour
2026-02-21 08:00:00,VF-01,92.7,11.1,0.002,155,Low,Within baseline with monitored trend behaviour
2026-02-21 12:00:00,VF-01,94.7,10.2,0.026,159,Low,Within baseline with monitored trend behaviour
2026-02-21 16:00:00,VF-01,95.1,10.2,0.0,157,Low,Within baseline with monitored trend behaviour
2026-02-21 20:00:00,VF-01,94.6,8.2,0.013,158,Low,Within baseline with monitored trend behaviour
2026-02-22 00:00:00,VF-01,90.1,13.0,0.069,153,Low,Within baseline with monitored trend behaviour
2026-02-22 04:00:00,VF-01,92.2,9.4,0.002,157,Low,Within baseline with monitored trend behaviour
2026-02-22 08:00:00,VF-01,79.1,27.5,0.209,134,Medium,Within baseline with monitored trend behaviour
2026-02-22 12:00:00,VF-01,89.0,16.1,0.126,139,Low,Within baseline with monitored trend behaviour
2026-02-22 16:00:00,VF-01,86.6,18.1,0.113,136,Low,Within baseline with monitored trend behaviour
2026-02-22 20:00:00,VF-01,80.1,31.3,0.311,124,Medium,utilisation_pct trending high
2026-02-23 00:00:00,VF-01,80.2,28.6,0.261,130,Medium,Within baseline with monitored trend behaviour
2026-02-23 04:00:00,VF-01,72.4,37.7,0.342,115,Medium,utilisation_pct trending high
2026-02-23 08:00:00,VF-01,76.6,32.7,0.305,119,Medium,utilisation_pct trending high
2026-02-23 12:00:00,VF-01,76.3,33.4,0.285,114,Medium,Within baseline with monitored trend behaviour
2026-02-23 16:00:00,VF-01,72.8,39.8,0.482,107,Medium,utilisation_pct trending high
2026-02-23 20:00:00,VF-01,70.6,41.7,0.435,116,Medium,utilisation_pct trending high
2026-02-24 00:00:00,VF-01,60.1,54.9,0.566,88,High,utilisation_pct trending high
2026-02-24 04:00:00,VF-01,68.9,44.8,0.487,98,Medium,utilisation_pct trending high
2026-02-24 08:00:00,VF-01,82.5,24.8,0.21,128,Low,Within baseline with monitored trend behaviour
2026-02-24 12:00:00,VF-01,62.9,46.9,0.514,96,High,utilisation_pct trending high
2026-02-24 16:00:00,VF-01,86.7,22.6,0.159,141,Low,Within baseline with monitored trend behaviour
2026-02-24 20:00:00,VF-01,79.1,29.0,0.279,125,Medium,Within baseline with monitored trend behaviour
2026-02-25 00:00:00,VF-01,88.7,17.7,0.13,141,Low,Within baseline with monitored trend behaviour
2026-02-25 04:00:00,VF-01,81.1,26.6,0.201,124,Medium,Within baseline with monitored trend behaviour
2026-02-25 08:00:00,VF-01,85.6,21.1,0.17,142,Low,Within baseline with monitored trend behaviour
2026-02-25 12:00:00,VF-01,83.3,22.5,0.167,133,Low,Within baseline with monitored trend behaviour
2026-02-25 16:00:00,VF-01,87.3,17.7,0.08,138,Low,Within baseline with monitored trend behaviour
2026-02-25 20:00:00,VF-01,82.4,20.4,0.174,132,Low,Within baseline with monitored trend behaviour
2026-02-26 00:00:00,VF-01,89.8,12.6,0.072,148,Low,Within baseline with monitored trend behaviour
2026-02-26 04:00:00,VF-01,90.7,14.7,0.066,143,Low,Within baseline with monitored trend behaviour
2026-02-26 08:00:00,VF-01,85.7,20.0,0.105,139,Low,Within baseline with monitored trend behaviour
2026-02-26 12:00:00,VF-01,83.3,22.6,0.208,143,Low,utilisation_pct trending high
2026-02-26 16:00:00,VF-01,79.5,29.0,0.298,123,Medium,utilisation_pct trending high
2026-02-26 20:00:00,VF-01,78.9,26.1,0.279,132,Medium,utilisation_pct trending high
2026-02-27 00:00:00,VF-01,78.8,26.9,0.286,132,Medium,utilisation_pct trending high
2026-02-27 04:00:00,VF-01,90.7,13.1,0.047,145,Low,Within baseline with monitored trend behaviour
2026-02-27 08:00:00,VF-01,85.5,17.4,0.151,142,Low,Within baseline with monitored trend behaviour
2026-02-27 12:00:00,VF-01,85.3,19.6,0.132,143,Low,Within baseline with monitored trend behaviour
2026-02-27 16:00:00,VF-01,92.5,11.2,0.0,147,Low,Within baseline with monitored trend behaviour
2026-02-27 20:00:00,VF-01,96.1,8.2,0.0,155,Low,Within baseline with monitored trend behaviour
2026-02-28 00:00:00,VF-01,96.9,6.7,0.0,154,Low,Within baseline with monitored trend behaviour
2026-02-28 04:00:00,VF-01,93.0,8.4,0.0,155,Low,Within baseline with monitored trend behaviour
2026-02-28 08:00:00,VF-01,91.1,11.4,0.0,153,Low,Within baseline with monitored trend behaviour
2026-02-28 12:00:00,VF-01,89.9,11.4,0.017,155,Low,Within baseline with monitored trend behaviour
2026-02-28 16:00:00,VF-01,93.0,7.1,0.0,157,Low,Within baseline with monitored trend behaviour
2026-02-28 20:00:00,VF-01,94.0,8.8,0.008,153,Low,Within baseline with monitored trend behaviour
2026-03-01 00:00:00,VF-01,92.5,7.6,0.0,155,Low,Within baseline with monitored trend behaviour
2026-03-01 04:00:00,VF-01,95.7,5.8,0.007,157,Low,Within baseline with monitored trend behaviour
2026-03-01 08:00:00,VF-01,91.2,13.1,0.012,143,Low,Within baseline with monitored trend behaviour
2026-03-01 12:00:00,VF-01,95.7,7.4,0.011,159,Low,Within baseline with monitored trend behaviour
2026-03-01 16:00:00,VF-01,81.5,24.0,0.245,135,Low,Within baseline with monitored trend behaviour
2026-03-01 20:00:00,VF-01,91.7,12.8,0.052,149,Low,Within baseline with monitored trend behaviour
2026-03-02 00:00:00,VF-01,89.6,11.8,0.071,155,Low,Within baseline with monitored trend behaviour
2026-03-02 04:00:00,VF-01,75.3,34.9,0.294,119,Medium,utilisation_pct trending high
2026-03-02 08:00:00,VF-01,79.2,28.9,0.288,124,Medium,utilisation_pct trending high
2026-03-02 12:00:00,VF-01,74.3,35.9,0.348,125,Medium,utilisation_pct trending high
2026-03-02 16:00:00,VF-01,74.9,37.6,0.359,112,Medium,utilisation_pct trending high
2026-03-02 20:00:00,VF-01,85.1,21.6,0.229,140,Low,Within baseline with monitored trend behaviour
2026-03-03 00:00:00,VF-01,72.5,38.0,0.349,105,Medium,utilisation_pct trending high
2026-03-03 04:00:00,VF-01,68.7,40.4,0.423,112,Medium,utilisation_pct trending high
2026-03-03 08:00:00,VF-01,73.5,35.8,0.344,117,Medium,utilisation_pct trending high
2026-03-03 12:00:00,VF-01,80.4,28.9,0.23,132,Medium,Within baseline with monitored trend behaviour
2026-03-03 16:00:00,VF-01,86.2,21.1,0.191,131,Low,Within baseline with monitored trend behaviour
2026-03-03 20:00:00,VF-01,83.9,23.9,0.155,131,Low,Within baseline with monitored trend behaviour
2026-03-04 00:00:00,VF-01,83.2,22.2,0.212,134,Low,Within baseline with monitored trend behaviour
2026-03-04 04:00:00,VF-01,88.9,15.3,0.088,143,Low,Within baseline with monitored trend behaviour
2026-03-04 08:00:00,VF-01,79.5,24.9,0.187,133,Low,Within baseline with monitored trend behaviour
2026-03-04 12:00:00,VF-01,85.3,20.5,0.155,140,Low,Within baseline with monitored trend behaviour
2026-03-04 16:00:00,VF-01,88.6,14.3,0.098,146,Low,Within baseline with monitored trend behaviour
2026-03-04 20:00:00,VF-01,81.6,25.0,0.232,133,Medium,Within baseline with monitored trend behaviour
2026-03-05 00:00:00,VF-01,88.4,16.1,0.101,145,Low,Within baseline with monitored trend behaviour
2026-03-05 04:00:00,VF-01,92.9,11.7,0.056,153,Low,Within baseline with monitored trend behaviour
2026-03-05 08:00:00,VF-01,72.8,35.4,0.351,119,Medium,utilisation_pct trending high
2026-03-05 12:00:00,VF-01,89.7,15.5,0.079,152,Low,Within baseline with monitored trend behaviour
2026-03-05 16:00:00,VF-01,81.5,25.6,0.208,127,Medium,Within baseline with monitored trend behaviour
2026-03-05 20:00:00,VF-01,80.2,28.1,0.272,129,Medium,utilisation_pct trending high
2026-03-06 00:00:00,VF-01,73.7,33.6,0.303,120,Medium,utilisation_pct trending high
2026-03-06 04:00:00,VF-01,76.6,31.3,0.306,122,Medium,utilisation_pct trending high
2026-03-06 08:00:00,VF-01,77.4,28.8,0.246,125,Medium,utilisation_pct trending high
2026-03-06 12:00:00,VF-01,83.5,24.6,0.254,126,Low,utilisation_pct trending high
2026-03-06 16:00:00,VF-01,93.2,8.7,0.004,153,Low,Within baseline with monitored trend behaviour
2026-03-06 20:00:00,VF-01,87.7,14.2,0.131,146,Low,Within baseline with monitored trend behaviour
2026-03-07 00:00:00,VF-01,95.1,6.1,0.0,156,Low,Within baseline with monitored trend behaviour
2026-03-07 04:00:00,VF-01,92.8,7.4,0.0,155,Low,Within baseline with monitored trend behaviour
2026-03-07 08:00:00,VF-01,94.6,7.6,0.001,150,Low,Within baseline with monitored trend behaviour
2026-03-07 12:00:00,VF-01,91.6,9.4,0.016,149,Low,Within baseline with monitored trend behaviour
2026-03-07 16:00:00,VF-01,93.3,10.8,0.005,154,Low,Within baseline with monitored trend behaviour
2026-03-07 20:00:00,VF-01,93.7,7.6,0.0,163,Low,Within baseline with monitored trend behaviour
2026-03-08 00:00:00,VF-01,92.7,8.3,0.0,152,Low,Within baseline with monitored trend behaviour
2026-03-08 04:00:00,VF-01,92.4,9.8,0.015,157,Low,Within baseline with monitored trend behaviour
2026-03-08 08:00:00,VF-01,92.3,8.1,0.0,163,Low,Within baseline with monitored trend behaviour
2026-03-08 12:00:00,VF-01,90.7,10.4,0.057,152,Low,Within baseline with monitored trend behaviour
2026-03-08 16:00:00,VF-01,77.6,29.2,0.26,126,Medium,utilisation_pct trending high
2026-03-08 20:00:00,VF-01,89.2,20.1,0.167,139,Low,Within baseline with monitored trend behaviour
2026-03-09 00:00:00,VF-01,79.0,27.7,0.281,127,Medium,utilisation_pct trending high
2026-03-09 04:00:00,VF-01,79.2,28.8,0.287,132,Medium,utilisation_pct trending high
2026-03-09 08:00:00,VF-01,78.2,31.5,0.284,127,Medium,utilisation_pct trending high
2026-03-09 12:00:00,VF-01,81.5,25.7,0.246,127,Medium,utilisation_pct trending high
2026-03-09 16:00:00,VF-01,80.3,26.8,0.257,125,Medium,Within baseline with monitored trend behaviour
2026-03-09 20:00:00,VF-01,72.6,37.5,0.394,108,Medium,utilisation_pct trending high
2026-03-10 00:00:00,VF-01,84.1,20.1,0.147,141,Low,Within baseline with monitored trend behaviour
2026-03-10 04:00:00,VF-01,84.7,22.2,0.163,132,Low,Within baseline with monitored trend behaviour
2026-03-10 08:00:00,VF-01,89.2,14.8,0.086,145,Low,Within baseline with monitored trend behaviour
2026-03-10 12:00:00,VF-01,92.8,10.2,0.063,154,Low,Within baseline with monitored trend behaviour
2026-03-10 16:00:00,VF-01,84.7,19.1,0.105,134,Low,Within baseline with monitored trend behaviour
2026-03-10 20:00:00,VF-01,83.5,19.7,0.125,143,Low,Within baseline with monitored trend behaviour
2026-03-11 00:00:00,VF-01,83.0,24.8,0.185,123,Low,Within baseline with monitored trend behaviour
2026-03-11 04:00:00,VF-01,84.4,21.6,0.178,136,Low,Within baseline with monitored trend behaviour
2026-03-11 08:00:00,VF-01,79.8,26.6,0.224,131,Medium,Within baseline with monitored trend behaviour
2026-03-11 12:00:00,VF-01,88.2,17.5,0.108,140,Low,Within baseline with monitored trend behaviour
2026-03-11 16:00:00,VF-01,76.0,28.8,0.257,125,Medium,Within baseline with monitored trend behaviour
2026-03-11 20:00:00,VF-01,82.7,25.7,0.184,131,Medium,Within baseline with monitored trend behaviour
2026-03-12 00:00:00,VF-01,78.4,32.5,0.294,117,Medium,Within baseline with monitored trend behaviour
2026-03-12 04:00:00,VF-01,72.7,38.8,0.37,108,Medium,utilisation_pct trending high
2026-03-12 08:00:00,VF-01,71.5,38.1,0.352,106,Medium,utilisation_pct trending high
2026-03-12 12:00:00,VF-01,74.0,34.2,0.397,113,Medium,utilisation_pct trending high
2026-03-12 16:00:00,VF-01,81.1,27.2,0.248,129,Medium,Within baseline with monitored trend behaviour
2026-03-12 20:00:00,VF-01,88.0,16.9,0.148,138,Low,Within baseline with monitored trend behaviour
2026-03-13 00:00:00,VF-01,85.8,20.4,0.193,136,Low,Within baseline with monitored trend behaviour
2026-03-13 04:00:00,VF-01,75.2,35.6,0.341,110,Medium,utilisation_pct trending high
2026-03-13 08:00:00,VF-01,74.5,33.5,0.299,111,Medium,utilisation_pct trending high
2026-03-13 12:00:00,VF-01,81.2,26.6,0.229,123,Medium,utilisation_pct trending high
2026-03-13 16:00:00,VF-01,92.6,11.1,0.061,151,Low,Within baseline with monitored trend behaviour
2026-03-13 20:00:00,VF-01,86.5,17.4,0.148,137,Low,Within baseline with monitored trend behaviour
2026-03-14 00:00:00,VF-01,99.2,3.9,0.002,162,Low,Within baseline with monitored trend behaviour
2026-03-14 04:00:00,VF-01,91.7,10.9,0.007,147,Low,Within baseline with monitored trend behaviour
2026-03-14 08:00:00,VF-01,94.2,6.3,0.0,156,Low,Within baseline with monitored trend behaviour
2026-03-14 12:00:00,VF-01,95.9,4.9,0.0,158,Low,Within baseline with monitored trend behaviour
2026-03-14 16:00:00,VF-01,92.8,11.1,0.018,149,Low,Within baseline with monitored trend behaviour
2026-03-14 20:00:00,VF-01,91.9,9.0,0.0,148,Low,Within baseline with monitored trend behaviour
2026-03-15 00:00:00,VF-01,93.7,9.0,0.016,153,Low,Within baseline with monitored trend behaviour
2026-03-15 04:00:00,VF-01,93.2,10.8,0.001,155,Low,Within baseline with monitored trend behaviour
2026-03-15 08:00:00,VF-01,95.5,6.9,0.0,152,Low,Within baseline with monitored trend behaviour
2026-03-15 12:00:00,VF-01,95.3,7.2,0.008,153,Low,Within baseline with monitored trend behaviour
2026-03-15 16:00:00,VF-01,87.4,18.3,0.153,136,Low,Within baseline with monitored trend behaviour
2026-03-15 20:00:00,VF-01,92.5,9.9,0.0,151,Low,Within baseline with monitored trend behaviour
2026-03-16 00:00:00,VF-01,92.3,10.4,0.024,152,Low,Within baseline with monitored trend behaviour
2026-03-16 04:00:00,VF-01,76.9,26.4,0.26,121,Medium,utilisation_pct trending high
2026-03-16 08:00:00,VF-01,95.6,7.1,0.0,165,Low,Within baseline with monitored trend behaviour
2026-03-16 12:00:00,VF-01,79.2,27.6,0.266,126,Medium,utilisation_pct trending high
2026-03-16 16:00:00,VF-01,78.4,30.5,0.283,119,Medium,utilisation_pct trending high
2026-03-16 20:00:00,VF-01,85.1,21.1,0.219,134,Low,utilisation_pct trending high
2026-03-17 00:00:00,VF-01,80.4,28.4,0.303,126,Medium,utilisation_pct trending high
2026-03-17 04:00:00,VF-01,78.8,28.7,0.25,123,Medium,utilisation_pct trending high
2026-03-17 08:00:00,VF-01,90.3,10.6,0.056,150,Low,Within baseline with monitored trend behaviour
2026-03-17 12:00:00,VF-01,88.4,15.8,0.138,142,Low,Within baseline with monitored trend behaviour
2026-03-17 16:00:00,VF-01,90.8,16.9,0.135,138,Low,Within baseline with monitored trend behaviour
2026-03-17 20:00:00,VF-01,87.4,17.1,0.111,144,Low,Within baseline with monitored trend behaviour
2026-03-18 00:00:00,VF-01,80.8,24.1,0.215,131,Low,Within baseline with monitored trend behaviour
2026-03-18 04:00:00,VF-01,89.6,12.6,0.098,145,Low,Within baseline with monitored trend behaviour
2026-03-18 08:00:00,VF-01,90.2,12.9,0.075,145,Low,Within baseline with monitored trend behaviour
2026-03-18 12:00:00,VF-01,79.4,27.2,0.243,126,Medium,Within baseline with monitored trend behaviour
2026-03-18 16:00:00,VF-01,85.1,18.1,0.151,134,Low,Within baseline with monitored trend behaviour
2026-03-18 20:00:00,VF-01,87.0,20.1,0.166,135,Low,Within baseline with monitored trend behaviour
2026-03-19 00:00:00,VF-01,76.8,32.2,0.322,112,Medium,Within baseline with monitored trend behaviour
2026-03-19 04:00:00,VF-01,84.0,20.1,0.199,131,Low,Within baseline with monitored trend behaviour
2026-03-19 08:00:00,VF-01,66.5,50.5,0.484,96,High,utilisation_pct trending high
2026-03-19 12:00:00,VF-01,77.0,35.6,0.385,109,Medium,utilisation_pct trending high
2026-03-19 16:00:00,VF-01,72.7,38.8,0.353,102,Medium,utilisation_pct trending high
2026-03-19 20:00:00,VF-01,72.1,42.1,0.394,97,Medium,utilisation_pct trending high
2026-03-20 00:00:00,VF-01,75.0,30.7,0.282,117,Medium,utilisation_pct trending high
2026-03-20 04:00:00,VF-01,80.1,26.8,0.251,131,Medium,utilisation_pct trending high
2026-03-20 08:00:00,VF-01,75.8,33.1,0.356,118,Medium,utilisation_pct trending high
2026-03-20 12:00:00,VF-01,78.0,28.7,0.299,126,Medium,utilisation_pct trending high
2026-03-20 16:00:00,VF-01,86.4,17.9,0.093,142,Low,Within baseline with monitored trend behaviour
2026-03-20 20:00:00,VF-01,90.7,12.1,0.013,151,Low,Within baseline with monitored trend behaviour
2026-03-21 00:00:00,VF-01,92.5,7.5,0.005,155,Low,Within baseline with monitored trend behaviour
2026-03-21 04:00:00,VF-01,92.9,8.0,0.006,153,Low,Within baseline with monitored trend behaviour
2026-03-21 08:00:00,VF-01,94.7,8.0,0.006,158,Low,Within baseline with monitored trend behaviour
2026-03-21 12:00:00,VF-01,92.5,10.2,0.002,148,Low,Within baseline with monitored trend behaviour
2026-03-21 16:00:00,VF-01,92.2,10.7,0.0,147,Low,Within baseline with monitored trend behaviour
2026-03-21 20:00:00,VF-01,90.5,9.3,0.013,150,Low,Within baseline with monitored trend behaviour
2026-03-22 00:00:00,VF-01,93.2,7.8,0.011,156,Low,Within baseline with monitored trend behaviour
2026-03-22 04:00:00,VF-01,95.2,10.2,0.0,148,Low,Within baseline with monitored trend behaviour
2026-03-22 08:00:00,VF-01,93.6,7.4,0.0,157,Low,Within baseline with monitored trend behaviour
2026-03-22 12:00:00,VF-01,96.3,4.3,0.0,161,Low,Within baseline with monitored trend behaviour
2026-03-22 16:00:00,VF-01,77.3,30.6,0.306,123,Medium,utilisation_pct trending high
2026-03-22 20:00:00,VF-01,93.6,11.4,0.045,155,Low,Within baseline with monitored trend behaviour
2026-03-23 00:00:00,VF-01,88.3,15.6,0.084,148,Low,Within baseline with monitored trend behaviour
2026-03-23 04:00:00,VF-01,89.0,12.0,0.116,150,Low,Within baseline with monitored trend behaviour
2026-03-23 08:00:00,VF-01,77.3,33.0,0.257,116,Medium,utilisation_pct trending high
2026-03-23 12:00:00,VF-01,81.0,27.5,0.262,128,Medium,utilisation_pct trending high
2026-03-23 16:00:00,VF-01,76.0,33.4,0.307,118,Medium,utilisation_pct trending high
2026-03-23 20:00:00,VF-01,80.3,28.4,0.253,126,Medium,utilisation_pct trending high
2026-03-24 00:00:00,VF-01,80.2,27.5,0.274,124,Medium,utilisation_pct trending high
2026-03-24 04:00:00,VF-01,93.3,7.0,0.018,152,Low,Within baseline with monitored trend behaviour
2026-03-24 08:00:00,VF-01,88.7,15.3,0.066,143,Low,Within baseline with monitored trend behaviour
2026-03-24 12:00:00,VF-01,91.7,12.8,0.054,148,Low,Within baseline with monitored trend behaviour
2026-03-24 16:00:00,VF-01,86.4,18.6,0.134,141,Low,Within baseline with monitored trend behaviour
2026-03-24 20:00:00,VF-01,93.5,11.8,0.062,145,Low,Within baseline with monitored trend behaviour
2026-03-25 00:00:00,VF-01,93.6,10.3,0.037,159,Low,Within baseline with monitored trend behaviour
2026-03-25 04:00:00,VF-01,92.3,12.4,0.107,148,Low,Within baseline with monitored trend behaviour
2026-03-25 08:00:00,VF-01,89.1,15.9,0.113,136,Low,Within baseline with monitored trend behaviour
2026-03-25 12:00:00,VF-01,94.8,8.2,0.022,149,Low,Within baseline with monitored trend behaviour
2026-03-25 16:00:00,VF-01,82.2,23.4,0.193,127,Low,Within baseline with monitored trend behaviour
2026-03-25 20:00:00,VF-01,77.8,28.4,0.233,121,Medium,Within baseline with monitored trend behaviour
2026-03-26 00:00:00,VF-01,83.3,23.7,0.189,126,Low,Within baseline with monitored trend behaviour
2026-03-26 04:00:00,VF-01,67.4,43.2,0.442,97,Medium,utilisation_pct trending high
2026-03-26 08:00:00,VF-01,69.9,43.1,0.409,99,Medium,utilisation_pct trending high
2026-03-26 12:00:00,VF-01,66.6,44.7,0.459,97,Medium,utilisation_pct trending high
2026-03-26 16:00:00,VF-01,68.7,42.3,0.451,99,Medium,utilisation_pct trending high
2026-03-26 20:00:00,VF-01,74.9,35.2,0.364,112,Medium,Within baseline with monitored trend behaviour
2026-03-27 00:00:00,VF-01,65.5,42.0,0.443,97,Medium,utilisation_pct trending high
2026-03-27 04:00:00,VF-01,72.2,39.4,0.43,101,Medium,utilisation_pct trending high
2026-03-27 08:00:00,VF-01,72.7,39.7,0.419,101,Medium,utilisation_pct trending high
2026-03-27 12:00:00,VF-01,71.6,38.2,0.382,104,Medium,utilisation_pct trending high
2026-03-27 16:00:00,VF-01,82.6,23.0,0.223,132,Low,Within baseline with monitored trend behaviour
2026-03-27 20:00:00,VF-01,91.5,10.4,0.055,158,Low,Within baseline with monitored trend behaviour
2026-03-28 00:00:00,VF-01,91.4,12.7,0.054,143,Low,Within baseline with monitored trend behaviour
2026-03-28 04:00:00,VF-01,92.4,13.1,0.039,142,Low,Within baseline with monitored trend behaviour
2026-03-28 08:00:00,VF-01,92.9,12.7,0.033,137,Low,Within baseline with monitored trend behaviour
2026-03-28 12:00:00,VF-01,91.4,10.3,0.007,154,Low,Within baseline with monitored trend behaviour
2026-03-28 16:00:00,VF-01,96.3,6.4,0.0,148,Low,Within baseline with monitored trend behaviour
2026-03-28 20:00:00,VF-01,91.2,12.4,0.027,151,Low,Within baseline with monitored trend behaviour
2026-03-29 00:00:00,VF-01,94.7,7.7,0.015,159,Low,Within baseline with monitored trend behaviour
2026-03-29 04:00:00,VF-01,94.9,7.9,0.0,155,Low,Within baseline with monitored trend behaviour
2026-03-29 08:00:00,VF-01,94.2,7.0,0.027,159,Low,Within baseline with monitored trend behaviour
2026-03-29 12:00:00,VF-01,98.4,4.5,0.008,156,Low,Within baseline with monitored trend behaviour
2026-03-29 16:00:00,VF-01,81.7,26.3,0.181,121,Medium,utilisation_pct trending high
2026-03-29 20:00:00,VF-01,93.4,12.1,0.027,149,Low,Within baseline with monitored trend behaviour
2026-03-30 00:00:00,VF-01,96.3,8.2,0.013,148,Low,Within baseline with monitored trend behaviour
2026-03-30 04:00:00,VF-01,74.6,30.2,0.257,118,Medium,utilisation_pct trending high
2026-03-30 08:00:00,VF-01,78.5,27.0,0.258,128,Medium,utilisation_pct trending high
2026-03-30 12:00:00,VF-01,84.6,24.3,0.264,121,Low,utilisation_pct trending high
2026-03-30 16:00:00,VF-01,78.7,27.9,0.229,114,Medium,utilisation_pct trending high
2026-03-30 20:00:00,VF-01,95.7,7.1,0.0,150,Low,Within baseline with monitored trend behaviour
2026-03-31 00:00:00,VF-01,79.7,29.6,0.27,125,Medium,utilisation_pct trending high
2026-03-31 04:00:00,VF-01,81.5,28.2,0.257,124,Medium,utilisation_pct trending high
2026-03-31 08:00:00,VF-01,94.5,10.0,0.028,153,Low,Within baseline with monitored trend behaviour
2026-03-31 12:00:00,VF-01,95.0,8.4,0.01,153,Low,Within baseline with monitored trend behaviour
2026-03-31 16:00:00,VF-01,96.3,9.1,0.0,147,Low,Within baseline with monitored trend behaviour
2026-03-31 20:00:00,VF-01,91.7,11.5,0.039,150,Low,Within baseline with monitored trend behaviour
2026-04-01 00:00:00,VF-01,92.5,9.2,0.028,150,Low,Within baseline with monitored trend behaviour
2026-04-01 04:00:00,VF-01,87.8,16.0,0.091,129,Low,Within baseline with monitored trend behaviour
2026-04-01 08:00:00,VF-01,92.2,13.8,0.099,149,Low,Within baseline with monitored trend behaviour
2026-04-01 12:00:00,VF-01,89.8,17.9,0.139,135,Low,Within baseline with monitored trend behaviour
2026-04-01 16:00:00,VF-01,88.1,15.9,0.141,143,Low,Within baseline with monitored trend behaviour
2026-04-01 20:00:00,VF-01,86.9,19.4,0.161,135,Low,Within baseline with monitored trend behaviour
2026-04-02 00:00:00,VF-01,84.8,22.8,0.197,134,Low,Within baseline with monitored trend behaviour
2026-04-02 04:00:00,VF-01,71.9,40.2,0.409,96,Medium,utilisation_pct trending high
2026-04-02 08:00:00,VF-01,76.8,31.1,0.26,113,Medium,Within baseline with monitored trend behaviour
2026-04-02 12:00:00,VF-01,72.7,37.1,0.35,104,Medium,Within baseline with monitored trend behaviour
2026-04-02 16:00:00,VF-01,68.3,41.4,0.436,97,Medium,utilisation_pct trending high
2026-04-02 20:00:00,VF-01,64.5,51.7,0.534,84,High,utilisation_pct trending high
2026-04-03 00:00:00,VF-01,68.8,44.2,0.482,88,Medium,utilisation_pct trending high
2026-04-03 04:00:00,VF-01,67.9,44.4,0.437,91,Medium,utilisation_pct trending high
2026-04-03 08:00:00,VF-01,62.0,52.9,0.537,80,High,utilisation_pct trending high
2026-04-03 12:00:00,VF-01,81.8,24.2,0.155,130,Low,Within baseline with monitored trend behaviour
2026-04-03 16:00:00,VF-01,79.3,27.0,0.225,122,Medium,Within baseline with monitored trend behaviour
2026-04-03 20:00:00,VF-01,85.8,16.1,0.11,131,Low,Within baseline with monitored trend behaviour
2026-04-04 00:00:00,VF-01,78.9,28.4,0.317,116,Medium,utilisation_pct trending high
2026-04-04 04:00:00,VF-01,91.3,11.2,0.066,147,Low,Within baseline with monitored trend behaviour
2026-04-04 08:00:00,VF-01,86.5,17.3,0.127,145,Low,Within baseline with monitored trend behaviour
2026-04-04 12:00:00,VF-01,89.6,16.5,0.114,133,Low,Within baseline with monitored trend behaviour
2026-04-04 16:00:00,VF-01,87.0,16.9,0.079,149,Low,Within baseline with monitored trend behaviour
2026-04-04 20:00:00,VF-01,89.3,12.6,0.093,144,Low,Within baseline with monitored trend behaviour
2026-04-05 00:00:00,VF-01,90.8,10.4,0.039,154,Low,Within baseline with monitored trend behaviour
2026-04-05 04:00:00,VF-01,89.2,14.3,0.046,146,Low,Within baseline with monitored trend behaviour
2026-04-05 08:00:00,VF-01,90.8,12.8,0.025,141,Low,Within baseline with monitored trend behaviour
2026-04-05 12:00:00,VF-01,90.8,15.1,0.059,135,Low,Within baseline with monitored trend behaviour
2026-04-05 16:00:00,VF-01,90.7,10.8,0.0,148,Low,Within baseline with monitored trend behaviour
2026-04-05 20:00:00,VF-01,78.0,31.0,0.315,116,Medium,utilisation_pct trending high
2026-04-06 00:00:00,VF-01,79.5,25.0,0.161,122,Medium,Within baseline with monitored trend behaviour
2026-04-06 04:00:00,VF-01,84.8,21.7,0.188,129,Low,utilisation_pct trending high
2026-04-06 08:00:00,VF-01,83.6,24.4,0.266,131,Low,utilisation_pct trending high
2026-04-06 12:00:00,VF-01,81.1,25.3,0.211,125,Medium,utilisation_pct trending high
2026-04-06 16:00:00,VF-01,83.3,25.4,0.255,126,Medium,utilisation_pct trending high
2026-04-06 20:00:00,VF-01,88.1,16.6,0.124,142,Low,Within baseline with monitored trend behaviour
2026-04-07 00:00:00,VF-01,81.8,25.1,0.19,133,Medium,utilisation_pct trending high
2026-04-07 04:00:00,VF-01,93.0,10.8,0.001,145,Low,Within baseline with monitored trend behaviour
2026-04-07 08:00:00,VF-01,95.1,7.3,0.0,152,Low,Within baseline with monitored trend behaviour
2026-04-07 12:00:00,VF-01,90.1,11.8,0.005,147,Low,Within baseline with monitored trend behaviour
2026-04-07 16:00:00,VF-01,97.3,4.5,0.006,160,Low,Within baseline with monitored trend behaviour
2026-04-07 20:00:00,VF-01,91.2,10.9,0.001,144,Low,Within baseline with monitored trend behaviour
2026-04-08 00:00:00,VF-01,94.1,10.7,0.008,146,Low,Within baseline with monitored trend behaviour
2026-04-08 04:00:00,VF-01,92.7,7.9,0.049,151,Low,Within baseline with monitored trend behaviour
2026-04-08 08:00:00,VF-01,94.0,9.8,0.06,145,Low,Within baseline with monitored trend behaviour
2026-04-08 12:00:00,VF-01,92.7,12.4,0.059,145,Low,Within baseline with monitored trend behaviour
2026-04-08 16:00:00,VF-01,88.7,18.6,0.086,130,Low,Within baseline with monitored trend behaviour
2026-04-08 20:00:00,VF-01,86.5,19.0,0.126,138,Low,Within baseline with monitored trend behaviour
2026-04-09 00:00:00,VF-01,84.5,20.4,0.146,133,Low,Within baseline with monitored trend behaviour
2026-04-09 04:00:00,VF-01,88.2,15.1,0.1,139,Low,Within baseline with monitored trend behaviour
2026-04-09 08:00:00,VF-01,74.2,38.5,0.385,101,Medium,utilisation_pct trending high
2026-04-09 12:00:00,VF-01,76.1,32.8,0.367,113,Medium,utilisation_pct trending high
2026-04-09 16:00:00,VF-01,75.3,33.8,0.326,114,Medium,utilisation_pct trending high
2026-04-09 20:00:00,VF-01,70.9,41.6,0.423,91,Medium,utilisation_pct trending high
2026-04-10 00:00:00,VF-01,72.0,38.7,0.398,110,Medium,utilisation_pct trending high
2026-04-10 04:00:00,VF-01,66.4,45.3,0.481,90,High,utilisation_pct trending high
2026-04-10 08:00:00,VF-01,66.0,46.1,0.463,88,High,utilisation_pct trending high
2026-04-10 12:00:00,VF-01,67.9,45.4,0.456,92,High,utilisation_pct trending high
2026-04-10 16:00:00,VF-01,81.3,27.1,0.279,124,Medium,utilisation_pct trending high
2026-04-10 20:00:00,VF-01,81.1,27.0,0.269,121,Medium,Within baseline with monitored trend behaviour
2026-04-11 00:00:00,VF-01,77.4,30.5,0.311,115,Medium,Within baseline with monitored trend behaviour
2026-04-11 04:00:00,VF-01,85.8,20.9,0.199,128,Low,Within baseline with monitored trend behaviour
2026-04-11 08:00:00,VF-01,86.4,19.9,0.17,130,Low,Within baseline with monitored trend behaviour
2026-04-11 12:00:00,VF-01,89.0,15.1,0.097,136,Low,Within baseline with monitored trend behaviour
2026-04-11 16:00:00,VF-01,85.5,20.1,0.169,131,Low,Within baseline with monitored trend behaviour
2026-04-11 20:00:00,VF-01,90.7,14.1,0.065,146,Low,Within baseline with monitored trend behaviour
2026-04-12 00:00:00,VF-01,94.5,9.5,0.057,147,Low,Within baseline with monitored trend behaviour
2026-04-12 04:00:00,VF-01,89.0,16.0,0.085,136,Low,Within baseline with monitored trend behaviour
2026-04-12 08:00:00,VF-01,93.1,11.1,0.001,147,Low,Within baseline with monitored trend behaviour
2026-04-12 12:00:00,VF-01,86.4,16.8,0.057,137,Low,Within baseline with monitored trend behaviour
2026-04-12 16:00:00,VF-01,83.3,21.0,0.152,127,Low,Within baseline with monitored trend behaviour
2026-04-12 20:00:00,VF-01,80.7,25.7,0.202,126,Medium,Within baseline with monitored trend behaviour
2026-04-13 00:00:00,VF-01,81.4,30.1,0.299,107,Medium,utilisation_pct trending high
2026-04-13 04:00:00,VF-01,75.1,35.2,0.322,102,Medium,utilisation_pct trending high
2026-04-13 08:00:00,VF-01,75.8,29.6,0.283,118,Medium,utilisation_pct trending high
2026-04-13 12:00:00,VF-01,83.5,18.8,0.154,134,Low,Within baseline with monitored trend behaviour
2026-04-13 16:00:00,VF-01,82.8,28.3,0.257,122,Medium,utilisation_pct trending high
2026-04-13 20:00:00,VF-01,81.5,24.6,0.275,129,Low,utilisation_pct trending high
2026-04-14 00:00:00,VF-01,83.6,21.1,0.21,130,Low,utilisation_pct trending high
2026-04-14 04:00:00,VF-01,86.4,22.2,0.195,129,Low,utilisation_pct trending high
2026-04-14 08:00:00,VF-01,92.8,8.1,0.0,145,Low,Within baseline with monitored trend behaviour
2026-04-14 12:00:00,VF-01,94.0,8.2,0.0,145,Low,Within baseline with monitored trend behaviour
2026-04-14 16:00:00,VF-01,92.6,10.3,0.024,145,Low,Within baseline with monitored trend behaviour
2026-04-14 20:00:00,VF-01,92.5,10.4,0.0,145,Low,Within baseline with monitored trend behaviour
2026-04-15 00:00:00,VF-01,91.0,12.2,0.024,142,Low,Within baseline with monitored trend behaviour
2026-04-15 04:00:00,VF-01,96.0,5.7,0.0,157,Low,Within baseline with monitored trend behaviour
2026-04-15 08:00:00,VF-01,89.9,11.3,0.053,149,Low,Within baseline with monitored trend behaviour
2026-04-15 12:00:00,VF-01,92.3,11.9,0.023,144,Low,Within baseline with monitored trend behaviour
2026-04-15 16:00:00,VF-01,89.5,11.3,0.032,142,Low,Within baseline with monitored trend behaviour
2026-04-15 20:00:00,VF-01,90.7,13.6,0.055,144,Low,Within baseline with monitored trend behaviour
2026-04-16 00:00:00,VF-01,83.1,21.0,0.127,131,Low,Within baseline with monitored trend behaviour
2026-04-16 04:00:00,VF-01,84.0,21.3,0.177,139,Low,Within baseline with monitored trend behaviour
2026-04-16 08:00:00,VF-01,84.0,21.8,0.218,127,Low,Within baseline with monitored trend behaviour
2026-04-16 12:00:00,VF-01,77.0,27.8,0.252,115,Medium,utilisation_pct trending high
2026-04-16 16:00:00,VF-01,68.1,41.4,0.427,102,Medium,utilisation_pct trending high
2026-04-16 20:00:00,VF-01,71.8,35.9,0.343,105,Medium,utilisation_pct trending high
2026-04-17 00:00:00,VF-01,81.0,23.5,0.189,119,Low,Within baseline with monitored trend behaviour
2026-04-17 04:00:00,VF-01,76.5,38.2,0.411,107,Medium,utilisation_pct trending high
2026-04-17 08:00:00,VF-01,68.5,41.0,0.438,95,Medium,utilisation_pct trending high
2026-04-17 12:00:00,VF-01,83.7,26.9,0.203,117,Medium,Within baseline with monitored trend behaviour
2026-04-17 16:00:00,VF-01,70.4,40.6,0.41,104,Medium,Within baseline with monitored trend behaviour
2026-04-17 20:00:00,VF-01,79.0,31.2,0.325,108,Medium,Within baseline with monitored trend behaviour
2026-04-18 00:00:00,VF-01,67.8,42.9,0.423,94,Medium,utilisation_pct trending high
2026-04-18 04:00:00,VF-01,80.3,31.5,0.318,117,Medium,Within baseline with monitored trend behaviour
2026-04-18 08:00:00,VF-01,70.0,39.9,0.42,105,Medium,Within baseline with monitored trend behaviour
2026-04-18 12:00:00,VF-01,93.1,10.6,0.121,141,Low,Within baseline with monitored trend behaviour
2026-04-18 16:00:00,VF-01,86.4,24.6,0.155,124,Low,Within baseline with monitored trend behaviour
2026-04-18 20:00:00,VF-01,87.0,18.2,0.141,131,Low,Within baseline with monitored trend behaviour
2026-04-19 00:00:00,VF-01,91.1,12.9,0.083,144,Low,Within baseline with monitored trend behaviour
2026-04-19 04:00:00,VF-01,88.6,16.5,0.105,133,Low,Within baseline with monitored trend behaviour
2026-04-19 08:00:00,VF-01,89.4,12.8,0.085,145,Low,Within baseline with monitored trend behaviour
2026-04-19 12:00:00,VF-01,91.0,13.0,0.062,143,Low,Within baseline with monitored trend behaviour
2026-04-19 16:00:00,VF-01,79.9,28.2,0.26,123,Medium,utilisation_pct trending high
2026-04-19 20:00:00,VF-01,74.7,34.8,0.323,106,Medium,utilisation_pct trending high
2026-04-20 00:00:00,VF-01,74.3,36.4,0.338,104,Medium,utilisation_pct trending high
2026-04-20 04:00:00,VF-01,87.0,21.6,0.208,123,Low,utilisation_pct trending high
2026-04-20 08:00:00,VF-01,85.0,24.6,0.206,122,Low,utilisation_pct trending high
2026-04-20 12:00:00,VF-01,81.3,27.8,0.255,113,Medium,utilisation_pct trending high
2026-04-20 16:00:00,VF-01,89.8,13.4,0.111,141,Low,Within baseline with monitored trend behaviour
2026-04-20 20:00:00,VF-01,80.9,29.5,0.273,112,Medium,utilisation_pct trending high
2026-04-21 00:00:00,VF-01,82.3,27.8,0.257,117,Medium,utilisation_pct trending high
2026-04-21 04:00:00,VF-01,89.7,13.9,0.024,137,Low,Within baseline with monitored trend behaviour
2026-04-21 08:00:00,VF-01,94.7,7.9,0.0,147,Low,Within baseline with monitored trend behaviour
2026-04-21 12:00:00,VF-01,89.7,14.0,0.066,144,Low,Within baseline with monitored trend behaviour
2026-04-21 16:00:00,VF-01,93.5,9.0,0.0,146,Low,Within baseline with monitored trend behaviour
2026-04-21 20:00:00,VF-01,86.7,18.5,0.115,130,Low,Within baseline with monitored trend behaviour
2026-04-22 00:00:00,VF-01,94.5,9.2,0.033,145,Low,Within baseline with monitored trend behaviour
2026-04-22 04:00:00,VF-01,95.5,7.4,0.0,154,Low,Within baseline with monitored trend behaviour
2026-04-22 08:00:00,VF-01,94.7,9.2,0.0,150,Low,Within baseline with monitored trend behaviour
2026-04-22 12:00:00,VF-01,94.3,8.7,0.009,155,Low,Within baseline with monitored trend behaviour
2026-04-22 16:00:00,VF-01,92.9,7.6,0.0,139,Low,Within baseline with monitored trend behaviour
2026-04-22 20:00:00,VF-01,94.2,12.1,0.003,138,Low,Within baseline with monitored trend behaviour
2026-04-23 00:00:00,VF-01,82.7,26.1,0.2,123,Medium,utilisation_pct trending high
2026-04-23 04:00:00,VF-01,76.1,31.7,0.291,112,Medium,utilisation_pct trending high
2026-04-23 08:00:00,VF-01,92.1,11.2,0.032,143,Low,Within baseline with monitored trend behaviour
2026-04-23 12:00:00,VF-01,77.5,33.4,0.292,113,Medium,utilisation_pct trending high
2026-04-23 16:00:00,VF-01,75.1,35.0,0.323,111,Medium,utilisation_pct trending high
2026-04-23 20:00:00,VF-01,76.0,33.5,0.357,112,Medium,utilisation_pct trending high
2026-04-24 00:00:00,VF-01,75.3,35.1,0.333,110,Medium,utilisation_pct trending high
2026-04-24 04:00:00,VF-01,73.2,35.1,0.31,108,Medium,utilisation_pct trending high
2026-04-24 08:00:00,VF-01,74.2,38.0,0.403,105,Medium,utilisation_pct trending high
2026-04-24 12:00:00,VF-01,74.8,35.0,0.371,100,Medium,utilisation_pct trending high
2026-04-24 16:00:00,VF-01,85.3,19.2,0.12,126,Low,Within baseline with monitored trend behaviour
2026-04-24 20:00:00,VF-01,81.3,27.2,0.255,120,Medium,Within baseline with monitored trend behaviour
2026-04-25 00:00:00,VF-01,87.7,16.8,0.126,133,Low,Within baseline with monitored trend behaviour
2026-04-25 04:00:00,VF-01,87.8,13.1,0.089,140,Low,Within baseline with monitored trend behaviour
2026-04-25 08:00:00,VF-01,81.8,25.3,0.207,129,Medium,Within baseline with monitored trend behaviour
2026-04-25 12:00:00,VF-01,78.0,30.5,0.304,115,Medium,Within baseline with monitored trend behaviour
2026-04-25 16:00:00,VF-01,87.8,16.4,0.097,135,Low,Within baseline with monitored trend behaviour
2026-04-25 20:00:00,VF-01,87.3,19.1,0.144,128,Low,Within baseline with monitored trend behaviour
2026-04-26 00:00:00,VF-01,84.9,20.2,0.219,136,Low,Within baseline with monitored trend behaviour
2026-04-26 04:00:00,VF-01,85.5,16.8,0.093,137,Low,Within baseline with monitored trend behaviour
2026-04-26 08:00:00,VF-01,77.5,30.5,0.284,109,Medium,utilisation_pct trending high
2026-04-26 12:00:00,VF-01,85.8,18.5,0.156,139,Low,Within baseline with monitored trend behaviour
2026-04-26 16:00:00,VF-01,73.1,35.9,0.341,102,Medium,utilisation_pct trending high
2026-04-26 20:00:00,VF-01,82.8,23.0,0.194,125,Low,Within baseline with monitored trend behaviour
2026-04-27 00:00:00,VF-01,74.5,35.6,0.357,97,Medium,utilisation_pct trending high
2026-04-27 04:00:00,VF-01,77.0,30.8,0.271,116,Medium,utilisation_pct trending high
2026-04-27 08:00:00,VF-01,73.0,34.5,0.283,107,Medium,utilisation_pct trending high
2026-04-27 12:00:00,VF-01,89.7,15.1,0.102,128,Low,Within baseline with monitored trend behaviour
2026-04-27 16:00:00,VF-01,81.7,23.7,0.21,130,Low,utilisation_pct trending high
2026-04-27 20:00:00,VF-01,83.3,22.6,0.14,120,Low,Within baseline with monitored trend behaviour
2026-04-28 00:00:00,VF-01,95.4,6.5,0.003,144,Low,Within baseline with monitored trend behaviour
2026-04-28 04:00:00,VF-01,81.8,24.9,0.204,123,Low,Within baseline with monitored trend behaviour
2026-04-28 08:00:00,VF-01,95.7,8.8,0.0,149,Low,Within baseline with monitored trend behaviour
2026-04-28 12:00:00,VF-01,94.1,8.7,0.001,139,Low,Within baseline with monitored trend behaviour
2026-04-28 16:00:00,VF-01,94.9,8.4,0.0,146,Low,Within baseline with monitored trend behaviour
2026-04-28 20:00:00,VF-01,88.9,12.3,0.013,138,Low,Within baseline with monitored trend behaviour
2026-04-29 00:00:00,VF-01,94.6,7.6,0.011,146,Low,Within baseline with monitored trend behaviour
2026-04-29 04:00:00,VF-01,95.4,5.6,0.002,155,Low,Within baseline with monitored trend behaviour
2026-04-29 08:00:00,VF-01,85.1,19.2,0.124,129,Low,Within baseline with monitored trend behaviour
2026-04-29 12:00:00,VF-01,93.5,6.4,0.0,151,Low,Within baseline with monitored trend behaviour
2026-04-29 16:00:00,VF-01,94.2,9.4,0.051,152,Low,Within baseline with monitored trend behaviour
2026-04-29 20:00:00,VF-01,92.1,12.2,0.044,143,Low,Within baseline with monitored trend behaviour
2026-04-30 00:00:00,VF-01,94.4,8.6,0.02,148,Low,Within baseline with monitored trend behaviour
2026-04-30 04:00:00,VF-01,75.9,28.3,0.276,112,Medium,utilisation_pct trending high
2026-04-30 08:00:00,VF-01,91.0,13.6,0.096,133,Low,Within baseline with monitored trend behaviour
2026-04-30 12:00:00,VF-01,76.4,36.1,0.313,108,Medium,utilisation_pct trending high
2026-04-30 16:00:00,VF-01,82.0,20.6,0.175,131,Low,Within baseline with monitored trend behaviour
2026-04-30 20:00:00,VF-01,82.1,26.6,0.257,121,Medium,utilisation_pct trending high
2026-05-01 00:00:00,VF-01,74.3,33.2,0.334,109,Medium,utilisation_pct trending high
2026-05-01 04:00:00,VF-01,80.9,27.1,0.285,119,Medium,utilisation_pct trending high
2026-05-01 08:00:00,VF-01,73.1,34.2,0.353,113,Medium,utilisation_pct trending high
2026-05-01 12:00:00,VF-01,74.3,35.3,0.363,109,Medium,utilisation_pct trending high
2026-05-01 16:00:00,VF-01,83.8,20.9,0.18,135,Low,Within baseline with monitored trend behaviour
2026-05-01 20:00:00,VF-01,95.3,9.0,0.032,146,Low,Within baseline with monitored trend behaviour
2026-05-02 00:00:00,VF-01,86.3,18.0,0.125,131,Low,Within baseline with monitored trend behaviour
2026-05-02 04:00:00,VF-01,90.8,14.5,0.038,131,Low,Within baseline with monitored trend behaviour
2026-05-02 08:00:00,VF-01,84.6,22.2,0.208,127,Low,Within baseline with monitored trend behaviour
2026-05-02 12:00:00,VF-01,82.9,23.6,0.18,119,Low,Within baseline with monitored trend behaviour
2026-05-02 16:00:00,VF-01,80.6,22.1,0.202,131,Low,Within baseline with monitored trend behaviour
2026-05-02 20:00:00,VF-01,89.6,14.0,0.144,130,Low,Within baseline with monitored trend behaviour
2026-05-03 00:00:00,VF-01,84.5,22.7,0.204,115,Low,Within baseline with monitored trend behaviour
2026-05-03 04:00:00,VF-01,89.7,16.1,0.095,132,Low,Within baseline with monitored trend behaviour
2026-05-03 08:00:00,VF-01,73.5,32.2,0.24,102,Medium,Within baseline with monitored trend behaviour
2026-05-03 12:00:00,VF-01,81.4,25.2,0.228,120,Medium,Within baseline with monitored trend behaviour
2026-05-03 16:00:00,VF-01,80.7,24.2,0.184,116,Low,Within baseline with monitored trend behaviour
2026-05-03 20:00:00,VF-01,88.4,18.3,0.15,134,Low,Within baseline with monitored trend behaviour
2026-05-04 00:00:00,VF-01,80.9,25.5,0.226,119,Medium,Within baseline with monitored trend behaviour
2026-05-04 04:00:00,VF-01,79.9,28.2,0.249,110,Medium,Within baseline with monitored trend behaviour
2026-05-04 08:00:00,VF-01,78.1,29.9,0.319,116,Medium,utilisation_pct trending high
2026-05-04 12:00:00,VF-01,88.3,17.0,0.143,125,Low,Within baseline with monitored trend behaviour
2026-05-04 16:00:00,VF-01,85.5,18.5,0.133,122,Low,Within baseline with monitored trend behaviour
2026-05-04 20:00:00,VF-01,84.6,18.7,0.151,129,Low,Within baseline with monitored trend behaviour
2026-05-05 00:00:00,VF-01,86.3,20.0,0.143,120,Low,Within baseline with monitored trend behaviour
2026-05-05 04:00:00,VF-01,91.1,13.2,0.051,137,Low,Within baseline with monitored trend behaviour
2026-05-05 08:00:00,VF-01,95.4,5.5,0.0,157,Low,Within baseline with monitored trend behaviour
2026-05-05 12:00:00,VF-01,94.1,10.2,0.012,139,Low,Within baseline with monitored trend behaviour
2026-05-05 16:00:00,VF-01,93.1,6.9,0.0,145,Low,Within baseline with monitored trend behaviour
2026-05-05 20:00:00,VF-01,90.1,12.8,0.026,136,Low,Within baseline with monitored trend behaviour
2026-05-06 00:00:00,VF-01,92.3,9.4,0.012,144,Low,Within baseline with monitored trend behaviour
2026-05-06 04:00:00,VF-01,95.3,7.0,0.001,146,Low,Within baseline with monitored trend behaviour
2026-05-06 08:00:00,VF-01,97.4,5.8,0.0,157,Low,Within baseline with monitored trend behaviour
2026-05-06 12:00:00,VF-01,90.9,9.5,0.006,143,Low,Within baseline with monitored trend behaviour
2026-05-06 16:00:00,VF-01,91.4,8.5,0.0,143,Low,Within baseline with monitored trend behaviour
2026-05-06 20:00:00,VF-01,94.7,5.2,0.0,152,Low,Within baseline with monitored trend behaviour
2026-05-07 00:00:00,VF-01,88.2,14.1,0.079,136,Low,Within baseline with monitored trend behaviour
2026-05-07 04:00:00,VF-01,95.3,8.3,0.013,137,Low,Within baseline with monitored trend behaviour
2026-05-07 08:00:00,VF-01,89.5,17.8,0.145,126,Low,Within baseline with monitored trend behaviour
2026-05-07 12:00:00,VF-01,86.7,17.4,0.148,137,Low,Within baseline with monitored trend behaviour
2026-05-07 16:00:00,VF-01,76.7,30.1,0.273,111,Medium,utilisation_pct trending high
2026-05-07 20:00:00,VF-01,85.6,20.9,0.175,126,Low,Within baseline with monitored trend behaviour
2026-05-08 00:00:00,VF-01,78.9,28.7,0.26,119,Medium,utilisation_pct trending high
2026-05-08 04:00:00,VF-01,76.4,31.5,0.303,114,Medium,utilisation_pct trending high
2026-05-08 08:00:00,VF-01,86.7,16.5,0.094,117,Low,Within baseline with monitored trend behaviour
2026-05-08 12:00:00,VF-01,88.2,15.4,0.081,135,Low,Within baseline with monitored trend behaviour
2026-05-08 16:00:00,VF-01,86.7,16.5,0.079,128,Low,Within baseline with monitored trend behaviour
2026-05-08 20:00:00,VF-01,95.7,10.5,0.068,147,Low,Within baseline with monitored trend behaviour
2026-05-09 00:00:00,VF-01,84.9,16.9,0.097,126,Low,Within baseline with monitored trend behaviour
2026-05-09 04:00:00,VF-01,82.9,24.6,0.195,119,Low,Within baseline with monitored trend behaviour
2026-05-09 08:00:00,VF-01,86.8,20.5,0.195,133,Low,Within baseline with monitored trend behaviour
2026-05-09 12:00:00,VF-01,81.7,23.8,0.192,127,Low,Within baseline with monitored trend behaviour
2026-05-09 16:00:00,VF-01,89.7,17.7,0.12,129,Low,Within baseline with monitored trend behaviour
2026-05-09 20:00:00,VF-01,78.4,29.1,0.217,110,Medium,Within baseline with monitored trend behaviour
2026-05-10 00:00:00,VF-01,80.7,26.6,0.218,118,Medium,Within baseline with monitored trend behaviour
2026-05-10 04:00:00,VF-01,84.0,20.1,0.181,125,Low,Within baseline with monitored trend behaviour
2026-05-10 08:00:00,VF-01,81.0,24.8,0.206,124,Low,Within baseline with monitored trend behaviour
2026-05-10 12:00:00,VF-01,81.1,29.8,0.282,108,Medium,Within baseline with monitored trend behaviour
2026-05-10 16:00:00,VF-01,67.7,45.8,0.476,88,High,utilisation_pct trending high
2026-05-10 20:00:00,VF-01,85.6,21.8,0.178,119,Low,Within baseline with monitored trend behaviour
2026-05-11 00:00:00,VF-01,75.5,32.0,0.3,106,Medium,Within baseline with monitored trend behaviour
2026-05-11 04:00:00,VF-01,75.2,36.4,0.358,96,Medium,utilisation_pct trending high
2026-05-11 08:00:00,VF-01,69.2,44.9,0.431,88,Medium,utilisation_pct trending high
2026-05-11 12:00:00,VF-01,76.7,35.5,0.38,105,Medium,utilisation_pct trending high
2026-05-11 16:00:00,VF-01,74.3,34.3,0.325,105,Medium,utilisation_pct trending high
2026-05-11 20:00:00,VF-01,91.7,14.1,0.094,141,Low,Within baseline with monitored trend behaviour
2026-05-12 00:00:00,VF-01,74.5,34.2,0.34,108,Medium,utilisation_pct trending high
2026-05-12 04:00:00,VF-01,71.7,36.9,0.354,99,Medium,utilisation_pct trending high
2026-05-12 08:00:00,VF-01,89.1,15.1,0.035,135,Low,Within baseline with monitored trend behaviour
2026-05-12 12:00:00,VF-01,91.0,11.3,0.029,143,Low,Within baseline with monitored trend behaviour
2026-05-12 16:00:00,VF-01,93.1,11.9,0.04,132,Low,Within baseline with monitored trend behaviour
2026-05-12 20:00:00,VF-01,93.6,9.3,0.007,137,Low,Within baseline with monitored trend behaviour
2026-05-13 00:00:00,VF-01,95.2,7.5,0.0,146,Low,Within baseline with monitored trend behaviour
2026-05-13 04:00:00,VF-01,92.1,10.9,0.038,139,Low,Within baseline with monitored trend behaviour
2026-05-13 08:00:00,VF-01,91.6,12.3,0.004,140,Low,Within baseline with monitored trend behaviour
2026-05-13 12:00:00,VF-01,94.8,6.5,0.015,145,Low,Within baseline with monitored trend behaviour
2026-05-13 16:00:00,VF-01,93.8,7.9,0.0,143,Low,Within baseline with monitored trend behaviour
2026-05-13 20:00:00,VF-01,92.9,7.5,0.0,148,Low,Within baseline with monitored trend behaviour
2026-05-14 00:00:00,VF-01,91.1,13.5,0.049,140,Low,Within baseline with monitored trend behaviour
2026-05-14 04:00:00,VF-01,77.5,28.5,0.243,119,Medium,utilisation_pct trending high
2026-05-14 08:00:00,VF-01,90.1,9.7,0.0,139,Low,Within baseline with monitored trend behaviour
2026-05-14 12:00:00,VF-01,81.7,26.3,0.267,114,Medium,utilisation_pct trending high
2026-05-14 16:00:00,VF-01,85.1,24.3,0.208,125,Low,utilisation_pct trending high
2026-05-14 20:00:00,VF-01,81.9,26.1,0.257,124,Medium,utilisation_pct trending high
2026-05-15 00:00:00,VF-01,89.1,17.2,0.141,130,Low,Within baseline with monitored trend behaviour
2026-05-15 04:00:00,VF-01,82.5,27.4,0.273,113,Medium,utilisation_pct trending high
2026-05-15 08:00:00,VF-01,83.2,22.6,0.191,126,Low,utilisation_pct trending high
2026-05-15 12:00:00,VF-01,83.3,21.7,0.15,124,Low,Within baseline with monitored trend behaviour
2026-05-15 16:00:00,VF-01,81.6,27.7,0.243,112,Medium,utilisation_pct trending high
2026-05-15 20:00:00,VF-01,92.0,12.8,0.026,133,Low,Within baseline with monitored trend behaviour
2026-05-16 00:00:00,VF-01,88.5,16.9,0.102,128,Low,Within baseline with monitored trend behaviour
2026-05-16 04:00:00,VF-01,87.9,16.8,0.102,125,Low,Within baseline with monitored trend behaviour
2026-05-16 08:00:00,VF-01,91.8,15.6,0.179,132,Low,Within baseline with monitored trend behaviour
2026-05-16 12:00:00,VF-01,86.5,16.6,0.108,129,Low,Within baseline with monitored trend behaviour
2026-05-16 16:00:00,VF-01,89.9,19.1,0.087,120,Low,Within baseline with monitored trend behaviour
2026-05-16 20:00:00,VF-01,91.7,15.4,0.094,134,Low,Within baseline with monitored trend behaviour
2026-05-17 00:00:00,VF-01,80.8,26.3,0.217,118,Medium,Within baseline with monitored trend behaviour
2026-05-17 04:00:00,VF-01,82.6,25.3,0.185,113,Medium,Within baseline with monitored trend behaviour
2026-05-17 08:00:00,VF-01,87.0,19.6,0.165,126,Low,Within baseline with monitored trend behaviour
2026-05-17 12:00:00,VF-01,75.9,31.2,0.312,104,Medium,utilisation_pct trending high
2026-05-17 16:00:00,VF-01,80.5,28.0,0.274,111,Medium,Within baseline with monitored trend behaviour
2026-05-17 20:00:00,VF-01,70.3,41.6,0.426,95,Medium,utilisation_pct trending high
2026-05-18 00:00:00,VF-01,72.0,42.3,0.461,84,Medium,utilisation_pct trending high
2026-05-18 04:00:00,VF-01,71.8,38.3,0.397,94,Medium,utilisation_pct trending high
2026-05-18 08:00:00,VF-01,74.6,37.9,0.439,101,Medium,utilisation_pct trending high
2026-05-18 12:00:00,VF-01,68.1,42.8,0.433,88,Medium,utilisation_pct trending high
2026-05-18 16:00:00,VF-01,72.9,37.1,0.382,102,Medium,utilisation_pct trending high
2026-05-18 20:00:00,VF-01,82.2,23.0,0.205,122,Low,Within baseline with monitored trend behaviour
2026-05-19 00:00:00,VF-01,77.0,33.1,0.32,111,Medium,utilisation_pct trending high
2026-05-19 04:00:00,VF-01,75.4,36.1,0.371,101,Medium,utilisation_pct trending high
2026-05-19 08:00:00,VF-01,91.1,14.9,0.062,130,Low,Within baseline with monitored trend behaviour
2026-05-19 12:00:00,VF-01,83.7,23.0,0.141,116,Low,Within baseline with monitored trend behaviour
2026-05-19 16:00:00,VF-01,92.8,13.1,0.094,141,Low,Within baseline with monitored trend behaviour
2026-05-19 20:00:00,VF-01,89.9,12.9,0.035,135,Low,Within baseline with monitored trend behaviour
2026-05-20 00:00:00,VF-01,95.0,6.3,0.018,147,Low,Within baseline with monitored trend behaviour
2026-05-20 04:00:00,VF-01,91.2,11.7,0.008,137,Low,Within baseline with monitored trend behaviour
2026-05-20 08:00:00,VF-01,92.7,11.9,0.043,144,Low,Within baseline with monitored trend behaviour
2026-05-20 12:00:00,VF-01,94.2,7.7,0.014,145,Low,Within baseline with monitored trend behaviour
2026-05-20 16:00:00,VF-01,93.0,8.4,0.012,142,Low,Within baseline with monitored trend behaviour
2026-05-20 20:00:00,VF-01,95.1,5.6,0.0,143,Low,Within baseline with monitored trend behaviour
2026-05-21 00:00:00,VF-01,80.2,26.7,0.24,113,Medium,utilisation_pct trending high
2026-05-21 04:00:00,VF-01,88.8,10.5,0.031,139,Low,Within baseline with monitored trend behaviour
2026-05-21 08:00:00,VF-01,95.4,8.4,0.0,146,Low,Within baseline with monitored trend behaviour
2026-05-21 12:00:00,VF-01,75.8,30.6,0.257,113,Medium,utilisation_pct trending high
2026-05-21 16:00:00,VF-01,78.6,28.7,0.257,112,Medium,utilisation_pct trending high
2026-05-21 20:00:00,VF-01,87.6,17.5,0.041,129,Low,Within baseline with monitored trend behaviour
2026-05-22 00:00:00,VF-01,89.0,14.8,0.065,130,Low,Within baseline with monitored trend behaviour
2026-05-22 04:00:00,VF-01,75.6,30.9,0.257,108,Medium,utilisation_pct trending high
2026-05-22 08:00:00,VF-01,79.8,26.3,0.236,110,Medium,utilisation_pct trending high
2026-05-22 12:00:00,VF-01,92.2,11.6,0.049,142,Low,Within baseline with monitored trend behaviour
2026-05-22 16:00:00,VF-01,93.9,6.8,0.005,151,Low,Within baseline with monitored trend behaviour
2026-05-22 20:00:00,VF-01,87.8,16.2,0.117,136,Low,Within baseline with monitored trend behaviour
2026-05-23 00:00:00,VF-01,92.7,7.6,0.037,150,Low,Within baseline with monitored trend behaviour
2026-05-23 04:00:00,VF-01,90.1,12.7,0.076,134,Low,Within baseline with monitored trend behaviour
2026-05-23 08:00:00,VF-01,93.2,8.4,0.014,143,Low,Within baseline with monitored trend behaviour
2026-05-23 12:00:00,VF-01,89.6,12.7,0.028,134,Low,Within baseline with monitored trend behaviour
2026-05-23 16:00:00,VF-01,94.5,11.0,0.037,138,Low,Within baseline with monitored trend behaviour
2026-05-23 20:00:00,VF-01,88.2,12.2,0.076,134,Low,Within baseline with monitored trend behaviour
2026-05-24 00:00:00,VF-01,87.7,14.7,0.108,133,Low,Within baseline with monitored trend behaviour
2026-05-24 04:00:00,VF-01,85.0,23.9,0.21,120,Low,Within baseline with monitored trend behaviour
2026-05-24 08:00:00,VF-01,86.7,18.1,0.104,124,Low,Within baseline with monitored trend behaviour
2026-05-24 12:00:00,VF-01,77.9,28.4,0.246,116,Medium,Within baseline with monitored trend behaviour
2026-05-24 16:00:00,VF-01,87.0,19.6,0.168,127,Low,Within baseline with monitored trend behaviour
2026-05-24 20:00:00,VF-01,78.8,31.9,0.331,114,Medium,utilisation_pct trending high
2026-05-25 00:00:00,VF-01,68.9,41.9,0.453,91,Medium,utilisation_pct trending high
2026-05-25 04:00:00,VF-01,75.6,36.4,0.342,98,Medium,utilisation_pct trending high
2026-05-25 08:00:00,VF-01,65.9,46.6,0.491,82,High,utilisation_pct trending high
2026-05-25 12:00:00,VF-01,71.8,36.3,0.376,103,Medium,Within baseline with monitored trend behaviour
2026-05-25 16:00:00,VF-01,74.0,39.3,0.399,98,Medium,utilisation_pct trending high
2026-05-25 20:00:00,VF-01,83.4,20.7,0.174,131,Low,Within baseline with monitored trend behaviour
2026-05-26 00:00:00,VF-01,81.0,25.6,0.269,114,Medium,Within baseline with monitored trend behaviour
2026-05-26 04:00:00,VF-01,82.7,22.2,0.199,116,Low,Within baseline with monitored trend behaviour
2026-05-26 08:00:00,VF-01,91.2,12.1,0.071,138,Low,Within baseline with monitored trend behaviour
2026-05-26 12:00:00,VF-01,84.5,20.4,0.173,119,Low,Within baseline with monitored trend behaviour
2026-05-26 16:00:00,VF-01,90.5,13.2,0.063,136,Low,Within baseline with monitored trend behaviour
2026-05-26 20:00:00,VF-01,91.5,9.9,0.038,140,Low,Within baseline with monitored trend behaviour
2026-05-27 00:00:00,VF-01,86.9,16.4,0.094,127,Low,Within baseline with monitored trend behaviour
2026-05-27 04:00:00,VF-01,90.3,11.0,0.07,136,Low,Within baseline with monitored trend behaviour
2026-05-27 08:00:00,VF-01,94.4,9.5,0.041,140,Low,Within baseline with monitored trend behaviour
2026-05-27 12:00:00,VF-01,91.9,13.9,0.043,134,Low,Within baseline with monitored trend behaviour
2026-05-27 16:00:00,VF-01,97.1,4.9,0.012,152,Low,Within baseline with monitored trend behaviour
2026-05-27 20:00:00,VF-01,93.6,9.6,0.004,139,Low,Within baseline with monitored trend behaviour
2026-05-28 00:00:00,VF-01,94.3,9.3,0.047,140,Low,Within baseline with monitored trend behaviour
2026-05-28 04:00:00,VF-01,77.2,30.5,0.28,116,Medium,utilisation_pct trending high
2026-05-28 08:00:00,VF-01,84.4,20.9,0.159,118,Low,Within baseline with monitored trend behaviour
2026-05-28 12:00:00,VF-01,84.6,22.7,0.224,117,Low,Within baseline with monitored trend behaviour
2026-05-28 16:00:00,VF-01,78.3,29.0,0.28,106,Medium,utilisation_pct trending high
2026-05-28 20:00:00,VF-01,92.7,10.2,0.036,135,Low,Within baseline with monitored trend behaviour
2026-05-29 00:00:00,VF-01,75.1,32.1,0.3,103,Medium,utilisation_pct trending high
2026-05-29 04:00:00,VF-01,78.6,29.6,0.268,102,Medium,Within baseline with monitored trend behaviour
2026-05-29 08:00:00,VF-01,81.8,26.5,0.308,116,Medium,utilisation_pct trending high
2026-05-29 12:00:00,VF-01,86.6,18.1,0.119,126,Low,Within baseline with monitored trend behaviour
2026-05-29 16:00:00,VF-01,77.1,33.1,0.324,103,Medium,utilisation_pct trending high
2026-05-29 20:00:00,VF-01,89.8,16.9,0.104,125,Low,Within baseline with monitored trend behaviour
2026-05-30 00:00:00,VF-01,79.8,26.3,0.239,112,Medium,Within baseline with monitored trend behaviour
2026-05-30 04:00:00,VF-01,78.1,28.6,0.267,104,Medium,Within baseline with monitored trend behaviour
2026-05-30 08:00:00,VF-01,85.4,21.2,0.202,119,Low,Within baseline with monitored trend behaviour
2026-05-30 12:00:00,VF-01,82.4,24.5,0.217,120,Low,Within baseline with monitored trend behaviour
2026-05-30 16:00:00,VF-01,75.8,34.1,0.342,97,Medium,Within baseline with monitored trend behaviour
2026-05-30 20:00:00,VF-01,73.0,35.5,0.357,99,Medium,Within baseline with monitored trend behaviour
2026-05-31 00:00:00,VF-01,69.9,41.3,0.424,89,Medium,Within baseline with monitored trend behaviour
2026-05-31 04:00:00,VF-01,69.4,41.7,0.425,88,Medium,Within baseline with monitored trend behaviour
2026-05-31 08:00:00,VF-01,55.5,62.9,0.731,57,High,utilisation_pct trending high
2026-05-31 12:00:00,VF-01,63.6,48.4,0.53,89,High,Within baseline with monitored trend behaviour
2026-05-31 16:00:00,VF-01,57.6,57.3,0.71,64,High,utilisation_pct trending high
2026-05-31 20:00:00,VF-01,56.4,59.9,0.642,62,High,Within baseline with monitored trend behaviour
2026-06-01 00:00:00,VF-01,49.7,73.7,0.854,42,Critical,utilisation_pct trending high
2026-06-01 04:00:00,VF-01,49.6,71.4,0.83,43,Critical,utilisation_pct trending high
2026-06-01 08:00:00,VF-01,45.6,78.3,0.855,34,Critical,utilisation_pct trending high
2026-06-01 12:00:00,VF-01,38.0,84.9,0.991,26,Critical,utilisation_pct trending high; ch4_pct trending high
2026-06-01 16:00:00,VF-01,38.2,85.2,0.953,24,Critical,ch4_pct trending high
2026-06-01 20:00:00,VF-01,40.1,85.1,0.975,19,Critical,oil_temperature_C trending high; utilisation_pct trending high; ch4_pct trending high
2026-06-02 00:00:00,VF-01,52.0,71.3,0.801,44,Critical,Within baseline with monitored trend behaviour
2026-06-02 04:00:00,VF-01,46.9,74.5,0.841,41,Critical,ch4_pct trending high
2026-06-02 08:00:00,VF-01,54.2,67.9,0.797,49,High,ch4_pct trending high
2026-06-02 12:00:00,VF-01,51.5,67.5,0.749,53,High,Within baseline with monitored trend behaviour
2026-06-02 16:00:00,VF-01,47.0,70.9,0.82,44,Critical,Within baseline with monitored trend behaviour
2026-06-02 20:00:00,VF-01,49.5,69.4,0.775,44,High,Within baseline with monitored trend behaviour
2026-06-03 00:00:00,VF-01,49.7,67.9,0.759,53,High,Within baseline with monitored trend behaviour
2026-06-03 04:00:00,VF-01,49.9,70.6,0.81,40,Critical,ch4_pct trending high
2026-06-03 08:00:00,VF-01,52.2,67.3,0.726,52,High,ch4_pct trending high
2026-06-03 12:00:00,VF-01,51.6,65.7,0.772,53,High,Within baseline with monitored trend behaviour
2026-06-03 16:00:00,VF-01,51.8,65.6,0.766,55,High,Within baseline with monitored trend behaviour
2026-06-03 20:00:00,VF-01,54.8,63.6,0.728,52,High,Within baseline with monitored trend behaviour
2026-06-04 00:00:00,VF-01,48.6,69.0,0.767,49,High,ch4_pct trending high
2026-06-04 04:00:00,VF-01,44.1,76.6,0.824,32,Critical,Within baseline with monitored trend behaviour
2026-06-04 08:00:00,VF-01,43.4,78.8,0.878,27,Critical,ch4_pct trending high
2026-06-04 12:00:00,VF-01,43.5,78.9,0.9,29,Critical,Within baseline with monitored trend behaviour
2026-06-04 16:00:00,VF-01,46.6,76.0,0.89,32,Critical,utilisation_pct trending high
2026-06-04 20:00:00,VF-01,47.0,72.0,0.856,46,Critical,Within baseline with monitored trend behaviour
2026-06-05 00:00:00,VF-01,53.7,63.2,0.714,55,High,Within baseline with monitored trend behaviour
2026-06-05 04:00:00,VF-01,39.7,87.0,1.0,20,Critical,utilisation_pct trending high; ch4_pct trending high
2026-06-05 08:00:00,VF-01,36.4,89.9,1.0,13,Critical,utilisation_pct trending high; ch4_pct trending high
2026-06-05 12:00:00,VF-01,42.3,81.4,0.918,32,Critical,ch4_pct trending high
2026-06-05 16:00:00,VF-01,44.7,77.0,0.866,32,Critical,ch4_pct trending high
2026-06-05 20:00:00,VF-01,46.8,70.8,0.802,43,Critical,Within baseline with monitored trend behaviour
2026-06-06 00:00:00,VF-01,47.5,73.9,0.875,42,Critical,ch4_pct trending high
2026-06-06 04:00:00,VF-01,40.9,81.7,0.937,26,Critical,ch4_pct trending high
2026-06-06 08:00:00,VF-01,40.1,85.3,0.96,17,Critical,ch4_pct trending high
2026-06-06 12:00:00,VF-01,40.0,84.0,0.968,22,Critical,ch4_pct trending high
2026-06-06 16:00:00,VF-01,38.8,80.7,0.967,29,Critical,ch4_pct trending high
2026-06-06 20:00:00,VF-01,40.3,81.8,0.99,29,Critical,ch4_pct trending high
2026-06-07 00:00:00,VF-01,36.6,86.8,1.0,22,Critical,motor_current_A trending high; utilisation_pct trending high; ch4_pct trending high
2026-06-07 04:00:00,VF-01,36.6,87.1,1.0,24,Critical,oil_temperature_C trending high; ch4_pct trending high
2026-06-07 08:00:00,VF-01,36.2,87.0,1.0,10,Critical,motor_current_A trending high; oil_temperature_C trending high; ch4_pct trending high
2026-06-07 12:00:00,VF-01,37.0,86.4,1.0,19,Critical,motor_current_A trending high; oil_temperature_C trending high; ch4_pct above upper limit
2026-06-07 16:00:00,VF-01,35.1,85.5,1.0,19,Critical,motor_current_A trending high; oil_temperature_C trending high; vibration_mm_s trending high
2026-06-07 20:00:00,VF-01,38.9,83.8,1.0,21,Critical,motor_current_A trending high; oil_temperature_C trending high; utilisation_pct trending high
2026-06-08 00:00:00,VF-01,38.4,86.1,1.0,22,Critical,motor_current_A trending high; oil_temperature_C trending high; vibration_mm_s trending high
2026-06-08 04:00:00,VF-01,43.7,81.2,1.0,21,Critical,motor_current_A trending high; oil_temperature_C trending high; vibration_mm_s trending high
2026-06-08 08:00:00,VF-01,36.9,86.0,1.0,21,Critical,motor_current_A trending high; oil_temperature_C trending high; vibration_mm_s trending high
2026-06-08 12:00:00,VF-01,43.0,82.3,1.0,24,Critical,motor_current_A trending high; oil_temperature_C trending high; vibration_mm_s trending high
2026-06-08 16:00:00,VF-01,36.2,87.0,1.0,25,Critical,motor_current_A trending high; oil_temperature_C trending high; vibration_mm_s trending high
2026-06-08 20:00:00,VF-01,36.1,83.3,1.0,29,Critical,motor_current_A trending high; oil_temperature_C trending high; vibration_mm_s trending high
2026-06-09 00:00:00,VF-01,39.7,83.6,1.0,30,Critical,motor_current_A trending high; oil_temperature_C above upper limit; vibration_mm_s trending high
2026-06-09 04:00:00,VF-01,39.1,85.2,1.0,24,Critical,motor_current_A trending high; oil_temperature_C above upper limit; vibration_mm_s trending high
2026-06-09 08:00:00,VF-01,40.0,86.1,1.0,22,Critical,motor_current_A trending high; oil_temperature_C above upper limit; vibration_mm_s trending high
2026-06-09 12:00:00,VF-01,40.5,84.2,1.0,22,Critical,motor_current_A trending high; oil_temperature_C trending high; vibration_mm_s trending high
2026-06-09 16:00:00,VF-01,38.6,85.9,1.0,23,Critical,motor_current_A above upper limit; oil_temperature_C trending high; vibration_mm_s trending high
2026-06-09 20:00:00,VF-01,41.4,84.1,1.0,28,Critical,motor_current_A above upper limit; oil_temperature_C above upper limit; vibration_mm_s trending high
2026-06-10 00:00:00,VF-01,41.6,84.7,1.0,21,Critical,motor_current_A trending high; oil_temperature_C above upper limit; vibration_mm_s trending high
2026-06-10 04:00:00,VF-01,36.6,87.1,1.0,21,Critical,motor_current_A trending high; oil_temperature_C trending high; vibration_mm_s trending high
2026-06-10 08:00:00,VF-01,39.0,85.1,1.0,10,Critical,motor_current_A trending high; oil_temperature_C above upper limit; vibration_mm_s trending high
2026-06-10 12:00:00,VF-01,37.9,85.1,1.0,13,Critical,motor_current_A above upper limit; oil_temperature_C above upper limit; vibration_mm_s trending high
2026-06-10 16:00:00,VF-01,36.4,87.5,1.0,10,Critical,motor_current_A trending high; oil_temperature_C above upper limit; vibration_mm_s trending high
2026-06-10 20:00:00,VF-01,38.8,87.2,1.0,17,Critical,motor_current_A trending high; oil_temperature_C above upper limit; vibration_mm_s trending high
2026-06-11 00:00:00,VF-01,37.4,83.0,1.0,19,Critical,motor_current_A trending high; oil_temperature_C above upper limit; vibration_mm_s trending high
2026-06-11 04:00:00,VF-01,41.8,84.3,1.0,21,Critical,motor_current_A above upper limit; oil_temperature_C above upper limit; vibration_mm_s trending high
2026-06-11 08:00:00,VF-01,39.0,83.5,1.0,28,Critical,motor_current_A trending high; oil_temperature_C trending high; vibration_mm_s trending high
2026-06-11 12:00:00,VF-01,37.4,87.1,1.0,17,Critical,motor_current_A trending high; oil_temperature_C trending high; vibration_mm_s trending high
2026-06-11 16:00:00,VF-01,38.3,86.0,1.0,18,Critical,oil_temperature_C above upper limit; vibration_mm_s trending high; ch4_pct above upper limit
2026-06-11 20:00:00,VF-01,37.5,86.2,1.0,15,Critical,oil_temperature_C trending high; vibration_mm_s trending high; ch4_pct above upper limit
2026-06-12 00:00:00,VF-01,39.0,85.5,1.0,17,Critical,oil_temperature_C trending high; vibration_mm_s trending high; ch4_pct above upper limit
2026-06-12 04:00:00,VF-01,38.7,86.8,1.0,19,Critical,oil_temperature_C above upper limit; vibration_mm_s trending high; ch4_pct above upper limit
2026-06-12 08:00:00,VF-01,39.0,84.9,1.0,21,Critical,oil_temperature_C above upper limit; vibration_mm_s trending high; ch4_pct above upper limit
2026-06-12 12:00:00,VF-01,40.0,86.4,1.0,14,Critical,oil_temperature_C trending high; vibration_mm_s trending high; ch4_pct above upper limit
2026-06-12 16:00:00,VF-01,37.2,86.4,1.0,13,Critical,oil_temperature_C above upper limit; vibration_mm_s trending high; ch4_pct above upper limit
2026-06-12 20:00:00,VF-01,41.2,83.5,1.0,17,Critical,oil_temperature_C above upper limit; vibration_mm_s trending high; ch4_pct above upper limit
2026-06-13 00:00:00,VF-01,37.8,86.6,1.0,15,Critical,oil_temperature_C trending high; vibration_mm_s trending high; ch4_pct above upper limit
2026-06-13 04:00:00,VF-01,35.1,87.7,1.0,14,Critical,oil_temperature_C above upper limit; vibration_mm_s trending high; ch4_pct above upper limit
2026-06-13 08:00:00,VF-01,40.8,83.8,1.0,27,Critical,oil_temperature_C above upper limit; vibration_mm_s trending high; ch4_pct above upper limit
2026-06-13 12:00:00,VF-01,41.5,86.5,1.0,20,Critical,oil_temperature_C above upper limit; vibration_mm_s trending high; ch4_pct above upper limit
2026-06-13 16:00:00,VF-01,38.7,87.3,1.0,14,Critical,oil_temperature_C above upper limit; vibration_mm_s trending high; ch4_pct above upper limit
2026-06-13 20:00:00,VF-01,36.0,86.8,1.0,12,Critical,oil_temperature_C above upper limit; vibration_mm_s trending high; ch4_pct above upper limit
2026-06-14 00:00:00,VF-01,35.2,88.2,1.0,16,Critical,oil_temperature_C above upper limit; vibration_mm_s above upper limit; ch4_pct above upper limit
2026-06-14 04:00:00,VF-01,33.0,89.3,1.0,16,Critical,oil_temperature_C above upper limit; vibration_mm_s trending high; ch4_pct above upper limit
2026-06-14 08:00:00,VF-01,38.0,86.0,1.0,19,Critical,oil_temperature_C above upper limit; vibration_mm_s trending high; ch4_pct above upper limit
2026-06-14 12:00:00,VF-01,38.8,86.0,1.0,15,Critical,oil_temperature_C above upper limit; vibration_mm_s trending high; ch4_pct above upper limit
2026-06-14 16:00:00,VF-01,35.7,87.0,1.0,26,Critical,motor_current_A above upper limit; oil_temperature_C above upper limit; vibration_mm_s trending high
2026-06-14 20:00:00,VF-01,38.5,85.8,1.0,26,Critical,motor_current_A above upper limit; oil_temperature_C above upper limit; vibration_mm_s above upper limit
2026-06-15 00:00:00,VF-01,39.2,84.5,1.0,15,Critical,motor_current_A above upper limit; oil_temperature_C above upper limit; vibration_mm_s trending high
2026-06-15 04:00:00,VF-01,37.3,84.1,1.0,25,Critical,motor_current_A above upper limit; oil_temperature_C above upper limit; vibration_mm_s above upper limit
2026-06-15 08:00:00,VF-01,36.6,87.1,1.0,15,Critical,motor_current_A above upper limit; oil_temperature_C above upper limit; vibration_mm_s above upper limit
2026-06-15 12:00:00,VF-01,36.7,87.9,1.0,12,Critical,motor_current_A above upper limit; oil_temperature_C above upper limit; vibration_mm_s above upper limit
2026-06-15 16:00:00,VF-01,36.3,88.1,1.0,18,Critical,motor_current_A above upper limit; oil_temperature_C above upper limit; vibration_mm_s above upper limit
2026-06-15 20:00:00,VF-01,41.1,86.1,1.0,18,Critical,motor_current_A above upper limit; oil_temperature_C above upper limit; vibration_mm_s above upper limit
2026-06-16 00:00:00,VF-01,40.6,82.0,1.0,26,Critical,motor_current_A above upper limit; oil_temperature_C above upper limit; vibration_mm_s above upper limit
2026-06-16 04:00:00,VF-01,38.6,86.9,1.0,15,Critical,motor_current_A above upper limit; oil_temperature_C above upper limit; vibration_mm_s trending high
2026-06-16 08:00:00,VF-01,37.3,89.1,1.0,14,Critical,motor_current_A above upper limit; oil_temperature_C above upper limit; vibration_mm_s above upper limit
2026-06-16 12:00:00,VF-01,42.0,84.6,1.0,24,Critical,motor_current_A above upper limit; oil_temperature_C above upper limit; vibration_mm_s above upper limit
2026-06-16 16:00:00,VF-01,40.9,85.0,1.0,21,Critical,motor_current_A above upper limit; oil_temperature_C above upper limit; vibration_mm_s above upper limit
2026-06-16 20:00:00,VF-01,34.6,89.0,1.0,13,Critical,motor_current_A above upper limit; oil_temperature_C above upper limit; vibration_mm_s above upper limit
2026-06-17 00:00:00,VF-01,35.1,88.8,1.0,13,Critical,motor_current_A above upper limit; oil_temperature_C above upper limit; vibration_mm_s above upper limit
2026-06-17 04:00:00,VF-01,42.6,80.5,1.0,31,Critical,motor_current_A above upper limit; oil_temperature_C above upper limit; vibration_mm_s above upper limit
2026-06-17 08:00:00,VF-01,40.1,84.2,1.0,19,Critical,motor_current_A above upper limit; oil_temperature_C above upper limit; vibration_mm_s above upper limit
2026-06-17 12:00:00,VF-01,39.8,83.0,1.0,21,Critical,motor_current_A above upper limit; oil_temperature_C above upper limit; vibration_mm_s above upper limit
2026-06-17 16:00:00,VF-01,37.4,86.3,1.0,23,Critical,motor_current_A above upper limit; oil_temperature_C above upper limit; vibration_mm_s above upper limit
2026-06-17 20:00:00,VF-01,38.7,84.9,1.0,21,Critical,motor_current_A above upper limit; oil_temperature_C above upper limit; vibration_mm_s above upper limit
2026-06-18 00:00:00,VF-01,37.4,85.9,1.0,19,Critical,motor_current_A above upper limit; oil_temperature_C above upper limit; vibration_mm_s trending high
2026-06-18 04:00:00,VF-01,38.7,87.0,1.0,8,Critical,motor_current_A above upper limit; oil_temperature_C above upper limit; vibration_mm_s above upper limit
2026-06-18 08:00:00,VF-01,36.3,87.0,1.0,21,Critical,motor_current_A above upper limit; oil_temperature_C above upper limit; vibration_mm_s above upper limit
2026-06-18 12:00:00,VF-01,38.1,87.9,1.0,13,Critical,motor_current_A above upper limit; oil_temperature_C above upper limit; vibration_mm_s above upper limit
2026-06-18 16:00:00,VF-01,42.0,83.2,1.0,27,Critical,motor_current_A above upper limit; oil_temperature_C above upper limit; vibration_mm_s trending high
2026-06-18 20:00:00,VF-01,43.0,82.0,1.0,26,Critical,motor_current_A above upper limit; oil_temperature_C above upper limit; vibration_mm_s above upper limit
2026-06-19 00:00:00,VF-01,36.7,86.3,1.0,22,Critical,motor_current_A above upper limit; oil_temperature_C above upper limit; vibration_mm_s above upper limit
2026-06-19 04:00:00,VF-01,38.0,85.1,1.0,11,Critical,motor_current_A above upper limit; oil_temperature_C above upper limit; vibration_mm_s above upper limit
2026-06-19 08:00:00,VF-01,37.7,84.5,1.0,12,Critical,motor_current_A above upper limit; oil_temperature_C above upper limit; vibration_mm_s above upper limit
2026-06-19 12:00:00,VF-01,35.6,89.1,1.0,7,Critical,motor_current_A above upper limit; oil_temperature_C above upper limit; vibration_mm_s above upper limit
2026-06-19 16:00:00,VF-01,38.6,84.1,1.0,19,Critical,motor_current_A above upper limit; oil_temperature_C above upper limit; vibration_mm_s trending high
2026-06-19 20:00:00,VF-01,36.5,87.6,1.0,16,Critical,motor_current_A above upper limit; oil_temperature_C above upper limit; vibration_mm_s above upper limit
2026-06-20 00:00:00,VF-01,40.2,85.5,1.0,24,Critical,motor_current_A above upper limit; oil_temperature_C above upper limit; vibration_mm_s trending high
2026-06-20 04:00:00,VF-01,36.9,85.7,1.0,18,Critical,motor_current_A above upper limit; oil_temperature_C above upper limit; vibration_mm_s trending high
2026-06-20 08:00:00,VF-01,43.0,79.8,1.0,22,Critical,motor_current_A above upper limit; oil_temperature_C trending high; vibration_mm_s trending high
2026-06-20 12:00:00,VF-01,39.1,85.6,1.0,16,Critical,motor_current_A above upper limit; oil_temperature_C above upper limit; vibration_mm_s trending high
2026-06-20 16:00:00,VF-01,39.1,85.1,1.0,17,Critical,motor_current_A above upper limit; oil_temperature_C above upper limit; vibration_mm_s trending high
2026-06-20 20:00:00,VF-01,37.9,87.8,1.0,17,Critical,motor_current_A above upper limit; oil_temperature_C above upper limit; vibration_mm_s trending high
2026-06-21 00:00:00,VF-01,39.8,84.7,1.0,17,Critical,motor_current_A above upper limit; oil_temperature_C above upper limit; vibration_mm_s trending high
2026-06-21 04:00:00,VF-01,34.3,85.8,1.0,23,Critical,motor_current_A above upper limit; oil_temperature_C above upper limit; vibration_mm_s above upper limit
2026-06-21 08:00:00,VF-01,35.9,89.5,1.0,6,Critical,motor_current_A above upper limit; oil_temperature_C above upper limit; vibration_mm_s trending high
2026-06-21 12:00:00,VF-01,38.5,85.6,1.0,18,Critical,motor_current_A trending high; oil_temperature_C above upper limit; vibration_mm_s trending high
2026-06-21 16:00:00,VF-01,34.1,91.1,1.0,7,Critical,motor_current_A above upper limit; oil_temperature_C above upper limit; vibration_mm_s above upper limit
2026-06-21 20:00:00,VF-01,37.6,86.3,1.0,14,Critical,motor_current_A above upper limit; oil_temperature_C above upper limit; vibration_mm_s trending high
2026-06-22 00:00:00,VF-01,41.7,82.5,1.0,20,Critical,motor_current_A trending high; oil_temperature_C above upper limit; vibration_mm_s trending high
2026-06-22 04:00:00,VF-01,38.3,84.0,1.0,15,Critical,motor_current_A above upper limit; oil_temperature_C above upper limit; vibration_mm_s above upper limit
2026-06-22 08:00:00,VF-01,37.9,87.3,1.0,16,Critical,motor_current_A above upper limit; oil_temperature_C above upper limit; vibration_mm_s above upper limit
2026-06-22 12:00:00,VF-01,37.7,87.4,1.0,18,Critical,motor_current_A above upper limit; oil_temperature_C above upper limit; vibration_mm_s above upper limit
2026-06-22 16:00:00,VF-01,36.9,89.6,1.0,12,Critical,motor_current_A above upper limit; oil_temperature_C above upper limit; vibration_mm_s above upper limit
2026-06-22 20:00:00,VF-01,37.0,84.1,1.0,13,Critical,motor_current_A above upper limit; oil_temperature_C above upper limit; vibration_mm_s above upper limit
2026-06-23 00:00:00,VF-01,35.9,87.9,1.0,15,Critical,motor_current_A above upper limit; oil_temperature_C above upper limit; vibration_mm_s above upper limit
2026-06-23 04:00:00,VF-01,42.8,84.1,1.0,13,Critical,motor_current_A above upper limit; oil_temperature_C above upper limit; vibration_mm_s above upper limit
2026-06-23 08:00:00,VF-01,37.3,86.3,1.0,17,Critical,motor_current_A above upper limit; oil_temperature_C above upper limit; vibration_mm_s above upper limit
2026-06-23 12:00:00,VF-01,37.2,85.4,1.0,14,Critical,motor_current_A above upper limit; oil_temperature_C above upper limit; vibration_mm_s above upper limit
2026-06-23 16:00:00,VF-01,34.7,90.1,1.0,12,Critical,motor_current_A above upper limit; oil_temperature_C above upper limit; vibration_mm_s above upper limit
2026-06-23 20:00:00,VF-01,37.2,82.8,1.0,19,Critical,motor_current_A above upper limit; oil_temperature_C above upper limit; vibration_mm_s above upper limit
2026-06-24 00:00:00,VF-01,36.9,87.7,1.0,12,Critical,motor_current_A above upper limit; oil_temperature_C above upper limit; vibration_mm_s above upper limit
2026-06-24 04:00:00,VF-01,36.6,86.9,1.0,21,Critical,motor_current_A above upper limit; oil_temperature_C above upper limit; vibration_mm_s above upper limit
2026-06-24 08:00:00,VF-01,35.2,88.8,1.0,10,Critical,motor_current_A above upper limit; oil_temperature_C above upper limit; vibration_mm_s above upper limit
2026-06-24 12:00:00,VF-01,38.8,85.9,1.0,16,Critical,motor_current_A above upper limit; oil_temperature_C above upper limit; vibration_mm_s above upper limit
2026-06-24 16:00:00,VF-01,37.0,88.1,1.0,18,Critical,motor_current_A above upper limit; oil_temperature_C above upper limit; vibration_mm_s above upper limit
2026-06-24 20:00:00,VF-01,38.8,83.8,1.0,23,Critical,motor_current_A above upper limit; oil_temperature_C above upper limit; vibration_mm_s above upper limit
2026-06-25 00:00:00,VF-01,37.7,86.1,1.0,15,Critical,motor_current_A above upper limit; oil_temperature_C above upper limit; vibration_mm_s above upper limit
2026-06-25 04:00:00,VF-01,40.1,86.2,1.0,9,Critical,motor_current_A above upper limit; oil_temperature_C above upper limit; vibration_mm_s above upper limit
2026-06-25 08:00:00,VF-01,38.1,85.7,1.0,13,Critical,motor_current_A above upper limit; oil_temperature_C above upper limit; vibration_mm_s above upper limit
2026-06-25 12:00:00,VF-01,35.8,85.7,1.0,15,Critical,motor_current_A above upper limit; oil_temperature_C above upper limit; vibration_mm_s above upper limit
2026-06-25 16:00:00,VF-01,38.5,85.5,1.0,25,Critical,motor_current_A above upper limit; oil_temperature_C above upper limit; vibration_mm_s above upper limit
2026-06-25 20:00:00,VF-01,37.3,84.4,1.0,23,Critical,motor_current_A above upper limit; oil_temperature_C above upper limit; vibration_mm_s above upper limit
2026-06-26 00:00:00,VF-01,43.6,77.1,1.0,29,Critical,motor_current_A above upper limit; oil_temperature_C above upper limit; vibration_mm_s above upper limit
2026-06-26 04:00:00,VF-01,39.3,84.1,1.0,17,Critical,motor_current_A above upper limit; oil_temperature_C above upper limit; vibration_mm_s above upper limit
2026-06-26 08:00:00,VF-01,41.5,82.5,1.0,25,Critical,motor_current_A above upper limit; oil_temperature_C above upper limit; vibration_mm_s trending high
2026-06-26 12:00:00,VF-01,38.7,84.0,1.0,27,Critical,motor_current_A above upper limit; oil_temperature_C above upper limit; vibration_mm_s trending high
2026-06-26 16:00:00,VF-01,37.4,86.9,1.0,22,Critical,motor_current_A above upper limit; oil_temperature_C above upper limit; vibration_mm_s above upper limit
2026-06-26 20:00:00,VF-01,37.4,82.8,1.0,22,Critical,motor_current_A above upper limit; oil_temperature_C above upper limit; vibration_mm_s trending high
2026-06-27 00:00:00,VF-01,34.3,87.7,1.0,9,Critical,motor_current_A above upper limit; oil_temperature_C above upper limit; vibration_mm_s trending high
2026-06-27 04:00:00,VF-01,35.2,87.6,1.0,13,Critical,motor_current_A trending high; oil_temperature_C above upper limit; vibration_mm_s above upper limit
2026-06-27 08:00:00,VF-01,39.2,86.4,1.0,15,Critical,motor_current_A trending high; oil_temperature_C above upper limit; vibration_mm_s trending high
2026-06-27 12:00:00,VF-01,35.5,87.0,1.0,17,Critical,motor_current_A above upper limit; oil_temperature_C above upper limit; vibration_mm_s trending high
2026-06-27 16:00:00,VF-01,37.3,84.2,1.0,28,Critical,motor_current_A above upper limit; oil_temperature_C above upper limit; vibration_mm_s trending high
2026-06-27 20:00:00,VF-01,35.7,89.7,1.0,17,Critical,motor_current_A above upper limit; oil_temperature_C above upper limit; vibration_mm_s trending high
2026-06-28 00:00:00,VF-01,38.3,85.3,1.0,17,Critical,motor_current_A above upper limit; oil_temperature_C above upper limit; vibration_mm_s trending high
2026-06-28 04:00:00,VF-01,35.9,84.2,1.0,18,Critical,motor_current_A trending high; oil_temperature_C above upper limit; vibration_mm_s trending high
2026-06-28 08:00:00,VF-01,36.6,88.6,1.0,16,Critical,motor_current_A above upper limit; oil_temperature_C above upper limit; vibration_mm_s trending high
2026-06-28 12:00:00,VF-01,36.2,86.8,1.0,16,Critical,motor_current_A above upper limit; oil_temperature_C above upper limit; vibration_mm_s above upper limit
2026-06-28 16:00:00,VF-01,37.0,85.3,1.0,21,Critical,motor_current_A above upper limit; oil_temperature_C above upper limit; vibration_mm_s trending high
2026-06-28 20:00:00,VF-01,39.0,83.4,1.0,29,Critical,motor_current_A above upper limit; oil_temperature_C above upper limit; vibration_mm_s trending high
2026-06-29 00:00:00,VF-01,37.4,87.4,1.0,5,Critical,motor_current_A above upper limit; oil_temperature_C above upper limit; vibration_mm_s trending high
2026-06-29 04:00:00,VF-01,36.5,85.8,1.0,16,Critical,motor_current_A above upper limit; oil_temperature_C above upper limit; vibration_mm_s above upper limit
2026-06-29 08:00:00,VF-01,37.1,85.6,1.0,22,Critical,motor_current_A above upper limit; oil_temperature_C above upper limit; vibration_mm_s above upper limit
2026-06-29 12:00:00,VF-01,35.0,87.9,1.0,20,Critical,motor_current_A above upper limit; oil_temperature_C above upper limit; vibration_mm_s trending high
2026-06-29 16:00:00,VF-01,42.2,83.7,1.0,19,Critical,motor_current_A above upper limit; oil_temperature_C above upper limit; vibration_mm_s trending high
2026-06-29 20:00:00,VF-01,40.9,85.2,1.0,17,Critical,motor_current_A above upper limit; oil_temperature_C above upper limit; vibration_mm_s trending high
2026-01-01 00:00:00,DMS-01,85.7,17.2,0.09,153,Low,Within baseline with monitored trend behaviour
2026-01-01 04:00:00,DMS-01,87.3,20.2,0.144,151,Low,Within baseline with monitored trend behaviour
2026-01-01 08:00:00,DMS-01,87.2,18.7,0.136,148,Low,Within baseline with monitored trend behaviour
2026-01-01 12:00:00,DMS-01,80.6,27.9,0.239,133,Medium,Within baseline with monitored trend behaviour
2026-01-01 16:00:00,DMS-01,76.1,34.8,0.341,135,Medium,Within baseline with monitored trend behaviour
2026-01-01 20:00:00,DMS-01,74.3,36.2,0.332,124,Medium,Within baseline with monitored trend behaviour
2026-01-02 00:00:00,DMS-01,43.0,79.3,0.918,59,Critical,utilisation_pct trending high; ch4_pct above upper limit
2026-01-02 04:00:00,DMS-01,70.5,40.8,0.402,112,Medium,Within baseline with monitored trend behaviour
2026-01-02 08:00:00,DMS-01,66.6,44.6,0.475,105,Medium,ch4_pct trending high
2026-01-02 12:00:00,DMS-01,73.3,37.9,0.367,117,Medium,Within baseline with monitored trend behaviour
2026-01-02 16:00:00,DMS-01,59.6,56.7,0.633,92,High,ch4_pct above upper limit
2026-01-02 20:00:00,DMS-01,41.2,80.1,0.913,56,Critical,ch4_pct above upper limit
2026-01-03 00:00:00,DMS-01,43.8,79.6,0.92,60,Critical,ch4_pct above upper limit
2026-01-03 04:00:00,DMS-01,67.7,47.6,0.43,106,High,ch4_pct above upper limit
2026-01-03 08:00:00,DMS-01,66.2,45.0,0.475,106,High,ch4_pct above upper limit
2026-01-03 12:00:00,DMS-01,77.0,32.6,0.308,139,Medium,Within baseline with monitored trend behaviour
2026-01-03 16:00:00,DMS-01,87.7,15.3,0.112,156,Low,Within baseline with monitored trend behaviour
2026-01-03 20:00:00,DMS-01,77.7,31.8,0.318,128,Medium,ch4_pct trending high
2026-01-04 00:00:00,DMS-01,91.8,12.3,0.062,158,Low,Within baseline with monitored trend behaviour
2026-01-04 04:00:00,DMS-01,82.9,24.9,0.226,141,Low,Within baseline with monitored trend behaviour
2026-01-04 08:00:00,DMS-01,86.6,17.6,0.14,156,Low,Within baseline with monitored trend behaviour
2026-01-04 12:00:00,DMS-01,91.6,10.9,0.03,165,Low,Within baseline with monitored trend behaviour
2026-01-04 16:00:00,DMS-01,90.5,16.0,0.092,158,Low,Within baseline with monitored trend behaviour
2026-01-04 20:00:00,DMS-01,83.3,22.5,0.155,141,Low,Within baseline with monitored trend behaviour
2026-01-05 00:00:00,DMS-01,79.6,30.0,0.262,132,Medium,utilisation_pct trending high
2026-01-05 04:00:00,DMS-01,91.5,12.4,0.083,161,Low,Within baseline with monitored trend behaviour
2026-01-05 08:00:00,DMS-01,60.8,55.2,0.64,98,High,utilisation_pct trending high; ch4_pct above upper limit
2026-01-05 12:00:00,DMS-01,87.8,18.0,0.162,156,Low,Within baseline with monitored trend behaviour
2026-01-05 16:00:00,DMS-01,89.5,10.7,0.0,166,Low,Within baseline with monitored trend behaviour
2026-01-05 20:00:00,DMS-01,89.9,13.2,0.074,168,Low,Within baseline with monitored trend behaviour
2026-01-06 00:00:00,DMS-01,90.6,12.3,0.049,163,Low,Within baseline with monitored trend behaviour
2026-01-06 04:00:00,DMS-01,91.3,12.4,0.013,157,Low,Within baseline with monitored trend behaviour
2026-01-06 08:00:00,DMS-01,92.4,12.9,0.06,157,Low,Within baseline with monitored trend behaviour
2026-01-06 12:00:00,DMS-01,92.5,10.2,0.0,155,Low,Within baseline with monitored trend behaviour
2026-01-06 16:00:00,DMS-01,92.5,11.1,0.001,166,Low,Within baseline with monitored trend behaviour
2026-01-06 20:00:00,DMS-01,93.8,8.7,0.001,168,Low,Within baseline with monitored trend behaviour
2026-01-07 00:00:00,DMS-01,95.4,10.1,0.031,163,Low,Within baseline with monitored trend behaviour
2026-01-07 04:00:00,DMS-01,92.5,11.6,0.0,151,Low,Within baseline with monitored trend behaviour
2026-01-07 08:00:00,DMS-01,96.2,7.0,0.012,164,Low,Within baseline with monitored trend behaviour
2026-01-07 12:00:00,DMS-01,98.1,5.3,0.0,164,Low,Within baseline with monitored trend behaviour
2026-01-07 16:00:00,DMS-01,92.6,9.6,0.0,166,Low,Within baseline with monitored trend behaviour
2026-01-07 20:00:00,DMS-01,76.0,29.0,0.262,132,Medium,ch4_pct above upper limit
2026-01-08 00:00:00,DMS-01,92.8,10.8,0.043,163,Low,Within baseline with monitored trend behaviour
2026-01-08 04:00:00,DMS-01,68.2,41.8,0.439,116,Medium,ch4_pct above upper limit
2026-01-08 08:00:00,DMS-01,68.6,44.3,0.443,109,Medium,ch4_pct above upper limit
2026-01-08 12:00:00,DMS-01,85.5,18.3,0.141,151,Low,Within baseline with monitored trend behaviour
2026-01-08 16:00:00,DMS-01,79.4,30.4,0.282,129,Medium,utilisation_pct trending high
2026-01-08 20:00:00,DMS-01,84.5,18.8,0.136,148,Low,Within baseline with monitored trend behaviour
2026-01-09 00:00:00,DMS-01,80.8,28.9,0.282,140,Medium,utilisation_pct trending high
2026-01-09 04:00:00,DMS-01,82.6,26.0,0.261,141,Medium,utilisation_pct trending high
2026-01-09 08:00:00,DMS-01,70.9,38.9,0.41,115,Medium,ch4_pct trending high
2026-01-09 12:00:00,DMS-01,70.2,40.6,0.428,114,Medium,utilisation_pct trending high
2026-01-09 16:00:00,DMS-01,87.3,19.4,0.159,150,Low,Within baseline with monitored trend behaviour
2026-01-09 20:00:00,DMS-01,74.0,35.0,0.35,122,Medium,ch4_pct trending high
2026-01-10 00:00:00,DMS-01,72.8,37.9,0.373,120,Medium,ch4_pct trending high
2026-01-10 04:00:00,DMS-01,73.6,36.6,0.344,127,Medium,ch4_pct trending high
2026-01-10 08:00:00,DMS-01,83.3,20.4,0.211,154,Low,Within baseline with monitored trend behaviour
2026-01-10 12:00:00,DMS-01,73.5,37.5,0.388,125,Medium,ch4_pct above upper limit
2026-01-10 16:00:00,DMS-01,71.4,41.6,0.423,116,Medium,ch4_pct above upper limit
2026-01-10 20:00:00,DMS-01,84.3,22.9,0.165,145,Low,Within baseline with monitored trend behaviour
2026-01-11 00:00:00,DMS-01,74.9,35.9,0.373,122,Medium,ch4_pct trending high
2026-01-11 04:00:00,DMS-01,87.7,13.7,0.075,155,Low,Within baseline with monitored trend behaviour
2026-01-11 08:00:00,DMS-01,73.2,40.5,0.42,114,Medium,ch4_pct trending high
2026-01-11 12:00:00,DMS-01,70.9,43.3,0.445,106,Medium,ch4_pct above upper limit
2026-01-11 16:00:00,DMS-01,91.3,13.9,0.086,166,Low,Within baseline with monitored trend behaviour
2026-01-11 20:00:00,DMS-01,88.8,15.3,0.144,157,Low,Within baseline with monitored trend behaviour
2026-01-12 00:00:00,DMS-01,86.5,23.4,0.176,139,Low,Within baseline with monitored trend behaviour
2026-01-12 04:00:00,DMS-01,78.6,26.3,0.241,137,Medium,Within baseline with monitored trend behaviour
2026-01-12 08:00:00,DMS-01,83.2,27.7,0.24,141,Medium,utilisation_pct trending high
2026-01-12 12:00:00,DMS-01,85.5,18.7,0.098,150,Low,Within baseline with monitored trend behaviour
2026-01-12 16:00:00,DMS-01,63.8,51.3,0.545,98,High,utilisation_pct trending high; ch4_pct above upper limit
2026-01-12 20:00:00,DMS-01,70.6,40.1,0.383,117,Medium,ch4_pct above upper limit
2026-01-13 00:00:00,DMS-01,82.8,28.4,0.224,130,Medium,Within baseline with monitored trend behaviour
2026-01-13 04:00:00,DMS-01,93.7,9.7,0.008,167,Low,Within baseline with monitored trend behaviour
2026-01-13 08:00:00,DMS-01,75.7,33.1,0.28,126,Medium,ch4_pct above upper limit
2026-01-13 12:00:00,DMS-01,94.9,8.1,0.0,168,Low,Within baseline with monitored trend behaviour
2026-01-13 16:00:00,DMS-01,97.6,7.2,0.0,159,Low,Within baseline with monitored trend behaviour
2026-01-13 20:00:00,DMS-01,96.9,5.6,0.0,168,Low,Within baseline with monitored trend behaviour
2026-01-14 00:00:00,DMS-01,95.7,7.9,0.014,168,Low,Within baseline with monitored trend behaviour
2026-01-14 04:00:00,DMS-01,90.7,10.7,0.003,164,Low,Within baseline with monitored trend behaviour
2026-01-14 08:00:00,DMS-01,91.6,9.6,0.0,163,Low,Within baseline with monitored trend behaviour
2026-01-14 12:00:00,DMS-01,92.4,13.4,0.044,156,Low,Within baseline with monitored trend behaviour
2026-01-14 16:00:00,DMS-01,98.1,5.8,0.0,168,Low,Within baseline with monitored trend behaviour
2026-01-14 20:00:00,DMS-01,96.6,4.2,0.0,175,Low,Within baseline with monitored trend behaviour
2026-01-15 00:00:00,DMS-01,96.2,5.6,0.0,167,Low,Within baseline with monitored trend behaviour
2026-01-15 04:00:00,DMS-01,89.3,14.0,0.078,157,Low,Within baseline with monitored trend behaviour
2026-01-15 08:00:00,DMS-01,93.1,11.0,0.044,159,Low,Within baseline with monitored trend behaviour
2026-01-15 12:00:00,DMS-01,83.7,22.7,0.159,137,Low,Within baseline with monitored trend behaviour
2026-01-15 16:00:00,DMS-01,81.2,23.7,0.223,136,Low,utilisation_pct trending high
2026-01-15 20:00:00,DMS-01,78.5,27.6,0.286,134,Medium,utilisation_pct trending high
2026-01-16 00:00:00,DMS-01,74.4,32.7,0.298,123,Medium,utilisation_pct trending high
2026-01-16 04:00:00,DMS-01,86.8,18.1,0.109,142,Low,Within baseline with monitored trend behaviour
2026-01-16 08:00:00,DMS-01,67.9,45.4,0.479,108,High,utilisation_pct trending high; ch4_pct above upper limit
2026-01-16 12:00:00,DMS-01,55.7,60.0,0.609,88,High,ch4_pct above upper limit
2026-01-16 16:00:00,DMS-01,62.0,53.8,0.588,91,High,ch4_pct above upper limit
2026-01-16 20:00:00,DMS-01,86.0,16.8,0.13,145,Low,Within baseline with monitored trend behaviour
2026-01-17 00:00:00,DMS-01,87.3,16.5,0.092,161,Low,Within baseline with monitored trend behaviour
2026-01-17 04:00:00,DMS-01,67.2,47.0,0.512,104,High,ch4_pct above upper limit
2026-01-17 08:00:00,DMS-01,46.4,71.6,0.862,60,Critical,ch4_pct above upper limit
2026-01-17 12:00:00,DMS-01,72.3,41.2,0.387,121,Medium,ch4_pct above upper limit
2026-01-17 16:00:00,DMS-01,52.9,62.5,0.756,82,High,ch4_pct above upper limit
2026-01-17 20:00:00,DMS-01,77.6,32.6,0.335,124,Medium,ch4_pct trending high
2026-01-18 00:00:00,DMS-01,65.9,43.6,0.47,107,Medium,ch4_pct above upper limit
2026-01-18 04:00:00,DMS-01,44.4,75.2,0.852,60,Critical,ch4_pct above upper limit
2026-01-18 08:00:00,DMS-01,69.0,41.4,0.455,110,Medium,ch4_pct trending high
2026-01-18 12:00:00,DMS-01,65.4,49.8,0.524,107,High,ch4_pct above upper limit
2026-01-18 16:00:00,DMS-01,73.7,37.2,0.355,126,Medium,ch4_pct trending high
2026-01-18 20:00:00,DMS-01,72.8,39.1,0.391,120,Medium,ch4_pct above upper limit
2026-01-19 00:00:00,DMS-01,65.1,48.3,0.512,101,High,ch4_pct above upper limit
2026-01-19 04:00:00,DMS-01,66.9,45.0,0.489,111,Medium,utilisation_pct trending high; ch4_pct trending high
2026-01-19 08:00:00,DMS-01,74.1,36.2,0.39,120,Medium,ch4_pct trending high
2026-01-19 12:00:00,DMS-01,83.0,25.4,0.26,132,Medium,utilisation_pct trending high
2026-01-19 16:00:00,DMS-01,82.7,23.8,0.222,145,Low,Within baseline with monitored trend behaviour
2026-01-19 20:00:00,DMS-01,92.6,10.9,0.024,165,Low,Within baseline with monitored trend behaviour
2026-01-20 00:00:00,DMS-01,75.8,37.8,0.389,120,Medium,ch4_pct above upper limit
2026-01-20 04:00:00,DMS-01,90.5,9.4,0.014,166,Low,Within baseline with monitored trend behaviour
2026-01-20 08:00:00,DMS-01,93.1,9.1,0.0,160,Low,Within baseline with monitored trend behaviour
2026-01-20 12:00:00,DMS-01,90.1,12.0,0.0,159,Low,Within baseline with monitored trend behaviour
2026-01-20 16:00:00,DMS-01,94.6,8.9,0.011,155,Low,Within baseline with monitored trend behaviour
2026-01-20 20:00:00,DMS-01,95.7,9.3,0.0,154,Low,Within baseline with monitored trend behaviour
2026-01-21 00:00:00,DMS-01,94.3,9.1,0.038,162,Low,Within baseline with monitored trend behaviour
2026-01-21 04:00:00,DMS-01,94.4,9.4,0.0,163,Low,Within baseline with monitored trend behaviour
2026-01-21 08:00:00,DMS-01,92.8,11.5,0.0,153,Low,Within baseline with monitored trend behaviour
2026-01-21 12:00:00,DMS-01,86.4,18.8,0.12,149,Low,Within baseline with monitored trend behaviour
2026-01-21 16:00:00,DMS-01,95.0,10.3,0.0,160,Low,Within baseline with monitored trend behaviour
2026-01-21 20:00:00,DMS-01,91.4,9.7,0.0,159,Low,Within baseline with monitored trend behaviour
2026-01-22 00:00:00,DMS-01,96.2,7.5,0.008,171,Low,Within baseline with monitored trend behaviour
2026-01-22 04:00:00,DMS-01,85.2,22.3,0.101,146,Low,Within baseline with monitored trend behaviour
2026-01-22 08:00:00,DMS-01,87.8,13.2,0.111,152,Low,Within baseline with monitored trend behaviour
2026-01-22 12:00:00,DMS-01,96.8,5.5,0.0,174,Low,Within baseline with monitored trend behaviour
2026-01-22 16:00:00,DMS-01,90.6,11.7,0.047,159,Low,Within baseline with monitored trend behaviour
2026-01-22 20:00:00,DMS-01,86.6,17.5,0.14,148,Low,Within baseline with monitored trend behaviour
2026-01-23 00:00:00,DMS-01,80.7,23.3,0.186,132,Low,Within baseline with monitored trend behaviour
2026-01-23 04:00:00,DMS-01,88.1,17.5,0.144,144,Low,Within baseline with monitored trend behaviour
2026-01-23 08:00:00,DMS-01,87.0,19.8,0.105,148,Low,Within baseline with monitored trend behaviour
2026-01-23 12:00:00,DMS-01,61.8,54.0,0.567,94,High,ch4_pct above upper limit
2026-01-23 16:00:00,DMS-01,87.4,19.6,0.117,147,Low,Within baseline with monitored trend behaviour
2026-01-23 20:00:00,DMS-01,84.9,21.1,0.119,141,Low,Within baseline with monitored trend behaviour
2026-01-24 00:00:00,DMS-01,89.0,13.7,0.112,159,Low,Within baseline with monitored trend behaviour
2026-01-24 04:00:00,DMS-01,72.9,38.6,0.394,116,Medium,ch4_pct above upper limit
2026-01-24 08:00:00,DMS-01,87.2,17.2,0.149,146,Low,Within baseline with monitored trend behaviour
2026-01-24 12:00:00,DMS-01,84.5,19.7,0.161,147,Low,Within baseline with monitored trend behaviour
2026-01-24 16:00:00,DMS-01,65.7,47.7,0.489,94,High,ch4_pct above upper limit
2026-01-24 20:00:00,DMS-01,85.2,21.9,0.213,139,Low,Within baseline with monitored trend behaviour
2026-01-25 00:00:00,DMS-01,81.9,25.3,0.241,133,Medium,Within baseline with monitored trend behaviour
2026-01-25 04:00:00,DMS-01,92.6,8.3,0.059,161,Low,Within baseline with monitored trend behaviour
2026-01-25 08:00:00,DMS-01,72.6,39.5,0.418,115,Medium,ch4_pct above upper limit
2026-01-25 12:00:00,DMS-01,73.4,39.4,0.402,108,Medium,ch4_pct trending high
2026-01-25 16:00:00,DMS-01,86.5,22.2,0.142,141,Low,Within baseline with monitored trend behaviour
2026-01-25 20:00:00,DMS-01,80.1,30.5,0.298,127,Medium,Within baseline with monitored trend behaviour
2026-01-26 00:00:00,DMS-01,61.4,54.2,0.583,93,High,utilisation_pct trending high; ch4_pct above upper limit
2026-01-26 04:00:00,DMS-01,56.3,61.6,0.716,76,High,utilisation_pct trending high; ch4_pct above upper limit
2026-01-26 08:00:00,DMS-01,60.4,56.9,0.643,85,High,utilisation_pct above upper limit; ch4_pct above upper limit
2026-01-26 12:00:00,DMS-01,66.8,46.6,0.511,108,High,ch4_pct above upper limit
2026-01-26 16:00:00,DMS-01,68.5,46.1,0.427,108,High,ch4_pct trending high
2026-01-26 20:00:00,DMS-01,89.2,20.3,0.158,145,Low,Within baseline with monitored trend behaviour
2026-01-27 00:00:00,DMS-01,84.7,22.1,0.182,142,Low,Within baseline with monitored trend behaviour
2026-01-27 04:00:00,DMS-01,85.3,19.0,0.175,147,Low,Within baseline with monitored trend behaviour
2026-01-27 08:00:00,DMS-01,95.3,7.9,0.019,163,Low,Within baseline with monitored trend behaviour
2026-01-27 12:00:00,DMS-01,92.2,10.5,0.008,161,Low,Within baseline with monitored trend behaviour
2026-01-27 16:00:00,DMS-01,93.8,5.2,0.011,164,Low,Within baseline with monitored trend behaviour
2026-01-27 20:00:00,DMS-01,84.3,20.2,0.148,147,Low,Within baseline with monitored trend behaviour
2026-01-28 00:00:00,DMS-01,93.0,8.8,0.0,162,Low,Within baseline with monitored trend behaviour
2026-01-28 04:00:00,DMS-01,93.7,9.4,0.029,158,Low,Within baseline with monitored trend behaviour
2026-01-28 08:00:00,DMS-01,95.7,8.8,0.0,156,Low,Within baseline with monitored trend behaviour
2026-01-28 12:00:00,DMS-01,94.3,6.6,0.0,166,Low,Within baseline with monitored trend behaviour
2026-01-28 16:00:00,DMS-01,90.1,10.1,0.005,159,Low,Within baseline with monitored trend behaviour
2026-01-28 20:00:00,DMS-01,94.9,8.9,0.01,158,Low,Within baseline with monitored trend behaviour
2026-01-29 00:00:00,DMS-01,93.6,9.5,0.0,167,Low,Within baseline with monitored trend behaviour
2026-01-29 04:00:00,DMS-01,89.5,16.2,0.049,149,Low,Within baseline with monitored trend behaviour
2026-01-29 08:00:00,DMS-01,80.9,27.7,0.241,134,Medium,Within baseline with monitored trend behaviour
2026-01-29 12:00:00,DMS-01,93.2,10.6,0.022,163,Low,Within baseline with monitored trend behaviour
2026-01-29 16:00:00,DMS-01,86.9,14.4,0.025,158,Low,Within baseline with monitored trend behaviour
2026-01-29 20:00:00,DMS-01,83.1,21.8,0.174,135,Low,Within baseline with monitored trend behaviour
2026-01-30 00:00:00,DMS-01,91.9,11.4,0.036,153,Low,Within baseline with monitored trend behaviour
2026-01-30 04:00:00,DMS-01,91.2,14.3,0.082,159,Low,Within baseline with monitored trend behaviour
2026-01-30 08:00:00,DMS-01,89.9,14.3,0.077,155,Low,Within baseline with monitored trend behaviour
2026-01-30 12:00:00,DMS-01,90.4,13.7,0.043,155,Low,Within baseline with monitored trend behaviour
2026-01-30 16:00:00,DMS-01,88.1,16.2,0.115,147,Low,Within baseline with monitored trend behaviour
2026-01-30 20:00:00,DMS-01,92.5,7.9,0.025,159,Low,Within baseline with monitored trend behaviour
2026-01-31 00:00:00,DMS-01,79.1,29.7,0.302,130,Medium,ch4_pct trending high
2026-01-31 04:00:00,DMS-01,69.3,40.9,0.433,120,Medium,ch4_pct above upper limit
2026-01-31 08:00:00,DMS-01,61.2,52.6,0.583,87,High,ch4_pct above upper limit
2026-01-31 12:00:00,DMS-01,81.3,29.7,0.266,128,Medium,ch4_pct trending high
2026-01-31 16:00:00,DMS-01,70.4,41.7,0.441,111,Medium,ch4_pct above upper limit
2026-01-31 20:00:00,DMS-01,79.9,29.3,0.337,137,Medium,ch4_pct trending high
2026-02-01 00:00:00,DMS-01,73.4,36.8,0.368,120,Medium,ch4_pct trending high
2026-02-01 04:00:00,DMS-01,60.0,56.0,0.598,91,High,ch4_pct above upper limit
2026-02-01 08:00:00,DMS-01,80.6,24.5,0.19,132,Low,Within baseline with monitored trend behaviour
2026-02-01 12:00:00,DMS-01,79.3,25.6,0.258,138,Medium,Within baseline with monitored trend behaviour
2026-02-01 16:00:00,DMS-01,85.4,21.2,0.149,148,Low,Within baseline with monitored trend behaviour
2026-02-01 20:00:00,DMS-01,63.7,49.0,0.534,99,High,utilisation_pct trending high; ch4_pct trending high
2026-02-02 00:00:00,DMS-01,77.4,30.1,0.254,135,Medium,Within baseline with monitored trend behaviour
2026-02-02 04:00:00,DMS-01,47.4,74.2,0.85,60,Critical,ch4_pct above upper limit
2026-02-02 08:00:00,DMS-01,80.1,29.5,0.286,115,Medium,Within baseline with monitored trend behaviour
2026-02-02 12:00:00,DMS-01,77.5,32.9,0.328,117,Medium,utilisation_pct trending high
2026-02-02 16:00:00,DMS-01,92.9,8.8,0.029,159,Low,Within baseline with monitored trend behaviour
2026-02-02 20:00:00,DMS-01,76.5,30.5,0.304,126,Medium,ch4_pct trending high
2026-02-03 00:00:00,DMS-01,82.1,25.7,0.206,138,Medium,Within baseline with monitored trend behaviour
2026-02-03 04:00:00,DMS-01,80.5,29.8,0.284,123,Medium,Within baseline with monitored trend behaviour
2026-02-03 08:00:00,DMS-01,89.9,16.3,0.073,142,Low,Within baseline with monitored trend behaviour
2026-02-03 12:00:00,DMS-01,89.3,14.6,0.073,151,Low,Within baseline with monitored trend behaviour
2026-02-03 16:00:00,DMS-01,90.0,12.6,0.058,158,Low,Within baseline with monitored trend behaviour
2026-02-03 20:00:00,DMS-01,91.4,9.7,0.021,159,Low,Within baseline with monitored trend behaviour
2026-02-04 00:00:00,DMS-01,93.3,10.6,0.046,152,Low,Within baseline with monitored trend behaviour
2026-02-04 04:00:00,DMS-01,91.5,12.0,0.0,150,Low,Within baseline with monitored trend behaviour
2026-02-04 08:00:00,DMS-01,88.7,14.7,0.091,148,Low,Within baseline with monitored trend behaviour
2026-02-04 12:00:00,DMS-01,97.0,8.9,0.0,168,Low,Within baseline with monitored trend behaviour
2026-02-04 16:00:00,DMS-01,92.8,8.4,0.0,162,Low,Within baseline with monitored trend behaviour
2026-02-04 20:00:00,DMS-01,89.8,14.5,0.065,154,Low,Within baseline with monitored trend behaviour
2026-02-05 00:00:00,DMS-01,89.7,14.9,0.078,146,Low,Within baseline with monitored trend behaviour
2026-02-05 04:00:00,DMS-01,97.3,7.7,0.0,164,Low,Within baseline with monitored trend behaviour
2026-02-05 08:00:00,DMS-01,91.0,16.7,0.081,143,Low,Within baseline with monitored trend behaviour
2026-02-05 12:00:00,DMS-01,87.0,20.0,0.087,147,Low,Within baseline with monitored trend behaviour
2026-02-05 16:00:00,DMS-01,93.6,10.4,0.047,154,Low,Within baseline with monitored trend behaviour
2026-02-05 20:00:00,DMS-01,92.4,11.3,0.038,155,Low,Within baseline with monitored trend behaviour
2026-02-06 00:00:00,DMS-01,85.9,18.5,0.105,137,Low,Within baseline with monitored trend behaviour
2026-02-06 04:00:00,DMS-01,86.5,21.4,0.178,150,Low,utilisation_pct trending high
2026-02-06 08:00:00,DMS-01,86.4,21.2,0.135,139,Low,Within baseline with monitored trend behaviour
2026-02-06 12:00:00,DMS-01,87.0,19.5,0.089,146,Low,Within baseline with monitored trend behaviour
2026-02-06 16:00:00,DMS-01,86.4,16.5,0.093,149,Low,Within baseline with monitored trend behaviour
2026-02-06 20:00:00,DMS-01,96.5,6.5,0.019,165,Low,Within baseline with monitored trend behaviour
2026-02-07 00:00:00,DMS-01,96.3,7.4,0.009,160,Low,Within baseline with monitored trend behaviour
2026-02-07 04:00:00,DMS-01,93.9,9.6,0.029,158,Low,Within baseline with monitored trend behaviour
2026-02-07 08:00:00,DMS-01,89.8,16.3,0.1,145,Low,Within baseline with monitored trend behaviour
2026-02-07 12:00:00,DMS-01,92.1,10.5,0.053,157,Low,Within baseline with monitored trend behaviour
2026-02-07 16:00:00,DMS-01,91.4,16.0,0.086,148,Low,Within baseline with monitored trend behaviour
2026-02-07 20:00:00,DMS-01,75.1,33.2,0.322,119,Medium,ch4_pct trending high
2026-02-08 00:00:00,DMS-01,82.9,23.8,0.186,141,Low,Within baseline with monitored trend behaviour
2026-02-08 04:00:00,DMS-01,67.8,46.5,0.465,95,High,ch4_pct above upper limit
2026-02-08 08:00:00,DMS-01,83.9,20.4,0.142,134,Low,Within baseline with monitored trend behaviour
2026-02-08 12:00:00,DMS-01,63.9,53.0,0.571,94,High,ch4_pct above upper limit
2026-02-08 16:00:00,DMS-01,76.8,38.1,0.409,117,Medium,ch4_pct trending high
2026-02-08 20:00:00,DMS-01,78.9,25.1,0.241,133,Medium,Within baseline with monitored trend behaviour
2026-02-09 00:00:00,DMS-01,59.8,53.7,0.636,83,High,utilisation_pct above upper limit; ch4_pct trending high
2026-02-09 04:00:00,DMS-01,82.8,22.8,0.21,134,Low,Within baseline with monitored trend behaviour
2026-02-09 08:00:00,DMS-01,63.6,50.2,0.482,100,High,Within baseline with monitored trend behaviour
2026-02-09 12:00:00,DMS-01,80.5,26.6,0.224,130,Medium,Within baseline with monitored trend behaviour
2026-02-09 16:00:00,DMS-01,63.6,48.4,0.483,95,High,ch4_pct above upper limit
2026-02-09 20:00:00,DMS-01,76.2,33.2,0.339,118,Medium,Within baseline with monitored trend behaviour
2026-02-10 00:00:00,DMS-01,62.2,54.7,0.575,85,High,ch4_pct above upper limit
2026-02-10 04:00:00,DMS-01,63.0,49.6,0.52,97,High,ch4_pct trending high
2026-02-10 08:00:00,DMS-01,70.7,40.9,0.392,109,Medium,ch4_pct above upper limit
2026-02-10 12:00:00,DMS-01,67.8,45.5,0.422,99,High,ch4_pct trending high
2026-02-10 16:00:00,DMS-01,76.5,37.4,0.4,112,Medium,ch4_pct above upper limit
2026-02-10 20:00:00,DMS-01,89.6,14.5,0.101,153,Low,Within baseline with monitored trend behaviour
2026-02-11 00:00:00,DMS-01,79.4,28.0,0.288,124,Medium,ch4_pct trending high
2026-02-11 04:00:00,DMS-01,93.1,11.3,0.046,154,Low,Within baseline with monitored trend behaviour
2026-02-11 08:00:00,DMS-01,71.4,38.0,0.334,115,Medium,ch4_pct above upper limit
2026-02-11 12:00:00,DMS-01,86.4,21.0,0.133,151,Low,Within baseline with monitored trend behaviour
2026-02-11 16:00:00,DMS-01,91.0,10.7,0.026,156,Low,Within baseline with monitored trend behaviour
2026-02-11 20:00:00,DMS-01,94.2,8.2,0.025,165,Low,Within baseline with monitored trend behaviour
2026-02-12 00:00:00,DMS-01,91.4,11.8,0.03,152,Low,Within baseline with monitored trend behaviour
2026-02-12 04:00:00,DMS-01,94.6,8.7,0.0,154,Low,Within baseline with monitored trend behaviour
2026-02-12 08:00:00,DMS-01,93.7,8.2,0.029,154,Low,Within baseline with monitored trend behaviour
2026-02-12 12:00:00,DMS-01,83.9,20.1,0.202,143,Low,utilisation_pct trending high
2026-02-12 16:00:00,DMS-01,83.0,22.6,0.185,134,Low,utilisation_pct trending high
2026-02-12 20:00:00,DMS-01,92.0,11.8,0.039,159,Low,Within baseline with monitored trend behaviour
2026-02-13 00:00:00,DMS-01,89.3,11.2,0.105,159,Low,Within baseline with monitored trend behaviour
2026-02-13 04:00:00,DMS-01,95.0,8.9,0.0,155,Low,Within baseline with monitored trend behaviour
2026-02-13 08:00:00,DMS-01,87.6,14.6,0.094,140,Low,Within baseline with monitored trend behaviour
2026-02-13 12:00:00,DMS-01,93.8,11.6,0.043,154,Low,Within baseline with monitored trend behaviour
2026-02-13 16:00:00,DMS-01,93.6,6.6,0.0,166,Low,Within baseline with monitored trend behaviour
2026-02-13 20:00:00,DMS-01,90.7,13.2,0.064,146,Low,Within baseline with monitored trend behaviour
2026-02-14 00:00:00,DMS-01,96.7,6.2,0.0,161,Low,Within baseline with monitored trend behaviour
2026-02-14 04:00:00,DMS-01,97.2,9.1,0.031,158,Low,Within baseline with monitored trend behaviour
2026-02-14 08:00:00,DMS-01,83.6,22.5,0.19,135,Low,Within baseline with monitored trend behaviour
2026-02-14 12:00:00,DMS-01,90.0,17.9,0.129,146,Low,Within baseline with monitored trend behaviour
2026-02-14 16:00:00,DMS-01,92.9,9.0,0.054,159,Low,Within baseline with monitored trend behaviour
2026-02-14 20:00:00,DMS-01,94.8,6.3,0.016,158,Low,Within baseline with monitored trend behaviour
2026-02-15 00:00:00,DMS-01,83.7,22.8,0.2,139,Low,ch4_pct trending high
2026-02-15 04:00:00,DMS-01,88.8,15.4,0.125,147,Low,Within baseline with monitored trend behaviour
2026-02-15 08:00:00,DMS-01,73.3,35.4,0.357,117,Medium,ch4_pct trending high
2026-02-15 12:00:00,DMS-01,67.7,41.9,0.422,114,Medium,ch4_pct above upper limit
2026-02-15 16:00:00,DMS-01,77.3,28.3,0.236,134,Medium,Within baseline with monitored trend behaviour
2026-02-15 20:00:00,DMS-01,63.9,49.1,0.488,97,High,ch4_pct trending high
2026-02-16 00:00:00,DMS-01,59.6,53.3,0.578,93,High,utilisation_pct trending high; ch4_pct trending high
2026-02-16 04:00:00,DMS-01,86.7,19.1,0.191,148,Low,Within baseline with monitored trend behaviour
2026-02-16 08:00:00,DMS-01,48.7,70.6,0.846,67,Critical,utilisation_pct trending high; ch4_pct above upper limit
2026-02-16 12:00:00,DMS-01,57.6,60.6,0.664,75,High,utilisation_pct trending high; ch4_pct trending high
2026-02-16 16:00:00,DMS-01,71.9,38.7,0.417,113,Medium,utilisation_pct trending high
2026-02-16 20:00:00,DMS-01,70.7,41.6,0.415,111,Medium,utilisation_pct trending high
2026-02-17 00:00:00,DMS-01,77.3,29.4,0.271,121,Medium,Within baseline with monitored trend behaviour
2026-02-17 04:00:00,DMS-01,60.3,57.2,0.612,91,High,utilisation_pct trending high; ch4_pct above upper limit
2026-02-17 08:00:00,DMS-01,78.5,31.9,0.244,124,Medium,Within baseline with monitored trend behaviour
2026-02-17 12:00:00,DMS-01,55.9,59.5,0.671,80,High,ch4_pct above upper limit
2026-02-17 16:00:00,DMS-01,68.2,48.2,0.518,99,High,ch4_pct above upper limit
2026-02-17 20:00:00,DMS-01,81.9,23.3,0.202,137,Low,Within baseline with monitored trend behaviour
2026-02-18 00:00:00,DMS-01,71.5,38.6,0.389,109,Medium,ch4_pct above upper limit
2026-02-18 04:00:00,DMS-01,89.6,13.6,0.057,149,Low,Within baseline with monitored trend behaviour
2026-02-18 08:00:00,DMS-01,96.6,10.6,0.046,156,Low,Within baseline with monitored trend behaviour
2026-02-18 12:00:00,DMS-01,83.8,17.1,0.138,138,Low,Within baseline with monitored trend behaviour
2026-02-18 16:00:00,DMS-01,94.9,10.6,0.041,164,Low,Within baseline with monitored trend behaviour
2026-02-18 20:00:00,DMS-01,89.5,15.3,0.1,147,Low,Within baseline with monitored trend behaviour
2026-02-19 00:00:00,DMS-01,65.5,47.4,0.493,96,High,ch4_pct above upper limit
2026-02-19 04:00:00,DMS-01,93.4,10.7,0.051,160,Low,Within baseline with monitored trend behaviour
2026-02-19 08:00:00,DMS-01,87.3,19.2,0.155,142,Low,Within baseline with monitored trend behaviour
2026-02-19 12:00:00,DMS-01,83.3,24.6,0.222,139,Low,Within baseline with monitored trend behaviour
2026-02-19 16:00:00,DMS-01,86.5,18.1,0.151,149,Low,Within baseline with monitored trend behaviour
2026-02-19 20:00:00,DMS-01,84.5,19.9,0.154,141,Low,Within baseline with monitored trend behaviour
2026-02-20 00:00:00,DMS-01,92.7,12.3,0.055,152,Low,Within baseline with monitored trend behaviour
2026-02-20 04:00:00,DMS-01,90.1,13.6,0.073,151,Low,Within baseline with monitored trend behaviour
2026-02-20 08:00:00,DMS-01,92.3,12.2,0.015,148,Low,Within baseline with monitored trend behaviour
2026-02-20 12:00:00,DMS-01,93.6,9.7,0.014,158,Low,Within baseline with monitored trend behaviour
2026-02-20 16:00:00,DMS-01,96.4,5.4,0.004,160,Low,Within baseline with monitored trend behaviour
2026-02-20 20:00:00,DMS-01,98.2,5.0,0.0,162,Low,Within baseline with monitored trend behaviour
2026-02-21 00:00:00,DMS-01,95.9,7.5,0.0,164,Low,Within baseline with monitored trend behaviour
2026-02-21 04:00:00,DMS-01,91.5,11.9,0.057,148,Low,Within baseline with monitored trend behaviour
2026-02-21 08:00:00,DMS-01,96.0,8.3,0.027,158,Low,Within baseline with monitored trend behaviour
2026-02-21 12:00:00,DMS-01,90.0,13.6,0.047,152,Low,Within baseline with monitored trend behaviour
2026-02-21 16:00:00,DMS-01,97.2,5.6,0.014,162,Low,Within baseline with monitored trend behaviour
2026-02-21 20:00:00,DMS-01,95.2,7.9,0.011,163,Low,Within baseline with monitored trend behaviour
2026-02-22 00:00:00,DMS-01,88.1,14.0,0.087,156,Low,Within baseline with monitored trend behaviour
2026-02-22 04:00:00,DMS-01,86.1,15.4,0.1,145,Low,Within baseline with monitored trend behaviour
2026-02-22 08:00:00,DMS-01,91.2,12.1,0.041,151,Low,Within baseline with monitored trend behaviour
2026-02-22 12:00:00,DMS-01,86.2,18.2,0.14,137,Low,Within baseline with monitored trend behaviour
2026-02-22 16:00:00,DMS-01,93.7,9.5,0.052,161,Low,Within baseline with monitored trend behaviour
2026-02-22 20:00:00,DMS-01,84.0,25.1,0.227,136,Medium,Within baseline with monitored trend behaviour
2026-02-23 00:00:00,DMS-01,78.0,31.9,0.31,123,Medium,ch4_pct trending high
2026-02-23 04:00:00,DMS-01,56.1,56.5,0.635,84,High,utilisation_pct trending high; ch4_pct above upper limit
2026-02-23 08:00:00,DMS-01,66.9,44.8,0.454,109,Medium,ch4_pct trending high
2026-02-23 12:00:00,DMS-01,56.2,57.8,0.612,80,High,utilisation_pct trending high; ch4_pct above upper limit
2026-02-23 16:00:00,DMS-01,73.9,35.5,0.375,118,Medium,Within baseline with monitored trend behaviour
2026-02-23 20:00:00,DMS-01,69.0,41.9,0.441,106,Medium,Within baseline with monitored trend behaviour
2026-02-24 00:00:00,DMS-01,73.6,38.3,0.369,114,Medium,ch4_pct trending high
2026-02-24 04:00:00,DMS-01,70.0,41.4,0.394,105,Medium,ch4_pct above upper limit
2026-02-24 08:00:00,DMS-01,77.9,29.1,0.274,122,Medium,Within baseline with monitored trend behaviour
2026-02-24 12:00:00,DMS-01,67.8,46.5,0.475,88,High,ch4_pct above upper limit
2026-02-24 16:00:00,DMS-01,53.5,63.7,0.69,69,High,ch4_pct above upper limit
2026-02-24 20:00:00,DMS-01,86.6,16.0,0.111,145,Low,Within baseline with monitored trend behaviour
2026-02-25 00:00:00,DMS-01,63.1,48.1,0.465,98,High,ch4_pct above upper limit
2026-02-25 04:00:00,DMS-01,89.0,16.6,0.085,151,Low,Within baseline with monitored trend behaviour
2026-02-25 08:00:00,DMS-01,74.9,36.3,0.337,118,Medium,ch4_pct above upper limit
2026-02-25 12:00:00,DMS-01,67.5,44.4,0.442,104,Medium,ch4_pct above upper limit
2026-02-25 16:00:00,DMS-01,71.9,36.3,0.37,121,Medium,ch4_pct trending high
2026-02-25 20:00:00,DMS-01,88.5,18.2,0.145,144,Low,Within baseline with monitored trend behaviour
2026-02-26 00:00:00,DMS-01,71.8,37.6,0.402,114,Medium,ch4_pct above upper limit
2026-02-26 04:00:00,DMS-01,65.2,47.6,0.497,90,High,ch4_pct trending high
2026-02-26 08:00:00,DMS-01,74.6,29.2,0.251,126,Medium,utilisation_pct trending high
2026-02-26 12:00:00,DMS-01,81.3,22.1,0.152,136,Low,Within baseline with monitored trend behaviour
2026-02-26 16:00:00,DMS-01,91.4,12.3,0.065,155,Low,Within baseline with monitored trend behaviour
2026-02-26 20:00:00,DMS-01,84.1,21.7,0.21,136,Low,utilisation_pct trending high
2026-02-27 00:00:00,DMS-01,86.5,19.9,0.203,146,Low,Within baseline with monitored trend behaviour
2026-02-27 04:00:00,DMS-01,93.5,9.3,0.0,159,Low,Within baseline with monitored trend behaviour
2026-02-27 08:00:00,DMS-01,91.7,9.6,0.036,157,Low,Within baseline with monitored trend behaviour
2026-02-27 12:00:00,DMS-01,93.8,9.3,0.011,152,Low,Within baseline with monitored trend behaviour
2026-02-27 16:00:00,DMS-01,94.7,5.2,0.003,158,Low,Within baseline with monitored trend behaviour
2026-02-27 20:00:00,DMS-01,92.7,11.2,0.093,147,Low,Within baseline with monitored trend behaviour
2026-02-28 00:00:00,DMS-01,95.8,5.3,0.0,158,Low,Within baseline with monitored trend behaviour
2026-02-28 04:00:00,DMS-01,94.3,4.8,0.0,164,Low,Within baseline with monitored trend behaviour
2026-02-28 08:00:00,DMS-01,91.4,8.9,0.02,162,Low,Within baseline with monitored trend behaviour
2026-02-28 12:00:00,DMS-01,96.1,6.6,0.0,159,Low,Within baseline with monitored trend behaviour
2026-02-28 16:00:00,DMS-01,88.7,15.8,0.098,140,Low,Within baseline with monitored trend behaviour
2026-02-28 20:00:00,DMS-01,89.9,12.5,0.0,154,Low,Within baseline with monitored trend behaviour
2026-03-01 00:00:00,DMS-01,92.2,8.5,0.027,162,Low,Within baseline with monitored trend behaviour
2026-03-01 04:00:00,DMS-01,92.7,11.1,0.0,156,Low,Within baseline with monitored trend behaviour
2026-03-01 08:00:00,DMS-01,96.4,6.4,0.011,162,Low,Within baseline with monitored trend behaviour
2026-03-01 12:00:00,DMS-01,92.4,13.9,0.065,139,Low,Within baseline with monitored trend behaviour
2026-03-01 16:00:00,DMS-01,91.8,14.5,0.088,143,Low,Within baseline with monitored trend behaviour
2026-03-01 20:00:00,DMS-01,83.1,22.4,0.168,135,Low,Within baseline with monitored trend behaviour
2026-03-02 00:00:00,DMS-01,89.1,19.8,0.179,134,Low,Within baseline with monitored trend behaviour
2026-03-02 04:00:00,DMS-01,78.5,29.3,0.276,128,Medium,Within baseline with monitored trend behaviour
2026-03-02 08:00:00,DMS-01,80.9,23.3,0.194,131,Low,Within baseline with monitored trend behaviour
2026-03-02 12:00:00,DMS-01,66.9,46.1,0.544,105,High,ch4_pct trending high
2026-03-02 16:00:00,DMS-01,74.7,35.8,0.362,118,Medium,ch4_pct trending high
2026-03-02 20:00:00,DMS-01,87.0,20.4,0.176,145,Low,Within baseline with monitored trend behaviour
2026-03-03 00:00:00,DMS-01,76.1,35.5,0.398,108,Medium,Within baseline with monitored trend behaviour
2026-03-03 04:00:00,DMS-01,60.8,56.7,0.645,83,High,ch4_pct above upper limit
2026-03-03 08:00:00,DMS-01,67.5,49.8,0.548,91,High,ch4_pct above upper limit
2026-03-03 12:00:00,DMS-01,88.6,15.3,0.065,147,Low,Within baseline with monitored trend behaviour
2026-03-03 16:00:00,DMS-01,77.5,31.5,0.288,115,Medium,ch4_pct trending high
2026-03-03 20:00:00,DMS-01,67.4,44.1,0.456,99,Medium,ch4_pct above upper limit
2026-03-04 00:00:00,DMS-01,66.4,47.7,0.494,92,High,ch4_pct above upper limit
2026-03-04 04:00:00,DMS-01,70.3,41.3,0.422,102,Medium,ch4_pct above upper limit
2026-03-04 08:00:00,DMS-01,49.7,68.2,0.792,63,High,ch4_pct above upper limit
2026-03-04 12:00:00,DMS-01,85.2,20.9,0.174,133,Low,Within baseline with monitored trend behaviour
2026-03-04 16:00:00,DMS-01,76.5,32.4,0.317,120,Medium,ch4_pct trending high
2026-03-04 20:00:00,DMS-01,81.9,27.4,0.211,126,Medium,Within baseline with monitored trend behaviour
2026-03-05 00:00:00,DMS-01,72.0,37.9,0.424,114,Medium,utilisation_pct trending high
2026-03-05 04:00:00,DMS-01,80.1,25.1,0.22,129,Medium,Within baseline with monitored trend behaviour
2026-03-05 08:00:00,DMS-01,85.7,22.5,0.198,132,Low,Within baseline with monitored trend behaviour
2026-03-05 12:00:00,DMS-01,78.8,30.8,0.282,116,Medium,ch4_pct trending high
2026-03-05 16:00:00,DMS-01,87.6,16.3,0.126,144,Low,Within baseline with monitored trend behaviour
2026-03-05 20:00:00,DMS-01,77.4,28.5,0.278,121,Medium,Within baseline with monitored trend behaviour
2026-03-06 00:00:00,DMS-01,83.7,26.9,0.219,128,Medium,utilisation_pct trending high
2026-03-06 04:00:00,DMS-01,79.4,29.3,0.246,126,Medium,Within baseline with monitored trend behaviour
2026-03-06 08:00:00,DMS-01,90.1,15.1,0.073,147,Low,Within baseline with monitored trend behaviour
2026-03-06 12:00:00,DMS-01,84.3,21.0,0.162,138,Low,Within baseline with monitored trend behaviour
2026-03-06 16:00:00,DMS-01,92.4,8.6,0.0,160,Low,Within baseline with monitored trend behaviour
2026-03-06 20:00:00,DMS-01,93.1,10.0,0.0,158,Low,Within baseline with monitored trend behaviour
2026-03-07 00:00:00,DMS-01,79.4,27.7,0.233,119,Medium,ch4_pct trending high
2026-03-07 04:00:00,DMS-01,98.8,4.3,0.0,162,Low,Within baseline with monitored trend behaviour
2026-03-07 08:00:00,DMS-01,93.8,7.3,0.0,158,Low,Within baseline with monitored trend behaviour
2026-03-07 12:00:00,DMS-01,91.7,9.8,0.0,154,Low,Within baseline with monitored trend behaviour
2026-03-07 16:00:00,DMS-01,93.0,13.5,0.002,139,Low,Within baseline with monitored trend behaviour
2026-03-07 20:00:00,DMS-01,99.0,5.1,0.01,164,Low,Within baseline with monitored trend behaviour
2026-03-08 00:00:00,DMS-01,94.2,9.1,0.013,153,Low,Within baseline with monitored trend behaviour
2026-03-08 04:00:00,DMS-01,96.3,6.7,0.0,158,Low,Within baseline with monitored trend behaviour
2026-03-08 08:00:00,DMS-01,91.2,11.1,0.018,154,Low,Within baseline with monitored trend behaviour
2026-03-08 12:00:00,DMS-01,88.9,12.7,0.052,155,Low,Within baseline with monitored trend behaviour
2026-03-08 16:00:00,DMS-01,97.3,6.5,0.017,160,Low,Within baseline with monitored trend behaviour
2026-03-08 20:00:00,DMS-01,86.8,17.3,0.103,140,Low,Within baseline with monitored trend behaviour
2026-03-09 00:00:00,DMS-01,85.7,17.1,0.117,144,Low,Within baseline with monitored trend behaviour
2026-03-09 04:00:00,DMS-01,87.7,12.7,0.07,156,Low,Within baseline with monitored trend behaviour
2026-03-09 08:00:00,DMS-01,90.9,13.2,0.06,145,Low,Within baseline with monitored trend behaviour
2026-03-09 12:00:00,DMS-01,79.1,30.5,0.28,115,Medium,utilisation_pct trending high
2026-03-09 16:00:00,DMS-01,82.7,21.9,0.162,129,Low,Within baseline with monitored trend behaviour
2026-03-09 20:00:00,DMS-01,92.4,15.0,0.112,148,Low,Within baseline with monitored trend behaviour
2026-03-10 00:00:00,DMS-01,73.6,40.2,0.414,102,Medium,utilisation_pct trending high
2026-03-10 04:00:00,DMS-01,80.2,25.5,0.251,136,Medium,ch4_pct trending high
2026-03-10 08:00:00,DMS-01,85.6,18.3,0.11,137,Low,Within baseline with monitored trend behaviour
2026-03-10 12:00:00,DMS-01,81.2,23.7,0.194,131,Low,Within baseline with monitored trend behaviour
2026-03-10 16:00:00,DMS-01,73.7,36.4,0.39,115,Medium,ch4_pct trending high
2026-03-10 20:00:00,DMS-01,60.6,51.4,0.512,91,High,ch4_pct above upper limit
2026-03-11 00:00:00,DMS-01,82.0,24.5,0.194,128,Low,Within baseline with monitored trend behaviour
2026-03-11 04:00:00,DMS-01,75.4,30.3,0.301,124,Medium,ch4_pct trending high
2026-03-11 08:00:00,DMS-01,82.7,20.6,0.181,137,Low,Within baseline with monitored trend behaviour
2026-03-11 12:00:00,DMS-01,72.9,39.5,0.395,114,Medium,ch4_pct trending high
2026-03-11 16:00:00,DMS-01,73.9,35.6,0.353,111,Medium,ch4_pct above upper limit
2026-03-11 20:00:00,DMS-01,57.3,57.7,0.645,77,High,ch4_pct above upper limit
2026-03-12 00:00:00,DMS-01,83.4,20.8,0.183,142,Low,Within baseline with monitored trend behaviour
2026-03-12 04:00:00,DMS-01,51.5,63.5,0.676,71,High,ch4_pct above upper limit
2026-03-12 08:00:00,DMS-01,53.5,64.9,0.732,61,High,ch4_pct above upper limit
2026-03-12 12:00:00,DMS-01,87.2,17.7,0.172,139,Low,Within baseline with monitored trend behaviour
2026-03-12 16:00:00,DMS-01,55.9,60.9,0.692,76,High,ch4_pct above upper limit
2026-03-12 20:00:00,DMS-01,71.8,37.2,0.351,107,Medium,ch4_pct trending high
2026-03-13 00:00:00,DMS-01,83.5,25.5,0.22,127,Medium,Within baseline with monitored trend behaviour
2026-03-13 04:00:00,DMS-01,62.4,49.4,0.528,82,High,ch4_pct above upper limit
2026-03-13 08:00:00,DMS-01,88.5,16.5,0.05,138,Low,Within baseline with monitored trend behaviour
2026-03-13 12:00:00,DMS-01,96.8,7.4,0.047,152,Low,Within baseline with monitored trend behaviour
2026-03-13 16:00:00,DMS-01,94.5,6.1,0.0,159,Low,Within baseline with monitored trend behaviour
2026-03-13 20:00:00,DMS-01,91.2,11.6,0.03,145,Low,Within baseline with monitored trend behaviour
2026-03-14 00:00:00,DMS-01,88.4,15.0,0.031,144,Low,Within baseline with monitored trend behaviour
2026-03-14 04:00:00,DMS-01,95.7,7.2,0.028,161,Low,Within baseline with monitored trend behaviour
2026-03-14 08:00:00,DMS-01,92.0,7.2,0.012,155,Low,Within baseline with monitored trend behaviour
2026-03-14 12:00:00,DMS-01,90.2,12.3,0.006,159,Low,Within baseline with monitored trend behaviour
2026-03-14 16:00:00,DMS-01,88.3,12.5,0.072,146,Low,Within baseline with monitored trend behaviour
2026-03-14 20:00:00,DMS-01,95.9,4.3,0.0,162,Low,Within baseline with monitored trend behaviour
2026-03-15 00:00:00,DMS-01,96.3,7.4,0.004,154,Low,Within baseline with monitored trend behaviour
2026-03-15 04:00:00,DMS-01,96.6,5.0,0.0,159,Low,Within baseline with monitored trend behaviour
2026-03-15 08:00:00,DMS-01,92.4,8.0,0.0,156,Low,Within baseline with monitored trend behaviour
2026-03-15 12:00:00,DMS-01,89.7,11.6,0.01,142,Low,Within baseline with monitored trend behaviour
2026-03-15 16:00:00,DMS-01,94.0,8.3,0.044,148,Low,Within baseline with monitored trend behaviour
2026-03-15 20:00:00,DMS-01,92.3,11.4,0.036,151,Low,Within baseline with monitored trend behaviour
2026-03-16 00:00:00,DMS-01,87.0,14.2,0.013,138,Low,Within baseline with monitored trend behaviour
2026-03-16 04:00:00,DMS-01,79.9,29.1,0.237,127,Medium,Within baseline with monitored trend behaviour
2026-03-16 08:00:00,DMS-01,92.2,8.0,0.052,159,Low,Within baseline with monitored trend behaviour
2026-03-16 12:00:00,DMS-01,88.8,18.3,0.136,137,Low,Within baseline with monitored trend behaviour
2026-03-16 16:00:00,DMS-01,96.9,9.1,0.019,149,Low,Within baseline with monitored trend behaviour
2026-03-16 20:00:00,DMS-01,76.2,29.7,0.26,117,Medium,ch4_pct trending high
2026-03-17 00:00:00,DMS-01,61.2,51.0,0.532,91,High,ch4_pct above upper limit
2026-03-17 04:00:00,DMS-01,87.7,15.0,0.096,143,Low,Within baseline with monitored trend behaviour
2026-03-17 08:00:00,DMS-01,89.6,12.9,0.078,145,Low,Within baseline with monitored trend behaviour
2026-03-17 12:00:00,DMS-01,70.6,37.2,0.41,101,Medium,ch4_pct above upper limit
2026-03-17 16:00:00,DMS-01,71.7,40.1,0.399,101,Medium,ch4_pct above upper limit
2026-03-17 20:00:00,DMS-01,60.0,58.4,0.65,74,High,ch4_pct above upper limit
2026-03-18 00:00:00,DMS-01,77.8,34.9,0.352,114,Medium,ch4_pct trending high
2026-03-18 04:00:00,DMS-01,76.9,33.6,0.304,117,Medium,ch4_pct trending high
2026-03-18 08:00:00,DMS-01,75.3,32.2,0.329,120,Medium,Within baseline with monitored trend behaviour
2026-03-18 12:00:00,DMS-01,71.1,40.6,0.405,105,Medium,ch4_pct above upper limit
2026-03-18 16:00:00,DMS-01,78.9,26.8,0.261,122,Medium,Within baseline with monitored trend behaviour
2026-03-18 20:00:00,DMS-01,63.8,49.0,0.532,97,High,ch4_pct above upper limit
2026-03-19 00:00:00,DMS-01,49.8,71.4,0.775,61,Critical,ch4_pct above upper limit
2026-03-19 04:00:00,DMS-01,87.0,19.6,0.182,136,Low,Within baseline with monitored trend behaviour
2026-03-19 08:00:00,DMS-01,76.6,32.0,0.319,116,Medium,ch4_pct trending high
2026-03-19 12:00:00,DMS-01,51.0,66.7,0.762,58,High,utilisation_pct above upper limit; ch4_pct above upper limit
2026-03-19 16:00:00,DMS-01,85.7,20.7,0.203,123,Low,Within baseline with monitored trend behaviour
2026-03-19 20:00:00,DMS-01,44.4,76.0,0.821,42,Critical,ch4_pct above upper limit
2026-03-20 00:00:00,DMS-01,81.3,25.7,0.214,123,Medium,Within baseline with monitored trend behaviour
2026-03-20 04:00:00,DMS-01,90.7,12.8,0.076,151,Low,Within baseline with monitored trend behaviour
2026-03-20 08:00:00,DMS-01,83.4,23.8,0.27,136,Low,ch4_pct trending high
2026-03-20 12:00:00,DMS-01,80.3,28.9,0.289,124,Medium,ch4_pct trending high
2026-03-20 16:00:00,DMS-01,85.2,21.0,0.118,137,Low,Within baseline with monitored trend behaviour
2026-03-20 20:00:00,DMS-01,79.1,30.3,0.258,116,Medium,ch4_pct trending high
2026-03-21 00:00:00,DMS-01,90.4,13.9,0.094,148,Low,Within baseline with monitored trend behaviour
2026-03-21 04:00:00,DMS-01,89.0,13.1,0.056,145,Low,Within baseline with monitored trend behaviour
2026-03-21 08:00:00,DMS-01,95.3,7.8,0.032,162,Low,Within baseline with monitored trend behaviour
2026-03-21 12:00:00,DMS-01,74.3,31.6,0.29,118,Medium,ch4_pct above upper limit
2026-03-21 16:00:00,DMS-01,75.8,32.5,0.315,108,Medium,ch4_pct above upper limit
2026-03-21 20:00:00,DMS-01,93.8,10.7,0.022,146,Low,Within baseline with monitored trend behaviour
2026-03-22 00:00:00,DMS-01,95.1,6.2,0.0,164,Low,Within baseline with monitored trend behaviour
2026-03-22 04:00:00,DMS-01,92.9,8.2,0.01,152,Low,Within baseline with monitored trend behaviour
2026-03-22 08:00:00,DMS-01,90.3,9.3,0.002,151,Low,Within baseline with monitored trend behaviour
2026-03-22 12:00:00,DMS-01,94.6,7.3,0.0,152,Low,Within baseline with monitored trend behaviour
2026-03-22 16:00:00,DMS-01,96.5,6.8,0.019,148,Low,Within baseline with monitored trend behaviour
2026-03-22 20:00:00,DMS-01,92.5,11.1,0.0,152,Low,Within baseline with monitored trend behaviour
2026-03-23 00:00:00,DMS-01,92.7,12.6,0.058,149,Low,Within baseline with monitored trend behaviour
2026-03-23 04:00:00,DMS-01,88.5,17.7,0.091,143,Low,Within baseline with monitored trend behaviour
2026-03-23 08:00:00,DMS-01,87.2,17.0,0.134,140,Low,Within baseline with monitored trend behaviour
2026-03-23 12:00:00,DMS-01,80.0,28.9,0.268,118,Medium,utilisation_pct trending high
2026-03-23 16:00:00,DMS-01,88.1,17.8,0.126,131,Low,Within baseline with monitored trend behaviour
2026-03-23 20:00:00,DMS-01,95.7,10.2,0.001,146,Low,Within baseline with monitored trend behaviour
2026-03-24 00:00:00,DMS-01,90.6,13.6,0.033,141,Low,Within baseline with monitored trend behaviour
2026-03-24 04:00:00,DMS-01,90.2,17.6,0.102,137,Low,Within baseline with monitored trend behaviour
2026-03-24 08:00:00,DMS-01,76.9,27.5,0.277,123,Medium,Within baseline with monitored trend behaviour
2026-03-24 12:00:00,DMS-01,95.1,10.6,0.029,157,Low,Within baseline with monitored trend behaviour
2026-03-24 16:00:00,DMS-01,89.8,15.9,0.118,136,Low,Within baseline with monitored trend behaviour
2026-03-24 20:00:00,DMS-01,90.3,13.2,0.064,142,Low,Within baseline with monitored trend behaviour
2026-03-25 00:00:00,DMS-01,82.5,26.1,0.235,130,Medium,Within baseline with monitored trend behaviour
2026-03-25 04:00:00,DMS-01,88.7,15.5,0.099,134,Low,Within baseline with monitored trend behaviour
2026-03-25 08:00:00,DMS-01,77.9,30.2,0.277,118,Medium,Within baseline with monitored trend behaviour
2026-03-25 12:00:00,DMS-01,79.3,26.8,0.253,121,Medium,Within baseline with monitored trend behaviour
2026-03-25 16:00:00,DMS-01,68.1,41.6,0.448,102,Medium,ch4_pct above upper limit
2026-03-25 20:00:00,DMS-01,72.9,37.3,0.362,108,Medium,ch4_pct above upper limit
2026-03-26 00:00:00,DMS-01,65.6,50.1,0.546,88,High,ch4_pct above upper limit
2026-03-26 04:00:00,DMS-01,77.7,32.7,0.309,115,Medium,Within baseline with monitored trend behaviour
2026-03-26 08:00:00,DMS-01,55.2,60.9,0.643,78,High,ch4_pct above upper limit
2026-03-26 12:00:00,DMS-01,68.1,43.0,0.454,92,Medium,utilisation_pct trending high; ch4_pct trending high
2026-03-26 16:00:00,DMS-01,51.9,66.0,0.721,64,High,ch4_pct above upper limit
2026-03-26 20:00:00,DMS-01,57.7,57.7,0.63,80,High,ch4_pct above upper limit
2026-03-27 00:00:00,DMS-01,70.0,39.9,0.398,98,Medium,Within baseline with monitored trend behaviour
2026-03-27 04:00:00,DMS-01,77.7,30.5,0.269,121,Medium,Within baseline with monitored trend behaviour
2026-03-27 08:00:00,DMS-01,72.1,39.2,0.406,108,Medium,utilisation_pct trending high; ch4_pct trending high
2026-03-27 12:00:00,DMS-01,85.2,24.0,0.244,130,Low,Within baseline with monitored trend behaviour
2026-03-27 16:00:00,DMS-01,94.1,11.0,0.091,152,Low,Within baseline with monitored trend behaviour
2026-03-27 20:00:00,DMS-01,84.7,24.2,0.212,125,Low,Within baseline with monitored trend behaviour
2026-03-28 00:00:00,DMS-01,86.3,23.9,0.208,130,Low,ch4_pct trending high
2026-03-28 04:00:00,DMS-01,85.4,22.0,0.151,126,Low,Within baseline with monitored trend behaviour
2026-03-28 08:00:00,DMS-01,93.0,10.2,0.021,154,Low,Within baseline with monitored trend behaviour
2026-03-28 12:00:00,DMS-01,90.3,16.1,0.065,138,Low,Within baseline with monitored trend behaviour
2026-03-28 16:00:00,DMS-01,97.1,5.1,0.0,157,Low,Within baseline with monitored trend behaviour
2026-03-28 20:00:00,DMS-01,93.5,7.6,0.022,153,Low,Within baseline with monitored trend behaviour
2026-03-29 00:00:00,DMS-01,92.5,9.2,0.009,151,Low,Within baseline with monitored trend behaviour
2026-03-29 04:00:00,DMS-01,92.7,10.8,0.037,144,Low,Within baseline with monitored trend behaviour
2026-03-29 08:00:00,DMS-01,94.8,10.0,0.044,148,Low,Within baseline with monitored trend behaviour
2026-03-29 12:00:00,DMS-01,88.1,13.9,0.064,148,Low,Within baseline with monitored trend behaviour
2026-03-29 16:00:00,DMS-01,87.4,18.2,0.101,134,Low,Within baseline with monitored trend behaviour
2026-03-29 20:00:00,DMS-01,93.4,13.9,0.113,142,Low,Within baseline with monitored trend behaviour
2026-03-30 00:00:00,DMS-01,80.1,26.4,0.273,126,Medium,Within baseline with monitored trend behaviour
2026-03-30 04:00:00,DMS-01,88.0,15.5,0.128,135,Low,Within baseline with monitored trend behaviour
2026-03-30 08:00:00,DMS-01,83.6,22.6,0.15,124,Low,Within baseline with monitored trend behaviour
2026-03-30 12:00:00,DMS-01,70.6,39.5,0.427,104,Medium,ch4_pct trending high
2026-03-30 16:00:00,DMS-01,79.1,28.2,0.283,118,Medium,ch4_pct trending high
2026-03-30 20:00:00,DMS-01,85.6,18.1,0.166,134,Low,Within baseline with monitored trend behaviour
2026-03-31 00:00:00,DMS-01,74.8,32.0,0.339,113,Medium,Within baseline with monitored trend behaviour
2026-03-31 04:00:00,DMS-01,59.5,55.9,0.592,65,High,ch4_pct above upper limit
2026-03-31 08:00:00,DMS-01,75.6,32.5,0.288,120,Medium,Within baseline with monitored trend behaviour
2026-03-31 12:00:00,DMS-01,67.9,44.0,0.44,96,Medium,ch4_pct trending high
2026-03-31 16:00:00,DMS-01,69.9,43.2,0.48,104,Medium,ch4_pct trending high
2026-03-31 20:00:00,DMS-01,57.7,57.6,0.654,83,High,ch4_pct above upper limit
2026-04-01 00:00:00,DMS-01,60.8,51.2,0.552,80,High,ch4_pct trending high
2026-04-01 04:00:00,DMS-01,36.3,89.4,1.0,22,Critical,ch4_pct above upper limit
2026-04-01 08:00:00,DMS-01,36.3,86.7,1.0,22,Critical,ch4_pct above upper limit
2026-04-01 12:00:00,DMS-01,38.6,85.3,1.0,26,Critical,ch4_pct above upper limit
2026-04-01 16:00:00,DMS-01,38.4,83.5,1.0,34,Critical,ch4_pct above upper limit
2026-04-01 20:00:00,DMS-01,35.7,86.3,1.0,28,Critical,ch4_pct above upper limit
2026-04-02 00:00:00,DMS-01,36.2,85.1,1.0,33,Critical,ch4_pct above upper limit
2026-04-02 04:00:00,DMS-01,37.7,87.2,1.0,24,Critical,ch4_pct above upper limit
2026-04-02 08:00:00,DMS-01,37.1,87.2,1.0,33,Critical,ch4_pct above upper limit
2026-04-02 12:00:00,DMS-01,37.9,87.0,1.0,28,Critical,ch4_pct above upper limit
2026-04-02 16:00:00,DMS-01,35.0,87.9,1.0,23,Critical,utilisation_pct trending high; ch4_pct above upper limit
2026-04-02 20:00:00,DMS-01,31.2,91.5,1.0,18,Critical,ch4_pct above upper limit
2026-04-03 00:00:00,DMS-01,34.5,87.6,1.0,31,Critical,ch4_pct above upper limit
2026-04-03 04:00:00,DMS-01,38.3,88.5,1.0,27,Critical,utilisation_pct trending high; ch4_pct above upper limit
2026-04-03 08:00:00,DMS-01,38.4,83.7,1.0,40,Critical,ch4_pct above upper limit
2026-04-03 12:00:00,DMS-01,42.0,82.3,1.0,30,Critical,ch4_pct above upper limit
2026-04-03 16:00:00,DMS-01,37.3,85.8,1.0,29,Critical,ch4_pct above upper limit
2026-04-03 20:00:00,DMS-01,35.3,88.7,1.0,31,Critical,ch4_pct above upper limit
2026-04-04 00:00:00,DMS-01,39.5,84.6,1.0,32,Critical,ch4_pct above upper limit
2026-04-04 04:00:00,DMS-01,38.0,83.3,1.0,34,Critical,ch4_pct above upper limit
2026-04-04 08:00:00,DMS-01,39.7,85.2,1.0,24,Critical,oil_temperature_C trending high; ch4_pct above upper limit
2026-04-04 12:00:00,DMS-01,39.9,84.3,1.0,32,Critical,ch4_pct above upper limit
2026-04-04 16:00:00,DMS-01,40.7,83.1,1.0,38,Critical,ch4_pct above upper limit
2026-04-04 20:00:00,DMS-01,41.0,84.0,1.0,31,Critical,ch4_pct above upper limit
2026-04-05 00:00:00,DMS-01,37.8,85.3,1.0,36,Critical,ch4_pct above upper limit
2026-04-05 04:00:00,DMS-01,39.5,85.7,1.0,29,Critical,ch4_pct above upper limit
2026-04-05 08:00:00,DMS-01,35.9,86.7,1.0,33,Critical,ch4_pct above upper limit
2026-04-05 12:00:00,DMS-01,40.4,85.4,1.0,31,Critical,ch4_pct above upper limit
2026-04-05 16:00:00,DMS-01,41.4,86.2,1.0,33,Critical,ch4_pct above upper limit
2026-04-05 20:00:00,DMS-01,36.0,86.4,1.0,27,Critical,ch4_pct above upper limit
2026-04-06 00:00:00,DMS-01,36.5,87.6,1.0,27,Critical,ch4_pct above upper limit
2026-04-06 04:00:00,DMS-01,40.2,83.8,1.0,34,Critical,ch4_pct above upper limit
2026-04-06 08:00:00,DMS-01,38.9,87.4,1.0,30,Critical,ch4_pct above upper limit
2026-04-06 12:00:00,DMS-01,37.5,83.7,1.0,37,Critical,ch4_pct above upper limit
2026-04-06 16:00:00,DMS-01,40.5,86.2,1.0,30,Critical,ch4_pct above upper limit
2026-04-06 20:00:00,DMS-01,38.7,82.5,1.0,33,Critical,ch4_pct above upper limit
2026-04-07 00:00:00,DMS-01,37.3,89.5,1.0,23,Critical,ch4_pct above upper limit
2026-04-07 04:00:00,DMS-01,36.3,85.6,1.0,25,Critical,ch4_pct above upper limit
2026-04-07 08:00:00,DMS-01,37.9,88.2,1.0,26,Critical,ch4_pct above upper limit
2026-04-07 12:00:00,DMS-01,36.1,89.7,1.0,25,Critical,oil_temperature_C trending high; ch4_pct above upper limit
2026-04-07 16:00:00,DMS-01,36.2,86.4,1.0,33,Critical,oil_temperature_C trending high; ch4_pct above upper limit
2026-04-07 20:00:00,DMS-01,37.1,87.9,1.0,23,Critical,oil_temperature_C trending high; ch4_pct above upper limit
2026-04-08 00:00:00,DMS-01,33.8,88.2,1.0,24,Critical,energy_kwh trending high; ch4_pct above upper limit
2026-04-08 04:00:00,DMS-01,36.6,87.2,1.0,24,Critical,oil_temperature_C trending high; ch4_pct above upper limit
2026-04-08 08:00:00,DMS-01,37.8,88.8,1.0,30,Critical,motor_current_A trending high; oil_temperature_C trending high; vibration_mm_s trending high
2026-04-08 12:00:00,DMS-01,37.7,86.7,1.0,36,Critical,motor_current_A trending high; oil_temperature_C trending high; energy_kwh trending high
2026-04-08 16:00:00,DMS-01,35.9,88.9,1.0,36,Critical,motor_current_A trending high; oil_temperature_C above upper limit; vibration_mm_s trending high
2026-04-08 20:00:00,DMS-01,38.8,85.7,1.0,36,Critical,motor_current_A trending high; oil_temperature_C trending high; vibration_mm_s trending high
2026-04-09 00:00:00,DMS-01,37.1,86.7,1.0,30,Critical,motor_current_A trending high; oil_temperature_C trending high; vibration_mm_s trending high
2026-04-09 04:00:00,DMS-01,34.9,86.0,1.0,34,Critical,motor_current_A trending high; oil_temperature_C trending high; vibration_mm_s trending high
2026-04-09 08:00:00,DMS-01,37.3,84.8,1.0,37,Critical,motor_current_A trending high; oil_temperature_C trending high; vibration_mm_s trending high
2026-04-09 12:00:00,DMS-01,38.6,86.8,1.0,28,Critical,motor_current_A trending high; oil_temperature_C above upper limit; vibration_mm_s trending high
2026-04-09 16:00:00,DMS-01,37.3,86.4,1.0,26,Critical,motor_current_A trending high; oil_temperature_C above upper limit; vibration_mm_s trending high
2026-04-09 20:00:00,DMS-01,37.5,87.4,1.0,34,Critical,motor_current_A trending high; oil_temperature_C trending high; vibration_mm_s trending high
2026-04-10 00:00:00,DMS-01,43.1,81.5,1.0,35,Critical,motor_current_A trending high; oil_temperature_C above upper limit; vibration_mm_s trending high
2026-04-10 04:00:00,DMS-01,39.7,85.0,1.0,28,Critical,motor_current_A trending high; oil_temperature_C above upper limit; vibration_mm_s trending high
2026-04-10 08:00:00,DMS-01,39.6,85.1,1.0,29,Critical,motor_current_A trending high; oil_temperature_C above upper limit; vibration_mm_s trending high
2026-04-10 12:00:00,DMS-01,38.0,84.6,1.0,33,Critical,motor_current_A trending high; oil_temperature_C trending high; vibration_mm_s above upper limit
2026-04-10 16:00:00,DMS-01,40.9,83.6,1.0,42,Critical,motor_current_A trending high; oil_temperature_C above upper limit; vibration_mm_s trending high
2026-04-10 20:00:00,DMS-01,38.7,86.0,1.0,31,Critical,motor_current_A trending high; oil_temperature_C above upper limit; vibration_mm_s above upper limit
2026-04-11 00:00:00,DMS-01,39.9,84.1,1.0,33,Critical,motor_current_A trending high; oil_temperature_C trending high; vibration_mm_s trending high
2026-04-11 04:00:00,DMS-01,35.9,89.5,1.0,29,Critical,motor_current_A above upper limit; oil_temperature_C above upper limit; vibration_mm_s above upper limit
2026-04-11 08:00:00,DMS-01,36.7,86.9,1.0,23,Critical,motor_current_A trending high; oil_temperature_C above upper limit; vibration_mm_s trending high
2026-04-11 12:00:00,DMS-01,38.8,86.6,1.0,28,Critical,motor_current_A trending high; oil_temperature_C above upper limit; vibration_mm_s above upper limit
2026-04-11 16:00:00,DMS-01,41.1,84.7,1.0,30,Critical,motor_current_A trending high; oil_temperature_C above upper limit; vibration_mm_s trending high
2026-04-11 20:00:00,DMS-01,39.6,83.7,1.0,33,Critical,motor_current_A trending high; oil_temperature_C above upper limit; vibration_mm_s trending high
2026-04-12 00:00:00,DMS-01,39.0,84.5,1.0,25,Critical,motor_current_A trending high; oil_temperature_C above upper limit; vibration_mm_s trending high
2026-04-12 04:00:00,DMS-01,35.9,86.8,1.0,26,Critical,motor_current_A trending high; oil_temperature_C above upper limit; vibration_mm_s trending high
2026-04-12 08:00:00,DMS-01,41.2,84.6,1.0,30,Critical,motor_current_A trending high; oil_temperature_C above upper limit; vibration_mm_s above upper limit
2026-04-12 12:00:00,DMS-01,42.4,84.3,1.0,39,Critical,motor_current_A trending high; oil_temperature_C above upper limit; vibration_mm_s trending high
2026-04-12 16:00:00,DMS-01,37.7,87.7,1.0,23,Critical,motor_current_A trending high; oil_temperature_C above upper limit; vibration_mm_s trending high
2026-04-12 20:00:00,DMS-01,37.1,88.2,1.0,23,Critical,motor_current_A trending high; oil_temperature_C above upper limit; vibration_mm_s trending high
2026-04-13 00:00:00,DMS-01,37.2,86.3,1.0,23,Critical,motor_current_A trending high; oil_temperature_C above upper limit; vibration_mm_s trending high
2026-04-13 04:00:00,DMS-01,33.4,88.7,1.0,34,Critical,motor_current_A trending high; oil_temperature_C above upper limit; vibration_mm_s trending high
2026-04-13 08:00:00,DMS-01,39.1,85.6,1.0,32,Critical,motor_current_A trending high; oil_temperature_C above upper limit; vibration_mm_s trending high
2026-04-13 12:00:00,DMS-01,39.2,84.0,1.0,32,Critical,motor_current_A trending high; oil_temperature_C above upper limit; vibration_mm_s trending high
2026-04-13 16:00:00,DMS-01,40.5,84.8,1.0,26,Critical,motor_current_A trending high; oil_temperature_C above upper limit; vibration_mm_s trending high
2026-04-13 20:00:00,DMS-01,35.2,86.4,1.0,29,Critical,motor_current_A trending high; oil_temperature_C above upper limit; vibration_mm_s trending high
2026-04-14 00:00:00,DMS-01,40.7,86.3,1.0,26,Critical,motor_current_A trending high; oil_temperature_C above upper limit; vibration_mm_s trending high
2026-04-14 04:00:00,DMS-01,38.0,85.7,1.0,36,Critical,motor_current_A trending high; oil_temperature_C above upper limit; vibration_mm_s above upper limit
2026-04-14 08:00:00,DMS-01,39.2,84.8,1.0,30,Critical,motor_current_A trending high; oil_temperature_C above upper limit; vibration_mm_s trending high
2026-04-14 12:00:00,DMS-01,38.3,85.7,1.0,34,Critical,motor_current_A trending high; oil_temperature_C above upper limit; vibration_mm_s trending high
2026-04-14 16:00:00,DMS-01,33.9,88.9,1.0,28,Critical,motor_current_A trending high; oil_temperature_C above upper limit; vibration_mm_s trending high
2026-04-14 20:00:00,DMS-01,36.8,88.5,1.0,30,Critical,motor_current_A above upper limit; oil_temperature_C above upper limit; vibration_mm_s above upper limit
2026-04-15 00:00:00,DMS-01,40.6,83.5,1.0,38,Critical,motor_current_A trending high; oil_temperature_C above upper limit; vibration_mm_s trending high
2026-04-15 04:00:00,DMS-01,37.1,84.7,1.0,35,Critical,motor_current_A trending high; oil_temperature_C above upper limit; vibration_mm_s above upper limit
2026-04-15 08:00:00,DMS-01,37.8,85.2,1.0,23,Critical,motor_current_A trending high; oil_temperature_C trending high; vibration_mm_s above upper limit
2026-04-15 12:00:00,DMS-01,37.8,85.0,1.0,23,Critical,motor_current_A trending high; oil_temperature_C above upper limit; vibration_mm_s above upper limit
2026-04-15 16:00:00,DMS-01,40.7,84.8,1.0,32,Critical,motor_current_A trending high; oil_temperature_C above upper limit; vibration_mm_s above upper limit
2026-04-15 20:00:00,DMS-01,41.0,82.7,1.0,37,Critical,motor_current_A above upper limit; oil_temperature_C above upper limit; vibration_mm_s trending high
2026-04-16 00:00:00,DMS-01,37.9,86.2,1.0,25,Critical,motor_current_A trending high; oil_temperature_C above upper limit; vibration_mm_s trending high
2026-04-16 04:00:00,DMS-01,38.4,86.8,1.0,28,Critical,motor_current_A trending high; oil_temperature_C above upper limit; vibration_mm_s above upper limit
2026-04-16 08:00:00,DMS-01,35.3,89.5,1.0,18,Critical,motor_current_A above upper limit; oil_temperature_C above upper limit; vibration_mm_s above upper limit
2026-04-16 12:00:00,DMS-01,32.8,89.3,1.0,22,Critical,motor_current_A above upper limit; oil_temperature_C above upper limit; vibration_mm_s trending high
2026-04-16 16:00:00,DMS-01,39.3,84.2,1.0,31,Critical,motor_current_A above upper limit; oil_temperature_C above upper limit; vibration_mm_s above upper limit
2026-04-16 20:00:00,DMS-01,41.1,84.1,1.0,31,Critical,motor_current_A above upper limit; oil_temperature_C above upper limit; vibration_mm_s above upper limit
2026-04-17 00:00:00,DMS-01,34.6,88.4,1.0,20,Critical,motor_current_A above upper limit; oil_temperature_C above upper limit; vibration_mm_s above upper limit
2026-04-17 04:00:00,DMS-01,40.5,83.8,1.0,39,Critical,motor_current_A above upper limit; oil_temperature_C above upper limit; vibration_mm_s trending high
2026-04-17 08:00:00,DMS-01,35.0,85.4,1.0,31,Critical,motor_current_A above upper limit; oil_temperature_C above upper limit; vibration_mm_s above upper limit
2026-04-17 12:00:00,DMS-01,35.6,87.3,1.0,29,Critical,motor_current_A above upper limit; oil_temperature_C above upper limit; vibration_mm_s above upper limit
2026-04-17 16:00:00,DMS-01,33.8,87.6,1.0,30,Critical,motor_current_A above upper limit; oil_temperature_C above upper limit; vibration_mm_s above upper limit
2026-04-17 20:00:00,DMS-01,35.9,88.4,1.0,27,Critical,motor_current_A above upper limit; oil_temperature_C above upper limit; vibration_mm_s above upper limit
2026-04-18 00:00:00,DMS-01,34.2,90.0,1.0,27,Critical,motor_current_A above upper limit; oil_temperature_C above upper limit; vibration_mm_s above upper limit
2026-04-18 04:00:00,DMS-01,36.0,86.5,1.0,20,Critical,motor_current_A above upper limit; oil_temperature_C above upper limit; vibration_mm_s above upper limit
2026-04-18 08:00:00,DMS-01,35.1,87.4,1.0,30,Critical,motor_current_A trending high; oil_temperature_C above upper limit; vibration_mm_s above upper limit
2026-04-18 12:00:00,DMS-01,41.4,81.6,1.0,34,Critical,motor_current_A above upper limit; oil_temperature_C above upper limit; vibration_mm_s above upper limit
2026-04-18 16:00:00,DMS-01,36.0,89.4,1.0,26,Critical,motor_current_A above upper limit; oil_temperature_C above upper limit; vibration_mm_s trending high
2026-04-18 20:00:00,DMS-01,38.4,85.1,1.0,34,Critical,motor_current_A above upper limit; oil_temperature_C above upper limit; vibration_mm_s above upper limit
2026-04-19 00:00:00,DMS-01,36.7,86.0,1.0,33,Critical,motor_current_A above upper limit; oil_temperature_C above upper limit; vibration_mm_s above upper limit
2026-04-19 04:00:00,DMS-01,37.9,89.4,1.0,28,Critical,motor_current_A above upper limit; oil_temperature_C above upper limit; vibration_mm_s above upper limit
2026-04-19 08:00:00,DMS-01,37.0,85.4,1.0,24,Critical,motor_current_A above upper limit; oil_temperature_C above upper limit; vibration_mm_s above upper limit
2026-04-19 12:00:00,DMS-01,39.8,83.4,1.0,39,Critical,motor_current_A above upper limit; oil_temperature_C above upper limit; vibration_mm_s trending high
2026-04-19 16:00:00,DMS-01,40.5,82.7,1.0,32,Critical,motor_current_A trending high; oil_temperature_C above upper limit; vibration_mm_s above upper limit
2026-04-19 20:00:00,DMS-01,39.4,83.6,1.0,37,Critical,motor_current_A above upper limit; oil_temperature_C above upper limit; vibration_mm_s trending high
2026-04-20 00:00:00,DMS-01,38.7,86.5,1.0,32,Critical,motor_current_A trending high; oil_temperature_C above upper limit; vibration_mm_s above upper limit
2026-04-20 04:00:00,DMS-01,37.0,86.8,1.0,27,Critical,motor_current_A trending high; oil_temperature_C above upper limit; vibration_mm_s trending high
2026-04-20 08:00:00,DMS-01,39.7,83.9,1.0,32,Critical,motor_current_A trending high; oil_temperature_C above upper limit; vibration_mm_s above upper limit
2026-04-20 12:00:00,DMS-01,35.7,88.6,1.0,23,Critical,motor_current_A trending high; oil_temperature_C above upper limit; vibration_mm_s above upper limit
2026-04-20 16:00:00,DMS-01,41.2,83.0,1.0,27,Critical,motor_current_A trending high; oil_temperature_C above upper limit; vibration_mm_s trending high
2026-04-20 20:00:00,DMS-01,37.7,85.0,1.0,33,Critical,motor_current_A trending high; oil_temperature_C above upper limit; vibration_mm_s trending high
2026-04-21 00:00:00,DMS-01,38.4,87.0,1.0,30,Critical,motor_current_A trending high; oil_temperature_C above upper limit; vibration_mm_s trending high
2026-04-21 04:00:00,DMS-01,37.7,84.7,1.0,23,Critical,motor_current_A trending high; oil_temperature_C above upper limit; vibration_mm_s trending high
2026-04-21 08:00:00,DMS-01,36.7,86.3,1.0,29,Critical,motor_current_A trending high; oil_temperature_C trending high; vibration_mm_s trending high
2026-04-21 12:00:00,DMS-01,37.8,88.3,1.0,25,Critical,motor_current_A above upper limit; oil_temperature_C above upper limit; vibration_mm_s trending high
2026-04-21 16:00:00,DMS-01,38.0,86.2,1.0,36,Critical,motor_current_A trending high; oil_temperature_C trending high; vibration_mm_s trending high
2026-04-21 20:00:00,DMS-01,39.0,84.8,1.0,29,Critical,motor_current_A trending high; oil_temperature_C trending high; vibration_mm_s trending high
2026-04-22 00:00:00,DMS-01,38.6,84.4,1.0,30,Critical,motor_current_A trending high; oil_temperature_C above upper limit; vibration_mm_s trending high
2026-04-22 04:00:00,DMS-01,42.3,83.6,1.0,34,Critical,motor_current_A trending high; oil_temperature_C above upper limit; vibration_mm_s above upper limit
2026-04-22 08:00:00,DMS-01,36.3,88.2,1.0,23,Critical,motor_current_A trending high; oil_temperature_C above upper limit; vibration_mm_s above upper limit
2026-04-22 12:00:00,DMS-01,37.3,85.6,1.0,33,Critical,motor_current_A above upper limit; oil_temperature_C above upper limit; vibration_mm_s trending high
2026-04-22 16:00:00,DMS-01,36.9,88.8,1.0,30,Critical,motor_current_A trending high; oil_temperature_C above upper limit; vibration_mm_s trending high
2026-04-22 20:00:00,DMS-01,37.4,90.8,1.0,18,Critical,motor_current_A above upper limit; oil_temperature_C above upper limit; vibration_mm_s trending high
2026-04-23 00:00:00,DMS-01,42.7,81.2,1.0,37,Critical,motor_current_A trending high; oil_temperature_C above upper limit; vibration_mm_s trending high
2026-04-23 04:00:00,DMS-01,37.6,86.2,1.0,33,Critical,motor_current_A trending high; oil_temperature_C above upper limit; vibration_mm_s above upper limit
2026-04-23 08:00:00,DMS-01,42.6,82.9,1.0,39,Critical,motor_current_A trending high; oil_temperature_C above upper limit; vibration_mm_s trending high
2026-04-23 12:00:00,DMS-01,38.3,86.3,1.0,22,Critical,motor_current_A trending high; oil_temperature_C above upper limit; vibration_mm_s above upper limit
2026-04-23 16:00:00,DMS-01,38.5,88.0,1.0,27,Critical,motor_current_A trending high; oil_temperature_C above upper limit; vibration_mm_s above upper limit
2026-04-23 20:00:00,DMS-01,37.5,83.5,1.0,30,Critical,motor_current_A trending high; oil_temperature_C above upper limit; vibration_mm_s above upper limit
2026-04-24 00:00:00,DMS-01,39.5,86.2,1.0,26,Critical,motor_current_A trending high; oil_temperature_C above upper limit; vibration_mm_s above upper limit
2026-04-24 04:00:00,DMS-01,38.2,88.1,1.0,26,Critical,motor_current_A trending high; oil_temperature_C above upper limit; vibration_mm_s trending high
2026-04-24 08:00:00,DMS-01,36.2,87.7,1.0,20,Critical,motor_current_A trending high; oil_temperature_C above upper limit; vibration_mm_s above upper limit
2026-04-24 12:00:00,DMS-01,37.7,84.9,1.0,34,Critical,motor_current_A above upper limit; oil_temperature_C above upper limit; vibration_mm_s above upper limit
2026-04-24 16:00:00,DMS-01,33.8,87.7,1.0,25,Critical,motor_current_A above upper limit; oil_temperature_C above upper limit; vibration_mm_s above upper limit
2026-04-24 20:00:00,DMS-01,39.0,82.4,1.0,36,Critical,motor_current_A above upper limit; oil_temperature_C above upper limit; vibration_mm_s above upper limit
2026-04-25 00:00:00,DMS-01,38.5,82.6,1.0,28,Critical,motor_current_A above upper limit; oil_temperature_C above upper limit; vibration_mm_s above upper limit
2026-04-25 04:00:00,DMS-01,38.2,82.8,1.0,32,Critical,motor_current_A above upper limit; oil_temperature_C above upper limit; vibration_mm_s above upper limit
2026-04-25 08:00:00,DMS-01,40.1,82.6,1.0,32,Critical,motor_current_A above upper limit; oil_temperature_C above upper limit; vibration_mm_s above upper limit
2026-04-25 12:00:00,DMS-01,38.4,87.5,1.0,19,Critical,motor_current_A above upper limit; oil_temperature_C above upper limit; vibration_mm_s above upper limit
2026-04-25 16:00:00,DMS-01,37.9,83.4,1.0,34,Critical,motor_current_A above upper limit; oil_temperature_C above upper limit; vibration_mm_s above upper limit
2026-04-25 20:00:00,DMS-01,37.1,86.7,1.0,21,Critical,motor_current_A above upper limit; oil_temperature_C above upper limit; vibration_mm_s above upper limit
2026-04-26 00:00:00,DMS-01,39.9,86.3,1.0,32,Critical,motor_current_A above upper limit; oil_temperature_C above upper limit; vibration_mm_s above upper limit
2026-04-26 04:00:00,DMS-01,41.8,83.1,1.0,26,Critical,motor_current_A trending high; oil_temperature_C above upper limit; vibration_mm_s above upper limit
2026-04-26 08:00:00,DMS-01,37.9,85.2,1.0,29,Critical,motor_current_A above upper limit; oil_temperature_C above upper limit; vibration_mm_s above upper limit
2026-04-26 12:00:00,DMS-01,39.7,84.0,1.0,26,Critical,motor_current_A above upper limit; oil_temperature_C above upper limit; vibration_mm_s above upper limit
2026-04-26 16:00:00,DMS-01,35.9,86.3,1.0,25,Critical,motor_current_A above upper limit; oil_temperature_C above upper limit; vibration_mm_s above upper limit
2026-04-26 20:00:00,DMS-01,37.7,86.0,1.0,30,Critical,motor_current_A trending high; oil_temperature_C above upper limit; vibration_mm_s above upper limit
2026-04-27 00:00:00,DMS-01,41.6,81.5,1.0,31,Critical,motor_current_A trending high; oil_temperature_C above upper limit; vibration_mm_s above upper limit
2026-04-27 04:00:00,DMS-01,37.3,87.2,1.0,29,Critical,motor_current_A above upper limit; oil_temperature_C above upper limit; vibration_mm_s trending high
2026-04-27 08:00:00,DMS-01,40.3,85.5,1.0,28,Critical,motor_current_A above upper limit; oil_temperature_C above upper limit; vibration_mm_s trending high
2026-04-27 12:00:00,DMS-01,38.7,83.4,1.0,28,Critical,motor_current_A trending high; oil_temperature_C above upper limit; vibration_mm_s trending high
2026-04-27 16:00:00,DMS-01,39.3,86.2,1.0,29,Critical,motor_current_A trending high; oil_temperature_C above upper limit; vibration_mm_s above upper limit
2026-04-27 20:00:00,DMS-01,36.0,87.3,1.0,28,Critical,motor_current_A trending high; oil_temperature_C above upper limit; vibration_mm_s above upper limit
2026-04-28 00:00:00,DMS-01,39.1,86.2,1.0,20,Critical,motor_current_A trending high; oil_temperature_C above upper limit; vibration_mm_s trending high
2026-04-28 04:00:00,DMS-01,36.5,86.9,1.0,20,Critical,motor_current_A trending high; oil_temperature_C above upper limit; vibration_mm_s trending high
2026-04-28 08:00:00,DMS-01,36.5,87.3,1.0,27,Critical,motor_current_A trending high; oil_temperature_C above upper limit; vibration_mm_s trending high
2026-04-28 12:00:00,DMS-01,42.5,84.0,1.0,29,Critical,motor_current_A trending high; oil_temperature_C above upper limit; vibration_mm_s trending high
2026-04-28 16:00:00,DMS-01,40.2,85.1,1.0,28,Critical,motor_current_A trending high; oil_temperature_C above upper limit; vibration_mm_s trending high
2026-04-28 20:00:00,DMS-01,35.3,92.3,1.0,15,Critical,motor_current_A trending high; oil_temperature_C above upper limit; vibration_mm_s trending high
2026-04-29 00:00:00,DMS-01,38.1,86.1,1.0,22,Critical,motor_current_A trending high; oil_temperature_C above upper limit; vibration_mm_s trending high
2026-04-29 04:00:00,DMS-01,35.6,88.6,1.0,22,Critical,motor_current_A trending high; oil_temperature_C above upper limit; vibration_mm_s trending high
2026-04-29 08:00:00,DMS-01,36.4,86.4,1.0,27,Critical,motor_current_A trending high; oil_temperature_C above upper limit; vibration_mm_s trending high
2026-04-29 12:00:00,DMS-01,38.1,85.0,1.0,27,Critical,motor_current_A trending high; oil_temperature_C above upper limit; vibration_mm_s trending high
2026-04-29 16:00:00,DMS-01,36.8,84.5,1.0,29,Critical,motor_current_A trending high; oil_temperature_C above upper limit; vibration_mm_s above upper limit
2026-04-29 20:00:00,DMS-01,38.0,81.4,1.0,34,Critical,motor_current_A trending high; oil_temperature_C above upper limit; vibration_mm_s trending high
2026-04-30 00:00:00,DMS-01,38.7,85.6,1.0,30,Critical,motor_current_A trending high; oil_temperature_C above upper limit; vibration_mm_s trending high
2026-04-30 04:00:00,DMS-01,40.0,82.0,1.0,31,Critical,motor_current_A trending high; oil_temperature_C above upper limit; vibration_mm_s above upper limit
2026-04-30 08:00:00,DMS-01,38.0,86.6,1.0,24,Critical,motor_current_A above upper limit; oil_temperature_C above upper limit; vibration_mm_s trending high
2026-04-30 12:00:00,DMS-01,37.6,86.1,1.0,22,Critical,motor_current_A trending high; oil_temperature_C above upper limit; vibration_mm_s above upper limit
2026-04-30 16:00:00,DMS-01,34.8,86.1,1.0,27,Critical,motor_current_A trending high; oil_temperature_C above upper limit; vibration_mm_s trending high
2026-04-30 20:00:00,DMS-01,35.5,88.8,1.0,30,Critical,motor_current_A trending high; oil_temperature_C above upper limit; vibration_mm_s trending high
2026-05-01 00:00:00,DMS-01,39.4,87.2,1.0,26,Critical,motor_current_A above upper limit; oil_temperature_C above upper limit; vibration_mm_s above upper limit
2026-05-01 04:00:00,DMS-01,37.5,87.1,1.0,18,Critical,motor_current_A above upper limit; oil_temperature_C above upper limit; vibration_mm_s trending high
2026-05-01 08:00:00,DMS-01,40.5,82.1,1.0,30,Critical,motor_current_A above upper limit; oil_temperature_C above upper limit; vibration_mm_s above upper limit
2026-05-01 12:00:00,DMS-01,37.0,84.9,1.0,32,Critical,motor_current_A above upper limit; oil_temperature_C above upper limit; vibration_mm_s above upper limit
2026-05-01 16:00:00,DMS-01,37.9,83.9,1.0,29,Critical,motor_current_A trending high; oil_temperature_C above upper limit; vibration_mm_s trending high
2026-05-01 20:00:00,DMS-01,37.8,88.2,1.0,20,Critical,motor_current_A above upper limit; oil_temperature_C above upper limit; vibration_mm_s above upper limit
2026-05-02 00:00:00,DMS-01,40.8,85.6,1.0,31,Critical,motor_current_A above upper limit; oil_temperature_C above upper limit; vibration_mm_s above upper limit
2026-05-02 04:00:00,DMS-01,37.4,87.8,1.0,24,Critical,motor_current_A above upper limit; oil_temperature_C above upper limit; vibration_mm_s above upper limit
2026-05-02 08:00:00,DMS-01,36.9,90.0,1.0,20,Critical,motor_current_A trending high; oil_temperature_C above upper limit; vibration_mm_s above upper limit
2026-05-02 12:00:00,DMS-01,36.7,87.4,1.0,17,Critical,motor_current_A above upper limit; oil_temperature_C above upper limit; vibration_mm_s above upper limit
2026-05-02 16:00:00,DMS-01,38.9,84.0,1.0,27,Critical,motor_current_A above upper limit; oil_temperature_C above upper limit; vibration_mm_s above upper limit
2026-05-02 20:00:00,DMS-01,38.1,84.6,1.0,33,Critical,motor_current_A above upper limit; oil_temperature_C above upper limit; vibration_mm_s above upper limit
2026-05-03 00:00:00,DMS-01,37.4,89.7,1.0,12,Critical,motor_current_A above upper limit; oil_temperature_C above upper limit; vibration_mm_s above upper limit
2026-05-03 04:00:00,DMS-01,37.6,88.2,1.0,22,Critical,motor_current_A above upper limit; oil_temperature_C above upper limit; vibration_mm_s above upper limit
2026-05-03 08:00:00,DMS-01,38.3,85.0,1.0,31,Critical,motor_current_A above upper limit; oil_temperature_C above upper limit; vibration_mm_s above upper limit
2026-05-03 12:00:00,DMS-01,39.4,86.8,1.0,28,Critical,motor_current_A above upper limit; oil_temperature_C above upper limit; vibration_mm_s above upper limit
2026-05-03 16:00:00,DMS-01,37.0,88.9,1.0,17,Critical,motor_current_A trending high; oil_temperature_C above upper limit; vibration_mm_s above upper limit
2026-05-03 20:00:00,DMS-01,41.4,82.8,1.0,33,Critical,motor_current_A above upper limit; oil_temperature_C above upper limit; vibration_mm_s above upper limit
2026-05-04 00:00:00,DMS-01,39.3,84.8,1.0,26,Critical,motor_current_A trending high; oil_temperature_C above upper limit; vibration_mm_s above upper limit
2026-05-04 04:00:00,DMS-01,36.6,85.0,1.0,27,Critical,motor_current_A above upper limit; oil_temperature_C above upper limit; vibration_mm_s above upper limit
2026-05-04 08:00:00,DMS-01,39.4,85.0,1.0,20,Critical,motor_current_A above upper limit; oil_temperature_C above upper limit; vibration_mm_s above upper limit
2026-05-04 12:00:00,DMS-01,36.4,87.2,1.0,19,Critical,motor_current_A above upper limit; oil_temperature_C above upper limit; vibration_mm_s above upper limit
2026-05-04 16:00:00,DMS-01,36.3,85.1,1.0,26,Critical,motor_current_A trending high; oil_temperature_C above upper limit; vibration_mm_s trending high
2026-05-04 20:00:00,DMS-01,38.0,86.2,1.0,27,Critical,motor_current_A above upper limit; oil_temperature_C above upper limit; vibration_mm_s trending high
2026-05-05 00:00:00,DMS-01,40.1,84.9,1.0,28,Critical,motor_current_A above upper limit; oil_temperature_C above upper limit; vibration_mm_s trending high
2026-05-05 04:00:00,DMS-01,39.4,87.6,1.0,17,Critical,motor_current_A trending high; oil_temperature_C above upper limit; vibration_mm_s trending high
2026-05-05 08:00:00,DMS-01,37.5,85.2,1.0,35,Critical,motor_current_A above upper limit; oil_temperature_C above upper limit; vibration_mm_s above upper limit
2026-05-05 12:00:00,DMS-01,37.7,87.2,1.0,28,Critical,motor_current_A trending high; oil_temperature_C trending high; vibration_mm_s above upper limit
2026-05-05 16:00:00,DMS-01,38.8,86.0,1.0,24,Critical,motor_current_A trending high; oil_temperature_C above upper limit; vibration_mm_s trending high
2026-05-05 20:00:00,DMS-01,41.4,83.3,1.0,26,Critical,motor_current_A trending high; oil_temperature_C above upper limit; vibration_mm_s trending high
2026-05-06 00:00:00,DMS-01,38.6,87.5,1.0,14,Critical,motor_current_A trending high; oil_temperature_C above upper limit; vibration_mm_s trending high
2026-05-06 04:00:00,DMS-01,37.0,88.1,1.0,18,Critical,motor_current_A trending high; oil_temperature_C above upper limit; vibration_mm_s trending high
2026-05-06 08:00:00,DMS-01,40.5,82.5,1.0,30,Critical,motor_current_A trending high; oil_temperature_C trending high; vibration_mm_s trending high
2026-05-06 12:00:00,DMS-01,36.6,88.2,1.0,18,Critical,motor_current_A trending high; oil_temperature_C above upper limit; vibration_mm_s trending high
2026-05-06 16:00:00,DMS-01,40.5,82.9,1.0,30,Critical,motor_current_A trending high; oil_temperature_C above upper limit; vibration_mm_s trending high
2026-05-06 20:00:00,DMS-01,35.4,88.6,1.0,23,Critical,motor_current_A trending high; oil_temperature_C above upper limit; vibration_mm_s trending high
2026-05-07 00:00:00,DMS-01,34.2,85.7,1.0,28,Critical,motor_current_A trending high; oil_temperature_C above upper limit; vibration_mm_s trending high
2026-05-07 04:00:00,DMS-01,39.7,85.1,1.0,27,Critical,motor_current_A trending high; oil_temperature_C above upper limit; vibration_mm_s trending high
2026-05-07 08:00:00,DMS-01,39.2,84.0,1.0,28,Critical,motor_current_A trending high; oil_temperature_C above upper limit; vibration_mm_s trending high
2026-05-07 12:00:00,DMS-01,38.6,86.4,1.0,25,Critical,motor_current_A trending high; oil_temperature_C above upper limit; vibration_mm_s trending high
2026-05-07 16:00:00,DMS-01,36.8,89.5,1.0,24,Critical,motor_current_A above upper limit; oil_temperature_C above upper limit; vibration_mm_s above upper limit
2026-05-07 20:00:00,DMS-01,37.0,87.6,1.0,25,Critical,motor_current_A trending high; oil_temperature_C trending high; vibration_mm_s trending high
2026-05-08 00:00:00,DMS-01,36.5,88.5,1.0,25,Critical,motor_current_A trending high; oil_temperature_C above upper limit; vibration_mm_s above upper limit
2026-05-08 04:00:00,DMS-01,41.6,83.4,1.0,26,Critical,motor_current_A above upper limit; oil_temperature_C above upper limit; vibration_mm_s trending high
2026-05-08 08:00:00,DMS-01,39.5,83.4,1.0,30,Critical,motor_current_A trending high; oil_temperature_C above upper limit; vibration_mm_s trending high
2026-05-08 12:00:00,DMS-01,39.5,86.7,1.0,22,Critical,motor_current_A above upper limit; oil_temperature_C above upper limit; vibration_mm_s above upper limit
2026-05-08 16:00:00,DMS-01,38.2,89.3,1.0,21,Critical,motor_current_A trending high; oil_temperature_C above upper limit; vibration_mm_s above upper limit
2026-05-08 20:00:00,DMS-01,43.0,84.3,1.0,34,Critical,motor_current_A above upper limit; oil_temperature_C above upper limit; vibration_mm_s trending high
2026-05-09 00:00:00,DMS-01,35.8,86.4,1.0,27,Critical,motor_current_A above upper limit; oil_temperature_C above upper limit; vibration_mm_s above upper limit
2026-05-09 04:00:00,DMS-01,40.2,84.8,1.0,28,Critical,motor_current_A above upper limit; oil_temperature_C above upper limit; vibration_mm_s trending high
2026-05-09 08:00:00,DMS-01,38.6,82.8,1.0,27,Critical,motor_current_A above upper limit; oil_temperature_C above upper limit; vibration_mm_s above upper limit
2026-05-09 12:00:00,DMS-01,34.7,89.3,1.0,11,Critical,motor_current_A above upper limit; oil_temperature_C above upper limit; vibration_mm_s above upper limit
2026-05-09 16:00:00,DMS-01,38.0,85.6,1.0,32,Critical,motor_current_A above upper limit; oil_temperature_C above upper limit; vibration_mm_s above upper limit
2026-05-09 20:00:00,DMS-01,33.9,89.0,1.0,22,Critical,motor_current_A above upper limit; oil_temperature_C above upper limit; vibration_mm_s above upper limit
2026-05-10 00:00:00,DMS-01,36.8,87.6,1.0,23,Critical,motor_current_A above upper limit; oil_temperature_C above upper limit; vibration_mm_s above upper limit
2026-05-10 04:00:00,DMS-01,36.9,88.2,1.0,24,Critical,motor_current_A above upper limit; oil_temperature_C above upper limit; vibration_mm_s above upper limit
2026-05-10 08:00:00,DMS-01,35.4,88.8,1.0,23,Critical,motor_current_A above upper limit; oil_temperature_C above upper limit; vibration_mm_s above upper limit
2026-05-10 12:00:00,DMS-01,40.3,85.1,1.0,24,Critical,motor_current_A above upper limit; oil_temperature_C above upper limit; vibration_mm_s above upper limit
2026-05-10 16:00:00,DMS-01,37.1,86.9,1.0,26,Critical,motor_current_A above upper limit; oil_temperature_C above upper limit; vibration_mm_s above upper limit
2026-05-10 20:00:00,DMS-01,38.9,84.3,1.0,27,Critical,motor_current_A above upper limit; oil_temperature_C above upper limit; vibration_mm_s above upper limit
2026-05-11 00:00:00,DMS-01,38.7,83.9,1.0,21,Critical,motor_current_A above upper limit; oil_temperature_C above upper limit; vibration_mm_s above upper limit
2026-05-11 04:00:00,DMS-01,38.7,86.8,1.0,18,Critical,motor_current_A above upper limit; oil_temperature_C above upper limit; vibration_mm_s above upper limit
2026-05-11 08:00:00,DMS-01,38.3,83.7,1.0,23,Critical,motor_current_A above upper limit; oil_temperature_C above upper limit; vibration_mm_s above upper limit
2026-05-11 12:00:00,DMS-01,36.5,86.8,1.0,24,Critical,motor_current_A above upper limit; oil_temperature_C above upper limit; vibration_mm_s above upper limit
2026-05-11 16:00:00,DMS-01,38.6,84.5,1.0,31,Critical,motor_current_A above upper limit; oil_temperature_C above upper limit; vibration_mm_s above upper limit
2026-05-11 20:00:00,DMS-01,38.9,83.7,1.0,30,Critical,motor_current_A above upper limit; oil_temperature_C above upper limit; vibration_mm_s above upper limit
2026-05-12 00:00:00,DMS-01,38.8,85.4,1.0,25,Critical,motor_current_A above upper limit; oil_temperature_C above upper limit; vibration_mm_s trending high
2026-05-12 04:00:00,DMS-01,42.3,83.0,1.0,29,Critical,motor_current_A above upper limit; oil_temperature_C above upper limit; vibration_mm_s above upper limit
2026-05-12 08:00:00,DMS-01,36.3,89.2,1.0,25,Critical,motor_current_A above upper limit; oil_temperature_C above upper limit; vibration_mm_s above upper limit
2026-05-12 12:00:00,DMS-01,38.5,88.0,1.0,20,Critical,motor_current_A trending high; oil_temperature_C above upper limit; vibration_mm_s trending high
2026-05-12 16:00:00,DMS-01,34.8,89.6,1.0,20,Critical,motor_current_A trending high; oil_temperature_C above upper limit; vibration_mm_s above upper limit
2026-05-12 20:00:00,DMS-01,41.6,87.7,1.0,26,Critical,motor_current_A above upper limit; oil_temperature_C above upper limit; vibration_mm_s above upper limit
2026-05-13 00:00:00,DMS-01,39.2,84.9,1.0,20,Critical,motor_current_A above upper limit; oil_temperature_C above upper limit; vibration_mm_s above upper limit
2026-05-13 04:00:00,DMS-01,31.3,88.9,1.0,19,Critical,motor_current_A above upper limit; oil_temperature_C above upper limit; vibration_mm_s trending high
2026-05-13 08:00:00,DMS-01,36.1,90.4,1.0,19,Critical,motor_current_A trending high; oil_temperature_C above upper limit; vibration_mm_s trending high
2026-05-13 12:00:00,DMS-01,41.8,83.6,1.0,24,Critical,motor_current_A trending high; oil_temperature_C above upper limit; vibration_mm_s above upper limit
2026-05-13 16:00:00,DMS-01,41.4,84.2,1.0,23,Critical,motor_current_A trending high; oil_temperature_C above upper limit; vibration_mm_s trending high
2026-05-13 20:00:00,DMS-01,38.7,83.1,1.0,29,Critical,motor_current_A trending high; oil_temperature_C above upper limit; vibration_mm_s trending high
2026-05-14 00:00:00,DMS-01,41.5,85.0,1.0,26,Critical,motor_current_A trending high; oil_temperature_C above upper limit; vibration_mm_s trending high
2026-05-14 04:00:00,DMS-01,37.1,83.5,1.0,31,Critical,motor_current_A trending high; oil_temperature_C above upper limit; vibration_mm_s trending high
2026-05-14 08:00:00,DMS-01,38.6,86.6,1.0,21,Critical,motor_current_A trending high; oil_temperature_C above upper limit; vibration_mm_s trending high
2026-05-14 12:00:00,DMS-01,39.6,86.3,1.0,23,Critical,motor_current_A trending high; oil_temperature_C above upper limit; vibration_mm_s trending high
2026-05-14 16:00:00,DMS-01,40.8,83.7,1.0,26,Critical,motor_current_A above upper limit; oil_temperature_C above upper limit; vibration_mm_s trending high
2026-05-14 20:00:00,DMS-01,36.7,87.9,1.0,24,Critical,motor_current_A trending high; oil_temperature_C trending high; vibration_mm_s trending high
2026-05-15 00:00:00,DMS-01,39.3,87.0,1.0,26,Critical,motor_current_A trending high; oil_temperature_C above upper limit; vibration_mm_s trending high
2026-05-15 04:00:00,DMS-01,37.1,83.4,1.0,28,Critical,motor_current_A trending high; oil_temperature_C above upper limit; vibration_mm_s trending high
2026-05-15 08:00:00,DMS-01,36.1,87.2,1.0,24,Critical,motor_current_A trending high; oil_temperature_C above upper limit; vibration_mm_s above upper limit
2026-05-15 12:00:00,DMS-01,37.4,86.8,1.0,20,Critical,motor_current_A trending high; oil_temperature_C above upper limit; vibration_mm_s trending high
2026-05-15 16:00:00,DMS-01,43.3,84.0,1.0,18,Critical,motor_current_A trending high; oil_temperature_C above upper limit; vibration_mm_s trending high
2026-05-15 20:00:00,DMS-01,43.8,83.5,1.0,23,Critical,motor_current_A above upper limit; oil_temperature_C above upper limit; vibration_mm_s above upper limit
2026-05-16 00:00:00,DMS-01,39.9,84.9,1.0,27,Critical,motor_current_A trending high; oil_temperature_C above upper limit; vibration_mm_s trending high
2026-05-16 04:00:00,DMS-01,39.7,86.9,1.0,18,Critical,motor_current_A above upper limit; oil_temperature_C above upper limit; vibration_mm_s above upper limit
2026-05-16 08:00:00,DMS-01,37.7,86.3,1.0,20,Critical,motor_current_A above upper limit; oil_temperature_C above upper limit; vibration_mm_s above upper limit
2026-05-16 12:00:00,DMS-01,38.8,86.2,1.0,26,Critical,motor_current_A above upper limit; oil_temperature_C above upper limit; vibration_mm_s trending high
2026-05-16 16:00:00,DMS-01,36.5,88.1,1.0,16,Critical,motor_current_A above upper limit; oil_temperature_C above upper limit; vibration_mm_s above upper limit
2026-05-16 20:00:00,DMS-01,39.4,83.2,1.0,22,Critical,motor_current_A above upper limit; oil_temperature_C above upper limit; vibration_mm_s above upper limit
2026-05-17 00:00:00,DMS-01,37.3,84.6,1.0,23,Critical,motor_current_A above upper limit; oil_temperature_C above upper limit; vibration_mm_s above upper limit
2026-05-17 04:00:00,DMS-01,35.3,89.6,1.0,24,Critical,motor_current_A above upper limit; oil_temperature_C above upper limit; vibration_mm_s above upper limit
2026-05-17 08:00:00,DMS-01,36.5,86.8,1.0,22,Critical,motor_current_A above upper limit; oil_temperature_C above upper limit; vibration_mm_s above upper limit
2026-05-17 12:00:00,DMS-01,40.0,82.7,1.0,23,Critical,motor_current_A above upper limit; oil_temperature_C above upper limit; vibration_mm_s above upper limit
2026-05-17 16:00:00,DMS-01,36.6,87.2,1.0,20,Critical,motor_current_A above upper limit; oil_temperature_C above upper limit; vibration_mm_s above upper limit
2026-05-17 20:00:00,DMS-01,40.0,85.2,1.0,21,Critical,motor_current_A above upper limit; oil_temperature_C above upper limit; vibration_mm_s above upper limit
2026-05-18 00:00:00,DMS-01,40.0,84.1,1.0,31,Critical,motor_current_A above upper limit; oil_temperature_C above upper limit; vibration_mm_s above upper limit
2026-05-18 04:00:00,DMS-01,40.9,86.7,1.0,19,Critical,motor_current_A above upper limit; oil_temperature_C above upper limit; vibration_mm_s above upper limit
2026-05-18 08:00:00,DMS-01,41.9,81.7,1.0,29,Critical,motor_current_A above upper limit; oil_temperature_C above upper limit; vibration_mm_s above upper limit
2026-05-18 12:00:00,DMS-01,38.7,86.9,1.0,16,Critical,motor_current_A above upper limit; oil_temperature_C above upper limit; vibration_mm_s trending high
2026-05-18 16:00:00,DMS-01,39.4,85.4,1.0,25,Critical,motor_current_A above upper limit; oil_temperature_C above upper limit; vibration_mm_s above upper limit
2026-05-18 20:00:00,DMS-01,39.4,85.6,1.0,28,Critical,motor_current_A above upper limit; oil_temperature_C above upper limit; vibration_mm_s trending high
2026-05-19 00:00:00,DMS-01,43.4,81.9,1.0,25,Critical,motor_current_A trending high; oil_temperature_C above upper limit; vibration_mm_s above upper limit
2026-05-19 04:00:00,DMS-01,36.7,87.2,1.0,26,Critical,motor_current_A above upper limit; oil_temperature_C above upper limit; vibration_mm_s trending high
2026-05-19 08:00:00,DMS-01,37.9,87.4,1.0,22,Critical,motor_current_A above upper limit; oil_temperature_C above upper limit; vibration_mm_s above upper limit
2026-05-19 12:00:00,DMS-01,37.4,84.9,1.0,19,Critical,motor_current_A above upper limit; oil_temperature_C above upper limit; vibration_mm_s above upper limit
2026-05-19 16:00:00,DMS-01,40.3,84.7,1.0,21,Critical,motor_current_A trending high; oil_temperature_C above upper limit; vibration_mm_s trending high
2026-05-19 20:00:00,DMS-01,34.8,88.4,1.0,19,Critical,motor_current_A trending high; oil_temperature_C above upper limit; vibration_mm_s above upper limit
2026-05-20 00:00:00,DMS-01,39.0,86.9,1.0,20,Critical,motor_current_A trending high; oil_temperature_C above upper limit; vibration_mm_s above upper limit
2026-05-20 04:00:00,DMS-01,37.7,87.0,1.0,21,Critical,motor_current_A above upper limit; oil_temperature_C above upper limit; vibration_mm_s trending high
2026-05-20 08:00:00,DMS-01,40.2,83.9,1.0,26,Critical,motor_current_A above upper limit; oil_temperature_C above upper limit; vibration_mm_s above upper limit
2026-05-20 12:00:00,DMS-01,38.7,85.4,1.0,26,Critical,motor_current_A trending high; oil_temperature_C above upper limit; vibration_mm_s trending high
2026-05-20 16:00:00,DMS-01,39.7,82.6,1.0,24,Critical,motor_current_A trending high; oil_temperature_C above upper limit; vibration_mm_s trending high
2026-05-20 20:00:00,DMS-01,38.2,84.2,1.0,30,Critical,motor_current_A trending high; oil_temperature_C above upper limit; vibration_mm_s trending high
2026-05-21 00:00:00,DMS-01,36.0,86.7,1.0,23,Critical,motor_current_A trending high; oil_temperature_C above upper limit; vibration_mm_s trending high
2026-05-21 04:00:00,DMS-01,36.9,86.9,1.0,16,Critical,motor_current_A trending high; oil_temperature_C above upper limit; vibration_mm_s trending high
2026-05-21 08:00:00,DMS-01,37.3,83.8,1.0,35,Critical,motor_current_A trending high; oil_temperature_C above upper limit; vibration_mm_s trending high
2026-05-21 12:00:00,DMS-01,38.7,82.5,1.0,28,Critical,motor_current_A trending high; oil_temperature_C above upper limit; vibration_mm_s trending high
2026-05-21 16:00:00,DMS-01,39.0,82.3,1.0,29,Critical,motor_current_A trending high; oil_temperature_C above upper limit; vibration_mm_s trending high
2026-05-21 20:00:00,DMS-01,38.4,86.4,1.0,25,Critical,motor_current_A trending high; oil_temperature_C above upper limit; vibration_mm_s trending high
2026-05-22 00:00:00,DMS-01,37.1,85.9,1.0,25,Critical,motor_current_A trending high; oil_temperature_C above upper limit; vibration_mm_s trending high
2026-05-22 04:00:00,DMS-01,37.0,88.8,1.0,15,Critical,motor_current_A trending high; oil_temperature_C trending high; vibration_mm_s trending high
2026-05-22 08:00:00,DMS-01,38.0,87.2,1.0,16,Critical,motor_current_A trending high; oil_temperature_C above upper limit; vibration_mm_s trending high
2026-05-22 12:00:00,DMS-01,39.3,85.5,1.0,28,Critical,motor_current_A above upper limit; oil_temperature_C above upper limit; vibration_mm_s trending high
2026-05-22 16:00:00,DMS-01,36.8,84.7,1.0,27,Critical,motor_current_A trending high; oil_temperature_C trending high; vibration_mm_s trending high
2026-05-22 20:00:00,DMS-01,38.8,85.5,1.0,24,Critical,motor_current_A trending high; oil_temperature_C above upper limit; vibration_mm_s trending high
2026-05-23 00:00:00,DMS-01,37.2,86.3,1.0,26,Critical,motor_current_A above upper limit; oil_temperature_C trending high; vibration_mm_s above upper limit
2026-05-23 04:00:00,DMS-01,39.7,84.3,1.0,27,Critical,motor_current_A trending high; oil_temperature_C above upper limit; vibration_mm_s above upper limit
2026-05-23 08:00:00,DMS-01,39.6,85.6,1.0,21,Critical,motor_current_A trending high; oil_temperature_C above upper limit; vibration_mm_s trending high
2026-05-23 12:00:00,DMS-01,35.1,90.6,1.0,20,Critical,motor_current_A trending high; oil_temperature_C above upper limit; vibration_mm_s above upper limit
2026-05-23 16:00:00,DMS-01,38.9,87.8,1.0,20,Critical,motor_current_A above upper limit; oil_temperature_C above upper limit; vibration_mm_s trending high
2026-05-23 20:00:00,DMS-01,38.6,88.3,1.0,20,Critical,motor_current_A above upper limit; oil_temperature_C above upper limit; vibration_mm_s trending high
2026-05-24 00:00:00,DMS-01,41.8,84.6,1.0,25,Critical,motor_current_A above upper limit; oil_temperature_C above upper limit; vibration_mm_s trending high
2026-05-24 04:00:00,DMS-01,38.4,86.2,1.0,19,Critical,motor_current_A above upper limit; oil_temperature_C above upper limit; vibration_mm_s above upper limit
2026-05-24 08:00:00,DMS-01,38.1,86.7,1.0,21,Critical,motor_current_A above upper limit; oil_temperature_C above upper limit; vibration_mm_s above upper limit
2026-05-24 12:00:00,DMS-01,37.8,85.9,1.0,21,Critical,motor_current_A above upper limit; oil_temperature_C above upper limit; vibration_mm_s above upper limit
2026-05-24 16:00:00,DMS-01,37.5,87.5,1.0,24,Critical,motor_current_A above upper limit; oil_temperature_C above upper limit; vibration_mm_s above upper limit
2026-05-24 20:00:00,DMS-01,40.5,85.0,1.0,27,Critical,motor_current_A trending high; oil_temperature_C above upper limit; vibration_mm_s above upper limit
2026-05-25 00:00:00,DMS-01,37.4,85.5,1.0,25,Critical,motor_current_A above upper limit; oil_temperature_C above upper limit; vibration_mm_s above upper limit
2026-05-25 04:00:00,DMS-01,39.7,82.8,1.0,28,Critical,motor_current_A trending high; oil_temperature_C above upper limit; vibration_mm_s above upper limit
2026-05-25 08:00:00,DMS-01,36.7,85.7,1.0,23,Critical,motor_current_A above upper limit; oil_temperature_C above upper limit; vibration_mm_s above upper limit
2026-05-25 12:00:00,DMS-01,39.9,84.0,1.0,24,Critical,motor_current_A trending high; oil_temperature_C above upper limit; vibration_mm_s trending high
2026-05-25 16:00:00,DMS-01,37.0,85.7,1.0,26,Critical,motor_current_A above upper limit; oil_temperature_C above upper limit; vibration_mm_s above upper limit
2026-05-25 20:00:00,DMS-01,37.2,85.7,1.0,22,Critical,motor_current_A above upper limit; oil_temperature_C above upper limit; vibration_mm_s above upper limit
2026-05-26 00:00:00,DMS-01,36.1,89.5,1.0,21,Critical,motor_current_A above upper limit; oil_temperature_C above upper limit; vibration_mm_s trending high
2026-05-26 04:00:00,DMS-01,40.1,82.8,1.0,23,Critical,motor_current_A trending high; oil_temperature_C above upper limit; vibration_mm_s above upper limit
2026-05-26 08:00:00,DMS-01,37.7,85.0,1.0,29,Critical,motor_current_A above upper limit; oil_temperature_C above upper limit; vibration_mm_s above upper limit
2026-05-26 12:00:00,DMS-01,35.9,87.4,1.0,18,Critical,motor_current_A trending high; oil_temperature_C above upper limit; vibration_mm_s above upper limit
2026-05-26 16:00:00,DMS-01,38.9,86.7,1.0,25,Critical,motor_current_A trending high; oil_temperature_C above upper limit; vibration_mm_s trending high
2026-05-26 20:00:00,DMS-01,39.9,87.3,1.0,22,Critical,motor_current_A above upper limit; oil_temperature_C above upper limit; vibration_mm_s above upper limit
2026-05-27 00:00:00,DMS-01,37.5,85.1,1.0,19,Critical,motor_current_A above upper limit; oil_temperature_C above upper limit; vibration_mm_s trending high
2026-05-27 04:00:00,DMS-01,40.8,83.6,1.0,32,Critical,motor_current_A trending high; oil_temperature_C above upper limit; vibration_mm_s trending high
2026-05-27 08:00:00,DMS-01,40.7,86.2,1.0,22,Critical,motor_current_A above upper limit; oil_temperature_C above upper limit; vibration_mm_s trending high
2026-05-27 12:00:00,DMS-01,34.8,87.2,1.0,23,Critical,motor_current_A above upper limit; oil_temperature_C above upper limit; vibration_mm_s trending high
2026-05-27 16:00:00,DMS-01,40.2,84.7,1.0,29,Critical,motor_current_A above upper limit; oil_temperature_C above upper limit; vibration_mm_s trending high
2026-05-27 20:00:00,DMS-01,38.3,86.6,1.0,21,Critical,motor_current_A trending high; oil_temperature_C above upper limit; vibration_mm_s above upper limit
2026-05-28 00:00:00,DMS-01,40.0,87.3,1.0,20,Critical,motor_current_A trending high; oil_temperature_C above upper limit; vibration_mm_s trending high
2026-05-28 04:00:00,DMS-01,35.2,86.3,1.0,23,Critical,motor_current_A above upper limit; oil_temperature_C above upper limit; vibration_mm_s trending high
2026-05-28 08:00:00,DMS-01,38.9,84.4,1.0,26,Critical,motor_current_A trending high; oil_temperature_C above upper limit; vibration_mm_s trending high
2026-05-28 12:00:00,DMS-01,41.1,82.8,1.0,28,Critical,motor_current_A trending high; oil_temperature_C above upper limit; vibration_mm_s trending high
2026-05-28 16:00:00,DMS-01,36.1,87.4,1.0,24,Critical,motor_current_A trending high; oil_temperature_C above upper limit; vibration_mm_s trending high
2026-05-28 20:00:00,DMS-01,36.6,86.6,1.0,15,Critical,motor_current_A trending high; oil_temperature_C above upper limit; vibration_mm_s trending high
2026-05-29 00:00:00,DMS-01,40.2,84.9,1.0,25,Critical,motor_current_A trending high; oil_temperature_C above upper limit; vibration_mm_s trending high
2026-05-29 04:00:00,DMS-01,40.7,81.7,1.0,29,Critical,motor_current_A trending high; oil_temperature_C above upper limit; vibration_mm_s trending high
2026-05-29 08:00:00,DMS-01,37.3,89.8,1.0,15,Critical,motor_current_A trending high; oil_temperature_C above upper limit; vibration_mm_s trending high
2026-05-29 12:00:00,DMS-01,35.8,86.4,1.0,10,Critical,motor_current_A trending high; oil_temperature_C above upper limit; vibration_mm_s trending high
2026-05-29 16:00:00,DMS-01,40.2,85.2,1.0,23,Critical,motor_current_A trending high; oil_temperature_C above upper limit; vibration_mm_s trending high
2026-05-29 20:00:00,DMS-01,40.5,84.5,1.0,31,Critical,motor_current_A trending high; oil_temperature_C above upper limit; vibration_mm_s trending high
2026-05-30 00:00:00,DMS-01,40.1,83.0,1.0,24,Critical,motor_current_A above upper limit; oil_temperature_C above upper limit; vibration_mm_s trending high
2026-05-30 04:00:00,DMS-01,37.3,86.1,1.0,32,Critical,motor_current_A trending high; oil_temperature_C above upper limit; vibration_mm_s trending high
2026-05-30 08:00:00,DMS-01,38.7,85.8,1.0,22,Critical,motor_current_A trending high; oil_temperature_C above upper limit; vibration_mm_s trending high
2026-05-30 12:00:00,DMS-01,40.2,83.5,1.0,19,Critical,motor_current_A trending high; oil_temperature_C above upper limit; vibration_mm_s trending high
2026-05-30 16:00:00,DMS-01,36.8,89.6,1.0,13,Critical,motor_current_A trending high; oil_temperature_C above upper limit; vibration_mm_s trending high
2026-05-30 20:00:00,DMS-01,39.9,85.7,1.0,23,Critical,motor_current_A trending high; oil_temperature_C above upper limit; vibration_mm_s trending high
2026-05-31 00:00:00,DMS-01,40.7,82.7,1.0,31,Critical,motor_current_A trending high; oil_temperature_C above upper limit; vibration_mm_s above upper limit
2026-05-31 04:00:00,DMS-01,41.6,81.3,1.0,25,Critical,motor_current_A above upper limit; oil_temperature_C above upper limit; vibration_mm_s trending high
2026-05-31 08:00:00,DMS-01,35.6,88.5,1.0,15,Critical,motor_current_A above upper limit; oil_temperature_C above upper limit; vibration_mm_s above upper limit
2026-05-31 12:00:00,DMS-01,35.5,87.7,1.0,19,Critical,motor_current_A above upper limit; oil_temperature_C above upper limit; vibration_mm_s above upper limit
2026-05-31 16:00:00,DMS-01,37.4,86.6,1.0,15,Critical,motor_current_A trending high; oil_temperature_C above upper limit; vibration_mm_s above upper limit
2026-05-31 20:00:00,DMS-01,39.1,84.3,1.0,16,Critical,motor_current_A above upper limit; oil_temperature_C above upper limit; vibration_mm_s above upper limit
2026-06-01 00:00:00,DMS-01,37.6,86.2,1.0,23,Critical,motor_current_A above upper limit; oil_temperature_C above upper limit; vibration_mm_s above upper limit
2026-06-01 04:00:00,DMS-01,35.5,87.3,1.0,17,Critical,motor_current_A above upper limit; oil_temperature_C above upper limit; vibration_mm_s above upper limit
2026-06-01 08:00:00,DMS-01,38.6,84.1,1.0,23,Critical,motor_current_A above upper limit; oil_temperature_C above upper limit; vibration_mm_s above upper limit
2026-06-01 12:00:00,DMS-01,35.6,88.2,1.0,21,Critical,motor_current_A above upper limit; oil_temperature_C above upper limit; vibration_mm_s above upper limit
2026-06-01 16:00:00,DMS-01,39.8,86.5,1.0,19,Critical,motor_current_A above upper limit; oil_temperature_C above upper limit; vibration_mm_s above upper limit
2026-06-01 20:00:00,DMS-01,39.5,84.4,1.0,17,Critical,motor_current_A above upper limit; oil_temperature_C above upper limit; vibration_mm_s above upper limit
2026-06-02 00:00:00,DMS-01,38.7,86.3,1.0,25,Critical,motor_current_A above upper limit; oil_temperature_C above upper limit; vibration_mm_s above upper limit
2026-06-02 04:00:00,DMS-01,37.3,86.8,1.0,27,Critical,motor_current_A above upper limit; oil_temperature_C above upper limit; vibration_mm_s above upper limit
2026-06-02 08:00:00,DMS-01,36.5,86.0,1.0,21,Critical,motor_current_A above upper limit; oil_temperature_C above upper limit; vibration_mm_s above upper limit
2026-06-02 12:00:00,DMS-01,38.2,83.3,1.0,26,Critical,motor_current_A above upper limit; oil_temperature_C above upper limit; vibration_mm_s above upper limit
2026-06-02 16:00:00,DMS-01,39.1,83.3,1.0,20,Critical,motor_current_A above upper limit; oil_temperature_C above upper limit; vibration_mm_s above upper limit
2026-06-02 20:00:00,DMS-01,36.8,86.3,1.0,22,Critical,motor_current_A above upper limit; oil_temperature_C above upper limit; vibration_mm_s above upper limit
2026-06-03 00:00:00,DMS-01,35.5,86.9,1.0,23,Critical,motor_current_A trending high; oil_temperature_C above upper limit; vibration_mm_s above upper limit
2026-06-03 04:00:00,DMS-01,36.5,85.7,1.0,23,Critical,motor_current_A above upper limit; oil_temperature_C above upper limit; vibration_mm_s above upper limit
2026-06-03 08:00:00,DMS-01,35.2,89.5,1.0,9,Critical,motor_current_A trending high; oil_temperature_C above upper limit; vibration_mm_s above upper limit
2026-06-03 12:00:00,DMS-01,39.1,87.8,1.0,13,Critical,motor_current_A above upper limit; oil_temperature_C above upper limit; vibration_mm_s above upper limit
2026-06-03 16:00:00,DMS-01,39.3,84.4,1.0,15,Critical,motor_current_A trending high; oil_temperature_C above upper limit; vibration_mm_s trending high
2026-06-03 20:00:00,DMS-01,35.0,90.2,1.0,14,Critical,motor_current_A above upper limit; oil_temperature_C above upper limit; vibration_mm_s above upper limit
2026-06-04 00:00:00,DMS-01,37.2,86.7,1.0,17,Critical,motor_current_A above upper limit; oil_temperature_C above upper limit; vibration_mm_s trending high
2026-06-04 04:00:00,DMS-01,37.7,84.1,1.0,25,Critical,motor_current_A above upper limit; oil_temperature_C above upper limit; vibration_mm_s above upper limit
2026-06-04 08:00:00,DMS-01,37.6,88.7,1.0,15,Critical,motor_current_A trending high; oil_temperature_C above upper limit; vibration_mm_s trending high
2026-06-04 12:00:00,DMS-01,40.8,85.6,1.0,18,Critical,motor_current_A trending high; oil_temperature_C above upper limit; vibration_mm_s trending high
2026-06-04 16:00:00,DMS-01,40.9,82.7,1.0,29,Critical,motor_current_A trending high; oil_temperature_C above upper limit; vibration_mm_s trending high
2026-06-04 20:00:00,DMS-01,42.3,81.0,1.0,24,Critical,motor_current_A trending high; oil_temperature_C above upper limit; vibration_mm_s above upper limit
2026-06-05 00:00:00,DMS-01,39.7,83.2,1.0,20,Critical,motor_current_A trending high; oil_temperature_C above upper limit; vibration_mm_s trending high
2026-06-05 04:00:00,DMS-01,40.8,82.5,1.0,26,Critical,motor_current_A trending high; oil_temperature_C trending high; vibration_mm_s above upper limit
2026-06-05 08:00:00,DMS-01,38.4,82.6,1.0,27,Critical,motor_current_A trending high; oil_temperature_C above upper limit; vibration_mm_s trending high
2026-06-05 12:00:00,DMS-01,33.3,87.1,1.0,14,Critical,motor_current_A trending high; oil_temperature_C above upper limit; vibration_mm_s trending high
2026-06-05 16:00:00,DMS-01,38.8,85.8,1.0,22,Critical,motor_current_A trending high; oil_temperature_C above upper limit; vibration_mm_s trending high
2026-06-05 20:00:00,DMS-01,36.1,87.2,1.0,19,Critical,motor_current_A trending high; oil_temperature_C above upper limit; vibration_mm_s above upper limit
2026-06-06 00:00:00,DMS-01,37.8,85.2,1.0,15,Critical,motor_current_A trending high; oil_temperature_C trending high; vibration_mm_s trending high
2026-06-06 04:00:00,DMS-01,35.2,86.6,1.0,15,Critical,motor_current_A trending high; oil_temperature_C above upper limit; vibration_mm_s trending high
2026-06-06 08:00:00,DMS-01,36.8,87.4,1.0,22,Critical,motor_current_A trending high; oil_temperature_C above upper limit; vibration_mm_s above upper limit
2026-06-06 12:00:00,DMS-01,37.7,85.3,1.0,26,Critical,motor_current_A above upper limit; oil_temperature_C above upper limit; vibration_mm_s above upper limit
2026-06-06 16:00:00,DMS-01,39.1,85.2,1.0,21,Critical,motor_current_A trending high; oil_temperature_C above upper limit; vibration_mm_s trending high
2026-06-06 20:00:00,DMS-01,37.6,86.2,1.0,23,Critical,motor_current_A trending high; oil_temperature_C above upper limit; vibration_mm_s trending high
2026-06-07 00:00:00,DMS-01,37.5,86.1,1.0,21,Critical,motor_current_A trending high; oil_temperature_C above upper limit; vibration_mm_s above upper limit
2026-06-07 04:00:00,DMS-01,41.8,82.9,1.0,19,Critical,motor_current_A above upper limit; oil_temperature_C above upper limit; vibration_mm_s trending high
2026-06-07 08:00:00,DMS-01,38.4,84.7,1.0,23,Critical,motor_current_A above upper limit; oil_temperature_C above upper limit; vibration_mm_s above upper limit
2026-06-07 12:00:00,DMS-01,37.3,89.2,1.0,9,Critical,motor_current_A above upper limit; oil_temperature_C above upper limit; vibration_mm_s above upper limit
2026-06-07 16:00:00,DMS-01,37.3,84.2,1.0,17,Critical,motor_current_A above upper limit; oil_temperature_C above upper limit; vibration_mm_s trending high
2026-06-07 20:00:00,DMS-01,40.9,84.8,1.0,21,Critical,motor_current_A above upper limit; oil_temperature_C above upper limit; vibration_mm_s trending high
2026-06-08 00:00:00,DMS-01,38.6,85.8,1.0,16,Critical,motor_current_A above upper limit; oil_temperature_C above upper limit; vibration_mm_s above upper limit
2026-06-08 04:00:00,DMS-01,38.6,85.9,1.0,30,Critical,motor_current_A trending high; oil_temperature_C above upper limit; vibration_mm_s trending high
2026-06-08 08:00:00,DMS-01,39.2,87.8,1.0,17,Critical,motor_current_A above upper limit; oil_temperature_C above upper limit; vibration_mm_s trending high
2026-06-08 12:00:00,DMS-01,37.7,87.1,1.0,11,Critical,motor_current_A above upper limit; oil_temperature_C above upper limit; vibration_mm_s above upper limit
2026-06-08 16:00:00,DMS-01,39.9,81.1,1.0,32,Critical,motor_current_A above upper limit; oil_temperature_C above upper limit; vibration_mm_s above upper limit
2026-06-08 20:00:00,DMS-01,39.8,85.2,1.0,26,Critical,motor_current_A above upper limit; oil_temperature_C above upper limit; vibration_mm_s above upper limit
2026-06-09 00:00:00,DMS-01,42.1,83.4,1.0,19,Critical,motor_current_A above upper limit; oil_temperature_C above upper limit; vibration_mm_s above upper limit
2026-06-09 04:00:00,DMS-01,36.8,85.6,1.0,21,Critical,motor_current_A above upper limit; oil_temperature_C above upper limit; vibration_mm_s above upper limit
2026-06-09 08:00:00,DMS-01,39.5,85.7,1.0,24,Critical,motor_current_A above upper limit; oil_temperature_C above upper limit; vibration_mm_s above upper limit
2026-06-09 12:00:00,DMS-01,36.9,89.2,1.0,18,Critical,motor_current_A above upper limit; oil_temperature_C above upper limit; vibration_mm_s above upper limit
2026-06-09 16:00:00,DMS-01,38.5,85.1,1.0,22,Critical,motor_current_A above upper limit; oil_temperature_C above upper limit; vibration_mm_s above upper limit
2026-06-09 20:00:00,DMS-01,41.6,83.5,1.0,23,Critical,motor_current_A above upper limit; oil_temperature_C above upper limit; vibration_mm_s above upper limit
2026-06-10 00:00:00,DMS-01,35.5,86.4,1.0,17,Critical,motor_current_A above upper limit; oil_temperature_C above upper limit; vibration_mm_s above upper limit
2026-06-10 04:00:00,DMS-01,37.5,87.7,1.0,20,Critical,motor_current_A above upper limit; oil_temperature_C above upper limit; vibration_mm_s above upper limit
2026-06-10 08:00:00,DMS-01,38.8,85.3,1.0,20,Critical,motor_current_A above upper limit; oil_temperature_C above upper limit; vibration_mm_s above upper limit
2026-06-10 12:00:00,DMS-01,37.5,87.3,1.0,16,Critical,motor_current_A above upper limit; oil_temperature_C above upper limit; vibration_mm_s above upper limit
2026-06-10 16:00:00,DMS-01,42.0,80.9,1.0,21,Critical,motor_current_A above upper limit; oil_temperature_C above upper limit; vibration_mm_s above upper limit
2026-06-10 20:00:00,DMS-01,38.3,87.4,1.0,8,Critical,motor_current_A above upper limit; oil_temperature_C above upper limit; vibration_mm_s above upper limit
2026-06-11 00:00:00,DMS-01,38.1,86.6,1.0,20,Critical,motor_current_A trending high; oil_temperature_C above upper limit; vibration_mm_s above upper limit
2026-06-11 04:00:00,DMS-01,40.6,83.5,1.0,18,Critical,motor_current_A trending high; oil_temperature_C above upper limit; vibration_mm_s above upper limit
2026-06-11 08:00:00,DMS-01,37.7,87.4,1.0,16,Critical,motor_current_A above upper limit; oil_temperature_C above upper limit; vibration_mm_s above upper limit
2026-06-11 12:00:00,DMS-01,36.0,86.8,1.0,16,Critical,motor_current_A trending high; oil_temperature_C above upper limit; vibration_mm_s trending high
2026-06-11 16:00:00,DMS-01,38.1,88.3,1.0,11,Critical,motor_current_A trending high; oil_temperature_C above upper limit; vibration_mm_s trending high
2026-06-11 20:00:00,DMS-01,38.1,84.8,1.0,21,Critical,motor_current_A trending high; oil_temperature_C above upper limit; vibration_mm_s trending high
2026-06-12 00:00:00,DMS-01,40.2,85.7,1.0,26,Critical,motor_current_A trending high; oil_temperature_C above upper limit; vibration_mm_s above upper limit
2026-06-12 04:00:00,DMS-01,38.7,89.6,1.0,7,Critical,motor_current_A trending high; oil_temperature_C above upper limit; vibration_mm_s trending high
2026-06-12 08:00:00,DMS-01,37.3,85.6,1.0,16,Critical,motor_current_A trending high; oil_temperature_C above upper limit; vibration_mm_s trending high
2026-06-12 12:00:00,DMS-01,36.7,88.8,1.0,8,Critical,motor_current_A trending high; oil_temperature_C above upper limit; vibration_mm_s trending high
2026-06-12 16:00:00,DMS-01,31.6,91.2,1.0,10,Critical,motor_current_A above upper limit; oil_temperature_C above upper limit; vibration_mm_s trending high
2026-06-12 20:00:00,DMS-01,36.3,86.2,1.0,21,Critical,motor_current_A trending high; oil_temperature_C above upper limit; vibration_mm_s trending high
2026-06-13 00:00:00,DMS-01,40.2,84.8,1.0,23,Critical,motor_current_A trending high; oil_temperature_C above upper limit; vibration_mm_s trending high
2026-06-13 04:00:00,DMS-01,39.4,81.0,1.0,30,Critical,motor_current_A trending high; oil_temperature_C above upper limit; vibration_mm_s trending high
2026-06-13 08:00:00,DMS-01,36.0,86.8,1.0,15,Critical,motor_current_A trending high; oil_temperature_C above upper limit; vibration_mm_s trending high
2026-06-13 12:00:00,DMS-01,35.2,85.8,1.0,28,Critical,motor_current_A trending high; oil_temperature_C above upper limit; vibration_mm_s trending high
2026-06-13 16:00:00,DMS-01,39.5,84.0,1.0,29,Critical,motor_current_A trending high; oil_temperature_C above upper limit; vibration_mm_s trending high
2026-06-13 20:00:00,DMS-01,38.8,85.6,1.0,16,Critical,motor_current_A trending high; oil_temperature_C above upper limit; vibration_mm_s trending high
2026-06-14 00:00:00,DMS-01,37.5,84.9,1.0,26,Critical,motor_current_A above upper limit; oil_temperature_C above upper limit; vibration_mm_s trending high
2026-06-14 04:00:00,DMS-01,37.9,84.7,1.0,17,Critical,motor_current_A above upper limit; oil_temperature_C above upper limit; vibration_mm_s above upper limit
2026-06-14 08:00:00,DMS-01,38.4,86.8,1.0,10,Critical,motor_current_A trending high; oil_temperature_C above upper limit; vibration_mm_s trending high
2026-06-14 12:00:00,DMS-01,38.4,86.1,1.0,24,Critical,motor_current_A trending high; oil_temperature_C above upper limit; vibration_mm_s above upper limit
2026-06-14 16:00:00,DMS-01,38.2,83.6,1.0,25,Critical,motor_current_A trending high; oil_temperature_C above upper limit; vibration_mm_s trending high
2026-06-14 20:00:00,DMS-01,40.2,85.9,1.0,23,Critical,motor_current_A trending high; oil_temperature_C above upper limit; vibration_mm_s above upper limit
2026-06-15 00:00:00,DMS-01,37.6,86.6,1.0,17,Critical,motor_current_A above upper limit; oil_temperature_C above upper limit; vibration_mm_s above upper limit
2026-06-15 04:00:00,DMS-01,38.2,85.9,1.0,24,Critical,motor_current_A trending high; oil_temperature_C above upper limit; vibration_mm_s above upper limit
2026-06-15 08:00:00,DMS-01,40.4,81.9,1.0,26,Critical,motor_current_A above upper limit; oil_temperature_C above upper limit; vibration_mm_s above upper limit
2026-06-15 12:00:00,DMS-01,38.5,84.8,1.0,19,Critical,motor_current_A above upper limit; oil_temperature_C above upper limit; vibration_mm_s trending high
2026-06-15 16:00:00,DMS-01,35.6,88.6,1.0,12,Critical,motor_current_A above upper limit; oil_temperature_C above upper limit; vibration_mm_s above upper limit
2026-06-15 20:00:00,DMS-01,36.2,87.6,1.0,15,Critical,motor_current_A above upper limit; oil_temperature_C above upper limit; vibration_mm_s above upper limit
2026-06-16 00:00:00,DMS-01,39.1,83.8,1.0,22,Critical,motor_current_A above upper limit; oil_temperature_C above upper limit; vibration_mm_s above upper limit
2026-06-16 04:00:00,DMS-01,39.8,83.5,1.0,24,Critical,motor_current_A above upper limit; oil_temperature_C above upper limit; vibration_mm_s above upper limit
2026-06-16 08:00:00,DMS-01,40.0,82.0,1.0,35,Critical,motor_current_A above upper limit; oil_temperature_C above upper limit; vibration_mm_s above upper limit
2026-06-16 12:00:00,DMS-01,40.1,85.6,1.0,19,Critical,motor_current_A above upper limit; oil_temperature_C above upper limit; vibration_mm_s above upper limit
2026-06-16 16:00:00,DMS-01,40.0,85.3,1.0,24,Critical,motor_current_A above upper limit; oil_temperature_C above upper limit; vibration_mm_s above upper limit
2026-06-16 20:00:00,DMS-01,37.7,84.2,1.0,16,Critical,motor_current_A above upper limit; oil_temperature_C above upper limit; vibration_mm_s above upper limit
2026-06-17 00:00:00,DMS-01,41.0,84.2,1.0,21,Critical,motor_current_A above upper limit; oil_temperature_C above upper limit; vibration_mm_s above upper limit
2026-06-17 04:00:00,DMS-01,34.8,88.4,1.0,11,Critical,motor_current_A above upper limit; oil_temperature_C above upper limit; vibration_mm_s trending high
2026-06-17 08:00:00,DMS-01,39.1,85.2,1.0,19,Critical,motor_current_A above upper limit; oil_temperature_C above upper limit; vibration_mm_s above upper limit
2026-06-17 12:00:00,DMS-01,37.7,87.4,1.0,18,Critical,motor_current_A above upper limit; oil_temperature_C above upper limit; vibration_mm_s above upper limit
2026-06-17 16:00:00,DMS-01,38.7,87.4,1.0,6,Critical,motor_current_A above upper limit; oil_temperature_C above upper limit; vibration_mm_s above upper limit
2026-06-17 20:00:00,DMS-01,39.4,86.0,1.0,28,Critical,motor_current_A trending high; oil_temperature_C above upper limit; vibration_mm_s above upper limit
2026-06-18 00:00:00,DMS-01,34.9,85.8,1.0,24,Critical,motor_current_A above upper limit; oil_temperature_C above upper limit; vibration_mm_s above upper limit
2026-06-18 04:00:00,DMS-01,40.5,83.6,1.0,24,Critical,motor_current_A above upper limit; oil_temperature_C above upper limit; vibration_mm_s above upper limit
2026-06-18 08:00:00,DMS-01,34.7,86.3,1.0,16,Critical,motor_current_A above upper limit; oil_temperature_C above upper limit; vibration_mm_s above upper limit
2026-06-18 12:00:00,DMS-01,41.0,82.9,1.0,19,Critical,motor_current_A above upper limit; oil_temperature_C above upper limit; vibration_mm_s above upper limit
2026-06-18 16:00:00,DMS-01,42.2,81.8,1.0,20,Critical,motor_current_A above upper limit; oil_temperature_C above upper limit; vibration_mm_s above upper limit
2026-06-18 20:00:00,DMS-01,36.8,86.3,1.0,21,Critical,motor_current_A trending high; oil_temperature_C above upper limit; vibration_mm_s above upper limit
2026-06-19 00:00:00,DMS-01,37.2,87.7,1.0,15,Critical,motor_current_A trending high; oil_temperature_C above upper limit; vibration_mm_s above upper limit
2026-06-19 04:00:00,DMS-01,36.9,85.1,1.0,17,Critical,motor_current_A trending high; oil_temperature_C above upper limit; vibration_mm_s trending high
2026-06-19 08:00:00,DMS-01,40.3,87.0,1.0,19,Critical,motor_current_A trending high; oil_temperature_C above upper limit; vibration_mm_s trending high
2026-06-19 12:00:00,DMS-01,36.9,87.4,1.0,18,Critical,motor_current_A trending high; oil_temperature_C above upper limit; vibration_mm_s above upper limit
2026-06-19 16:00:00,DMS-01,40.1,81.7,1.0,27,Critical,motor_current_A trending high; oil_temperature_C above upper limit; vibration_mm_s trending high
2026-06-19 20:00:00,DMS-01,36.2,87.4,1.0,10,Critical,motor_current_A above upper limit; oil_temperature_C trending high; vibration_mm_s trending high
2026-06-20 00:00:00,DMS-01,37.5,85.9,1.0,22,Critical,motor_current_A trending high; oil_temperature_C above upper limit; vibration_mm_s trending high
2026-06-20 04:00:00,DMS-01,39.4,87.4,1.0,20,Critical,motor_current_A trending high; oil_temperature_C trending high; vibration_mm_s trending high
2026-06-20 08:00:00,DMS-01,39.0,85.5,1.0,27,Critical,motor_current_A trending high; oil_temperature_C above upper limit; vibration_mm_s trending high
2026-06-20 12:00:00,DMS-01,38.9,85.2,1.0,19,Critical,motor_current_A trending high; oil_temperature_C above upper limit; vibration_mm_s trending high
2026-06-20 16:00:00,DMS-01,36.7,86.0,1.0,23,Critical,motor_current_A trending high; oil_temperature_C above upper limit; vibration_mm_s trending high
2026-06-20 20:00:00,DMS-01,42.2,84.2,1.0,27,Critical,motor_current_A trending high; oil_temperature_C above upper limit; vibration_mm_s trending high
2026-06-21 00:00:00,DMS-01,37.7,86.5,1.0,14,Critical,motor_current_A trending high; oil_temperature_C above upper limit; vibration_mm_s trending high
2026-06-21 04:00:00,DMS-01,39.6,86.1,1.0,15,Critical,motor_current_A trending high; oil_temperature_C above upper limit; vibration_mm_s trending high
2026-06-21 08:00:00,DMS-01,37.5,88.9,1.0,13,Critical,motor_current_A trending high; oil_temperature_C above upper limit; vibration_mm_s trending high
2026-06-21 12:00:00,DMS-01,35.6,87.6,1.0,15,Critical,motor_current_A trending high; oil_temperature_C above upper limit; vibration_mm_s trending high
2026-06-21 16:00:00,DMS-01,36.7,90.4,1.0,13,Critical,motor_current_A above upper limit; oil_temperature_C above upper limit; vibration_mm_s trending high
2026-06-21 20:00:00,DMS-01,37.9,86.1,1.0,17,Critical,motor_current_A trending high; oil_temperature_C above upper limit; vibration_mm_s above upper limit
2026-06-22 00:00:00,DMS-01,40.2,84.5,1.0,24,Critical,motor_current_A trending high; oil_temperature_C above upper limit; vibration_mm_s trending high
2026-06-22 04:00:00,DMS-01,39.1,85.5,1.0,15,Critical,motor_current_A trending high; oil_temperature_C above upper limit; vibration_mm_s above upper limit
2026-06-22 08:00:00,DMS-01,36.9,85.9,1.0,17,Critical,motor_current_A trending high; oil_temperature_C above upper limit; vibration_mm_s above upper limit
2026-06-22 12:00:00,DMS-01,38.8,86.2,1.0,15,Critical,motor_current_A trending high; oil_temperature_C above upper limit; vibration_mm_s trending high
2026-06-22 16:00:00,DMS-01,36.0,87.0,1.0,17,Critical,motor_current_A above upper limit; oil_temperature_C above upper limit; vibration_mm_s trending high
2026-06-22 20:00:00,DMS-01,34.3,90.4,1.0,5,Critical,motor_current_A trending high; oil_temperature_C above upper limit; vibration_mm_s above upper limit
2026-06-23 00:00:00,DMS-01,37.2,87.8,1.0,16,Critical,motor_current_A above upper limit; oil_temperature_C above upper limit; vibration_mm_s above upper limit
2026-06-23 04:00:00,DMS-01,35.2,88.5,1.0,11,Critical,motor_current_A above upper limit; oil_temperature_C above upper limit; vibration_mm_s above upper limit
2026-06-23 08:00:00,DMS-01,38.9,87.1,1.0,17,Critical,motor_current_A above upper limit; oil_temperature_C above upper limit; vibration_mm_s trending high
2026-06-23 12:00:00,DMS-01,38.7,85.9,1.0,20,Critical,motor_current_A above upper limit; oil_temperature_C above upper limit; vibration_mm_s above upper limit
2026-06-23 16:00:00,DMS-01,38.7,83.1,1.0,21,Critical,motor_current_A trending high; oil_temperature_C above upper limit; vibration_mm_s above upper limit
2026-06-23 20:00:00,DMS-01,40.3,87.4,1.0,15,Critical,motor_current_A above upper limit; oil_temperature_C above upper limit; vibration_mm_s above upper limit
2026-06-24 00:00:00,DMS-01,36.7,86.5,1.0,19,Critical,motor_current_A above upper limit; oil_temperature_C above upper limit; vibration_mm_s above upper limit
2026-06-24 04:00:00,DMS-01,39.6,83.8,1.0,17,Critical,motor_current_A above upper limit; oil_temperature_C above upper limit; vibration_mm_s above upper limit
2026-06-24 08:00:00,DMS-01,45.2,81.8,1.0,27,Critical,motor_current_A above upper limit; oil_temperature_C above upper limit; vibration_mm_s above upper limit
2026-06-24 12:00:00,DMS-01,38.3,87.6,1.0,20,Critical,motor_current_A above upper limit; oil_temperature_C above upper limit; vibration_mm_s above upper limit
2026-06-24 16:00:00,DMS-01,39.1,86.3,1.0,15,Critical,motor_current_A above upper limit; oil_temperature_C above upper limit; vibration_mm_s above upper limit
2026-06-24 20:00:00,DMS-01,36.0,85.7,1.0,18,Critical,motor_current_A trending high; oil_temperature_C above upper limit; vibration_mm_s above upper limit
2026-06-25 00:00:00,DMS-01,38.6,84.9,1.0,22,Critical,motor_current_A above upper limit; oil_temperature_C above upper limit; vibration_mm_s above upper limit
2026-06-25 04:00:00,DMS-01,39.2,86.6,1.0,14,Critical,motor_current_A above upper limit; oil_temperature_C above upper limit; vibration_mm_s above upper limit
2026-06-25 08:00:00,DMS-01,36.6,86.8,1.0,15,Critical,motor_current_A above upper limit; oil_temperature_C above upper limit; vibration_mm_s above upper limit
2026-06-25 12:00:00,DMS-01,37.0,85.4,1.0,16,Critical,motor_current_A trending high; oil_temperature_C above upper limit; vibration_mm_s above upper limit
2026-06-25 16:00:00,DMS-01,35.9,87.2,1.0,12,Critical,motor_current_A above upper limit; oil_temperature_C above upper limit; vibration_mm_s above upper limit
2026-06-25 20:00:00,DMS-01,38.4,88.5,1.0,16,Critical,motor_current_A above upper limit; oil_temperature_C above upper limit; vibration_mm_s above upper limit
2026-06-26 00:00:00,DMS-01,37.7,89.4,1.0,11,Critical,motor_current_A above upper limit; oil_temperature_C above upper limit; vibration_mm_s above upper limit
2026-06-26 04:00:00,DMS-01,37.6,90.0,1.0,10,Critical,motor_current_A above upper limit; oil_temperature_C above upper limit; vibration_mm_s above upper limit
2026-06-26 08:00:00,DMS-01,36.7,86.5,1.0,16,Critical,motor_current_A trending high; oil_temperature_C above upper limit; vibration_mm_s above upper limit
2026-06-26 12:00:00,DMS-01,39.4,82.9,1.0,25,Critical,motor_current_A trending high; oil_temperature_C above upper limit; vibration_mm_s trending high
2026-06-26 16:00:00,DMS-01,39.1,84.0,1.0,22,Critical,motor_current_A trending high; oil_temperature_C above upper limit; vibration_mm_s above upper limit
2026-06-26 20:00:00,DMS-01,40.2,85.4,1.0,22,Critical,motor_current_A trending high; oil_temperature_C above upper limit; vibration_mm_s trending high
2026-06-27 00:00:00,DMS-01,38.3,84.8,1.0,19,Critical,motor_current_A above upper limit; oil_temperature_C above upper limit; vibration_mm_s trending high
2026-06-27 04:00:00,DMS-01,41.5,84.7,1.0,17,Critical,motor_current_A above upper limit; oil_temperature_C above upper limit; vibration_mm_s trending high
2026-06-27 08:00:00,DMS-01,34.5,87.8,1.0,11,Critical,motor_current_A above upper limit; oil_temperature_C above upper limit; vibration_mm_s trending high
2026-06-27 12:00:00,DMS-01,37.8,83.8,1.0,18,Critical,motor_current_A trending high; oil_temperature_C above upper limit; vibration_mm_s trending high
2026-06-27 16:00:00,DMS-01,39.9,86.7,1.0,15,Critical,motor_current_A trending high; oil_temperature_C above upper limit; vibration_mm_s trending high
2026-06-27 20:00:00,DMS-01,38.5,86.2,1.0,13,Critical,motor_current_A trending high; oil_temperature_C above upper limit; vibration_mm_s above upper limit
2026-06-28 00:00:00,DMS-01,41.2,86.0,1.0,18,Critical,motor_current_A trending high; oil_temperature_C above upper limit; vibration_mm_s trending high
2026-06-28 04:00:00,DMS-01,35.1,90.2,1.0,8,Critical,motor_current_A trending high; oil_temperature_C above upper limit; vibration_mm_s trending high
2026-06-28 08:00:00,DMS-01,38.5,88.1,1.0,11,Critical,motor_current_A above upper limit; oil_temperature_C trending high; vibration_mm_s trending high
2026-06-28 12:00:00,DMS-01,37.5,86.7,1.0,10,Critical,motor_current_A trending high; oil_temperature_C above upper limit; vibration_mm_s trending high
2026-06-28 16:00:00,DMS-01,39.7,83.4,1.0,25,Critical,motor_current_A above upper limit; oil_temperature_C above upper limit; vibration_mm_s above upper limit
2026-06-28 20:00:00,DMS-01,35.5,87.7,1.0,9,Critical,motor_current_A trending high; oil_temperature_C trending high; vibration_mm_s trending high
2026-06-29 00:00:00,DMS-01,37.9,84.3,1.0,16,Critical,motor_current_A above upper limit; oil_temperature_C above upper limit; vibration_mm_s trending high
2026-06-29 04:00:00,DMS-01,37.3,81.9,1.0,12,Critical,motor_current_A trending high; oil_temperature_C above upper limit; vibration_mm_s trending high
2026-06-29 08:00:00,DMS-01,42.1,82.9,1.0,36,Critical,motor_current_A trending high; oil_temperature_C above upper limit; vibration_mm_s trending high
2026-06-29 12:00:00,DMS-01,35.5,90.0,1.0,7,Critical,motor_current_A trending high; oil_temperature_C above upper limit; vibration_mm_s above upper limit
2026-06-29 16:00:00,DMS-01,38.9,85.1,1.0,26,Critical,motor_current_A trending high; oil_temperature_C above upper limit; vibration_mm_s above upper limit
2026-06-29 20:00:00,DMS-01,39.5,84.0,1.0,20,Critical,motor_current_A trending high; oil_temperature_C above upper limit; vibration_mm_s above upper limit
2026-01-01 00:00:00,CR-01,81.1,22.1,0.183,144,Low,Within baseline with monitored trend behaviour
2026-01-01 04:00:00,CR-01,89.5,19.3,0.18,152,Low,Within baseline with monitored trend behaviour
2026-01-01 08:00:00,CR-01,64.8,47.1,0.472,105,High,ch4_pct above upper limit
2026-01-01 12:00:00,CR-01,54.5,65.3,0.683,80,High,utilisation_pct above upper limit; ch4_pct above upper limit
2026-01-01 16:00:00,CR-01,65.4,52.1,0.532,105,High,ch4_pct above upper limit
2026-01-01 20:00:00,CR-01,74.0,38.5,0.364,118,Medium,Within baseline with monitored trend behaviour
2026-01-02 00:00:00,CR-01,63.1,52.6,0.567,99,High,utilisation_pct trending high; ch4_pct trending high
2026-01-02 04:00:00,CR-01,72.6,37.8,0.369,110,Medium,utilisation_pct trending high
2026-01-02 08:00:00,CR-01,84.1,22.4,0.167,145,Low,Within baseline with monitored trend behaviour
2026-01-02 12:00:00,CR-01,45.6,76.4,0.82,58,Critical,ch4_pct above upper limit
2026-01-02 16:00:00,CR-01,52.3,66.5,0.732,81,High,utilisation_pct trending high; ch4_pct above upper limit
2026-01-02 20:00:00,CR-01,68.0,42.8,0.461,111,Medium,ch4_pct above upper limit
2026-01-03 00:00:00,CR-01,67.3,44.5,0.512,117,Medium,ch4_pct above upper limit
2026-01-03 04:00:00,CR-01,64.3,46.8,0.516,105,High,ch4_pct above upper limit
2026-01-03 08:00:00,CR-01,74.1,34.4,0.333,126,Medium,ch4_pct trending high
2026-01-03 12:00:00,CR-01,66.5,46.5,0.487,107,High,ch4_pct above upper limit
2026-01-03 16:00:00,CR-01,63.1,51.5,0.513,96,High,ch4_pct above upper limit
2026-01-03 20:00:00,CR-01,77.3,31.4,0.281,131,Medium,Within baseline with monitored trend behaviour
2026-01-04 00:00:00,CR-01,91.6,14.5,0.057,152,Low,Within baseline with monitored trend behaviour
2026-01-04 04:00:00,CR-01,69.7,41.9,0.39,114,Medium,ch4_pct above upper limit
2026-01-04 08:00:00,CR-01,91.2,13.7,0.099,152,Low,Within baseline with monitored trend behaviour
2026-01-04 12:00:00,CR-01,68.9,46.6,0.481,105,High,ch4_pct above upper limit
2026-01-04 16:00:00,CR-01,89.9,14.2,0.052,151,Low,Within baseline with monitored trend behaviour
2026-01-04 20:00:00,CR-01,80.3,27.0,0.24,141,Medium,Within baseline with monitored trend behaviour
2026-01-05 00:00:00,CR-01,90.1,14.7,0.096,152,Low,Within baseline with monitored trend behaviour
2026-01-05 04:00:00,CR-01,82.1,24.9,0.206,140,Low,Within baseline with monitored trend behaviour
2026-01-05 08:00:00,CR-01,87.2,17.2,0.117,153,Low,Within baseline with monitored trend behaviour
2026-01-05 12:00:00,CR-01,83.7,20.6,0.166,142,Low,Within baseline with monitored trend behaviour
2026-01-05 16:00:00,CR-01,91.1,11.7,0.06,149,Low,Within baseline with monitored trend behaviour
2026-01-05 20:00:00,CR-01,93.7,13.3,0.068,161,Low,Within baseline with monitored trend behaviour
2026-01-06 00:00:00,CR-01,92.3,9.0,0.017,158,Low,Within baseline with monitored trend behaviour
2026-01-06 04:00:00,CR-01,93.6,9.8,0.0,159,Low,Within baseline with monitored trend behaviour
2026-01-06 08:00:00,CR-01,94.1,9.9,0.0,161,Low,Within baseline with monitored trend behaviour
2026-01-06 12:00:00,CR-01,93.5,9.6,0.028,166,Low,Within baseline with monitored trend behaviour
2026-01-06 16:00:00,CR-01,96.7,5.8,0.0,170,Low,Within baseline with monitored trend behaviour
2026-01-06 20:00:00,CR-01,93.6,10.5,0.003,162,Low,Within baseline with monitored trend behaviour
2026-01-07 00:00:00,CR-01,89.9,10.8,0.013,160,Low,Within baseline with monitored trend behaviour
2026-01-07 04:00:00,CR-01,94.5,6.4,0.005,166,Low,Within baseline with monitored trend behaviour
2026-01-07 08:00:00,CR-01,95.2,8.6,0.04,168,Low,Within baseline with monitored trend behaviour
2026-01-07 12:00:00,CR-01,91.4,7.1,0.003,165,Low,Within baseline with monitored trend behaviour
2026-01-07 16:00:00,CR-01,96.3,7.9,0.0,164,Low,Within baseline with monitored trend behaviour
2026-01-07 20:00:00,CR-01,80.9,25.5,0.2,141,Medium,ch4_pct trending high
2026-01-08 00:00:00,CR-01,92.1,12.2,0.033,156,Low,Within baseline with monitored trend behaviour
2026-01-08 04:00:00,CR-01,89.5,15.8,0.11,147,Low,Within baseline with monitored trend behaviour
2026-01-08 08:00:00,CR-01,82.8,21.4,0.151,140,Low,Within baseline with monitored trend behaviour
2026-01-08 12:00:00,CR-01,87.3,16.2,0.118,154,Low,Within baseline with monitored trend behaviour
2026-01-08 16:00:00,CR-01,84.4,21.7,0.169,141,Low,Within baseline with monitored trend behaviour
2026-01-08 20:00:00,CR-01,83.7,22.8,0.159,147,Low,Within baseline with monitored trend behaviour
2026-01-09 00:00:00,CR-01,87.4,18.6,0.194,147,Low,Within baseline with monitored trend behaviour
2026-01-09 04:00:00,CR-01,57.4,62.9,0.684,76,High,ch4_pct above upper limit
2026-01-09 08:00:00,CR-01,68.4,42.7,0.423,104,Medium,utilisation_pct trending high
2026-01-09 12:00:00,CR-01,51.7,70.9,0.782,77,Critical,ch4_pct above upper limit
2026-01-09 16:00:00,CR-01,83.8,19.5,0.139,147,Low,Within baseline with monitored trend behaviour
2026-01-09 20:00:00,CR-01,62.1,54.9,0.604,93,High,ch4_pct above upper limit
2026-01-10 00:00:00,CR-01,84.1,23.3,0.25,142,Low,Within baseline with monitored trend behaviour
2026-01-10 04:00:00,CR-01,59.7,56.4,0.598,93,High,ch4_pct above upper limit
2026-01-10 08:00:00,CR-01,50.1,69.9,0.793,66,High,ch4_pct above upper limit
2026-01-10 12:00:00,CR-01,69.6,41.8,0.425,115,Medium,ch4_pct above upper limit
2026-01-10 16:00:00,CR-01,57.5,62.0,0.722,83,High,ch4_pct above upper limit
2026-01-10 20:00:00,CR-01,68.6,43.6,0.436,113,Medium,ch4_pct above upper limit
2026-01-11 00:00:00,CR-01,78.9,29.1,0.329,130,Medium,ch4_pct trending high
2026-01-11 04:00:00,CR-01,64.9,50.9,0.559,93,High,ch4_pct above upper limit
2026-01-11 08:00:00,CR-01,65.6,48.7,0.503,107,High,ch4_pct above upper limit
2026-01-11 12:00:00,CR-01,71.8,40.4,0.469,116,Medium,ch4_pct above upper limit
2026-01-11 16:00:00,CR-01,88.0,19.6,0.151,139,Low,Within baseline with monitored trend behaviour
2026-01-11 20:00:00,CR-01,84.9,23.2,0.191,135,Low,Within baseline with monitored trend behaviour
2026-01-12 00:00:00,CR-01,88.2,17.0,0.101,143,Low,Within baseline with monitored trend behaviour
2026-01-12 04:00:00,CR-01,85.0,19.0,0.113,155,Low,Within baseline with monitored trend behaviour
2026-01-12 08:00:00,CR-01,78.4,30.6,0.275,134,Medium,utilisation_pct trending high
2026-01-12 12:00:00,CR-01,78.9,25.3,0.199,132,Medium,Within baseline with monitored trend behaviour
2026-01-12 16:00:00,CR-01,86.5,16.6,0.113,159,Low,Within baseline with monitored trend behaviour
2026-01-12 20:00:00,CR-01,87.8,17.1,0.143,153,Low,Within baseline with monitored trend behaviour
2026-01-13 00:00:00,CR-01,92.4,12.9,0.0,155,Low,Within baseline with monitored trend behaviour
2026-01-13 04:00:00,CR-01,93.2,10.9,0.024,163,Low,Within baseline with monitored trend behaviour
2026-01-13 08:00:00,CR-01,92.1,15.2,0.118,149,Low,Within baseline with monitored trend behaviour
2026-01-13 12:00:00,CR-01,91.9,9.4,0.001,164,Low,Within baseline with monitored trend behaviour
2026-01-13 16:00:00,CR-01,91.7,8.8,0.015,154,Low,Within baseline with monitored trend behaviour
2026-01-13 20:00:00,CR-01,84.3,20.6,0.139,146,Low,Within baseline with monitored trend behaviour
2026-01-14 00:00:00,CR-01,92.3,12.0,0.005,147,Low,Within baseline with monitored trend behaviour
2026-01-14 04:00:00,CR-01,93.2,5.6,0.0,165,Low,Within baseline with monitored trend behaviour
2026-01-14 08:00:00,CR-01,96.6,10.0,0.033,166,Low,Within baseline with monitored trend behaviour
2026-01-14 12:00:00,CR-01,94.4,8.7,0.0,166,Low,Within baseline with monitored trend behaviour
2026-01-14 16:00:00,CR-01,94.6,4.5,0.0,172,Low,Within baseline with monitored trend behaviour
2026-01-14 20:00:00,CR-01,94.7,8.0,0.0,171,Low,Within baseline with monitored trend behaviour
2026-01-15 00:00:00,CR-01,94.7,6.6,0.0,168,Low,Within baseline with monitored trend behaviour
2026-01-15 04:00:00,CR-01,94.0,5.3,0.009,174,Low,Within baseline with monitored trend behaviour
2026-01-15 08:00:00,CR-01,93.6,7.8,0.005,166,Low,Within baseline with monitored trend behaviour
2026-01-15 12:00:00,CR-01,95.4,5.7,0.013,166,Low,Within baseline with monitored trend behaviour
2026-01-15 16:00:00,CR-01,81.1,21.9,0.168,140,Low,Within baseline with monitored trend behaviour
2026-01-15 20:00:00,CR-01,90.3,12.4,0.068,162,Low,Within baseline with monitored trend behaviour
2026-01-16 00:00:00,CR-01,88.7,22.2,0.202,146,Low,Within baseline with monitored trend behaviour
2026-01-16 04:00:00,CR-01,84.8,22.3,0.196,145,Low,Within baseline with monitored trend behaviour
2026-01-16 08:00:00,CR-01,76.7,34.8,0.352,119,Medium,utilisation_pct trending high
2026-01-16 12:00:00,CR-01,64.4,49.2,0.514,102,High,ch4_pct above upper limit
2026-01-16 16:00:00,CR-01,74.6,35.4,0.345,130,Medium,ch4_pct trending high
2026-01-16 20:00:00,CR-01,83.0,22.0,0.195,142,Low,Within baseline with monitored trend behaviour
2026-01-17 00:00:00,CR-01,82.2,24.8,0.182,138,Low,Within baseline with monitored trend behaviour
2026-01-17 04:00:00,CR-01,76.3,31.9,0.321,132,Medium,ch4_pct trending high
2026-01-17 08:00:00,CR-01,65.1,49.1,0.528,98,High,ch4_pct above upper limit
2026-01-17 12:00:00,CR-01,59.3,59.1,0.636,81,High,ch4_pct above upper limit
2026-01-17 16:00:00,CR-01,70.6,39.1,0.422,120,Medium,ch4_pct trending high
2026-01-17 20:00:00,CR-01,59.9,54.9,0.626,88,High,ch4_pct above upper limit
2026-01-18 00:00:00,CR-01,65.9,46.3,0.447,112,High,ch4_pct trending high
2026-01-18 04:00:00,CR-01,79.3,27.7,0.254,137,Medium,Within baseline with monitored trend behaviour
2026-01-18 08:00:00,CR-01,64.1,52.8,0.575,94,High,ch4_pct above upper limit
2026-01-18 12:00:00,CR-01,66.6,45.5,0.492,111,High,ch4_pct above upper limit
2026-01-18 16:00:00,CR-01,53.2,63.4,0.704,73,High,ch4_pct above upper limit
2026-01-18 20:00:00,CR-01,85.3,18.5,0.129,141,Low,Within baseline with monitored trend behaviour
2026-01-19 00:00:00,CR-01,61.1,51.4,0.528,90,High,utilisation_pct trending high; ch4_pct trending high
2026-01-19 04:00:00,CR-01,82.0,24.4,0.214,135,Low,Within baseline with monitored trend behaviour
2026-01-19 08:00:00,CR-01,78.2,29.6,0.272,139,Medium,Within baseline with monitored trend behaviour
2026-01-19 12:00:00,CR-01,83.1,20.9,0.17,145,Low,Within baseline with monitored trend behaviour
2026-01-19 16:00:00,CR-01,76.7,31.7,0.294,121,Medium,Within baseline with monitored trend behaviour
2026-01-19 20:00:00,CR-01,84.7,18.6,0.097,151,Low,Within baseline with monitored trend behaviour
2026-01-20 00:00:00,CR-01,89.6,13.7,0.042,159,Low,Within baseline with monitored trend behaviour
2026-01-20 04:00:00,CR-01,90.8,10.6,0.008,166,Low,Within baseline with monitored trend behaviour
2026-01-20 08:00:00,CR-01,89.3,10.3,0.021,161,Low,Within baseline with monitored trend behaviour
2026-01-20 12:00:00,CR-01,83.4,23.9,0.219,137,Low,ch4_pct trending high
2026-01-20 16:00:00,CR-01,93.6,6.7,0.0,167,Low,Within baseline with monitored trend behaviour
2026-01-20 20:00:00,CR-01,93.1,9.6,0.007,160,Low,Within baseline with monitored trend behaviour
2026-01-21 00:00:00,CR-01,95.2,8.9,0.009,158,Low,Within baseline with monitored trend behaviour
2026-01-21 04:00:00,CR-01,91.9,8.8,0.044,156,Low,Within baseline with monitored trend behaviour
2026-01-21 08:00:00,CR-01,97.4,6.0,0.0,160,Low,Within baseline with monitored trend behaviour
2026-01-21 12:00:00,CR-01,95.6,7.5,0.0,165,Low,Within baseline with monitored trend behaviour
2026-01-21 16:00:00,CR-01,91.1,11.2,0.019,157,Low,Within baseline with monitored trend behaviour
2026-01-21 20:00:00,CR-01,92.8,11.2,0.051,170,Low,Within baseline with monitored trend behaviour
2026-01-22 00:00:00,CR-01,93.9,8.0,0.0,160,Low,Within baseline with monitored trend behaviour
2026-01-22 04:00:00,CR-01,87.7,16.3,0.062,148,Low,Within baseline with monitored trend behaviour
2026-01-22 08:00:00,CR-01,97.3,7.6,0.0,162,Low,Within baseline with monitored trend behaviour
2026-01-22 12:00:00,CR-01,89.4,9.5,0.02,165,Low,Within baseline with monitored trend behaviour
2026-01-22 16:00:00,CR-01,88.4,18.0,0.135,151,Low,Within baseline with monitored trend behaviour
2026-01-22 20:00:00,CR-01,79.5,27.6,0.247,133,Medium,utilisation_pct trending high
2026-01-23 00:00:00,CR-01,86.9,18.6,0.171,149,Low,Within baseline with monitored trend behaviour
2026-01-23 04:00:00,CR-01,93.3,9.3,0.015,159,Low,Within baseline with monitored trend behaviour
2026-01-23 08:00:00,CR-01,82.4,22.1,0.185,139,Low,Within baseline with monitored trend behaviour
2026-01-23 12:00:00,CR-01,89.9,14.2,0.027,156,Low,Within baseline with monitored trend behaviour
2026-01-23 16:00:00,CR-01,79.0,29.3,0.274,131,Medium,ch4_pct above upper limit
2026-01-23 20:00:00,CR-01,83.5,24.1,0.213,135,Low,Within baseline with monitored trend behaviour
2026-01-24 00:00:00,CR-01,93.3,9.7,0.06,165,Low,Within baseline with monitored trend behaviour
2026-01-24 04:00:00,CR-01,75.6,35.5,0.37,123,Medium,ch4_pct above upper limit
2026-01-24 08:00:00,CR-01,82.2,28.7,0.225,133,Medium,Within baseline with monitored trend behaviour
2026-01-24 12:00:00,CR-01,65.1,45.1,0.479,110,High,ch4_pct above upper limit
2026-01-24 16:00:00,CR-01,75.7,33.3,0.295,125,Medium,ch4_pct trending high
2026-01-24 20:00:00,CR-01,55.5,60.6,0.701,76,High,ch4_pct above upper limit
2026-01-25 00:00:00,CR-01,68.0,43.5,0.449,113,Medium,ch4_pct above upper limit
2026-01-25 04:00:00,CR-01,72.2,39.3,0.395,115,Medium,ch4_pct trending high
2026-01-25 08:00:00,CR-01,64.5,52.3,0.527,94,High,ch4_pct above upper limit
2026-01-25 12:00:00,CR-01,65.9,50.3,0.534,93,High,utilisation_pct trending high; ch4_pct trending high
2026-01-25 16:00:00,CR-01,54.8,62.0,0.685,85,High,ch4_pct above upper limit
2026-01-25 20:00:00,CR-01,62.1,49.0,0.512,98,High,ch4_pct above upper limit
2026-01-26 00:00:00,CR-01,77.8,32.7,0.281,120,Medium,Within baseline with monitored trend behaviour
2026-01-26 04:00:00,CR-01,78.7,29.7,0.304,129,Medium,Within baseline with monitored trend behaviour
2026-01-26 08:00:00,CR-01,80.8,25.9,0.236,133,Medium,Within baseline with monitored trend behaviour
2026-01-26 12:00:00,CR-01,77.0,31.1,0.239,124,Medium,Within baseline with monitored trend behaviour
2026-01-26 16:00:00,CR-01,85.0,20.6,0.149,140,Low,Within baseline with monitored trend behaviour
2026-01-26 20:00:00,CR-01,64.5,49.2,0.534,101,High,ch4_pct above upper limit
2026-01-27 00:00:00,CR-01,75.9,31.4,0.291,129,Medium,utilisation_pct trending high
2026-01-27 04:00:00,CR-01,89.4,12.4,0.034,153,Low,Within baseline with monitored trend behaviour
2026-01-27 08:00:00,CR-01,83.6,23.3,0.2,140,Low,ch4_pct trending high
2026-01-27 12:00:00,CR-01,82.6,21.2,0.17,146,Low,Within baseline with monitored trend behaviour
2026-01-27 16:00:00,CR-01,96.0,8.3,0.03,167,Low,Within baseline with monitored trend behaviour
2026-01-27 20:00:00,CR-01,94.7,8.1,0.03,168,Low,Within baseline with monitored trend behaviour
2026-01-28 00:00:00,CR-01,89.1,11.6,0.031,157,Low,Within baseline with monitored trend behaviour
2026-01-28 04:00:00,CR-01,94.4,11.3,0.021,157,Low,Within baseline with monitored trend behaviour
2026-01-28 08:00:00,CR-01,99.2,5.7,0.013,166,Low,Within baseline with monitored trend behaviour
2026-01-28 12:00:00,CR-01,90.6,12.5,0.021,158,Low,Within baseline with monitored trend behaviour
2026-01-28 16:00:00,CR-01,91.2,10.8,0.054,165,Low,Within baseline with monitored trend behaviour
2026-01-28 20:00:00,CR-01,90.0,13.9,0.051,157,Low,Within baseline with monitored trend behaviour
2026-01-29 00:00:00,CR-01,92.5,10.4,0.049,159,Low,Within baseline with monitored trend behaviour
2026-01-29 04:00:00,CR-01,93.5,7.2,0.009,156,Low,Within baseline with monitored trend behaviour
2026-01-29 08:00:00,CR-01,91.0,16.3,0.132,142,Low,Within baseline with monitored trend behaviour
2026-01-29 12:00:00,CR-01,94.5,8.0,0.001,161,Low,Within baseline with monitored trend behaviour
2026-01-29 16:00:00,CR-01,75.2,33.9,0.309,126,Medium,utilisation_pct above upper limit
2026-01-29 20:00:00,CR-01,84.3,18.9,0.126,150,Low,Within baseline with monitored trend behaviour
2026-01-30 00:00:00,CR-01,75.8,29.9,0.289,130,Medium,Within baseline with monitored trend behaviour
2026-01-30 04:00:00,CR-01,91.6,15.0,0.098,156,Low,Within baseline with monitored trend behaviour
2026-01-30 08:00:00,CR-01,76.4,34.8,0.366,118,Medium,utilisation_pct above upper limit
2026-01-30 12:00:00,CR-01,94.8,6.0,0.017,160,Low,Within baseline with monitored trend behaviour
2026-01-30 16:00:00,CR-01,78.9,33.4,0.326,123,Medium,ch4_pct above upper limit
2026-01-30 20:00:00,CR-01,82.5,22.2,0.17,138,Low,Within baseline with monitored trend behaviour
2026-01-31 00:00:00,CR-01,91.8,11.3,0.028,154,Low,Within baseline with monitored trend behaviour
2026-01-31 04:00:00,CR-01,87.7,17.3,0.094,156,Low,Within baseline with monitored trend behaviour
2026-01-31 08:00:00,CR-01,60.2,53.0,0.559,93,High,ch4_pct above upper limit
2026-01-31 12:00:00,CR-01,96.2,9.5,0.05,156,Low,Within baseline with monitored trend behaviour
2026-01-31 16:00:00,CR-01,89.1,17.1,0.088,145,Low,Within baseline with monitored trend behaviour
2026-01-31 20:00:00,CR-01,55.6,62.2,0.686,81,High,ch4_pct above upper limit
2026-02-01 00:00:00,CR-01,78.6,28.3,0.256,133,Medium,Within baseline with monitored trend behaviour
2026-02-01 04:00:00,CR-01,81.8,23.3,0.181,129,Low,Within baseline with monitored trend behaviour
2026-02-01 08:00:00,CR-01,77.1,32.5,0.299,126,Medium,Within baseline with monitored trend behaviour
2026-02-01 12:00:00,CR-01,68.2,46.0,0.453,108,High,ch4_pct trending high
2026-02-01 16:00:00,CR-01,58.0,58.6,0.629,78,High,ch4_pct trending high
2026-02-01 20:00:00,CR-01,47.8,72.1,0.782,60,Critical,ch4_pct above upper limit
2026-02-02 00:00:00,CR-01,35.4,86.0,0.983,38,Critical,utilisation_pct trending high; ch4_pct above upper limit
2026-02-02 04:00:00,CR-01,54.4,61.9,0.708,86,High,utilisation_pct above upper limit; ch4_pct trending high
2026-02-02 08:00:00,CR-01,83.5,21.5,0.176,141,Low,Within baseline with monitored trend behaviour
2026-02-02 12:00:00,CR-01,60.1,51.5,0.536,95,High,utilisation_pct trending high; ch4_pct trending high
2026-02-02 16:00:00,CR-01,62.1,53.2,0.591,87,High,ch4_pct above upper limit
2026-02-02 20:00:00,CR-01,73.0,37.2,0.379,111,Medium,utilisation_pct above upper limit
2026-02-03 00:00:00,CR-01,86.8,19.2,0.096,148,Low,Within baseline with monitored trend behaviour
2026-02-03 04:00:00,CR-01,88.6,16.2,0.114,144,Low,Within baseline with monitored trend behaviour
2026-02-03 08:00:00,CR-01,69.0,41.2,0.442,111,Medium,ch4_pct above upper limit
2026-02-03 12:00:00,CR-01,76.0,35.2,0.306,127,Medium,ch4_pct trending high
2026-02-03 16:00:00,CR-01,88.2,17.2,0.098,143,Low,Within baseline with monitored trend behaviour
2026-02-03 20:00:00,CR-01,79.8,27.1,0.237,135,Medium,ch4_pct trending high
2026-02-04 00:00:00,CR-01,95.9,5.5,0.002,165,Low,Within baseline with monitored trend behaviour
2026-02-04 04:00:00,CR-01,87.7,14.9,0.043,155,Low,Within baseline with monitored trend behaviour
2026-02-04 08:00:00,CR-01,92.5,9.8,0.003,160,Low,Within baseline with monitored trend behaviour
2026-02-04 12:00:00,CR-01,94.6,7.5,0.001,165,Low,Within baseline with monitored trend behaviour
2026-02-04 16:00:00,CR-01,92.0,13.2,0.001,154,Low,Within baseline with monitored trend behaviour
2026-02-04 20:00:00,CR-01,90.1,10.8,0.0,155,Low,Within baseline with monitored trend behaviour
2026-02-05 00:00:00,CR-01,92.2,8.7,0.007,158,Low,Within baseline with monitored trend behaviour
2026-02-05 04:00:00,CR-01,94.5,4.9,0.003,165,Low,Within baseline with monitored trend behaviour
2026-02-05 08:00:00,CR-01,92.9,10.8,0.059,158,Low,Within baseline with monitored trend behaviour
2026-02-05 12:00:00,CR-01,90.7,11.8,0.04,160,Low,Within baseline with monitored trend behaviour
2026-02-05 16:00:00,CR-01,89.9,14.5,0.071,152,Low,Within baseline with monitored trend behaviour
2026-02-05 20:00:00,CR-01,82.1,27.6,0.256,135,Medium,utilisation_pct trending high
2026-02-06 00:00:00,CR-01,78.8,29.7,0.288,126,Medium,utilisation_pct above upper limit
2026-02-06 04:00:00,CR-01,84.7,20.7,0.099,146,Low,Within baseline with monitored trend behaviour
2026-02-06 08:00:00,CR-01,80.8,27.4,0.18,124,Medium,Within baseline with monitored trend behaviour
2026-02-06 12:00:00,CR-01,90.8,11.7,0.009,152,Low,Within baseline with monitored trend behaviour
2026-02-06 16:00:00,CR-01,82.7,21.4,0.126,146,Low,Within baseline with monitored trend behaviour
2026-02-06 20:00:00,CR-01,90.0,10.0,0.031,161,Low,Within baseline with monitored trend behaviour
2026-02-07 00:00:00,CR-01,97.0,4.1,0.008,160,Low,Within baseline with monitored trend behaviour
2026-02-07 04:00:00,CR-01,85.3,21.9,0.186,141,Low,ch4_pct trending high
2026-02-07 08:00:00,CR-01,88.1,18.7,0.131,144,Low,Within baseline with monitored trend behaviour
2026-02-07 12:00:00,CR-01,71.7,39.8,0.414,109,Medium,ch4_pct above upper limit
2026-02-07 16:00:00,CR-01,90.7,13.1,0.043,156,Low,Within baseline with monitored trend behaviour
2026-02-07 20:00:00,CR-01,84.0,23.3,0.2,140,Low,ch4_pct trending high
2026-02-08 00:00:00,CR-01,67.6,42.0,0.488,106,Medium,ch4_pct above upper limit
2026-02-08 04:00:00,CR-01,90.5,15.9,0.104,150,Low,Within baseline with monitored trend behaviour
2026-02-08 08:00:00,CR-01,83.1,26.6,0.226,137,Medium,Within baseline with monitored trend behaviour
2026-02-08 12:00:00,CR-01,81.4,28.4,0.287,129,Medium,ch4_pct trending high
2026-02-08 16:00:00,CR-01,63.3,50.3,0.556,93,High,ch4_pct above upper limit
2026-02-08 20:00:00,CR-01,64.6,49.0,0.522,102,High,Within baseline with monitored trend behaviour
2026-02-09 00:00:00,CR-01,64.0,49.2,0.478,92,High,ch4_pct above upper limit
2026-02-09 04:00:00,CR-01,58.7,59.4,0.641,82,High,utilisation_pct trending high; ch4_pct trending high
2026-02-09 08:00:00,CR-01,57.0,58.1,0.682,83,High,utilisation_pct above upper limit; ch4_pct trending high
2026-02-09 12:00:00,CR-01,53.3,62.8,0.719,84,High,utilisation_pct above upper limit; ch4_pct above upper limit
2026-02-09 16:00:00,CR-01,73.8,38.9,0.422,114,Medium,ch4_pct trending high
2026-02-09 20:00:00,CR-01,56.5,62.8,0.687,73,High,ch4_pct above upper limit
2026-02-10 00:00:00,CR-01,70.8,41.6,0.438,101,Medium,utilisation_pct trending high
2026-02-10 04:00:00,CR-01,67.7,45.1,0.433,99,High,Within baseline with monitored trend behaviour
2026-02-10 08:00:00,CR-01,74.9,35.1,0.319,116,Medium,ch4_pct trending high
2026-02-10 12:00:00,CR-01,82.3,19.8,0.127,144,Low,Within baseline with monitored trend behaviour
2026-02-10 16:00:00,CR-01,75.5,32.3,0.277,118,Medium,ch4_pct trending high
2026-02-10 20:00:00,CR-01,89.7,13.0,0.053,162,Low,Within baseline with monitored trend behaviour
2026-02-11 00:00:00,CR-01,89.2,14.7,0.099,152,Low,Within baseline with monitored trend behaviour
2026-02-11 04:00:00,CR-01,86.2,19.2,0.191,147,Low,ch4_pct trending high
2026-02-11 08:00:00,CR-01,71.4,37.3,0.378,113,Medium,ch4_pct above upper limit
2026-02-11 12:00:00,CR-01,88.7,15.1,0.14,154,Low,Within baseline with monitored trend behaviour
2026-02-11 16:00:00,CR-01,95.7,7.4,0.008,155,Low,Within baseline with monitored trend behaviour
2026-02-11 20:00:00,CR-01,89.9,16.4,0.06,145,Low,Within baseline with monitored trend behaviour
2026-02-12 00:00:00,CR-01,90.4,12.3,0.089,155,Low,Within baseline with monitored trend behaviour
2026-02-12 04:00:00,CR-01,81.5,21.3,0.142,144,Low,Within baseline with monitored trend behaviour
2026-02-12 08:00:00,CR-01,89.0,12.8,0.055,142,Low,Within baseline with monitored trend behaviour
2026-02-12 12:00:00,CR-01,94.4,8.3,0.0,157,Low,Within baseline with monitored trend behaviour
2026-02-12 16:00:00,CR-01,91.3,16.3,0.084,145,Low,Within baseline with monitored trend behaviour
2026-02-12 20:00:00,CR-01,75.8,37.2,0.394,114,Medium,utilisation_pct trending high; ch4_pct trending high
2026-02-13 00:00:00,CR-01,87.7,15.8,0.083,152,Low,Within baseline with monitored trend behaviour
2026-02-13 04:00:00,CR-01,96.2,5.5,0.0,165,Low,Within baseline with monitored trend behaviour
2026-02-13 08:00:00,CR-01,87.5,16.1,0.108,155,Low,Within baseline with monitored trend behaviour
2026-02-13 12:00:00,CR-01,78.7,27.8,0.234,122,Medium,Within baseline with monitored trend behaviour
2026-02-13 16:00:00,CR-01,83.7,20.7,0.125,140,Low,Within baseline with monitored trend behaviour
2026-02-13 20:00:00,CR-01,87.3,18.2,0.129,137,Low,Within baseline with monitored trend behaviour
2026-02-14 00:00:00,CR-01,94.7,7.3,0.0,161,Low,Within baseline with monitored trend behaviour
2026-02-14 04:00:00,CR-01,93.5,9.4,0.0,159,Low,Within baseline with monitored trend behaviour
2026-02-14 08:00:00,CR-01,97.2,7.5,0.008,159,Low,Within baseline with monitored trend behaviour
2026-02-14 12:00:00,CR-01,93.9,8.7,0.0,160,Low,Within baseline with monitored trend behaviour
2026-02-14 16:00:00,CR-01,88.0,14.9,0.058,152,Low,Within baseline with monitored trend behaviour
2026-02-14 20:00:00,CR-01,76.4,33.1,0.303,122,Medium,ch4_pct trending high
2026-02-15 00:00:00,CR-01,84.7,20.5,0.19,133,Low,Within baseline with monitored trend behaviour
2026-02-15 04:00:00,CR-01,89.8,14.1,0.086,145,Low,Within baseline with monitored trend behaviour
2026-02-15 08:00:00,CR-01,69.6,44.8,0.464,103,Medium,ch4_pct trending high
2026-02-15 12:00:00,CR-01,87.0,16.9,0.114,147,Low,Within baseline with monitored trend behaviour
2026-02-15 16:00:00,CR-01,84.7,16.2,0.131,153,Low,Within baseline with monitored trend behaviour
2026-02-15 20:00:00,CR-01,62.5,49.8,0.511,89,High,ch4_pct above upper limit
2026-02-16 00:00:00,CR-01,58.4,57.9,0.637,85,High,utilisation_pct above upper limit
2026-02-16 04:00:00,CR-01,62.8,54.1,0.6,87,High,utilisation_pct trending high; ch4_pct above upper limit
2026-02-16 08:00:00,CR-01,70.2,41.1,0.393,105,Medium,Within baseline with monitored trend behaviour
2026-02-16 12:00:00,CR-01,59.1,58.2,0.653,83,High,utilisation_pct trending high; ch4_pct trending high
2026-02-16 16:00:00,CR-01,57.7,56.5,0.621,84,High,utilisation_pct trending high; ch4_pct above upper limit
2026-02-16 20:00:00,CR-01,46.8,72.5,0.843,63,Critical,utilisation_pct above upper limit; ch4_pct above upper limit
2026-02-17 00:00:00,CR-01,49.2,68.9,0.8,66,High,ch4_pct above upper limit
2026-02-17 04:00:00,CR-01,86.1,18.2,0.154,151,Low,Within baseline with monitored trend behaviour
2026-02-17 08:00:00,CR-01,53.8,65.6,0.742,80,High,ch4_pct above upper limit
2026-02-17 12:00:00,CR-01,74.3,36.8,0.364,116,Medium,ch4_pct trending high
2026-02-17 16:00:00,CR-01,82.0,25.3,0.23,132,Medium,Within baseline with monitored trend behaviour
2026-02-17 20:00:00,CR-01,81.0,28.1,0.281,121,Medium,Within baseline with monitored trend behaviour
2026-02-18 00:00:00,CR-01,72.5,37.6,0.379,109,Medium,ch4_pct above upper limit
2026-02-18 04:00:00,CR-01,89.8,12.1,0.036,151,Low,Within baseline with monitored trend behaviour
2026-02-18 08:00:00,CR-01,81.8,21.2,0.151,143,Low,Within baseline with monitored trend behaviour
2026-02-18 12:00:00,CR-01,76.5,32.0,0.309,116,Medium,ch4_pct trending high
2026-02-18 16:00:00,CR-01,88.1,16.6,0.108,148,Low,Within baseline with monitored trend behaviour
2026-02-18 20:00:00,CR-01,83.3,21.2,0.181,140,Low,Within baseline with monitored trend behaviour
2026-02-19 00:00:00,CR-01,92.4,11.5,0.06,149,Low,Within baseline with monitored trend behaviour
2026-02-19 04:00:00,CR-01,87.9,20.0,0.133,140,Low,Within baseline with monitored trend behaviour
2026-02-19 08:00:00,CR-01,83.6,24.3,0.174,135,Low,Within baseline with monitored trend behaviour
2026-02-19 12:00:00,CR-01,93.4,8.0,0.0,164,Low,Within baseline with monitored trend behaviour
2026-02-19 16:00:00,CR-01,79.8,25.9,0.204,132,Medium,utilisation_pct trending high
2026-02-19 20:00:00,CR-01,90.9,13.6,0.093,153,Low,Within baseline with monitored trend behaviour
2026-02-20 00:00:00,CR-01,94.9,6.9,0.025,162,Low,Within baseline with monitored trend behaviour
2026-02-20 04:00:00,CR-01,94.8,11.0,0.036,148,Low,Within baseline with monitored trend behaviour
2026-02-20 08:00:00,CR-01,83.0,21.7,0.141,129,Low,Within baseline with monitored trend behaviour
2026-02-20 12:00:00,CR-01,90.7,12.7,0.051,152,Low,Within baseline with monitored trend behaviour
2026-02-20 16:00:00,CR-01,94.3,9.0,0.0,155,Low,Within baseline with monitored trend behaviour
2026-02-20 20:00:00,CR-01,87.3,13.4,0.048,150,Low,Within baseline with monitored trend behaviour
2026-02-21 00:00:00,CR-01,93.0,10.3,0.0,155,Low,Within baseline with monitored trend behaviour
2026-02-21 04:00:00,CR-01,94.6,8.2,0.012,157,Low,Within baseline with monitored trend behaviour
2026-02-21 08:00:00,CR-01,92.6,9.3,0.0,163,Low,Within baseline with monitored trend behaviour
2026-02-21 12:00:00,CR-01,96.0,9.3,0.003,155,Low,Within baseline with monitored trend behaviour
2026-02-21 16:00:00,CR-01,90.3,10.8,0.004,157,Low,Within baseline with monitored trend behaviour
2026-02-21 20:00:00,CR-01,86.0,19.7,0.153,143,Low,Within baseline with monitored trend behaviour
2026-02-22 00:00:00,CR-01,91.4,13.7,0.054,151,Low,Within baseline with monitored trend behaviour
2026-02-22 04:00:00,CR-01,88.2,15.9,0.087,144,Low,Within baseline with monitored trend behaviour
2026-02-22 08:00:00,CR-01,75.6,29.4,0.271,127,Medium,utilisation_pct trending high
2026-02-22 12:00:00,CR-01,86.5,20.1,0.132,137,Low,Within baseline with monitored trend behaviour
2026-02-22 16:00:00,CR-01,89.8,15.5,0.149,144,Low,Within baseline with monitored trend behaviour
2026-02-22 20:00:00,CR-01,90.1,15.8,0.132,141,Low,Within baseline with monitored trend behaviour
2026-02-23 00:00:00,CR-01,73.7,40.2,0.417,106,Medium,ch4_pct above upper limit
2026-02-23 04:00:00,CR-01,85.7,20.9,0.192,140,Low,Within baseline with monitored trend behaviour
2026-02-23 08:00:00,CR-01,74.9,35.0,0.388,121,Medium,utilisation_pct trending high
2026-02-23 12:00:00,CR-01,51.5,66.8,0.718,69,High,ch4_pct above upper limit
2026-02-23 16:00:00,CR-01,53.5,66.7,0.739,67,High,ch4_pct above upper limit
2026-02-23 20:00:00,CR-01,68.8,41.8,0.401,109,Medium,utilisation_pct trending high
2026-02-24 00:00:00,CR-01,69.6,38.5,0.417,113,Medium,ch4_pct trending high
2026-02-24 04:00:00,CR-01,68.9,43.9,0.385,102,Medium,ch4_pct trending high
2026-02-24 08:00:00,CR-01,55.2,61.3,0.652,68,High,ch4_pct above upper limit
2026-02-24 12:00:00,CR-01,69.5,45.6,0.458,100,High,ch4_pct above upper limit
2026-02-24 16:00:00,CR-01,66.3,45.5,0.473,99,High,ch4_pct above upper limit
2026-02-24 20:00:00,CR-01,51.4,67.5,0.758,66,High,ch4_pct above upper limit
2026-02-25 00:00:00,CR-01,86.8,18.7,0.217,136,Low,Within baseline with monitored trend behaviour
2026-02-25 04:00:00,CR-01,72.0,41.2,0.413,109,Medium,ch4_pct above upper limit
2026-02-25 08:00:00,CR-01,69.1,41.2,0.455,106,Medium,ch4_pct above upper limit
2026-02-25 12:00:00,CR-01,83.7,24.7,0.192,133,Low,Within baseline with monitored trend behaviour
2026-02-25 16:00:00,CR-01,55.6,64.1,0.744,71,High,ch4_pct above upper limit
2026-02-25 20:00:00,CR-01,72.9,36.6,0.377,107,Medium,ch4_pct above upper limit
2026-02-26 00:00:00,CR-01,90.1,13.5,0.042,147,Low,Within baseline with monitored trend behaviour
2026-02-26 04:00:00,CR-01,91.6,13.3,0.052,143,Low,Within baseline with monitored trend behaviour
2026-02-26 08:00:00,CR-01,75.3,38.9,0.356,110,Medium,ch4_pct trending high
2026-02-26 12:00:00,CR-01,88.2,21.4,0.165,133,Low,Within baseline with monitored trend behaviour
2026-02-26 16:00:00,CR-01,90.1,14.9,0.102,152,Low,Within baseline with monitored trend behaviour
2026-02-26 20:00:00,CR-01,77.1,30.1,0.283,128,Medium,Within baseline with monitored trend behaviour
2026-02-27 00:00:00,CR-01,84.2,21.9,0.178,140,Low,utilisation_pct trending high
2026-02-27 04:00:00,CR-01,81.7,26.0,0.192,132,Medium,Within baseline with monitored trend behaviour
2026-02-27 08:00:00,CR-01,86.3,18.5,0.108,139,Low,Within baseline with monitored trend behaviour
2026-02-27 12:00:00,CR-01,93.4,7.3,0.0,154,Low,Within baseline with monitored trend behaviour
2026-02-27 16:00:00,CR-01,88.0,14.8,0.03,148,Low,Within baseline with monitored trend behaviour
2026-02-27 20:00:00,CR-01,95.9,7.8,0.0,158,Low,Within baseline with monitored trend behaviour
2026-02-28 00:00:00,CR-01,92.0,10.8,0.0,154,Low,Within baseline with monitored trend behaviour
2026-02-28 04:00:00,CR-01,86.5,19.1,0.123,142,Low,Within baseline with monitored trend behaviour
2026-02-28 08:00:00,CR-01,91.7,8.6,0.0,160,Low,Within baseline with monitored trend behaviour
2026-02-28 12:00:00,CR-01,91.6,11.4,0.013,151,Low,Within baseline with monitored trend behaviour
2026-02-28 16:00:00,CR-01,96.7,8.6,0.0,155,Low,Within baseline with monitored trend behaviour
2026-02-28 20:00:00,CR-01,93.1,9.2,0.0,158,Low,Within baseline with monitored trend behaviour
2026-03-01 00:00:00,CR-01,98.2,6.3,0.011,161,Low,Within baseline with monitored trend behaviour
2026-03-01 04:00:00,CR-01,92.0,10.6,0.04,154,Low,Within baseline with monitored trend behaviour
2026-03-01 08:00:00,CR-01,93.5,12.2,0.003,150,Low,Within baseline with monitored trend behaviour
2026-03-01 12:00:00,CR-01,92.4,10.9,0.034,145,Low,Within baseline with monitored trend behaviour
2026-03-01 16:00:00,CR-01,93.4,9.7,0.027,151,Low,Within baseline with monitored trend behaviour
2026-03-01 20:00:00,CR-01,70.7,38.3,0.344,106,Medium,Within baseline with monitored trend behaviour
2026-03-02 00:00:00,CR-01,66.8,46.8,0.479,95,High,utilisation_pct trending high; ch4_pct trending high
2026-03-02 04:00:00,CR-01,75.2,35.0,0.32,123,Medium,utilisation_pct trending high
2026-03-02 08:00:00,CR-01,75.0,33.6,0.374,124,Medium,utilisation_pct trending high
2026-03-02 12:00:00,CR-01,86.5,18.5,0.123,139,Low,Within baseline with monitored trend behaviour
2026-03-02 16:00:00,CR-01,86.6,16.2,0.097,138,Low,Within baseline with monitored trend behaviour
2026-03-02 20:00:00,CR-01,81.0,28.2,0.245,129,Medium,utilisation_pct trending high
2026-03-03 00:00:00,CR-01,62.9,50.5,0.556,91,High,ch4_pct above upper limit
2026-03-03 04:00:00,CR-01,59.9,57.1,0.656,80,High,ch4_pct above upper limit
2026-03-03 08:00:00,CR-01,67.3,45.0,0.476,102,High,ch4_pct above upper limit
2026-03-03 12:00:00,CR-01,86.7,22.5,0.178,133,Low,Within baseline with monitored trend behaviour
2026-03-03 16:00:00,CR-01,63.2,47.3,0.458,98,High,ch4_pct above upper limit
2026-03-03 20:00:00,CR-01,87.2,15.7,0.139,141,Low,Within baseline with monitored trend behaviour
2026-03-04 00:00:00,CR-01,64.2,48.5,0.546,103,High,ch4_pct above upper limit
2026-03-04 04:00:00,CR-01,62.4,48.8,0.546,95,High,ch4_pct above upper limit
2026-03-04 08:00:00,CR-01,75.0,39.3,0.396,108,Medium,ch4_pct trending high
2026-03-04 12:00:00,CR-01,74.1,35.0,0.405,113,Medium,ch4_pct trending high
2026-03-04 16:00:00,CR-01,51.1,66.8,0.785,65,High,ch4_pct above upper limit
2026-03-04 20:00:00,CR-01,81.1,23.4,0.2,135,Low,Within baseline with monitored trend behaviour
2026-03-05 00:00:00,CR-01,72.9,38.2,0.346,114,Medium,ch4_pct trending high
2026-03-05 04:00:00,CR-01,86.7,16.2,0.101,145,Low,Within baseline with monitored trend behaviour
2026-03-05 08:00:00,CR-01,80.2,25.1,0.232,130,Medium,Within baseline with monitored trend behaviour
2026-03-05 12:00:00,CR-01,68.6,42.9,0.427,110,Medium,utilisation_pct trending high
2026-03-05 16:00:00,CR-01,69.9,40.7,0.395,104,Medium,ch4_pct trending high
2026-03-05 20:00:00,CR-01,80.9,25.9,0.174,130,Medium,Within baseline with monitored trend behaviour
2026-03-06 00:00:00,CR-01,82.2,21.1,0.157,129,Low,Within baseline with monitored trend behaviour
2026-03-06 04:00:00,CR-01,77.1,29.7,0.256,123,Medium,utilisation_pct trending high
2026-03-06 08:00:00,CR-01,90.8,12.1,0.091,151,Low,Within baseline with monitored trend behaviour
2026-03-06 12:00:00,CR-01,84.1,22.2,0.234,135,Low,ch4_pct trending high
2026-03-06 16:00:00,CR-01,88.0,14.3,0.093,145,Low,Within baseline with monitored trend behaviour
2026-03-06 20:00:00,CR-01,97.7,7.2,0.0,157,Low,Within baseline with monitored trend behaviour
2026-03-07 00:00:00,CR-01,94.7,7.1,0.0,159,Low,Within baseline with monitored trend behaviour
2026-03-07 04:00:00,CR-01,94.4,8.8,0.0,157,Low,Within baseline with monitored trend behaviour
2026-03-07 08:00:00,CR-01,96.7,5.7,0.008,161,Low,Within baseline with monitored trend behaviour
2026-03-07 12:00:00,CR-01,95.3,6.8,0.0,158,Low,Within baseline with monitored trend behaviour
2026-03-07 16:00:00,CR-01,94.5,8.0,0.001,149,Low,Within baseline with monitored trend behaviour
2026-03-07 20:00:00,CR-01,94.7,8.7,0.002,156,Low,Within baseline with monitored trend behaviour
2026-03-08 00:00:00,CR-01,94.0,6.5,0.0,159,Low,Within baseline with monitored trend behaviour
2026-03-08 04:00:00,CR-01,86.4,21.7,0.155,138,Low,Within baseline with monitored trend behaviour
2026-03-08 08:00:00,CR-01,87.4,12.2,0.041,147,Low,Within baseline with monitored trend behaviour
2026-03-08 12:00:00,CR-01,89.8,12.7,0.052,145,Low,Within baseline with monitored trend behaviour
2026-03-08 16:00:00,CR-01,98.1,6.3,0.005,153,Low,Within baseline with monitored trend behaviour
2026-03-08 20:00:00,CR-01,79.3,27.3,0.252,123,Medium,utilisation_pct trending high
2026-03-09 00:00:00,CR-01,90.7,14.6,0.075,141,Low,Within baseline with monitored trend behaviour
2026-03-09 04:00:00,CR-01,90.2,13.4,0.067,146,Low,Within baseline with monitored trend behaviour
2026-03-09 08:00:00,CR-01,62.3,54.7,0.622,79,High,utilisation_pct above upper limit; ch4_pct above upper limit
2026-03-09 12:00:00,CR-01,88.7,17.9,0.161,141,Low,Within baseline with monitored trend behaviour
2026-03-09 16:00:00,CR-01,80.6,26.8,0.272,124,Medium,utilisation_pct trending high
2026-03-09 20:00:00,CR-01,86.0,19.0,0.103,141,Low,Within baseline with monitored trend behaviour
2026-03-10 00:00:00,CR-01,74.3,38.7,0.394,109,Medium,ch4_pct above upper limit
2026-03-10 04:00:00,CR-01,78.2,31.4,0.27,117,Medium,Within baseline with monitored trend behaviour
2026-03-10 08:00:00,CR-01,84.7,20.9,0.165,133,Low,Within baseline with monitored trend behaviour
2026-03-10 12:00:00,CR-01,68.8,46.1,0.516,88,High,ch4_pct above upper limit
2026-03-10 16:00:00,CR-01,56.1,58.2,0.61,80,High,ch4_pct above upper limit
2026-03-10 20:00:00,CR-01,86.6,15.1,0.106,149,Low,Within baseline with monitored trend behaviour
2026-03-11 00:00:00,CR-01,69.7,43.7,0.52,101,Medium,ch4_pct above upper limit
2026-03-11 04:00:00,CR-01,84.1,23.4,0.171,134,Low,Within baseline with monitored trend behaviour
2026-03-11 08:00:00,CR-01,70.4,42.9,0.425,103,Medium,ch4_pct trending high
2026-03-11 12:00:00,CR-01,68.8,42.8,0.455,102,Medium,ch4_pct above upper limit
2026-03-11 16:00:00,CR-01,51.6,71.7,0.824,56,Critical,ch4_pct above upper limit
2026-03-11 20:00:00,CR-01,68.8,43.1,0.479,98,Medium,ch4_pct above upper limit
2026-03-12 00:00:00,CR-01,79.1,29.3,0.223,125,Medium,Within baseline with monitored trend behaviour
2026-03-12 04:00:00,CR-01,72.1,40.7,0.405,106,Medium,Within baseline with monitored trend behaviour
2026-03-12 08:00:00,CR-01,65.7,47.7,0.52,89,High,ch4_pct above upper limit
2026-03-12 12:00:00,CR-01,73.6,40.4,0.419,108,Medium,utilisation_pct trending high
2026-03-12 16:00:00,CR-01,82.3,28.8,0.269,121,Medium,Within baseline with monitored trend behaviour
2026-03-12 20:00:00,CR-01,72.8,37.2,0.365,109,Medium,utilisation_pct trending high
2026-03-13 00:00:00,CR-01,87.4,18.6,0.126,138,Low,Within baseline with monitored trend behaviour
2026-03-13 04:00:00,CR-01,79.9,31.8,0.326,119,Medium,utilisation_pct trending high
2026-03-13 08:00:00,CR-01,87.1,15.8,0.126,151,Low,Within baseline with monitored trend behaviour
2026-03-13 12:00:00,CR-01,76.6,33.2,0.26,114,Medium,Within baseline with monitored trend behaviour
2026-03-13 16:00:00,CR-01,93.3,8.7,0.0,156,Low,Within baseline with monitored trend behaviour
2026-03-13 20:00:00,CR-01,87.0,18.0,0.12,139,Low,Within baseline with monitored trend behaviour
2026-03-14 00:00:00,CR-01,95.6,8.1,0.007,154,Low,Within baseline with monitored trend behaviour
2026-03-14 04:00:00,CR-01,94.5,12.1,0.0,147,Low,Within baseline with monitored trend behaviour
2026-03-14 08:00:00,CR-01,93.5,9.0,0.022,151,Low,Within baseline with monitored trend behaviour
2026-03-14 12:00:00,CR-01,94.6,10.0,0.003,157,Low,Within baseline with monitored trend behaviour
2026-03-14 16:00:00,CR-01,94.0,7.9,0.004,147,Low,Within baseline with monitored trend behaviour
2026-03-14 20:00:00,CR-01,93.8,6.7,0.001,152,Low,Within baseline with monitored trend behaviour
2026-03-15 00:00:00,CR-01,94.5,7.0,0.0,156,Low,Within baseline with monitored trend behaviour
2026-03-15 04:00:00,CR-01,92.7,12.6,0.024,143,Low,Within baseline with monitored trend behaviour
2026-03-15 08:00:00,CR-01,92.3,9.1,0.003,154,Low,Within baseline with monitored trend behaviour
2026-03-15 12:00:00,CR-01,91.6,10.6,0.0,147,Low,Within baseline with monitored trend behaviour
2026-03-15 16:00:00,CR-01,91.1,15.1,0.089,152,Low,Within baseline with monitored trend behaviour
2026-03-15 20:00:00,CR-01,83.7,22.9,0.207,133,Low,utilisation_pct trending high
2026-03-16 00:00:00,CR-01,85.9,16.5,0.145,143,Low,Within baseline with monitored trend behaviour
2026-03-16 04:00:00,CR-01,85.2,17.7,0.134,143,Low,Within baseline with monitored trend behaviour
2026-03-16 08:00:00,CR-01,93.8,8.7,0.007,149,Low,Within baseline with monitored trend behaviour
2026-03-16 12:00:00,CR-01,82.4,23.1,0.238,131,Low,Within baseline with monitored trend behaviour
2026-03-16 16:00:00,CR-01,80.8,24.3,0.228,128,Low,Within baseline with monitored trend behaviour
2026-03-16 20:00:00,CR-01,78.4,33.0,0.32,116,Medium,Within baseline with monitored trend behaviour
2026-03-17 00:00:00,CR-01,90.0,9.7,0.059,142,Low,Within baseline with monitored trend behaviour
2026-03-17 04:00:00,CR-01,75.7,31.5,0.293,120,Medium,ch4_pct trending high
2026-03-17 08:00:00,CR-01,76.3,34.1,0.305,113,Medium,utilisation_pct trending high
2026-03-17 12:00:00,CR-01,81.8,24.3,0.162,126,Low,Within baseline with monitored trend behaviour
2026-03-17 16:00:00,CR-01,69.9,43.5,0.446,89,Medium,ch4_pct above upper limit
2026-03-17 20:00:00,CR-01,81.3,22.7,0.159,124,Low,Within baseline with monitored trend behaviour
2026-03-18 00:00:00,CR-01,60.4,52.9,0.584,87,High,ch4_pct above upper limit
2026-03-18 04:00:00,CR-01,81.9,25.8,0.218,132,Medium,Within baseline with monitored trend behaviour
2026-03-18 08:00:00,CR-01,82.3,25.3,0.23,121,Medium,Within baseline with monitored trend behaviour
2026-03-18 12:00:00,CR-01,63.9,49.1,0.502,90,High,ch4_pct above upper limit
2026-03-18 16:00:00,CR-01,71.0,40.1,0.421,103,Medium,ch4_pct above upper limit
2026-03-18 20:00:00,CR-01,73.7,39.1,0.455,103,Medium,ch4_pct trending high
2026-03-19 00:00:00,CR-01,83.3,22.8,0.199,133,Low,Within baseline with monitored trend behaviour
2026-03-19 04:00:00,CR-01,65.6,50.0,0.552,97,High,ch4_pct above upper limit
2026-03-19 08:00:00,CR-01,57.1,60.1,0.625,71,High,ch4_pct above upper limit
2026-03-19 12:00:00,CR-01,55.3,61.3,0.699,68,High,ch4_pct above upper limit
2026-03-19 16:00:00,CR-01,68.3,43.6,0.446,99,Medium,ch4_pct trending high
2026-03-19 20:00:00,CR-01,69.8,42.9,0.455,101,Medium,ch4_pct above upper limit
2026-03-20 00:00:00,CR-01,75.6,33.5,0.336,114,Medium,Within baseline with monitored trend behaviour
2026-03-20 04:00:00,CR-01,67.4,43.7,0.441,97,Medium,utilisation_pct trending high
2026-03-20 08:00:00,CR-01,84.0,19.9,0.202,135,Low,Within baseline with monitored trend behaviour
2026-03-20 12:00:00,CR-01,77.0,27.8,0.265,125,Medium,ch4_pct trending high
2026-03-20 16:00:00,CR-01,86.1,15.9,0.123,143,Low,Within baseline with monitored trend behaviour
2026-03-20 20:00:00,CR-01,85.9,14.6,0.063,147,Low,Within baseline with monitored trend behaviour
2026-03-21 00:00:00,CR-01,92.5,9.9,0.029,147,Low,Within baseline with monitored trend behaviour
2026-03-21 04:00:00,CR-01,92.6,10.1,0.031,160,Low,Within baseline with monitored trend behaviour
2026-03-21 08:00:00,CR-01,93.5,9.0,0.0,157,Low,Within baseline with monitored trend behaviour
2026-03-21 12:00:00,CR-01,90.5,10.2,0.006,153,Low,Within baseline with monitored trend behaviour
2026-03-21 16:00:00,CR-01,93.0,8.2,0.0,149,Low,Within baseline with monitored trend behaviour
2026-03-21 20:00:00,CR-01,94.4,7.7,0.0,159,Low,Within baseline with monitored trend behaviour
2026-03-22 00:00:00,CR-01,95.6,3.5,0.0,162,Low,Within baseline with monitored trend behaviour
2026-03-22 04:00:00,CR-01,94.1,8.5,0.01,151,Low,Within baseline with monitored trend behaviour
2026-03-22 08:00:00,CR-01,91.5,8.5,0.0,161,Low,Within baseline with monitored trend behaviour
2026-03-22 12:00:00,CR-01,91.4,12.8,0.051,142,Low,Within baseline with monitored trend behaviour
2026-03-22 16:00:00,CR-01,95.9,6.8,0.0,154,Low,Within baseline with monitored trend behaviour
2026-03-22 20:00:00,CR-01,88.7,14.1,0.071,139,Low,Within baseline with monitored trend behaviour
2026-03-23 00:00:00,CR-01,84.4,19.8,0.122,139,Low,Within baseline with monitored trend behaviour
2026-03-23 04:00:00,CR-01,90.1,13.4,0.091,144,Low,Within baseline with monitored trend behaviour
2026-03-23 08:00:00,CR-01,86.9,19.8,0.156,142,Low,Within baseline with monitored trend behaviour
2026-03-23 12:00:00,CR-01,76.9,32.3,0.317,115,Medium,utilisation_pct trending high
2026-03-23 16:00:00,CR-01,81.0,24.9,0.214,123,Low,utilisation_pct trending high
2026-03-23 20:00:00,CR-01,86.0,19.9,0.144,140,Low,Within baseline with monitored trend behaviour
2026-03-24 00:00:00,CR-01,72.2,38.5,0.39,108,Medium,ch4_pct above upper limit
2026-03-24 04:00:00,CR-01,86.2,18.8,0.114,126,Low,Within baseline with monitored trend behaviour
2026-03-24 08:00:00,CR-01,63.8,52.5,0.597,91,High,ch4_pct above upper limit
2026-03-24 12:00:00,CR-01,73.7,35.7,0.321,109,Medium,ch4_pct trending high
2026-03-24 16:00:00,CR-01,74.0,37.4,0.358,98,Medium,ch4_pct above upper limit
2026-03-24 20:00:00,CR-01,83.0,23.5,0.197,125,Low,ch4_pct trending high
2026-03-25 00:00:00,CR-01,84.8,21.7,0.191,131,Low,Within baseline with monitored trend behaviour
2026-03-25 04:00:00,CR-01,69.6,45.9,0.462,98,High,ch4_pct above upper limit
2026-03-25 08:00:00,CR-01,80.1,27.3,0.236,126,Medium,ch4_pct trending high
2026-03-25 12:00:00,CR-01,69.8,40.8,0.436,97,Medium,ch4_pct trending high
2026-03-25 16:00:00,CR-01,70.5,43.6,0.496,99,Medium,ch4_pct above upper limit
2026-03-25 20:00:00,CR-01,80.5,26.8,0.227,132,Medium,Within baseline with monitored trend behaviour
2026-03-26 00:00:00,CR-01,73.8,36.3,0.318,109,Medium,utilisation_pct trending high
2026-03-26 04:00:00,CR-01,73.0,35.2,0.354,109,Medium,ch4_pct trending high
2026-03-26 08:00:00,CR-01,64.1,45.2,0.485,86,High,utilisation_pct trending high
2026-03-26 12:00:00,CR-01,74.6,37.0,0.373,105,Medium,utilisation_pct trending high
2026-03-26 16:00:00,CR-01,75.7,33.2,0.278,111,Medium,Within baseline with monitored trend behaviour
2026-03-26 20:00:00,CR-01,57.5,59.2,0.693,66,High,utilisation_pct trending high; ch4_pct above upper limit
2026-03-27 00:00:00,CR-01,58.5,57.7,0.657,70,High,ch4_pct above upper limit
2026-03-27 04:00:00,CR-01,72.2,38.7,0.407,100,Medium,Within baseline with monitored trend behaviour
2026-03-27 08:00:00,CR-01,79.3,30.7,0.275,114,Medium,Within baseline with monitored trend behaviour
2026-03-27 12:00:00,CR-01,76.4,32.5,0.319,116,Medium,Within baseline with monitored trend behaviour
2026-03-27 16:00:00,CR-01,66.3,45.3,0.485,91,High,ch4_pct above upper limit
2026-03-27 20:00:00,CR-01,62.7,50.6,0.525,84,High,ch4_pct above upper limit
2026-03-28 00:00:00,CR-01,87.5,17.6,0.096,134,Low,Within baseline with monitored trend behaviour
2026-03-28 04:00:00,CR-01,85.0,18.8,0.144,131,Low,Within baseline with monitored trend behaviour
2026-03-28 08:00:00,CR-01,91.4,11.5,0.059,145,Low,Within baseline with monitored trend behaviour
2026-03-28 12:00:00,CR-01,90.8,14.1,0.064,140,Low,Within baseline with monitored trend behaviour
2026-03-28 16:00:00,CR-01,92.6,9.2,0.021,147,Low,Within baseline with monitored trend behaviour
2026-03-28 20:00:00,CR-01,89.4,10.7,0.031,145,Low,Within baseline with monitored trend behaviour
2026-03-29 00:00:00,CR-01,93.3,7.4,0.022,149,Low,Within baseline with monitored trend behaviour
2026-03-29 04:00:00,CR-01,96.1,4.8,0.0,156,Low,Within baseline with monitored trend behaviour
2026-03-29 08:00:00,CR-01,90.6,13.5,0.071,146,Low,Within baseline with monitored trend behaviour
2026-03-29 12:00:00,CR-01,93.7,8.9,0.032,150,Low,Within baseline with monitored trend behaviour
2026-03-29 16:00:00,CR-01,92.9,8.9,0.015,148,Low,Within baseline with monitored trend behaviour
2026-03-29 20:00:00,CR-01,93.2,8.4,0.012,153,Low,Within baseline with monitored trend behaviour
2026-03-30 00:00:00,CR-01,83.8,20.5,0.136,131,Low,Within baseline with monitored trend behaviour
2026-03-30 04:00:00,CR-01,85.3,16.7,0.051,133,Low,Within baseline with monitored trend behaviour
2026-03-30 08:00:00,CR-01,90.2,17.6,0.096,143,Low,Within baseline with monitored trend behaviour
2026-03-30 12:00:00,CR-01,86.5,17.8,0.118,136,Low,Within baseline with monitored trend behaviour
2026-03-30 16:00:00,CR-01,89.3,16.8,0.103,141,Low,Within baseline with monitored trend behaviour
2026-03-30 20:00:00,CR-01,85.6,17.5,0.174,139,Low,utilisation_pct trending high
2026-03-31 00:00:00,CR-01,85.6,16.0,0.138,143,Low,Within baseline with monitored trend behaviour
2026-03-31 04:00:00,CR-01,94.8,10.5,0.025,152,Low,Within baseline with monitored trend behaviour
2026-03-31 08:00:00,CR-01,95.5,6.8,0.0,151,Low,Within baseline with monitored trend behaviour
2026-03-31 12:00:00,CR-01,97.7,5.7,0.012,155,Low,Within baseline with monitored trend behaviour
2026-03-31 16:00:00,CR-01,90.8,13.0,0.03,145,Low,Within baseline with monitored trend behaviour
2026-03-31 20:00:00,CR-01,91.2,11.9,0.035,145,Low,Within baseline with monitored trend behaviour
2026-04-01 00:00:00,CR-01,86.2,21.8,0.17,133,Low,Within baseline with monitored trend behaviour
2026-04-01 04:00:00,CR-01,90.8,11.9,0.05,145,Low,Within baseline with monitored trend behaviour
2026-04-01 08:00:00,CR-01,90.5,11.2,0.063,146,Low,Within baseline with monitored trend behaviour
2026-04-01 12:00:00,CR-01,87.2,19.2,0.144,130,Low,Within baseline with monitored trend behaviour
2026-04-01 16:00:00,CR-01,73.8,37.3,0.375,103,Medium,ch4_pct above upper limit
2026-04-01 20:00:00,CR-01,60.5,56.4,0.632,77,High,ch4_pct above upper limit
2026-04-02 00:00:00,CR-01,71.0,41.9,0.486,100,Medium,utilisation_pct trending high
2026-04-02 04:00:00,CR-01,65.3,46.4,0.533,92,High,ch4_pct above upper limit
2026-04-02 08:00:00,CR-01,83.5,25.0,0.21,122,Medium,Within baseline with monitored trend behaviour
2026-04-02 12:00:00,CR-01,80.3,29.3,0.284,123,Medium,Within baseline with monitored trend behaviour
2026-04-02 16:00:00,CR-01,48.5,70.5,0.809,57,Critical,utilisation_pct trending high; ch4_pct above upper limit
2026-04-02 20:00:00,CR-01,68.7,43.4,0.507,97,Medium,utilisation_pct trending high; ch4_pct trending high
2026-04-03 00:00:00,CR-01,52.5,67.0,0.768,65,High,ch4_pct above upper limit
2026-04-03 04:00:00,CR-01,46.1,73.3,0.862,53,Critical,utilisation_pct trending high; ch4_pct above upper limit
2026-04-03 08:00:00,CR-01,66.9,44.9,0.511,103,Medium,ch4_pct above upper limit
2026-04-03 12:00:00,CR-01,79.0,28.6,0.26,113,Medium,Within baseline with monitored trend behaviour
2026-04-03 16:00:00,CR-01,81.5,27.9,0.316,116,Medium,Within baseline with monitored trend behaviour
2026-04-03 20:00:00,CR-01,83.5,25.5,0.223,122,Medium,Within baseline with monitored trend behaviour
2026-04-04 00:00:00,CR-01,85.4,21.7,0.188,136,Low,Within baseline with monitored trend behaviour
2026-04-04 04:00:00,CR-01,91.5,14.8,0.066,132,Low,Within baseline with monitored trend behaviour
2026-04-04 08:00:00,CR-01,61.9,55.6,0.599,80,High,ch4_pct above upper limit
2026-04-04 12:00:00,CR-01,81.0,23.8,0.206,124,Low,Within baseline with monitored trend behaviour
2026-04-04 16:00:00,CR-01,88.3,16.1,0.066,136,Low,Within baseline with monitored trend behaviour
2026-04-04 20:00:00,CR-01,87.2,18.8,0.178,132,Low,Within baseline with monitored trend behaviour
2026-04-05 00:00:00,CR-01,96.0,9.1,0.015,153,Low,Within baseline with monitored trend behaviour
2026-04-05 04:00:00,CR-01,91.0,12.8,0.028,147,Low,Within baseline with monitored trend behaviour
2026-04-05 08:00:00,CR-01,88.8,13.8,0.04,142,Low,Within baseline with monitored trend behaviour
2026-04-05 12:00:00,CR-01,89.5,13.4,0.087,142,Low,Within baseline with monitored trend behaviour
2026-04-05 16:00:00,CR-01,91.3,11.3,0.066,149,Low,Within baseline with monitored trend behaviour
2026-04-05 20:00:00,CR-01,86.0,17.8,0.128,139,Low,Within baseline with monitored trend behaviour
2026-04-06 00:00:00,CR-01,90.1,11.5,0.068,151,Low,Within baseline with monitored trend behaviour
2026-04-06 04:00:00,CR-01,79.1,28.3,0.239,127,Medium,utilisation_pct trending high
2026-04-06 08:00:00,CR-01,80.6,28.4,0.276,113,Medium,utilisation_pct above upper limit
2026-04-06 12:00:00,CR-01,87.9,19.0,0.167,140,Low,Within baseline with monitored trend behaviour
2026-04-06 16:00:00,CR-01,92.1,15.7,0.103,144,Low,Within baseline with monitored trend behaviour
2026-04-06 20:00:00,CR-01,91.3,11.4,0.061,140,Low,Within baseline with monitored trend behaviour
2026-04-07 00:00:00,CR-01,89.3,15.4,0.106,140,Low,Within baseline with monitored trend behaviour
2026-04-07 04:00:00,CR-01,95.1,8.9,0.01,150,Low,Within baseline with monitored trend behaviour
2026-04-07 08:00:00,CR-01,93.2,10.4,0.013,148,Low,Within baseline with monitored trend behaviour
2026-04-07 12:00:00,CR-01,94.1,9.8,0.0,144,Low,Within baseline with monitored trend behaviour
2026-04-07 16:00:00,CR-01,84.9,21.2,0.122,127,Low,Within baseline with monitored trend behaviour
2026-04-07 20:00:00,CR-01,90.8,13.3,0.07,145,Low,Within baseline with monitored trend behaviour
2026-04-08 00:00:00,CR-01,81.7,27.1,0.22,129,Medium,ch4_pct trending high
2026-04-08 04:00:00,CR-01,92.9,9.5,0.017,143,Low,Within baseline with monitored trend behaviour
2026-04-08 08:00:00,CR-01,90.7,14.2,0.055,139,Low,Within baseline with monitored trend behaviour
2026-04-08 12:00:00,CR-01,75.3,34.3,0.332,111,Medium,ch4_pct above upper limit
2026-04-08 16:00:00,CR-01,90.5,13.4,0.076,136,Low,Within baseline with monitored trend behaviour
2026-04-08 20:00:00,CR-01,93.3,9.9,0.035,145,Low,Within baseline with monitored trend behaviour
2026-04-09 00:00:00,CR-01,95.4,10.7,0.024,142,Low,Within baseline with monitored trend behaviour
2026-04-09 04:00:00,CR-01,83.6,25.2,0.268,132,Medium,Within baseline with monitored trend behaviour
2026-04-09 08:00:00,CR-01,73.0,37.5,0.368,102,Medium,utilisation_pct trending high
2026-04-09 12:00:00,CR-01,71.6,39.3,0.388,105,Medium,ch4_pct trending high
2026-04-09 16:00:00,CR-01,89.4,15.4,0.139,136,Low,Within baseline with monitored trend behaviour
2026-04-09 20:00:00,CR-01,52.1,64.1,0.695,66,High,ch4_pct above upper limit
2026-04-10 00:00:00,CR-01,73.1,36.5,0.38,110,Medium,utilisation_pct above upper limit
2026-04-10 04:00:00,CR-01,63.5,47.6,0.529,89,High,utilisation_pct trending high; ch4_pct trending high
2026-04-10 08:00:00,CR-01,59.1,54.0,0.607,81,High,ch4_pct above upper limit
2026-04-10 12:00:00,CR-01,68.1,44.6,0.461,96,Medium,ch4_pct trending high
2026-04-10 16:00:00,CR-01,60.7,53.0,0.628,82,High,ch4_pct above upper limit
2026-04-10 20:00:00,CR-01,43.8,78.5,0.878,46,Critical,ch4_pct above upper limit
2026-04-11 00:00:00,CR-01,63.8,48.9,0.542,85,High,ch4_pct above upper limit
2026-04-11 04:00:00,CR-01,76.3,29.2,0.274,117,Medium,Within baseline with monitored trend behaviour
2026-04-11 08:00:00,CR-01,80.8,25.4,0.224,120,Medium,Within baseline with monitored trend behaviour
2026-04-11 12:00:00,CR-01,82.3,25.9,0.222,123,Medium,Within baseline with monitored trend behaviour
2026-04-11 16:00:00,CR-01,79.4,28.6,0.26,119,Medium,ch4_pct trending high
2026-04-11 20:00:00,CR-01,86.4,22.3,0.166,134,Low,Within baseline with monitored trend behaviour
2026-04-12 00:00:00,CR-01,91.2,7.8,0.025,153,Low,Within baseline with monitored trend behaviour
2026-04-12 04:00:00,CR-01,81.8,25.2,0.219,125,Medium,Within baseline with monitored trend behaviour
2026-04-12 08:00:00,CR-01,79.7,24.8,0.222,120,Low,Within baseline with monitored trend behaviour
2026-04-12 12:00:00,CR-01,92.2,12.2,0.081,151,Low,Within baseline with monitored trend behaviour
2026-04-12 16:00:00,CR-01,86.7,23.9,0.216,118,Low,Within baseline with monitored trend behaviour
2026-04-12 20:00:00,CR-01,93.3,9.7,0.035,137,Low,Within baseline with monitored trend behaviour
2026-04-13 00:00:00,CR-01,81.6,24.0,0.167,125,Low,Within baseline with monitored trend behaviour
2026-04-13 04:00:00,CR-01,82.2,21.3,0.16,139,Low,Within baseline with monitored trend behaviour
2026-04-13 08:00:00,CR-01,93.3,8.6,0.004,145,Low,Within baseline with monitored trend behaviour
2026-04-13 12:00:00,CR-01,81.4,22.6,0.182,128,Low,Within baseline with monitored trend behaviour
2026-04-13 16:00:00,CR-01,94.0,10.8,0.0,143,Low,Within baseline with monitored trend behaviour
2026-04-13 20:00:00,CR-01,95.5,7.4,0.0,156,Low,Within baseline with monitored trend behaviour
2026-04-14 00:00:00,CR-01,92.2,14.2,0.04,137,Low,Within baseline with monitored trend behaviour
2026-04-14 04:00:00,CR-01,90.9,9.8,0.004,145,Low,Within baseline with monitored trend behaviour
2026-04-14 08:00:00,CR-01,92.9,7.4,0.023,152,Low,Within baseline with monitored trend behaviour
2026-04-14 12:00:00,CR-01,95.0,7.5,0.011,146,Low,Within baseline with monitored trend behaviour
2026-04-14 16:00:00,CR-01,90.7,12.0,0.039,142,Low,Within baseline with monitored trend behaviour
2026-04-14 20:00:00,CR-01,97.6,5.5,0.001,154,Low,Within baseline with monitored trend behaviour
2026-04-15 00:00:00,CR-01,90.8,10.1,0.013,149,Low,Within baseline with monitored trend behaviour
2026-04-15 04:00:00,CR-01,93.4,8.1,0.001,155,Low,Within baseline with monitored trend behaviour
2026-04-15 08:00:00,CR-01,93.8,9.6,0.01,139,Low,Within baseline with monitored trend behaviour
2026-04-15 12:00:00,CR-01,92.8,10.9,0.009,150,Low,Within baseline with monitored trend behaviour
2026-04-15 16:00:00,CR-01,88.7,14.3,0.095,146,Low,Within baseline with monitored trend behaviour
2026-04-15 20:00:00,CR-01,86.5,15.8,0.075,138,Low,Within baseline with monitored trend behaviour
2026-04-16 00:00:00,CR-01,78.7,29.9,0.255,113,Medium,ch4_pct trending high
2026-04-16 04:00:00,CR-01,57.2,59.5,0.678,74,High,ch4_pct above upper limit
2026-04-16 08:00:00,CR-01,64.9,44.2,0.49,92,Medium,utilisation_pct trending high; ch4_pct trending high
2026-04-16 12:00:00,CR-01,82.5,25.7,0.216,118,Medium,Within baseline with monitored trend behaviour
2026-04-16 16:00:00,CR-01,57.5,57.7,0.63,75,High,utilisation_pct trending high; ch4_pct above upper limit
2026-04-16 20:00:00,CR-01,64.7,50.7,0.551,83,High,utilisation_pct above upper limit
2026-04-17 00:00:00,CR-01,49.2,69.6,0.777,51,High,ch4_pct above upper limit
2026-04-17 04:00:00,CR-01,68.8,44.6,0.477,103,Medium,utilisation_pct trending high
2026-04-17 08:00:00,CR-01,55.1,65.5,0.705,60,High,ch4_pct above upper limit
2026-04-17 12:00:00,CR-01,65.5,43.3,0.467,92,Medium,utilisation_pct trending high
2026-04-17 16:00:00,CR-01,77.6,32.7,0.352,110,Medium,Within baseline with monitored trend behaviour
2026-04-17 20:00:00,CR-01,66.5,47.7,0.543,89,High,utilisation_pct trending high; ch4_pct trending high
2026-04-18 00:00:00,CR-01,75.6,37.1,0.402,101,Medium,ch4_pct above upper limit
2026-04-18 04:00:00,CR-01,71.2,39.7,0.391,107,Medium,ch4_pct trending high
2026-04-18 08:00:00,CR-01,81.2,23.8,0.178,132,Low,Within baseline with monitored trend behaviour
2026-04-18 12:00:00,CR-01,70.5,38.8,0.427,108,Medium,ch4_pct above upper limit
2026-04-18 16:00:00,CR-01,84.9,21.6,0.175,130,Low,Within baseline with monitored trend behaviour
2026-04-18 20:00:00,CR-01,88.3,20.2,0.184,139,Low,Within baseline with monitored trend behaviour
2026-04-19 00:00:00,CR-01,91.1,11.5,0.093,146,Low,Within baseline with monitored trend behaviour
2026-04-19 04:00:00,CR-01,61.2,52.8,0.577,82,High,ch4_pct above upper limit
2026-04-19 08:00:00,CR-01,53.9,67.5,0.746,50,High,ch4_pct above upper limit
2026-04-19 12:00:00,CR-01,87.1,16.4,0.133,146,Low,Within baseline with monitored trend behaviour
2026-04-19 16:00:00,CR-01,81.3,26.5,0.199,120,Medium,Within baseline with monitored trend behaviour
2026-04-19 20:00:00,CR-01,67.2,48.0,0.501,86,High,utilisation_pct above upper limit
2026-04-20 00:00:00,CR-01,85.9,18.9,0.132,127,Low,Within baseline with monitored trend behaviour
2026-04-20 04:00:00,CR-01,78.9,27.9,0.301,117,Medium,ch4_pct above upper limit
2026-04-20 08:00:00,CR-01,90.3,14.0,0.066,134,Low,Within baseline with monitored trend behaviour
2026-04-20 12:00:00,CR-01,80.1,26.4,0.236,119,Medium,utilisation_pct trending high
2026-04-20 16:00:00,CR-01,92.4,13.2,0.064,139,Low,Within baseline with monitored trend behaviour
2026-04-20 20:00:00,CR-01,82.0,22.3,0.14,123,Low,Within baseline with monitored trend behaviour
2026-04-21 00:00:00,CR-01,86.8,15.9,0.104,131,Low,Within baseline with monitored trend behaviour
2026-04-21 04:00:00,CR-01,87.3,14.9,0.087,134,Low,Within baseline with monitored trend behaviour
2026-04-21 08:00:00,CR-01,96.6,8.3,0.005,148,Low,Within baseline with monitored trend behaviour
2026-04-21 12:00:00,CR-01,91.7,9.1,0.011,143,Low,Within baseline with monitored trend behaviour
2026-04-21 16:00:00,CR-01,96.1,3.4,0.0,159,Low,Within baseline with monitored trend behaviour
2026-04-21 20:00:00,CR-01,95.2,6.9,0.001,151,Low,Within baseline with monitored trend behaviour
2026-04-22 00:00:00,CR-01,94.8,10.7,0.016,147,Low,Within baseline with monitored trend behaviour
2026-04-22 04:00:00,CR-01,92.7,11.9,0.055,144,Low,Within baseline with monitored trend behaviour
2026-04-22 08:00:00,CR-01,94.3,5.4,0.025,152,Low,Within baseline with monitored trend behaviour
2026-04-22 12:00:00,CR-01,94.9,6.8,0.0,141,Low,Within baseline with monitored trend behaviour
2026-04-22 16:00:00,CR-01,93.0,9.7,0.0,151,Low,Within baseline with monitored trend behaviour
2026-04-22 20:00:00,CR-01,94.5,8.1,0.0,144,Low,Within baseline with monitored trend behaviour
2026-04-23 00:00:00,CR-01,93.6,9.2,0.047,147,Low,Within baseline with monitored trend behaviour
2026-04-23 04:00:00,CR-01,94.6,9.5,0.061,146,Low,Within baseline with monitored trend behaviour
2026-04-23 08:00:00,CR-01,85.8,17.9,0.14,136,Low,Within baseline with monitored trend behaviour
2026-04-23 12:00:00,CR-01,82.1,25.3,0.24,121,Medium,utilisation_pct trending high
2026-04-23 16:00:00,CR-01,62.4,49.6,0.547,89,High,utilisation_pct trending high; ch4_pct trending high
2026-04-23 20:00:00,CR-01,83.8,20.7,0.189,134,Low,utilisation_pct trending high
2026-04-24 00:00:00,CR-01,84.8,21.8,0.179,133,Low,Within baseline with monitored trend behaviour
2026-04-24 04:00:00,CR-01,78.1,29.3,0.235,120,Medium,utilisation_pct trending high
2026-04-24 08:00:00,CR-01,87.1,14.3,0.122,139,Low,Within baseline with monitored trend behaviour
2026-04-24 12:00:00,CR-01,71.2,41.4,0.43,99,Medium,ch4_pct trending high
2026-04-24 16:00:00,CR-01,75.5,37.4,0.359,110,Medium,Within baseline with monitored trend behaviour
2026-04-24 20:00:00,CR-01,68.6,43.5,0.433,92,Medium,ch4_pct above upper limit
2026-04-25 00:00:00,CR-01,70.6,39.6,0.406,103,Medium,ch4_pct trending high
2026-04-25 04:00:00,CR-01,54.2,62.3,0.67,63,High,ch4_pct above upper limit
2026-04-25 08:00:00,CR-01,56.1,60.7,0.721,66,High,ch4_pct above upper limit
2026-04-25 12:00:00,CR-01,72.0,37.8,0.411,97,Medium,ch4_pct trending high
2026-04-25 16:00:00,CR-01,76.5,35.8,0.396,99,Medium,ch4_pct trending high
2026-04-25 20:00:00,CR-01,74.0,38.1,0.383,107,Medium,ch4_pct trending high
2026-04-26 00:00:00,CR-01,68.7,46.2,0.517,89,High,ch4_pct above upper limit
2026-04-26 04:00:00,CR-01,86.1,23.0,0.178,127,Low,Within baseline with monitored trend behaviour
2026-04-26 08:00:00,CR-01,70.4,36.9,0.394,106,Medium,Within baseline with monitored trend behaviour
2026-04-26 12:00:00,CR-01,88.9,13.8,0.064,140,Low,Within baseline with monitored trend behaviour
2026-04-26 16:00:00,CR-01,79.8,28.8,0.301,110,Medium,Within baseline with monitored trend behaviour
2026-04-26 20:00:00,CR-01,52.9,69.7,0.761,53,High,utilisation_pct trending high; ch4_pct above upper limit
2026-04-27 00:00:00,CR-01,73.5,38.0,0.375,102,Medium,ch4_pct trending high
2026-04-27 04:00:00,CR-01,83.7,25.6,0.253,122,Medium,utilisation_pct trending high
2026-04-27 08:00:00,CR-01,79.1,31.1,0.282,116,Medium,Within baseline with monitored trend behaviour
2026-04-27 12:00:00,CR-01,91.0,13.4,0.038,136,Low,Within baseline with monitored trend behaviour
2026-04-27 16:00:00,CR-01,83.8,22.5,0.175,122,Low,Within baseline with monitored trend behaviour
2026-04-27 20:00:00,CR-01,87.2,17.5,0.085,134,Low,Within baseline with monitored trend behaviour
2026-04-28 00:00:00,CR-01,94.1,8.1,0.02,151,Low,Within baseline with monitored trend behaviour
2026-04-28 04:00:00,CR-01,88.9,12.4,0.004,141,Low,Within baseline with monitored trend behaviour
2026-04-28 08:00:00,CR-01,95.9,4.9,0.04,153,Low,Within baseline with monitored trend behaviour
2026-04-28 12:00:00,CR-01,96.5,8.3,0.0,146,Low,Within baseline with monitored trend behaviour
2026-04-28 16:00:00,CR-01,92.0,11.6,0.006,140,Low,Within baseline with monitored trend behaviour
2026-04-28 20:00:00,CR-01,93.9,8.8,0.005,147,Low,Within baseline with monitored trend behaviour
2026-04-29 00:00:00,CR-01,94.2,6.6,0.0,154,Low,Within baseline with monitored trend behaviour
2026-04-29 04:00:00,CR-01,79.3,27.0,0.216,117,Medium,ch4_pct trending high
2026-04-29 08:00:00,CR-01,94.9,8.8,0.0,147,Low,Within baseline with monitored trend behaviour
2026-04-29 12:00:00,CR-01,92.2,10.7,0.004,149,Low,Within baseline with monitored trend behaviour
2026-04-29 16:00:00,CR-01,89.3,15.0,0.024,138,Low,Within baseline with monitored trend behaviour
2026-04-29 20:00:00,CR-01,95.3,6.1,0.0,151,Low,Within baseline with monitored trend behaviour
2026-04-30 00:00:00,CR-01,91.8,10.9,0.02,146,Low,Within baseline with monitored trend behaviour
2026-04-30 04:00:00,CR-01,94.7,9.4,0.028,147,Low,Within baseline with monitored trend behaviour
2026-04-30 08:00:00,CR-01,87.1,16.9,0.105,133,Low,Within baseline with monitored trend behaviour
2026-04-30 12:00:00,CR-01,83.6,24.6,0.222,116,Low,utilisation_pct trending high
2026-04-30 16:00:00,CR-01,80.4,29.7,0.297,114,Medium,utilisation_pct trending high
2026-04-30 20:00:00,CR-01,75.5,35.8,0.325,108,Medium,utilisation_pct trending high
2026-05-01 00:00:00,CR-01,69.6,40.9,0.411,96,Medium,utilisation_pct trending high; ch4_pct trending high
2026-05-01 04:00:00,CR-01,89.4,14.4,0.114,135,Low,Within baseline with monitored trend behaviour
2026-05-01 08:00:00,CR-01,90.5,14.1,0.126,139,Low,Within baseline with monitored trend behaviour
2026-05-01 12:00:00,CR-01,78.3,27.6,0.219,121,Medium,Within baseline with monitored trend behaviour
2026-05-01 16:00:00,CR-01,82.9,23.5,0.258,131,Low,Within baseline with monitored trend behaviour
2026-05-01 20:00:00,CR-01,85.6,18.5,0.135,130,Low,Within baseline with monitored trend behaviour
2026-05-02 00:00:00,CR-01,73.0,36.9,0.348,104,Medium,ch4_pct trending high
2026-05-02 04:00:00,CR-01,80.6,28.1,0.248,120,Medium,Within baseline with monitored trend behaviour
2026-05-02 08:00:00,CR-01,43.5,78.6,0.854,39,Critical,ch4_pct above upper limit
2026-05-02 12:00:00,CR-01,71.1,42.1,0.468,99,Medium,ch4_pct above upper limit
2026-05-02 16:00:00,CR-01,81.4,23.0,0.175,122,Low,Within baseline with monitored trend behaviour
2026-05-02 20:00:00,CR-01,79.9,26.1,0.231,127,Medium,Within baseline with monitored trend behaviour
2026-05-03 00:00:00,CR-01,71.5,41.5,0.419,99,Medium,ch4_pct trending high
2026-05-03 04:00:00,CR-01,57.1,57.0,0.626,74,High,ch4_pct above upper limit
2026-05-03 08:00:00,CR-01,58.3,57.1,0.578,68,High,ch4_pct above upper limit
2026-05-03 12:00:00,CR-01,55.5,63.7,0.693,65,High,ch4_pct above upper limit
2026-05-03 16:00:00,CR-01,71.7,39.0,0.401,88,Medium,ch4_pct above upper limit
2026-05-03 20:00:00,CR-01,65.6,46.5,0.493,78,High,ch4_pct above upper limit
2026-05-04 00:00:00,CR-01,60.8,54.9,0.553,67,High,utilisation_pct trending high; ch4_pct trending high
2026-05-04 04:00:00,CR-01,60.5,58.7,0.641,73,High,utilisation_pct trending high; ch4_pct above upper limit
2026-05-04 08:00:00,CR-01,71.2,37.5,0.353,99,Medium,utilisation_pct above upper limit
2026-05-04 12:00:00,CR-01,48.3,71.9,0.841,51,Critical,utilisation_pct above upper limit; ch4_pct above upper limit
2026-05-04 16:00:00,CR-01,76.3,31.1,0.285,110,Medium,ch4_pct trending high
2026-05-04 20:00:00,CR-01,78.2,31.4,0.273,112,Medium,utilisation_pct trending high
2026-05-05 00:00:00,CR-01,87.7,17.4,0.143,127,Low,Within baseline with monitored trend behaviour
2026-05-05 04:00:00,CR-01,88.1,13.4,0.09,145,Low,Within baseline with monitored trend behaviour
2026-05-05 08:00:00,CR-01,90.2,11.5,0.0,138,Low,Within baseline with monitored trend behaviour
2026-05-05 12:00:00,CR-01,96.5,7.4,0.0,150,Low,Within baseline with monitored trend behaviour
2026-05-05 16:00:00,CR-01,94.8,10.8,0.0,144,Low,Within baseline with monitored trend behaviour
2026-05-05 20:00:00,CR-01,94.6,10.3,0.022,147,Low,Within baseline with monitored trend behaviour
2026-05-06 00:00:00,CR-01,93.4,10.1,0.0,147,Low,Within baseline with monitored trend behaviour
2026-05-06 04:00:00,CR-01,91.5,10.6,0.041,141,Low,Within baseline with monitored trend behaviour
2026-05-06 08:00:00,CR-01,88.5,13.8,0.016,141,Low,Within baseline with monitored trend behaviour
2026-05-06 12:00:00,CR-01,92.0,12.0,0.0,139,Low,Within baseline with monitored trend behaviour
2026-05-06 16:00:00,CR-01,92.2,9.9,0.01,140,Low,Within baseline with monitored trend behaviour
2026-05-06 20:00:00,CR-01,94.2,10.7,0.0,141,Low,Within baseline with monitored trend behaviour
2026-05-07 00:00:00,CR-01,94.1,8.7,0.021,145,Low,Within baseline with monitored trend behaviour
2026-05-07 04:00:00,CR-01,93.1,6.4,0.0,143,Low,Within baseline with monitored trend behaviour
2026-05-07 08:00:00,CR-01,94.4,5.6,0.0,151,Low,Within baseline with monitored trend behaviour
2026-05-07 12:00:00,CR-01,80.7,25.2,0.241,114,Medium,utilisation_pct trending high
2026-05-07 16:00:00,CR-01,80.2,24.9,0.249,119,Low,Within baseline with monitored trend behaviour
2026-05-07 20:00:00,CR-01,93.4,12.4,0.029,139,Low,Within baseline with monitored trend behaviour
2026-05-08 00:00:00,CR-01,70.5,39.3,0.374,100,Medium,ch4_pct above upper limit
2026-05-08 04:00:00,CR-01,90.1,14.6,0.107,132,Low,Within baseline with monitored trend behaviour
2026-05-08 08:00:00,CR-01,73.9,36.2,0.38,109,Medium,ch4_pct trending high
2026-05-08 12:00:00,CR-01,73.5,35.3,0.329,99,Medium,Within baseline with monitored trend behaviour
2026-05-08 16:00:00,CR-01,72.5,39.5,0.425,98,Medium,ch4_pct trending high
2026-05-08 20:00:00,CR-01,63.4,49.8,0.52,82,High,ch4_pct above upper limit
2026-05-09 00:00:00,CR-01,70.4,43.7,0.451,97,Medium,ch4_pct above upper limit
2026-05-09 04:00:00,CR-01,62.5,54.8,0.576,73,High,ch4_pct above upper limit
2026-05-09 08:00:00,CR-01,60.0,55.5,0.627,72,High,ch4_pct above upper limit
2026-05-09 12:00:00,CR-01,50.8,68.3,0.778,52,High,ch4_pct above upper limit
2026-05-09 16:00:00,CR-01,57.9,58.2,0.655,71,High,ch4_pct above upper limit
2026-05-09 20:00:00,CR-01,41.3,84.3,1.0,32,Critical,ch4_pct above upper limit
2026-05-10 00:00:00,CR-01,34.4,86.2,1.0,16,Critical,ch4_pct above upper limit
2026-05-10 04:00:00,CR-01,46.0,76.5,0.875,47,Critical,ch4_pct above upper limit
2026-05-10 08:00:00,CR-01,37.9,85.2,1.0,21,Critical,ch4_pct above upper limit
2026-05-10 12:00:00,CR-01,37.2,87.2,1.0,21,Critical,utilisation_pct trending high; ch4_pct above upper limit
2026-05-10 16:00:00,CR-01,37.9,86.0,1.0,28,Critical,ch4_pct above upper limit
2026-05-10 20:00:00,CR-01,38.7,85.1,1.0,29,Critical,ch4_pct above upper limit
2026-05-11 00:00:00,CR-01,37.3,85.5,1.0,20,Critical,utilisation_pct above upper limit; ch4_pct above upper limit
2026-05-11 04:00:00,CR-01,38.6,83.9,1.0,32,Critical,ch4_pct above upper limit
2026-05-11 08:00:00,CR-01,38.8,84.5,1.0,23,Critical,utilisation_pct above upper limit; ch4_pct above upper limit
2026-05-11 12:00:00,CR-01,38.4,86.1,1.0,26,Critical,ch4_pct above upper limit
2026-05-11 16:00:00,CR-01,35.5,89.5,1.0,20,Critical,utilisation_pct trending high; ch4_pct above upper limit
2026-05-11 20:00:00,CR-01,42.2,84.9,1.0,30,Critical,utilisation_pct trending high; ch4_pct above upper limit
2026-05-12 00:00:00,CR-01,38.4,87.8,1.0,25,Critical,ch4_pct above upper limit
2026-05-12 04:00:00,CR-01,36.2,88.3,1.0,30,Critical,ch4_pct above upper limit
2026-05-12 08:00:00,CR-01,39.9,82.9,1.0,36,Critical,ch4_pct above upper limit
2026-05-12 12:00:00,CR-01,47.4,74.4,0.856,40,Critical,ch4_pct above upper limit
2026-05-12 16:00:00,CR-01,36.9,86.9,1.0,28,Critical,ch4_pct above upper limit
2026-05-12 20:00:00,CR-01,35.0,86.6,1.0,20,Critical,ch4_pct above upper limit
2026-05-13 00:00:00,CR-01,41.6,84.1,1.0,22,Critical,ch4_pct above upper limit
2026-05-13 04:00:00,CR-01,60.4,59.4,0.666,70,High,ch4_pct trending high
2026-05-13 08:00:00,CR-01,38.0,84.3,1.0,23,Critical,ch4_pct above upper limit
2026-05-13 12:00:00,CR-01,37.0,86.4,1.0,24,Critical,ch4_pct above upper limit
2026-05-13 16:00:00,CR-01,37.7,86.6,1.0,24,Critical,ch4_pct above upper limit
2026-05-13 20:00:00,CR-01,36.8,86.2,1.0,18,Critical,ch4_pct above upper limit
2026-05-14 00:00:00,CR-01,36.8,86.1,1.0,28,Critical,ch4_pct above upper limit
2026-05-14 04:00:00,CR-01,42.7,78.8,0.939,36,Critical,ch4_pct above upper limit
2026-05-14 08:00:00,CR-01,35.7,88.5,1.0,21,Critical,ch4_pct above upper limit
2026-05-14 12:00:00,CR-01,38.3,87.2,1.0,24,Critical,ch4_pct above upper limit
2026-05-14 16:00:00,CR-01,34.9,89.6,1.0,25,Critical,ch4_pct above upper limit
2026-05-14 20:00:00,CR-01,37.5,87.4,1.0,23,Critical,ch4_pct above upper limit
2026-05-15 00:00:00,CR-01,35.7,87.9,1.0,22,Critical,ch4_pct above upper limit
2026-05-15 04:00:00,CR-01,40.8,85.5,1.0,22,Critical,ch4_pct above upper limit
2026-05-15 08:00:00,CR-01,34.5,90.0,1.0,12,Critical,ch4_pct above upper limit
2026-05-15 12:00:00,CR-01,38.1,84.3,1.0,33,Critical,ch4_pct above upper limit
2026-05-15 16:00:00,CR-01,40.5,83.3,1.0,34,Critical,oil_temperature_C trending high; ch4_pct above upper limit
2026-05-15 20:00:00,CR-01,33.9,91.5,1.0,16,Critical,ch4_pct above upper limit
2026-05-16 00:00:00,CR-01,39.2,83.7,1.0,36,Critical,ch4_pct above upper limit
2026-05-16 04:00:00,CR-01,38.6,87.7,1.0,24,Critical,ch4_pct above upper limit
2026-05-16 08:00:00,CR-01,39.4,88.1,1.0,19,Critical,ch4_pct above upper limit
2026-05-16 12:00:00,CR-01,36.0,87.5,1.0,13,Critical,oil_temperature_C trending high; energy_kwh trending high; ch4_pct above upper limit
2026-05-16 16:00:00,CR-01,37.9,86.5,1.0,22,Critical,oil_temperature_C trending high; energy_kwh trending high; ch4_pct above upper limit
2026-05-16 20:00:00,CR-01,39.2,84.7,1.0,27,Critical,motor_current_A trending high; oil_temperature_C trending high; energy_kwh trending high
2026-05-17 00:00:00,CR-01,36.1,89.9,1.0,20,Critical,motor_current_A trending high; oil_temperature_C trending high; ch4_pct above upper limit
2026-05-17 04:00:00,CR-01,37.7,84.5,1.0,22,Critical,motor_current_A trending high; oil_temperature_C trending high; vibration_mm_s trending high
2026-05-17 08:00:00,CR-01,38.6,85.4,1.0,25,Critical,oil_temperature_C trending high; energy_kwh trending high; ch4_pct above upper limit
2026-05-17 12:00:00,CR-01,35.9,84.4,1.0,24,Critical,motor_current_A trending high; oil_temperature_C trending high; vibration_mm_s trending high
2026-05-17 16:00:00,CR-01,36.2,87.9,1.0,20,Critical,motor_current_A trending high; oil_temperature_C trending high; vibration_mm_s trending high
2026-05-17 20:00:00,CR-01,40.6,82.8,1.0,30,Critical,motor_current_A trending high; oil_temperature_C above upper limit; vibration_mm_s trending high
2026-05-18 00:00:00,CR-01,40.3,84.9,1.0,30,Critical,motor_current_A trending high; oil_temperature_C trending high; vibration_mm_s trending high
2026-05-18 04:00:00,CR-01,33.6,90.2,1.0,18,Critical,motor_current_A trending high; oil_temperature_C above upper limit; vibration_mm_s trending high
2026-05-18 08:00:00,CR-01,40.7,83.6,1.0,29,Critical,motor_current_A trending high; oil_temperature_C above upper limit; energy_kwh trending high
2026-05-18 12:00:00,CR-01,41.3,82.1,1.0,28,Critical,motor_current_A trending high; oil_temperature_C above upper limit; vibration_mm_s trending high
2026-05-18 16:00:00,CR-01,39.3,83.6,1.0,35,Critical,motor_current_A trending high; oil_temperature_C above upper limit; vibration_mm_s trending high
2026-05-18 20:00:00,CR-01,36.0,87.1,1.0,20,Critical,motor_current_A trending high; oil_temperature_C above upper limit; vibration_mm_s trending high
2026-05-19 00:00:00,CR-01,39.2,82.1,1.0,36,Critical,motor_current_A trending high; oil_temperature_C trending high; vibration_mm_s trending high
2026-05-19 04:00:00,CR-01,37.4,87.8,1.0,22,Critical,motor_current_A trending high; oil_temperature_C trending high; vibration_mm_s trending high
2026-05-19 08:00:00,CR-01,36.5,88.8,1.0,18,Critical,motor_current_A trending high; oil_temperature_C trending high; vibration_mm_s trending high
2026-05-19 12:00:00,CR-01,37.8,85.8,1.0,22,Critical,motor_current_A trending high; oil_temperature_C trending high; vibration_mm_s trending high
2026-05-19 16:00:00,CR-01,34.1,89.4,1.0,16,Critical,motor_current_A trending high; oil_temperature_C above upper limit; vibration_mm_s trending high
2026-05-19 20:00:00,CR-01,42.2,82.4,1.0,30,Critical,motor_current_A trending high; oil_temperature_C above upper limit; vibration_mm_s trending high
2026-05-20 00:00:00,CR-01,34.6,89.5,1.0,14,Critical,motor_current_A trending high; oil_temperature_C trending high; vibration_mm_s trending high
2026-05-20 04:00:00,CR-01,40.4,83.7,1.0,25,Critical,motor_current_A trending high; oil_temperature_C trending high; energy_kwh trending high
2026-05-20 08:00:00,CR-01,37.0,86.6,1.0,28,Critical,motor_current_A trending high; oil_temperature_C above upper limit; vibration_mm_s trending high
2026-05-20 12:00:00,CR-01,36.4,88.5,1.0,23,Critical,motor_current_A trending high; oil_temperature_C above upper limit; vibration_mm_s trending high
2026-05-20 16:00:00,CR-01,38.2,85.7,1.0,15,Critical,motor_current_A trending high; oil_temperature_C trending high; vibration_mm_s trending high
2026-05-20 20:00:00,CR-01,37.4,87.0,1.0,25,Critical,motor_current_A trending high; oil_temperature_C above upper limit; vibration_mm_s trending high
2026-05-21 00:00:00,CR-01,35.9,87.4,1.0,20,Critical,oil_temperature_C trending high; vibration_mm_s trending high; ch4_pct above upper limit
2026-05-21 04:00:00,CR-01,40.3,85.0,1.0,31,Critical,oil_temperature_C trending high; vibration_mm_s trending high; ch4_pct above upper limit
2026-05-21 08:00:00,CR-01,39.9,87.6,1.0,22,Critical,oil_temperature_C above upper limit; vibration_mm_s trending high; ch4_pct above upper limit
2026-05-21 12:00:00,CR-01,37.4,84.1,1.0,22,Critical,oil_temperature_C trending high; vibration_mm_s trending high; ch4_pct above upper limit
2026-05-21 16:00:00,CR-01,37.7,85.1,1.0,24,Critical,oil_temperature_C above upper limit; vibration_mm_s trending high; ch4_pct above upper limit
2026-05-21 20:00:00,CR-01,38.5,85.6,1.0,33,Critical,oil_temperature_C above upper limit; vibration_mm_s trending high; ch4_pct above upper limit
2026-05-22 00:00:00,CR-01,37.2,87.8,1.0,24,Critical,oil_temperature_C above upper limit; vibration_mm_s trending high; ch4_pct above upper limit
2026-05-22 04:00:00,CR-01,38.0,84.4,1.0,29,Critical,oil_temperature_C above upper limit; vibration_mm_s trending high; ch4_pct above upper limit
2026-05-22 08:00:00,CR-01,38.3,86.0,1.0,18,Critical,oil_temperature_C above upper limit; vibration_mm_s trending high; ch4_pct above upper limit
2026-05-22 12:00:00,CR-01,38.1,85.1,1.0,22,Critical,oil_temperature_C above upper limit; vibration_mm_s trending high; ch4_pct above upper limit
2026-05-22 16:00:00,CR-01,38.2,90.3,1.0,20,Critical,oil_temperature_C above upper limit; vibration_mm_s trending high; ch4_pct above upper limit
2026-05-22 20:00:00,CR-01,37.1,86.2,1.0,18,Critical,oil_temperature_C above upper limit; vibration_mm_s trending high; ch4_pct above upper limit
2026-05-23 00:00:00,CR-01,39.5,86.7,1.0,25,Critical,oil_temperature_C above upper limit; vibration_mm_s trending high; ch4_pct above upper limit
2026-05-23 04:00:00,CR-01,38.9,86.2,1.0,22,Critical,oil_temperature_C above upper limit; vibration_mm_s trending high; ch4_pct above upper limit
2026-05-23 08:00:00,CR-01,37.0,85.4,1.0,22,Critical,oil_temperature_C above upper limit; vibration_mm_s above upper limit; ch4_pct above upper limit
2026-05-23 12:00:00,CR-01,37.0,86.6,1.0,17,Critical,oil_temperature_C above upper limit; vibration_mm_s trending high; ch4_pct above upper limit
2026-05-23 16:00:00,CR-01,38.4,86.2,1.0,21,Critical,oil_temperature_C above upper limit; vibration_mm_s above upper limit; ch4_pct above upper limit
2026-05-23 20:00:00,CR-01,34.3,86.0,1.0,25,Critical,oil_temperature_C above upper limit; vibration_mm_s above upper limit; ch4_pct above upper limit
2026-05-24 00:00:00,CR-01,39.8,86.6,1.0,21,Critical,motor_current_A above upper limit; oil_temperature_C above upper limit; vibration_mm_s above upper limit
2026-05-24 04:00:00,CR-01,38.8,87.5,1.0,20,Critical,motor_current_A above upper limit; oil_temperature_C above upper limit; vibration_mm_s above upper limit
2026-05-24 08:00:00,CR-01,37.8,86.7,1.0,15,Critical,motor_current_A above upper limit; oil_temperature_C above upper limit; vibration_mm_s above upper limit
2026-05-24 12:00:00,CR-01,36.1,86.8,1.0,18,Critical,motor_current_A above upper limit; oil_temperature_C above upper limit; vibration_mm_s above upper limit
2026-05-24 16:00:00,CR-01,39.3,87.0,1.0,24,Critical,motor_current_A above upper limit; oil_temperature_C above upper limit; vibration_mm_s above upper limit
2026-05-24 20:00:00,CR-01,37.7,87.2,1.0,24,Critical,motor_current_A above upper limit; oil_temperature_C above upper limit; vibration_mm_s above upper limit
2026-05-25 00:00:00,CR-01,34.8,89.4,1.0,15,Critical,motor_current_A above upper limit; oil_temperature_C above upper limit; vibration_mm_s above upper limit
2026-05-25 04:00:00,CR-01,34.5,87.5,1.0,20,Critical,motor_current_A above upper limit; oil_temperature_C above upper limit; vibration_mm_s above upper limit
2026-05-25 08:00:00,CR-01,36.9,86.5,1.0,14,Critical,motor_current_A above upper limit; oil_temperature_C above upper limit; vibration_mm_s above upper limit
2026-05-25 12:00:00,CR-01,35.2,88.8,1.0,16,Critical,motor_current_A above upper limit; oil_temperature_C above upper limit; vibration_mm_s above upper limit
2026-05-25 16:00:00,CR-01,31.7,88.7,1.0,24,Critical,motor_current_A above upper limit; oil_temperature_C above upper limit; vibration_mm_s above upper limit
2026-05-25 20:00:00,CR-01,33.5,90.5,1.0,13,Critical,motor_current_A above upper limit; oil_temperature_C above upper limit; vibration_mm_s above upper limit
2026-05-26 00:00:00,CR-01,37.8,87.0,1.0,24,Critical,motor_current_A above upper limit; oil_temperature_C above upper limit; vibration_mm_s above upper limit
2026-05-26 04:00:00,CR-01,38.6,87.0,1.0,34,Critical,motor_current_A above upper limit; oil_temperature_C above upper limit; vibration_mm_s trending high
2026-05-26 08:00:00,CR-01,42.4,82.8,1.0,33,Critical,motor_current_A above upper limit; oil_temperature_C above upper limit; vibration_mm_s above upper limit
2026-05-26 12:00:00,CR-01,38.5,83.8,1.0,27,Critical,motor_current_A above upper limit; oil_temperature_C above upper limit; vibration_mm_s above upper limit
2026-05-26 16:00:00,CR-01,39.0,83.5,1.0,27,Critical,motor_current_A above upper limit; oil_temperature_C above upper limit; vibration_mm_s above upper limit
2026-05-26 20:00:00,CR-01,38.7,84.6,1.0,21,Critical,motor_current_A above upper limit; oil_temperature_C above upper limit; vibration_mm_s trending high
2026-05-27 00:00:00,CR-01,40.1,84.1,1.0,24,Critical,motor_current_A above upper limit; oil_temperature_C above upper limit; vibration_mm_s above upper limit
2026-05-27 04:00:00,CR-01,39.0,86.2,1.0,22,Critical,motor_current_A trending high; oil_temperature_C above upper limit; vibration_mm_s trending high
2026-05-27 08:00:00,CR-01,37.2,85.3,1.0,25,Critical,motor_current_A trending high; oil_temperature_C above upper limit; vibration_mm_s trending high
2026-05-27 12:00:00,CR-01,36.5,90.0,1.0,10,Critical,motor_current_A above upper limit; oil_temperature_C above upper limit; vibration_mm_s above upper limit
2026-05-27 16:00:00,CR-01,39.9,82.0,1.0,22,Critical,motor_current_A trending high; oil_temperature_C above upper limit; vibration_mm_s above upper limit
2026-05-27 20:00:00,CR-01,36.4,83.4,1.0,27,Critical,motor_current_A above upper limit; oil_temperature_C above upper limit; vibration_mm_s above upper limit
2026-05-28 00:00:00,CR-01,38.0,83.7,1.0,23,Critical,motor_current_A above upper limit; oil_temperature_C above upper limit; vibration_mm_s above upper limit
2026-05-28 04:00:00,CR-01,38.6,84.7,1.0,18,Critical,motor_current_A trending high; oil_temperature_C above upper limit; vibration_mm_s trending high
2026-05-28 08:00:00,CR-01,37.1,88.0,1.0,20,Critical,motor_current_A trending high; oil_temperature_C above upper limit; vibration_mm_s trending high
2026-05-28 12:00:00,CR-01,40.3,85.1,1.0,25,Critical,motor_current_A trending high; oil_temperature_C above upper limit; vibration_mm_s trending high
2026-05-28 16:00:00,CR-01,39.3,86.4,1.0,14,Critical,motor_current_A above upper limit; oil_temperature_C above upper limit; vibration_mm_s trending high
2026-05-28 20:00:00,CR-01,36.8,86.4,1.0,18,Critical,motor_current_A above upper limit; oil_temperature_C above upper limit; vibration_mm_s trending high
2026-05-29 00:00:00,CR-01,39.0,87.6,1.0,24,Critical,motor_current_A trending high; oil_temperature_C above upper limit; vibration_mm_s trending high
2026-05-29 04:00:00,CR-01,37.6,86.0,1.0,26,Critical,motor_current_A trending high; oil_temperature_C above upper limit; vibration_mm_s trending high
2026-05-29 08:00:00,CR-01,42.0,84.0,1.0,23,Critical,motor_current_A trending high; oil_temperature_C above upper limit; vibration_mm_s above upper limit
2026-05-29 12:00:00,CR-01,37.4,85.9,1.0,22,Critical,motor_current_A trending high; oil_temperature_C above upper limit; vibration_mm_s trending high
2026-05-29 16:00:00,CR-01,38.8,84.2,1.0,25,Critical,motor_current_A trending high; oil_temperature_C above upper limit; vibration_mm_s trending high
2026-05-29 20:00:00,CR-01,34.5,85.8,1.0,32,Critical,motor_current_A trending high; oil_temperature_C above upper limit; vibration_mm_s trending high
2026-05-30 00:00:00,CR-01,34.1,89.2,1.0,14,Critical,motor_current_A trending high; oil_temperature_C above upper limit; vibration_mm_s trending high
2026-05-30 04:00:00,CR-01,39.3,85.7,1.0,24,Critical,motor_current_A above upper limit; oil_temperature_C above upper limit; vibration_mm_s trending high
2026-05-30 08:00:00,CR-01,43.2,83.8,1.0,23,Critical,motor_current_A trending high; oil_temperature_C above upper limit; vibration_mm_s trending high
2026-05-30 12:00:00,CR-01,34.6,89.6,1.0,20,Critical,motor_current_A above upper limit; oil_temperature_C above upper limit; vibration_mm_s above upper limit
2026-05-30 16:00:00,CR-01,36.3,86.8,1.0,22,Critical,motor_current_A above upper limit; oil_temperature_C above upper limit; vibration_mm_s above upper limit
2026-05-30 20:00:00,CR-01,39.2,86.4,1.0,18,Critical,motor_current_A above upper limit; oil_temperature_C above upper limit; vibration_mm_s trending high
2026-05-31 00:00:00,CR-01,39.4,85.8,1.0,14,Critical,motor_current_A above upper limit; oil_temperature_C above upper limit; vibration_mm_s above upper limit
2026-05-31 04:00:00,CR-01,39.8,83.7,1.0,25,Critical,motor_current_A trending high; oil_temperature_C above upper limit; vibration_mm_s trending high
2026-05-31 08:00:00,CR-01,39.4,85.8,1.0,21,Critical,motor_current_A trending high; oil_temperature_C above upper limit; vibration_mm_s trending high
2026-05-31 12:00:00,CR-01,37.1,88.0,1.0,13,Critical,motor_current_A trending high; oil_temperature_C above upper limit; vibration_mm_s above upper limit
2026-05-31 16:00:00,CR-01,37.7,86.3,1.0,18,Critical,motor_current_A above upper limit; oil_temperature_C above upper limit; vibration_mm_s above upper limit
2026-05-31 20:00:00,CR-01,38.5,83.0,1.0,22,Critical,motor_current_A above upper limit; oil_temperature_C above upper limit; vibration_mm_s above upper limit
2026-06-01 00:00:00,CR-01,36.1,88.1,1.0,23,Critical,motor_current_A above upper limit; oil_temperature_C above upper limit; vibration_mm_s above upper limit
2026-06-01 04:00:00,CR-01,38.5,84.0,1.0,22,Critical,motor_current_A above upper limit; oil_temperature_C above upper limit; vibration_mm_s above upper limit
2026-06-01 08:00:00,CR-01,38.9,85.4,1.0,24,Critical,motor_current_A above upper limit; oil_temperature_C above upper limit; vibration_mm_s above upper limit
2026-06-01 12:00:00,CR-01,33.0,88.5,1.0,25,Critical,motor_current_A above upper limit; oil_temperature_C above upper limit; vibration_mm_s above upper limit
2026-06-01 16:00:00,CR-01,39.8,83.9,1.0,28,Critical,motor_current_A above upper limit; oil_temperature_C above upper limit; vibration_mm_s above upper limit
2026-06-01 20:00:00,CR-01,38.8,87.3,1.0,23,Critical,motor_current_A above upper limit; oil_temperature_C above upper limit; vibration_mm_s above upper limit
2026-06-02 00:00:00,CR-01,38.6,86.8,1.0,15,Critical,motor_current_A above upper limit; oil_temperature_C above upper limit; vibration_mm_s above upper limit
2026-06-02 04:00:00,CR-01,37.6,84.6,1.0,14,Critical,motor_current_A above upper limit; oil_temperature_C above upper limit; vibration_mm_s above upper limit
2026-06-02 08:00:00,CR-01,37.9,84.1,1.0,20,Critical,motor_current_A above upper limit; oil_temperature_C above upper limit; vibration_mm_s above upper limit
2026-06-02 12:00:00,CR-01,36.0,87.3,1.0,22,Critical,motor_current_A above upper limit; oil_temperature_C above upper limit; vibration_mm_s above upper limit
2026-06-02 16:00:00,CR-01,39.4,82.9,1.0,24,Critical,motor_current_A above upper limit; oil_temperature_C above upper limit; vibration_mm_s above upper limit
2026-06-02 20:00:00,CR-01,36.5,88.4,1.0,18,Critical,motor_current_A above upper limit; oil_temperature_C above upper limit; vibration_mm_s above upper limit
2026-06-03 00:00:00,CR-01,40.9,83.8,1.0,24,Critical,motor_current_A above upper limit; oil_temperature_C above upper limit; vibration_mm_s trending high
2026-06-03 04:00:00,CR-01,41.7,82.5,1.0,27,Critical,motor_current_A above upper limit; oil_temperature_C above upper limit; vibration_mm_s trending high
2026-06-03 08:00:00,CR-01,38.1,85.3,1.0,17,Critical,motor_current_A above upper limit; oil_temperature_C above upper limit; vibration_mm_s above upper limit
2026-06-03 12:00:00,CR-01,37.5,88.3,1.0,13,Critical,motor_current_A above upper limit; oil_temperature_C above upper limit; vibration_mm_s above upper limit
2026-06-03 16:00:00,CR-01,36.9,86.1,1.0,15,Critical,motor_current_A trending high; oil_temperature_C above upper limit; vibration_mm_s above upper limit
2026-06-03 20:00:00,CR-01,35.3,89.1,1.0,12,Critical,motor_current_A above upper limit; oil_temperature_C above upper limit; vibration_mm_s above upper limit
2026-06-04 00:00:00,CR-01,39.4,83.6,1.0,16,Critical,motor_current_A trending high; oil_temperature_C above upper limit; vibration_mm_s trending high
2026-06-04 04:00:00,CR-01,40.1,85.7,1.0,25,Critical,motor_current_A trending high; oil_temperature_C above upper limit; vibration_mm_s trending high
2026-06-04 08:00:00,CR-01,41.0,87.0,1.0,20,Critical,motor_current_A trending high; oil_temperature_C above upper limit; vibration_mm_s trending high
2026-06-04 12:00:00,CR-01,40.6,84.2,1.0,24,Critical,motor_current_A trending high; oil_temperature_C above upper limit; vibration_mm_s trending high
2026-06-04 16:00:00,CR-01,38.5,86.1,1.0,19,Critical,motor_current_A above upper limit; oil_temperature_C above upper limit; vibration_mm_s trending high
2026-06-04 20:00:00,CR-01,32.9,89.7,1.0,18,Critical,motor_current_A trending high; oil_temperature_C above upper limit; vibration_mm_s trending high
2026-06-05 00:00:00,CR-01,38.6,86.3,1.0,18,Critical,motor_current_A trending high; oil_temperature_C trending high; vibration_mm_s trending high
2026-06-05 04:00:00,CR-01,37.2,89.0,1.0,13,Critical,motor_current_A trending high; oil_temperature_C above upper limit; vibration_mm_s trending high
2026-06-05 08:00:00,CR-01,36.9,88.2,1.0,15,Critical,motor_current_A trending high; oil_temperature_C above upper limit; vibration_mm_s trending high
2026-06-05 12:00:00,CR-01,41.7,82.6,1.0,23,Critical,motor_current_A trending high; oil_temperature_C above upper limit; vibration_mm_s trending high
2026-06-05 16:00:00,CR-01,39.5,87.1,1.0,15,Critical,motor_current_A trending high; oil_temperature_C above upper limit; vibration_mm_s trending high
2026-06-05 20:00:00,CR-01,34.4,88.7,1.0,22,Critical,motor_current_A trending high; oil_temperature_C above upper limit; vibration_mm_s trending high
2026-06-06 00:00:00,CR-01,36.8,89.6,1.0,16,Critical,motor_current_A above upper limit; oil_temperature_C above upper limit; vibration_mm_s trending high
2026-06-06 04:00:00,CR-01,36.3,87.8,1.0,12,Critical,motor_current_A trending high; oil_temperature_C above upper limit; vibration_mm_s trending high
2026-06-06 08:00:00,CR-01,42.6,84.5,1.0,18,Critical,motor_current_A trending high; oil_temperature_C above upper limit; vibration_mm_s trending high
2026-06-06 12:00:00,CR-01,36.5,87.9,1.0,16,Critical,motor_current_A trending high; oil_temperature_C above upper limit; vibration_mm_s trending high
2026-06-06 16:00:00,CR-01,35.8,89.4,1.0,19,Critical,motor_current_A trending high; oil_temperature_C above upper limit; vibration_mm_s trending high
2026-06-06 20:00:00,CR-01,34.3,90.8,1.0,15,Critical,motor_current_A trending high; oil_temperature_C above upper limit; vibration_mm_s above upper limit
2026-06-07 00:00:00,CR-01,36.6,87.4,1.0,20,Critical,motor_current_A above upper limit; oil_temperature_C above upper limit; vibration_mm_s trending high
2026-06-07 04:00:00,CR-01,37.6,88.3,1.0,17,Critical,motor_current_A above upper limit; oil_temperature_C above upper limit; vibration_mm_s trending high
2026-06-07 08:00:00,CR-01,40.1,80.2,1.0,36,Critical,motor_current_A trending high; oil_temperature_C above upper limit; vibration_mm_s trending high
2026-06-07 12:00:00,CR-01,41.2,84.1,1.0,18,Critical,motor_current_A above upper limit; oil_temperature_C above upper limit; vibration_mm_s trending high
2026-06-07 16:00:00,CR-01,40.5,84.1,1.0,29,Critical,motor_current_A trending high; oil_temperature_C above upper limit; vibration_mm_s above upper limit
2026-06-07 20:00:00,CR-01,37.7,87.3,1.0,12,Critical,motor_current_A above upper limit; oil_temperature_C above upper limit; vibration_mm_s above upper limit
2026-06-08 00:00:00,CR-01,40.5,81.7,1.0,27,Critical,motor_current_A above upper limit; oil_temperature_C above upper limit; vibration_mm_s above upper limit
2026-06-08 04:00:00,CR-01,41.5,85.9,1.0,14,Critical,motor_current_A above upper limit; oil_temperature_C above upper limit; vibration_mm_s above upper limit
2026-06-08 08:00:00,CR-01,41.0,85.4,1.0,23,Critical,motor_current_A above upper limit; oil_temperature_C above upper limit; vibration_mm_s above upper limit
2026-06-08 12:00:00,CR-01,36.3,83.8,1.0,22,Critical,motor_current_A above upper limit; oil_temperature_C above upper limit; vibration_mm_s trending high
2026-06-08 16:00:00,CR-01,38.9,84.0,1.0,32,Critical,motor_current_A above upper limit; oil_temperature_C above upper limit; vibration_mm_s above upper limit
2026-06-08 20:00:00,CR-01,38.6,84.0,1.0,27,Critical,motor_current_A above upper limit; oil_temperature_C above upper limit; vibration_mm_s above upper limit
2026-06-09 00:00:00,CR-01,39.9,86.6,1.0,22,Critical,motor_current_A above upper limit; oil_temperature_C above upper limit; vibration_mm_s above upper limit
2026-06-09 04:00:00,CR-01,39.8,84.6,1.0,22,Critical,motor_current_A above upper limit; oil_temperature_C above upper limit; vibration_mm_s above upper limit
2026-06-09 08:00:00,CR-01,43.9,82.5,1.0,21,Critical,motor_current_A above upper limit; oil_temperature_C above upper limit; vibration_mm_s above upper limit
2026-06-09 12:00:00,CR-01,37.5,85.8,1.0,20,Critical,motor_current_A above upper limit; oil_temperature_C above upper limit; vibration_mm_s above upper limit
2026-06-09 16:00:00,CR-01,38.7,86.4,1.0,17,Critical,motor_current_A above upper limit; oil_temperature_C above upper limit; vibration_mm_s above upper limit
2026-06-09 20:00:00,CR-01,35.5,88.2,1.0,14,Critical,motor_current_A above upper limit; oil_temperature_C above upper limit; vibration_mm_s above upper limit
2026-06-10 00:00:00,CR-01,40.9,82.6,1.0,31,Critical,motor_current_A above upper limit; oil_temperature_C above upper limit; vibration_mm_s above upper limit
2026-06-10 04:00:00,CR-01,41.1,85.5,1.0,16,Critical,motor_current_A above upper limit; oil_temperature_C above upper limit; vibration_mm_s above upper limit
2026-06-10 08:00:00,CR-01,42.1,83.3,1.0,23,Critical,motor_current_A above upper limit; oil_temperature_C above upper limit; vibration_mm_s trending high
2026-06-10 12:00:00,CR-01,39.9,84.1,1.0,24,Critical,motor_current_A trending high; oil_temperature_C above upper limit; vibration_mm_s above upper limit
2026-06-10 16:00:00,CR-01,36.2,87.9,1.0,11,Critical,motor_current_A above upper limit; oil_temperature_C above upper limit; vibration_mm_s trending high
2026-06-10 20:00:00,CR-01,38.4,85.5,1.0,25,Critical,motor_current_A above upper limit; oil_temperature_C above upper limit; vibration_mm_s above upper limit
2026-06-11 00:00:00,CR-01,39.7,83.0,1.0,25,Critical,motor_current_A above upper limit; oil_temperature_C above upper limit; vibration_mm_s above upper limit
2026-06-11 04:00:00,CR-01,34.9,89.1,1.0,11,Critical,motor_current_A trending high; oil_temperature_C above upper limit; vibration_mm_s trending high
2026-06-11 08:00:00,CR-01,33.7,87.3,1.0,15,Critical,motor_current_A above upper limit; oil_temperature_C above upper limit; vibration_mm_s trending high
2026-06-11 12:00:00,CR-01,37.8,87.2,1.0,18,Critical,motor_current_A trending high; oil_temperature_C above upper limit; vibration_mm_s trending high
2026-06-11 16:00:00,CR-01,38.5,82.7,1.0,30,Critical,motor_current_A trending high; oil_temperature_C above upper limit; vibration_mm_s trending high
2026-06-11 20:00:00,CR-01,37.9,85.8,1.0,16,Critical,motor_current_A trending high; oil_temperature_C above upper limit; vibration_mm_s trending high
2026-06-12 00:00:00,CR-01,37.3,86.0,1.0,23,Critical,motor_current_A above upper limit; oil_temperature_C above upper limit; vibration_mm_s trending high
2026-06-12 04:00:00,CR-01,40.8,83.9,1.0,29,Critical,motor_current_A above upper limit; oil_temperature_C above upper limit; vibration_mm_s trending high
2026-06-12 08:00:00,CR-01,35.3,87.2,1.0,21,Critical,motor_current_A trending high; oil_temperature_C above upper limit; vibration_mm_s trending high
2026-06-12 12:00:00,CR-01,38.0,85.0,1.0,21,Critical,motor_current_A above upper limit; oil_temperature_C above upper limit; vibration_mm_s above upper limit
2026-06-12 16:00:00,CR-01,37.7,85.5,1.0,23,Critical,motor_current_A trending high; oil_temperature_C above upper limit; vibration_mm_s trending high
2026-06-12 20:00:00,CR-01,35.0,86.2,1.0,23,Critical,motor_current_A trending high; oil_temperature_C above upper limit; vibration_mm_s trending high
2026-06-13 00:00:00,CR-01,37.3,88.4,1.0,18,Critical,motor_current_A trending high; oil_temperature_C above upper limit; vibration_mm_s trending high
2026-06-13 04:00:00,CR-01,36.6,85.6,1.0,20,Critical,motor_current_A trending high; oil_temperature_C above upper limit; vibration_mm_s trending high
2026-06-13 08:00:00,CR-01,36.3,89.1,1.0,21,Critical,motor_current_A trending high; oil_temperature_C above upper limit; vibration_mm_s trending high
2026-06-13 12:00:00,CR-01,35.6,89.4,1.0,12,Critical,motor_current_A trending high; oil_temperature_C above upper limit; vibration_mm_s trending high
2026-06-13 16:00:00,CR-01,38.5,85.1,1.0,16,Critical,motor_current_A trending high; oil_temperature_C above upper limit; vibration_mm_s trending high
2026-06-13 20:00:00,CR-01,38.7,87.1,1.0,10,Critical,motor_current_A trending high; oil_temperature_C above upper limit; vibration_mm_s trending high
2026-06-14 00:00:00,CR-01,34.7,89.6,1.0,12,Critical,motor_current_A above upper limit; oil_temperature_C above upper limit; vibration_mm_s trending high
2026-06-14 04:00:00,CR-01,36.4,86.6,1.0,16,Critical,motor_current_A trending high; oil_temperature_C above upper limit; vibration_mm_s above upper limit
2026-06-14 08:00:00,CR-01,39.3,84.3,1.0,19,Critical,motor_current_A above upper limit; oil_temperature_C above upper limit; vibration_mm_s above upper limit
2026-06-14 12:00:00,CR-01,35.6,86.8,1.0,19,Critical,motor_current_A above upper limit; oil_temperature_C above upper limit; vibration_mm_s above upper limit
2026-06-14 16:00:00,CR-01,41.2,83.7,1.0,26,Critical,motor_current_A trending high; oil_temperature_C above upper limit; vibration_mm_s trending high
2026-06-14 20:00:00,CR-01,42.4,81.7,1.0,15,Critical,motor_current_A above upper limit; oil_temperature_C above upper limit; vibration_mm_s above upper limit
2026-06-15 00:00:00,CR-01,41.3,83.7,1.0,20,Critical,motor_current_A trending high; oil_temperature_C above upper limit; vibration_mm_s above upper limit
2026-06-15 04:00:00,CR-01,36.9,89.1,1.0,12,Critical,motor_current_A above upper limit; oil_temperature_C above upper limit; vibration_mm_s trending high
2026-06-15 08:00:00,CR-01,41.2,84.9,1.0,19,Critical,motor_current_A above upper limit; oil_temperature_C above upper limit; vibration_mm_s above upper limit
2026-06-15 12:00:00,CR-01,39.4,82.3,1.0,25,Critical,motor_current_A above upper limit; oil_temperature_C above upper limit; vibration_mm_s trending high
2026-06-15 16:00:00,CR-01,42.8,84.4,1.0,18,Critical,motor_current_A above upper limit; oil_temperature_C above upper limit; vibration_mm_s above upper limit
2026-06-15 20:00:00,CR-01,37.5,84.8,1.0,24,Critical,motor_current_A above upper limit; oil_temperature_C above upper limit; vibration_mm_s above upper limit
2026-06-16 00:00:00,CR-01,39.7,85.4,1.0,24,Critical,motor_current_A above upper limit; oil_temperature_C above upper limit; vibration_mm_s above upper limit
2026-06-16 04:00:00,CR-01,38.0,86.7,1.0,13,Critical,motor_current_A above upper limit; oil_temperature_C above upper limit; vibration_mm_s above upper limit
2026-06-16 08:00:00,CR-01,38.0,83.0,1.0,23,Critical,motor_current_A above upper limit; oil_temperature_C above upper limit; vibration_mm_s above upper limit
2026-06-16 12:00:00,CR-01,33.9,90.6,1.0,15,Critical,motor_current_A above upper limit; oil_temperature_C above upper limit; vibration_mm_s above upper limit
2026-06-16 16:00:00,CR-01,37.4,87.1,1.0,16,Critical,motor_current_A trending high; oil_temperature_C above upper limit; vibration_mm_s above upper limit
2026-06-16 20:00:00,CR-01,38.0,85.1,1.0,22,Critical,motor_current_A above upper limit; oil_temperature_C above upper limit; vibration_mm_s above upper limit
2026-06-17 00:00:00,CR-01,36.2,87.7,1.0,14,Critical,motor_current_A above upper limit; oil_temperature_C above upper limit; vibration_mm_s above upper limit
2026-06-17 04:00:00,CR-01,40.4,84.8,1.0,24,Critical,motor_current_A above upper limit; oil_temperature_C above upper limit; vibration_mm_s above upper limit
2026-06-17 08:00:00,CR-01,34.7,89.0,1.0,11,Critical,motor_current_A above upper limit; oil_temperature_C above upper limit; vibration_mm_s above upper limit
2026-06-17 12:00:00,CR-01,37.7,89.3,1.0,9,Critical,motor_current_A above upper limit; oil_temperature_C above upper limit; vibration_mm_s above upper limit
2026-06-17 16:00:00,CR-01,39.7,84.2,1.0,26,Critical,motor_current_A above upper limit; oil_temperature_C above upper limit; vibration_mm_s above upper limit
2026-06-17 20:00:00,CR-01,39.5,84.2,1.0,25,Critical,motor_current_A above upper limit; oil_temperature_C above upper limit; vibration_mm_s above upper limit
2026-06-18 00:00:00,CR-01,38.3,85.6,1.0,25,Critical,motor_current_A above upper limit; oil_temperature_C above upper limit; vibration_mm_s above upper limit
2026-06-18 04:00:00,CR-01,40.6,85.2,1.0,19,Critical,motor_current_A above upper limit; oil_temperature_C above upper limit; vibration_mm_s above upper limit
2026-06-18 08:00:00,CR-01,40.5,83.8,1.0,19,Critical,motor_current_A above upper limit; oil_temperature_C above upper limit; vibration_mm_s trending high
2026-06-18 12:00:00,CR-01,42.7,83.7,1.0,23,Critical,motor_current_A above upper limit; oil_temperature_C above upper limit; vibration_mm_s above upper limit
2026-06-18 16:00:00,CR-01,38.1,85.4,1.0,25,Critical,motor_current_A above upper limit; oil_temperature_C above upper limit; vibration_mm_s trending high
2026-06-18 20:00:00,CR-01,35.0,89.2,1.0,14,Critical,motor_current_A trending high; oil_temperature_C above upper limit; vibration_mm_s above upper limit
2026-06-19 00:00:00,CR-01,39.8,85.3,1.0,18,Critical,motor_current_A above upper limit; oil_temperature_C above upper limit; vibration_mm_s above upper limit
2026-06-19 04:00:00,CR-01,39.3,82.1,1.0,28,Critical,motor_current_A above upper limit; oil_temperature_C above upper limit; vibration_mm_s trending high
2026-06-19 08:00:00,CR-01,40.3,84.6,1.0,22,Critical,motor_current_A above upper limit; oil_temperature_C above upper limit; vibration_mm_s trending high
2026-06-19 12:00:00,CR-01,38.9,84.6,1.0,18,Critical,motor_current_A trending high; oil_temperature_C above upper limit; vibration_mm_s trending high
2026-06-19 16:00:00,CR-01,36.0,85.2,1.0,19,Critical,motor_current_A trending high; oil_temperature_C above upper limit; vibration_mm_s above upper limit
2026-06-19 20:00:00,CR-01,39.0,84.8,1.0,22,Critical,motor_current_A trending high; oil_temperature_C above upper limit; vibration_mm_s trending high
2026-06-20 00:00:00,CR-01,36.3,87.2,1.0,13,Critical,motor_current_A trending high; oil_temperature_C above upper limit; vibration_mm_s trending high
2026-06-20 04:00:00,CR-01,39.9,85.7,1.0,16,Critical,motor_current_A trending high; oil_temperature_C above upper limit; vibration_mm_s trending high
2026-06-20 08:00:00,CR-01,37.4,84.6,1.0,22,Critical,motor_current_A trending high; oil_temperature_C above upper limit; vibration_mm_s trending high
2026-06-20 12:00:00,CR-01,37.0,85.4,1.0,15,Critical,motor_current_A trending high; oil_temperature_C above upper limit; vibration_mm_s trending high
2026-06-20 16:00:00,CR-01,37.3,87.3,1.0,13,Critical,motor_current_A trending high; oil_temperature_C above upper limit; vibration_mm_s trending high
2026-06-20 20:00:00,CR-01,38.8,87.1,1.0,19,Critical,motor_current_A trending high; oil_temperature_C above upper limit; vibration_mm_s trending high
2026-06-21 00:00:00,CR-01,40.3,86.4,1.0,22,Critical,motor_current_A trending high; oil_temperature_C above upper limit; vibration_mm_s trending high
2026-06-21 04:00:00,CR-01,39.5,86.1,1.0,20,Critical,motor_current_A trending high; oil_temperature_C above upper limit; vibration_mm_s trending high
2026-06-21 08:00:00,CR-01,41.2,84.9,1.0,26,Critical,motor_current_A trending high; oil_temperature_C above upper limit; vibration_mm_s trending high
2026-06-21 12:00:00,CR-01,37.3,88.4,1.0,18,Critical,motor_current_A trending high; oil_temperature_C above upper limit; vibration_mm_s trending high
2026-06-21 16:00:00,CR-01,40.2,85.3,1.0,13,Critical,motor_current_A trending high; oil_temperature_C above upper limit; vibration_mm_s above upper limit
2026-06-21 20:00:00,CR-01,34.8,85.3,1.0,20,Critical,motor_current_A above upper limit; oil_temperature_C above upper limit; vibration_mm_s trending high
2026-06-22 00:00:00,CR-01,39.1,88.1,1.0,13,Critical,motor_current_A trending high; oil_temperature_C above upper limit; vibration_mm_s trending high
2026-06-22 04:00:00,CR-01,37.7,86.5,1.0,24,Critical,motor_current_A above upper limit; oil_temperature_C above upper limit; vibration_mm_s trending high
2026-06-22 08:00:00,CR-01,40.4,86.7,1.0,21,Critical,motor_current_A above upper limit; oil_temperature_C above upper limit; vibration_mm_s above upper limit
2026-06-22 12:00:00,CR-01,36.2,87.5,1.0,11,Critical,motor_current_A above upper limit; oil_temperature_C above upper limit; vibration_mm_s above upper limit
2026-06-22 16:00:00,CR-01,38.1,86.2,1.0,12,Critical,motor_current_A above upper limit; oil_temperature_C above upper limit; vibration_mm_s above upper limit
2026-06-22 20:00:00,CR-01,36.8,88.2,1.0,16,Critical,motor_current_A above upper limit; oil_temperature_C above upper limit; vibration_mm_s above upper limit
2026-06-23 00:00:00,CR-01,34.5,89.4,1.0,4,Critical,motor_current_A above upper limit; oil_temperature_C above upper limit; vibration_mm_s trending high
2026-06-23 04:00:00,CR-01,41.5,84.8,1.0,19,Critical,motor_current_A above upper limit; oil_temperature_C above upper limit; vibration_mm_s above upper limit
2026-06-23 08:00:00,CR-01,37.6,85.6,1.0,18,Critical,motor_current_A above upper limit; oil_temperature_C above upper limit; vibration_mm_s above upper limit
2026-06-23 12:00:00,CR-01,38.2,84.9,1.0,23,Critical,motor_current_A above upper limit; oil_temperature_C above upper limit; vibration_mm_s above upper limit
2026-06-23 16:00:00,CR-01,33.1,91.2,1.0,7,Critical,motor_current_A above upper limit; oil_temperature_C above upper limit; vibration_mm_s above upper limit
2026-06-23 20:00:00,CR-01,41.3,84.9,1.0,22,Critical,motor_current_A above upper limit; oil_temperature_C above upper limit; vibration_mm_s above upper limit
2026-06-24 00:00:00,CR-01,37.7,85.5,1.0,24,Critical,motor_current_A above upper limit; oil_temperature_C above upper limit; vibration_mm_s above upper limit
2026-06-24 04:00:00,CR-01,38.0,86.1,1.0,8,Critical,motor_current_A above upper limit; oil_temperature_C above upper limit; vibration_mm_s above upper limit
2026-06-24 08:00:00,CR-01,36.9,87.6,1.0,15,Critical,motor_current_A above upper limit; oil_temperature_C above upper limit; vibration_mm_s above upper limit
2026-06-24 12:00:00,CR-01,39.3,86.2,1.0,8,Critical,motor_current_A above upper limit; oil_temperature_C above upper limit; vibration_mm_s above upper limit
2026-06-24 16:00:00,CR-01,42.7,83.6,1.0,16,Critical,motor_current_A above upper limit; oil_temperature_C above upper limit; vibration_mm_s above upper limit
2026-06-24 20:00:00,CR-01,41.1,84.5,1.0,20,Critical,motor_current_A above upper limit; oil_temperature_C above upper limit; vibration_mm_s above upper limit
2026-06-25 00:00:00,CR-01,40.4,86.1,1.0,15,Critical,motor_current_A above upper limit; oil_temperature_C above upper limit; vibration_mm_s above upper limit
2026-06-25 04:00:00,CR-01,40.0,84.9,1.0,19,Critical,motor_current_A above upper limit; oil_temperature_C above upper limit; vibration_mm_s above upper limit
2026-06-25 08:00:00,CR-01,35.6,88.1,1.0,15,Critical,motor_current_A above upper limit; oil_temperature_C above upper limit; vibration_mm_s above upper limit
2026-06-25 12:00:00,CR-01,37.6,85.9,1.0,12,Critical,motor_current_A above upper limit; oil_temperature_C above upper limit; vibration_mm_s above upper limit
2026-06-25 16:00:00,CR-01,37.9,85.2,1.0,23,Critical,motor_current_A above upper limit; oil_temperature_C above upper limit; vibration_mm_s above upper limit
2026-06-25 20:00:00,CR-01,37.9,87.1,1.0,14,Critical,motor_current_A above upper limit; oil_temperature_C above upper limit; vibration_mm_s trending high
2026-06-26 00:00:00,CR-01,39.7,84.2,1.0,25,Critical,motor_current_A trending high; oil_temperature_C above upper limit; vibration_mm_s above upper limit
2026-06-26 04:00:00,CR-01,40.0,84.3,1.0,18,Critical,motor_current_A above upper limit; oil_temperature_C above upper limit; vibration_mm_s trending high
2026-06-26 08:00:00,CR-01,37.9,86.0,1.0,19,Critical,motor_current_A trending high; oil_temperature_C above upper limit; vibration_mm_s trending high
2026-06-26 12:00:00,CR-01,37.6,85.7,1.0,11,Critical,motor_current_A above upper limit; oil_temperature_C above upper limit; vibration_mm_s above upper limit
2026-06-26 16:00:00,CR-01,38.7,86.4,1.0,16,Critical,motor_current_A trending high; oil_temperature_C above upper limit; vibration_mm_s trending high
2026-06-26 20:00:00,CR-01,40.4,85.9,1.0,23,Critical,motor_current_A trending high; oil_temperature_C above upper limit; vibration_mm_s trending high
2026-06-27 00:00:00,CR-01,37.0,88.1,1.0,14,Critical,motor_current_A above upper limit; oil_temperature_C above upper limit; vibration_mm_s trending high
2026-06-27 04:00:00,CR-01,36.7,83.9,1.0,25,Critical,motor_current_A trending high; oil_temperature_C above upper limit; vibration_mm_s trending high
2026-06-27 08:00:00,CR-01,43.0,86.2,1.0,14,Critical,motor_current_A trending high; oil_temperature_C above upper limit; vibration_mm_s trending high
2026-06-27 12:00:00,CR-01,39.0,86.9,1.0,13,Critical,motor_current_A trending high; oil_temperature_C above upper limit; vibration_mm_s trending high
2026-06-27 16:00:00,CR-01,38.2,85.5,1.0,16,Critical,motor_current_A trending high; oil_temperature_C above upper limit; vibration_mm_s above upper limit
2026-06-27 20:00:00,CR-01,37.6,86.8,1.0,7,Critical,motor_current_A trending high; oil_temperature_C above upper limit; vibration_mm_s trending high
2026-06-28 00:00:00,CR-01,38.5,86.2,1.0,16,Critical,motor_current_A trending high; oil_temperature_C above upper limit; vibration_mm_s trending high
2026-06-28 04:00:00,CR-01,36.2,89.3,1.0,11,Critical,motor_current_A above upper limit; oil_temperature_C above upper limit; vibration_mm_s trending high
2026-06-28 08:00:00,CR-01,40.2,87.8,1.0,13,Critical,motor_current_A trending high; oil_temperature_C above upper limit; vibration_mm_s trending high
2026-06-28 12:00:00,CR-01,39.3,88.1,1.0,12,Critical,motor_current_A trending high; oil_temperature_C above upper limit; vibration_mm_s trending high
2026-06-28 16:00:00,CR-01,40.4,83.7,1.0,25,Critical,motor_current_A trending high; oil_temperature_C above upper limit; vibration_mm_s trending high
2026-06-28 20:00:00,CR-01,40.1,85.4,1.0,14,Critical,motor_current_A trending high; oil_temperature_C above upper limit; vibration_mm_s trending high
2026-06-29 00:00:00,CR-01,38.3,85.5,1.0,17,Critical,motor_current_A trending high; oil_temperature_C above upper limit; vibration_mm_s above upper limit
2026-06-29 04:00:00,CR-01,38.8,84.3,1.0,11,Critical,motor_current_A above upper limit; oil_temperature_C above upper limit; vibration_mm_s trending high
2026-06-29 08:00:00,CR-01,37.1,87.4,1.0,19,Critical,motor_current_A above upper limit; oil_temperature_C above upper limit; vibration_mm_s trending high
2026-06-29 12:00:00,CR-01,35.5,85.8,1.0,18,Critical,motor_current_A above upper limit; oil_temperature_C above upper limit; vibration_mm_s above upper limit
2026-06-29 16:00:00,CR-01,40.6,84.7,1.0,17,Critical,motor_current_A above upper limit; oil_temperature_C above upper limit; vibration_mm_s trending high
2026-06-29 20:00:00,CR-01,33.8,90.0,1.0,11,Critical,motor_current_A above upper limit; oil_temperature_C above upper limit; vibration_mm_s trending high
2026-01-01 00:00:00,CP-01,91.4,11.3,0.027,157,Low,Within baseline with monitored trend behaviour
2026-01-01 04:00:00,CP-01,81.5,21.9,0.184,143,Low,Within baseline with monitored trend behaviour
2026-01-01 08:00:00,CP-01,80.9,28.6,0.269,136,Medium,ch4_pct trending high
2026-01-01 12:00:00,CP-01,72.2,37.6,0.39,119,Medium,ch4_pct trending high
2026-01-01 16:00:00,CP-01,81.6,22.4,0.161,141,Low,Within baseline with monitored trend behaviour
2026-01-01 20:00:00,CP-01,84.8,22.3,0.222,151,Low,Within baseline with monitored trend behaviour
2026-01-02 00:00:00,CP-01,84.2,23.3,0.181,141,Low,Within baseline with monitored trend behaviour
2026-01-02 04:00:00,CP-01,66.6,44.8,0.46,108,Medium,ch4_pct trending high
2026-01-02 08:00:00,CP-01,75.2,34.6,0.342,133,Medium,utilisation_pct trending high
2026-01-02 12:00:00,CP-01,71.2,40.3,0.392,124,Medium,ch4_pct trending high
2026-01-02 16:00:00,CP-01,79.7,28.2,0.197,137,Medium,Within baseline with monitored trend behaviour
2026-01-02 20:00:00,CP-01,74.9,35.2,0.381,122,Medium,ch4_pct above upper limit
2026-01-03 00:00:00,CP-01,74.6,37.3,0.424,122,Medium,ch4_pct above upper limit
2026-01-03 04:00:00,CP-01,68.5,40.0,0.432,115,Medium,ch4_pct above upper limit
2026-01-03 08:00:00,CP-01,65.6,47.5,0.524,99,High,ch4_pct above upper limit
2026-01-03 12:00:00,CP-01,69.4,43.8,0.448,106,Medium,ch4_pct above upper limit
2026-01-03 16:00:00,CP-01,67.1,47.9,0.555,104,High,ch4_pct above upper limit
2026-01-03 20:00:00,CP-01,71.7,39.6,0.388,117,Medium,ch4_pct above upper limit
2026-01-04 00:00:00,CP-01,82.8,25.6,0.199,141,Medium,Within baseline with monitored trend behaviour
2026-01-04 04:00:00,CP-01,84.3,20.9,0.153,149,Low,Within baseline with monitored trend behaviour
2026-01-04 08:00:00,CP-01,92.6,12.4,0.016,152,Low,Within baseline with monitored trend behaviour
2026-01-04 12:00:00,CP-01,84.1,23.1,0.183,148,Low,Within baseline with monitored trend behaviour
2026-01-04 16:00:00,CP-01,87.0,19.0,0.11,144,Low,Within baseline with monitored trend behaviour
2026-01-04 20:00:00,CP-01,76.0,31.7,0.307,125,Medium,Within baseline with monitored trend behaviour
2026-01-05 00:00:00,CP-01,84.1,21.1,0.132,154,Low,Within baseline with monitored trend behaviour
2026-01-05 04:00:00,CP-01,77.3,30.0,0.293,135,Medium,ch4_pct trending high
2026-01-05 08:00:00,CP-01,92.1,11.5,0.047,159,Low,Within baseline with monitored trend behaviour
2026-01-05 12:00:00,CP-01,91.8,10.4,0.044,158,Low,Within baseline with monitored trend behaviour
2026-01-05 16:00:00,CP-01,78.6,30.1,0.259,133,Medium,ch4_pct trending high
2026-01-05 20:00:00,CP-01,93.5,9.8,0.006,173,Low,Within baseline with monitored trend behaviour
2026-01-06 00:00:00,CP-01,88.4,11.9,0.039,158,Low,Within baseline with monitored trend behaviour
2026-01-06 04:00:00,CP-01,94.3,8.8,0.034,163,Low,Within baseline with monitored trend behaviour
2026-01-06 08:00:00,CP-01,91.4,10.5,0.019,163,Low,Within baseline with monitored trend behaviour
2026-01-06 12:00:00,CP-01,94.5,6.9,0.0,169,Low,Within baseline with monitored trend behaviour
2026-01-06 16:00:00,CP-01,95.7,8.9,0.0,169,Low,Within baseline with monitored trend behaviour
2026-01-06 20:00:00,CP-01,93.5,9.9,0.0,161,Low,Within baseline with monitored trend behaviour
2026-01-07 00:00:00,CP-01,85.7,22.4,0.169,149,Low,Within baseline with monitored trend behaviour
2026-01-07 04:00:00,CP-01,91.4,11.2,0.04,164,Low,Within baseline with monitored trend behaviour
2026-01-07 08:00:00,CP-01,100.0,3.1,0.0,179,Low,Within baseline with monitored trend behaviour
2026-01-07 12:00:00,CP-01,94.1,7.4,0.0,175,Low,Within baseline with monitored trend behaviour
2026-01-07 16:00:00,CP-01,79.1,28.5,0.29,141,Medium,ch4_pct above upper limit
2026-01-07 20:00:00,CP-01,86.5,19.0,0.169,148,Low,ch4_pct trending high
2026-01-08 00:00:00,CP-01,87.3,16.6,0.057,147,Low,Within baseline with monitored trend behaviour
2026-01-08 04:00:00,CP-01,92.4,9.4,0.011,166,Low,Within baseline with monitored trend behaviour
2026-01-08 08:00:00,CP-01,77.3,29.1,0.26,141,Medium,ch4_pct trending high
2026-01-08 12:00:00,CP-01,90.8,11.8,0.064,162,Low,Within baseline with monitored trend behaviour
2026-01-08 16:00:00,CP-01,73.2,34.5,0.298,123,Medium,ch4_pct trending high
2026-01-08 20:00:00,CP-01,78.6,28.5,0.239,135,Medium,utilisation_pct trending high
2026-01-09 00:00:00,CP-01,68.7,44.5,0.479,104,Medium,ch4_pct above upper limit
2026-01-09 04:00:00,CP-01,83.1,24.4,0.202,143,Low,Within baseline with monitored trend behaviour
2026-01-09 08:00:00,CP-01,85.8,22.8,0.203,134,Low,Within baseline with monitored trend behaviour
2026-01-09 12:00:00,CP-01,68.8,48.4,0.535,103,High,ch4_pct above upper limit
2026-01-09 16:00:00,CP-01,85.2,20.9,0.136,153,Low,Within baseline with monitored trend behaviour
2026-01-09 20:00:00,CP-01,84.2,22.4,0.19,147,Low,Within baseline with monitored trend behaviour
2026-01-10 00:00:00,CP-01,69.3,38.8,0.355,120,Medium,ch4_pct above upper limit
2026-01-10 04:00:00,CP-01,58.4,57.7,0.659,86,High,ch4_pct above upper limit
2026-01-10 08:00:00,CP-01,65.6,50.0,0.595,95,High,ch4_pct above upper limit
2026-01-10 12:00:00,CP-01,68.5,43.6,0.458,107,Medium,ch4_pct above upper limit
2026-01-10 16:00:00,CP-01,64.8,48.1,0.498,100,High,ch4_pct above upper limit
2026-01-10 20:00:00,CP-01,71.6,37.5,0.416,121,Medium,ch4_pct above upper limit
2026-01-11 00:00:00,CP-01,79.0,32.7,0.368,127,Medium,ch4_pct trending high
2026-01-11 04:00:00,CP-01,82.3,25.8,0.25,136,Medium,Within baseline with monitored trend behaviour
2026-01-11 08:00:00,CP-01,59.3,54.3,0.571,90,High,ch4_pct above upper limit
2026-01-11 12:00:00,CP-01,74.9,37.4,0.362,121,Medium,ch4_pct trending high
2026-01-11 16:00:00,CP-01,90.1,12.0,0.046,157,Low,Within baseline with monitored trend behaviour
2026-01-11 20:00:00,CP-01,79.9,30.6,0.306,136,Medium,ch4_pct trending high
2026-01-12 00:00:00,CP-01,78.5,34.0,0.321,127,Medium,ch4_pct trending high
2026-01-12 04:00:00,CP-01,88.1,16.1,0.074,152,Low,Within baseline with monitored trend behaviour
2026-01-12 08:00:00,CP-01,74.9,32.9,0.324,125,Medium,ch4_pct above upper limit
2026-01-12 12:00:00,CP-01,88.0,15.4,0.086,156,Low,Within baseline with monitored trend behaviour
2026-01-12 16:00:00,CP-01,83.2,21.8,0.195,144,Low,Within baseline with monitored trend behaviour
2026-01-12 20:00:00,CP-01,86.5,21.0,0.219,148,Low,ch4_pct trending high
2026-01-13 00:00:00,CP-01,94.2,9.6,0.0,162,Low,Within baseline with monitored trend behaviour
2026-01-13 04:00:00,CP-01,94.2,8.8,0.004,158,Low,Within baseline with monitored trend behaviour
2026-01-13 08:00:00,CP-01,91.2,11.5,0.04,167,Low,Within baseline with monitored trend behaviour
2026-01-13 12:00:00,CP-01,94.1,7.9,0.003,160,Low,Within baseline with monitored trend behaviour
2026-01-13 16:00:00,CP-01,91.4,7.6,0.005,173,Low,Within baseline with monitored trend behaviour
2026-01-13 20:00:00,CP-01,92.8,9.2,0.0,165,Low,Within baseline with monitored trend behaviour
2026-01-14 00:00:00,CP-01,95.2,6.2,0.002,163,Low,Within baseline with monitored trend behaviour
2026-01-14 04:00:00,CP-01,97.2,5.4,0.006,168,Low,Within baseline with monitored trend behaviour
2026-01-14 08:00:00,CP-01,95.5,4.5,0.0,175,Low,Within baseline with monitored trend behaviour
2026-01-14 12:00:00,CP-01,95.8,7.1,0.007,163,Low,Within baseline with monitored trend behaviour
2026-01-14 16:00:00,CP-01,94.7,8.5,0.0,161,Low,Within baseline with monitored trend behaviour
2026-01-14 20:00:00,CP-01,90.8,13.4,0.072,154,Low,Within baseline with monitored trend behaviour
2026-01-15 00:00:00,CP-01,92.0,9.1,0.019,163,Low,Within baseline with monitored trend behaviour
2026-01-15 04:00:00,CP-01,85.6,17.6,0.095,147,Low,Within baseline with monitored trend behaviour
2026-01-15 08:00:00,CP-01,93.2,10.5,0.084,154,Low,Within baseline with monitored trend behaviour
2026-01-15 12:00:00,CP-01,87.0,19.2,0.131,151,Low,Within baseline with monitored trend behaviour
2026-01-15 16:00:00,CP-01,88.5,12.8,0.053,157,Low,Within baseline with monitored trend behaviour
2026-01-15 20:00:00,CP-01,86.9,19.4,0.141,149,Low,Within baseline with monitored trend behaviour
2026-01-16 00:00:00,CP-01,84.7,21.0,0.177,144,Low,Within baseline with monitored trend behaviour
2026-01-16 04:00:00,CP-01,74.5,33.3,0.357,125,Medium,ch4_pct above upper limit
2026-01-16 08:00:00,CP-01,83.6,19.7,0.172,140,Low,Within baseline with monitored trend behaviour
2026-01-16 12:00:00,CP-01,90.1,14.4,0.065,155,Low,Within baseline with monitored trend behaviour
2026-01-16 16:00:00,CP-01,83.8,21.3,0.178,136,Low,Within baseline with monitored trend behaviour
2026-01-16 20:00:00,CP-01,58.7,56.6,0.607,92,High,ch4_pct above upper limit
2026-01-17 00:00:00,CP-01,83.2,26.8,0.265,136,Medium,ch4_pct trending high
2026-01-17 04:00:00,CP-01,78.7,27.5,0.253,135,Medium,ch4_pct trending high
2026-01-17 08:00:00,CP-01,80.1,23.0,0.177,141,Low,Within baseline with monitored trend behaviour
2026-01-17 12:00:00,CP-01,70.9,41.3,0.43,106,Medium,ch4_pct above upper limit
2026-01-17 16:00:00,CP-01,73.1,38.9,0.376,120,Medium,ch4_pct above upper limit
2026-01-17 20:00:00,CP-01,87.0,20.4,0.176,142,Low,Within baseline with monitored trend behaviour
2026-01-18 00:00:00,CP-01,86.3,19.6,0.203,146,Low,Within baseline with monitored trend behaviour
2026-01-18 04:00:00,CP-01,66.0,45.1,0.444,105,High,ch4_pct above upper limit
2026-01-18 08:00:00,CP-01,73.5,38.4,0.401,113,Medium,ch4_pct above upper limit
2026-01-18 12:00:00,CP-01,81.4,24.3,0.176,137,Low,Within baseline with monitored trend behaviour
2026-01-18 16:00:00,CP-01,65.1,46.4,0.491,106,High,ch4_pct above upper limit
2026-01-18 20:00:00,CP-01,71.6,38.2,0.38,118,Medium,utilisation_pct trending high
2026-01-19 00:00:00,CP-01,78.3,31.3,0.291,132,Medium,Within baseline with monitored trend behaviour
2026-01-19 04:00:00,CP-01,69.7,43.1,0.44,105,Medium,utilisation_pct trending high; ch4_pct trending high
2026-01-19 08:00:00,CP-01,72.9,36.5,0.405,121,Medium,ch4_pct trending high
2026-01-19 12:00:00,CP-01,79.0,23.9,0.193,140,Low,utilisation_pct trending high
2026-01-19 16:00:00,CP-01,88.0,21.4,0.143,149,Low,Within baseline with monitored trend behaviour
2026-01-19 20:00:00,CP-01,93.2,8.2,0.016,166,Low,Within baseline with monitored trend behaviour
2026-01-20 00:00:00,CP-01,85.0,23.1,0.173,143,Low,Within baseline with monitored trend behaviour
2026-01-20 04:00:00,CP-01,80.7,23.8,0.234,145,Low,ch4_pct trending high
2026-01-20 08:00:00,CP-01,93.0,7.7,0.0,160,Low,Within baseline with monitored trend behaviour
2026-01-20 12:00:00,CP-01,96.4,8.3,0.018,162,Low,Within baseline with monitored trend behaviour
2026-01-20 16:00:00,CP-01,93.6,9.6,0.002,161,Low,Within baseline with monitored trend behaviour
2026-01-20 20:00:00,CP-01,98.3,4.1,0.0,167,Low,Within baseline with monitored trend behaviour
2026-01-21 00:00:00,CP-01,93.7,4.9,0.003,171,Low,Within baseline with monitored trend behaviour
2026-01-21 04:00:00,CP-01,89.2,10.3,0.008,158,Low,Within baseline with monitored trend behaviour
2026-01-21 08:00:00,CP-01,93.9,8.7,0.0,161,Low,Within baseline with monitored trend behaviour
2026-01-21 12:00:00,CP-01,90.9,14.6,0.087,155,Low,Within baseline with monitored trend behaviour
2026-01-21 16:00:00,CP-01,89.8,13.2,0.05,150,Low,Within baseline with monitored trend behaviour
2026-01-21 20:00:00,CP-01,93.0,11.4,0.037,156,Low,Within baseline with monitored trend behaviour
2026-01-22 00:00:00,CP-01,93.9,8.5,0.0,156,Low,Within baseline with monitored trend behaviour
2026-01-22 04:00:00,CP-01,93.9,8.8,0.014,160,Low,Within baseline with monitored trend behaviour
2026-01-22 08:00:00,CP-01,89.7,11.7,0.019,166,Low,Within baseline with monitored trend behaviour
2026-01-22 12:00:00,CP-01,93.4,8.8,0.01,166,Low,Within baseline with monitored trend behaviour
2026-01-22 16:00:00,CP-01,99.5,5.4,0.005,165,Low,Within baseline with monitored trend behaviour
2026-01-22 20:00:00,CP-01,87.7,17.1,0.094,145,Low,Within baseline with monitored trend behaviour
2026-01-23 00:00:00,CP-01,83.0,24.7,0.188,150,Low,Within baseline with monitored trend behaviour
2026-01-23 04:00:00,CP-01,79.6,27.0,0.233,127,Medium,Within baseline with monitored trend behaviour
2026-01-23 08:00:00,CP-01,92.6,10.8,0.055,158,Low,Within baseline with monitored trend behaviour
2026-01-23 12:00:00,CP-01,84.0,23.0,0.172,135,Low,Within baseline with monitored trend behaviour
2026-01-23 16:00:00,CP-01,91.1,10.5,0.043,161,Low,Within baseline with monitored trend behaviour
2026-01-23 20:00:00,CP-01,82.8,22.6,0.176,134,Low,Within baseline with monitored trend behaviour
2026-01-24 00:00:00,CP-01,77.3,32.2,0.238,127,Medium,Within baseline with monitored trend behaviour
2026-01-24 04:00:00,CP-01,85.3,21.9,0.226,146,Low,ch4_pct trending high
2026-01-24 08:00:00,CP-01,73.3,37.4,0.368,118,Medium,ch4_pct above upper limit
2026-01-24 12:00:00,CP-01,58.4,56.3,0.642,87,High,ch4_pct above upper limit
2026-01-24 16:00:00,CP-01,89.4,15.3,0.066,149,Low,Within baseline with monitored trend behaviour
2026-01-24 20:00:00,CP-01,72.7,33.4,0.343,126,Medium,ch4_pct trending high
2026-01-25 00:00:00,CP-01,71.9,39.5,0.409,126,Medium,ch4_pct above upper limit
2026-01-25 04:00:00,CP-01,77.2,32.1,0.32,123,Medium,ch4_pct above upper limit
2026-01-25 08:00:00,CP-01,72.5,36.1,0.365,115,Medium,Within baseline with monitored trend behaviour
2026-01-25 12:00:00,CP-01,59.6,53.9,0.635,93,High,ch4_pct above upper limit
2026-01-25 16:00:00,CP-01,72.7,37.5,0.386,116,Medium,ch4_pct trending high
2026-01-25 20:00:00,CP-01,79.6,28.5,0.258,131,Medium,Within baseline with monitored trend behaviour
2026-01-26 00:00:00,CP-01,84.5,23.1,0.202,131,Low,Within baseline with monitored trend behaviour
2026-01-26 04:00:00,CP-01,52.8,63.9,0.737,79,High,ch4_pct above upper limit
2026-01-26 08:00:00,CP-01,75.1,32.5,0.329,126,Medium,Within baseline with monitored trend behaviour
2026-01-26 12:00:00,CP-01,77.6,32.7,0.296,128,Medium,ch4_pct trending high
2026-01-26 16:00:00,CP-01,78.0,31.2,0.294,126,Medium,Within baseline with monitored trend behaviour
2026-01-26 20:00:00,CP-01,84.4,19.6,0.157,148,Low,Within baseline with monitored trend behaviour
2026-01-27 00:00:00,CP-01,84.3,19.1,0.189,153,Low,Within baseline with monitored trend behaviour
2026-01-27 04:00:00,CP-01,91.0,12.9,0.065,150,Low,Within baseline with monitored trend behaviour
2026-01-27 08:00:00,CP-01,95.4,9.3,0.004,166,Low,Within baseline with monitored trend behaviour
2026-01-27 12:00:00,CP-01,95.2,9.1,0.053,161,Low,Within baseline with monitored trend behaviour
2026-01-27 16:00:00,CP-01,85.3,17.3,0.184,141,Low,ch4_pct trending high
2026-01-27 20:00:00,CP-01,79.6,27.9,0.24,129,Medium,ch4_pct trending high
2026-01-28 00:00:00,CP-01,96.9,8.0,0.002,161,Low,Within baseline with monitored trend behaviour
2026-01-28 04:00:00,CP-01,94.7,8.7,0.0,157,Low,Within baseline with monitored trend behaviour
2026-01-28 08:00:00,CP-01,94.8,9.1,0.0,165,Low,Within baseline with monitored trend behaviour
2026-01-28 12:00:00,CP-01,95.9,7.7,0.0,165,Low,Within baseline with monitored trend behaviour
2026-01-28 16:00:00,CP-01,95.5,8.1,0.0,169,Low,Within baseline with monitored trend behaviour
2026-01-28 20:00:00,CP-01,92.8,9.9,0.0,158,Low,Within baseline with monitored trend behaviour
2026-01-29 00:00:00,CP-01,92.8,10.4,0.017,163,Low,Within baseline with monitored trend behaviour
2026-01-29 04:00:00,CP-01,95.7,8.1,0.025,157,Low,Within baseline with monitored trend behaviour
2026-01-29 08:00:00,CP-01,90.9,13.8,0.079,153,Low,Within baseline with monitored trend behaviour
2026-01-29 12:00:00,CP-01,89.0,18.2,0.12,144,Low,Within baseline with monitored trend behaviour
2026-01-29 16:00:00,CP-01,87.0,15.7,0.135,150,Low,Within baseline with monitored trend behaviour
2026-01-29 20:00:00,CP-01,86.1,18.6,0.105,154,Low,Within baseline with monitored trend behaviour
2026-01-30 00:00:00,CP-01,93.2,5.8,0.005,167,Low,Within baseline with monitored trend behaviour
2026-01-30 04:00:00,CP-01,86.6,17.1,0.131,148,Low,Within baseline with monitored trend behaviour
2026-01-30 08:00:00,CP-01,93.9,9.6,0.052,161,Low,Within baseline with monitored trend behaviour
2026-01-30 12:00:00,CP-01,92.5,10.9,0.046,165,Low,Within baseline with monitored trend behaviour
2026-01-30 16:00:00,CP-01,90.1,12.8,0.068,157,Low,Within baseline with monitored trend behaviour
2026-01-30 20:00:00,CP-01,95.4,7.4,0.01,166,Low,Within baseline with monitored trend behaviour
2026-01-31 00:00:00,CP-01,85.3,19.7,0.114,139,Low,Within baseline with monitored trend behaviour
2026-01-31 04:00:00,CP-01,83.0,24.0,0.211,135,Low,Within baseline with monitored trend behaviour
2026-01-31 08:00:00,CP-01,75.4,37.7,0.378,114,Medium,ch4_pct above upper limit
2026-01-31 12:00:00,CP-01,65.0,50.5,0.566,91,High,ch4_pct above upper limit
2026-01-31 16:00:00,CP-01,71.4,38.7,0.393,108,Medium,ch4_pct above upper limit
2026-01-31 20:00:00,CP-01,66.8,44.8,0.475,107,Medium,ch4_pct above upper limit
2026-02-01 00:00:00,CP-01,89.3,15.2,0.087,147,Low,Within baseline with monitored trend behaviour
2026-02-01 04:00:00,CP-01,88.8,16.1,0.118,146,Low,Within baseline with monitored trend behaviour
2026-02-01 08:00:00,CP-01,74.9,35.5,0.354,122,Medium,ch4_pct trending high
2026-02-01 12:00:00,CP-01,48.7,70.5,0.815,66,Critical,ch4_pct above upper limit
2026-02-01 16:00:00,CP-01,72.1,35.9,0.377,120,Medium,Within baseline with monitored trend behaviour
2026-02-01 20:00:00,CP-01,66.2,48.1,0.521,97,High,ch4_pct above upper limit
2026-02-02 00:00:00,CP-01,76.4,29.1,0.268,132,Medium,Within baseline with monitored trend behaviour
2026-02-02 04:00:00,CP-01,49.0,70.6,0.816,64,Critical,ch4_pct above upper limit
2026-02-02 08:00:00,CP-01,50.6,68.7,0.787,68,High,utilisation_pct trending high; ch4_pct above upper limit
2026-02-02 12:00:00,CP-01,75.5,31.4,0.294,129,Medium,Within baseline with monitored trend behaviour
2026-02-02 16:00:00,CP-01,80.6,27.6,0.255,131,Medium,Within baseline with monitored trend behaviour
2026-02-02 20:00:00,CP-01,95.3,11.8,0.076,156,Low,Within baseline with monitored trend behaviour
2026-02-03 00:00:00,CP-01,71.9,38.9,0.437,112,Medium,ch4_pct above upper limit
2026-02-03 04:00:00,CP-01,86.7,15.0,0.094,151,Low,Within baseline with monitored trend behaviour
2026-02-03 08:00:00,CP-01,94.6,10.6,0.056,157,Low,Within baseline with monitored trend behaviour
2026-02-03 12:00:00,CP-01,93.7,10.6,0.015,159,Low,Within baseline with monitored trend behaviour
2026-02-03 16:00:00,CP-01,87.0,20.4,0.154,140,Low,Within baseline with monitored trend behaviour
2026-02-03 20:00:00,CP-01,91.4,11.1,0.02,157,Low,Within baseline with monitored trend behaviour
2026-02-04 00:00:00,CP-01,92.8,7.3,0.022,162,Low,Within baseline with monitored trend behaviour
2026-02-04 04:00:00,CP-01,92.1,10.6,0.005,164,Low,Within baseline with monitored trend behaviour
2026-02-04 08:00:00,CP-01,93.0,9.4,0.007,165,Low,Within baseline with monitored trend behaviour
2026-02-04 12:00:00,CP-01,89.9,11.2,0.008,156,Low,Within baseline with monitored trend behaviour
2026-02-04 16:00:00,CP-01,93.2,10.9,0.024,159,Low,Within baseline with monitored trend behaviour
2026-02-04 20:00:00,CP-01,92.2,10.2,0.032,157,Low,Within baseline with monitored trend behaviour
2026-02-05 00:00:00,CP-01,91.1,9.5,0.038,161,Low,Within baseline with monitored trend behaviour
2026-02-05 04:00:00,CP-01,95.2,10.3,0.014,155,Low,Within baseline with monitored trend behaviour
2026-02-05 08:00:00,CP-01,90.1,13.2,0.058,153,Low,Within baseline with monitored trend behaviour
2026-02-05 12:00:00,CP-01,90.4,13.5,0.086,158,Low,Within baseline with monitored trend behaviour
2026-02-05 16:00:00,CP-01,92.8,10.8,0.047,154,Low,Within baseline with monitored trend behaviour
2026-02-05 20:00:00,CP-01,92.1,10.7,0.072,165,Low,Within baseline with monitored trend behaviour
2026-02-06 00:00:00,CP-01,93.8,6.6,0.002,160,Low,Within baseline with monitored trend behaviour
2026-02-06 04:00:00,CP-01,90.9,14.9,0.042,153,Low,Within baseline with monitored trend behaviour
2026-02-06 08:00:00,CP-01,90.8,14.6,0.05,150,Low,Within baseline with monitored trend behaviour
2026-02-06 12:00:00,CP-01,92.3,12.9,0.074,154,Low,Within baseline with monitored trend behaviour
2026-02-06 16:00:00,CP-01,95.6,7.2,0.013,161,Low,Within baseline with monitored trend behaviour
2026-02-06 20:00:00,CP-01,82.0,22.9,0.163,140,Low,Within baseline with monitored trend behaviour
2026-02-07 00:00:00,CP-01,91.5,12.2,0.05,155,Low,Within baseline with monitored trend behaviour
2026-02-07 04:00:00,CP-01,94.2,9.1,0.019,160,Low,Within baseline with monitored trend behaviour
2026-02-07 08:00:00,CP-01,91.1,14.9,0.086,145,Low,Within baseline with monitored trend behaviour
2026-02-07 12:00:00,CP-01,92.5,10.9,0.022,158,Low,Within baseline with monitored trend behaviour
2026-02-07 16:00:00,CP-01,64.0,51.4,0.541,92,High,ch4_pct above upper limit
2026-02-07 20:00:00,CP-01,76.5,33.6,0.345,127,Medium,ch4_pct above upper limit
2026-02-08 00:00:00,CP-01,89.3,12.7,0.066,157,Low,Within baseline with monitored trend behaviour
2026-02-08 04:00:00,CP-01,78.3,30.8,0.314,121,Medium,ch4_pct above upper limit
2026-02-08 08:00:00,CP-01,93.0,9.7,0.03,157,Low,Within baseline with monitored trend behaviour
2026-02-08 12:00:00,CP-01,85.9,20.3,0.151,140,Low,Within baseline with monitored trend behaviour
2026-02-08 16:00:00,CP-01,82.6,26.8,0.255,131,Medium,Within baseline with monitored trend behaviour
2026-02-08 20:00:00,CP-01,67.6,42.2,0.431,115,Medium,ch4_pct above upper limit
2026-02-09 00:00:00,CP-01,73.2,33.0,0.308,118,Medium,Within baseline with monitored trend behaviour
2026-02-09 04:00:00,CP-01,60.0,59.1,0.674,91,High,utilisation_pct trending high; ch4_pct above upper limit
2026-02-09 08:00:00,CP-01,67.7,47.1,0.487,105,High,ch4_pct above upper limit
2026-02-09 12:00:00,CP-01,81.7,25.3,0.25,133,Medium,Within baseline with monitored trend behaviour
2026-02-09 16:00:00,CP-01,69.7,46.5,0.458,110,High,ch4_pct trending high
2026-02-09 20:00:00,CP-01,65.9,48.2,0.502,96,High,ch4_pct trending high
2026-02-10 00:00:00,CP-01,68.8,45.6,0.48,106,High,ch4_pct above upper limit
2026-02-10 04:00:00,CP-01,75.1,32.9,0.304,130,Medium,Within baseline with monitored trend behaviour
2026-02-10 08:00:00,CP-01,77.6,31.6,0.29,127,Medium,ch4_pct trending high
2026-02-10 12:00:00,CP-01,83.6,21.3,0.187,138,Low,Within baseline with monitored trend behaviour
2026-02-10 16:00:00,CP-01,80.1,27.9,0.281,121,Medium,ch4_pct trending high
2026-02-10 20:00:00,CP-01,74.7,31.1,0.308,123,Medium,ch4_pct trending high
2026-02-11 00:00:00,CP-01,94.7,9.8,0.029,159,Low,Within baseline with monitored trend behaviour
2026-02-11 04:00:00,CP-01,92.9,9.1,0.034,164,Low,Within baseline with monitored trend behaviour
2026-02-11 08:00:00,CP-01,92.3,15.2,0.12,151,Low,Within baseline with monitored trend behaviour
2026-02-11 12:00:00,CP-01,92.5,8.2,0.036,163,Low,Within baseline with monitored trend behaviour
2026-02-11 16:00:00,CP-01,91.8,12.3,0.036,154,Low,Within baseline with monitored trend behaviour
2026-02-11 20:00:00,CP-01,91.0,10.9,0.04,157,Low,Within baseline with monitored trend behaviour
2026-02-12 00:00:00,CP-01,89.4,14.7,0.044,151,Low,Within baseline with monitored trend behaviour
2026-02-12 04:00:00,CP-01,89.7,13.2,0.04,154,Low,Within baseline with monitored trend behaviour
2026-02-12 08:00:00,CP-01,87.5,15.8,0.08,143,Low,Within baseline with monitored trend behaviour
2026-02-12 12:00:00,CP-01,92.3,12.4,0.062,147,Low,Within baseline with monitored trend behaviour
2026-02-12 16:00:00,CP-01,86.8,18.0,0.122,144,Low,Within baseline with monitored trend behaviour
2026-02-12 20:00:00,CP-01,87.3,14.1,0.07,155,Low,Within baseline with monitored trend behaviour
2026-02-13 00:00:00,CP-01,94.4,8.6,0.03,162,Low,Within baseline with monitored trend behaviour
2026-02-13 04:00:00,CP-01,91.1,12.2,0.017,147,Low,Within baseline with monitored trend behaviour
2026-02-13 08:00:00,CP-01,97.4,6.2,0.018,160,Low,Within baseline with monitored trend behaviour
2026-02-13 12:00:00,CP-01,92.7,7.8,0.008,159,Low,Within baseline with monitored trend behaviour
2026-02-13 16:00:00,CP-01,91.3,12.1,0.008,150,Low,Within baseline with monitored trend behaviour
2026-02-13 20:00:00,CP-01,89.0,10.1,0.0,157,Low,Within baseline with monitored trend behaviour
2026-02-14 00:00:00,CP-01,93.6,8.3,0.012,154,Low,Within baseline with monitored trend behaviour
2026-02-14 04:00:00,CP-01,93.5,8.3,0.007,156,Low,Within baseline with monitored trend behaviour
2026-02-14 08:00:00,CP-01,86.1,15.3,0.103,157,Low,Within baseline with monitored trend behaviour
2026-02-14 12:00:00,CP-01,97.6,3.0,0.0,167,Low,Within baseline with monitored trend behaviour
2026-02-14 16:00:00,CP-01,94.7,6.9,0.0,164,Low,Within baseline with monitored trend behaviour
2026-02-14 20:00:00,CP-01,78.6,26.1,0.264,129,Medium,ch4_pct trending high
2026-02-15 00:00:00,CP-01,94.5,5.9,0.043,161,Low,Within baseline with monitored trend behaviour
2026-02-15 04:00:00,CP-01,79.8,30.7,0.289,126,Medium,ch4_pct above upper limit
2026-02-15 08:00:00,CP-01,90.2,12.1,0.044,151,Low,Within baseline with monitored trend behaviour
2026-02-15 12:00:00,CP-01,88.9,15.2,0.107,147,Low,Within baseline with monitored trend behaviour
2026-02-15 16:00:00,CP-01,88.6,17.1,0.108,151,Low,Within baseline with monitored trend behaviour
2026-02-15 20:00:00,CP-01,62.7,52.5,0.563,95,High,ch4_pct above upper limit
2026-02-16 00:00:00,CP-01,56.0,60.4,0.653,74,High,ch4_pct above upper limit
2026-02-16 04:00:00,CP-01,67.5,43.5,0.467,105,Medium,ch4_pct trending high
2026-02-16 08:00:00,CP-01,62.4,51.4,0.544,91,High,ch4_pct trending high
2026-02-16 12:00:00,CP-01,64.8,47.7,0.576,110,High,ch4_pct above upper limit
2026-02-16 16:00:00,CP-01,59.7,58.7,0.621,83,High,ch4_pct above upper limit
2026-02-16 20:00:00,CP-01,76.8,31.6,0.278,120,Medium,Within baseline with monitored trend behaviour
2026-02-17 00:00:00,CP-01,62.9,49.3,0.491,97,High,utilisation_pct trending high; ch4_pct trending high
2026-02-17 04:00:00,CP-01,52.7,67.7,0.719,66,High,ch4_pct above upper limit
2026-02-17 08:00:00,CP-01,71.6,39.8,0.375,109,Medium,ch4_pct trending high
2026-02-17 12:00:00,CP-01,70.9,38.6,0.373,106,Medium,ch4_pct trending high
2026-02-17 16:00:00,CP-01,88.4,14.7,0.092,143,Low,Within baseline with monitored trend behaviour
2026-02-17 20:00:00,CP-01,84.3,20.6,0.161,136,Low,Within baseline with monitored trend behaviour
2026-02-18 00:00:00,CP-01,83.8,20.5,0.161,144,Low,Within baseline with monitored trend behaviour
2026-02-18 04:00:00,CP-01,88.0,18.2,0.085,142,Low,Within baseline with monitored trend behaviour
2026-02-18 08:00:00,CP-01,89.0,13.9,0.065,153,Low,Within baseline with monitored trend behaviour
2026-02-18 12:00:00,CP-01,93.7,10.4,0.012,154,Low,Within baseline with monitored trend behaviour
2026-02-18 16:00:00,CP-01,90.3,14.5,0.065,150,Low,Within baseline with monitored trend behaviour
2026-02-18 20:00:00,CP-01,89.4,12.6,0.056,154,Low,Within baseline with monitored trend behaviour
2026-02-19 00:00:00,CP-01,86.8,15.6,0.105,144,Low,Within baseline with monitored trend behaviour
2026-02-19 04:00:00,CP-01,84.2,20.9,0.155,137,Low,Within baseline with monitored trend behaviour
2026-02-19 08:00:00,CP-01,86.6,21.0,0.219,134,Low,ch4_pct trending high
2026-02-19 12:00:00,CP-01,90.3,12.5,0.056,153,Low,Within baseline with monitored trend behaviour
2026-02-19 16:00:00,CP-01,92.7,9.7,0.016,157,Low,Within baseline with monitored trend behaviour
2026-02-19 20:00:00,CP-01,86.7,15.6,0.097,152,Low,Within baseline with monitored trend behaviour
2026-02-20 00:00:00,CP-01,83.8,20.7,0.124,133,Low,Within baseline with monitored trend behaviour
2026-02-20 04:00:00,CP-01,82.6,21.9,0.146,142,Low,Within baseline with monitored trend behaviour
2026-02-20 08:00:00,CP-01,92.3,10.3,0.0,154,Low,Within baseline with monitored trend behaviour
2026-02-20 12:00:00,CP-01,95.8,6.0,0.0,164,Low,Within baseline with monitored trend behaviour
2026-02-20 16:00:00,CP-01,93.6,10.2,0.019,159,Low,Within baseline with monitored trend behaviour
2026-02-20 20:00:00,CP-01,91.1,18.2,0.132,145,Low,Within baseline with monitored trend behaviour
2026-02-21 00:00:00,CP-01,94.2,8.9,0.001,159,Low,Within baseline with monitored trend behaviour
2026-02-21 04:00:00,CP-01,95.2,8.8,0.0,147,Low,Within baseline with monitored trend behaviour
2026-02-21 08:00:00,CP-01,91.3,8.6,0.014,163,Low,Within baseline with monitored trend behaviour
2026-02-21 12:00:00,CP-01,95.1,5.2,0.0,160,Low,Within baseline with monitored trend behaviour
2026-02-21 16:00:00,CP-01,94.1,7.6,0.026,151,Low,Within baseline with monitored trend behaviour
2026-02-21 20:00:00,CP-01,92.3,11.6,0.007,150,Low,Within baseline with monitored trend behaviour
2026-02-22 00:00:00,CP-01,90.4,14.0,0.062,145,Low,Within baseline with monitored trend behaviour
2026-02-22 04:00:00,CP-01,89.4,14.2,0.062,153,Low,Within baseline with monitored trend behaviour
2026-02-22 08:00:00,CP-01,88.4,13.4,0.081,154,Low,Within baseline with monitored trend behaviour
2026-02-22 12:00:00,CP-01,92.6,10.2,0.034,156,Low,Within baseline with monitored trend behaviour
2026-02-22 16:00:00,CP-01,85.2,20.0,0.179,138,Low,Within baseline with monitored trend behaviour
2026-02-22 20:00:00,CP-01,83.8,25.1,0.229,129,Medium,Within baseline with monitored trend behaviour
2026-02-23 00:00:00,CP-01,80.6,29.9,0.302,120,Medium,utilisation_pct trending high
2026-02-23 04:00:00,CP-01,74.1,37.4,0.375,115,Medium,utilisation_pct trending high
2026-02-23 08:00:00,CP-01,59.2,55.2,0.641,78,High,ch4_pct above upper limit
2026-02-23 12:00:00,CP-01,85.8,21.9,0.156,141,Low,Within baseline with monitored trend behaviour
2026-02-23 16:00:00,CP-01,72.0,38.4,0.39,109,Medium,utilisation_pct trending high
2026-02-23 20:00:00,CP-01,51.6,68.3,0.812,61,High,utilisation_pct trending high; ch4_pct above upper limit
2026-02-24 00:00:00,CP-01,86.5,21.5,0.225,135,Low,Within baseline with monitored trend behaviour
2026-02-24 04:00:00,CP-01,79.5,28.1,0.252,131,Medium,Within baseline with monitored trend behaviour
2026-02-24 08:00:00,CP-01,78.2,31.8,0.343,121,Medium,ch4_pct above upper limit
2026-02-24 12:00:00,CP-01,67.3,44.6,0.457,100,Medium,ch4_pct trending high
2026-02-24 16:00:00,CP-01,59.4,54.8,0.576,83,High,ch4_pct above upper limit
2026-02-24 20:00:00,CP-01,74.9,31.8,0.311,120,Medium,ch4_pct trending high
2026-02-25 00:00:00,CP-01,87.5,18.8,0.144,139,Low,Within baseline with monitored trend behaviour
2026-02-25 04:00:00,CP-01,72.1,38.8,0.443,108,Medium,ch4_pct above upper limit
2026-02-25 08:00:00,CP-01,75.9,34.1,0.365,119,Medium,ch4_pct above upper limit
2026-02-25 12:00:00,CP-01,78.9,30.0,0.267,127,Medium,ch4_pct trending high
2026-02-25 16:00:00,CP-01,72.9,41.9,0.426,111,Medium,ch4_pct above upper limit
2026-02-25 20:00:00,CP-01,84.0,18.7,0.131,149,Low,Within baseline with monitored trend behaviour
2026-02-26 00:00:00,CP-01,88.5,17.3,0.127,145,Low,Within baseline with monitored trend behaviour
2026-02-26 04:00:00,CP-01,90.2,12.6,0.062,149,Low,Within baseline with monitored trend behaviour
2026-02-26 08:00:00,CP-01,91.1,10.0,0.094,153,Low,Within baseline with monitored trend behaviour
2026-02-26 12:00:00,CP-01,92.0,12.4,0.055,149,Low,Within baseline with monitored trend behaviour
2026-02-26 16:00:00,CP-01,85.1,20.2,0.139,137,Low,Within baseline with monitored trend behaviour
2026-02-26 20:00:00,CP-01,93.2,11.0,0.037,152,Low,Within baseline with monitored trend behaviour
2026-02-27 00:00:00,CP-01,88.2,17.9,0.118,144,Low,Within baseline with monitored trend behaviour
2026-02-27 04:00:00,CP-01,92.7,9.2,0.033,158,Low,Within baseline with monitored trend behaviour
2026-02-27 08:00:00,CP-01,89.4,13.1,0.069,150,Low,Within baseline with monitored trend behaviour
2026-02-27 12:00:00,CP-01,91.3,13.9,0.056,152,Low,Within baseline with monitored trend behaviour
2026-02-27 16:00:00,CP-01,94.8,8.1,0.0,162,Low,Within baseline with monitored trend behaviour
2026-02-27 20:00:00,CP-01,95.8,7.9,0.015,160,Low,Within baseline with monitored trend behaviour
2026-02-28 00:00:00,CP-01,90.5,9.7,0.004,153,Low,Within baseline with monitored trend behaviour
2026-02-28 04:00:00,CP-01,97.3,6.8,0.0,156,Low,Within baseline with monitored trend behaviour
2026-02-28 08:00:00,CP-01,94.0,5.9,0.0,159,Low,Within baseline with monitored trend behaviour
2026-02-28 12:00:00,CP-01,96.4,8.8,0.0,155,Low,Within baseline with monitored trend behaviour
2026-02-28 16:00:00,CP-01,97.7,6.5,0.0,167,Low,Within baseline with monitored trend behaviour
2026-02-28 20:00:00,CP-01,94.0,7.2,0.035,159,Low,Within baseline with monitored trend behaviour
2026-03-01 00:00:00,CP-01,96.3,9.7,0.017,152,Low,Within baseline with monitored trend behaviour
2026-03-01 04:00:00,CP-01,88.1,14.9,0.118,151,Low,Within baseline with monitored trend behaviour
2026-03-01 08:00:00,CP-01,93.7,12.1,0.053,153,Low,Within baseline with monitored trend behaviour
2026-03-01 12:00:00,CP-01,94.9,8.9,0.029,161,Low,Within baseline with monitored trend behaviour
2026-03-01 16:00:00,CP-01,79.9,25.0,0.18,132,Low,ch4_pct trending high
2026-03-01 20:00:00,CP-01,70.7,40.1,0.44,106,Medium,utilisation_pct trending high; ch4_pct above upper limit
2026-03-02 00:00:00,CP-01,83.9,23.3,0.189,131,Low,Within baseline with monitored trend behaviour
2026-03-02 04:00:00,CP-01,82.8,26.7,0.209,129,Medium,Within baseline with monitored trend behaviour
2026-03-02 08:00:00,CP-01,68.3,43.8,0.415,94,Medium,ch4_pct above upper limit
2026-03-02 12:00:00,CP-01,72.1,37.8,0.406,115,Medium,ch4_pct above upper limit
2026-03-02 16:00:00,CP-01,69.0,42.9,0.472,113,Medium,utilisation_pct trending high; ch4_pct trending high
2026-03-02 20:00:00,CP-01,85.9,22.9,0.185,129,Low,Within baseline with monitored trend behaviour
2026-03-03 00:00:00,CP-01,74.3,32.3,0.363,124,Medium,ch4_pct trending high
2026-03-03 04:00:00,CP-01,69.3,41.9,0.441,111,Medium,ch4_pct above upper limit
2026-03-03 08:00:00,CP-01,84.2,22.9,0.163,139,Low,Within baseline with monitored trend behaviour
2026-03-03 12:00:00,CP-01,71.3,40.5,0.421,102,Medium,ch4_pct above upper limit
2026-03-03 16:00:00,CP-01,57.5,58.5,0.667,78,High,ch4_pct above upper limit
2026-03-03 20:00:00,CP-01,69.2,45.3,0.453,110,High,ch4_pct above upper limit
2026-03-04 00:00:00,CP-01,73.4,39.3,0.343,102,Medium,ch4_pct trending high
2026-03-04 04:00:00,CP-01,75.0,38.7,0.357,110,Medium,ch4_pct above upper limit
2026-03-04 08:00:00,CP-01,71.0,40.7,0.463,110,Medium,ch4_pct above upper limit
2026-03-04 12:00:00,CP-01,62.7,51.0,0.545,90,High,ch4_pct above upper limit
2026-03-04 16:00:00,CP-01,76.5,33.6,0.295,123,Medium,ch4_pct trending high
2026-03-04 20:00:00,CP-01,72.2,38.3,0.36,113,Medium,ch4_pct trending high
2026-03-05 00:00:00,CP-01,79.6,28.6,0.226,127,Medium,Within baseline with monitored trend behaviour
2026-03-05 04:00:00,CP-01,86.6,17.7,0.163,141,Low,Within baseline with monitored trend behaviour
2026-03-05 08:00:00,CP-01,84.5,21.8,0.203,142,Low,Within baseline with monitored trend behaviour
2026-03-05 12:00:00,CP-01,84.8,23.8,0.195,135,Low,Within baseline with monitored trend behaviour
2026-03-05 16:00:00,CP-01,89.7,14.1,0.034,144,Low,Within baseline with monitored trend behaviour
2026-03-05 20:00:00,CP-01,83.3,20.0,0.134,140,Low,Within baseline with monitored trend behaviour
2026-03-06 00:00:00,CP-01,93.3,7.6,0.051,159,Low,Within baseline with monitored trend behaviour
2026-03-06 04:00:00,CP-01,86.9,17.4,0.153,137,Low,Within baseline with monitored trend behaviour
2026-03-06 08:00:00,CP-01,88.4,18.4,0.115,140,Low,Within baseline with monitored trend behaviour
2026-03-06 12:00:00,CP-01,86.1,18.8,0.082,134,Low,Within baseline with monitored trend behaviour
2026-03-06 16:00:00,CP-01,82.3,24.3,0.245,132,Low,ch4_pct trending high
2026-03-06 20:00:00,CP-01,88.9,13.1,0.002,146,Low,Within baseline with monitored trend behaviour
2026-03-07 00:00:00,CP-01,93.2,9.6,0.009,151,Low,Within baseline with monitored trend behaviour
2026-03-07 04:00:00,CP-01,92.0,8.8,0.011,153,Low,Within baseline with monitored trend behaviour
2026-03-07 08:00:00,CP-01,97.4,5.8,0.0,163,Low,Within baseline with monitored trend behaviour
2026-03-07 12:00:00,CP-01,94.3,7.9,0.0,157,Low,Within baseline with monitored trend behaviour
2026-03-07 16:00:00,CP-01,92.4,7.1,0.0,156,Low,Within baseline with monitored trend behaviour
2026-03-07 20:00:00,CP-01,95.0,9.0,0.0,155,Low,Within baseline with monitored trend behaviour
2026-03-08 00:00:00,CP-01,95.9,6.8,0.0,159,Low,Within baseline with monitored trend behaviour
2026-03-08 04:00:00,CP-01,92.8,6.2,0.004,157,Low,Within baseline with monitored trend behaviour
2026-03-08 08:00:00,CP-01,92.9,11.0,0.0,157,Low,Within baseline with monitored trend behaviour
2026-03-08 12:00:00,CP-01,93.1,9.6,0.021,143,Low,Within baseline with monitored trend behaviour
2026-03-08 16:00:00,CP-01,97.1,4.9,0.01,161,Low,Within baseline with monitored trend behaviour
2026-03-08 20:00:00,CP-01,88.7,16.0,0.161,148,Low,Within baseline with monitored trend behaviour
2026-03-09 00:00:00,CP-01,88.3,15.2,0.084,135,Low,Within baseline with monitored trend behaviour
2026-03-09 04:00:00,CP-01,80.7,25.0,0.207,132,Low,Within baseline with monitored trend behaviour
2026-03-09 08:00:00,CP-01,73.4,38.9,0.379,109,Medium,ch4_pct above upper limit
2026-03-09 12:00:00,CP-01,92.9,11.1,0.049,147,Low,Within baseline with monitored trend behaviour
2026-03-09 16:00:00,CP-01,87.8,15.5,0.063,151,Low,Within baseline with monitored trend behaviour
2026-03-09 20:00:00,CP-01,89.0,16.3,0.113,143,Low,Within baseline with monitored trend behaviour
2026-03-10 00:00:00,CP-01,82.3,25.8,0.274,125,Medium,ch4_pct trending high
2026-03-10 04:00:00,CP-01,84.5,21.6,0.178,130,Low,Within baseline with monitored trend behaviour
2026-03-10 08:00:00,CP-01,83.1,26.1,0.247,122,Medium,Within baseline with monitored trend behaviour
2026-03-10 12:00:00,CP-01,64.9,48.0,0.497,98,High,ch4_pct above upper limit
2026-03-10 16:00:00,CP-01,78.6,28.3,0.242,127,Medium,Within baseline with monitored trend behaviour
2026-03-10 20:00:00,CP-01,89.1,18.7,0.151,140,Low,Within baseline with monitored trend behaviour
2026-03-11 00:00:00,CP-01,69.4,41.7,0.441,102,Medium,ch4_pct trending high
2026-03-11 04:00:00,CP-01,89.9,15.5,0.103,142,Low,Within baseline with monitored trend behaviour
2026-03-11 08:00:00,CP-01,83.9,24.5,0.234,135,Low,Within baseline with monitored trend behaviour
2026-03-11 12:00:00,CP-01,64.2,49.1,0.547,97,High,ch4_pct above upper limit
2026-03-11 16:00:00,CP-01,79.3,32.1,0.297,121,Medium,ch4_pct trending high
2026-03-11 20:00:00,CP-01,78.4,29.3,0.26,119,Medium,Within baseline with monitored trend behaviour
2026-03-12 00:00:00,CP-01,69.4,42.4,0.472,108,Medium,ch4_pct above upper limit
2026-03-12 04:00:00,CP-01,82.7,23.8,0.229,124,Low,Within baseline with monitored trend behaviour
2026-03-12 08:00:00,CP-01,57.8,56.9,0.592,89,High,ch4_pct above upper limit
2026-03-12 12:00:00,CP-01,88.2,19.6,0.137,130,Low,Within baseline with monitored trend behaviour
2026-03-12 16:00:00,CP-01,72.4,37.5,0.442,110,Medium,Within baseline with monitored trend behaviour
2026-03-12 20:00:00,CP-01,87.8,20.1,0.139,135,Low,Within baseline with monitored trend behaviour
2026-03-13 00:00:00,CP-01,76.7,31.9,0.318,120,Medium,ch4_pct trending high
2026-03-13 04:00:00,CP-01,74.5,31.7,0.336,120,Medium,utilisation_pct trending high
2026-03-13 08:00:00,CP-01,86.1,21.6,0.21,125,Low,Within baseline with monitored trend behaviour
2026-03-13 12:00:00,CP-01,88.5,13.2,0.087,144,Low,Within baseline with monitored trend behaviour
2026-03-13 16:00:00,CP-01,76.4,35.1,0.37,124,Medium,ch4_pct above upper limit
2026-03-13 20:00:00,CP-01,87.7,15.7,0.13,143,Low,Within baseline with monitored trend behaviour
2026-03-14 00:00:00,CP-01,84.5,22.7,0.216,127,Low,ch4_pct trending high
2026-03-14 04:00:00,CP-01,92.0,11.4,0.027,153,Low,Within baseline with monitored trend behaviour
2026-03-14 08:00:00,CP-01,95.4,8.0,0.0,157,Low,Within baseline with monitored trend behaviour
2026-03-14 12:00:00,CP-01,94.8,8.4,0.01,160,Low,Within baseline with monitored trend behaviour
2026-03-14 16:00:00,CP-01,93.8,4.4,0.0,166,Low,Within baseline with monitored trend behaviour
2026-03-14 20:00:00,CP-01,93.6,11.9,0.027,148,Low,Within baseline with monitored trend behaviour
2026-03-15 00:00:00,CP-01,92.5,16.5,0.064,146,Low,Within baseline with monitored trend behaviour
2026-03-15 04:00:00,CP-01,94.5,9.2,0.0,154,Low,Within baseline with monitored trend behaviour
2026-03-15 08:00:00,CP-01,93.4,10.0,0.018,161,Low,Within baseline with monitored trend behaviour
2026-03-15 12:00:00,CP-01,93.8,8.2,0.022,155,Low,Within baseline with monitored trend behaviour
2026-03-15 16:00:00,CP-01,92.1,11.5,0.029,144,Low,Within baseline with monitored trend behaviour
2026-03-15 20:00:00,CP-01,91.3,11.8,0.047,149,Low,Within baseline with monitored trend behaviour
2026-03-16 00:00:00,CP-01,90.8,15.3,0.072,140,Low,Within baseline with monitored trend behaviour
2026-03-16 04:00:00,CP-01,76.5,29.5,0.226,119,Medium,Within baseline with monitored trend behaviour
2026-03-16 08:00:00,CP-01,89.6,15.9,0.107,136,Low,Within baseline with monitored trend behaviour
2026-03-16 12:00:00,CP-01,81.7,21.6,0.118,140,Low,Within baseline with monitored trend behaviour
2026-03-16 16:00:00,CP-01,88.3,16.4,0.118,133,Low,Within baseline with monitored trend behaviour
2026-03-16 20:00:00,CP-01,85.3,20.1,0.136,141,Low,Within baseline with monitored trend behaviour
2026-03-17 00:00:00,CP-01,93.5,12.0,0.087,141,Low,Within baseline with monitored trend behaviour
2026-03-17 04:00:00,CP-01,83.5,19.8,0.145,144,Low,Within baseline with monitored trend behaviour
2026-03-17 08:00:00,CP-01,93.7,12.0,0.027,147,Low,Within baseline with monitored trend behaviour
2026-03-17 12:00:00,CP-01,76.1,33.2,0.331,115,Medium,ch4_pct above upper limit
2026-03-17 16:00:00,CP-01,82.9,23.3,0.206,135,Low,Within baseline with monitored trend behaviour
2026-03-17 20:00:00,CP-01,69.9,39.3,0.376,109,Medium,ch4_pct above upper limit
2026-03-18 00:00:00,CP-01,81.8,28.5,0.298,119,Medium,ch4_pct trending high
2026-03-18 04:00:00,CP-01,78.2,31.7,0.283,117,Medium,Within baseline with monitored trend behaviour
2026-03-18 08:00:00,CP-01,69.7,41.5,0.44,104,Medium,ch4_pct above upper limit
2026-03-18 12:00:00,CP-01,82.5,28.9,0.246,129,Medium,Within baseline with monitored trend behaviour
2026-03-18 16:00:00,CP-01,75.1,35.2,0.334,110,Medium,ch4_pct trending high
2026-03-18 20:00:00,CP-01,78.8,32.3,0.295,121,Medium,Within baseline with monitored trend behaviour
2026-03-19 00:00:00,CP-01,84.4,20.4,0.152,136,Low,Within baseline with monitored trend behaviour
2026-03-19 04:00:00,CP-01,72.2,41.0,0.405,104,Medium,ch4_pct trending high
2026-03-19 08:00:00,CP-01,70.3,43.5,0.43,98,Medium,ch4_pct above upper limit
2026-03-19 12:00:00,CP-01,60.3,58.7,0.664,79,High,ch4_pct above upper limit
2026-03-19 16:00:00,CP-01,75.4,33.0,0.306,107,Medium,utilisation_pct trending high
2026-03-19 20:00:00,CP-01,79.5,29.5,0.263,124,Medium,Within baseline with monitored trend behaviour
2026-03-20 00:00:00,CP-01,76.7,31.2,0.297,119,Medium,ch4_pct trending high
2026-03-20 04:00:00,CP-01,83.1,24.6,0.18,123,Low,Within baseline with monitored trend behaviour
2026-03-20 08:00:00,CP-01,73.7,35.2,0.353,118,Medium,ch4_pct above upper limit
2026-03-20 12:00:00,CP-01,79.9,31.0,0.301,119,Medium,Within baseline with monitored trend behaviour
2026-03-20 16:00:00,CP-01,85.1,18.7,0.147,136,Low,Within baseline with monitored trend behaviour
2026-03-20 20:00:00,CP-01,88.3,14.0,0.076,147,Low,Within baseline with monitored trend behaviour
2026-03-21 00:00:00,CP-01,92.6,7.3,0.013,150,Low,Within baseline with monitored trend behaviour
2026-03-21 04:00:00,CP-01,93.2,10.5,0.045,157,Low,Within baseline with monitored trend behaviour
2026-03-21 08:00:00,CP-01,94.4,8.5,0.013,153,Low,Within baseline with monitored trend behaviour
2026-03-21 12:00:00,CP-01,96.4,5.8,0.026,157,Low,Within baseline with monitored trend behaviour
2026-03-21 16:00:00,CP-01,98.8,5.2,0.005,161,Low,Within baseline with monitored trend behaviour
2026-03-21 20:00:00,CP-01,95.0,8.0,0.043,166,Low,Within baseline with monitored trend behaviour
2026-03-22 00:00:00,CP-01,95.3,8.0,0.0,151,Low,Within baseline with monitored trend behaviour
2026-03-22 04:00:00,CP-01,97.2,7.1,0.0,158,Low,Within baseline with monitored trend behaviour
2026-03-22 08:00:00,CP-01,92.3,10.1,0.0,152,Low,Within baseline with monitored trend behaviour
2026-03-22 12:00:00,CP-01,90.9,13.9,0.077,144,Low,Within baseline with monitored trend behaviour
2026-03-22 16:00:00,CP-01,91.3,11.6,0.0,150,Low,Within baseline with monitored trend behaviour
2026-03-22 20:00:00,CP-01,98.6,4.4,0.0,155,Low,Within baseline with monitored trend behaviour
2026-03-23 00:00:00,CP-01,90.1,11.2,0.057,143,Low,Within baseline with monitored trend behaviour
2026-03-23 04:00:00,CP-01,81.7,23.8,0.177,123,Low,Within baseline with monitored trend behaviour
2026-03-23 08:00:00,CP-01,97.4,5.9,0.012,155,Low,Within baseline with monitored trend behaviour
2026-03-23 12:00:00,CP-01,91.0,14.4,0.083,146,Low,Within baseline with monitored trend behaviour
2026-03-23 16:00:00,CP-01,91.2,14.9,0.084,138,Low,Within baseline with monitored trend behaviour
2026-03-23 20:00:00,CP-01,95.0,8.8,0.019,160,Low,Within baseline with monitored trend behaviour
2026-03-24 00:00:00,CP-01,64.5,46.9,0.448,94,High,ch4_pct above upper limit
2026-03-24 04:00:00,CP-01,89.4,14.4,0.069,146,Low,Within baseline with monitored trend behaviour
2026-03-24 08:00:00,CP-01,83.8,20.6,0.103,129,Low,Within baseline with monitored trend behaviour
2026-03-24 12:00:00,CP-01,87.5,16.4,0.091,143,Low,Within baseline with monitored trend behaviour
2026-03-24 16:00:00,CP-01,84.3,21.4,0.166,130,Low,Within baseline with monitored trend behaviour
2026-03-24 20:00:00,CP-01,84.4,20.9,0.163,138,Low,Within baseline with monitored trend behaviour
2026-03-25 00:00:00,CP-01,76.2,30.3,0.284,124,Medium,ch4_pct trending high
2026-03-25 04:00:00,CP-01,77.5,35.7,0.358,109,Medium,ch4_pct above upper limit
2026-03-25 08:00:00,CP-01,63.4,50.2,0.561,87,High,ch4_pct above upper limit
2026-03-25 12:00:00,CP-01,83.7,21.3,0.177,131,Low,Within baseline with monitored trend behaviour
2026-03-25 16:00:00,CP-01,83.0,23.1,0.151,138,Low,Within baseline with monitored trend behaviour
2026-03-25 20:00:00,CP-01,85.5,19.9,0.126,137,Low,Within baseline with monitored trend behaviour
2026-03-26 00:00:00,CP-01,64.5,51.5,0.571,91,High,ch4_pct above upper limit
2026-03-26 04:00:00,CP-01,79.1,27.9,0.24,125,Medium,Within baseline with monitored trend behaviour
2026-03-26 08:00:00,CP-01,74.0,33.2,0.341,115,Medium,Within baseline with monitored trend behaviour
2026-03-26 12:00:00,CP-01,69.8,41.1,0.467,103,Medium,Within baseline with monitored trend behaviour
2026-03-26 16:00:00,CP-01,72.2,37.3,0.336,103,Medium,ch4_pct trending high
2026-03-26 20:00:00,CP-01,69.1,43.3,0.433,99,Medium,ch4_pct trending high
2026-03-27 00:00:00,CP-01,68.7,45.8,0.523,86,High,ch4_pct trending high
2026-03-27 04:00:00,CP-01,64.8,51.5,0.552,86,High,ch4_pct above upper limit
2026-03-27 08:00:00,CP-01,61.5,51.3,0.562,83,High,ch4_pct above upper limit
2026-03-27 12:00:00,CP-01,66.7,45.1,0.42,97,High,ch4_pct above upper limit
2026-03-27 16:00:00,CP-01,76.4,32.1,0.331,109,Medium,ch4_pct above upper limit
2026-03-27 20:00:00,CP-01,91.4,11.2,0.042,153,Low,Within baseline with monitored trend behaviour
2026-03-28 00:00:00,CP-01,84.8,20.2,0.178,137,Low,Within baseline with monitored trend behaviour
2026-03-28 04:00:00,CP-01,82.4,24.1,0.207,127,Low,Within baseline with monitored trend behaviour
2026-03-28 08:00:00,CP-01,90.2,12.7,0.086,146,Low,Within baseline with monitored trend behaviour
2026-03-28 12:00:00,CP-01,90.8,10.6,0.063,154,Low,Within baseline with monitored trend behaviour
2026-03-28 16:00:00,CP-01,87.5,18.0,0.116,135,Low,Within baseline with monitored trend behaviour
2026-03-28 20:00:00,CP-01,85.7,14.8,0.082,137,Low,Within baseline with monitored trend behaviour
2026-03-29 00:00:00,CP-01,87.1,16.5,0.093,139,Low,Within baseline with monitored trend behaviour
2026-03-29 04:00:00,CP-01,85.3,18.9,0.13,133,Low,Within baseline with monitored trend behaviour
2026-03-29 08:00:00,CP-01,93.8,8.9,0.021,145,Low,Within baseline with monitored trend behaviour
2026-03-29 12:00:00,CP-01,92.4,10.5,0.024,149,Low,Within baseline with monitored trend behaviour
2026-03-29 16:00:00,CP-01,95.2,6.5,0.0,159,Low,Within baseline with monitored trend behaviour
2026-03-29 20:00:00,CP-01,92.1,13.6,0.054,140,Low,Within baseline with monitored trend behaviour
2026-03-30 00:00:00,CP-01,89.1,13.9,0.058,134,Low,Within baseline with monitored trend behaviour
2026-03-30 04:00:00,CP-01,87.5,19.0,0.117,141,Low,Within baseline with monitored trend behaviour
2026-03-30 08:00:00,CP-01,91.5,12.1,0.09,145,Low,Within baseline with monitored trend behaviour
2026-03-30 12:00:00,CP-01,88.7,12.8,0.032,144,Low,Within baseline with monitored trend behaviour
2026-03-30 16:00:00,CP-01,89.1,16.7,0.11,140,Low,Within baseline with monitored trend behaviour
2026-03-30 20:00:00,CP-01,90.3,12.9,0.063,144,Low,Within baseline with monitored trend behaviour
2026-03-31 00:00:00,CP-01,88.2,14.7,0.067,141,Low,Within baseline with monitored trend behaviour
2026-03-31 04:00:00,CP-01,90.9,8.3,0.01,144,Low,Within baseline with monitored trend behaviour
2026-03-31 08:00:00,CP-01,93.5,8.6,0.046,153,Low,Within baseline with monitored trend behaviour
2026-03-31 12:00:00,CP-01,92.6,6.9,0.002,158,Low,Within baseline with monitored trend behaviour
2026-03-31 16:00:00,CP-01,91.3,11.7,0.04,147,Low,Within baseline with monitored trend behaviour
2026-03-31 20:00:00,CP-01,95.3,8.7,0.037,152,Low,Within baseline with monitored trend behaviour
2026-04-01 00:00:00,CP-01,82.9,23.1,0.197,129,Low,Within baseline with monitored trend behaviour
2026-04-01 04:00:00,CP-01,89.1,11.5,0.032,144,Low,Within baseline with monitored trend behaviour
2026-04-01 08:00:00,CP-01,92.3,9.9,0.033,146,Low,Within baseline with monitored trend behaviour
2026-04-01 12:00:00,CP-01,74.5,34.0,0.314,107,Medium,Within baseline with monitored trend behaviour
2026-04-01 16:00:00,CP-01,84.1,25.2,0.232,125,Medium,ch4_pct trending high
2026-04-01 20:00:00,CP-01,90.5,12.6,0.071,138,Low,Within baseline with monitored trend behaviour
2026-04-02 00:00:00,CP-01,83.1,24.0,0.209,129,Low,Within baseline with monitored trend behaviour
2026-04-02 04:00:00,CP-01,71.3,38.4,0.393,108,Medium,ch4_pct above upper limit
2026-04-02 08:00:00,CP-01,75.0,32.7,0.326,111,Medium,Within baseline with monitored trend behaviour
2026-04-02 12:00:00,CP-01,82.7,23.4,0.207,126,Low,Within baseline with monitored trend behaviour
2026-04-02 16:00:00,CP-01,75.0,34.5,0.332,114,Medium,Within baseline with monitored trend behaviour
2026-04-02 20:00:00,CP-01,72.0,38.1,0.384,103,Medium,ch4_pct trending high
2026-04-03 00:00:00,CP-01,65.9,45.2,0.487,93,High,ch4_pct above upper limit
2026-04-03 04:00:00,CP-01,70.8,42.2,0.426,100,Medium,Within baseline with monitored trend behaviour
2026-04-03 08:00:00,CP-01,67.7,45.6,0.395,87,High,Within baseline with monitored trend behaviour
2026-04-03 12:00:00,CP-01,74.7,37.5,0.367,105,Medium,Within baseline with monitored trend behaviour
2026-04-03 16:00:00,CP-01,64.4,45.6,0.52,93,High,ch4_pct above upper limit
2026-04-03 20:00:00,CP-01,73.5,36.3,0.389,106,Medium,ch4_pct above upper limit
2026-04-04 00:00:00,CP-01,87.8,18.6,0.099,133,Low,Within baseline with monitored trend behaviour
2026-04-04 04:00:00,CP-01,93.7,10.7,0.045,148,Low,Within baseline with monitored trend behaviour
2026-04-04 08:00:00,CP-01,90.5,15.6,0.09,137,Low,Within baseline with monitored trend behaviour
2026-04-04 12:00:00,CP-01,79.5,27.7,0.228,112,Medium,ch4_pct trending high
2026-04-04 16:00:00,CP-01,91.7,9.6,0.05,154,Low,Within baseline with monitored trend behaviour
2026-04-04 20:00:00,CP-01,93.5,8.4,0.009,157,Low,Within baseline with monitored trend behaviour
2026-04-05 00:00:00,CP-01,92.7,9.3,0.037,150,Low,Within baseline with monitored trend behaviour
2026-04-05 04:00:00,CP-01,91.3,12.8,0.062,146,Low,Within baseline with monitored trend behaviour
2026-04-05 08:00:00,CP-01,91.3,8.2,0.024,153,Low,Within baseline with monitored trend behaviour
2026-04-05 12:00:00,CP-01,97.0,4.9,0.008,159,Low,Within baseline with monitored trend behaviour
2026-04-05 16:00:00,CP-01,91.6,11.5,0.016,154,Low,Within baseline with monitored trend behaviour
2026-04-05 20:00:00,CP-01,96.6,7.8,0.033,149,Low,Within baseline with monitored trend behaviour
2026-04-06 00:00:00,CP-01,91.2,12.6,0.058,150,Low,Within baseline with monitored trend behaviour
2026-04-06 04:00:00,CP-01,95.3,11.0,0.067,138,Low,Within baseline with monitored trend behaviour
2026-04-06 08:00:00,CP-01,90.4,14.6,0.087,145,Low,Within baseline with monitored trend behaviour
2026-04-06 12:00:00,CP-01,87.7,13.0,0.101,149,Low,Within baseline with monitored trend behaviour
2026-04-06 16:00:00,CP-01,87.0,14.1,0.072,140,Low,Within baseline with monitored trend behaviour
2026-04-06 20:00:00,CP-01,92.4,12.9,0.082,142,Low,Within baseline with monitored trend behaviour
2026-04-07 00:00:00,CP-01,93.0,9.2,0.02,156,Low,Within baseline with monitored trend behaviour
2026-04-07 04:00:00,CP-01,94.0,9.8,0.0,149,Low,Within baseline with monitored trend behaviour
2026-04-07 08:00:00,CP-01,90.6,11.2,0.036,150,Low,Within baseline with monitored trend behaviour
2026-04-07 12:00:00,CP-01,92.7,7.5,0.004,151,Low,Within baseline with monitored trend behaviour
2026-04-07 16:00:00,CP-01,96.2,8.0,0.0,154,Low,Within baseline with monitored trend behaviour
2026-04-07 20:00:00,CP-01,91.7,13.7,0.098,132,Low,Within baseline with monitored trend behaviour
2026-04-08 00:00:00,CP-01,92.6,8.8,0.0,144,Low,Within baseline with monitored trend behaviour
2026-04-08 04:00:00,CP-01,97.8,6.1,0.006,156,Low,Within baseline with monitored trend behaviour
2026-04-08 08:00:00,CP-01,90.0,16.0,0.092,138,Low,Within baseline with monitored trend behaviour
2026-04-08 12:00:00,CP-01,88.5,15.5,0.061,127,Low,Within baseline with monitored trend behaviour
2026-04-08 16:00:00,CP-01,87.0,11.9,0.009,144,Low,Within baseline with monitored trend behaviour
2026-04-08 20:00:00,CP-01,84.6,16.5,0.09,137,Low,Within baseline with monitored trend behaviour
2026-04-09 00:00:00,CP-01,94.3,9.8,0.027,150,Low,Within baseline with monitored trend behaviour
2026-04-09 04:00:00,CP-01,74.6,34.0,0.368,106,Medium,ch4_pct trending high
2026-04-09 08:00:00,CP-01,59.8,54.5,0.644,85,High,utilisation_pct trending high; ch4_pct above upper limit
2026-04-09 12:00:00,CP-01,73.4,37.8,0.37,100,Medium,Within baseline with monitored trend behaviour
2026-04-09 16:00:00,CP-01,71.5,40.8,0.47,104,Medium,ch4_pct above upper limit
2026-04-09 20:00:00,CP-01,62.9,53.1,0.574,79,High,ch4_pct above upper limit
2026-04-10 00:00:00,CP-01,61.0,52.7,0.571,83,High,utilisation_pct trending high; ch4_pct above upper limit
2026-04-10 04:00:00,CP-01,50.2,70.5,0.806,57,Critical,ch4_pct above upper limit
2026-04-10 08:00:00,CP-01,76.8,33.3,0.334,108,Medium,ch4_pct trending high
2026-04-10 12:00:00,CP-01,77.5,34.2,0.29,111,Medium,Within baseline with monitored trend behaviour
2026-04-10 16:00:00,CP-01,78.6,30.3,0.305,111,Medium,Within baseline with monitored trend behaviour
2026-04-10 20:00:00,CP-01,73.6,32.2,0.3,109,Medium,Within baseline with monitored trend behaviour
2026-04-11 00:00:00,CP-01,87.0,20.9,0.156,132,Low,Within baseline with monitored trend behaviour
2026-04-11 04:00:00,CP-01,81.8,23.2,0.203,125,Low,Within baseline with monitored trend behaviour
2026-04-11 08:00:00,CP-01,75.6,33.1,0.367,120,Medium,ch4_pct above upper limit
2026-04-11 12:00:00,CP-01,90.7,13.8,0.071,134,Low,Within baseline with monitored trend behaviour
2026-04-11 16:00:00,CP-01,92.4,13.7,0.037,142,Low,Within baseline with monitored trend behaviour
2026-04-11 20:00:00,CP-01,88.0,15.3,0.078,138,Low,Within baseline with monitored trend behaviour
2026-04-12 00:00:00,CP-01,63.1,50.3,0.473,92,High,ch4_pct above upper limit
2026-04-12 04:00:00,CP-01,89.7,15.2,0.039,139,Low,Within baseline with monitored trend behaviour
2026-04-12 08:00:00,CP-01,91.6,12.8,0.096,143,Low,Within baseline with monitored trend behaviour
2026-04-12 12:00:00,CP-01,84.8,20.1,0.158,133,Low,Within baseline with monitored trend behaviour
2026-04-12 16:00:00,CP-01,90.0,13.8,0.063,146,Low,Within baseline with monitored trend behaviour
2026-04-12 20:00:00,CP-01,90.5,12.9,0.063,138,Low,Within baseline with monitored trend behaviour
2026-04-13 00:00:00,CP-01,90.5,13.0,0.07,132,Low,Within baseline with monitored trend behaviour
2026-04-13 04:00:00,CP-01,94.9,9.0,0.0,157,Low,Within baseline with monitored trend behaviour
2026-04-13 08:00:00,CP-01,86.4,18.7,0.16,135,Low,Within baseline with monitored trend behaviour
2026-04-13 12:00:00,CP-01,92.5,8.8,0.012,143,Low,Within baseline with monitored trend behaviour
2026-04-13 16:00:00,CP-01,94.0,11.0,0.036,145,Low,Within baseline with monitored trend behaviour
2026-04-13 20:00:00,CP-01,88.6,16.6,0.112,140,Low,Within baseline with monitored trend behaviour
2026-04-14 00:00:00,CP-01,87.4,14.9,0.08,141,Low,Within baseline with monitored trend behaviour
2026-04-14 04:00:00,CP-01,92.2,9.3,0.033,144,Low,Within baseline with monitored trend behaviour
2026-04-14 08:00:00,CP-01,92.7,9.0,0.015,147,Low,Within baseline with monitored trend behaviour
2026-04-14 12:00:00,CP-01,97.0,6.0,0.0,151,Low,Within baseline with monitored trend behaviour
2026-04-14 16:00:00,CP-01,87.7,13.6,0.09,148,Low,Within baseline with monitored trend behaviour
2026-04-14 20:00:00,CP-01,96.9,4.9,0.0,157,Low,Within baseline with monitored trend behaviour
2026-04-15 00:00:00,CP-01,94.9,8.0,0.009,152,Low,Within baseline with monitored trend behaviour
2026-04-15 04:00:00,CP-01,93.3,10.6,0.012,144,Low,Within baseline with monitored trend behaviour
2026-04-15 08:00:00,CP-01,96.3,9.4,0.028,152,Low,Within baseline with monitored trend behaviour
2026-04-15 12:00:00,CP-01,94.5,8.3,0.022,151,Low,Within baseline with monitored trend behaviour
2026-04-15 16:00:00,CP-01,96.1,9.1,0.015,147,Low,Within baseline with monitored trend behaviour
2026-04-15 20:00:00,CP-01,93.0,11.4,0.046,141,Low,Within baseline with monitored trend behaviour
2026-04-16 00:00:00,CP-01,82.0,28.0,0.27,118,Medium,ch4_pct trending high
2026-04-16 04:00:00,CP-01,76.6,32.9,0.34,112,Medium,ch4_pct trending high
2026-04-16 08:00:00,CP-01,84.1,24.4,0.176,125,Low,Within baseline with monitored trend behaviour
2026-04-16 12:00:00,CP-01,67.5,47.7,0.467,89,High,utilisation_pct trending high; ch4_pct above upper limit
2026-04-16 16:00:00,CP-01,90.3,17.2,0.14,140,Low,Within baseline with monitored trend behaviour
2026-04-16 20:00:00,CP-01,77.0,30.6,0.321,109,Medium,Within baseline with monitored trend behaviour
2026-04-17 00:00:00,CP-01,76.0,36.0,0.387,106,Medium,ch4_pct trending high
2026-04-17 04:00:00,CP-01,85.5,21.7,0.193,132,Low,Within baseline with monitored trend behaviour
2026-04-17 08:00:00,CP-01,82.6,25.4,0.189,125,Medium,Within baseline with monitored trend behaviour
2026-04-17 12:00:00,CP-01,71.2,40.1,0.433,99,Medium,Within baseline with monitored trend behaviour
2026-04-17 16:00:00,CP-01,87.2,18.5,0.195,126,Low,Within baseline with monitored trend behaviour
2026-04-17 20:00:00,CP-01,81.3,25.1,0.201,121,Medium,Within baseline with monitored trend behaviour
2026-04-18 00:00:00,CP-01,81.6,24.3,0.221,123,Low,Within baseline with monitored trend behaviour
2026-04-18 04:00:00,CP-01,55.8,59.1,0.632,70,High,ch4_pct above upper limit
2026-04-18 08:00:00,CP-01,62.7,50.4,0.49,83,High,ch4_pct above upper limit
2026-04-18 12:00:00,CP-01,71.0,44.8,0.45,98,Medium,ch4_pct above upper limit
2026-04-18 16:00:00,CP-01,88.5,16.8,0.116,135,Low,Within baseline with monitored trend behaviour
2026-04-18 20:00:00,CP-01,67.2,45.3,0.45,98,High,ch4_pct above upper limit
2026-04-19 00:00:00,CP-01,87.7,18.3,0.182,136,Low,Within baseline with monitored trend behaviour
2026-04-19 04:00:00,CP-01,87.9,13.4,0.134,146,Low,Within baseline with monitored trend behaviour
2026-04-19 08:00:00,CP-01,79.7,29.8,0.266,122,Medium,ch4_pct trending high
2026-04-19 12:00:00,CP-01,84.1,25.6,0.234,133,Medium,ch4_pct trending high
2026-04-19 16:00:00,CP-01,87.4,18.4,0.101,133,Low,Within baseline with monitored trend behaviour
2026-04-19 20:00:00,CP-01,91.9,11.6,0.04,144,Low,Within baseline with monitored trend behaviour
2026-04-20 00:00:00,CP-01,86.1,20.1,0.184,131,Low,Within baseline with monitored trend behaviour
2026-04-20 04:00:00,CP-01,85.6,21.1,0.133,126,Low,Within baseline with monitored trend behaviour
2026-04-20 08:00:00,CP-01,94.7,7.4,0.02,146,Low,Within baseline with monitored trend behaviour
2026-04-20 12:00:00,CP-01,87.0,16.6,0.107,141,Low,Within baseline with monitored trend behaviour
2026-04-20 16:00:00,CP-01,89.5,16.7,0.096,135,Low,Within baseline with monitored trend behaviour
2026-04-20 20:00:00,CP-01,89.9,15.9,0.096,138,Low,Within baseline with monitored trend behaviour
2026-04-21 00:00:00,CP-01,88.3,14.9,0.07,142,Low,Within baseline with monitored trend behaviour
2026-04-21 04:00:00,CP-01,98.2,6.8,0.0,151,Low,Within baseline with monitored trend behaviour
2026-04-21 08:00:00,CP-01,92.0,10.2,0.0,144,Low,Within baseline with monitored trend behaviour
2026-04-21 12:00:00,CP-01,92.0,7.5,0.0,139,Low,Within baseline with monitored trend behaviour
2026-04-21 16:00:00,CP-01,91.8,7.4,0.0,151,Low,Within baseline with monitored trend behaviour
2026-04-21 20:00:00,CP-01,90.2,7.7,0.0,147,Low,Within baseline with monitored trend behaviour
2026-04-22 00:00:00,CP-01,95.3,9.4,0.019,145,Low,Within baseline with monitored trend behaviour
2026-04-22 04:00:00,CP-01,93.9,4.8,0.001,151,Low,Within baseline with monitored trend behaviour
2026-04-22 08:00:00,CP-01,94.4,7.3,0.017,150,Low,Within baseline with monitored trend behaviour
2026-04-22 12:00:00,CP-01,93.7,9.9,0.011,143,Low,Within baseline with monitored trend behaviour
2026-04-22 16:00:00,CP-01,88.7,12.4,0.041,142,Low,Within baseline with monitored trend behaviour
2026-04-22 20:00:00,CP-01,93.9,8.7,0.003,143,Low,Within baseline with monitored trend behaviour
2026-04-23 00:00:00,CP-01,92.3,12.0,0.075,141,Low,Within baseline with monitored trend behaviour
2026-04-23 04:00:00,CP-01,88.6,14.5,0.068,150,Low,Within baseline with monitored trend behaviour
2026-04-23 08:00:00,CP-01,94.0,10.8,0.044,153,Low,Within baseline with monitored trend behaviour
2026-04-23 12:00:00,CP-01,88.4,15.4,0.067,136,Low,Within baseline with monitored trend behaviour
2026-04-23 16:00:00,CP-01,83.5,18.1,0.214,133,Low,Within baseline with monitored trend behaviour
2026-04-23 20:00:00,CP-01,75.7,31.4,0.315,112,Medium,ch4_pct trending high
2026-04-24 00:00:00,CP-01,75.4,32.1,0.324,115,Medium,utilisation_pct trending high
2026-04-24 04:00:00,CP-01,79.8,29.4,0.308,116,Medium,Within baseline with monitored trend behaviour
2026-04-24 08:00:00,CP-01,75.2,33.5,0.292,103,Medium,Within baseline with monitored trend behaviour
2026-04-24 12:00:00,CP-01,86.0,19.3,0.162,135,Low,Within baseline with monitored trend behaviour
2026-04-24 16:00:00,CP-01,84.0,21.8,0.156,126,Low,Within baseline with monitored trend behaviour
2026-04-24 20:00:00,CP-01,68.6,45.9,0.467,91,High,ch4_pct above upper limit
2026-04-25 00:00:00,CP-01,73.4,37.4,0.37,104,Medium,ch4_pct trending high
2026-04-25 04:00:00,CP-01,58.4,55.7,0.605,68,High,ch4_pct above upper limit
2026-04-25 08:00:00,CP-01,85.8,18.7,0.16,134,Low,Within baseline with monitored trend behaviour
2026-04-25 12:00:00,CP-01,75.7,34.2,0.343,108,Medium,ch4_pct trending high
2026-04-25 16:00:00,CP-01,79.6,27.5,0.237,115,Medium,Within baseline with monitored trend behaviour
2026-04-25 20:00:00,CP-01,82.6,24.8,0.258,110,Low,Within baseline with monitored trend behaviour
2026-04-26 00:00:00,CP-01,76.0,35.2,0.344,105,Medium,ch4_pct trending high
2026-04-26 04:00:00,CP-01,69.3,41.7,0.423,96,Medium,ch4_pct above upper limit
2026-04-26 08:00:00,CP-01,77.2,33.0,0.325,108,Medium,ch4_pct trending high
2026-04-26 12:00:00,CP-01,91.6,12.4,0.086,141,Low,Within baseline with monitored trend behaviour
2026-04-26 16:00:00,CP-01,90.4,14.7,0.103,145,Low,Within baseline with monitored trend behaviour
2026-04-26 20:00:00,CP-01,76.4,34.5,0.328,107,Medium,ch4_pct trending high
2026-04-27 00:00:00,CP-01,64.9,50.1,0.503,80,High,ch4_pct above upper limit
2026-04-27 04:00:00,CP-01,80.0,28.6,0.249,114,Medium,Within baseline with monitored trend behaviour
2026-04-27 08:00:00,CP-01,85.6,17.4,0.089,135,Low,Within baseline with monitored trend behaviour
2026-04-27 12:00:00,CP-01,76.8,28.9,0.279,116,Medium,utilisation_pct trending high
2026-04-27 16:00:00,CP-01,89.2,13.8,0.086,134,Low,Within baseline with monitored trend behaviour
2026-04-27 20:00:00,CP-01,78.7,24.4,0.159,114,Low,Within baseline with monitored trend behaviour
2026-04-28 00:00:00,CP-01,93.8,9.6,0.007,140,Low,Within baseline with monitored trend behaviour
2026-04-28 04:00:00,CP-01,83.6,24.1,0.221,122,Low,ch4_pct trending high
2026-04-28 08:00:00,CP-01,93.0,9.6,0.0,143,Low,Within baseline with monitored trend behaviour
2026-04-28 12:00:00,CP-01,96.2,5.1,0.0,149,Low,Within baseline with monitored trend behaviour
2026-04-28 16:00:00,CP-01,88.2,18.4,0.108,130,Low,Within baseline with monitored trend behaviour
2026-04-28 20:00:00,CP-01,93.1,8.8,0.011,144,Low,Within baseline with monitored trend behaviour
2026-04-29 00:00:00,CP-01,95.8,5.9,0.001,150,Low,Within baseline with monitored trend behaviour
2026-04-29 04:00:00,CP-01,89.1,14.5,0.045,147,Low,Within baseline with monitored trend behaviour
2026-04-29 08:00:00,CP-01,90.5,11.7,0.001,141,Low,Within baseline with monitored trend behaviour
2026-04-29 12:00:00,CP-01,95.8,4.9,0.0,154,Low,Within baseline with monitored trend behaviour
2026-04-29 16:00:00,CP-01,92.7,8.4,0.0,146,Low,Within baseline with monitored trend behaviour
2026-04-29 20:00:00,CP-01,93.0,9.5,0.006,150,Low,Within baseline with monitored trend behaviour
2026-04-30 00:00:00,CP-01,91.6,8.3,0.007,140,Low,Within baseline with monitored trend behaviour
2026-04-30 04:00:00,CP-01,91.0,10.1,0.036,138,Low,Within baseline with monitored trend behaviour
2026-04-30 08:00:00,CP-01,88.5,17.7,0.135,130,Low,Within baseline with monitored trend behaviour
2026-04-30 12:00:00,CP-01,83.4,26.1,0.224,121,Medium,Within baseline with monitored trend behaviour
2026-04-30 16:00:00,CP-01,91.8,11.3,0.066,140,Low,Within baseline with monitored trend behaviour
2026-04-30 20:00:00,CP-01,85.3,20.8,0.152,126,Low,Within baseline with monitored trend behaviour
2026-05-01 00:00:00,CP-01,69.9,41.2,0.423,89,Medium,ch4_pct above upper limit
2026-05-01 04:00:00,CP-01,80.7,28.6,0.314,119,Medium,ch4_pct trending high
2026-05-01 08:00:00,CP-01,94.0,10.2,0.024,150,Low,Within baseline with monitored trend behaviour
2026-05-01 12:00:00,CP-01,80.8,25.2,0.232,123,Medium,Within baseline with monitored trend behaviour
2026-05-01 16:00:00,CP-01,70.8,39.2,0.364,105,Medium,ch4_pct above upper limit
2026-05-01 20:00:00,CP-01,61.1,54.4,0.605,74,High,ch4_pct above upper limit
2026-05-02 00:00:00,CP-01,73.0,35.3,0.343,109,Medium,ch4_pct trending high
2026-05-02 04:00:00,CP-01,80.5,25.1,0.262,126,Medium,ch4_pct trending high
2026-05-02 08:00:00,CP-01,78.8,28.3,0.202,122,Medium,Within baseline with monitored trend behaviour
2026-05-02 12:00:00,CP-01,73.6,37.5,0.346,99,Medium,ch4_pct above upper limit
2026-05-02 16:00:00,CP-01,84.7,20.9,0.129,129,Low,Within baseline with monitored trend behaviour
2026-05-02 20:00:00,CP-01,59.7,55.2,0.661,71,High,ch4_pct above upper limit
2026-05-03 00:00:00,CP-01,71.4,39.0,0.394,97,Medium,ch4_pct above upper limit
2026-05-03 04:00:00,CP-01,68.8,41.7,0.432,88,Medium,ch4_pct above upper limit
2026-05-03 08:00:00,CP-01,86.5,18.2,0.142,134,Low,Within baseline with monitored trend behaviour
2026-05-03 12:00:00,CP-01,62.3,53.2,0.584,74,High,ch4_pct above upper limit
2026-05-03 16:00:00,CP-01,74.7,31.6,0.302,108,Medium,Within baseline with monitored trend behaviour
2026-05-03 20:00:00,CP-01,89.4,12.2,0.124,135,Low,Within baseline with monitored trend behaviour
2026-05-04 00:00:00,CP-01,73.3,37.8,0.366,105,Medium,ch4_pct trending high
2026-05-04 04:00:00,CP-01,81.7,27.2,0.28,115,Medium,Within baseline with monitored trend behaviour
2026-05-04 08:00:00,CP-01,70.6,40.4,0.37,103,Medium,ch4_pct trending high
2026-05-04 12:00:00,CP-01,81.0,27.2,0.173,124,Medium,Within baseline with monitored trend behaviour
2026-05-04 16:00:00,CP-01,86.6,21.4,0.18,125,Low,Within baseline with monitored trend behaviour
2026-05-04 20:00:00,CP-01,74.6,36.3,0.349,102,Medium,utilisation_pct trending high; ch4_pct trending high
2026-05-05 00:00:00,CP-01,79.2,26.0,0.269,123,Medium,ch4_pct trending high
2026-05-05 04:00:00,CP-01,91.8,13.5,0.065,136,Low,Within baseline with monitored trend behaviour
2026-05-05 08:00:00,CP-01,94.2,7.3,0.0,141,Low,Within baseline with monitored trend behaviour
2026-05-05 12:00:00,CP-01,94.0,7.7,0.005,147,Low,Within baseline with monitored trend behaviour
2026-05-05 16:00:00,CP-01,92.9,12.6,0.066,137,Low,Within baseline with monitored trend behaviour
2026-05-05 20:00:00,CP-01,92.8,10.6,0.011,142,Low,Within baseline with monitored trend behaviour
2026-05-06 00:00:00,CP-01,92.7,9.5,0.0,142,Low,Within baseline with monitored trend behaviour
2026-05-06 04:00:00,CP-01,94.1,8.6,0.017,138,Low,Within baseline with monitored trend behaviour
2026-05-06 08:00:00,CP-01,95.5,7.7,0.0,147,Low,Within baseline with monitored trend behaviour
2026-05-06 12:00:00,CP-01,94.4,8.7,0.006,145,Low,Within baseline with monitored trend behaviour
2026-05-06 16:00:00,CP-01,98.8,4.8,0.0,162,Low,Within baseline with monitored trend behaviour
2026-05-06 20:00:00,CP-01,91.7,11.0,0.0,138,Low,Within baseline with monitored trend behaviour
2026-05-07 00:00:00,CP-01,87.4,17.8,0.087,135,Low,Within baseline with monitored trend behaviour
2026-05-07 04:00:00,CP-01,94.5,8.6,0.034,147,Low,Within baseline with monitored trend behaviour
2026-05-07 08:00:00,CP-01,89.8,15.9,0.066,134,Low,Within baseline with monitored trend behaviour
2026-05-07 12:00:00,CP-01,90.9,12.0,0.003,146,Low,Within baseline with monitored trend behaviour
2026-05-07 16:00:00,CP-01,84.6,23.0,0.177,135,Low,Within baseline with monitored trend behaviour
2026-05-07 20:00:00,CP-01,89.3,12.0,0.106,144,Low,Within baseline with monitored trend behaviour
2026-05-08 00:00:00,CP-01,82.5,24.5,0.188,125,Low,Within baseline with monitored trend behaviour
2026-05-08 04:00:00,CP-01,86.3,23.1,0.222,128,Low,utilisation_pct trending high
2026-05-08 08:00:00,CP-01,86.2,15.9,0.058,138,Low,Within baseline with monitored trend behaviour
2026-05-08 12:00:00,CP-01,97.1,9.0,0.013,145,Low,Within baseline with monitored trend behaviour
2026-05-08 16:00:00,CP-01,93.4,10.4,0.053,135,Low,Within baseline with monitored trend behaviour
2026-05-08 20:00:00,CP-01,85.5,19.3,0.118,128,Low,Within baseline with monitored trend behaviour
2026-05-09 00:00:00,CP-01,90.9,12.0,0.045,146,Low,Within baseline with monitored trend behaviour
2026-05-09 04:00:00,CP-01,90.9,13.7,0.081,139,Low,Within baseline with monitored trend behaviour
2026-05-09 08:00:00,CP-01,90.1,12.0,0.051,130,Low,Within baseline with monitored trend behaviour
2026-05-09 12:00:00,CP-01,70.1,39.3,0.373,105,Medium,ch4_pct above upper limit
2026-05-09 16:00:00,CP-01,74.2,38.4,0.406,99,Medium,ch4_pct above upper limit
2026-05-09 20:00:00,CP-01,85.8,20.4,0.119,128,Low,Within baseline with monitored trend behaviour
2026-05-10 00:00:00,CP-01,81.8,26.9,0.272,120,Medium,ch4_pct trending high
2026-05-10 04:00:00,CP-01,52.2,68.7,0.774,53,High,ch4_pct above upper limit
2026-05-10 08:00:00,CP-01,71.9,39.3,0.37,101,Medium,ch4_pct trending high
2026-05-10 12:00:00,CP-01,81.0,30.6,0.283,109,Medium,Within baseline with monitored trend behaviour
2026-05-10 16:00:00,CP-01,62.8,50.3,0.545,78,High,ch4_pct above upper limit
2026-05-10 20:00:00,CP-01,72.6,42.4,0.454,101,Medium,ch4_pct above upper limit
2026-05-11 00:00:00,CP-01,73.7,39.5,0.407,96,Medium,Within baseline with monitored trend behaviour
2026-05-11 04:00:00,CP-01,84.5,24.7,0.203,119,Low,Within baseline with monitored trend behaviour
2026-05-11 08:00:00,CP-01,67.3,46.4,0.517,83,High,ch4_pct above upper limit
2026-05-11 12:00:00,CP-01,89.9,14.7,0.085,138,Low,Within baseline with monitored trend behaviour
2026-05-11 16:00:00,CP-01,88.9,16.0,0.085,136,Low,Within baseline with monitored trend behaviour
2026-05-11 20:00:00,CP-01,77.7,32.8,0.278,111,Medium,ch4_pct trending high
2026-05-12 00:00:00,CP-01,81.9,25.6,0.248,120,Medium,ch4_pct trending high
2026-05-12 04:00:00,CP-01,69.7,37.5,0.318,103,Medium,ch4_pct above upper limit
2026-05-12 08:00:00,CP-01,90.4,14.9,0.074,129,Low,Within baseline with monitored trend behaviour
2026-05-12 12:00:00,CP-01,94.5,11.6,0.041,135,Low,Within baseline with monitored trend behaviour
2026-05-12 16:00:00,CP-01,88.7,14.5,0.065,142,Low,Within baseline with monitored trend behaviour
2026-05-12 20:00:00,CP-01,92.9,10.9,0.015,138,Low,Within baseline with monitored trend behaviour
2026-05-13 00:00:00,CP-01,92.8,9.2,0.019,140,Low,Within baseline with monitored trend behaviour
2026-05-13 04:00:00,CP-01,91.5,7.7,0.0,148,Low,Within baseline with monitored trend behaviour
2026-05-13 08:00:00,CP-01,92.3,9.2,0.025,138,Low,Within baseline with monitored trend behaviour
2026-05-13 12:00:00,CP-01,96.5,8.8,0.0,143,Low,Within baseline with monitored trend behaviour
2026-05-13 16:00:00,CP-01,92.8,11.2,0.005,139,Low,Within baseline with monitored trend behaviour
2026-05-13 20:00:00,CP-01,88.7,12.1,0.002,139,Low,Within baseline with monitored trend behaviour
2026-05-14 00:00:00,CP-01,93.9,9.1,0.024,139,Low,Within baseline with monitored trend behaviour
2026-05-14 04:00:00,CP-01,90.1,10.3,0.009,144,Low,Within baseline with monitored trend behaviour
2026-05-14 08:00:00,CP-01,95.7,7.0,0.0,144,Low,Within baseline with monitored trend behaviour
2026-05-14 12:00:00,CP-01,93.9,11.7,0.069,146,Low,Within baseline with monitored trend behaviour
2026-05-14 16:00:00,CP-01,95.7,6.3,0.007,151,Low,Within baseline with monitored trend behaviour
2026-05-14 20:00:00,CP-01,92.3,10.7,0.036,144,Low,Within baseline with monitored trend behaviour
2026-05-15 00:00:00,CP-01,84.9,20.0,0.14,128,Low,Within baseline with monitored trend behaviour
2026-05-15 04:00:00,CP-01,91.0,11.7,0.055,136,Low,Within baseline with monitored trend behaviour
2026-05-15 08:00:00,CP-01,91.0,13.0,0.083,131,Low,Within baseline with monitored trend behaviour
2026-05-15 12:00:00,CP-01,90.0,13.6,0.111,136,Low,Within baseline with monitored trend behaviour
2026-05-15 16:00:00,CP-01,94.0,12.1,0.079,135,Low,Within baseline with monitored trend behaviour
2026-05-15 20:00:00,CP-01,86.5,17.2,0.135,134,Low,Within baseline with monitored trend behaviour
2026-05-16 00:00:00,CP-01,87.2,15.8,0.057,136,Low,Within baseline with monitored trend behaviour
2026-05-16 04:00:00,CP-01,78.8,27.9,0.248,115,Medium,Within baseline with monitored trend behaviour
2026-05-16 08:00:00,CP-01,85.0,20.3,0.191,122,Low,ch4_pct trending high
2026-05-16 12:00:00,CP-01,76.1,33.3,0.333,111,Medium,ch4_pct above upper limit
2026-05-16 16:00:00,CP-01,66.1,45.0,0.473,87,High,ch4_pct above upper limit
2026-05-16 20:00:00,CP-01,84.4,23.4,0.251,117,Low,Within baseline with monitored trend behaviour
2026-05-17 00:00:00,CP-01,69.0,44.9,0.425,88,Medium,ch4_pct above upper limit
2026-05-17 04:00:00,CP-01,67.1,44.8,0.48,86,Medium,ch4_pct trending high
2026-05-17 08:00:00,CP-01,65.6,47.0,0.5,86,High,ch4_pct above upper limit
2026-05-17 12:00:00,CP-01,80.0,28.0,0.219,118,Medium,Within baseline with monitored trend behaviour
2026-05-17 16:00:00,CP-01,90.2,14.3,0.115,135,Low,Within baseline with monitored trend behaviour
2026-05-17 20:00:00,CP-01,67.8,44.1,0.499,92,Medium,ch4_pct above upper limit
2026-05-18 00:00:00,CP-01,61.4,53.2,0.649,72,High,ch4_pct above upper limit
2026-05-18 04:00:00,CP-01,73.0,39.4,0.396,98,Medium,Within baseline with monitored trend behaviour
2026-05-18 08:00:00,CP-01,73.6,39.1,0.373,95,Medium,ch4_pct trending high
2026-05-18 12:00:00,CP-01,66.9,47.3,0.567,79,High,ch4_pct above upper limit
2026-05-18 16:00:00,CP-01,58.7,54.4,0.587,69,High,utilisation_pct trending high; ch4_pct trending high
2026-05-18 20:00:00,CP-01,62.5,51.1,0.538,71,High,ch4_pct above upper limit
2026-05-19 00:00:00,CP-01,78.3,32.5,0.349,105,Medium,ch4_pct trending high
2026-05-19 04:00:00,CP-01,72.7,36.6,0.375,94,Medium,ch4_pct above upper limit
2026-05-19 08:00:00,CP-01,89.4,17.4,0.127,126,Low,Within baseline with monitored trend behaviour
2026-05-19 12:00:00,CP-01,92.9,11.5,0.094,139,Low,Within baseline with monitored trend behaviour
2026-05-19 16:00:00,CP-01,88.0,17.5,0.117,122,Low,Within baseline with monitored trend behaviour
2026-05-19 20:00:00,CP-01,93.6,9.4,0.021,142,Low,Within baseline with monitored trend behaviour
2026-05-20 00:00:00,CP-01,96.0,7.9,0.0,146,Low,Within baseline with monitored trend behaviour
2026-05-20 04:00:00,CP-01,93.1,9.3,0.0,132,Low,Within baseline with monitored trend behaviour
2026-05-20 08:00:00,CP-01,92.7,10.0,0.034,140,Low,Within baseline with monitored trend behaviour
2026-05-20 12:00:00,CP-01,93.2,9.9,0.027,145,Low,Within baseline with monitored trend behaviour
2026-05-20 16:00:00,CP-01,95.1,6.4,0.002,152,Low,Within baseline with monitored trend behaviour
2026-05-20 20:00:00,CP-01,86.5,18.2,0.172,119,Low,ch4_pct trending high
2026-05-21 00:00:00,CP-01,94.8,7.5,0.0,137,Low,Within baseline with monitored trend behaviour
2026-05-21 04:00:00,CP-01,89.9,12.7,0.055,141,Low,Within baseline with monitored trend behaviour
2026-05-21 08:00:00,CP-01,90.0,12.8,0.049,135,Low,Within baseline with monitored trend behaviour
2026-05-21 12:00:00,CP-01,88.8,15.3,0.054,127,Low,Within baseline with monitored trend behaviour
2026-05-21 16:00:00,CP-01,95.6,5.7,0.0,152,Low,Within baseline with monitored trend behaviour
2026-05-21 20:00:00,CP-01,90.4,11.1,0.052,139,Low,Within baseline with monitored trend behaviour
2026-05-22 00:00:00,CP-01,90.9,13.7,0.065,128,Low,Within baseline with monitored trend behaviour
2026-05-22 04:00:00,CP-01,90.0,14.4,0.074,132,Low,Within baseline with monitored trend behaviour
2026-05-22 08:00:00,CP-01,89.4,15.7,0.07,128,Low,Within baseline with monitored trend behaviour
2026-05-22 12:00:00,CP-01,89.1,11.1,0.028,137,Low,Within baseline with monitored trend behaviour
2026-05-22 16:00:00,CP-01,91.2,13.7,0.083,147,Low,Within baseline with monitored trend behaviour
2026-05-22 20:00:00,CP-01,96.9,7.4,0.0,150,Low,Within baseline with monitored trend behaviour
2026-05-23 00:00:00,CP-01,85.8,22.5,0.22,118,Low,ch4_pct trending high
2026-05-23 04:00:00,CP-01,96.2,10.1,0.027,142,Low,Within baseline with monitored trend behaviour
2026-05-23 08:00:00,CP-01,89.5,15.5,0.113,126,Low,Within baseline with monitored trend behaviour
2026-05-23 12:00:00,CP-01,67.1,44.4,0.439,77,Medium,ch4_pct above upper limit
2026-05-23 16:00:00,CP-01,90.4,12.2,0.063,139,Low,Within baseline with monitored trend behaviour
2026-05-23 20:00:00,CP-01,91.2,13.0,0.094,133,Low,Within baseline with monitored trend behaviour
2026-05-24 00:00:00,CP-01,90.6,15.3,0.095,136,Low,Within baseline with monitored trend behaviour
2026-05-24 04:00:00,CP-01,75.9,31.9,0.273,107,Medium,ch4_pct trending high
2026-05-24 08:00:00,CP-01,88.0,19.2,0.135,125,Low,Within baseline with monitored trend behaviour
2026-05-24 12:00:00,CP-01,80.5,28.9,0.306,116,Medium,Within baseline with monitored trend behaviour
2026-05-24 16:00:00,CP-01,71.5,37.3,0.367,106,Medium,ch4_pct trending high
2026-05-24 20:00:00,CP-01,70.2,40.0,0.407,98,Medium,ch4_pct trending high
2026-05-25 00:00:00,CP-01,59.9,52.3,0.526,77,High,ch4_pct above upper limit
2026-05-25 04:00:00,CP-01,68.1,44.1,0.43,88,Medium,ch4_pct trending high
2026-05-25 08:00:00,CP-01,73.2,40.5,0.42,88,Medium,utilisation_pct trending high
2026-05-25 12:00:00,CP-01,82.0,29.5,0.283,107,Medium,Within baseline with monitored trend behaviour
2026-05-25 16:00:00,CP-01,72.2,38.6,0.432,100,Medium,ch4_pct above upper limit
2026-05-25 20:00:00,CP-01,59.5,55.2,0.607,72,High,utilisation_pct trending high; ch4_pct above upper limit
2026-05-26 00:00:00,CP-01,60.5,54.3,0.53,79,High,ch4_pct trending high
2026-05-26 04:00:00,CP-01,71.5,37.8,0.371,103,Medium,ch4_pct above upper limit
2026-05-26 08:00:00,CP-01,63.2,47.8,0.52,82,High,ch4_pct above upper limit
2026-05-26 12:00:00,CP-01,75.3,38.1,0.398,98,Medium,ch4_pct above upper limit
2026-05-26 16:00:00,CP-01,86.8,20.1,0.169,124,Low,Within baseline with monitored trend behaviour
2026-05-26 20:00:00,CP-01,80.8,21.7,0.168,117,Low,Within baseline with monitored trend behaviour
2026-05-27 00:00:00,CP-01,79.9,25.3,0.215,114,Medium,ch4_pct trending high
2026-05-27 04:00:00,CP-01,92.2,12.0,0.027,141,Low,Within baseline with monitored trend behaviour
2026-05-27 08:00:00,CP-01,82.4,23.0,0.192,125,Low,ch4_pct trending high
2026-05-27 12:00:00,CP-01,80.6,24.7,0.213,123,Low,ch4_pct trending high
2026-05-27 16:00:00,CP-01,94.2,10.0,0.024,141,Low,Within baseline with monitored trend behaviour
2026-05-27 20:00:00,CP-01,92.9,11.1,0.015,137,Low,Within baseline with monitored trend behaviour
2026-05-28 00:00:00,CP-01,93.5,10.5,0.042,139,Low,Within baseline with monitored trend behaviour
2026-05-28 04:00:00,CP-01,93.6,8.0,0.0,142,Low,Within baseline with monitored trend behaviour
2026-05-28 08:00:00,CP-01,95.5,7.3,0.03,141,Low,Within baseline with monitored trend behaviour
2026-05-28 12:00:00,CP-01,91.1,12.2,0.051,137,Low,Within baseline with monitored trend behaviour
2026-05-28 16:00:00,CP-01,89.5,15.5,0.095,127,Low,Within baseline with monitored trend behaviour
2026-05-28 20:00:00,CP-01,89.8,14.3,0.082,129,Low,Within baseline with monitored trend behaviour
2026-05-29 00:00:00,CP-01,93.6,7.7,0.022,144,Low,Within baseline with monitored trend behaviour
2026-05-29 04:00:00,CP-01,95.6,8.0,0.028,140,Low,Within baseline with monitored trend behaviour
2026-05-29 08:00:00,CP-01,92.0,12.6,0.059,129,Low,Within baseline with monitored trend behaviour
2026-05-29 12:00:00,CP-01,87.2,15.9,0.067,135,Low,Within baseline with monitored trend behaviour
2026-05-29 16:00:00,CP-01,90.8,9.0,0.0,140,Low,Within baseline with monitored trend behaviour
2026-05-29 20:00:00,CP-01,96.7,8.0,0.021,143,Low,Within baseline with monitored trend behaviour
2026-05-30 00:00:00,CP-01,98.8,4.3,0.002,150,Low,Within baseline with monitored trend behaviour
2026-05-30 04:00:00,CP-01,93.7,8.8,0.0,135,Low,Within baseline with monitored trend behaviour
2026-05-30 08:00:00,CP-01,91.6,11.2,0.0,143,Low,Within baseline with monitored trend behaviour
2026-05-30 12:00:00,CP-01,91.9,10.9,0.037,131,Low,Within baseline with monitored trend behaviour
2026-05-30 16:00:00,CP-01,96.8,7.3,0.009,146,Low,Within baseline with monitored trend behaviour
2026-05-30 20:00:00,CP-01,89.1,16.4,0.095,129,Low,Within baseline with monitored trend behaviour
2026-05-31 00:00:00,CP-01,90.7,11.3,0.054,135,Low,Within baseline with monitored trend behaviour
2026-05-31 04:00:00,CP-01,77.9,29.1,0.266,110,Medium,ch4_pct above upper limit
2026-05-31 08:00:00,CP-01,91.4,11.5,0.043,130,Low,Within baseline with monitored trend behaviour
2026-05-31 12:00:00,CP-01,91.0,12.1,0.08,127,Low,Within baseline with monitored trend behaviour
2026-05-31 16:00:00,CP-01,80.3,30.1,0.256,111,Medium,Within baseline with monitored trend behaviour
2026-05-31 20:00:00,CP-01,78.0,28.0,0.249,112,Medium,Within baseline with monitored trend behaviour
2026-06-01 00:00:00,CP-01,48.2,69.6,0.754,57,High,ch4_pct above upper limit
2026-06-01 04:00:00,CP-01,63.5,48.5,0.498,75,High,ch4_pct above upper limit
2026-06-01 08:00:00,CP-01,74.4,35.5,0.365,98,Medium,Within baseline with monitored trend behaviour
2026-06-01 12:00:00,CP-01,59.5,53.6,0.656,71,High,ch4_pct above upper limit
2026-06-01 16:00:00,CP-01,51.2,69.6,0.785,44,High,ch4_pct above upper limit
2026-06-01 20:00:00,CP-01,44.6,77.0,0.881,31,Critical,ch4_pct above upper limit
2026-06-02 00:00:00,CP-01,45.0,77.4,0.874,43,Critical,ch4_pct above upper limit
2026-06-02 04:00:00,CP-01,46.0,71.8,0.791,47,Critical,ch4_pct above upper limit
2026-06-02 08:00:00,CP-01,51.9,69.9,0.831,45,High,ch4_pct above upper limit
2026-06-02 12:00:00,CP-01,39.6,86.6,1.0,22,Critical,ch4_pct above upper limit
2026-06-02 16:00:00,CP-01,60.8,53.1,0.558,68,High,ch4_pct trending high
2026-06-02 20:00:00,CP-01,65.5,49.3,0.529,77,High,ch4_pct trending high
2026-06-03 00:00:00,CP-01,64.7,50.2,0.499,75,High,Within baseline with monitored trend behaviour
2026-06-03 04:00:00,CP-01,62.0,51.7,0.564,76,High,ch4_pct trending high
2026-06-03 08:00:00,CP-01,55.0,62.9,0.713,63,High,ch4_pct above upper limit
2026-06-03 12:00:00,CP-01,66.0,47.1,0.489,80,High,ch4_pct trending high
2026-06-03 16:00:00,CP-01,53.3,65.7,0.706,55,High,ch4_pct above upper limit
2026-06-03 20:00:00,CP-01,39.7,81.0,0.95,34,Critical,ch4_pct above upper limit
2026-06-04 00:00:00,CP-01,56.8,57.8,0.612,68,High,ch4_pct above upper limit
2026-06-04 04:00:00,CP-01,64.2,49.0,0.49,78,High,ch4_pct above upper limit
2026-06-04 08:00:00,CP-01,52.3,68.8,0.731,44,High,ch4_pct above upper limit
2026-06-04 12:00:00,CP-01,65.8,47.0,0.517,82,High,Within baseline with monitored trend behaviour
2026-06-04 16:00:00,CP-01,51.0,65.5,0.724,50,High,ch4_pct above upper limit
2026-06-04 20:00:00,CP-01,56.3,62.3,0.744,57,High,ch4_pct above upper limit
2026-06-05 00:00:00,CP-01,59.2,55.8,0.619,66,High,ch4_pct above upper limit
2026-06-05 04:00:00,CP-01,55.3,59.6,0.652,58,High,ch4_pct above upper limit
2026-06-05 08:00:00,CP-01,63.1,45.9,0.512,90,High,ch4_pct trending high
2026-06-05 12:00:00,CP-01,54.0,62.2,0.677,58,High,ch4_pct above upper limit
2026-06-05 16:00:00,CP-01,56.5,61.4,0.715,68,High,ch4_pct above upper limit
2026-06-05 20:00:00,CP-01,47.5,68.7,0.754,41,High,ch4_pct above upper limit
2026-06-06 00:00:00,CP-01,55.3,61.3,0.721,58,High,ch4_pct above upper limit
2026-06-06 04:00:00,CP-01,38.1,83.1,0.927,25,Critical,ch4_pct above upper limit
2026-06-06 08:00:00,CP-01,47.4,70.9,0.874,38,Critical,ch4_pct above upper limit
2026-06-06 12:00:00,CP-01,42.3,81.7,1.0,24,Critical,ch4_pct above upper limit
2026-06-06 16:00:00,CP-01,35.7,86.4,1.0,24,Critical,ch4_pct above upper limit
2026-06-06 20:00:00,CP-01,42.3,82.5,0.98,30,Critical,ch4_pct above upper limit
2026-06-07 00:00:00,CP-01,38.2,86.5,1.0,15,Critical,ch4_pct above upper limit
2026-06-07 04:00:00,CP-01,40.7,82.8,1.0,26,Critical,ch4_pct above upper limit
2026-06-07 08:00:00,CP-01,37.4,85.2,1.0,18,Critical,ch4_pct above upper limit
2026-06-07 12:00:00,CP-01,41.6,83.0,1.0,22,Critical,ch4_pct above upper limit
2026-06-07 16:00:00,CP-01,40.4,84.1,1.0,21,Critical,ch4_pct above upper limit
2026-06-07 20:00:00,CP-01,40.6,84.8,1.0,17,Critical,ch4_pct above upper limit
2026-06-08 00:00:00,CP-01,36.8,83.8,1.0,23,Critical,ch4_pct above upper limit
2026-06-08 04:00:00,CP-01,41.7,84.8,1.0,19,Critical,ch4_pct above upper limit
2026-06-08 08:00:00,CP-01,35.8,87.3,1.0,21,Critical,ch4_pct above upper limit
2026-06-08 12:00:00,CP-01,35.2,88.9,1.0,15,Critical,oil_temperature_C trending high; ch4_pct above upper limit
2026-06-08 16:00:00,CP-01,38.8,85.6,1.0,24,Critical,oil_temperature_C trending high; ch4_pct above upper limit
2026-06-08 20:00:00,CP-01,40.6,84.8,1.0,22,Critical,vibration_mm_s trending high; ch4_pct above upper limit
2026-06-09 00:00:00,CP-01,36.3,89.2,1.0,9,Critical,oil_temperature_C trending high; utilisation_pct trending high; ch4_pct above upper limit
2026-06-09 04:00:00,CP-01,37.1,87.4,1.0,16,Critical,ch4_pct above upper limit
2026-06-09 08:00:00,CP-01,36.2,87.0,1.0,17,Critical,ch4_pct above upper limit
2026-06-09 12:00:00,CP-01,39.8,85.0,1.0,20,Critical,oil_temperature_C trending high; ch4_pct above upper limit
2026-06-09 16:00:00,CP-01,38.1,86.3,1.0,21,Critical,oil_temperature_C trending high; ch4_pct above upper limit
2026-06-09 20:00:00,CP-01,40.6,85.0,1.0,25,Critical,motor_current_A trending high; oil_temperature_C trending high; ch4_pct above upper limit
2026-06-10 00:00:00,CP-01,34.0,89.8,1.0,14,Critical,oil_temperature_C trending high; ch4_pct above upper limit
2026-06-10 04:00:00,CP-01,38.7,82.8,1.0,27,Critical,oil_temperature_C trending high; ch4_pct above upper limit
2026-06-10 08:00:00,CP-01,36.8,85.8,1.0,23,Critical,oil_temperature_C trending high; ch4_pct above upper limit
2026-06-10 12:00:00,CP-01,34.0,86.7,1.0,23,Critical,ch4_pct above upper limit
2026-06-10 16:00:00,CP-01,37.2,86.1,1.0,14,Critical,ch4_pct above upper limit
2026-06-10 20:00:00,CP-01,36.7,86.9,1.0,17,Critical,ch4_pct above upper limit
2026-06-11 00:00:00,CP-01,38.8,86.1,1.0,20,Critical,oil_temperature_C trending high; ch4_pct above upper limit
2026-06-11 04:00:00,CP-01,33.2,89.0,1.0,12,Critical,ch4_pct above upper limit
2026-06-11 08:00:00,CP-01,39.6,88.2,1.0,21,Critical,oil_temperature_C trending high; ch4_pct above upper limit
2026-06-11 12:00:00,CP-01,38.7,87.0,1.0,21,Critical,oil_temperature_C trending high; ch4_pct above upper limit
2026-06-11 16:00:00,CP-01,39.8,84.8,1.0,17,Critical,ch4_pct above upper limit
2026-06-11 20:00:00,CP-01,37.2,86.3,1.0,21,Critical,oil_temperature_C trending high; ch4_pct above upper limit
2026-06-12 00:00:00,CP-01,39.0,84.9,1.0,17,Critical,ch4_pct above upper limit
2026-06-12 04:00:00,CP-01,40.4,85.3,1.0,13,Critical,ch4_pct above upper limit
2026-06-12 08:00:00,CP-01,40.1,86.1,1.0,23,Critical,oil_temperature_C trending high; ch4_pct above upper limit
2026-06-12 12:00:00,CP-01,39.1,86.2,1.0,16,Critical,oil_temperature_C trending high; ch4_pct above upper limit
2026-06-12 16:00:00,CP-01,38.9,87.5,1.0,18,Critical,oil_temperature_C trending high; ch4_pct above upper limit
2026-06-12 20:00:00,CP-01,35.1,88.0,1.0,11,Critical,ch4_pct above upper limit
2026-06-13 00:00:00,CP-01,40.7,87.6,1.0,17,Critical,oil_temperature_C trending high; ch4_pct above upper limit
2026-06-13 04:00:00,CP-01,32.4,87.8,1.0,19,Critical,ch4_pct above upper limit
2026-06-13 08:00:00,CP-01,41.8,85.0,1.0,24,Critical,oil_temperature_C trending high; ch4_pct above upper limit
2026-06-13 12:00:00,CP-01,37.1,86.2,1.0,24,Critical,oil_temperature_C trending high; ch4_pct above upper limit
2026-06-13 16:00:00,CP-01,35.0,88.6,1.0,20,Critical,oil_temperature_C trending high; ch4_pct above upper limit
2026-06-13 20:00:00,CP-01,37.0,88.0,1.0,19,Critical,motor_current_A trending high; ch4_pct above upper limit
2026-06-14 00:00:00,CP-01,35.7,87.1,1.0,19,Critical,motor_current_A trending high; oil_temperature_C trending high; ch4_pct above upper limit
2026-06-14 04:00:00,CP-01,36.6,85.7,1.0,16,Critical,ch4_pct above upper limit
2026-06-14 08:00:00,CP-01,37.9,82.7,1.0,22,Critical,hydraulic_pressure_bar trending high; oil_temperature_C trending high; ch4_pct above upper limit
2026-06-14 12:00:00,CP-01,34.5,88.2,1.0,11,Critical,oil_temperature_C trending high; vibration_mm_s trending high; energy_kwh trending high
2026-06-14 16:00:00,CP-01,33.9,89.8,1.0,13,Critical,hydraulic_pressure_bar trending high; oil_temperature_C trending high; vibration_mm_s trending high
2026-06-14 20:00:00,CP-01,37.1,87.0,1.0,17,Critical,motor_current_A trending high; oil_temperature_C trending high; ch4_pct above upper limit
2026-06-15 00:00:00,CP-01,38.3,84.4,1.0,22,Critical,motor_current_A trending high; hydraulic_pressure_bar trending high; oil_temperature_C trending high
2026-06-15 04:00:00,CP-01,42.0,83.6,1.0,15,Critical,motor_current_A trending high; hydraulic_pressure_bar trending high; oil_temperature_C above upper limit
2026-06-15 08:00:00,CP-01,36.2,86.4,1.0,20,Critical,motor_current_A trending high; hydraulic_pressure_bar trending high; oil_temperature_C trending high
2026-06-15 12:00:00,CP-01,40.4,84.1,1.0,25,Critical,motor_current_A trending high; oil_temperature_C trending high; vibration_mm_s trending high
2026-06-15 16:00:00,CP-01,36.0,87.8,1.0,22,Critical,motor_current_A trending high; hydraulic_pressure_bar trending high; oil_temperature_C above upper limit
2026-06-15 20:00:00,CP-01,37.9,86.1,1.0,21,Critical,motor_current_A trending high; hydraulic_pressure_bar trending high; oil_temperature_C above upper limit
2026-06-16 00:00:00,CP-01,40.1,82.7,1.0,25,Critical,motor_current_A trending high; hydraulic_pressure_bar trending high; oil_temperature_C above upper limit
2026-06-16 04:00:00,CP-01,38.9,84.8,1.0,27,Critical,motor_current_A trending high; hydraulic_pressure_bar trending high; oil_temperature_C above upper limit
2026-06-16 08:00:00,CP-01,40.4,84.4,1.0,18,Critical,motor_current_A trending high; hydraulic_pressure_bar trending high; oil_temperature_C above upper limit
2026-06-16 12:00:00,CP-01,38.8,86.2,1.0,21,Critical,motor_current_A trending high; hydraulic_pressure_bar trending high; oil_temperature_C above upper limit
2026-06-16 16:00:00,CP-01,38.7,86.7,1.0,17,Critical,motor_current_A trending high; hydraulic_pressure_bar trending high; oil_temperature_C above upper limit
2026-06-16 20:00:00,CP-01,40.3,85.1,1.0,12,Critical,motor_current_A trending high; hydraulic_pressure_bar trending high; oil_temperature_C above upper limit
2026-06-17 00:00:00,CP-01,38.3,85.2,1.0,20,Critical,motor_current_A trending high; hydraulic_pressure_bar trending high; oil_temperature_C trending high
2026-06-17 04:00:00,CP-01,37.1,87.8,1.0,15,Critical,motor_current_A above upper limit; hydraulic_pressure_bar trending high; oil_temperature_C above upper limit
2026-06-17 08:00:00,CP-01,37.3,87.7,1.0,16,Critical,motor_current_A trending high; hydraulic_pressure_bar trending high; oil_temperature_C above upper limit
2026-06-17 12:00:00,CP-01,37.2,89.2,1.0,24,Critical,motor_current_A trending high; hydraulic_pressure_bar trending high; oil_temperature_C above upper limit
2026-06-17 16:00:00,CP-01,42.8,82.1,1.0,30,Critical,motor_current_A trending high; hydraulic_pressure_bar trending high; oil_temperature_C above upper limit
2026-06-17 20:00:00,CP-01,38.9,84.6,1.0,21,Critical,motor_current_A trending high; hydraulic_pressure_bar trending high; oil_temperature_C above upper limit
2026-06-18 00:00:00,CP-01,38.2,85.1,1.0,33,Critical,motor_current_A trending high; hydraulic_pressure_bar trending high; oil_temperature_C above upper limit
2026-06-18 04:00:00,CP-01,39.0,86.0,1.0,20,Critical,motor_current_A trending high; hydraulic_pressure_bar trending high; oil_temperature_C above upper limit
2026-06-18 08:00:00,CP-01,36.3,86.2,1.0,22,Critical,motor_current_A trending high; hydraulic_pressure_bar trending high; oil_temperature_C above upper limit
2026-06-18 12:00:00,CP-01,35.8,85.9,1.0,19,Critical,motor_current_A trending high; hydraulic_pressure_bar trending high; oil_temperature_C above upper limit
2026-06-18 16:00:00,CP-01,39.4,86.6,1.0,12,Critical,motor_current_A trending high; hydraulic_pressure_bar trending high; oil_temperature_C above upper limit
2026-06-18 20:00:00,CP-01,37.2,85.8,1.0,15,Critical,motor_current_A above upper limit; hydraulic_pressure_bar trending high; oil_temperature_C above upper limit
2026-06-19 00:00:00,CP-01,37.1,86.5,1.0,19,Critical,motor_current_A trending high; hydraulic_pressure_bar trending high; oil_temperature_C above upper limit
2026-06-19 04:00:00,CP-01,39.2,84.2,1.0,22,Critical,motor_current_A above upper limit; hydraulic_pressure_bar trending high; oil_temperature_C above upper limit
2026-06-19 08:00:00,CP-01,37.8,86.8,1.0,17,Critical,motor_current_A trending high; hydraulic_pressure_bar trending high; oil_temperature_C above upper limit
2026-06-19 12:00:00,CP-01,41.3,84.8,1.0,21,Critical,motor_current_A trending high; hydraulic_pressure_bar trending high; oil_temperature_C above upper limit
2026-06-19 16:00:00,CP-01,36.8,83.7,1.0,26,Critical,motor_current_A trending high; hydraulic_pressure_bar trending high; oil_temperature_C above upper limit
2026-06-19 20:00:00,CP-01,40.2,83.4,1.0,17,Critical,motor_current_A trending high; hydraulic_pressure_bar trending high; oil_temperature_C above upper limit
2026-06-20 00:00:00,CP-01,38.3,86.3,1.0,21,Critical,motor_current_A trending high; hydraulic_pressure_bar trending high; oil_temperature_C above upper limit
2026-06-20 04:00:00,CP-01,38.1,85.8,1.0,14,Critical,motor_current_A trending high; hydraulic_pressure_bar trending high; oil_temperature_C above upper limit
2026-06-20 08:00:00,CP-01,38.5,85.5,1.0,19,Critical,motor_current_A trending high; hydraulic_pressure_bar trending high; oil_temperature_C above upper limit
2026-06-20 12:00:00,CP-01,36.7,85.7,1.0,13,Critical,motor_current_A trending high; hydraulic_pressure_bar trending high; oil_temperature_C above upper limit
2026-06-20 16:00:00,CP-01,36.8,89.0,1.0,23,Critical,motor_current_A trending high; hydraulic_pressure_bar trending high; oil_temperature_C trending high
2026-06-20 20:00:00,CP-01,38.5,86.8,1.0,13,Critical,motor_current_A above upper limit; hydraulic_pressure_bar trending high; oil_temperature_C above upper limit
2026-06-21 00:00:00,CP-01,33.2,88.9,1.0,16,Critical,motor_current_A trending high; hydraulic_pressure_bar trending high; oil_temperature_C above upper limit
2026-06-21 04:00:00,CP-01,40.1,86.2,1.0,17,Critical,motor_current_A above upper limit; hydraulic_pressure_bar trending high; oil_temperature_C above upper limit
2026-06-21 08:00:00,CP-01,35.1,86.1,1.0,10,Critical,motor_current_A above upper limit; hydraulic_pressure_bar trending high; oil_temperature_C above upper limit
2026-06-21 12:00:00,CP-01,39.3,86.7,1.0,18,Critical,motor_current_A above upper limit; hydraulic_pressure_bar trending high; oil_temperature_C above upper limit
2026-06-21 16:00:00,CP-01,38.7,85.7,1.0,19,Critical,motor_current_A trending high; hydraulic_pressure_bar above upper limit; oil_temperature_C above upper limit
2026-06-21 20:00:00,CP-01,35.7,87.3,1.0,17,Critical,motor_current_A trending high; hydraulic_pressure_bar trending high; oil_temperature_C above upper limit
2026-06-22 00:00:00,CP-01,41.2,84.0,1.0,16,Critical,motor_current_A above upper limit; hydraulic_pressure_bar trending high; oil_temperature_C above upper limit
2026-06-22 04:00:00,CP-01,39.3,85.6,1.0,13,Critical,motor_current_A trending high; hydraulic_pressure_bar trending high; oil_temperature_C above upper limit
2026-06-22 08:00:00,CP-01,42.6,84.4,1.0,24,Critical,motor_current_A above upper limit; hydraulic_pressure_bar above upper limit; oil_temperature_C above upper limit
2026-06-22 12:00:00,CP-01,38.6,86.7,1.0,10,Critical,motor_current_A above upper limit; hydraulic_pressure_bar above upper limit; oil_temperature_C above upper limit
2026-06-22 16:00:00,CP-01,40.1,87.3,1.0,13,Critical,motor_current_A above upper limit; hydraulic_pressure_bar above upper limit; oil_temperature_C above upper limit
2026-06-22 20:00:00,CP-01,34.8,89.6,1.0,12,Critical,motor_current_A above upper limit; hydraulic_pressure_bar trending high; oil_temperature_C above upper limit
2026-06-23 00:00:00,CP-01,40.7,83.3,1.0,22,Critical,motor_current_A above upper limit; hydraulic_pressure_bar above upper limit; oil_temperature_C above upper limit
2026-06-23 04:00:00,CP-01,37.1,85.6,1.0,19,Critical,motor_current_A above upper limit; hydraulic_pressure_bar above upper limit; oil_temperature_C above upper limit
2026-06-23 08:00:00,CP-01,40.6,84.7,1.0,20,Critical,motor_current_A above upper limit; hydraulic_pressure_bar above upper limit; oil_temperature_C above upper limit
2026-06-23 12:00:00,CP-01,40.3,85.0,1.0,17,Critical,motor_current_A above upper limit; hydraulic_pressure_bar above upper limit; oil_temperature_C above upper limit
2026-06-23 16:00:00,CP-01,36.9,87.9,1.0,7,Critical,motor_current_A above upper limit; hydraulic_pressure_bar above upper limit; oil_temperature_C above upper limit
2026-06-23 20:00:00,CP-01,37.2,87.2,1.0,18,Critical,motor_current_A above upper limit; hydraulic_pressure_bar trending high; oil_temperature_C above upper limit
2026-06-24 00:00:00,CP-01,38.1,86.4,1.0,17,Critical,motor_current_A above upper limit; hydraulic_pressure_bar above upper limit; oil_temperature_C above upper limit
2026-06-24 04:00:00,CP-01,34.7,91.8,1.0,1,Critical,motor_current_A above upper limit; hydraulic_pressure_bar above upper limit; oil_temperature_C above upper limit
2026-06-24 08:00:00,CP-01,40.9,83.0,1.0,20,Critical,motor_current_A above upper limit; hydraulic_pressure_bar above upper limit; oil_temperature_C above upper limit
2026-06-24 12:00:00,CP-01,37.0,88.1,1.0,15,Critical,motor_current_A above upper limit; hydraulic_pressure_bar trending high; oil_temperature_C above upper limit
2026-06-24 16:00:00,CP-01,40.3,84.2,1.0,21,Critical,motor_current_A above upper limit; hydraulic_pressure_bar above upper limit; oil_temperature_C above upper limit
2026-06-24 20:00:00,CP-01,38.0,84.1,1.0,27,Critical,motor_current_A above upper limit; hydraulic_pressure_bar above upper limit; oil_temperature_C above upper limit
2026-06-25 00:00:00,CP-01,36.7,87.1,1.0,13,Critical,motor_current_A above upper limit; hydraulic_pressure_bar above upper limit; oil_temperature_C above upper limit
2026-06-25 04:00:00,CP-01,38.5,86.0,1.0,12,Critical,motor_current_A above upper limit; hydraulic_pressure_bar above upper limit; oil_temperature_C above upper limit
2026-06-25 08:00:00,CP-01,35.2,85.8,1.0,17,Critical,motor_current_A above upper limit; hydraulic_pressure_bar above upper limit; oil_temperature_C above upper limit
2026-06-25 12:00:00,CP-01,34.0,88.9,1.0,12,Critical,motor_current_A above upper limit; hydraulic_pressure_bar above upper limit; oil_temperature_C above upper limit
2026-06-25 16:00:00,CP-01,36.7,85.6,1.0,16,Critical,motor_current_A above upper limit; hydraulic_pressure_bar above upper limit; oil_temperature_C above upper limit
2026-06-25 20:00:00,CP-01,38.5,83.4,1.0,22,Critical,motor_current_A above upper limit; hydraulic_pressure_bar trending high; oil_temperature_C above upper limit
2026-06-26 00:00:00,CP-01,37.0,86.8,1.0,21,Critical,motor_current_A above upper limit; hydraulic_pressure_bar above upper limit; oil_temperature_C above upper limit
2026-06-26 04:00:00,CP-01,40.0,87.5,1.0,14,Critical,motor_current_A trending high; hydraulic_pressure_bar above upper limit; oil_temperature_C above upper limit
2026-06-26 08:00:00,CP-01,39.3,83.9,1.0,28,Critical,motor_current_A above upper limit; hydraulic_pressure_bar above upper limit; oil_temperature_C above upper limit
2026-06-26 12:00:00,CP-01,40.8,84.0,1.0,16,Critical,motor_current_A above upper limit; hydraulic_pressure_bar trending high; oil_temperature_C above upper limit
2026-06-26 16:00:00,CP-01,37.9,85.3,1.0,14,Critical,motor_current_A trending high; hydraulic_pressure_bar trending high; oil_temperature_C above upper limit
2026-06-26 20:00:00,CP-01,39.1,87.6,1.0,18,Critical,motor_current_A trending high; hydraulic_pressure_bar trending high; oil_temperature_C above upper limit
2026-06-27 00:00:00,CP-01,35.8,86.1,1.0,17,Critical,motor_current_A trending high; hydraulic_pressure_bar trending high; oil_temperature_C above upper limit
2026-06-27 04:00:00,CP-01,37.0,87.3,1.0,20,Critical,motor_current_A trending high; hydraulic_pressure_bar trending high; oil_temperature_C above upper limit
2026-06-27 08:00:00,CP-01,37.5,85.6,1.0,21,Critical,motor_current_A trending high; hydraulic_pressure_bar above upper limit; oil_temperature_C above upper limit
2026-06-27 12:00:00,CP-01,39.1,87.7,1.0,16,Critical,motor_current_A above upper limit; hydraulic_pressure_bar trending high; oil_temperature_C above upper limit
2026-06-27 16:00:00,CP-01,35.4,84.4,1.0,12,Critical,motor_current_A above upper limit; hydraulic_pressure_bar trending high; oil_temperature_C above upper limit
2026-06-27 20:00:00,CP-01,40.9,84.8,1.0,23,Critical,motor_current_A above upper limit; hydraulic_pressure_bar trending high; oil_temperature_C above upper limit
2026-06-28 00:00:00,CP-01,39.9,85.2,1.0,12,Critical,motor_current_A trending high; hydraulic_pressure_bar trending high; oil_temperature_C above upper limit
2026-06-28 04:00:00,CP-01,35.9,88.5,1.0,15,Critical,motor_current_A trending high; hydraulic_pressure_bar trending high; oil_temperature_C above upper limit
2026-06-28 08:00:00,CP-01,38.0,87.1,1.0,10,Critical,motor_current_A trending high; hydraulic_pressure_bar trending high; oil_temperature_C above upper limit
2026-06-28 12:00:00,CP-01,40.5,84.8,1.0,20,Critical,motor_current_A above upper limit; hydraulic_pressure_bar trending high; oil_temperature_C above upper limit
2026-06-28 16:00:00,CP-01,40.2,83.8,1.0,16,Critical,motor_current_A above upper limit; hydraulic_pressure_bar above upper limit; oil_temperature_C above upper limit
2026-06-28 20:00:00,CP-01,39.0,83.5,1.0,20,Critical,motor_current_A above upper limit; hydraulic_pressure_bar trending high; oil_temperature_C above upper limit
2026-06-29 00:00:00,CP-01,41.1,83.6,1.0,17,Critical,motor_current_A trending high; hydraulic_pressure_bar trending high; oil_temperature_C above upper limit
2026-06-29 04:00:00,CP-01,38.8,85.9,1.0,24,Critical,motor_current_A above upper limit; hydraulic_pressure_bar trending high; oil_temperature_C above upper limit
2026-06-29 08:00:00,CP-01,36.8,87.2,1.0,11,Critical,motor_current_A above upper limit; hydraulic_pressure_bar above upper limit; oil_temperature_C above upper limit
2026-06-29 12:00:00,CP-01,38.4,83.5,1.0,20,Critical,motor_current_A above upper limit; hydraulic_pressure_bar trending high; oil_temperature_C above upper limit
2026-06-29 16:00:00,CP-01,36.2,88.4,1.0,10,Critical,motor_current_A above upper limit; hydraulic_pressure_bar trending high; oil_temperature_C above upper limit
2026-06-29 20:00:00,CP-01,40.4,86.2,1.0,13,Critical,motor_current_A above upper limit; hydraulic_pressure_bar trending high; oil_temperature_C above upper limit
2026-01-01 00:00:00,EM-01,83.3,22.5,0.174,145,Low,Within baseline with monitored trend behaviour
2026-01-01 04:00:00,EM-01,92.7,13.0,0.047,159,Low,Within baseline with monitored trend behaviour
2026-01-01 08:00:00,EM-01,92.5,11.2,0.012,157,Low,Within baseline with monitored trend behaviour
2026-01-01 12:00:00,EM-01,90.4,18.1,0.135,151,Low,Within baseline with monitored trend behaviour
2026-01-01 16:00:00,EM-01,92.3,10.1,0.034,162,Low,Within baseline with monitored trend behaviour
2026-01-01 20:00:00,EM-01,88.2,11.6,0.082,158,Low,Within baseline with monitored trend behaviour
2026-01-02 00:00:00,EM-01,90.0,15.0,0.099,155,Low,Within baseline with monitored trend behaviour
2026-01-02 04:00:00,EM-01,89.8,11.6,0.044,154,Low,Within baseline with monitored trend behaviour
2026-01-02 08:00:00,EM-01,88.4,17.5,0.112,156,Low,Within baseline with monitored trend behaviour
2026-01-02 12:00:00,EM-01,94.5,10.4,0.0,166,Low,Within baseline with monitored trend behaviour
2026-01-02 16:00:00,EM-01,84.0,22.8,0.205,143,Low,Within baseline with monitored trend behaviour
2026-01-02 20:00:00,EM-01,88.0,17.5,0.128,157,Low,Within baseline with monitored trend behaviour
2026-01-03 00:00:00,EM-01,80.1,27.6,0.232,137,Medium,Within baseline with monitored trend behaviour
2026-01-03 04:00:00,EM-01,85.1,23.2,0.185,151,Low,Within baseline with monitored trend behaviour
2026-01-03 08:00:00,EM-01,80.3,27.0,0.24,138,Medium,Within baseline with monitored trend behaviour
2026-01-03 12:00:00,EM-01,89.2,16.1,0.078,152,Low,Within baseline with monitored trend behaviour
2026-01-03 16:00:00,EM-01,92.3,10.7,0.035,160,Low,Within baseline with monitored trend behaviour
2026-01-03 20:00:00,EM-01,85.5,17.6,0.14,151,Low,Within baseline with monitored trend behaviour
2026-01-04 00:00:00,EM-01,87.6,19.3,0.116,149,Low,Within baseline with monitored trend behaviour
2026-01-04 04:00:00,EM-01,90.6,12.9,0.017,158,Low,Within baseline with monitored trend behaviour
2026-01-04 08:00:00,EM-01,97.4,4.0,0.0,169,Low,Within baseline with monitored trend behaviour
2026-01-04 12:00:00,EM-01,82.6,21.6,0.138,151,Low,Within baseline with monitored trend behaviour
2026-01-04 16:00:00,EM-01,91.0,10.0,0.021,157,Low,Within baseline with monitored trend behaviour
2026-01-04 20:00:00,EM-01,92.3,8.7,0.0,157,Low,Within baseline with monitored trend behaviour
2026-01-05 00:00:00,EM-01,86.2,21.0,0.116,142,Low,Within baseline with monitored trend behaviour
2026-01-05 04:00:00,EM-01,96.5,7.3,0.038,162,Low,Within baseline with monitored trend behaviour
2026-01-05 08:00:00,EM-01,94.8,8.2,0.0,164,Low,Within baseline with monitored trend behaviour
2026-01-05 12:00:00,EM-01,92.8,6.0,0.0,171,Low,Within baseline with monitored trend behaviour
2026-01-05 16:00:00,EM-01,89.1,12.8,0.0,155,Low,Within baseline with monitored trend behaviour
2026-01-05 20:00:00,EM-01,89.5,9.6,0.0,161,Low,Within baseline with monitored trend behaviour
2026-01-06 00:00:00,EM-01,92.7,8.4,0.0,168,Low,Within baseline with monitored trend behaviour
2026-01-06 04:00:00,EM-01,92.7,10.4,0.02,160,Low,Within baseline with monitored trend behaviour
2026-01-06 08:00:00,EM-01,94.9,7.2,0.0,168,Low,Within baseline with monitored trend behaviour
2026-01-06 12:00:00,EM-01,90.6,14.6,0.048,154,Low,Within baseline with monitored trend behaviour
2026-01-06 16:00:00,EM-01,92.5,11.7,0.033,158,Low,Within baseline with monitored trend behaviour
2026-01-06 20:00:00,EM-01,93.0,9.2,0.0,165,Low,Within baseline with monitored trend behaviour
2026-01-07 00:00:00,EM-01,93.7,10.8,0.011,158,Low,Within baseline with monitored trend behaviour
2026-01-07 04:00:00,EM-01,98.5,5.8,0.0,177,Low,Within baseline with monitored trend behaviour
2026-01-07 08:00:00,EM-01,92.3,10.1,0.009,162,Low,Within baseline with monitored trend behaviour
2026-01-07 12:00:00,EM-01,96.0,6.0,0.0,169,Low,Within baseline with monitored trend behaviour
2026-01-07 16:00:00,EM-01,92.7,7.8,0.0,170,Low,Within baseline with monitored trend behaviour
2026-01-07 20:00:00,EM-01,91.0,13.4,0.058,150,Low,Within baseline with monitored trend behaviour
2026-01-08 00:00:00,EM-01,90.4,11.1,0.078,164,Low,Within baseline with monitored trend behaviour
2026-01-08 04:00:00,EM-01,91.6,9.5,0.032,166,Low,Within baseline with monitored trend behaviour
2026-01-08 08:00:00,EM-01,89.1,15.9,0.11,150,Low,Within baseline with monitored trend behaviour
2026-01-08 12:00:00,EM-01,94.5,10.4,0.032,167,Low,Within baseline with monitored trend behaviour
2026-01-08 16:00:00,EM-01,94.7,6.8,0.005,171,Low,Within baseline with monitored trend behaviour
2026-01-08 20:00:00,EM-01,90.7,13.7,0.071,163,Low,Within baseline with monitored trend behaviour
2026-01-09 00:00:00,EM-01,86.8,17.1,0.112,157,Low,Within baseline with monitored trend behaviour
2026-01-09 04:00:00,EM-01,90.8,12.8,0.082,156,Low,Within baseline with monitored trend behaviour
2026-01-09 08:00:00,EM-01,77.4,31.2,0.328,130,Medium,Within baseline with monitored trend behaviour
2026-01-09 12:00:00,EM-01,90.0,16.0,0.109,150,Low,Within baseline with monitored trend behaviour
2026-01-09 16:00:00,EM-01,81.0,23.8,0.194,151,Low,Within baseline with monitored trend behaviour
2026-01-09 20:00:00,EM-01,84.1,18.7,0.154,148,Low,Within baseline with monitored trend behaviour
2026-01-10 00:00:00,EM-01,82.0,26.9,0.236,141,Medium,Within baseline with monitored trend behaviour
2026-01-10 04:00:00,EM-01,84.8,22.9,0.175,147,Low,Within baseline with monitored trend behaviour
2026-01-10 08:00:00,EM-01,81.3,24.3,0.203,141,Low,Within baseline with monitored trend behaviour
2026-01-10 12:00:00,EM-01,86.7,20.6,0.18,151,Low,Within baseline with monitored trend behaviour
2026-01-10 16:00:00,EM-01,90.1,11.4,0.011,165,Low,Within baseline with monitored trend behaviour
2026-01-10 20:00:00,EM-01,86.2,20.0,0.168,150,Low,Within baseline with monitored trend behaviour
2026-01-11 00:00:00,EM-01,89.0,17.1,0.153,145,Low,Within baseline with monitored trend behaviour
2026-01-11 04:00:00,EM-01,83.0,25.6,0.231,143,Medium,Within baseline with monitored trend behaviour
2026-01-11 08:00:00,EM-01,82.8,22.8,0.169,140,Low,Within baseline with monitored trend behaviour
2026-01-11 12:00:00,EM-01,86.5,18.9,0.143,152,Low,Within baseline with monitored trend behaviour
2026-01-11 16:00:00,EM-01,91.4,11.0,0.04,159,Low,Within baseline with monitored trend behaviour
2026-01-11 20:00:00,EM-01,90.4,13.4,0.041,163,Low,Within baseline with monitored trend behaviour
2026-01-12 00:00:00,EM-01,92.1,9.9,0.0,160,Low,Within baseline with monitored trend behaviour
2026-01-12 04:00:00,EM-01,94.2,7.8,0.001,170,Low,Within baseline with monitored trend behaviour
2026-01-12 08:00:00,EM-01,95.2,6.9,0.0,168,Low,Within baseline with monitored trend behaviour
2026-01-12 12:00:00,EM-01,91.3,13.1,0.048,159,Low,Within baseline with monitored trend behaviour
2026-01-12 16:00:00,EM-01,94.4,7.0,0.0,168,Low,Within baseline with monitored trend behaviour
2026-01-12 20:00:00,EM-01,91.5,9.9,0.029,160,Low,Within baseline with monitored trend behaviour
2026-01-13 00:00:00,EM-01,95.8,8.3,0.0,161,Low,Within baseline with monitored trend behaviour
2026-01-13 04:00:00,EM-01,97.0,5.8,0.0,167,Low,Within baseline with monitored trend behaviour
2026-01-13 08:00:00,EM-01,93.7,8.7,0.031,160,Low,Within baseline with monitored trend behaviour
2026-01-13 12:00:00,EM-01,89.9,12.4,0.0,159,Low,Within baseline with monitored trend behaviour
2026-01-13 16:00:00,EM-01,94.9,9.0,0.0,159,Low,Within baseline with monitored trend behaviour
2026-01-13 20:00:00,EM-01,91.1,8.9,0.0,165,Low,Within baseline with monitored trend behaviour
2026-01-14 00:00:00,EM-01,90.9,14.2,0.08,156,Low,Within baseline with monitored trend behaviour
2026-01-14 04:00:00,EM-01,94.3,7.8,0.0,159,Low,Within baseline with monitored trend behaviour
2026-01-14 08:00:00,EM-01,97.7,6.4,0.0,168,Low,Within baseline with monitored trend behaviour
2026-01-14 12:00:00,EM-01,92.3,9.4,0.0,166,Low,Within baseline with monitored trend behaviour
2026-01-14 16:00:00,EM-01,92.5,7.4,0.0,165,Low,Within baseline with monitored trend behaviour
2026-01-14 20:00:00,EM-01,89.1,10.9,0.003,163,Low,Within baseline with monitored trend behaviour
2026-01-15 00:00:00,EM-01,97.9,8.3,0.0,173,Low,Within baseline with monitored trend behaviour
2026-01-15 04:00:00,EM-01,98.9,4.5,0.0,169,Low,Within baseline with monitored trend behaviour
2026-01-15 08:00:00,EM-01,93.7,7.6,0.0,163,Low,Within baseline with monitored trend behaviour
2026-01-15 12:00:00,EM-01,88.8,10.6,0.0,158,Low,Within baseline with monitored trend behaviour
2026-01-15 16:00:00,EM-01,88.5,11.7,0.03,158,Low,Within baseline with monitored trend behaviour
2026-01-15 20:00:00,EM-01,96.3,5.6,0.0,169,Low,Within baseline with monitored trend behaviour
2026-01-16 00:00:00,EM-01,86.2,14.3,0.057,157,Low,Within baseline with monitored trend behaviour
2026-01-16 04:00:00,EM-01,90.1,16.7,0.131,149,Low,Within baseline with monitored trend behaviour
2026-01-16 08:00:00,EM-01,86.1,18.2,0.152,151,Low,Within baseline with monitored trend behaviour
2026-01-16 12:00:00,EM-01,83.1,23.4,0.18,137,Low,Within baseline with monitored trend behaviour
2026-01-16 16:00:00,EM-01,95.2,8.1,0.032,166,Low,Within baseline with monitored trend behaviour
2026-01-16 20:00:00,EM-01,92.2,14.2,0.069,152,Low,Within baseline with monitored trend behaviour
2026-01-17 00:00:00,EM-01,80.8,27.4,0.198,132,Medium,Within baseline with monitored trend behaviour
2026-01-17 04:00:00,EM-01,87.8,14.5,0.084,150,Low,Within baseline with monitored trend behaviour
2026-01-17 08:00:00,EM-01,82.6,25.8,0.232,134,Medium,Within baseline with monitored trend behaviour
2026-01-17 12:00:00,EM-01,85.7,19.8,0.096,144,Low,Within baseline with monitored trend behaviour
2026-01-17 16:00:00,EM-01,91.7,10.4,0.064,166,Low,Within baseline with monitored trend behaviour
2026-01-17 20:00:00,EM-01,81.6,26.9,0.198,135,Medium,Within baseline with monitored trend behaviour
2026-01-18 00:00:00,EM-01,76.9,26.7,0.277,136,Medium,Within baseline with monitored trend behaviour
2026-01-18 04:00:00,EM-01,88.6,14.7,0.096,155,Low,Within baseline with monitored trend behaviour
2026-01-18 08:00:00,EM-01,93.5,12.0,0.086,165,Low,Within baseline with monitored trend behaviour
2026-01-18 12:00:00,EM-01,82.0,24.3,0.192,136,Low,Within baseline with monitored trend behaviour
2026-01-18 16:00:00,EM-01,84.3,22.5,0.194,146,Low,Within baseline with monitored trend behaviour
2026-01-18 20:00:00,EM-01,91.0,15.1,0.08,155,Low,Within baseline with monitored trend behaviour
2026-01-19 00:00:00,EM-01,83.3,23.1,0.167,136,Low,Within baseline with monitored trend behaviour
2026-01-19 04:00:00,EM-01,88.2,20.9,0.133,145,Low,Within baseline with monitored trend behaviour
2026-01-19 08:00:00,EM-01,94.5,8.6,0.022,162,Low,Within baseline with monitored trend behaviour
2026-01-19 12:00:00,EM-01,91.9,11.5,0.044,156,Low,Within baseline with monitored trend behaviour
2026-01-19 16:00:00,EM-01,93.9,8.3,0.022,163,Low,Within baseline with monitored trend behaviour
2026-01-19 20:00:00,EM-01,93.8,9.1,0.0,165,Low,Within baseline with monitored trend behaviour
2026-01-20 00:00:00,EM-01,93.2,7.7,0.0,160,Low,Within baseline with monitored trend behaviour
2026-01-20 04:00:00,EM-01,92.1,10.0,0.0,158,Low,Within baseline with monitored trend behaviour
2026-01-20 08:00:00,EM-01,91.8,10.6,0.0,151,Low,Within baseline with monitored trend behaviour
2026-01-20 12:00:00,EM-01,93.1,8.4,0.0,160,Low,Within baseline with monitored trend behaviour
2026-01-20 16:00:00,EM-01,91.4,7.7,0.0,157,Low,Within baseline with monitored trend behaviour
2026-01-20 20:00:00,EM-01,95.7,7.1,0.0,164,Low,Within baseline with monitored trend behaviour
2026-01-21 00:00:00,EM-01,93.5,9.0,0.02,166,Low,Within baseline with monitored trend behaviour
2026-01-21 04:00:00,EM-01,94.1,8.1,0.0,161,Low,Within baseline with monitored trend behaviour
2026-01-21 08:00:00,EM-01,95.1,7.2,0.0,170,Low,Within baseline with monitored trend behaviour
2026-01-21 12:00:00,EM-01,92.7,8.5,0.0,162,Low,Within baseline with monitored trend behaviour
2026-01-21 16:00:00,EM-01,92.8,10.2,0.0,155,Low,Within baseline with monitored trend behaviour
2026-01-21 20:00:00,EM-01,92.6,8.9,0.0,158,Low,Within baseline with monitored trend behaviour
2026-01-22 00:00:00,EM-01,92.9,8.2,0.0,167,Low,Within baseline with monitored trend behaviour
2026-01-22 04:00:00,EM-01,96.1,8.2,0.0,165,Low,Within baseline with monitored trend behaviour
2026-01-22 08:00:00,EM-01,94.2,7.0,0.0,164,Low,Within baseline with monitored trend behaviour
2026-01-22 12:00:00,EM-01,91.4,9.0,0.0,163,Low,Within baseline with monitored trend behaviour
2026-01-22 16:00:00,EM-01,98.9,6.2,0.0,169,Low,Within baseline with monitored trend behaviour
2026-01-22 20:00:00,EM-01,93.4,9.3,0.0,155,Low,Within baseline with monitored trend behaviour
2026-01-23 00:00:00,EM-01,92.9,10.7,0.034,157,Low,Within baseline with monitored trend behaviour
2026-01-23 04:00:00,EM-01,95.3,7.8,0.0,164,Low,Within baseline with monitored trend behaviour
2026-01-23 08:00:00,EM-01,92.0,12.2,0.047,162,Low,Within baseline with monitored trend behaviour
2026-01-23 12:00:00,EM-01,93.3,13.4,0.091,163,Low,Within baseline with monitored trend behaviour
2026-01-23 16:00:00,EM-01,93.4,10.6,0.047,167,Low,Within baseline with monitored trend behaviour
2026-01-23 20:00:00,EM-01,86.4,15.3,0.056,151,Low,Within baseline with monitored trend behaviour
2026-01-24 00:00:00,EM-01,94.3,9.7,0.035,164,Low,Within baseline with monitored trend behaviour
2026-01-24 04:00:00,EM-01,88.5,14.5,0.114,147,Low,Within baseline with monitored trend behaviour
2026-01-24 08:00:00,EM-01,83.3,22.6,0.189,142,Low,Within baseline with monitored trend behaviour
2026-01-24 12:00:00,EM-01,85.1,21.2,0.123,142,Low,Within baseline with monitored trend behaviour
2026-01-24 16:00:00,EM-01,86.0,18.7,0.116,146,Low,Within baseline with monitored trend behaviour
2026-01-24 20:00:00,EM-01,81.6,23.0,0.188,139,Low,Within baseline with monitored trend behaviour
2026-01-25 00:00:00,EM-01,88.8,17.2,0.139,145,Low,Within baseline with monitored trend behaviour
2026-01-25 04:00:00,EM-01,77.0,30.5,0.312,125,Medium,Within baseline with monitored trend behaviour
2026-01-25 08:00:00,EM-01,90.0,16.2,0.062,152,Low,Within baseline with monitored trend behaviour
2026-01-25 12:00:00,EM-01,90.4,13.2,0.077,161,Low,Within baseline with monitored trend behaviour
2026-01-25 16:00:00,EM-01,84.6,19.1,0.15,149,Low,Within baseline with monitored trend behaviour
2026-01-25 20:00:00,EM-01,84.9,20.7,0.168,142,Low,Within baseline with monitored trend behaviour
2026-01-26 00:00:00,EM-01,86.7,19.6,0.152,144,Low,Within baseline with monitored trend behaviour
2026-01-26 04:00:00,EM-01,95.2,8.8,0.002,168,Low,Within baseline with monitored trend behaviour
2026-01-26 08:00:00,EM-01,81.7,27.5,0.273,137,Medium,Within baseline with monitored trend behaviour
2026-01-26 12:00:00,EM-01,82.3,24.7,0.182,136,Low,Within baseline with monitored trend behaviour
2026-01-26 16:00:00,EM-01,88.6,16.1,0.144,157,Low,Within baseline with monitored trend behaviour
2026-01-26 20:00:00,EM-01,88.4,15.7,0.091,153,Low,Within baseline with monitored trend behaviour
2026-01-27 00:00:00,EM-01,88.9,14.8,0.118,155,Low,Within baseline with monitored trend behaviour
2026-01-27 04:00:00,EM-01,86.9,17.2,0.103,156,Low,Within baseline with monitored trend behaviour
2026-01-27 08:00:00,EM-01,94.3,8.5,0.044,165,Low,Within baseline with monitored trend behaviour
2026-01-27 12:00:00,EM-01,87.1,18.2,0.099,150,Low,Within baseline with monitored trend behaviour
2026-01-27 16:00:00,EM-01,96.7,8.0,0.0,164,Low,Within baseline with monitored trend behaviour
2026-01-27 20:00:00,EM-01,90.8,10.3,0.0,159,Low,Within baseline with monitored trend behaviour
2026-01-28 00:00:00,EM-01,94.3,9.1,0.0,159,Low,Within baseline with monitored trend behaviour
2026-01-28 04:00:00,EM-01,93.2,5.8,0.019,162,Low,Within baseline with monitored trend behaviour
2026-01-28 08:00:00,EM-01,85.7,13.6,0.0,153,Low,Within baseline with monitored trend behaviour
2026-01-28 12:00:00,EM-01,94.7,7.4,0.0,163,Low,Within baseline with monitored trend behaviour
2026-01-28 16:00:00,EM-01,97.2,6.0,0.0,159,Low,Within baseline with monitored trend behaviour
2026-01-28 20:00:00,EM-01,92.2,11.7,0.0,153,Low,Within baseline with monitored trend behaviour
2026-01-29 00:00:00,EM-01,97.0,6.6,0.0,159,Low,Within baseline with monitored trend behaviour
2026-01-29 04:00:00,EM-01,94.1,8.1,0.0,162,Low,Within baseline with monitored trend behaviour
2026-01-29 08:00:00,EM-01,94.0,9.7,0.007,161,Low,Within baseline with monitored trend behaviour
2026-01-29 12:00:00,EM-01,93.0,10.2,0.0,157,Low,Within baseline with monitored trend behaviour
2026-01-29 16:00:00,EM-01,96.0,5.7,0.0,167,Low,Within baseline with monitored trend behaviour
2026-01-29 20:00:00,EM-01,97.5,4.5,0.0,164,Low,Within baseline with monitored trend behaviour
2026-01-30 00:00:00,EM-01,95.8,6.2,0.0,157,Low,Within baseline with monitored trend behaviour
2026-01-30 04:00:00,EM-01,93.5,10.9,0.0,153,Low,Within baseline with monitored trend behaviour
2026-01-30 08:00:00,EM-01,94.7,7.6,0.0,160,Low,Within baseline with monitored trend behaviour
2026-01-30 12:00:00,EM-01,92.5,10.2,0.041,159,Low,Within baseline with monitored trend behaviour
2026-01-30 16:00:00,EM-01,94.5,7.7,0.0,164,Low,Within baseline with monitored trend behaviour
2026-01-30 20:00:00,EM-01,95.1,7.8,0.006,167,Low,Within baseline with monitored trend behaviour
2026-01-31 00:00:00,EM-01,91.6,15.2,0.081,145,Low,Within baseline with monitored trend behaviour
2026-01-31 04:00:00,EM-01,94.7,8.2,0.017,163,Low,Within baseline with monitored trend behaviour
2026-01-31 08:00:00,EM-01,87.4,18.7,0.148,146,Low,Within baseline with monitored trend behaviour
2026-01-31 12:00:00,EM-01,84.4,19.5,0.117,144,Low,Within baseline with monitored trend behaviour
2026-01-31 16:00:00,EM-01,92.7,11.9,0.062,158,Low,Within baseline with monitored trend behaviour
2026-01-31 20:00:00,EM-01,85.7,22.0,0.192,140,Low,Within baseline with monitored trend behaviour
2026-02-01 00:00:00,EM-01,88.6,15.3,0.126,160,Low,Within baseline with monitored trend behaviour
2026-02-01 04:00:00,EM-01,84.0,22.7,0.194,140,Low,Within baseline with monitored trend behaviour
2026-02-01 08:00:00,EM-01,93.5,12.3,0.056,158,Low,Within baseline with monitored trend behaviour
2026-02-01 12:00:00,EM-01,81.9,24.5,0.195,139,Low,Within baseline with monitored trend behaviour
2026-02-01 16:00:00,EM-01,81.9,26.1,0.239,142,Medium,Within baseline with monitored trend behaviour
2026-02-01 20:00:00,EM-01,74.7,34.9,0.304,121,Medium,Within baseline with monitored trend behaviour
2026-02-02 00:00:00,EM-01,74.9,34.4,0.366,112,Medium,Within baseline with monitored trend behaviour
2026-02-02 04:00:00,EM-01,79.6,26.7,0.217,132,Medium,Within baseline with monitored trend behaviour
2026-02-02 08:00:00,EM-01,82.1,27.0,0.255,138,Medium,Within baseline with monitored trend behaviour
2026-02-02 12:00:00,EM-01,79.9,25.2,0.185,138,Medium,Within baseline with monitored trend behaviour
2026-02-02 16:00:00,EM-01,89.0,15.6,0.12,154,Low,Within baseline with monitored trend behaviour
2026-02-02 20:00:00,EM-01,84.4,22.2,0.188,137,Low,Within baseline with monitored trend behaviour
2026-02-03 00:00:00,EM-01,92.3,10.3,0.001,156,Low,Within baseline with monitored trend behaviour
2026-02-03 04:00:00,EM-01,91.2,14.1,0.07,146,Low,Within baseline with monitored trend behaviour
2026-02-03 08:00:00,EM-01,87.0,17.1,0.105,150,Low,Within baseline with monitored trend behaviour
2026-02-03 12:00:00,EM-01,91.0,10.7,0.048,154,Low,Within baseline with monitored trend behaviour
2026-02-03 16:00:00,EM-01,90.0,15.0,0.085,148,Low,Within baseline with monitored trend behaviour
2026-02-03 20:00:00,EM-01,90.9,11.3,0.04,155,Low,Within baseline with monitored trend behaviour
2026-02-04 00:00:00,EM-01,92.5,9.0,0.025,155,Low,Within baseline with monitored trend behaviour
2026-02-04 04:00:00,EM-01,94.2,10.3,0.032,158,Low,Within baseline with monitored trend behaviour
2026-02-04 08:00:00,EM-01,93.3,11.0,0.046,155,Low,Within baseline with monitored trend behaviour
2026-02-04 12:00:00,EM-01,90.8,9.5,0.014,159,Low,Within baseline with monitored trend behaviour
2026-02-04 16:00:00,EM-01,91.9,7.3,0.0,161,Low,Within baseline with monitored trend behaviour
2026-02-04 20:00:00,EM-01,96.7,3.3,0.0,171,Low,Within baseline with monitored trend behaviour
2026-02-05 00:00:00,EM-01,94.5,6.2,0.0,158,Low,Within baseline with monitored trend behaviour
2026-02-05 04:00:00,EM-01,93.2,8.6,0.0,160,Low,Within baseline with monitored trend behaviour
2026-02-05 08:00:00,EM-01,90.3,11.4,0.015,161,Low,Within baseline with monitored trend behaviour
2026-02-05 12:00:00,EM-01,96.2,7.5,0.0,162,Low,Within baseline with monitored trend behaviour
2026-02-05 16:00:00,EM-01,94.7,4.7,0.0,165,Low,Within baseline with monitored trend behaviour
2026-02-05 20:00:00,EM-01,97.4,4.7,0.0,170,Low,Within baseline with monitored trend behaviour
2026-02-06 00:00:00,EM-01,95.9,5.0,0.0,165,Low,Within baseline with monitored trend behaviour
2026-02-06 04:00:00,EM-01,93.3,10.2,0.01,156,Low,Within baseline with monitored trend behaviour
2026-02-06 08:00:00,EM-01,96.3,5.2,0.0,165,Low,Within baseline with monitored trend behaviour
2026-02-06 12:00:00,EM-01,96.1,9.8,0.044,159,Low,Within baseline with monitored trend behaviour
2026-02-06 16:00:00,EM-01,94.3,6.7,0.0,166,Low,Within baseline with monitored trend behaviour
2026-02-06 20:00:00,EM-01,93.5,10.4,0.0,161,Low,Within baseline with monitored trend behaviour
2026-02-07 00:00:00,EM-01,96.0,5.5,0.0,160,Low,Within baseline with monitored trend behaviour
2026-02-07 04:00:00,EM-01,92.6,12.2,0.033,150,Low,Within baseline with monitored trend behaviour
2026-02-07 08:00:00,EM-01,91.8,9.4,0.033,160,Low,Within baseline with monitored trend behaviour
2026-02-07 12:00:00,EM-01,93.0,9.9,0.026,157,Low,Within baseline with monitored trend behaviour
2026-02-07 16:00:00,EM-01,86.1,21.3,0.123,140,Low,Within baseline with monitored trend behaviour
2026-02-07 20:00:00,EM-01,90.3,10.0,0.065,151,Low,Within baseline with monitored trend behaviour
2026-02-08 00:00:00,EM-01,93.4,8.9,0.0,164,Low,Within baseline with monitored trend behaviour
2026-02-08 04:00:00,EM-01,86.4,14.3,0.062,148,Low,Within baseline with monitored trend behaviour
2026-02-08 08:00:00,EM-01,95.3,5.7,0.014,165,Low,Within baseline with monitored trend behaviour
2026-02-08 12:00:00,EM-01,82.2,24.7,0.212,130,Low,Within baseline with monitored trend behaviour
2026-02-08 16:00:00,EM-01,82.6,24.5,0.152,141,Low,Within baseline with monitored trend behaviour
2026-02-08 20:00:00,EM-01,92.4,11.8,0.028,157,Low,Within baseline with monitored trend behaviour
2026-02-09 00:00:00,EM-01,94.1,6.9,0.001,162,Low,Within baseline with monitored trend behaviour
2026-02-09 04:00:00,EM-01,79.3,23.7,0.206,136,Low,Within baseline with monitored trend behaviour
2026-02-09 08:00:00,EM-01,77.6,28.4,0.247,125,Medium,Within baseline with monitored trend behaviour
2026-02-09 12:00:00,EM-01,86.5,19.6,0.147,142,Low,Within baseline with monitored trend behaviour
2026-02-09 16:00:00,EM-01,88.2,16.6,0.102,146,Low,Within baseline with monitored trend behaviour
2026-02-09 20:00:00,EM-01,86.5,18.6,0.137,144,Low,Within baseline with monitored trend behaviour
2026-02-10 00:00:00,EM-01,83.8,23.2,0.199,141,Low,Within baseline with monitored trend behaviour
2026-02-10 04:00:00,EM-01,88.2,11.6,0.035,149,Low,Within baseline with monitored trend behaviour
2026-02-10 08:00:00,EM-01,83.3,21.4,0.157,144,Low,Within baseline with monitored trend behaviour
2026-02-10 12:00:00,EM-01,96.1,7.2,0.027,158,Low,Within baseline with monitored trend behaviour
2026-02-10 16:00:00,EM-01,80.8,25.1,0.19,130,Medium,Within baseline with monitored trend behaviour
2026-02-10 20:00:00,EM-01,80.4,24.1,0.205,132,Low,Within baseline with monitored trend behaviour
2026-02-11 00:00:00,EM-01,95.2,9.7,0.0,157,Low,Within baseline with monitored trend behaviour
2026-02-11 04:00:00,EM-01,91.2,9.1,0.027,161,Low,Within baseline with monitored trend behaviour
2026-02-11 08:00:00,EM-01,90.4,10.8,0.047,157,Low,Within baseline with monitored trend behaviour
2026-02-11 12:00:00,EM-01,96.4,5.4,0.0,163,Low,Within baseline with monitored trend behaviour
2026-02-11 16:00:00,EM-01,91.1,9.3,0.012,159,Low,Within baseline with monitored trend behaviour
2026-02-11 20:00:00,EM-01,97.2,4.4,0.0,165,Low,Within baseline with monitored trend behaviour
2026-02-12 00:00:00,EM-01,89.2,14.9,0.137,152,Low,Within baseline with monitored trend behaviour
2026-02-12 04:00:00,EM-01,87.3,14.9,0.099,148,Low,Within baseline with monitored trend behaviour
2026-02-12 08:00:00,EM-01,98.0,3.5,0.0,170,Low,Within baseline with monitored trend behaviour
2026-02-12 12:00:00,EM-01,94.5,7.1,0.0,166,Low,Within baseline with monitored trend behaviour
2026-02-12 16:00:00,EM-01,93.1,11.1,0.0,151,Low,Within baseline with monitored trend behaviour
2026-02-12 20:00:00,EM-01,93.4,10.5,0.0,157,Low,Within baseline with monitored trend behaviour
2026-02-13 00:00:00,EM-01,95.4,8.6,0.0,152,Low,Within baseline with monitored trend behaviour
2026-02-13 04:00:00,EM-01,92.8,7.7,0.0,162,Low,Within baseline with monitored trend behaviour
2026-02-13 08:00:00,EM-01,100.0,6.4,0.0,165,Low,Within baseline with monitored trend behaviour
2026-02-13 12:00:00,EM-01,97.4,5.7,0.0,162,Low,Within baseline with monitored trend behaviour
2026-02-13 16:00:00,EM-01,93.9,8.2,0.0,152,Low,Within baseline with monitored trend behaviour
2026-02-13 20:00:00,EM-01,92.2,8.5,0.022,149,Low,Within baseline with monitored trend behaviour
2026-02-14 00:00:00,EM-01,94.6,6.9,0.0,156,Low,Within baseline with monitored trend behaviour
2026-02-14 04:00:00,EM-01,93.2,10.2,0.0,157,Low,Within baseline with monitored trend behaviour
2026-02-14 08:00:00,EM-01,94.3,9.0,0.0,159,Low,Within baseline with monitored trend behaviour
2026-02-14 12:00:00,EM-01,87.4,13.2,0.027,154,Low,Within baseline with monitored trend behaviour
2026-02-14 16:00:00,EM-01,96.9,7.3,0.0,162,Low,Within baseline with monitored trend behaviour
2026-02-14 20:00:00,EM-01,95.8,8.8,0.013,158,Low,Within baseline with monitored trend behaviour
2026-02-15 00:00:00,EM-01,92.7,8.8,0.0,159,Low,Within baseline with monitored trend behaviour
2026-02-15 04:00:00,EM-01,89.3,16.6,0.058,148,Low,Within baseline with monitored trend behaviour
2026-02-15 08:00:00,EM-01,89.4,19.7,0.185,137,Low,Within baseline with monitored trend behaviour
2026-02-15 12:00:00,EM-01,92.8,10.9,0.035,158,Low,Within baseline with monitored trend behaviour
2026-02-15 16:00:00,EM-01,85.6,21.3,0.189,134,Low,Within baseline with monitored trend behaviour
2026-02-15 20:00:00,EM-01,73.6,34.0,0.291,117,Medium,Within baseline with monitored trend behaviour
2026-02-16 00:00:00,EM-01,86.0,19.1,0.127,148,Low,Within baseline with monitored trend behaviour
2026-02-16 04:00:00,EM-01,81.9,26.2,0.201,128,Medium,Within baseline with monitored trend behaviour
2026-02-16 08:00:00,EM-01,84.3,18.8,0.142,139,Low,Within baseline with monitored trend behaviour
2026-02-16 12:00:00,EM-01,86.9,20.1,0.161,142,Low,Within baseline with monitored trend behaviour
2026-02-16 16:00:00,EM-01,82.9,22.1,0.188,141,Low,Within baseline with monitored trend behaviour
2026-02-16 20:00:00,EM-01,92.0,12.5,0.073,154,Low,Within baseline with monitored trend behaviour
2026-02-17 00:00:00,EM-01,87.9,15.0,0.063,147,Low,Within baseline with monitored trend behaviour
2026-02-17 04:00:00,EM-01,84.7,20.6,0.161,137,Low,Within baseline with monitored trend behaviour
2026-02-17 08:00:00,EM-01,82.5,21.7,0.193,135,Low,Within baseline with monitored trend behaviour
2026-02-17 12:00:00,EM-01,84.7,23.2,0.176,137,Low,Within baseline with monitored trend behaviour
2026-02-17 16:00:00,EM-01,78.6,29.5,0.283,131,Medium,Within baseline with monitored trend behaviour
2026-02-17 20:00:00,EM-01,84.3,16.3,0.085,143,Low,Within baseline with monitored trend behaviour
2026-02-18 00:00:00,EM-01,92.0,14.3,0.094,152,Low,Within baseline with monitored trend behaviour
2026-02-18 04:00:00,EM-01,89.4,16.2,0.142,158,Low,Within baseline with monitored trend behaviour
2026-02-18 08:00:00,EM-01,90.3,11.7,0.026,159,Low,Within baseline with monitored trend behaviour
2026-02-18 12:00:00,EM-01,92.7,8.7,0.0,158,Low,Within baseline with monitored trend behaviour
2026-02-18 16:00:00,EM-01,87.5,15.9,0.107,142,Low,Within baseline with monitored trend behaviour
2026-02-18 20:00:00,EM-01,86.2,19.1,0.158,145,Low,Within baseline with monitored trend behaviour
2026-02-19 00:00:00,EM-01,89.7,11.5,0.077,154,Low,Within baseline with monitored trend behaviour
2026-02-19 04:00:00,EM-01,94.1,7.3,0.0,156,Low,Within baseline with monitored trend behaviour
2026-02-19 08:00:00,EM-01,93.8,6.3,0.0,154,Low,Within baseline with monitored trend behaviour
2026-02-19 12:00:00,EM-01,94.5,8.7,0.0,164,Low,Within baseline with monitored trend behaviour
2026-02-19 16:00:00,EM-01,93.3,9.2,0.0,159,Low,Within baseline with monitored trend behaviour
2026-02-19 20:00:00,EM-01,93.5,7.3,0.0,163,Low,Within baseline with monitored trend behaviour
2026-02-20 00:00:00,EM-01,91.9,8.6,0.0,158,Low,Within baseline with monitored trend behaviour
2026-02-20 04:00:00,EM-01,96.8,6.3,0.0,160,Low,Within baseline with monitored trend behaviour
2026-02-20 08:00:00,EM-01,93.3,11.8,0.005,148,Low,Within baseline with monitored trend behaviour
2026-02-20 12:00:00,EM-01,94.7,8.8,0.027,158,Low,Within baseline with monitored trend behaviour
2026-02-20 16:00:00,EM-01,94.7,7.4,0.0,159,Low,Within baseline with monitored trend behaviour
2026-02-20 20:00:00,EM-01,92.4,10.0,0.0,157,Low,Within baseline with monitored trend behaviour
2026-02-21 00:00:00,EM-01,95.4,8.9,0.0,157,Low,Within baseline with monitored trend behaviour
2026-02-21 04:00:00,EM-01,94.6,8.3,0.0,155,Low,Within baseline with monitored trend behaviour
2026-02-21 08:00:00,EM-01,93.1,7.7,0.0,162,Low,Within baseline with monitored trend behaviour
2026-02-21 12:00:00,EM-01,89.1,11.1,0.0,158,Low,Within baseline with monitored trend behaviour
2026-02-21 16:00:00,EM-01,96.2,7.9,0.0,160,Low,Within baseline with monitored trend behaviour
2026-02-21 20:00:00,EM-01,88.9,15.2,0.068,147,Low,Within baseline with monitored trend behaviour
2026-02-22 00:00:00,EM-01,94.1,13.3,0.043,148,Low,Within baseline with monitored trend behaviour
2026-02-22 04:00:00,EM-01,91.0,11.0,0.035,153,Low,Within baseline with monitored trend behaviour
2026-02-22 08:00:00,EM-01,93.5,7.0,0.0,162,Low,Within baseline with monitored trend behaviour
2026-02-22 12:00:00,EM-01,92.6,8.4,0.0,153,Low,Within baseline with monitored trend behaviour
2026-02-22 16:00:00,EM-01,92.2,9.7,0.0,165,Low,Within baseline with monitored trend behaviour
2026-02-22 20:00:00,EM-01,93.8,8.7,0.011,156,Low,Within baseline with monitored trend behaviour
2026-02-23 00:00:00,EM-01,90.4,10.4,0.067,160,Low,Within baseline with monitored trend behaviour
2026-02-23 04:00:00,EM-01,84.0,20.1,0.121,141,Low,Within baseline with monitored trend behaviour
2026-02-23 08:00:00,EM-01,90.3,10.7,0.0,154,Low,Within baseline with monitored trend behaviour
2026-02-23 12:00:00,EM-01,94.6,7.9,0.012,163,Low,Within baseline with monitored trend behaviour
2026-02-23 16:00:00,EM-01,85.8,21.0,0.156,129,Low,Within baseline with monitored trend behaviour
2026-02-23 20:00:00,EM-01,88.8,15.4,0.077,155,Low,Within baseline with monitored trend behaviour
2026-02-24 00:00:00,EM-01,86.9,17.6,0.107,151,Low,Within baseline with monitored trend behaviour
2026-02-24 04:00:00,EM-01,88.4,16.7,0.113,139,Low,Within baseline with monitored trend behaviour
2026-02-24 08:00:00,EM-01,87.8,15.4,0.111,146,Low,Within baseline with monitored trend behaviour
2026-02-24 12:00:00,EM-01,85.6,16.5,0.14,145,Low,Within baseline with monitored trend behaviour
2026-02-24 16:00:00,EM-01,81.2,27.7,0.29,135,Medium,Within baseline with monitored trend behaviour
2026-02-24 20:00:00,EM-01,80.2,28.0,0.251,118,Medium,Within baseline with monitored trend behaviour
2026-02-25 00:00:00,EM-01,84.2,21.8,0.161,138,Low,Within baseline with monitored trend behaviour
2026-02-25 04:00:00,EM-01,89.7,13.8,0.105,154,Low,Within baseline with monitored trend behaviour
2026-02-25 08:00:00,EM-01,80.2,26.8,0.26,132,Medium,Within baseline with monitored trend behaviour
2026-02-25 12:00:00,EM-01,90.2,15.8,0.082,143,Low,Within baseline with monitored trend behaviour
2026-02-25 16:00:00,EM-01,88.1,14.6,0.089,144,Low,Within baseline with monitored trend behaviour
2026-02-25 20:00:00,EM-01,88.6,15.7,0.123,152,Low,Within baseline with monitored trend behaviour
2026-02-26 00:00:00,EM-01,88.8,16.6,0.078,141,Low,Within baseline with monitored trend behaviour
2026-02-26 04:00:00,EM-01,80.5,26.5,0.264,131,Medium,Within baseline with monitored trend behaviour
2026-02-26 08:00:00,EM-01,93.8,9.1,0.0,156,Low,Within baseline with monitored trend behaviour
2026-02-26 12:00:00,EM-01,93.1,8.4,0.0,151,Low,Within baseline with monitored trend behaviour
2026-02-26 16:00:00,EM-01,92.4,10.9,0.045,153,Low,Within baseline with monitored trend behaviour
2026-02-26 20:00:00,EM-01,95.1,6.3,0.018,158,Low,Within baseline with monitored trend behaviour
2026-02-27 00:00:00,EM-01,93.2,10.7,0.0,141,Low,Within baseline with monitored trend behaviour
2026-02-27 04:00:00,EM-01,92.5,8.1,0.0,152,Low,Within baseline with monitored trend behaviour
2026-02-27 08:00:00,EM-01,98.9,3.4,0.0,169,Low,Within baseline with monitored trend behaviour
2026-02-27 12:00:00,EM-01,97.3,6.0,0.013,169,Low,Within baseline with monitored trend behaviour
2026-02-27 16:00:00,EM-01,89.2,13.1,0.07,149,Low,Within baseline with monitored trend behaviour
2026-02-27 20:00:00,EM-01,94.5,10.3,0.0,154,Low,Within baseline with monitored trend behaviour
2026-02-28 00:00:00,EM-01,95.9,6.2,0.0,160,Low,Within baseline with monitored trend behaviour
2026-02-28 04:00:00,EM-01,93.5,8.2,0.0,158,Low,Within baseline with monitored trend behaviour
2026-02-28 08:00:00,EM-01,97.5,4.3,0.0,168,Low,Within baseline with monitored trend behaviour
2026-02-28 12:00:00,EM-01,94.7,7.6,0.0,152,Low,Within baseline with monitored trend behaviour
2026-02-28 16:00:00,EM-01,94.9,9.0,0.0,162,Low,Within baseline with monitored trend behaviour
2026-02-28 20:00:00,EM-01,98.5,3.3,0.0,158,Low,Within baseline with monitored trend behaviour
2026-03-01 00:00:00,EM-01,92.8,8.8,0.0,158,Low,Within baseline with monitored trend behaviour
2026-03-01 04:00:00,EM-01,93.1,9.8,0.012,153,Low,Within baseline with monitored trend behaviour
2026-03-01 08:00:00,EM-01,93.8,10.6,0.029,154,Low,Within baseline with monitored trend behaviour
2026-03-01 12:00:00,EM-01,91.0,9.6,0.0,155,Low,Within baseline with monitored trend behaviour
2026-03-01 16:00:00,EM-01,94.8,8.8,0.023,158,Low,Within baseline with monitored trend behaviour
2026-03-01 20:00:00,EM-01,87.8,17.3,0.132,142,Low,Within baseline with monitored trend behaviour
2026-03-02 00:00:00,EM-01,87.8,17.6,0.113,142,Low,Within baseline with monitored trend behaviour
2026-03-02 04:00:00,EM-01,90.7,16.0,0.137,149,Low,Within baseline with monitored trend behaviour
2026-03-02 08:00:00,EM-01,90.8,13.9,0.073,150,Low,Within baseline with monitored trend behaviour
2026-03-02 12:00:00,EM-01,94.2,10.7,0.052,145,Low,Within baseline with monitored trend behaviour
2026-03-02 16:00:00,EM-01,92.7,8.6,0.052,157,Low,Within baseline with monitored trend behaviour
2026-03-02 20:00:00,EM-01,83.0,23.8,0.199,132,Low,Within baseline with monitored trend behaviour
2026-03-03 00:00:00,EM-01,78.8,26.7,0.248,122,Medium,Within baseline with monitored trend behaviour
2026-03-03 04:00:00,EM-01,78.8,27.2,0.279,122,Medium,Within baseline with monitored trend behaviour
2026-03-03 08:00:00,EM-01,81.7,24.8,0.253,135,Low,Within baseline with monitored trend behaviour
2026-03-03 12:00:00,EM-01,79.9,26.0,0.22,126,Medium,Within baseline with monitored trend behaviour
2026-03-03 16:00:00,EM-01,86.8,17.3,0.07,138,Low,Within baseline with monitored trend behaviour
2026-03-03 20:00:00,EM-01,90.4,12.2,0.061,147,Low,Within baseline with monitored trend behaviour
2026-03-04 00:00:00,EM-01,90.0,16.5,0.109,138,Low,Within baseline with monitored trend behaviour
2026-03-04 04:00:00,EM-01,91.5,13.9,0.065,149,Low,Within baseline with monitored trend behaviour
2026-03-04 08:00:00,EM-01,90.8,13.9,0.049,145,Low,Within baseline with monitored trend behaviour
2026-03-04 12:00:00,EM-01,86.6,19.7,0.104,148,Low,Within baseline with monitored trend behaviour
2026-03-04 16:00:00,EM-01,90.0,18.8,0.186,143,Low,Within baseline with monitored trend behaviour
2026-03-04 20:00:00,EM-01,91.8,9.5,0.007,157,Low,Within baseline with monitored trend behaviour
2026-03-05 00:00:00,EM-01,76.9,28.4,0.231,127,Medium,Within baseline with monitored trend behaviour
2026-03-05 04:00:00,EM-01,96.0,6.7,0.0,154,Low,Within baseline with monitored trend behaviour
2026-03-05 08:00:00,EM-01,91.5,11.7,0.015,154,Low,Within baseline with monitored trend behaviour
2026-03-05 12:00:00,EM-01,90.4,13.9,0.051,144,Low,Within baseline with monitored trend behaviour
2026-03-05 16:00:00,EM-01,86.6,18.5,0.118,141,Low,Within baseline with monitored trend behaviour
2026-03-05 20:00:00,EM-01,92.1,7.3,0.0,158,Low,Within baseline with monitored trend behaviour
2026-03-06 00:00:00,EM-01,93.8,9.2,0.031,154,Low,Within baseline with monitored trend behaviour
2026-03-06 04:00:00,EM-01,98.2,6.9,0.0,157,Low,Within baseline with monitored trend behaviour
2026-03-06 08:00:00,EM-01,96.9,8.2,0.0,152,Low,Within baseline with monitored trend behaviour
2026-03-06 12:00:00,EM-01,91.9,9.7,0.0,153,Low,Within baseline with monitored trend behaviour
2026-03-06 16:00:00,EM-01,95.3,8.9,0.001,151,Low,Within baseline with monitored trend behaviour
2026-03-06 20:00:00,EM-01,92.8,8.5,0.0,158,Low,Within baseline with monitored trend behaviour
2026-03-07 00:00:00,EM-01,93.8,9.9,0.0,150,Low,Within baseline with monitored trend behaviour
2026-03-07 04:00:00,EM-01,95.3,6.2,0.005,154,Low,Within baseline with monitored trend behaviour
2026-03-07 08:00:00,EM-01,95.6,9.0,0.0,151,Low,Within baseline with monitored trend behaviour
2026-03-07 12:00:00,EM-01,92.3,9.0,0.0,160,Low,Within baseline with monitored trend behaviour
2026-03-07 16:00:00,EM-01,88.8,15.4,0.069,148,Low,Within baseline with monitored trend behaviour
2026-03-07 20:00:00,EM-01,91.2,9.7,0.0,156,Low,Within baseline with monitored trend behaviour
2026-03-08 00:00:00,EM-01,95.3,6.8,0.0,157,Low,Within baseline with monitored trend behaviour
2026-03-08 04:00:00,EM-01,95.6,8.1,0.0,151,Low,Within baseline with monitored trend behaviour
2026-03-08 08:00:00,EM-01,96.1,4.5,0.0,166,Low,Within baseline with monitored trend behaviour
2026-03-08 12:00:00,EM-01,94.8,6.2,0.0,163,Low,Within baseline with monitored trend behaviour
2026-03-08 16:00:00,EM-01,93.3,10.8,0.0,153,Low,Within baseline with monitored trend behaviour
2026-03-08 20:00:00,EM-01,92.2,10.0,0.0,156,Low,Within baseline with monitored trend behaviour
2026-03-09 00:00:00,EM-01,97.2,7.2,0.01,161,Low,Within baseline with monitored trend behaviour
2026-03-09 04:00:00,EM-01,92.8,9.3,0.0,157,Low,Within baseline with monitored trend behaviour
2026-03-09 08:00:00,EM-01,91.4,10.8,0.037,154,Low,Within baseline with monitored trend behaviour
2026-03-09 12:00:00,EM-01,93.4,11.1,0.088,147,Low,Within baseline with monitored trend behaviour
2026-03-09 16:00:00,EM-01,87.9,13.7,0.054,145,Low,Within baseline with monitored trend behaviour
2026-03-09 20:00:00,EM-01,84.6,23.1,0.182,130,Low,Within baseline with monitored trend behaviour
2026-03-10 00:00:00,EM-01,96.2,7.4,0.016,164,Low,Within baseline with monitored trend behaviour
2026-03-10 04:00:00,EM-01,81.2,20.6,0.185,142,Low,Within baseline with monitored trend behaviour
2026-03-10 08:00:00,EM-01,91.0,10.6,0.037,152,Low,Within baseline with monitored trend behaviour
2026-03-10 12:00:00,EM-01,86.6,20.0,0.104,140,Low,Within baseline with monitored trend behaviour
2026-03-10 16:00:00,EM-01,88.3,17.3,0.115,148,Low,Within baseline with monitored trend behaviour
2026-03-10 20:00:00,EM-01,95.1,8.4,0.028,155,Low,Within baseline with monitored trend behaviour
2026-03-11 00:00:00,EM-01,86.5,16.3,0.108,144,Low,Within baseline with monitored trend behaviour
2026-03-11 04:00:00,EM-01,85.7,19.4,0.131,144,Low,Within baseline with monitored trend behaviour
2026-03-11 08:00:00,EM-01,80.0,23.3,0.194,134,Low,Within baseline with monitored trend behaviour
2026-03-11 12:00:00,EM-01,91.8,14.4,0.112,153,Low,Within baseline with monitored trend behaviour
2026-03-11 16:00:00,EM-01,90.1,13.8,0.049,149,Low,Within baseline with monitored trend behaviour
2026-03-11 20:00:00,EM-01,83.2,24.6,0.232,126,Low,Within baseline with monitored trend behaviour
2026-03-12 00:00:00,EM-01,80.2,25.4,0.175,122,Medium,Within baseline with monitored trend behaviour
2026-03-12 04:00:00,EM-01,86.8,19.5,0.152,147,Low,Within baseline with monitored trend behaviour
2026-03-12 08:00:00,EM-01,91.0,12.6,0.077,148,Low,Within baseline with monitored trend behaviour
2026-03-12 12:00:00,EM-01,81.3,23.9,0.231,123,Low,Within baseline with monitored trend behaviour
2026-03-12 16:00:00,EM-01,78.7,27.9,0.217,116,Medium,Within baseline with monitored trend behaviour
2026-03-12 20:00:00,EM-01,95.6,8.7,0.018,156,Low,Within baseline with monitored trend behaviour
2026-03-13 00:00:00,EM-01,95.9,9.0,0.0,158,Low,Within baseline with monitored trend behaviour
2026-03-13 04:00:00,EM-01,95.2,5.7,0.038,161,Low,Within baseline with monitored trend behaviour
2026-03-13 08:00:00,EM-01,92.1,12.1,0.048,160,Low,Within baseline with monitored trend behaviour
2026-03-13 12:00:00,EM-01,91.0,7.8,0.022,146,Low,Within baseline with monitored trend behaviour
2026-03-13 16:00:00,EM-01,92.7,9.8,0.0,146,Low,Within baseline with monitored trend behaviour
2026-03-13 20:00:00,EM-01,93.9,7.5,0.0,154,Low,Within baseline with monitored trend behaviour
2026-03-14 00:00:00,EM-01,97.9,4.2,0.0,164,Low,Within baseline with monitored trend behaviour
2026-03-14 04:00:00,EM-01,93.9,8.3,0.0,155,Low,Within baseline with monitored trend behaviour
2026-03-14 08:00:00,EM-01,91.5,8.1,0.0,152,Low,Within baseline with monitored trend behaviour
2026-03-14 12:00:00,EM-01,92.8,8.4,0.0,158,Low,Within baseline with monitored trend behaviour
2026-03-14 16:00:00,EM-01,99.7,5.3,0.0,167,Low,Within baseline with monitored trend behaviour
2026-03-14 20:00:00,EM-01,92.4,7.4,0.0,154,Low,Within baseline with monitored trend behaviour
2026-03-15 00:00:00,EM-01,92.0,10.4,0.0,153,Low,Within baseline with monitored trend behaviour
2026-03-15 04:00:00,EM-01,95.0,8.1,0.0,157,Low,Within baseline with monitored trend behaviour
2026-03-15 08:00:00,EM-01,96.8,7.4,0.0,158,Low,Within baseline with monitored trend behaviour
2026-03-15 12:00:00,EM-01,92.2,10.4,0.0,151,Low,Within baseline with monitored trend behaviour
2026-03-15 16:00:00,EM-01,90.3,13.4,0.0,152,Low,Within baseline with monitored trend behaviour
2026-03-15 20:00:00,EM-01,96.9,5.1,0.0,158,Low,Within baseline with monitored trend behaviour
2026-03-16 00:00:00,EM-01,89.6,13.0,0.025,145,Low,Within baseline with monitored trend behaviour
2026-03-16 04:00:00,EM-01,91.3,9.9,0.009,152,Low,Within baseline with monitored trend behaviour
2026-03-16 08:00:00,EM-01,95.3,6.8,0.0,156,Low,Within baseline with monitored trend behaviour
2026-03-16 12:00:00,EM-01,90.2,14.6,0.038,139,Low,Within baseline with monitored trend behaviour
2026-03-16 16:00:00,EM-01,94.9,6.2,0.0,155,Low,Within baseline with monitored trend behaviour
2026-03-16 20:00:00,EM-01,85.9,18.4,0.096,138,Low,Within baseline with monitored trend behaviour
2026-03-17 00:00:00,EM-01,97.6,9.2,0.0,152,Low,Within baseline with monitored trend behaviour
2026-03-17 04:00:00,EM-01,88.6,14.9,0.046,148,Low,Within baseline with monitored trend behaviour
2026-03-17 08:00:00,EM-01,93.1,11.3,0.063,148,Low,Within baseline with monitored trend behaviour
2026-03-17 12:00:00,EM-01,88.4,17.8,0.102,142,Low,Within baseline with monitored trend behaviour
2026-03-17 16:00:00,EM-01,88.3,15.3,0.083,146,Low,Within baseline with monitored trend behaviour
2026-03-17 20:00:00,EM-01,97.7,8.5,0.047,156,Low,Within baseline with monitored trend behaviour
2026-03-18 00:00:00,EM-01,81.4,26.8,0.227,122,Medium,Within baseline with monitored trend behaviour
2026-03-18 04:00:00,EM-01,83.7,23.1,0.209,129,Low,Within baseline with monitored trend behaviour
2026-03-18 08:00:00,EM-01,87.8,16.8,0.143,142,Low,Within baseline with monitored trend behaviour
2026-03-18 12:00:00,EM-01,85.9,21.8,0.177,134,Low,Within baseline with monitored trend behaviour
2026-03-18 16:00:00,EM-01,91.7,16.3,0.065,141,Low,Within baseline with monitored trend behaviour
2026-03-18 20:00:00,EM-01,86.1,17.0,0.143,140,Low,Within baseline with monitored trend behaviour
2026-03-19 00:00:00,EM-01,80.1,26.9,0.221,125,Medium,Within baseline with monitored trend behaviour
2026-03-19 04:00:00,EM-01,88.3,15.6,0.111,143,Low,Within baseline with monitored trend behaviour
2026-03-19 08:00:00,EM-01,86.5,20.7,0.138,126,Low,Within baseline with monitored trend behaviour
2026-03-19 12:00:00,EM-01,86.0,20.8,0.146,134,Low,Within baseline with monitored trend behaviour
2026-03-19 16:00:00,EM-01,91.1,13.7,0.082,146,Low,Within baseline with monitored trend behaviour
2026-03-19 20:00:00,EM-01,94.8,11.7,0.054,150,Low,Within baseline with monitored trend behaviour
2026-03-20 00:00:00,EM-01,93.3,10.9,0.05,151,Low,Within baseline with monitored trend behaviour
2026-03-20 04:00:00,EM-01,93.0,11.6,0.036,147,Low,Within baseline with monitored trend behaviour
2026-03-20 08:00:00,EM-01,92.6,8.5,0.0,156,Low,Within baseline with monitored trend behaviour
2026-03-20 12:00:00,EM-01,88.1,14.8,0.087,143,Low,Within baseline with monitored trend behaviour
2026-03-20 16:00:00,EM-01,91.3,14.0,0.071,150,Low,Within baseline with monitored trend behaviour
2026-03-20 20:00:00,EM-01,87.0,19.1,0.119,140,Low,Within baseline with monitored trend behaviour
2026-03-21 00:00:00,EM-01,93.0,7.5,0.0,152,Low,Within baseline with monitored trend behaviour
2026-03-21 04:00:00,EM-01,93.9,8.1,0.0,153,Low,Within baseline with monitored trend behaviour
2026-03-21 08:00:00,EM-01,95.3,8.5,0.0,154,Low,Within baseline with monitored trend behaviour
2026-03-21 12:00:00,EM-01,92.3,8.1,0.014,153,Low,Within baseline with monitored trend behaviour
2026-03-21 16:00:00,EM-01,98.8,3.9,0.0,161,Low,Within baseline with monitored trend behaviour
2026-03-21 20:00:00,EM-01,93.7,11.5,0.0,151,Low,Within baseline with monitored trend behaviour
2026-03-22 00:00:00,EM-01,94.3,7.2,0.003,161,Low,Within baseline with monitored trend behaviour
2026-03-22 04:00:00,EM-01,91.6,9.0,0.0,151,Low,Within baseline with monitored trend behaviour
2026-03-22 08:00:00,EM-01,93.9,10.8,0.0,151,Low,Within baseline with monitored trend behaviour
2026-03-22 12:00:00,EM-01,87.0,15.4,0.06,140,Low,Within baseline with monitored trend behaviour
2026-03-22 16:00:00,EM-01,93.6,7.8,0.0,157,Low,Within baseline with monitored trend behaviour
2026-03-22 20:00:00,EM-01,93.8,9.6,0.0,147,Low,Within baseline with monitored trend behaviour
2026-03-23 00:00:00,EM-01,92.2,11.5,0.0,142,Low,Within baseline with monitored trend behaviour
2026-03-23 04:00:00,EM-01,94.8,5.6,0.0,164,Low,Within baseline with monitored trend behaviour
2026-03-23 08:00:00,EM-01,93.9,6.3,0.0,161,Low,Within baseline with monitored trend behaviour
2026-03-23 12:00:00,EM-01,92.1,9.8,0.0,153,Low,Within baseline with monitored trend behaviour
2026-03-23 16:00:00,EM-01,95.5,7.5,0.0,153,Low,Within baseline with monitored trend behaviour
2026-03-23 20:00:00,EM-01,93.5,9.1,0.0,149,Low,Within baseline with monitored trend behaviour
2026-03-24 00:00:00,EM-01,91.1,12.5,0.033,150,Low,Within baseline with monitored trend behaviour
2026-03-24 04:00:00,EM-01,93.4,9.0,0.0,157,Low,Within baseline with monitored trend behaviour
2026-03-24 08:00:00,EM-01,92.4,11.5,0.038,147,Low,Within baseline with monitored trend behaviour
2026-03-24 12:00:00,EM-01,94.2,8.4,0.017,149,Low,Within baseline with monitored trend behaviour
2026-03-24 16:00:00,EM-01,94.3,8.3,0.0,149,Low,Within baseline with monitored trend behaviour
2026-03-24 20:00:00,EM-01,88.4,19.1,0.109,142,Low,Within baseline with monitored trend behaviour
2026-03-25 00:00:00,EM-01,88.1,16.8,0.118,138,Low,Within baseline with monitored trend behaviour
2026-03-25 04:00:00,EM-01,92.9,9.5,0.0,152,Low,Within baseline with monitored trend behaviour
2026-03-25 08:00:00,EM-01,86.6,16.4,0.098,140,Low,Within baseline with monitored trend behaviour
2026-03-25 12:00:00,EM-01,89.6,22.5,0.162,124,Low,Within baseline with monitored trend behaviour
2026-03-25 16:00:00,EM-01,86.2,17.9,0.143,133,Low,Within baseline with monitored trend behaviour
2026-03-25 20:00:00,EM-01,75.8,33.5,0.277,113,Medium,Within baseline with monitored trend behaviour
2026-03-26 00:00:00,EM-01,85.4,19.1,0.126,139,Low,Within baseline with monitored trend behaviour
2026-03-26 04:00:00,EM-01,93.8,11.5,0.059,148,Low,Within baseline with monitored trend behaviour
2026-03-26 08:00:00,EM-01,82.3,25.9,0.194,116,Medium,Within baseline with monitored trend behaviour
2026-03-26 12:00:00,EM-01,90.7,16.3,0.138,139,Low,Within baseline with monitored trend behaviour
2026-03-26 16:00:00,EM-01,89.1,14.1,0.123,142,Low,Within baseline with monitored trend behaviour
2026-03-26 20:00:00,EM-01,82.7,22.3,0.15,130,Low,Within baseline with monitored trend behaviour
2026-03-27 00:00:00,EM-01,89.4,13.8,0.046,141,Low,Within baseline with monitored trend behaviour
2026-03-27 04:00:00,EM-01,82.1,26.6,0.228,124,Medium,Within baseline with monitored trend behaviour
2026-03-27 08:00:00,EM-01,85.8,18.6,0.12,129,Low,Within baseline with monitored trend behaviour
2026-03-27 12:00:00,EM-01,90.8,10.7,0.012,146,Low,Within baseline with monitored trend behaviour
2026-03-27 16:00:00,EM-01,93.5,11.1,0.033,148,Low,Within baseline with monitored trend behaviour
2026-03-27 20:00:00,EM-01,90.8,15.9,0.114,139,Low,Within baseline with monitored trend behaviour
2026-03-28 00:00:00,EM-01,92.2,7.5,0.0,154,Low,Within baseline with monitored trend behaviour
2026-03-28 04:00:00,EM-01,84.9,17.9,0.09,135,Low,Within baseline with monitored trend behaviour
2026-03-28 08:00:00,EM-01,92.6,11.4,0.045,149,Low,Within baseline with monitored trend behaviour
2026-03-28 12:00:00,EM-01,93.2,8.1,0.0,158,Low,Within baseline with monitored trend behaviour
2026-03-28 16:00:00,EM-01,99.0,3.8,0.0,167,Low,Within baseline with monitored trend behaviour
2026-03-28 20:00:00,EM-01,92.3,9.5,0.0,151,Low,Within baseline with monitored trend behaviour
2026-03-29 00:00:00,EM-01,94.5,5.7,0.0,158,Low,Within baseline with monitored trend behaviour
2026-03-29 04:00:00,EM-01,94.0,9.2,0.0,146,Low,Within baseline with monitored trend behaviour
2026-03-29 08:00:00,EM-01,91.7,12.7,0.0,145,Low,Within baseline with monitored trend behaviour
2026-03-29 12:00:00,EM-01,93.2,8.2,0.0,149,Low,Within baseline with monitored trend behaviour
2026-03-29 16:00:00,EM-01,87.1,16.1,0.04,137,Low,Within baseline with monitored trend behaviour
2026-03-29 20:00:00,EM-01,93.6,7.3,0.0,154,Low,Within baseline with monitored trend behaviour
2026-03-30 00:00:00,EM-01,94.7,7.1,0.0,152,Low,Within baseline with monitored trend behaviour
2026-03-30 04:00:00,EM-01,91.1,9.1,0.02,149,Low,Within baseline with monitored trend behaviour
2026-03-30 08:00:00,EM-01,91.6,11.0,0.042,147,Low,Within baseline with monitored trend behaviour
2026-03-30 12:00:00,EM-01,92.1,9.8,0.0,154,Low,Within baseline with monitored trend behaviour
2026-03-30 16:00:00,EM-01,90.4,12.0,0.0,148,Low,Within baseline with monitored trend behaviour
2026-03-30 20:00:00,EM-01,91.9,11.4,0.037,141,Low,Within baseline with monitored trend behaviour
2026-03-31 00:00:00,EM-01,92.4,9.8,0.0,154,Low,Within baseline with monitored trend behaviour
2026-03-31 04:00:00,EM-01,96.0,8.0,0.0,154,Low,Within baseline with monitored trend behaviour
2026-03-31 08:00:00,EM-01,94.1,9.5,0.0,149,Low,Within baseline with monitored trend behaviour
2026-03-31 12:00:00,EM-01,87.8,17.9,0.136,140,Low,Within baseline with monitored trend behaviour
2026-03-31 16:00:00,EM-01,93.8,10.2,0.028,146,Low,Within baseline with monitored trend behaviour
2026-03-31 20:00:00,EM-01,95.6,8.5,0.0,152,Low,Within baseline with monitored trend behaviour
2026-04-01 00:00:00,EM-01,91.6,13.6,0.074,150,Low,Within baseline with monitored trend behaviour
2026-04-01 04:00:00,EM-01,84.2,18.7,0.122,132,Low,Within baseline with monitored trend behaviour
2026-04-01 08:00:00,EM-01,91.6,10.6,0.008,148,Low,Within baseline with monitored trend behaviour
2026-04-01 12:00:00,EM-01,86.9,20.0,0.167,136,Low,Within baseline with monitored trend behaviour
2026-04-01 16:00:00,EM-01,89.9,15.9,0.117,143,Low,Within baseline with monitored trend behaviour
2026-04-01 20:00:00,EM-01,80.7,27.3,0.232,137,Medium,Within baseline with monitored trend behaviour
2026-04-02 00:00:00,EM-01,90.9,12.0,0.087,146,Low,Within baseline with monitored trend behaviour
2026-04-02 04:00:00,EM-01,80.2,26.9,0.21,127,Medium,Within baseline with monitored trend behaviour
2026-04-02 08:00:00,EM-01,80.5,28.0,0.271,124,Medium,Within baseline with monitored trend behaviour
2026-04-02 12:00:00,EM-01,82.2,26.4,0.252,129,Medium,Within baseline with monitored trend behaviour
2026-04-02 16:00:00,EM-01,85.0,18.9,0.141,134,Low,Within baseline with monitored trend behaviour
2026-04-02 20:00:00,EM-01,79.3,30.8,0.294,113,Medium,Within baseline with monitored trend behaviour
2026-04-03 00:00:00,EM-01,93.2,10.7,0.018,150,Low,Within baseline with monitored trend behaviour
2026-04-03 04:00:00,EM-01,76.6,33.1,0.291,111,Medium,Within baseline with monitored trend behaviour
2026-04-03 08:00:00,EM-01,86.6,18.7,0.138,133,Low,Within baseline with monitored trend behaviour
2026-04-03 12:00:00,EM-01,89.6,14.7,0.123,142,Low,Within baseline with monitored trend behaviour
2026-04-03 16:00:00,EM-01,85.9,19.7,0.151,130,Low,Within baseline with monitored trend behaviour
2026-04-03 20:00:00,EM-01,92.3,10.1,0.089,143,Low,Within baseline with monitored trend behaviour
2026-04-04 00:00:00,EM-01,84.6,19.2,0.134,134,Low,Within baseline with monitored trend behaviour
2026-04-04 04:00:00,EM-01,83.4,21.6,0.181,135,Low,Within baseline with monitored trend behaviour
2026-04-04 08:00:00,EM-01,90.6,8.1,0.031,146,Low,Within baseline with monitored trend behaviour
2026-04-04 12:00:00,EM-01,91.6,11.1,0.0,151,Low,Within baseline with monitored trend behaviour
2026-04-04 16:00:00,EM-01,92.9,12.4,0.057,141,Low,Within baseline with monitored trend behaviour
2026-04-04 20:00:00,EM-01,94.4,9.5,0.012,144,Low,Within baseline with monitored trend behaviour
2026-04-05 00:00:00,EM-01,95.2,6.1,0.003,156,Low,Within baseline with monitored trend behaviour
2026-04-05 04:00:00,EM-01,97.1,6.4,0.0,158,Low,Within baseline with monitored trend behaviour
2026-04-05 08:00:00,EM-01,95.0,7.9,0.0,154,Low,Within baseline with monitored trend behaviour
2026-04-05 12:00:00,EM-01,92.7,11.2,0.02,144,Low,Within baseline with monitored trend behaviour
2026-04-05 16:00:00,EM-01,96.9,4.7,0.0,161,Low,Within baseline with monitored trend behaviour
2026-04-05 20:00:00,EM-01,92.8,10.7,0.0,145,Low,Within baseline with monitored trend behaviour
2026-04-06 00:00:00,EM-01,91.3,9.8,0.0,146,Low,Within baseline with monitored trend behaviour
2026-04-06 04:00:00,EM-01,97.8,5.1,0.0,149,Low,Within baseline with monitored trend behaviour
2026-04-06 08:00:00,EM-01,97.1,8.8,0.0,152,Low,Within baseline with monitored trend behaviour
2026-04-06 12:00:00,EM-01,95.0,6.1,0.0,148,Low,Within baseline with monitored trend behaviour
2026-04-06 16:00:00,EM-01,94.5,6.2,0.0,151,Low,Within baseline with monitored trend behaviour
2026-04-06 20:00:00,EM-01,89.9,8.3,0.0,146,Low,Within baseline with monitored trend behaviour
2026-04-07 00:00:00,EM-01,96.6,9.1,0.0,151,Low,Within baseline with monitored trend behaviour
2026-04-07 04:00:00,EM-01,96.7,6.3,0.0,158,Low,Within baseline with monitored trend behaviour
2026-04-07 08:00:00,EM-01,94.0,6.5,0.0,160,Low,Within baseline with monitored trend behaviour
2026-04-07 12:00:00,EM-01,98.4,5.8,0.0,157,Low,Within baseline with monitored trend behaviour
2026-04-07 16:00:00,EM-01,93.9,10.6,0.0,151,Low,Within baseline with monitored trend behaviour
2026-04-07 20:00:00,EM-01,93.4,10.6,0.063,152,Low,Within baseline with monitored trend behaviour
2026-04-08 00:00:00,EM-01,90.1,9.7,0.027,143,Low,Within baseline with monitored trend behaviour
2026-04-08 04:00:00,EM-01,95.9,4.8,0.0,150,Low,Within baseline with monitored trend behaviour
2026-04-08 08:00:00,EM-01,98.2,6.7,0.0,156,Low,Within baseline with monitored trend behaviour
2026-04-08 12:00:00,EM-01,94.4,10.2,0.012,142,Low,Within baseline with monitored trend behaviour
2026-04-08 16:00:00,EM-01,94.0,8.5,0.031,147,Low,Within baseline with monitored trend behaviour
2026-04-08 20:00:00,EM-01,94.1,9.5,0.029,152,Low,Within baseline with monitored trend behaviour
2026-04-09 00:00:00,EM-01,87.8,19.3,0.132,123,Low,Within baseline with monitored trend behaviour
2026-04-09 04:00:00,EM-01,86.7,20.2,0.105,130,Low,Within baseline with monitored trend behaviour
2026-04-09 08:00:00,EM-01,93.6,8.5,0.045,147,Low,Within baseline with monitored trend behaviour
2026-04-09 12:00:00,EM-01,81.3,27.3,0.217,118,Medium,Within baseline with monitored trend behaviour
2026-04-09 16:00:00,EM-01,86.6,18.1,0.165,139,Low,Within baseline with monitored trend behaviour
2026-04-09 20:00:00,EM-01,77.5,28.3,0.247,117,Medium,Within baseline with monitored trend behaviour
2026-04-10 00:00:00,EM-01,84.8,20.8,0.139,130,Low,Within baseline with monitored trend behaviour
2026-04-10 04:00:00,EM-01,76.8,30.0,0.233,121,Medium,Within baseline with monitored trend behaviour
2026-04-10 08:00:00,EM-01,86.1,18.6,0.147,135,Low,Within baseline with monitored trend behaviour
2026-04-10 12:00:00,EM-01,81.4,27.1,0.236,120,Medium,Within baseline with monitored trend behaviour
2026-04-10 16:00:00,EM-01,81.4,26.1,0.215,120,Medium,Within baseline with monitored trend behaviour
2026-04-10 20:00:00,EM-01,83.1,24.9,0.248,126,Low,Within baseline with monitored trend behaviour
2026-04-11 00:00:00,EM-01,86.0,16.4,0.125,135,Low,Within baseline with monitored trend behaviour
2026-04-11 04:00:00,EM-01,90.4,15.3,0.144,139,Low,Within baseline with monitored trend behaviour
2026-04-11 08:00:00,EM-01,87.1,17.1,0.11,143,Low,Within baseline with monitored trend behaviour
2026-04-11 12:00:00,EM-01,83.7,21.9,0.16,127,Low,Within baseline with monitored trend behaviour
2026-04-11 16:00:00,EM-01,89.1,14.9,0.104,141,Low,Within baseline with monitored trend behaviour
2026-04-11 20:00:00,EM-01,84.0,21.7,0.167,135,Low,Within baseline with monitored trend behaviour
2026-04-12 00:00:00,EM-01,94.9,5.9,0.024,156,Low,Within baseline with monitored trend behaviour
2026-04-12 04:00:00,EM-01,91.9,11.7,0.011,151,Low,Within baseline with monitored trend behaviour
2026-04-12 08:00:00,EM-01,91.2,11.4,0.0,142,Low,Within baseline with monitored trend behaviour
2026-04-12 12:00:00,EM-01,92.1,8.0,0.022,145,Low,Within baseline with monitored trend behaviour
2026-04-12 16:00:00,EM-01,92.5,8.0,0.024,154,Low,Within baseline with monitored trend behaviour
2026-04-12 20:00:00,EM-01,91.9,8.3,0.015,148,Low,Within baseline with monitored trend behaviour
2026-04-13 00:00:00,EM-01,93.2,9.0,0.006,148,Low,Within baseline with monitored trend behaviour
2026-04-13 04:00:00,EM-01,98.2,4.3,0.0,154,Low,Within baseline with monitored trend behaviour
2026-04-13 08:00:00,EM-01,95.9,5.4,0.0,152,Low,Within baseline with monitored trend behaviour
2026-04-13 12:00:00,EM-01,97.9,8.2,0.0,147,Low,Within baseline with monitored trend behaviour
2026-04-13 16:00:00,EM-01,88.2,15.7,0.079,137,Low,Within baseline with monitored trend behaviour
2026-04-13 20:00:00,EM-01,92.7,10.5,0.0,153,Low,Within baseline with monitored trend behaviour
2026-04-14 00:00:00,EM-01,96.4,7.9,0.0,149,Low,Within baseline with monitored trend behaviour
2026-04-14 04:00:00,EM-01,95.9,6.6,0.0,153,Low,Within baseline with monitored trend behaviour
2026-04-14 08:00:00,EM-01,96.5,5.3,0.0,151,Low,Within baseline with monitored trend behaviour
2026-04-14 12:00:00,EM-01,90.0,12.6,0.037,141,Low,Within baseline with monitored trend behaviour
2026-04-14 16:00:00,EM-01,97.2,6.0,0.0,155,Low,Within baseline with monitored trend behaviour
2026-04-14 20:00:00,EM-01,92.9,12.6,0.0,141,Low,Within baseline with monitored trend behaviour
2026-04-15 00:00:00,EM-01,95.5,4.9,0.0,154,Low,Within baseline with monitored trend behaviour
2026-04-15 04:00:00,EM-01,95.6,4.4,0.0,159,Low,Within baseline with monitored trend behaviour
2026-04-15 08:00:00,EM-01,94.2,6.3,0.0,154,Low,Within baseline with monitored trend behaviour
2026-04-15 12:00:00,EM-01,95.0,6.9,0.0,153,Low,Within baseline with monitored trend behaviour
2026-04-15 16:00:00,EM-01,96.3,6.8,0.0,154,Low,Within baseline with monitored trend behaviour
2026-04-15 20:00:00,EM-01,93.2,12.6,0.051,146,Low,Within baseline with monitored trend behaviour
2026-04-16 00:00:00,EM-01,93.5,7.5,0.0,151,Low,Within baseline with monitored trend behaviour
2026-04-16 04:00:00,EM-01,86.5,18.6,0.137,131,Low,Within baseline with monitored trend behaviour
2026-04-16 08:00:00,EM-01,92.1,14.2,0.079,143,Low,Within baseline with monitored trend behaviour
2026-04-16 12:00:00,EM-01,88.7,18.3,0.128,136,Low,Within baseline with monitored trend behaviour
2026-04-16 16:00:00,EM-01,92.3,10.6,0.041,149,Low,Within baseline with monitored trend behaviour
2026-04-16 20:00:00,EM-01,90.6,13.9,0.07,135,Low,Within baseline with monitored trend behaviour
2026-04-17 00:00:00,EM-01,88.0,16.5,0.123,141,Low,Within baseline with monitored trend behaviour
2026-04-17 04:00:00,EM-01,84.0,20.4,0.11,128,Low,Within baseline with monitored trend behaviour
2026-04-17 08:00:00,EM-01,87.8,21.4,0.161,125,Low,Within baseline with monitored trend behaviour
2026-04-17 12:00:00,EM-01,83.9,22.8,0.24,121,Low,Within baseline with monitored trend behaviour
2026-04-17 16:00:00,EM-01,88.5,17.6,0.108,134,Low,Within baseline with monitored trend behaviour
2026-04-17 20:00:00,EM-01,85.9,18.1,0.141,134,Low,Within baseline with monitored trend behaviour
2026-04-18 00:00:00,EM-01,83.8,21.6,0.208,125,Low,Within baseline with monitored trend behaviour
2026-04-18 04:00:00,EM-01,88.7,16.4,0.1,142,Low,Within baseline with monitored trend behaviour
2026-04-18 08:00:00,EM-01,85.4,19.6,0.173,135,Low,Within baseline with monitored trend behaviour
2026-04-18 12:00:00,EM-01,81.4,24.5,0.199,118,Low,Within baseline with monitored trend behaviour
2026-04-18 16:00:00,EM-01,85.4,16.9,0.067,130,Low,Within baseline with monitored trend behaviour
2026-04-18 20:00:00,EM-01,88.6,17.8,0.121,130,Low,Within baseline with monitored trend behaviour
2026-04-19 00:00:00,EM-01,82.5,22.3,0.165,130,Low,Within baseline with monitored trend behaviour
2026-04-19 04:00:00,EM-01,87.8,15.0,0.07,142,Low,Within baseline with monitored trend behaviour
2026-04-19 08:00:00,EM-01,91.1,7.3,0.016,150,Low,Within baseline with monitored trend behaviour
2026-04-19 12:00:00,EM-01,92.8,11.5,0.035,148,Low,Within baseline with monitored trend behaviour
2026-04-19 16:00:00,EM-01,85.2,20.5,0.187,128,Low,Within baseline with monitored trend behaviour
2026-04-19 20:00:00,EM-01,97.7,8.0,0.0,148,Low,Within baseline with monitored trend behaviour
2026-04-20 00:00:00,EM-01,95.3,6.0,0.0,155,Low,Within baseline with monitored trend behaviour
2026-04-20 04:00:00,EM-01,90.9,14.8,0.074,146,Low,Within baseline with monitored trend behaviour
2026-04-20 08:00:00,EM-01,90.4,11.6,0.0,146,Low,Within baseline with monitored trend behaviour
2026-04-20 12:00:00,EM-01,98.4,4.5,0.0,148,Low,Within baseline with monitored trend behaviour
2026-04-20 16:00:00,EM-01,96.2,4.9,0.0,157,Low,Within baseline with monitored trend behaviour
2026-04-20 20:00:00,EM-01,94.8,6.1,0.0,148,Low,Within baseline with monitored trend behaviour
2026-04-21 00:00:00,EM-01,95.4,8.3,0.0,148,Low,Within baseline with monitored trend behaviour
2026-04-21 04:00:00,EM-01,97.4,6.8,0.0,155,Low,Within baseline with monitored trend behaviour
2026-04-21 08:00:00,EM-01,94.0,6.4,0.0,150,Low,Within baseline with monitored trend behaviour
2026-04-21 12:00:00,EM-01,88.9,10.0,0.0,151,Low,Within baseline with monitored trend behaviour
2026-04-21 16:00:00,EM-01,92.9,7.3,0.0,150,Low,Within baseline with monitored trend behaviour
2026-04-21 20:00:00,EM-01,94.1,10.1,0.019,150,Low,Within baseline with monitored trend behaviour
2026-04-22 00:00:00,EM-01,94.5,8.7,0.0,148,Low,Within baseline with monitored trend behaviour
2026-04-22 04:00:00,EM-01,92.4,9.3,0.0,145,Low,Within baseline with monitored trend behaviour
2026-04-22 08:00:00,EM-01,98.7,5.2,0.005,150,Low,Within baseline with monitored trend behaviour
2026-04-22 12:00:00,EM-01,94.1,10.8,0.008,138,Low,Within baseline with monitored trend behaviour
2026-04-22 16:00:00,EM-01,94.9,8.5,0.003,146,Low,Within baseline with monitored trend behaviour
2026-04-22 20:00:00,EM-01,98.4,5.3,0.001,155,Low,Within baseline with monitored trend behaviour
2026-04-23 00:00:00,EM-01,89.6,12.3,0.054,138,Low,Within baseline with monitored trend behaviour
2026-04-23 04:00:00,EM-01,92.7,9.2,0.011,147,Low,Within baseline with monitored trend behaviour
2026-04-23 08:00:00,EM-01,93.0,8.7,0.0,154,Low,Within baseline with monitored trend behaviour
2026-04-23 12:00:00,EM-01,92.8,8.0,0.019,150,Low,Within baseline with monitored trend behaviour
2026-04-23 16:00:00,EM-01,85.1,18.6,0.123,131,Low,Within baseline with monitored trend behaviour
2026-04-23 20:00:00,EM-01,94.4,6.6,0.022,154,Low,Within baseline with monitored trend behaviour
2026-04-24 00:00:00,EM-01,89.1,12.8,0.095,137,Low,Within baseline with monitored trend behaviour
2026-04-24 04:00:00,EM-01,94.1,10.3,0.0,136,Low,Within baseline with monitored trend behaviour
2026-04-24 08:00:00,EM-01,95.4,6.5,0.027,144,Low,Within baseline with monitored trend behaviour
2026-04-24 12:00:00,EM-01,80.9,21.9,0.148,124,Low,Within baseline with monitored trend behaviour
2026-04-24 16:00:00,EM-01,90.4,16.3,0.102,135,Low,Within baseline with monitored trend behaviour
2026-04-24 20:00:00,EM-01,90.0,14.3,0.073,142,Low,Within baseline with monitored trend behaviour
2026-04-25 00:00:00,EM-01,72.2,40.2,0.404,101,Medium,Within baseline with monitored trend behaviour
2026-04-25 04:00:00,EM-01,80.5,22.5,0.158,119,Low,Within baseline with monitored trend behaviour
2026-04-25 08:00:00,EM-01,84.8,25.2,0.203,123,Medium,Within baseline with monitored trend behaviour
2026-04-25 12:00:00,EM-01,86.1,21.3,0.177,133,Low,Within baseline with monitored trend behaviour
2026-04-25 16:00:00,EM-01,93.0,9.7,0.004,146,Low,Within baseline with monitored trend behaviour
2026-04-25 20:00:00,EM-01,90.2,16.4,0.101,137,Low,Within baseline with monitored trend behaviour
2026-04-26 00:00:00,EM-01,89.4,16.7,0.101,134,Low,Within baseline with monitored trend behaviour
2026-04-26 04:00:00,EM-01,91.3,16.2,0.099,133,Low,Within baseline with monitored trend behaviour
2026-04-26 08:00:00,EM-01,87.5,15.5,0.111,137,Low,Within baseline with monitored trend behaviour
2026-04-26 12:00:00,EM-01,85.4,16.3,0.096,139,Low,Within baseline with monitored trend behaviour
2026-04-26 16:00:00,EM-01,88.0,17.6,0.151,133,Low,Within baseline with monitored trend behaviour
2026-04-26 20:00:00,EM-01,89.1,10.2,0.101,140,Low,Within baseline with monitored trend behaviour
2026-04-27 00:00:00,EM-01,88.4,12.2,0.023,146,Low,Within baseline with monitored trend behaviour
2026-04-27 04:00:00,EM-01,85.7,15.4,0.14,137,Low,Within baseline with monitored trend behaviour
2026-04-27 08:00:00,EM-01,89.7,10.7,0.035,139,Low,Within baseline with monitored trend behaviour
2026-04-27 12:00:00,EM-01,92.9,9.0,0.006,149,Low,Within baseline with monitored trend behaviour
2026-04-27 16:00:00,EM-01,96.2,7.3,0.0,144,Low,Within baseline with monitored trend behaviour
2026-04-27 20:00:00,EM-01,91.2,9.6,0.005,146,Low,Within baseline with monitored trend behaviour
2026-04-28 00:00:00,EM-01,91.2,10.1,0.01,146,Low,Within baseline with monitored trend behaviour
2026-04-28 04:00:00,EM-01,91.9,12.3,0.04,138,Low,Within baseline with monitored trend behaviour
2026-04-28 08:00:00,EM-01,96.2,8.8,0.02,143,Low,Within baseline with monitored trend behaviour
2026-04-28 12:00:00,EM-01,92.3,10.2,0.025,145,Low,Within baseline with monitored trend behaviour
2026-04-28 16:00:00,EM-01,89.6,13.1,0.03,141,Low,Within baseline with monitored trend behaviour
2026-04-28 20:00:00,EM-01,90.3,12.7,0.042,137,Low,Within baseline with monitored trend behaviour
2026-04-29 00:00:00,EM-01,91.0,12.6,0.056,134,Low,Within baseline with monitored trend behaviour
2026-04-29 04:00:00,EM-01,82.1,26.4,0.256,117,Medium,Within baseline with monitored trend behaviour
2026-04-29 08:00:00,EM-01,85.5,17.9,0.116,132,Low,Within baseline with monitored trend behaviour
2026-04-29 12:00:00,EM-01,91.4,12.5,0.055,139,Low,Within baseline with monitored trend behaviour
2026-04-29 16:00:00,EM-01,89.8,18.2,0.126,133,Low,Within baseline with monitored trend behaviour
2026-04-29 20:00:00,EM-01,87.4,17.1,0.079,123,Low,Within baseline with monitored trend behaviour
2026-04-30 00:00:00,EM-01,91.5,15.9,0.082,136,Low,Within baseline with monitored trend behaviour
2026-04-30 04:00:00,EM-01,78.8,29.7,0.292,118,Medium,Within baseline with monitored trend behaviour
2026-04-30 08:00:00,EM-01,77.3,30.1,0.279,109,Medium,Within baseline with monitored trend behaviour
2026-04-30 12:00:00,EM-01,81.1,32.8,0.3,104,Medium,Within baseline with monitored trend behaviour
2026-04-30 16:00:00,EM-01,84.9,22.4,0.169,120,Low,Within baseline with monitored trend behaviour
2026-04-30 20:00:00,EM-01,83.5,27.2,0.226,121,Medium,Within baseline with monitored trend behaviour
2026-05-01 00:00:00,EM-01,68.0,41.6,0.441,97,Medium,Within baseline with monitored trend behaviour
2026-05-01 04:00:00,EM-01,73.2,38.5,0.395,99,Medium,Within baseline with monitored trend behaviour
2026-05-01 08:00:00,EM-01,76.1,33.3,0.348,113,Medium,Within baseline with monitored trend behaviour
2026-05-01 12:00:00,EM-01,57.1,59.0,0.633,63,High,Within baseline with monitored trend behaviour
2026-05-01 16:00:00,EM-01,71.4,39.0,0.405,99,Medium,Within baseline with monitored trend behaviour
2026-05-01 20:00:00,EM-01,50.0,68.9,0.73,53,High,Within baseline with monitored trend behaviour
2026-05-02 00:00:00,EM-01,52.5,67.0,0.736,61,High,Within baseline with monitored trend behaviour
2026-05-02 04:00:00,EM-01,61.7,51.8,0.575,78,High,Within baseline with monitored trend behaviour
2026-05-02 08:00:00,EM-01,54.4,63.5,0.735,62,High,Within baseline with monitored trend behaviour
2026-05-02 12:00:00,EM-01,56.6,61.4,0.694,66,High,Within baseline with monitored trend behaviour
2026-05-02 16:00:00,EM-01,48.1,73.3,0.856,41,Critical,Within baseline with monitored trend behaviour
2026-05-02 20:00:00,EM-01,66.7,49.2,0.552,82,High,Within baseline with monitored trend behaviour
2026-05-03 00:00:00,EM-01,62.3,55.9,0.619,73,High,Within baseline with monitored trend behaviour
2026-05-03 04:00:00,EM-01,55.6,59.8,0.671,68,High,Within baseline with monitored trend behaviour
2026-05-03 08:00:00,EM-01,49.5,70.0,0.758,56,Critical,Within baseline with monitored trend behaviour
2026-05-03 12:00:00,EM-01,46.3,73.0,0.837,44,Critical,Within baseline with monitored trend behaviour
2026-05-03 16:00:00,EM-01,59.9,58.6,0.668,73,High,Within baseline with monitored trend behaviour
2026-05-03 20:00:00,EM-01,54.6,58.2,0.633,75,High,Within baseline with monitored trend behaviour
2026-05-04 00:00:00,EM-01,51.4,66.3,0.757,55,High,Within baseline with monitored trend behaviour
2026-05-04 04:00:00,EM-01,48.5,72.4,0.824,51,Critical,Within baseline with monitored trend behaviour
2026-05-04 08:00:00,EM-01,53.3,65.0,0.717,57,High,Within baseline with monitored trend behaviour
2026-05-04 12:00:00,EM-01,58.5,58.4,0.668,71,High,Within baseline with monitored trend behaviour
2026-05-04 16:00:00,EM-01,58.4,55.6,0.63,76,High,Within baseline with monitored trend behaviour
2026-05-04 20:00:00,EM-01,47.8,70.1,0.807,46,Critical,Within baseline with monitored trend behaviour
2026-05-05 00:00:00,EM-01,58.6,60.7,0.663,69,High,Within baseline with monitored trend behaviour
2026-05-05 04:00:00,EM-01,63.5,50.4,0.592,84,High,Within baseline with monitored trend behaviour
2026-05-05 08:00:00,EM-01,56.2,64.2,0.758,52,High,Within baseline with monitored trend behaviour
2026-05-05 12:00:00,EM-01,54.4,62.6,0.685,63,High,Within baseline with monitored trend behaviour
2026-05-05 16:00:00,EM-01,47.6,71.0,0.805,51,Critical,Within baseline with monitored trend behaviour
2026-05-05 20:00:00,EM-01,56.0,62.3,0.703,59,High,Within baseline with monitored trend behaviour
2026-05-06 00:00:00,EM-01,60.3,56.3,0.625,69,High,Within baseline with monitored trend behaviour
2026-05-06 04:00:00,EM-01,52.9,66.1,0.714,64,High,Within baseline with monitored trend behaviour
2026-05-06 08:00:00,EM-01,48.3,72.4,0.83,46,Critical,Within baseline with monitored trend behaviour
2026-05-06 12:00:00,EM-01,54.8,64.0,0.717,66,High,Within baseline with monitored trend behaviour
2026-05-06 16:00:00,EM-01,63.0,53.0,0.54,72,High,Within baseline with monitored trend behaviour
2026-05-06 20:00:00,EM-01,50.6,69.9,0.803,47,High,Within baseline with monitored trend behaviour
2026-05-07 00:00:00,EM-01,50.8,68.7,0.779,59,High,Within baseline with monitored trend behaviour
2026-05-07 04:00:00,EM-01,48.2,68.6,0.781,55,High,Within baseline with monitored trend behaviour
2026-05-07 08:00:00,EM-01,53.6,69.1,0.757,50,High,Within baseline with monitored trend behaviour
2026-05-07 12:00:00,EM-01,49.3,71.2,0.846,50,Critical,Within baseline with monitored trend behaviour
2026-05-07 16:00:00,EM-01,36.6,87.2,1.0,25,Critical,Within baseline with monitored trend behaviour
2026-05-07 20:00:00,EM-01,45.7,74.3,0.847,39,Critical,Within baseline with monitored trend behaviour
2026-05-08 00:00:00,EM-01,38.4,85.4,1.0,29,Critical,Within baseline with monitored trend behaviour
2026-05-08 04:00:00,EM-01,37.4,85.9,1.0,27,Critical,Within baseline with monitored trend behaviour
2026-05-08 08:00:00,EM-01,37.1,85.9,1.0,27,Critical,Within baseline with monitored trend behaviour
2026-05-08 12:00:00,EM-01,37.0,87.3,1.0,29,Critical,Within baseline with monitored trend behaviour
2026-05-08 16:00:00,EM-01,37.1,88.5,1.0,20,Critical,Within baseline with monitored trend behaviour
2026-05-08 20:00:00,EM-01,38.9,82.4,1.0,34,Critical,Within baseline with monitored trend behaviour
2026-05-09 00:00:00,EM-01,40.0,84.2,1.0,24,Critical,Within baseline with monitored trend behaviour
2026-05-09 04:00:00,EM-01,37.6,85.6,1.0,29,Critical,Within baseline with monitored trend behaviour
2026-05-09 08:00:00,EM-01,34.3,87.8,1.0,27,Critical,Within baseline with monitored trend behaviour
2026-05-09 12:00:00,EM-01,40.1,85.5,1.0,31,Critical,Within baseline with monitored trend behaviour
2026-05-09 16:00:00,EM-01,41.3,84.9,1.0,19,Critical,Within baseline with monitored trend behaviour
2026-05-09 20:00:00,EM-01,38.9,83.9,1.0,24,Critical,Within baseline with monitored trend behaviour
2026-05-10 00:00:00,EM-01,41.7,83.1,1.0,27,Critical,Within baseline with monitored trend behaviour
2026-05-10 04:00:00,EM-01,39.0,86.2,1.0,29,Critical,Within baseline with monitored trend behaviour
2026-05-10 08:00:00,EM-01,34.5,89.1,1.0,26,Critical,Within baseline with monitored trend behaviour
2026-05-10 12:00:00,EM-01,38.1,86.3,1.0,23,Critical,Within baseline with monitored trend behaviour
2026-05-10 16:00:00,EM-01,40.0,86.6,1.0,26,Critical,energy_kwh trending high
2026-05-10 20:00:00,EM-01,35.2,88.2,1.0,19,Critical,energy_kwh trending high
2026-05-11 00:00:00,EM-01,38.7,86.2,1.0,26,Critical,Within baseline with monitored trend behaviour
2026-05-11 04:00:00,EM-01,34.5,89.6,1.0,21,Critical,energy_kwh trending high
2026-05-11 08:00:00,EM-01,36.7,87.0,1.0,23,Critical,Within baseline with monitored trend behaviour
2026-05-11 12:00:00,EM-01,39.5,84.7,1.0,21,Critical,energy_kwh trending high
2026-05-11 16:00:00,EM-01,35.3,89.4,1.0,16,Critical,energy_kwh trending high
2026-05-11 20:00:00,EM-01,40.1,82.5,1.0,29,Critical,energy_kwh trending high
2026-05-12 00:00:00,EM-01,37.3,86.6,1.0,35,Critical,Within baseline with monitored trend behaviour
2026-05-12 04:00:00,EM-01,40.8,83.5,1.0,30,Critical,energy_kwh trending high
2026-05-12 08:00:00,EM-01,39.5,83.3,1.0,38,Critical,Within baseline with monitored trend behaviour
2026-05-12 12:00:00,EM-01,41.9,85.0,1.0,25,Critical,Within baseline with monitored trend behaviour
2026-05-12 16:00:00,EM-01,37.5,86.1,1.0,20,Critical,Within baseline with monitored trend behaviour
2026-05-12 20:00:00,EM-01,38.9,83.6,1.0,31,Critical,Within baseline with monitored trend behaviour
2026-05-13 00:00:00,EM-01,36.7,87.1,1.0,30,Critical,Within baseline with monitored trend behaviour
2026-05-13 04:00:00,EM-01,40.0,84.3,1.0,22,Critical,Within baseline with monitored trend behaviour
2026-05-13 08:00:00,EM-01,38.4,86.6,1.0,22,Critical,Within baseline with monitored trend behaviour
2026-05-13 12:00:00,EM-01,37.3,86.1,1.0,28,Critical,Within baseline with monitored trend behaviour
2026-05-13 16:00:00,EM-01,37.5,87.7,1.0,24,Critical,Within baseline with monitored trend behaviour
2026-05-13 20:00:00,EM-01,36.7,87.1,1.0,24,Critical,Within baseline with monitored trend behaviour
2026-05-14 00:00:00,EM-01,36.7,87.5,1.0,24,Critical,Within baseline with monitored trend behaviour
2026-05-14 04:00:00,EM-01,38.2,83.4,1.0,28,Critical,Within baseline with monitored trend behaviour
2026-05-14 08:00:00,EM-01,40.2,85.4,1.0,24,Critical,Within baseline with monitored trend behaviour
2026-05-14 12:00:00,EM-01,36.4,88.3,1.0,22,Critical,Within baseline with monitored trend behaviour
2026-05-14 16:00:00,EM-01,38.5,85.2,1.0,22,Critical,Within baseline with monitored trend behaviour
2026-05-14 20:00:00,EM-01,41.0,83.9,1.0,31,Critical,Within baseline with monitored trend behaviour
2026-05-15 00:00:00,EM-01,38.4,87.9,1.0,22,Critical,Within baseline with monitored trend behaviour
2026-05-15 04:00:00,EM-01,37.7,85.1,1.0,18,Critical,Within baseline with monitored trend behaviour
2026-05-15 08:00:00,EM-01,37.5,87.1,1.0,24,Critical,Within baseline with monitored trend behaviour
2026-05-15 12:00:00,EM-01,39.3,87.2,1.0,21,Critical,Within baseline with monitored trend behaviour
2026-05-15 16:00:00,EM-01,36.6,87.0,1.0,15,Critical,energy_kwh trending high
2026-05-15 20:00:00,EM-01,40.5,85.6,1.0,24,Critical,Within baseline with monitored trend behaviour
2026-05-16 00:00:00,EM-01,39.9,84.2,1.0,30,Critical,energy_kwh trending high
2026-05-16 04:00:00,EM-01,39.4,87.0,1.0,18,Critical,energy_kwh trending high
2026-05-16 08:00:00,EM-01,33.0,88.8,1.0,11,Critical,Within baseline with monitored trend behaviour
2026-05-16 12:00:00,EM-01,40.9,83.1,1.0,22,Critical,Within baseline with monitored trend behaviour
2026-05-16 16:00:00,EM-01,38.4,84.7,1.0,29,Critical,energy_kwh trending high
2026-05-16 20:00:00,EM-01,37.6,88.6,1.0,14,Critical,Within baseline with monitored trend behaviour
2026-05-17 00:00:00,EM-01,37.3,86.4,1.0,22,Critical,Within baseline with monitored trend behaviour
2026-05-17 04:00:00,EM-01,37.5,85.9,1.0,21,Critical,Within baseline with monitored trend behaviour
2026-05-17 08:00:00,EM-01,37.7,85.1,1.0,29,Critical,energy_kwh trending high
2026-05-17 12:00:00,EM-01,39.7,85.9,1.0,28,Critical,energy_kwh trending high
2026-05-17 16:00:00,EM-01,34.2,88.8,1.0,20,Critical,energy_kwh trending high
2026-05-17 20:00:00,EM-01,42.6,83.5,1.0,30,Critical,energy_kwh trending high
2026-05-18 00:00:00,EM-01,38.3,85.1,1.0,28,Critical,energy_kwh trending high
2026-05-18 04:00:00,EM-01,36.6,85.3,1.0,26,Critical,energy_kwh trending high
2026-05-18 08:00:00,EM-01,36.2,88.5,1.0,22,Critical,energy_kwh trending high
2026-05-18 12:00:00,EM-01,39.1,84.8,1.0,26,Critical,energy_kwh trending high
2026-05-18 16:00:00,EM-01,37.2,85.3,1.0,21,Critical,Within baseline with monitored trend behaviour
2026-05-18 20:00:00,EM-01,38.4,84.6,1.0,25,Critical,energy_kwh trending high
2026-05-19 00:00:00,EM-01,38.1,86.3,1.0,22,Critical,energy_kwh trending high
2026-05-19 04:00:00,EM-01,36.8,86.0,1.0,24,Critical,Within baseline with monitored trend behaviour
2026-05-19 08:00:00,EM-01,38.8,82.9,1.0,24,Critical,energy_kwh trending high
2026-05-19 12:00:00,EM-01,39.3,84.9,1.0,26,Critical,Within baseline with monitored trend behaviour
2026-05-19 16:00:00,EM-01,38.9,86.5,1.0,23,Critical,Within baseline with monitored trend behaviour
2026-05-19 20:00:00,EM-01,39.6,84.0,1.0,22,Critical,Within baseline with monitored trend behaviour
2026-05-20 00:00:00,EM-01,39.2,85.3,1.0,23,Critical,Within baseline with monitored trend behaviour
2026-05-20 04:00:00,EM-01,37.2,87.3,1.0,15,Critical,Within baseline with monitored trend behaviour
2026-05-20 08:00:00,EM-01,39.6,85.2,1.0,26,Critical,Within baseline with monitored trend behaviour
2026-05-20 12:00:00,EM-01,38.9,83.9,1.0,27,Critical,energy_kwh trending high
2026-05-20 16:00:00,EM-01,38.3,85.0,1.0,26,Critical,Within baseline with monitored trend behaviour
2026-05-20 20:00:00,EM-01,35.9,89.7,1.0,20,Critical,Within baseline with monitored trend behaviour
2026-05-21 00:00:00,EM-01,37.5,84.2,1.0,22,Critical,Within baseline with monitored trend behaviour
2026-05-21 04:00:00,EM-01,38.7,85.6,1.0,25,Critical,Within baseline with monitored trend behaviour
2026-05-21 08:00:00,EM-01,38.7,87.8,1.0,12,Critical,Within baseline with monitored trend behaviour
2026-05-21 12:00:00,EM-01,42.0,84.0,1.0,27,Critical,Within baseline with monitored trend behaviour
2026-05-21 16:00:00,EM-01,34.9,85.8,1.0,18,Critical,Within baseline with monitored trend behaviour
2026-05-21 20:00:00,EM-01,36.1,87.8,1.0,22,Critical,Within baseline with monitored trend behaviour
2026-05-22 00:00:00,EM-01,41.9,85.2,1.0,24,Critical,Within baseline with monitored trend behaviour
2026-05-22 04:00:00,EM-01,41.1,83.0,1.0,28,Critical,Within baseline with monitored trend behaviour
2026-05-22 08:00:00,EM-01,39.3,84.8,1.0,29,Critical,Within baseline with monitored trend behaviour
2026-05-22 12:00:00,EM-01,37.0,85.5,1.0,24,Critical,Within baseline with monitored trend behaviour
2026-05-22 16:00:00,EM-01,39.5,84.7,1.0,30,Critical,Within baseline with monitored trend behaviour
2026-05-22 20:00:00,EM-01,37.0,83.7,1.0,35,Critical,Within baseline with monitored trend behaviour
2026-05-23 00:00:00,EM-01,36.0,86.3,1.0,18,Critical,Within baseline with monitored trend behaviour
2026-05-23 04:00:00,EM-01,39.2,85.1,1.0,14,Critical,energy_kwh trending high
2026-05-23 08:00:00,EM-01,36.0,87.4,1.0,26,Critical,oil_temperature_C trending high
2026-05-23 12:00:00,EM-01,38.9,86.8,1.0,20,Critical,energy_kwh trending high
2026-05-23 16:00:00,EM-01,39.8,86.5,1.0,18,Critical,energy_kwh trending high
2026-05-23 20:00:00,EM-01,38.2,86.9,1.0,26,Critical,Within baseline with monitored trend behaviour
2026-05-24 00:00:00,EM-01,37.7,84.7,1.0,29,Critical,Within baseline with monitored trend behaviour
2026-05-24 04:00:00,EM-01,37.1,85.5,1.0,21,Critical,energy_kwh trending high
2026-05-24 08:00:00,EM-01,40.0,83.2,1.0,15,Critical,Within baseline with monitored trend behaviour
2026-05-24 12:00:00,EM-01,35.4,86.5,1.0,27,Critical,energy_kwh trending high
2026-05-24 16:00:00,EM-01,37.9,84.6,1.0,25,Critical,energy_kwh trending high
2026-05-24 20:00:00,EM-01,37.6,86.8,1.0,15,Critical,energy_kwh trending high
2026-05-25 00:00:00,EM-01,37.8,86.2,1.0,21,Critical,Within baseline with monitored trend behaviour
2026-05-25 04:00:00,EM-01,36.1,87.2,1.0,16,Critical,Within baseline with monitored trend behaviour
2026-05-25 08:00:00,EM-01,34.3,87.2,1.0,21,Critical,energy_kwh trending high
2026-05-25 12:00:00,EM-01,41.9,83.6,1.0,20,Critical,energy_kwh trending high
2026-05-25 16:00:00,EM-01,43.6,83.1,1.0,32,Critical,energy_kwh trending high
2026-05-25 20:00:00,EM-01,37.4,84.4,1.0,21,Critical,energy_kwh trending high
2026-05-26 00:00:00,EM-01,38.0,86.7,1.0,19,Critical,energy_kwh trending high
2026-05-26 04:00:00,EM-01,34.4,89.4,1.0,9,Critical,energy_kwh trending high
2026-05-26 08:00:00,EM-01,35.6,91.3,1.0,13,Critical,Within baseline with monitored trend behaviour
2026-05-26 12:00:00,EM-01,38.0,86.4,1.0,15,Critical,Within baseline with monitored trend behaviour
2026-05-26 16:00:00,EM-01,38.8,86.0,1.0,24,Critical,energy_kwh trending high
2026-05-26 20:00:00,EM-01,41.8,81.2,1.0,31,Critical,energy_kwh trending high
2026-05-27 00:00:00,EM-01,36.3,85.9,1.0,27,Critical,Within baseline with monitored trend behaviour
2026-05-27 04:00:00,EM-01,37.8,85.9,1.0,21,Critical,Within baseline with monitored trend behaviour
2026-05-27 08:00:00,EM-01,43.1,83.1,1.0,31,Critical,energy_kwh trending high
2026-05-27 12:00:00,EM-01,36.2,84.6,1.0,26,Critical,Within baseline with monitored trend behaviour
2026-05-27 16:00:00,EM-01,37.1,87.5,1.0,18,Critical,Within baseline with monitored trend behaviour
2026-05-27 20:00:00,EM-01,41.4,82.7,1.0,20,Critical,Within baseline with monitored trend behaviour
2026-05-28 00:00:00,EM-01,38.8,86.6,1.0,20,Critical,Within baseline with monitored trend behaviour
2026-05-28 04:00:00,EM-01,34.7,85.5,1.0,19,Critical,Within baseline with monitored trend behaviour
2026-05-28 08:00:00,EM-01,36.3,85.0,1.0,28,Critical,Within baseline with monitored trend behaviour
2026-05-28 12:00:00,EM-01,38.5,84.4,1.0,31,Critical,Within baseline with monitored trend behaviour
2026-05-28 16:00:00,EM-01,39.2,88.0,1.0,24,Critical,Within baseline with monitored trend behaviour
2026-05-28 20:00:00,EM-01,35.9,87.4,1.0,14,Critical,Within baseline with monitored trend behaviour
2026-05-29 00:00:00,EM-01,36.1,87.6,1.0,10,Critical,Within baseline with monitored trend behaviour
2026-05-29 04:00:00,EM-01,37.8,86.9,1.0,15,Critical,Within baseline with monitored trend behaviour
2026-05-29 08:00:00,EM-01,34.8,88.8,1.0,26,Critical,Within baseline with monitored trend behaviour
2026-05-29 12:00:00,EM-01,37.7,88.6,1.0,15,Critical,Within baseline with monitored trend behaviour
2026-05-29 16:00:00,EM-01,38.2,86.3,1.0,20,Critical,Within baseline with monitored trend behaviour
2026-05-29 20:00:00,EM-01,40.7,86.0,1.0,19,Critical,Within baseline with monitored trend behaviour
2026-05-30 00:00:00,EM-01,36.6,86.9,1.0,14,Critical,Within baseline with monitored trend behaviour
2026-05-30 04:00:00,EM-01,37.2,88.1,1.0,22,Critical,Within baseline with monitored trend behaviour
2026-05-30 08:00:00,EM-01,38.5,84.1,1.0,26,Critical,Within baseline with monitored trend behaviour
2026-05-30 12:00:00,EM-01,38.8,87.5,1.0,18,Critical,Within baseline with monitored trend behaviour
2026-05-30 16:00:00,EM-01,40.0,87.0,1.0,18,Critical,energy_kwh trending high
2026-05-30 20:00:00,EM-01,37.5,86.6,1.0,21,Critical,energy_kwh trending high
2026-05-31 00:00:00,EM-01,35.2,88.8,1.0,14,Critical,Within baseline with monitored trend behaviour
2026-05-31 04:00:00,EM-01,39.1,87.8,1.0,13,Critical,Within baseline with monitored trend behaviour
2026-05-31 08:00:00,EM-01,39.0,85.3,1.0,22,Critical,Within baseline with monitored trend behaviour
2026-05-31 12:00:00,EM-01,38.0,86.3,1.0,18,Critical,energy_kwh trending high
2026-05-31 16:00:00,EM-01,41.7,80.9,1.0,28,Critical,Within baseline with monitored trend behaviour
2026-05-31 20:00:00,EM-01,39.2,83.0,1.0,29,Critical,energy_kwh trending high
2026-06-01 00:00:00,EM-01,38.6,85.6,1.0,17,Critical,energy_kwh trending high
2026-06-01 04:00:00,EM-01,40.6,87.2,1.0,21,Critical,energy_kwh trending high
2026-06-01 08:00:00,EM-01,37.8,86.9,1.0,17,Critical,energy_kwh trending high
2026-06-01 12:00:00,EM-01,36.5,87.9,1.0,25,Critical,energy_kwh trending high
2026-06-01 16:00:00,EM-01,34.7,89.6,1.0,18,Critical,energy_kwh trending high
2026-06-01 20:00:00,EM-01,40.7,84.8,1.0,19,Critical,energy_kwh trending high
2026-06-02 00:00:00,EM-01,38.5,86.5,1.0,23,Critical,energy_kwh trending high
2026-06-02 04:00:00,EM-01,40.2,84.0,1.0,25,Critical,energy_kwh trending high
2026-06-02 08:00:00,EM-01,41.4,83.7,1.0,31,Critical,Within baseline with monitored trend behaviour
2026-06-02 12:00:00,EM-01,37.8,86.1,1.0,19,Critical,Within baseline with monitored trend behaviour
2026-06-02 16:00:00,EM-01,35.8,91.1,1.0,10,Critical,energy_kwh trending high
2026-06-02 20:00:00,EM-01,39.7,82.8,1.0,24,Critical,energy_kwh trending high
2026-06-03 00:00:00,EM-01,37.8,86.5,1.0,24,Critical,energy_kwh trending high
2026-06-03 04:00:00,EM-01,42.8,80.6,1.0,33,Critical,energy_kwh trending high
2026-06-03 08:00:00,EM-01,39.4,82.4,1.0,24,Critical,oil_temperature_C trending high
2026-06-03 12:00:00,EM-01,36.7,87.0,1.0,19,Critical,energy_kwh trending high
2026-06-03 16:00:00,EM-01,39.3,84.4,1.0,21,Critical,energy_kwh trending high
2026-06-03 20:00:00,EM-01,39.6,84.2,1.0,27,Critical,Within baseline with monitored trend behaviour
2026-06-04 00:00:00,EM-01,37.4,86.5,1.0,24,Critical,Within baseline with monitored trend behaviour
2026-06-04 04:00:00,EM-01,38.6,85.1,1.0,27,Critical,Within baseline with monitored trend behaviour
2026-06-04 08:00:00,EM-01,37.9,85.1,1.0,25,Critical,Within baseline with monitored trend behaviour
2026-06-04 12:00:00,EM-01,41.3,84.0,1.0,16,Critical,Within baseline with monitored trend behaviour
2026-06-04 16:00:00,EM-01,37.0,86.1,1.0,22,Critical,Within baseline with monitored trend behaviour
2026-06-04 20:00:00,EM-01,34.2,88.9,1.0,10,Critical,Within baseline with monitored trend behaviour
2026-06-05 00:00:00,EM-01,36.1,88.3,1.0,16,Critical,energy_kwh trending high
2026-06-05 04:00:00,EM-01,37.9,85.5,1.0,18,Critical,Within baseline with monitored trend behaviour
2026-06-05 08:00:00,EM-01,37.2,85.5,1.0,25,Critical,Within baseline with monitored trend behaviour
2026-06-05 12:00:00,EM-01,40.8,84.9,1.0,25,Critical,Within baseline with monitored trend behaviour
2026-06-05 16:00:00,EM-01,37.9,84.0,1.0,22,Critical,Within baseline with monitored trend behaviour
2026-06-05 20:00:00,EM-01,38.0,84.5,1.0,26,Critical,Within baseline with monitored trend behaviour
2026-06-06 00:00:00,EM-01,39.5,86.5,1.0,15,Critical,Within baseline with monitored trend behaviour
2026-06-06 04:00:00,EM-01,39.6,82.3,1.0,30,Critical,Within baseline with monitored trend behaviour
2026-06-06 08:00:00,EM-01,41.4,84.7,1.0,20,Critical,Within baseline with monitored trend behaviour
2026-06-06 12:00:00,EM-01,37.2,87.2,1.0,10,Critical,Within baseline with monitored trend behaviour
2026-06-06 16:00:00,EM-01,39.8,84.7,1.0,22,Critical,Within baseline with monitored trend behaviour
2026-06-06 20:00:00,EM-01,38.5,85.1,1.0,22,Critical,Within baseline with monitored trend behaviour
2026-06-07 00:00:00,EM-01,41.2,80.6,1.0,25,Critical,Within baseline with monitored trend behaviour
2026-06-07 04:00:00,EM-01,38.2,87.4,1.0,19,Critical,Within baseline with monitored trend behaviour
2026-06-07 08:00:00,EM-01,34.9,86.2,1.0,16,Critical,energy_kwh trending high
2026-06-07 12:00:00,EM-01,38.4,85.3,1.0,21,Critical,Within baseline with monitored trend behaviour
2026-06-07 16:00:00,EM-01,42.3,82.1,1.0,22,Critical,energy_kwh trending high
2026-06-07 20:00:00,EM-01,42.5,81.5,1.0,23,Critical,Within baseline with monitored trend behaviour
2026-06-08 00:00:00,EM-01,34.5,87.4,1.0,16,Critical,Within baseline with monitored trend behaviour
2026-06-08 04:00:00,EM-01,40.1,84.1,1.0,19,Critical,energy_kwh trending high
2026-06-08 08:00:00,EM-01,36.9,86.8,1.0,16,Critical,Within baseline with monitored trend behaviour
2026-06-08 12:00:00,EM-01,39.7,87.8,1.0,16,Critical,energy_kwh trending high
2026-06-08 16:00:00,EM-01,39.0,84.5,1.0,23,Critical,Within baseline with monitored trend behaviour
2026-06-08 20:00:00,EM-01,39.1,82.4,1.0,19,Critical,energy_kwh trending high
2026-06-09 00:00:00,EM-01,41.9,83.7,1.0,14,Critical,energy_kwh trending high
2026-06-09 04:00:00,EM-01,37.0,86.7,1.0,19,Critical,oil_temperature_C trending high; energy_kwh trending high
2026-06-09 08:00:00,EM-01,39.1,83.7,1.0,28,Critical,energy_kwh trending high
2026-06-09 12:00:00,EM-01,40.8,85.1,1.0,10,Critical,energy_kwh trending high
2026-06-09 16:00:00,EM-01,37.4,87.1,1.0,12,Critical,Within baseline with monitored trend behaviour
2026-06-09 20:00:00,EM-01,35.6,87.8,1.0,18,Critical,Within baseline with monitored trend behaviour
2026-06-10 00:00:00,EM-01,38.7,84.0,1.0,25,Critical,energy_kwh trending high
2026-06-10 04:00:00,EM-01,33.3,90.7,1.0,17,Critical,energy_kwh trending high
2026-06-10 08:00:00,EM-01,37.1,88.7,1.0,18,Critical,Within baseline with monitored trend behaviour
2026-06-10 12:00:00,EM-01,37.6,84.6,1.0,20,Critical,Within baseline with monitored trend behaviour
2026-06-10 16:00:00,EM-01,37.2,86.5,1.0,16,Critical,energy_kwh trending high
2026-06-10 20:00:00,EM-01,38.6,84.6,1.0,25,Critical,Within baseline with monitored trend behaviour
2026-06-11 00:00:00,EM-01,40.5,83.8,1.0,25,Critical,Within baseline with monitored trend behaviour
2026-06-11 04:00:00,EM-01,39.3,85.0,1.0,26,Critical,Within baseline with monitored trend behaviour
2026-06-11 08:00:00,EM-01,37.4,85.4,1.0,16,Critical,Within baseline with monitored trend behaviour
2026-06-11 12:00:00,EM-01,40.5,84.3,1.0,22,Critical,Within baseline with monitored trend behaviour
2026-06-11 16:00:00,EM-01,42.3,82.8,1.0,23,Critical,energy_kwh trending high
2026-06-11 20:00:00,EM-01,38.3,87.0,1.0,14,Critical,energy_kwh trending high
2026-06-12 00:00:00,EM-01,38.4,83.5,1.0,22,Critical,energy_kwh trending high
2026-06-12 04:00:00,EM-01,40.2,86.9,1.0,21,Critical,Within baseline with monitored trend behaviour
2026-06-12 08:00:00,EM-01,40.7,82.1,1.0,16,Critical,Within baseline with monitored trend behaviour
2026-06-12 12:00:00,EM-01,36.4,87.9,1.0,16,Critical,Within baseline with monitored trend behaviour
2026-06-12 16:00:00,EM-01,38.5,85.5,1.0,17,Critical,Within baseline with monitored trend behaviour
2026-06-12 20:00:00,EM-01,36.5,86.2,1.0,20,Critical,Within baseline with monitored trend behaviour
2026-06-13 00:00:00,EM-01,38.4,86.5,1.0,18,Critical,Within baseline with monitored trend behaviour
2026-06-13 04:00:00,EM-01,39.3,88.1,1.0,10,Critical,Within baseline with monitored trend behaviour
2026-06-13 08:00:00,EM-01,39.6,83.5,1.0,21,Critical,Within baseline with monitored trend behaviour
2026-06-13 12:00:00,EM-01,38.1,86.9,1.0,19,Critical,Within baseline with monitored trend behaviour
2026-06-13 16:00:00,EM-01,40.8,82.7,1.0,31,Critical,Within baseline with monitored trend behaviour
2026-06-13 20:00:00,EM-01,37.2,87.0,1.0,20,Critical,Within baseline with monitored trend behaviour
2026-06-14 00:00:00,EM-01,40.0,84.3,1.0,21,Critical,Within baseline with monitored trend behaviour
2026-06-14 04:00:00,EM-01,40.1,83.7,1.0,23,Critical,Within baseline with monitored trend behaviour
2026-06-14 08:00:00,EM-01,37.1,87.6,1.0,17,Critical,Within baseline with monitored trend behaviour
2026-06-14 12:00:00,EM-01,38.1,86.3,1.0,23,Critical,Within baseline with monitored trend behaviour
2026-06-14 16:00:00,EM-01,35.6,87.4,1.0,16,Critical,energy_kwh trending high
2026-06-14 20:00:00,EM-01,42.3,83.2,1.0,20,Critical,Within baseline with monitored trend behaviour
2026-06-15 00:00:00,EM-01,41.9,84.5,1.0,19,Critical,energy_kwh trending high
2026-06-15 04:00:00,EM-01,40.4,84.1,1.0,22,Critical,Within baseline with monitored trend behaviour
2026-06-15 08:00:00,EM-01,39.9,84.2,1.0,24,Critical,energy_kwh trending high
2026-06-15 12:00:00,EM-01,37.2,87.7,1.0,19,Critical,Within baseline with monitored trend behaviour
2026-06-15 16:00:00,EM-01,36.2,87.7,1.0,23,Critical,Within baseline with monitored trend behaviour
2026-06-15 20:00:00,EM-01,39.2,87.3,1.0,16,Critical,energy_kwh trending high
2026-06-16 00:00:00,EM-01,37.3,87.7,1.0,20,Critical,Within baseline with monitored trend behaviour
2026-06-16 04:00:00,EM-01,37.8,85.2,1.0,25,Critical,energy_kwh trending high
2026-06-16 08:00:00,EM-01,39.2,86.5,1.0,12,Critical,energy_kwh trending high
2026-06-16 12:00:00,EM-01,38.5,84.4,1.0,26,Critical,energy_kwh trending high
2026-06-16 16:00:00,EM-01,36.4,88.5,1.0,16,Critical,energy_kwh trending high
2026-06-16 20:00:00,EM-01,36.3,86.3,1.0,18,Critical,Within baseline with monitored trend behaviour
2026-06-17 00:00:00,EM-01,38.8,84.2,1.0,20,Critical,energy_kwh trending high
2026-06-17 04:00:00,EM-01,35.9,89.3,1.0,12,Critical,energy_kwh trending high
2026-06-17 08:00:00,EM-01,36.2,87.2,1.0,27,Critical,energy_kwh trending high
2026-06-17 12:00:00,EM-01,33.8,86.9,1.0,14,Critical,energy_kwh trending high
2026-06-17 16:00:00,EM-01,35.7,89.6,1.0,11,Critical,Within baseline with monitored trend behaviour
2026-06-17 20:00:00,EM-01,35.1,86.8,1.0,13,Critical,energy_kwh trending high
2026-06-18 00:00:00,EM-01,39.6,83.2,1.0,29,Critical,energy_kwh trending high
2026-06-18 04:00:00,EM-01,37.9,87.2,1.0,14,Critical,Within baseline with monitored trend behaviour
2026-06-18 08:00:00,EM-01,35.8,87.6,1.0,15,Critical,Within baseline with monitored trend behaviour
2026-06-18 12:00:00,EM-01,36.9,87.5,1.0,19,Critical,Within baseline with monitored trend behaviour
2026-06-18 16:00:00,EM-01,40.4,85.6,1.0,20,Critical,Within baseline with monitored trend behaviour
2026-06-18 20:00:00,EM-01,38.5,84.2,1.0,20,Critical,Within baseline with monitored trend behaviour
2026-06-19 00:00:00,EM-01,39.5,87.9,1.0,9,Critical,Within baseline with monitored trend behaviour
2026-06-19 04:00:00,EM-01,40.5,85.2,1.0,19,Critical,Within baseline with monitored trend behaviour
2026-06-19 08:00:00,EM-01,39.2,85.7,1.0,13,Critical,Within baseline with monitored trend behaviour
2026-06-19 12:00:00,EM-01,37.7,87.2,1.0,17,Critical,energy_kwh trending high
2026-06-19 16:00:00,EM-01,36.4,88.2,1.0,15,Critical,Within baseline with monitored trend behaviour
2026-06-19 20:00:00,EM-01,34.7,86.4,1.0,22,Critical,Within baseline with monitored trend behaviour
2026-06-20 00:00:00,EM-01,38.0,87.2,1.0,17,Critical,Within baseline with monitored trend behaviour
2026-06-20 04:00:00,EM-01,36.4,88.7,1.0,13,Critical,Within baseline with monitored trend behaviour
2026-06-20 08:00:00,EM-01,38.7,82.5,1.0,22,Critical,Within baseline with monitored trend behaviour
2026-06-20 12:00:00,EM-01,37.1,86.2,1.0,17,Critical,Within baseline with monitored trend behaviour
2026-06-20 16:00:00,EM-01,40.8,84.2,1.0,19,Critical,Within baseline with monitored trend behaviour
2026-06-20 20:00:00,EM-01,36.0,88.4,1.0,16,Critical,Within baseline with monitored trend behaviour
2026-06-21 00:00:00,EM-01,37.6,86.9,1.0,12,Critical,Within baseline with monitored trend behaviour
2026-06-21 04:00:00,EM-01,35.5,85.3,1.0,25,Critical,Within baseline with monitored trend behaviour
2026-06-21 08:00:00,EM-01,44.2,79.3,1.0,28,Critical,Within baseline with monitored trend behaviour
2026-06-21 12:00:00,EM-01,41.0,82.5,1.0,19,Critical,Within baseline with monitored trend behaviour
2026-06-21 16:00:00,EM-01,37.4,86.9,1.0,17,Critical,Within baseline with monitored trend behaviour
2026-06-21 20:00:00,EM-01,40.6,85.3,1.0,15,Critical,Within baseline with monitored trend behaviour
2026-06-22 00:00:00,EM-01,38.8,84.7,1.0,19,Critical,Within baseline with monitored trend behaviour
2026-06-22 04:00:00,EM-01,36.7,83.7,1.0,22,Critical,Within baseline with monitored trend behaviour
2026-06-22 08:00:00,EM-01,40.2,86.7,1.0,21,Critical,Within baseline with monitored trend behaviour
2026-06-22 12:00:00,EM-01,37.0,86.1,1.0,22,Critical,Within baseline with monitored trend behaviour
2026-06-22 16:00:00,EM-01,40.6,84.3,1.0,14,Critical,Within baseline with monitored trend behaviour
2026-06-22 20:00:00,EM-01,33.6,89.9,1.0,7,Critical,Within baseline with monitored trend behaviour
2026-06-23 00:00:00,EM-01,40.2,82.2,1.0,25,Critical,Within baseline with monitored trend behaviour
2026-06-23 04:00:00,EM-01,37.6,84.8,1.0,13,Critical,energy_kwh trending high
2026-06-23 08:00:00,EM-01,38.7,86.6,1.0,17,Critical,oil_temperature_C trending high; energy_kwh trending high
2026-06-23 12:00:00,EM-01,35.3,87.4,1.0,13,Critical,energy_kwh trending high
2026-06-23 16:00:00,EM-01,40.3,85.6,1.0,23,Critical,energy_kwh trending high
2026-06-23 20:00:00,EM-01,38.1,87.6,1.0,12,Critical,energy_kwh trending high
2026-06-24 00:00:00,EM-01,35.4,86.2,1.0,20,Critical,oil_temperature_C trending high; energy_kwh trending high
2026-06-24 04:00:00,EM-01,41.5,85.5,1.0,19,Critical,energy_kwh trending high
2026-06-24 08:00:00,EM-01,38.8,84.5,1.0,17,Critical,energy_kwh trending high
2026-06-24 12:00:00,EM-01,38.9,84.8,1.0,15,Critical,energy_kwh trending high
2026-06-24 16:00:00,EM-01,35.2,85.9,1.0,18,Critical,energy_kwh trending high
2026-06-24 20:00:00,EM-01,37.2,84.5,1.0,22,Critical,energy_kwh trending high
2026-06-25 00:00:00,EM-01,41.6,82.5,1.0,24,Critical,Within baseline with monitored trend behaviour
2026-06-25 04:00:00,EM-01,39.0,84.2,1.0,21,Critical,energy_kwh trending high
2026-06-25 08:00:00,EM-01,39.1,86.5,1.0,19,Critical,energy_kwh trending high
2026-06-25 12:00:00,EM-01,38.3,88.1,1.0,14,Critical,Within baseline with monitored trend behaviour
2026-06-25 16:00:00,EM-01,38.3,85.4,1.0,16,Critical,Within baseline with monitored trend behaviour
2026-06-25 20:00:00,EM-01,34.9,88.9,1.0,17,Critical,Within baseline with monitored trend behaviour
2026-06-26 00:00:00,EM-01,40.4,85.0,1.0,21,Critical,energy_kwh trending high
2026-06-26 04:00:00,EM-01,38.5,85.9,1.0,13,Critical,Within baseline with monitored trend behaviour
2026-06-26 08:00:00,EM-01,38.7,87.2,1.0,20,Critical,Within baseline with monitored trend behaviour
2026-06-26 12:00:00,EM-01,41.8,85.4,1.0,17,Critical,Within baseline with monitored trend behaviour
2026-06-26 16:00:00,EM-01,38.5,85.1,1.0,18,Critical,Within baseline with monitored trend behaviour
2026-06-26 20:00:00,EM-01,38.4,83.1,1.0,16,Critical,Within baseline with monitored trend behaviour
2026-06-27 00:00:00,EM-01,40.0,86.5,1.0,13,Critical,Within baseline with monitored trend behaviour
2026-06-27 04:00:00,EM-01,37.1,85.7,1.0,20,Critical,Within baseline with monitored trend behaviour
2026-06-27 08:00:00,EM-01,39.1,86.5,1.0,12,Critical,Within baseline with monitored trend behaviour
2026-06-27 12:00:00,EM-01,37.8,85.9,1.0,16,Critical,Within baseline with monitored trend behaviour
2026-06-27 16:00:00,EM-01,35.8,88.0,1.0,12,Critical,Within baseline with monitored trend behaviour
2026-06-27 20:00:00,EM-01,42.5,84.4,1.0,15,Critical,Within baseline with monitored trend behaviour
2026-06-28 00:00:00,EM-01,35.2,87.2,1.0,17,Critical,Within baseline with monitored trend behaviour
2026-06-28 04:00:00,EM-01,40.0,83.7,1.0,21,Critical,Within baseline with monitored trend behaviour
2026-06-28 08:00:00,EM-01,39.2,85.9,1.0,19,Critical,Within baseline with monitored trend behaviour
2026-06-28 12:00:00,EM-01,39.8,84.6,1.0,19,Critical,Within baseline with monitored trend behaviour
2026-06-28 16:00:00,EM-01,34.5,87.9,1.0,14,Critical,Within baseline with monitored trend behaviour
2026-06-28 20:00:00,EM-01,37.4,86.2,1.0,20,Critical,Within baseline with monitored trend behaviour
2026-06-29 00:00:00,EM-01,40.2,84.6,1.0,16,Critical,Within baseline with monitored trend behaviour
2026-06-29 04:00:00,EM-01,36.8,88.7,1.0,6,Critical,Within baseline with monitored trend behaviour
2026-06-29 08:00:00,EM-01,37.3,88.3,1.0,13,Critical,Within baseline with monitored trend behaviour
2026-06-29 12:00:00,EM-01,37.7,84.7,1.0,20,Critical,Within baseline with monitored trend behaviour
2026-06-29 16:00:00,EM-01,39.3,82.9,1.0,24,Critical,Within baseline with monitored trend behaviour
2026-06-29 20:00:00,EM-01,38.1,83.2,1.0,23,Critical,Within baseline with monitored trend behaviour
2026-01-01 00:00:00,EMS-01,96.4,8.5,0.013,165,Low,Within baseline with monitored trend behaviour
2026-01-01 04:00:00,EMS-01,96.9,6.7,0.023,164,Low,Within baseline with monitored trend behaviour
2026-01-01 08:00:00,EMS-01,90.4,12.6,0.085,161,Low,Within baseline with monitored trend behaviour
2026-01-01 12:00:00,EMS-01,94.0,10.3,0.019,153,Low,Within baseline with monitored trend behaviour
2026-01-01 16:00:00,EMS-01,94.2,10.3,0.054,160,Low,Within baseline with monitored trend behaviour
2026-01-01 20:00:00,EMS-01,85.0,23.6,0.201,142,Low,Within baseline with monitored trend behaviour
2026-01-02 00:00:00,EMS-01,86.1,18.9,0.147,155,Low,Within baseline with monitored trend behaviour
2026-01-02 04:00:00,EMS-01,94.2,11.8,0.089,160,Low,Within baseline with monitored trend behaviour
2026-01-02 08:00:00,EMS-01,85.4,18.6,0.144,146,Low,Within baseline with monitored trend behaviour
2026-01-02 12:00:00,EMS-01,90.5,15.8,0.16,146,Low,Within baseline with monitored trend behaviour
2026-01-02 16:00:00,EMS-01,78.1,29.5,0.277,135,Medium,Within baseline with monitored trend behaviour
2026-01-02 20:00:00,EMS-01,87.5,15.6,0.149,157,Low,Within baseline with monitored trend behaviour
2026-01-03 00:00:00,EMS-01,83.1,22.1,0.176,145,Low,Within baseline with monitored trend behaviour
2026-01-03 04:00:00,EMS-01,81.1,28.5,0.219,139,Medium,Within baseline with monitored trend behaviour
2026-01-03 08:00:00,EMS-01,80.9,26.9,0.228,135,Medium,Within baseline with monitored trend behaviour
2026-01-03 12:00:00,EMS-01,84.7,25.4,0.222,143,Medium,Within baseline with monitored trend behaviour
2026-01-03 16:00:00,EMS-01,83.5,18.6,0.145,153,Low,Within baseline with monitored trend behaviour
2026-01-03 20:00:00,EMS-01,86.1,18.2,0.107,148,Low,Within baseline with monitored trend behaviour
2026-01-04 00:00:00,EMS-01,91.9,13.9,0.126,156,Low,Within baseline with monitored trend behaviour
2026-01-04 04:00:00,EMS-01,83.2,21.1,0.161,141,Low,Within baseline with monitored trend behaviour
2026-01-04 08:00:00,EMS-01,88.4,15.3,0.055,152,Low,Within baseline with monitored trend behaviour
2026-01-04 12:00:00,EMS-01,90.8,14.8,0.013,153,Low,Within baseline with monitored trend behaviour
2026-01-04 16:00:00,EMS-01,89.5,11.3,0.023,160,Low,Within baseline with monitored trend behaviour
2026-01-04 20:00:00,EMS-01,96.1,6.3,0.0,176,Low,Within baseline with monitored trend behaviour
2026-01-05 00:00:00,EMS-01,99.5,4.6,0.0,175,Low,Within baseline with monitored trend behaviour
2026-01-05 04:00:00,EMS-01,91.8,9.3,0.043,161,Low,Within baseline with monitored trend behaviour
2026-01-05 08:00:00,EMS-01,94.2,6.3,0.0,162,Low,Within baseline with monitored trend behaviour
2026-01-05 12:00:00,EMS-01,95.6,7.6,0.0,165,Low,Within baseline with monitored trend behaviour
2026-01-05 16:00:00,EMS-01,93.7,11.1,0.032,155,Low,Within baseline with monitored trend behaviour
2026-01-05 20:00:00,EMS-01,92.6,7.1,0.006,162,Low,Within baseline with monitored trend behaviour
2026-01-06 00:00:00,EMS-01,91.5,10.7,0.0,164,Low,Within baseline with monitored trend behaviour
2026-01-06 04:00:00,EMS-01,95.1,8.3,0.0,166,Low,Within baseline with monitored trend behaviour
2026-01-06 08:00:00,EMS-01,91.9,8.2,0.0,166,Low,Within baseline with monitored trend behaviour
2026-01-06 12:00:00,EMS-01,92.8,8.0,0.0,158,Low,Within baseline with monitored trend behaviour
2026-01-06 16:00:00,EMS-01,95.7,8.5,0.0,158,Low,Within baseline with monitored trend behaviour
2026-01-06 20:00:00,EMS-01,89.3,10.2,0.033,165,Low,Within baseline with monitored trend behaviour
2026-01-07 00:00:00,EMS-01,92.4,10.4,0.0,165,Low,Within baseline with monitored trend behaviour
2026-01-07 04:00:00,EMS-01,92.7,8.1,0.0,165,Low,Within baseline with monitored trend behaviour
2026-01-07 08:00:00,EMS-01,94.1,7.9,0.0,168,Low,Within baseline with monitored trend behaviour
2026-01-07 12:00:00,EMS-01,93.8,8.3,0.0,163,Low,Within baseline with monitored trend behaviour
2026-01-07 16:00:00,EMS-01,94.2,9.0,0.0,165,Low,Within baseline with monitored trend behaviour
2026-01-07 20:00:00,EMS-01,91.7,9.1,0.036,167,Low,Within baseline with monitored trend behaviour
2026-01-08 00:00:00,EMS-01,95.0,6.2,0.0,162,Low,Within baseline with monitored trend behaviour
2026-01-08 04:00:00,EMS-01,91.2,9.6,0.01,158,Low,Within baseline with monitored trend behaviour
2026-01-08 08:00:00,EMS-01,96.2,6.2,0.002,168,Low,Within baseline with monitored trend behaviour
2026-01-08 12:00:00,EMS-01,94.8,10.7,0.051,164,Low,Within baseline with monitored trend behaviour
2026-01-08 16:00:00,EMS-01,83.9,20.5,0.211,139,Low,Within baseline with monitored trend behaviour
2026-01-08 20:00:00,EMS-01,89.4,16.9,0.127,153,Low,Within baseline with monitored trend behaviour
2026-01-09 00:00:00,EMS-01,87.8,16.0,0.108,155,Low,Within baseline with monitored trend behaviour
2026-01-09 04:00:00,EMS-01,91.7,11.3,0.086,161,Low,Within baseline with monitored trend behaviour
2026-01-09 08:00:00,EMS-01,85.2,18.8,0.171,157,Low,Within baseline with monitored trend behaviour
2026-01-09 12:00:00,EMS-01,76.6,29.0,0.255,130,Medium,Within baseline with monitored trend behaviour
2026-01-09 16:00:00,EMS-01,89.0,20.1,0.155,151,Low,Within baseline with monitored trend behaviour
2026-01-09 20:00:00,EMS-01,85.0,21.7,0.148,140,Low,Within baseline with monitored trend behaviour
2026-01-10 00:00:00,EMS-01,87.7,18.9,0.099,154,Low,Within baseline with monitored trend behaviour
2026-01-10 04:00:00,EMS-01,78.2,33.5,0.283,126,Medium,Within baseline with monitored trend behaviour
2026-01-10 08:00:00,EMS-01,88.2,16.7,0.105,156,Low,Within baseline with monitored trend behaviour
2026-01-10 12:00:00,EMS-01,85.1,20.9,0.157,145,Low,Within baseline with monitored trend behaviour
2026-01-10 16:00:00,EMS-01,89.3,15.4,0.099,159,Low,Within baseline with monitored trend behaviour
2026-01-10 20:00:00,EMS-01,85.7,20.0,0.179,148,Low,Within baseline with monitored trend behaviour
2026-01-11 00:00:00,EMS-01,83.5,22.0,0.137,141,Low,Within baseline with monitored trend behaviour
2026-01-11 04:00:00,EMS-01,87.3,18.7,0.098,147,Low,Within baseline with monitored trend behaviour
2026-01-11 08:00:00,EMS-01,87.7,13.1,0.039,157,Low,Within baseline with monitored trend behaviour
2026-01-11 12:00:00,EMS-01,89.4,16.0,0.095,150,Low,Within baseline with monitored trend behaviour
2026-01-11 16:00:00,EMS-01,96.1,8.6,0.029,165,Low,Within baseline with monitored trend behaviour
2026-01-11 20:00:00,EMS-01,89.4,13.2,0.062,154,Low,Within baseline with monitored trend behaviour
2026-01-12 00:00:00,EMS-01,92.9,12.4,0.071,156,Low,Within baseline with monitored trend behaviour
2026-01-12 04:00:00,EMS-01,90.0,17.2,0.124,160,Low,Within baseline with monitored trend behaviour
2026-01-12 08:00:00,EMS-01,92.6,5.8,0.01,166,Low,Within baseline with monitored trend behaviour
2026-01-12 12:00:00,EMS-01,96.4,6.0,0.0,168,Low,Within baseline with monitored trend behaviour
2026-01-12 16:00:00,EMS-01,93.8,10.5,0.035,153,Low,Within baseline with monitored trend behaviour
2026-01-12 20:00:00,EMS-01,92.4,10.3,0.046,166,Low,Within baseline with monitored trend behaviour
2026-01-13 00:00:00,EMS-01,93.0,10.6,0.035,160,Low,Within baseline with monitored trend behaviour
2026-01-13 04:00:00,EMS-01,90.6,12.4,0.057,157,Low,Within baseline with monitored trend behaviour
2026-01-13 08:00:00,EMS-01,93.6,11.9,0.048,161,Low,Within baseline with monitored trend behaviour
2026-01-13 12:00:00,EMS-01,95.4,7.6,0.0,166,Low,Within baseline with monitored trend behaviour
2026-01-13 16:00:00,EMS-01,91.7,10.6,0.019,163,Low,Within baseline with monitored trend behaviour
2026-01-13 20:00:00,EMS-01,91.4,9.0,0.0,162,Low,Within baseline with monitored trend behaviour
2026-01-14 00:00:00,EMS-01,94.0,7.7,0.0,161,Low,Within baseline with monitored trend behaviour
2026-01-14 04:00:00,EMS-01,99.1,3.4,0.005,163,Low,Within baseline with monitored trend behaviour
2026-01-14 08:00:00,EMS-01,91.0,12.0,0.0,156,Low,Within baseline with monitored trend behaviour
2026-01-14 12:00:00,EMS-01,94.0,4.9,0.0,166,Low,Within baseline with monitored trend behaviour
2026-01-14 16:00:00,EMS-01,94.9,10.1,0.022,155,Low,Within baseline with monitored trend behaviour
2026-01-14 20:00:00,EMS-01,90.9,8.7,0.0,160,Low,Within baseline with monitored trend behaviour
2026-01-15 00:00:00,EMS-01,90.5,11.1,0.026,166,Low,Within baseline with monitored trend behaviour
2026-01-15 04:00:00,EMS-01,93.9,9.5,0.0,160,Low,Within baseline with monitored trend behaviour
2026-01-15 08:00:00,EMS-01,94.8,6.3,0.0,168,Low,Within baseline with monitored trend behaviour
2026-01-15 12:00:00,EMS-01,92.7,8.5,0.0,161,Low,Within baseline with monitored trend behaviour
2026-01-15 16:00:00,EMS-01,96.3,9.8,0.063,158,Low,Within baseline with monitored trend behaviour
2026-01-15 20:00:00,EMS-01,91.2,7.1,0.031,163,Low,Within baseline with monitored trend behaviour
2026-01-16 00:00:00,EMS-01,91.5,11.5,0.035,158,Low,Within baseline with monitored trend behaviour
2026-01-16 04:00:00,EMS-01,91.3,13.4,0.05,153,Low,Within baseline with monitored trend behaviour
2026-01-16 08:00:00,EMS-01,87.9,17.0,0.109,148,Low,Within baseline with monitored trend behaviour
2026-01-16 12:00:00,EMS-01,84.4,20.1,0.118,143,Low,Within baseline with monitored trend behaviour
2026-01-16 16:00:00,EMS-01,90.9,14.5,0.096,159,Low,Within baseline with monitored trend behaviour
2026-01-16 20:00:00,EMS-01,87.9,18.5,0.099,148,Low,Within baseline with monitored trend behaviour
2026-01-17 00:00:00,EMS-01,84.8,21.8,0.153,142,Low,Within baseline with monitored trend behaviour
2026-01-17 04:00:00,EMS-01,80.8,26.3,0.247,134,Medium,Within baseline with monitored trend behaviour
2026-01-17 08:00:00,EMS-01,83.0,23.1,0.183,143,Low,Within baseline with monitored trend behaviour
2026-01-17 12:00:00,EMS-01,78.4,30.1,0.27,128,Medium,Within baseline with monitored trend behaviour
2026-01-17 16:00:00,EMS-01,90.2,13.4,0.092,157,Low,Within baseline with monitored trend behaviour
2026-01-17 20:00:00,EMS-01,84.8,17.4,0.156,149,Low,Within baseline with monitored trend behaviour
2026-01-18 00:00:00,EMS-01,87.3,19.7,0.173,151,Low,Within baseline with monitored trend behaviour
2026-01-18 04:00:00,EMS-01,85.4,16.8,0.138,153,Low,Within baseline with monitored trend behaviour
2026-01-18 08:00:00,EMS-01,82.5,25.1,0.214,141,Medium,Within baseline with monitored trend behaviour
2026-01-18 12:00:00,EMS-01,83.0,23.1,0.205,144,Low,Within baseline with monitored trend behaviour
2026-01-18 16:00:00,EMS-01,95.6,10.4,0.02,162,Low,Within baseline with monitored trend behaviour
2026-01-18 20:00:00,EMS-01,83.2,25.2,0.214,146,Medium,Within baseline with monitored trend behaviour
2026-01-19 00:00:00,EMS-01,90.0,13.3,0.05,153,Low,Within baseline with monitored trend behaviour
2026-01-19 04:00:00,EMS-01,89.1,12.9,0.059,159,Low,Within baseline with monitored trend behaviour
2026-01-19 08:00:00,EMS-01,87.4,18.5,0.128,141,Low,Within baseline with monitored trend behaviour
2026-01-19 12:00:00,EMS-01,87.7,14.8,0.052,148,Low,Within baseline with monitored trend behaviour
2026-01-19 16:00:00,EMS-01,88.0,15.3,0.146,153,Low,Within baseline with monitored trend behaviour
2026-01-19 20:00:00,EMS-01,92.5,11.9,0.052,163,Low,Within baseline with monitored trend behaviour
2026-01-20 00:00:00,EMS-01,87.4,16.9,0.08,150,Low,Within baseline with monitored trend behaviour
2026-01-20 04:00:00,EMS-01,93.7,7.9,0.003,172,Low,Within baseline with monitored trend behaviour
2026-01-20 08:00:00,EMS-01,94.0,9.4,0.01,164,Low,Within baseline with monitored trend behaviour
2026-01-20 12:00:00,EMS-01,92.1,10.4,0.0,162,Low,Within baseline with monitored trend behaviour
2026-01-20 16:00:00,EMS-01,90.8,9.5,0.005,160,Low,Within baseline with monitored trend behaviour
2026-01-20 20:00:00,EMS-01,96.0,7.7,0.0,178,Low,Within baseline with monitored trend behaviour
2026-01-21 00:00:00,EMS-01,93.7,7.8,0.009,166,Low,Within baseline with monitored trend behaviour
2026-01-21 04:00:00,EMS-01,94.0,4.5,0.0,169,Low,Within baseline with monitored trend behaviour
2026-01-21 08:00:00,EMS-01,96.7,6.9,0.0,164,Low,Within baseline with monitored trend behaviour
2026-01-21 12:00:00,EMS-01,93.6,6.8,0.018,170,Low,Within baseline with monitored trend behaviour
2026-01-21 16:00:00,EMS-01,94.8,6.5,0.0,165,Low,Within baseline with monitored trend behaviour
2026-01-21 20:00:00,EMS-01,94.1,8.8,0.025,170,Low,Within baseline with monitored trend behaviour
2026-01-22 00:00:00,EMS-01,94.7,9.1,0.0,158,Low,Within baseline with monitored trend behaviour
2026-01-22 04:00:00,EMS-01,95.8,8.7,0.0,161,Low,Within baseline with monitored trend behaviour
2026-01-22 08:00:00,EMS-01,95.0,8.6,0.007,169,Low,Within baseline with monitored trend behaviour
2026-01-22 12:00:00,EMS-01,90.3,10.8,0.006,160,Low,Within baseline with monitored trend behaviour
2026-01-22 16:00:00,EMS-01,94.6,6.8,0.0,160,Low,Within baseline with monitored trend behaviour
2026-01-22 20:00:00,EMS-01,93.3,7.5,0.0,164,Low,Within baseline with monitored trend behaviour
2026-01-23 00:00:00,EMS-01,94.0,9.0,0.0,165,Low,Within baseline with monitored trend behaviour
2026-01-23 04:00:00,EMS-01,90.0,10.4,0.043,166,Low,Within baseline with monitored trend behaviour
2026-01-23 08:00:00,EMS-01,94.3,9.1,0.0,164,Low,Within baseline with monitored trend behaviour
2026-01-23 12:00:00,EMS-01,92.0,13.2,0.06,153,Low,Within baseline with monitored trend behaviour
2026-01-23 16:00:00,EMS-01,87.9,17.5,0.101,149,Low,Within baseline with monitored trend behaviour
2026-01-23 20:00:00,EMS-01,87.4,18.0,0.141,147,Low,Within baseline with monitored trend behaviour
2026-01-24 00:00:00,EMS-01,90.3,12.5,0.035,152,Low,Within baseline with monitored trend behaviour
2026-01-24 04:00:00,EMS-01,86.3,23.4,0.184,140,Low,Within baseline with monitored trend behaviour
2026-01-24 08:00:00,EMS-01,92.3,14.4,0.086,155,Low,Within baseline with monitored trend behaviour
2026-01-24 12:00:00,EMS-01,85.7,23.5,0.202,136,Low,Within baseline with monitored trend behaviour
2026-01-24 16:00:00,EMS-01,86.6,19.3,0.154,157,Low,Within baseline with monitored trend behaviour
2026-01-24 20:00:00,EMS-01,86.7,16.1,0.127,152,Low,Within baseline with monitored trend behaviour
2026-01-25 00:00:00,EMS-01,85.3,22.3,0.146,138,Low,Within baseline with monitored trend behaviour
2026-01-25 04:00:00,EMS-01,82.3,23.2,0.224,140,Low,Within baseline with monitored trend behaviour
2026-01-25 08:00:00,EMS-01,84.4,21.2,0.161,142,Low,Within baseline with monitored trend behaviour
2026-01-25 12:00:00,EMS-01,86.3,20.3,0.164,145,Low,Within baseline with monitored trend behaviour
2026-01-25 16:00:00,EMS-01,89.7,15.1,0.075,145,Low,Within baseline with monitored trend behaviour
2026-01-25 20:00:00,EMS-01,78.0,29.1,0.271,137,Medium,Within baseline with monitored trend behaviour
2026-01-26 00:00:00,EMS-01,77.6,27.1,0.274,137,Medium,Within baseline with monitored trend behaviour
2026-01-26 04:00:00,EMS-01,80.2,27.8,0.248,134,Medium,Within baseline with monitored trend behaviour
2026-01-26 08:00:00,EMS-01,88.8,14.6,0.086,153,Low,Within baseline with monitored trend behaviour
2026-01-26 12:00:00,EMS-01,93.9,11.6,0.073,155,Low,Within baseline with monitored trend behaviour
2026-01-26 16:00:00,EMS-01,94.4,8.6,0.038,159,Low,Within baseline with monitored trend behaviour
2026-01-26 20:00:00,EMS-01,80.2,23.3,0.166,132,Low,Within baseline with monitored trend behaviour
2026-01-27 00:00:00,EMS-01,85.1,21.0,0.176,140,Low,Within baseline with monitored trend behaviour
2026-01-27 04:00:00,EMS-01,91.0,16.1,0.111,147,Low,Within baseline with monitored trend behaviour
2026-01-27 08:00:00,EMS-01,92.6,9.8,0.065,155,Low,Within baseline with monitored trend behaviour
2026-01-27 12:00:00,EMS-01,92.2,11.9,0.035,156,Low,Within baseline with monitored trend behaviour
2026-01-27 16:00:00,EMS-01,91.0,10.3,0.02,163,Low,Within baseline with monitored trend behaviour
2026-01-27 20:00:00,EMS-01,95.5,9.8,0.037,159,Low,Within baseline with monitored trend behaviour
2026-01-28 00:00:00,EMS-01,94.6,7.1,0.0,166,Low,Within baseline with monitored trend behaviour
2026-01-28 04:00:00,EMS-01,92.7,10.9,0.0,167,Low,Within baseline with monitored trend behaviour
2026-01-28 08:00:00,EMS-01,94.3,7.5,0.015,159,Low,Within baseline with monitored trend behaviour
2026-01-28 12:00:00,EMS-01,93.8,7.3,0.003,158,Low,Within baseline with monitored trend behaviour
2026-01-28 16:00:00,EMS-01,93.8,9.9,0.0,158,Low,Within baseline with monitored trend behaviour
2026-01-28 20:00:00,EMS-01,93.2,8.6,0.0,161,Low,Within baseline with monitored trend behaviour
2026-01-29 00:00:00,EMS-01,93.5,9.0,0.0,161,Low,Within baseline with monitored trend behaviour
2026-01-29 04:00:00,EMS-01,97.9,4.7,0.006,173,Low,Within baseline with monitored trend behaviour
2026-01-29 08:00:00,EMS-01,89.7,13.2,0.041,158,Low,Within baseline with monitored trend behaviour
2026-01-29 12:00:00,EMS-01,88.0,14.9,0.077,150,Low,Within baseline with monitored trend behaviour
2026-01-29 16:00:00,EMS-01,90.8,7.9,0.001,163,Low,Within baseline with monitored trend behaviour
2026-01-29 20:00:00,EMS-01,94.3,5.8,0.0,166,Low,Within baseline with monitored trend behaviour
2026-01-30 00:00:00,EMS-01,93.2,7.3,0.0,164,Low,Within baseline with monitored trend behaviour
2026-01-30 04:00:00,EMS-01,94.2,6.3,0.0,170,Low,Within baseline with monitored trend behaviour
2026-01-30 08:00:00,EMS-01,94.5,8.3,0.0,168,Low,Within baseline with monitored trend behaviour
2026-01-30 12:00:00,EMS-01,93.6,7.5,0.0,160,Low,Within baseline with monitored trend behaviour
2026-01-30 16:00:00,EMS-01,85.0,20.6,0.114,139,Low,Within baseline with monitored trend behaviour
2026-01-30 20:00:00,EMS-01,91.4,10.6,0.03,156,Low,Within baseline with monitored trend behaviour
2026-01-31 00:00:00,EMS-01,92.1,11.3,0.0,152,Low,Within baseline with monitored trend behaviour
2026-01-31 04:00:00,EMS-01,85.4,16.4,0.119,146,Low,Within baseline with monitored trend behaviour
2026-01-31 08:00:00,EMS-01,90.2,12.1,0.027,166,Low,Within baseline with monitored trend behaviour
2026-01-31 12:00:00,EMS-01,91.9,10.3,0.097,159,Low,Within baseline with monitored trend behaviour
2026-01-31 16:00:00,EMS-01,87.8,18.1,0.128,145,Low,Within baseline with monitored trend behaviour
2026-01-31 20:00:00,EMS-01,84.5,18.9,0.108,144,Low,Within baseline with monitored trend behaviour
2026-02-01 00:00:00,EMS-01,89.7,13.3,0.097,153,Low,Within baseline with monitored trend behaviour
2026-02-01 04:00:00,EMS-01,79.7,26.0,0.215,133,Medium,Within baseline with monitored trend behaviour
2026-02-01 08:00:00,EMS-01,90.7,13.2,0.067,149,Low,Within baseline with monitored trend behaviour
2026-02-01 12:00:00,EMS-01,88.8,18.0,0.123,151,Low,Within baseline with monitored trend behaviour
2026-02-01 16:00:00,EMS-01,81.0,27.4,0.256,131,Medium,Within baseline with monitored trend behaviour
2026-02-01 20:00:00,EMS-01,87.6,18.6,0.109,141,Low,Within baseline with monitored trend behaviour
2026-02-02 00:00:00,EMS-01,84.8,19.7,0.154,143,Low,Within baseline with monitored trend behaviour
2026-02-02 04:00:00,EMS-01,82.5,24.1,0.236,136,Low,Within baseline with monitored trend behaviour
2026-02-02 08:00:00,EMS-01,86.3,19.5,0.151,138,Low,Within baseline with monitored trend behaviour
2026-02-02 12:00:00,EMS-01,82.6,25.9,0.209,140,Medium,Within baseline with monitored trend behaviour
2026-02-02 16:00:00,EMS-01,88.4,16.6,0.113,152,Low,Within baseline with monitored trend behaviour
2026-02-02 20:00:00,EMS-01,94.1,9.3,0.034,157,Low,Within baseline with monitored trend behaviour
2026-02-03 00:00:00,EMS-01,93.1,10.4,0.017,154,Low,Within baseline with monitored trend behaviour
2026-02-03 04:00:00,EMS-01,90.5,12.3,0.042,154,Low,Within baseline with monitored trend behaviour
2026-02-03 08:00:00,EMS-01,88.5,18.2,0.11,147,Low,Within baseline with monitored trend behaviour
2026-02-03 12:00:00,EMS-01,92.7,11.6,0.046,155,Low,Within baseline with monitored trend behaviour
2026-02-03 16:00:00,EMS-01,85.7,18.6,0.113,144,Low,Within baseline with monitored trend behaviour
2026-02-03 20:00:00,EMS-01,95.3,6.4,0.003,170,Low,Within baseline with monitored trend behaviour
2026-02-04 00:00:00,EMS-01,94.1,11.6,0.007,153,Low,Within baseline with monitored trend behaviour
2026-02-04 04:00:00,EMS-01,92.1,13.4,0.0,157,Low,Within baseline with monitored trend behaviour
2026-02-04 08:00:00,EMS-01,91.5,8.5,0.0,158,Low,Within baseline with monitored trend behaviour
2026-02-04 12:00:00,EMS-01,94.6,7.2,0.0,161,Low,Within baseline with monitored trend behaviour
2026-02-04 16:00:00,EMS-01,93.7,9.7,0.023,159,Low,Within baseline with monitored trend behaviour
2026-02-04 20:00:00,EMS-01,94.1,7.6,0.0,168,Low,Within baseline with monitored trend behaviour
2026-02-05 00:00:00,EMS-01,93.6,10.5,0.042,157,Low,Within baseline with monitored trend behaviour
2026-02-05 04:00:00,EMS-01,100.0,4.3,0.0,172,Low,Within baseline with monitored trend behaviour
2026-02-05 08:00:00,EMS-01,92.3,12.5,0.0,154,Low,Within baseline with monitored trend behaviour
2026-02-05 12:00:00,EMS-01,92.7,9.1,0.0,156,Low,Within baseline with monitored trend behaviour
2026-02-05 16:00:00,EMS-01,90.8,12.2,0.0,155,Low,Within baseline with monitored trend behaviour
2026-02-05 20:00:00,EMS-01,93.2,8.9,0.0,164,Low,Within baseline with monitored trend behaviour
2026-02-06 00:00:00,EMS-01,99.7,7.8,0.0,154,Low,Within baseline with monitored trend behaviour
2026-02-06 04:00:00,EMS-01,96.8,6.7,0.0,157,Low,Within baseline with monitored trend behaviour
2026-02-06 08:00:00,EMS-01,93.0,9.0,0.008,159,Low,Within baseline with monitored trend behaviour
2026-02-06 12:00:00,EMS-01,92.7,10.4,0.0,154,Low,Within baseline with monitored trend behaviour
2026-02-06 16:00:00,EMS-01,92.0,11.7,0.021,150,Low,Within baseline with monitored trend behaviour
2026-02-06 20:00:00,EMS-01,95.1,6.7,0.0,166,Low,Within baseline with monitored trend behaviour
2026-02-07 00:00:00,EMS-01,95.9,7.7,0.0,162,Low,Within baseline with monitored trend behaviour
2026-02-07 04:00:00,EMS-01,93.6,8.9,0.029,162,Low,Within baseline with monitored trend behaviour
2026-02-07 08:00:00,EMS-01,92.7,7.9,0.003,162,Low,Within baseline with monitored trend behaviour
2026-02-07 12:00:00,EMS-01,96.7,7.7,0.019,166,Low,Within baseline with monitored trend behaviour
2026-02-07 16:00:00,EMS-01,90.5,14.1,0.085,151,Low,Within baseline with monitored trend behaviour
2026-02-07 20:00:00,EMS-01,85.7,16.6,0.071,148,Low,Within baseline with monitored trend behaviour
2026-02-08 00:00:00,EMS-01,91.4,12.8,0.086,146,Low,Within baseline with monitored trend behaviour
2026-02-08 04:00:00,EMS-01,91.1,16.3,0.099,146,Low,Within baseline with monitored trend behaviour
2026-02-08 08:00:00,EMS-01,94.8,8.7,0.047,158,Low,Within baseline with monitored trend behaviour
2026-02-08 12:00:00,EMS-01,90.5,15.5,0.072,153,Low,Within baseline with monitored trend behaviour
2026-02-08 16:00:00,EMS-01,91.3,15.8,0.101,152,Low,Within baseline with monitored trend behaviour
2026-02-08 20:00:00,EMS-01,84.3,20.5,0.179,147,Low,Within baseline with monitored trend behaviour
2026-02-09 00:00:00,EMS-01,77.8,29.3,0.256,126,Medium,Within baseline with monitored trend behaviour
2026-02-09 04:00:00,EMS-01,82.5,26.0,0.233,132,Medium,Within baseline with monitored trend behaviour
2026-02-09 08:00:00,EMS-01,86.5,19.5,0.114,148,Low,Within baseline with monitored trend behaviour
2026-02-09 12:00:00,EMS-01,90.2,16.8,0.142,152,Low,Within baseline with monitored trend behaviour
2026-02-09 16:00:00,EMS-01,86.1,18.2,0.129,150,Low,Within baseline with monitored trend behaviour
2026-02-09 20:00:00,EMS-01,86.8,18.4,0.145,146,Low,Within baseline with monitored trend behaviour
2026-02-10 00:00:00,EMS-01,89.5,14.3,0.109,147,Low,Within baseline with monitored trend behaviour
2026-02-10 04:00:00,EMS-01,93.4,13.5,0.11,149,Low,Within baseline with monitored trend behaviour
2026-02-10 08:00:00,EMS-01,91.7,16.0,0.086,146,Low,Within baseline with monitored trend behaviour
2026-02-10 12:00:00,EMS-01,92.8,13.6,0.105,148,Low,Within baseline with monitored trend behaviour
2026-02-10 16:00:00,EMS-01,92.2,9.7,0.032,158,Low,Within baseline with monitored trend behaviour
2026-02-10 20:00:00,EMS-01,92.0,12.4,0.103,155,Low,Within baseline with monitored trend behaviour
2026-02-11 00:00:00,EMS-01,93.5,10.8,0.014,158,Low,Within baseline with monitored trend behaviour
2026-02-11 04:00:00,EMS-01,89.0,15.4,0.103,146,Low,Within baseline with monitored trend behaviour
2026-02-11 08:00:00,EMS-01,86.0,17.7,0.12,146,Low,Within baseline with monitored trend behaviour
2026-02-11 12:00:00,EMS-01,92.5,8.8,0.021,163,Low,Within baseline with monitored trend behaviour
2026-02-11 16:00:00,EMS-01,90.6,13.2,0.046,145,Low,Within baseline with monitored trend behaviour
2026-02-11 20:00:00,EMS-01,95.4,6.2,0.0,165,Low,Within baseline with monitored trend behaviour
2026-02-12 00:00:00,EMS-01,93.1,10.1,0.015,157,Low,Within baseline with monitored trend behaviour
2026-02-12 04:00:00,EMS-01,93.6,7.6,0.0,167,Low,Within baseline with monitored trend behaviour
2026-02-12 08:00:00,EMS-01,93.6,10.1,0.0,152,Low,Within baseline with monitored trend behaviour
2026-02-12 12:00:00,EMS-01,95.5,6.2,0.007,161,Low,Within baseline with monitored trend behaviour
2026-02-12 16:00:00,EMS-01,94.7,7.5,0.023,153,Low,Within baseline with monitored trend behaviour
2026-02-12 20:00:00,EMS-01,95.1,7.8,0.0,162,Low,Within baseline with monitored trend behaviour
2026-02-13 00:00:00,EMS-01,94.1,4.4,0.0,165,Low,Within baseline with monitored trend behaviour
2026-02-13 04:00:00,EMS-01,93.3,6.7,0.0,153,Low,Within baseline with monitored trend behaviour
2026-02-13 08:00:00,EMS-01,95.4,6.2,0.0,162,Low,Within baseline with monitored trend behaviour
2026-02-13 12:00:00,EMS-01,94.5,5.6,0.0,162,Low,Within baseline with monitored trend behaviour
2026-02-13 16:00:00,EMS-01,95.9,6.3,0.0,165,Low,Within baseline with monitored trend behaviour
2026-02-13 20:00:00,EMS-01,91.9,8.9,0.0,160,Low,Within baseline with monitored trend behaviour
2026-02-14 00:00:00,EMS-01,94.8,10.3,0.02,164,Low,Within baseline with monitored trend behaviour
2026-02-14 04:00:00,EMS-01,91.8,10.5,0.0,153,Low,Within baseline with monitored trend behaviour
2026-02-14 08:00:00,EMS-01,92.7,8.9,0.017,167,Low,Within baseline with monitored trend behaviour
2026-02-14 12:00:00,EMS-01,93.4,10.5,0.008,159,Low,Within baseline with monitored trend behaviour
2026-02-14 16:00:00,EMS-01,89.0,16.5,0.074,146,Low,Within baseline with monitored trend behaviour
2026-02-14 20:00:00,EMS-01,93.2,10.9,0.019,151,Low,Within baseline with monitored trend behaviour
2026-02-15 00:00:00,EMS-01,88.8,14.3,0.019,156,Low,Within baseline with monitored trend behaviour
2026-02-15 04:00:00,EMS-01,92.7,12.5,0.062,153,Low,Within baseline with monitored trend behaviour
2026-02-15 08:00:00,EMS-01,94.2,10.3,0.066,162,Low,Within baseline with monitored trend behaviour
2026-02-15 12:00:00,EMS-01,88.2,18.1,0.13,141,Low,Within baseline with monitored trend behaviour
2026-02-15 16:00:00,EMS-01,92.2,13.2,0.065,153,Low,Within baseline with monitored trend behaviour
2026-02-15 20:00:00,EMS-01,92.5,12.5,0.045,159,Low,Within baseline with monitored trend behaviour
2026-02-16 00:00:00,EMS-01,81.7,26.1,0.203,131,Medium,Within baseline with monitored trend behaviour
2026-02-16 04:00:00,EMS-01,86.2,16.5,0.104,147,Low,Within baseline with monitored trend behaviour
2026-02-16 08:00:00,EMS-01,91.3,11.4,0.073,157,Low,Within baseline with monitored trend behaviour
2026-02-16 12:00:00,EMS-01,91.4,14.9,0.098,149,Low,Within baseline with monitored trend behaviour
2026-02-16 16:00:00,EMS-01,88.4,15.5,0.065,147,Low,Within baseline with monitored trend behaviour
2026-02-16 20:00:00,EMS-01,80.8,26.3,0.206,132,Medium,Within baseline with monitored trend behaviour
2026-02-17 00:00:00,EMS-01,80.3,22.6,0.198,134,Low,Within baseline with monitored trend behaviour
2026-02-17 04:00:00,EMS-01,85.6,20.7,0.126,143,Low,Within baseline with monitored trend behaviour
2026-02-17 08:00:00,EMS-01,79.1,30.7,0.267,130,Medium,Within baseline with monitored trend behaviour
2026-02-17 12:00:00,EMS-01,89.1,18.2,0.139,146,Low,Within baseline with monitored trend behaviour
2026-02-17 16:00:00,EMS-01,78.9,25.1,0.207,134,Medium,Within baseline with monitored trend behaviour
2026-02-17 20:00:00,EMS-01,91.3,12.5,0.035,157,Low,Within baseline with monitored trend behaviour
2026-02-18 00:00:00,EMS-01,80.5,26.5,0.203,131,Medium,Within baseline with monitored trend behaviour
2026-02-18 04:00:00,EMS-01,84.5,20.7,0.169,140,Low,Within baseline with monitored trend behaviour
2026-02-18 08:00:00,EMS-01,89.5,10.2,0.023,155,Low,Within baseline with monitored trend behaviour
2026-02-18 12:00:00,EMS-01,91.4,12.2,0.044,152,Low,Within baseline with monitored trend behaviour
2026-02-18 16:00:00,EMS-01,88.8,12.9,0.088,149,Low,Within baseline with monitored trend behaviour
2026-02-18 20:00:00,EMS-01,93.6,8.8,0.057,154,Low,Within baseline with monitored trend behaviour
2026-02-19 00:00:00,EMS-01,93.1,8.4,0.0,151,Low,Within baseline with monitored trend behaviour
2026-02-19 04:00:00,EMS-01,94.0,8.7,0.034,161,Low,Within baseline with monitored trend behaviour
2026-02-19 08:00:00,EMS-01,92.1,11.5,0.052,153,Low,Within baseline with monitored trend behaviour
2026-02-19 12:00:00,EMS-01,91.4,10.3,0.035,155,Low,Within baseline with monitored trend behaviour
2026-02-19 16:00:00,EMS-01,95.2,9.5,0.035,154,Low,Within baseline with monitored trend behaviour
2026-02-19 20:00:00,EMS-01,92.4,8.4,0.0,157,Low,Within baseline with monitored trend behaviour
2026-02-20 00:00:00,EMS-01,94.8,6.0,0.0,166,Low,Within baseline with monitored trend behaviour
2026-02-20 04:00:00,EMS-01,95.5,7.9,0.0,158,Low,Within baseline with monitored trend behaviour
2026-02-20 08:00:00,EMS-01,93.9,10.2,0.009,158,Low,Within baseline with monitored trend behaviour
2026-02-20 12:00:00,EMS-01,93.6,9.9,0.0,154,Low,Within baseline with monitored trend behaviour
2026-02-20 16:00:00,EMS-01,95.1,5.2,0.0,165,Low,Within baseline with monitored trend behaviour
2026-02-20 20:00:00,EMS-01,93.4,10.2,0.0,154,Low,Within baseline with monitored trend behaviour
2026-02-21 00:00:00,EMS-01,94.9,7.1,0.0,162,Low,Within baseline with monitored trend behaviour
2026-02-21 04:00:00,EMS-01,93.4,8.1,0.0,155,Low,Within baseline with monitored trend behaviour
2026-02-21 08:00:00,EMS-01,94.2,6.6,0.0,161,Low,Within baseline with monitored trend behaviour
2026-02-21 12:00:00,EMS-01,94.6,6.4,0.0,164,Low,Within baseline with monitored trend behaviour
2026-02-21 16:00:00,EMS-01,95.8,9.4,0.002,158,Low,Within baseline with monitored trend behaviour
2026-02-21 20:00:00,EMS-01,93.6,5.7,0.007,162,Low,Within baseline with monitored trend behaviour
2026-02-22 00:00:00,EMS-01,93.9,7.9,0.0,154,Low,Within baseline with monitored trend behaviour
2026-02-22 04:00:00,EMS-01,97.2,6.1,0.0,165,Low,Within baseline with monitored trend behaviour
2026-02-22 08:00:00,EMS-01,94.6,8.8,0.003,153,Low,Within baseline with monitored trend behaviour
2026-02-22 12:00:00,EMS-01,90.6,11.7,0.04,158,Low,Within baseline with monitored trend behaviour
2026-02-22 16:00:00,EMS-01,91.1,9.1,0.002,152,Low,Within baseline with monitored trend behaviour
2026-02-22 20:00:00,EMS-01,88.5,14.1,0.08,153,Low,Within baseline with monitored trend behaviour
2026-02-23 00:00:00,EMS-01,92.3,10.6,0.081,148,Low,Within baseline with monitored trend behaviour
2026-02-23 04:00:00,EMS-01,90.4,10.8,0.045,154,Low,Within baseline with monitored trend behaviour
2026-02-23 08:00:00,EMS-01,87.8,15.5,0.119,151,Low,Within baseline with monitored trend behaviour
2026-02-23 12:00:00,EMS-01,82.9,18.0,0.14,142,Low,Within baseline with monitored trend behaviour
2026-02-23 16:00:00,EMS-01,80.4,27.9,0.219,131,Medium,Within baseline with monitored trend behaviour
2026-02-23 20:00:00,EMS-01,89.9,15.3,0.11,145,Low,Within baseline with monitored trend behaviour
2026-02-24 00:00:00,EMS-01,89.1,17.6,0.114,139,Low,Within baseline with monitored trend behaviour
2026-02-24 04:00:00,EMS-01,86.3,18.1,0.175,144,Low,Within baseline with monitored trend behaviour
2026-02-24 08:00:00,EMS-01,87.5,17.5,0.08,146,Low,Within baseline with monitored trend behaviour
2026-02-24 12:00:00,EMS-01,79.4,27.2,0.263,130,Medium,Within baseline with monitored trend behaviour
2026-02-24 16:00:00,EMS-01,80.1,27.7,0.212,129,Medium,Within baseline with monitored trend behaviour
2026-02-24 20:00:00,EMS-01,84.0,21.0,0.184,142,Low,Within baseline with monitored trend behaviour
2026-02-25 00:00:00,EMS-01,88.3,14.7,0.123,147,Low,Within baseline with monitored trend behaviour
2026-02-25 04:00:00,EMS-01,86.8,18.1,0.126,145,Low,Within baseline with monitored trend behaviour
2026-02-25 08:00:00,EMS-01,77.4,29.2,0.196,126,Medium,Within baseline with monitored trend behaviour
2026-02-25 12:00:00,EMS-01,82.8,25.8,0.245,138,Medium,Within baseline with monitored trend behaviour
2026-02-25 16:00:00,EMS-01,94.0,10.5,0.033,150,Low,Within baseline with monitored trend behaviour
2026-02-25 20:00:00,EMS-01,93.6,12.4,0.024,150,Low,Within baseline with monitored trend behaviour
2026-02-26 00:00:00,EMS-01,90.5,10.7,0.017,151,Low,Within baseline with monitored trend behaviour
2026-02-26 04:00:00,EMS-01,93.0,14.7,0.072,140,Low,Within baseline with monitored trend behaviour
2026-02-26 08:00:00,EMS-01,91.8,14.0,0.072,156,Low,Within baseline with monitored trend behaviour
2026-02-26 12:00:00,EMS-01,91.6,14.4,0.087,151,Low,Within baseline with monitored trend behaviour
2026-02-26 16:00:00,EMS-01,87.5,17.0,0.07,144,Low,Within baseline with monitored trend behaviour
2026-02-26 20:00:00,EMS-01,94.7,6.8,0.0,158,Low,Within baseline with monitored trend behaviour
2026-02-27 00:00:00,EMS-01,91.7,15.3,0.114,147,Low,Within baseline with monitored trend behaviour
2026-02-27 04:00:00,EMS-01,94.3,7.0,0.0,153,Low,Within baseline with monitored trend behaviour
2026-02-27 08:00:00,EMS-01,92.1,9.2,0.0,153,Low,Within baseline with monitored trend behaviour
2026-02-27 12:00:00,EMS-01,90.6,11.9,0.021,153,Low,Within baseline with monitored trend behaviour
2026-02-27 16:00:00,EMS-01,94.3,6.9,0.0,157,Low,Within baseline with monitored trend behaviour
2026-02-27 20:00:00,EMS-01,92.4,7.6,0.0,161,Low,Within baseline with monitored trend behaviour
2026-02-28 00:00:00,EMS-01,91.1,13.6,0.0,145,Low,Within baseline with monitored trend behaviour
2026-02-28 04:00:00,EMS-01,91.0,9.4,0.0,152,Low,Within baseline with monitored trend behaviour
2026-02-28 08:00:00,EMS-01,96.4,7.1,0.0,162,Low,Within baseline with monitored trend behaviour
2026-02-28 12:00:00,EMS-01,97.5,5.1,0.0,160,Low,Within baseline with monitored trend behaviour
2026-02-28 16:00:00,EMS-01,92.2,9.2,0.0,155,Low,Within baseline with monitored trend behaviour
2026-02-28 20:00:00,EMS-01,95.3,6.4,0.0,155,Low,Within baseline with monitored trend behaviour
2026-03-01 00:00:00,EMS-01,94.3,6.6,0.003,156,Low,Within baseline with monitored trend behaviour
2026-03-01 04:00:00,EMS-01,94.0,8.6,0.017,162,Low,Within baseline with monitored trend behaviour
2026-03-01 08:00:00,EMS-01,93.1,7.5,0.022,158,Low,Within baseline with monitored trend behaviour
2026-03-01 12:00:00,EMS-01,97.0,4.7,0.0,162,Low,Within baseline with monitored trend behaviour
2026-03-01 16:00:00,EMS-01,96.1,10.1,0.012,154,Low,Within baseline with monitored trend behaviour
2026-03-01 20:00:00,EMS-01,96.5,6.9,0.0,159,Low,Within baseline with monitored trend behaviour
2026-03-02 00:00:00,EMS-01,95.7,9.7,0.025,158,Low,Within baseline with monitored trend behaviour
2026-03-02 04:00:00,EMS-01,92.1,9.1,0.039,150,Low,Within baseline with monitored trend behaviour
2026-03-02 08:00:00,EMS-01,92.0,13.4,0.098,147,Low,Within baseline with monitored trend behaviour
2026-03-02 12:00:00,EMS-01,87.5,18.3,0.178,142,Low,Within baseline with monitored trend behaviour
2026-03-02 16:00:00,EMS-01,85.5,18.8,0.15,140,Low,Within baseline with monitored trend behaviour
2026-03-02 20:00:00,EMS-01,90.7,13.7,0.071,141,Low,Within baseline with monitored trend behaviour
2026-03-03 00:00:00,EMS-01,88.4,15.2,0.12,140,Low,Within baseline with monitored trend behaviour
2026-03-03 04:00:00,EMS-01,88.7,17.0,0.104,140,Low,Within baseline with monitored trend behaviour
2026-03-03 08:00:00,EMS-01,79.2,29.3,0.256,125,Medium,Within baseline with monitored trend behaviour
2026-03-03 12:00:00,EMS-01,91.0,12.1,0.126,148,Low,Within baseline with monitored trend behaviour
2026-03-03 16:00:00,EMS-01,82.5,23.4,0.201,128,Low,Within baseline with monitored trend behaviour
2026-03-03 20:00:00,EMS-01,83.5,22.1,0.189,139,Low,Within baseline with monitored trend behaviour
2026-03-04 00:00:00,EMS-01,82.0,23.8,0.206,127,Low,Within baseline with monitored trend behaviour
2026-03-04 04:00:00,EMS-01,78.6,31.7,0.235,121,Medium,Within baseline with monitored trend behaviour
2026-03-04 08:00:00,EMS-01,91.4,8.8,0.046,162,Low,Within baseline with monitored trend behaviour
2026-03-04 12:00:00,EMS-01,81.3,26.5,0.196,125,Medium,Within baseline with monitored trend behaviour
2026-03-04 16:00:00,EMS-01,88.4,14.3,0.095,155,Low,Within baseline with monitored trend behaviour
2026-03-04 20:00:00,EMS-01,87.4,19.2,0.149,143,Low,Within baseline with monitored trend behaviour
2026-03-05 00:00:00,EMS-01,87.5,17.5,0.154,141,Low,Within baseline with monitored trend behaviour
2026-03-05 04:00:00,EMS-01,85.5,21.3,0.138,136,Low,Within baseline with monitored trend behaviour
2026-03-05 08:00:00,EMS-01,88.2,15.0,0.086,142,Low,Within baseline with monitored trend behaviour
2026-03-05 12:00:00,EMS-01,84.6,22.4,0.204,138,Low,Within baseline with monitored trend behaviour
2026-03-05 16:00:00,EMS-01,82.6,20.9,0.149,138,Low,Within baseline with monitored trend behaviour
2026-03-05 20:00:00,EMS-01,88.3,19.7,0.135,133,Low,Within baseline with monitored trend behaviour
2026-03-06 00:00:00,EMS-01,95.1,10.1,0.0,149,Low,Within baseline with monitored trend behaviour
2026-03-06 04:00:00,EMS-01,87.7,13.5,0.054,148,Low,Within baseline with monitored trend behaviour
2026-03-06 08:00:00,EMS-01,96.4,6.4,0.006,159,Low,Within baseline with monitored trend behaviour
2026-03-06 12:00:00,EMS-01,95.7,7.3,0.0,154,Low,Within baseline with monitored trend behaviour
2026-03-06 16:00:00,EMS-01,95.3,8.0,0.0,155,Low,Within baseline with monitored trend behaviour
2026-03-06 20:00:00,EMS-01,91.7,10.9,0.034,157,Low,Within baseline with monitored trend behaviour
2026-03-07 00:00:00,EMS-01,92.1,10.8,0.0,151,Low,Within baseline with monitored trend behaviour
2026-03-07 04:00:00,EMS-01,99.1,6.0,0.0,163,Low,Within baseline with monitored trend behaviour
2026-03-07 08:00:00,EMS-01,95.1,9.8,0.0,153,Low,Within baseline with monitored trend behaviour
2026-03-07 12:00:00,EMS-01,96.4,8.1,0.008,154,Low,Within baseline with monitored trend behaviour
2026-03-07 16:00:00,EMS-01,95.0,7.6,0.0,152,Low,Within baseline with monitored trend behaviour
2026-03-07 20:00:00,EMS-01,93.9,9.6,0.0,151,Low,Within baseline with monitored trend behaviour
2026-03-08 00:00:00,EMS-01,90.8,10.3,0.0,151,Low,Within baseline with monitored trend behaviour
2026-03-08 04:00:00,EMS-01,91.9,11.0,0.0,146,Low,Within baseline with monitored trend behaviour
2026-03-08 08:00:00,EMS-01,93.5,8.5,0.0,157,Low,Within baseline with monitored trend behaviour
2026-03-08 12:00:00,EMS-01,90.8,12.7,0.032,139,Low,Within baseline with monitored trend behaviour
2026-03-08 16:00:00,EMS-01,91.9,9.1,0.0,156,Low,Within baseline with monitored trend behaviour
2026-03-08 20:00:00,EMS-01,94.6,9.7,0.0,157,Low,Within baseline with monitored trend behaviour
2026-03-09 00:00:00,EMS-01,94.5,7.4,0.0,159,Low,Within baseline with monitored trend behaviour
2026-03-09 04:00:00,EMS-01,88.2,14.3,0.06,150,Low,Within baseline with monitored trend behaviour
2026-03-09 08:00:00,EMS-01,90.2,9.2,0.062,147,Low,Within baseline with monitored trend behaviour
2026-03-09 12:00:00,EMS-01,94.0,9.7,0.008,154,Low,Within baseline with monitored trend behaviour
2026-03-09 16:00:00,EMS-01,94.6,8.5,0.021,152,Low,Within baseline with monitored trend behaviour
2026-03-09 20:00:00,EMS-01,91.8,9.7,0.03,156,Low,Within baseline with monitored trend behaviour
2026-03-10 00:00:00,EMS-01,90.6,13.8,0.089,147,Low,Within baseline with monitored trend behaviour
2026-03-10 04:00:00,EMS-01,86.3,19.1,0.102,143,Low,Within baseline with monitored trend behaviour
2026-03-10 08:00:00,EMS-01,79.5,26.1,0.211,125,Medium,Within baseline with monitored trend behaviour
2026-03-10 12:00:00,EMS-01,91.0,13.7,0.079,150,Low,Within baseline with monitored trend behaviour
2026-03-10 16:00:00,EMS-01,82.5,22.6,0.17,133,Low,Within baseline with monitored trend behaviour
2026-03-10 20:00:00,EMS-01,90.9,13.5,0.081,141,Low,Within baseline with monitored trend behaviour
2026-03-11 00:00:00,EMS-01,78.0,26.9,0.243,122,Medium,Within baseline with monitored trend behaviour
2026-03-11 04:00:00,EMS-01,82.2,28.3,0.218,122,Medium,Within baseline with monitored trend behaviour
2026-03-11 08:00:00,EMS-01,84.0,23.3,0.183,137,Low,Within baseline with monitored trend behaviour
2026-03-11 12:00:00,EMS-01,78.5,27.7,0.247,122,Medium,Within baseline with monitored trend behaviour
2026-03-11 16:00:00,EMS-01,76.1,29.4,0.265,115,Medium,Within baseline with monitored trend behaviour
2026-03-11 20:00:00,EMS-01,89.0,20.8,0.142,133,Low,Within baseline with monitored trend behaviour
2026-03-12 00:00:00,EMS-01,83.6,22.6,0.192,134,Low,Within baseline with monitored trend behaviour
2026-03-12 04:00:00,EMS-01,91.7,11.3,0.064,153,Low,Within baseline with monitored trend behaviour
2026-03-12 08:00:00,EMS-01,90.0,13.9,0.09,150,Low,Within baseline with monitored trend behaviour
2026-03-12 12:00:00,EMS-01,86.6,15.4,0.095,135,Low,Within baseline with monitored trend behaviour
2026-03-12 16:00:00,EMS-01,90.3,15.9,0.131,142,Low,Within baseline with monitored trend behaviour
2026-03-12 20:00:00,EMS-01,89.0,18.0,0.12,135,Low,Within baseline with monitored trend behaviour
2026-03-13 00:00:00,EMS-01,89.7,14.1,0.01,148,Low,Within baseline with monitored trend behaviour
2026-03-13 04:00:00,EMS-01,93.8,6.6,0.0,158,Low,Within baseline with monitored trend behaviour
2026-03-13 08:00:00,EMS-01,93.1,9.7,0.038,144,Low,Within baseline with monitored trend behaviour
2026-03-13 12:00:00,EMS-01,93.9,7.4,0.027,152,Low,Within baseline with monitored trend behaviour
2026-03-13 16:00:00,EMS-01,86.4,19.3,0.067,139,Low,Within baseline with monitored trend behaviour
2026-03-13 20:00:00,EMS-01,91.8,10.0,0.053,150,Low,Within baseline with monitored trend behaviour
2026-03-14 00:00:00,EMS-01,90.5,10.3,0.0,150,Low,Within baseline with monitored trend behaviour
2026-03-14 04:00:00,EMS-01,90.1,8.9,0.0,147,Low,Within baseline with monitored trend behaviour
2026-03-14 08:00:00,EMS-01,96.0,5.2,0.0,158,Low,Within baseline with monitored trend behaviour
2026-03-14 12:00:00,EMS-01,88.7,11.0,0.015,149,Low,Within baseline with monitored trend behaviour
2026-03-14 16:00:00,EMS-01,88.5,12.6,0.029,147,Low,Within baseline with monitored trend behaviour
2026-03-14 20:00:00,EMS-01,95.3,9.5,0.0,148,Low,Within baseline with monitored trend behaviour
2026-03-15 00:00:00,EMS-01,93.8,8.7,0.0,150,Low,Within baseline with monitored trend behaviour
2026-03-15 04:00:00,EMS-01,91.9,8.6,0.039,169,Low,Within baseline with monitored trend behaviour
2026-03-15 08:00:00,EMS-01,92.6,10.4,0.0,148,Low,Within baseline with monitored trend behaviour
2026-03-15 12:00:00,EMS-01,91.1,9.8,0.009,153,Low,Within baseline with monitored trend behaviour
2026-03-15 16:00:00,EMS-01,92.8,9.7,0.0,150,Low,Within baseline with monitored trend behaviour
2026-03-15 20:00:00,EMS-01,96.4,7.0,0.0,156,Low,Within baseline with monitored trend behaviour
2026-03-16 00:00:00,EMS-01,88.7,12.0,0.008,144,Low,Within baseline with monitored trend behaviour
2026-03-16 04:00:00,EMS-01,94.8,8.2,0.0,154,Low,Within baseline with monitored trend behaviour
2026-03-16 08:00:00,EMS-01,89.8,12.3,0.019,148,Low,Within baseline with monitored trend behaviour
2026-03-16 12:00:00,EMS-01,91.6,15.4,0.067,142,Low,Within baseline with monitored trend behaviour
2026-03-16 16:00:00,EMS-01,89.9,14.3,0.011,152,Low,Within baseline with monitored trend behaviour
2026-03-16 20:00:00,EMS-01,94.5,7.3,0.0,160,Low,Within baseline with monitored trend behaviour
2026-03-17 00:00:00,EMS-01,84.5,21.5,0.152,129,Low,Within baseline with monitored trend behaviour
2026-03-17 04:00:00,EMS-01,87.4,16.9,0.047,141,Low,Within baseline with monitored trend behaviour
2026-03-17 08:00:00,EMS-01,94.8,6.1,0.025,161,Low,Within baseline with monitored trend behaviour
2026-03-17 12:00:00,EMS-01,91.8,16.9,0.118,142,Low,Within baseline with monitored trend behaviour
2026-03-17 16:00:00,EMS-01,89.7,17.8,0.141,149,Low,Within baseline with monitored trend behaviour
2026-03-17 20:00:00,EMS-01,86.5,19.0,0.106,137,Low,Within baseline with monitored trend behaviour
2026-03-18 00:00:00,EMS-01,86.5,19.5,0.19,138,Low,Within baseline with monitored trend behaviour
2026-03-18 04:00:00,EMS-01,82.2,24.9,0.246,133,Low,Within baseline with monitored trend behaviour
2026-03-18 08:00:00,EMS-01,81.4,26.5,0.244,118,Medium,Within baseline with monitored trend behaviour
2026-03-18 12:00:00,EMS-01,79.6,26.9,0.196,124,Medium,Within baseline with monitored trend behaviour
2026-03-18 16:00:00,EMS-01,90.1,13.3,0.061,150,Low,Within baseline with monitored trend behaviour
2026-03-18 20:00:00,EMS-01,80.0,26.6,0.248,129,Medium,Within baseline with monitored trend behaviour
2026-03-19 00:00:00,EMS-01,84.5,18.9,0.21,138,Low,Within baseline with monitored trend behaviour
2026-03-19 04:00:00,EMS-01,93.7,10.5,0.01,140,Low,Within baseline with monitored trend behaviour
2026-03-19 08:00:00,EMS-01,89.9,15.9,0.113,138,Low,Within baseline with monitored trend behaviour
2026-03-19 12:00:00,EMS-01,87.0,19.0,0.146,137,Low,Within baseline with monitored trend behaviour
2026-03-19 16:00:00,EMS-01,84.4,21.3,0.157,136,Low,Within baseline with monitored trend behaviour
2026-03-19 20:00:00,EMS-01,86.1,21.1,0.152,137,Low,Within baseline with monitored trend behaviour
2026-03-20 00:00:00,EMS-01,81.7,24.4,0.185,127,Low,Within baseline with monitored trend behaviour
2026-03-20 04:00:00,EMS-01,92.5,14.5,0.078,145,Low,Within baseline with monitored trend behaviour
2026-03-20 08:00:00,EMS-01,87.4,20.6,0.119,140,Low,Within baseline with monitored trend behaviour
2026-03-20 12:00:00,EMS-01,87.8,15.0,0.053,139,Low,Within baseline with monitored trend behaviour
2026-03-20 16:00:00,EMS-01,90.5,15.5,0.118,141,Low,Within baseline with monitored trend behaviour
2026-03-20 20:00:00,EMS-01,89.4,13.9,0.091,147,Low,Within baseline with monitored trend behaviour
2026-03-21 00:00:00,EMS-01,93.2,8.4,0.023,152,Low,Within baseline with monitored trend behaviour
2026-03-21 04:00:00,EMS-01,87.2,14.3,0.057,144,Low,Within baseline with monitored trend behaviour
2026-03-21 08:00:00,EMS-01,95.7,7.3,0.0,155,Low,Within baseline with monitored trend behaviour
2026-03-21 12:00:00,EMS-01,96.1,9.9,0.048,157,Low,Within baseline with monitored trend behaviour
2026-03-21 16:00:00,EMS-01,94.8,8.5,0.0,150,Low,Within baseline with monitored trend behaviour
2026-03-21 20:00:00,EMS-01,97.9,8.4,0.0,158,Low,Within baseline with monitored trend behaviour
2026-03-22 00:00:00,EMS-01,96.4,5.9,0.0,157,Low,Within baseline with monitored trend behaviour
2026-03-22 04:00:00,EMS-01,96.2,9.0,0.0,148,Low,Within baseline with monitored trend behaviour
2026-03-22 08:00:00,EMS-01,92.8,7.6,0.0,155,Low,Within baseline with monitored trend behaviour
2026-03-22 12:00:00,EMS-01,97.2,8.2,0.0,150,Low,Within baseline with monitored trend behaviour
2026-03-22 16:00:00,EMS-01,89.0,9.8,0.0,159,Low,Within baseline with monitored trend behaviour
2026-03-22 20:00:00,EMS-01,94.4,8.1,0.0,153,Low,Within baseline with monitored trend behaviour
2026-03-23 00:00:00,EMS-01,92.5,9.2,0.003,152,Low,Within baseline with monitored trend behaviour
2026-03-23 04:00:00,EMS-01,90.9,11.8,0.014,146,Low,Within baseline with monitored trend behaviour
2026-03-23 08:00:00,EMS-01,96.1,7.4,0.0,154,Low,Within baseline with monitored trend behaviour
2026-03-23 12:00:00,EMS-01,93.2,9.8,0.035,155,Low,Within baseline with monitored trend behaviour
2026-03-23 16:00:00,EMS-01,97.0,5.7,0.005,158,Low,Within baseline with monitored trend behaviour
2026-03-23 20:00:00,EMS-01,92.5,10.5,0.022,150,Low,Within baseline with monitored trend behaviour
2026-03-24 00:00:00,EMS-01,90.9,9.4,0.0,148,Low,Within baseline with monitored trend behaviour
2026-03-24 04:00:00,EMS-01,97.6,7.1,0.031,160,Low,Within baseline with monitored trend behaviour
2026-03-24 08:00:00,EMS-01,96.9,5.1,0.018,157,Low,Within baseline with monitored trend behaviour
2026-03-24 12:00:00,EMS-01,89.1,15.9,0.086,141,Low,Within baseline with monitored trend behaviour
2026-03-24 16:00:00,EMS-01,90.6,15.2,0.093,140,Low,Within baseline with monitored trend behaviour
2026-03-24 20:00:00,EMS-01,92.8,11.4,0.053,151,Low,Within baseline with monitored trend behaviour
2026-03-25 00:00:00,EMS-01,90.5,12.3,0.047,140,Low,Within baseline with monitored trend behaviour
2026-03-25 04:00:00,EMS-01,94.5,7.3,0.033,155,Low,Within baseline with monitored trend behaviour
2026-03-25 08:00:00,EMS-01,82.8,21.7,0.185,127,Low,Within baseline with monitored trend behaviour
2026-03-25 12:00:00,EMS-01,89.8,17.0,0.111,136,Low,Within baseline with monitored trend behaviour
2026-03-25 16:00:00,EMS-01,85.0,19.4,0.146,138,Low,Within baseline with monitored trend behaviour
2026-03-25 20:00:00,EMS-01,89.0,17.4,0.123,139,Low,Within baseline with monitored trend behaviour
2026-03-26 00:00:00,EMS-01,81.8,23.6,0.196,126,Low,Within baseline with monitored trend behaviour
2026-03-26 04:00:00,EMS-01,81.7,26.0,0.218,133,Medium,Within baseline with monitored trend behaviour
2026-03-26 08:00:00,EMS-01,86.9,20.2,0.185,135,Low,Within baseline with monitored trend behaviour
2026-03-26 12:00:00,EMS-01,86.7,12.9,0.088,143,Low,Within baseline with monitored trend behaviour
2026-03-26 16:00:00,EMS-01,86.1,18.2,0.144,141,Low,Within baseline with monitored trend behaviour
2026-03-26 20:00:00,EMS-01,91.2,12.8,0.074,140,Low,Within baseline with monitored trend behaviour
2026-03-27 00:00:00,EMS-01,84.6,18.7,0.128,139,Low,Within baseline with monitored trend behaviour
2026-03-27 04:00:00,EMS-01,80.3,24.3,0.184,135,Low,Within baseline with monitored trend behaviour
2026-03-27 08:00:00,EMS-01,81.8,26.0,0.243,128,Medium,Within baseline with monitored trend behaviour
2026-03-27 12:00:00,EMS-01,90.7,11.5,0.062,146,Low,Within baseline with monitored trend behaviour
2026-03-27 16:00:00,EMS-01,93.7,9.9,0.013,155,Low,Within baseline with monitored trend behaviour
2026-03-27 20:00:00,EMS-01,86.0,22.0,0.148,135,Low,Within baseline with monitored trend behaviour
2026-03-28 00:00:00,EMS-01,82.9,23.0,0.171,127,Low,Within baseline with monitored trend behaviour
2026-03-28 04:00:00,EMS-01,98.0,5.7,0.01,156,Low,Within baseline with monitored trend behaviour
2026-03-28 08:00:00,EMS-01,88.7,9.8,0.015,147,Low,Within baseline with monitored trend behaviour
2026-03-28 12:00:00,EMS-01,85.4,21.0,0.141,130,Low,Within baseline with monitored trend behaviour
2026-03-28 16:00:00,EMS-01,95.1,10.9,0.04,147,Low,Within baseline with monitored trend behaviour
2026-03-28 20:00:00,EMS-01,91.4,11.9,0.046,147,Low,Within baseline with monitored trend behaviour
2026-03-29 00:00:00,EMS-01,94.8,12.4,0.025,152,Low,Within baseline with monitored trend behaviour
2026-03-29 04:00:00,EMS-01,95.6,8.6,0.002,146,Low,Within baseline with monitored trend behaviour
2026-03-29 08:00:00,EMS-01,93.2,8.0,0.0,150,Low,Within baseline with monitored trend behaviour
2026-03-29 12:00:00,EMS-01,93.5,11.9,0.025,141,Low,Within baseline with monitored trend behaviour
2026-03-29 16:00:00,EMS-01,93.5,7.6,0.0,156,Low,Within baseline with monitored trend behaviour
2026-03-29 20:00:00,EMS-01,95.6,10.9,0.008,153,Low,Within baseline with monitored trend behaviour
2026-03-30 00:00:00,EMS-01,90.6,10.9,0.008,145,Low,Within baseline with monitored trend behaviour
2026-03-30 04:00:00,EMS-01,98.0,8.1,0.0,153,Low,Within baseline with monitored trend behaviour
2026-03-30 08:00:00,EMS-01,88.8,14.6,0.048,142,Low,Within baseline with monitored trend behaviour
2026-03-30 12:00:00,EMS-01,93.5,8.0,0.0,155,Low,Within baseline with monitored trend behaviour
2026-03-30 16:00:00,EMS-01,93.4,5.4,0.0,155,Low,Within baseline with monitored trend behaviour
2026-03-30 20:00:00,EMS-01,92.3,9.1,0.0,160,Low,Within baseline with monitored trend behaviour
2026-03-31 00:00:00,EMS-01,94.4,8.0,0.0,148,Low,Within baseline with monitored trend behaviour
2026-03-31 04:00:00,EMS-01,94.9,9.3,0.0,151,Low,Within baseline with monitored trend behaviour
2026-03-31 08:00:00,EMS-01,94.1,8.7,0.001,148,Low,Within baseline with monitored trend behaviour
2026-03-31 12:00:00,EMS-01,91.7,10.9,0.0,155,Low,Within baseline with monitored trend behaviour
2026-03-31 16:00:00,EMS-01,95.5,8.1,0.032,153,Low,Within baseline with monitored trend behaviour
2026-03-31 20:00:00,EMS-01,89.8,12.9,0.061,147,Low,Within baseline with monitored trend behaviour
2026-04-01 00:00:00,EMS-01,89.6,18.2,0.117,139,Low,Within baseline with monitored trend behaviour
2026-04-01 04:00:00,EMS-01,89.2,14.1,0.089,144,Low,Within baseline with monitored trend behaviour
2026-04-01 08:00:00,EMS-01,85.8,20.5,0.122,137,Low,Within baseline with monitored trend behaviour
2026-04-01 12:00:00,EMS-01,86.0,15.5,0.089,142,Low,Within baseline with monitored trend behaviour
2026-04-01 16:00:00,EMS-01,91.3,14.7,0.09,148,Low,Within baseline with monitored trend behaviour
2026-04-01 20:00:00,EMS-01,84.5,21.2,0.123,130,Low,Within baseline with monitored trend behaviour
2026-04-02 00:00:00,EMS-01,86.1,19.1,0.15,135,Low,Within baseline with monitored trend behaviour
2026-04-02 04:00:00,EMS-01,86.6,18.7,0.161,127,Low,Within baseline with monitored trend behaviour
2026-04-02 08:00:00,EMS-01,82.6,23.7,0.146,126,Low,Within baseline with monitored trend behaviour
2026-04-02 12:00:00,EMS-01,84.8,22.8,0.176,121,Low,Within baseline with monitored trend behaviour
2026-04-02 16:00:00,EMS-01,82.6,27.1,0.263,126,Medium,Within baseline with monitored trend behaviour
2026-04-02 20:00:00,EMS-01,86.2,21.7,0.206,134,Low,Within baseline with monitored trend behaviour
2026-04-03 00:00:00,EMS-01,80.6,27.0,0.264,116,Medium,Within baseline with monitored trend behaviour
2026-04-03 04:00:00,EMS-01,80.5,30.2,0.264,116,Medium,Within baseline with monitored trend behaviour
2026-04-03 08:00:00,EMS-01,87.2,18.7,0.137,134,Low,Within baseline with monitored trend behaviour
2026-04-03 12:00:00,EMS-01,95.0,9.1,0.068,155,Low,Within baseline with monitored trend behaviour
2026-04-03 16:00:00,EMS-01,85.9,22.5,0.168,129,Low,Within baseline with monitored trend behaviour
2026-04-03 20:00:00,EMS-01,86.5,17.4,0.109,134,Low,Within baseline with monitored trend behaviour
2026-04-04 00:00:00,EMS-01,87.0,18.7,0.171,135,Low,Within baseline with monitored trend behaviour
2026-04-04 04:00:00,EMS-01,85.8,16.0,0.075,140,Low,Within baseline with monitored trend behaviour
2026-04-04 08:00:00,EMS-01,90.8,13.1,0.021,147,Low,Within baseline with monitored trend behaviour
2026-04-04 12:00:00,EMS-01,83.8,25.4,0.162,119,Medium,Within baseline with monitored trend behaviour
2026-04-04 16:00:00,EMS-01,92.0,11.9,0.058,145,Low,Within baseline with monitored trend behaviour
2026-04-04 20:00:00,EMS-01,86.2,19.1,0.109,134,Low,Within baseline with monitored trend behaviour
2026-04-05 00:00:00,EMS-01,89.5,11.6,0.019,148,Low,Within baseline with monitored trend behaviour
2026-04-05 04:00:00,EMS-01,95.3,8.1,0.017,150,Low,Within baseline with monitored trend behaviour
2026-04-05 08:00:00,EMS-01,89.6,13.3,0.055,135,Low,Within baseline with monitored trend behaviour
2026-04-05 12:00:00,EMS-01,91.2,9.6,0.011,155,Low,Within baseline with monitored trend behaviour
2026-04-05 16:00:00,EMS-01,94.5,9.1,0.0,148,Low,Within baseline with monitored trend behaviour
2026-04-05 20:00:00,EMS-01,90.1,8.8,0.011,152,Low,Within baseline with monitored trend behaviour
2026-04-06 00:00:00,EMS-01,96.4,5.7,0.0,150,Low,Within baseline with monitored trend behaviour
2026-04-06 04:00:00,EMS-01,92.7,10.5,0.016,142,Low,Within baseline with monitored trend behaviour
2026-04-06 08:00:00,EMS-01,92.0,10.7,0.0,143,Low,Within baseline with monitored trend behaviour
2026-04-06 12:00:00,EMS-01,91.9,10.1,0.0,147,Low,Within baseline with monitored trend behaviour
2026-04-06 16:00:00,EMS-01,92.6,11.1,0.0,149,Low,Within baseline with monitored trend behaviour
2026-04-06 20:00:00,EMS-01,92.9,8.4,0.009,149,Low,Within baseline with monitored trend behaviour
2026-04-07 00:00:00,EMS-01,98.7,3.3,0.0,161,Low,Within baseline with monitored trend behaviour
2026-04-07 04:00:00,EMS-01,96.4,5.7,0.009,143,Low,Within baseline with monitored trend behaviour
2026-04-07 08:00:00,EMS-01,90.3,12.3,0.0,142,Low,Within baseline with monitored trend behaviour
2026-04-07 12:00:00,EMS-01,93.9,9.5,0.0,143,Low,Within baseline with monitored trend behaviour
2026-04-07 16:00:00,EMS-01,94.8,8.1,0.0,148,Low,Within baseline with monitored trend behaviour
2026-04-07 20:00:00,EMS-01,91.2,9.6,0.0,151,Low,Within baseline with monitored trend behaviour
2026-04-08 00:00:00,EMS-01,95.8,5.0,0.0,149,Low,Within baseline with monitored trend behaviour
2026-04-08 04:00:00,EMS-01,93.8,11.3,0.021,153,Low,Within baseline with monitored trend behaviour
2026-04-08 08:00:00,EMS-01,89.7,12.7,0.071,148,Low,Within baseline with monitored trend behaviour
2026-04-08 12:00:00,EMS-01,92.3,9.4,0.016,146,Low,Within baseline with monitored trend behaviour
2026-04-08 16:00:00,EMS-01,95.3,9.1,0.014,145,Low,Within baseline with monitored trend behaviour
2026-04-08 20:00:00,EMS-01,88.6,15.5,0.062,144,Low,Within baseline with monitored trend behaviour
2026-04-09 00:00:00,EMS-01,89.1,16.8,0.118,134,Low,Within baseline with monitored trend behaviour
2026-04-09 04:00:00,EMS-01,83.2,24.8,0.204,117,Low,Within baseline with monitored trend behaviour
2026-04-09 08:00:00,EMS-01,82.9,20.7,0.121,135,Low,Within baseline with monitored trend behaviour
2026-04-09 12:00:00,EMS-01,87.0,19.6,0.162,134,Low,Within baseline with monitored trend behaviour
2026-04-09 16:00:00,EMS-01,87.7,15.3,0.102,138,Low,Within baseline with monitored trend behaviour
2026-04-09 20:00:00,EMS-01,89.3,15.6,0.11,139,Low,Within baseline with monitored trend behaviour
2026-04-10 00:00:00,EMS-01,84.6,18.8,0.159,132,Low,Within baseline with monitored trend behaviour
2026-04-10 04:00:00,EMS-01,83.0,22.1,0.183,130,Low,Within baseline with monitored trend behaviour
2026-04-10 08:00:00,EMS-01,88.9,17.4,0.127,137,Low,Within baseline with monitored trend behaviour
2026-04-10 12:00:00,EMS-01,85.2,19.3,0.13,138,Low,Within baseline with monitored trend behaviour
2026-04-10 16:00:00,EMS-01,89.8,16.9,0.108,140,Low,Within baseline with monitored trend behaviour
2026-04-10 20:00:00,EMS-01,82.0,23.7,0.207,127,Low,Within baseline with monitored trend behaviour
2026-04-11 00:00:00,EMS-01,59.5,54.8,0.608,74,High,ch4_pct trending high
2026-04-11 04:00:00,EMS-01,61.1,51.2,0.505,76,High,Within baseline with monitored trend behaviour
2026-04-11 08:00:00,EMS-01,62.9,50.0,0.529,84,High,Within baseline with monitored trend behaviour
2026-04-11 12:00:00,EMS-01,67.3,46.2,0.525,92,High,Within baseline with monitored trend behaviour
2026-04-11 16:00:00,EMS-01,63.6,51.7,0.536,81,High,ch4_pct trending high
2026-04-11 20:00:00,EMS-01,56.0,59.4,0.701,67,High,ch4_pct trending high
2026-04-12 00:00:00,EMS-01,66.0,49.9,0.566,91,High,ch4_pct trending high
2026-04-12 04:00:00,EMS-01,81.2,27.8,0.267,121,Medium,Within baseline with monitored trend behaviour
2026-04-12 08:00:00,EMS-01,64.8,49.0,0.541,79,High,ch4_pct trending high
2026-04-12 12:00:00,EMS-01,60.5,55.7,0.652,80,High,ch4_pct trending high
2026-04-12 16:00:00,EMS-01,63.2,49.0,0.502,90,High,ch4_pct trending high
2026-04-12 20:00:00,EMS-01,72.0,39.8,0.391,100,Medium,Within baseline with monitored trend behaviour
2026-04-13 00:00:00,EMS-01,69.6,43.7,0.471,98,Medium,Within baseline with monitored trend behaviour
2026-04-13 04:00:00,EMS-01,68.2,45.1,0.481,94,High,Within baseline with monitored trend behaviour
2026-04-13 08:00:00,EMS-01,65.1,47.1,0.504,90,High,ch4_pct trending high
2026-04-13 12:00:00,EMS-01,67.7,43.1,0.428,100,Medium,Within baseline with monitored trend behaviour
2026-04-13 16:00:00,EMS-01,75.8,37.3,0.395,108,Medium,Within baseline with monitored trend behaviour
2026-04-13 20:00:00,EMS-01,57.5,56.2,0.63,73,High,ch4_pct trending high
2026-04-14 00:00:00,EMS-01,60.0,54.9,0.609,75,High,ch4_pct trending high
2026-04-14 04:00:00,EMS-01,68.4,43.7,0.456,91,Medium,Within baseline with monitored trend behaviour
2026-04-14 08:00:00,EMS-01,58.0,60.7,0.649,68,High,ch4_pct trending high
2026-04-14 12:00:00,EMS-01,64.7,50.4,0.519,82,High,Within baseline with monitored trend behaviour
2026-04-14 16:00:00,EMS-01,65.9,45.5,0.47,88,High,Within baseline with monitored trend behaviour
2026-04-14 20:00:00,EMS-01,60.8,55.5,0.594,78,High,ch4_pct trending high
2026-04-15 00:00:00,EMS-01,64.1,46.3,0.487,84,High,Within baseline with monitored trend behaviour
2026-04-15 04:00:00,EMS-01,58.7,58.9,0.644,68,High,Within baseline with monitored trend behaviour
2026-04-15 08:00:00,EMS-01,55.5,60.4,0.629,73,High,ch4_pct trending high
2026-04-15 12:00:00,EMS-01,49.6,68.3,0.815,58,High,ch4_pct trending high
2026-04-15 16:00:00,EMS-01,47.9,74.0,0.855,48,Critical,ch4_pct trending high
2026-04-15 20:00:00,EMS-01,63.4,49.7,0.498,81,High,Within baseline with monitored trend behaviour
2026-04-16 00:00:00,EMS-01,54.7,62.0,0.698,63,High,Within baseline with monitored trend behaviour
2026-04-16 04:00:00,EMS-01,42.1,77.4,0.912,47,Critical,ch4_pct trending high
2026-04-16 08:00:00,EMS-01,50.1,69.2,0.822,55,High,ch4_pct trending high
2026-04-16 12:00:00,EMS-01,37.5,86.7,1.0,22,Critical,ch4_pct trending high
2026-04-16 16:00:00,EMS-01,39.1,84.4,1.0,31,Critical,ch4_pct above upper limit
2026-04-16 20:00:00,EMS-01,40.7,83.6,1.0,29,Critical,ch4_pct trending high
2026-04-17 00:00:00,EMS-01,33.2,88.8,0.993,26,Critical,ch4_pct trending high
2026-04-17 04:00:00,EMS-01,37.6,86.3,1.0,31,Critical,ch4_pct trending high
2026-04-17 08:00:00,EMS-01,38.6,84.5,1.0,26,Critical,ch4_pct above upper limit
2026-04-17 12:00:00,EMS-01,35.3,88.7,1.0,22,Critical,ch4_pct above upper limit
2026-04-17 16:00:00,EMS-01,33.6,88.6,1.0,31,Critical,ch4_pct trending high
2026-04-17 20:00:00,EMS-01,39.8,85.8,1.0,31,Critical,ch4_pct trending high
2026-04-18 00:00:00,EMS-01,41.9,82.1,1.0,30,Critical,ch4_pct above upper limit
2026-04-18 04:00:00,EMS-01,41.0,85.5,1.0,27,Critical,ch4_pct trending high
2026-04-18 08:00:00,EMS-01,35.0,88.2,1.0,31,Critical,ch4_pct above upper limit
2026-04-18 12:00:00,EMS-01,38.9,85.8,1.0,28,Critical,ch4_pct trending high
2026-04-18 16:00:00,EMS-01,36.0,86.0,1.0,26,Critical,ch4_pct trending high
2026-04-18 20:00:00,EMS-01,37.2,84.6,1.0,31,Critical,ch4_pct above upper limit
2026-04-19 00:00:00,EMS-01,34.7,88.8,1.0,31,Critical,ch4_pct above upper limit
2026-04-19 04:00:00,EMS-01,37.6,85.7,1.0,28,Critical,ch4_pct trending high
2026-04-19 08:00:00,EMS-01,35.4,90.5,1.0,23,Critical,ch4_pct trending high
2026-04-19 12:00:00,EMS-01,37.1,84.7,0.967,35,Critical,Within baseline with monitored trend behaviour
2026-04-19 16:00:00,EMS-01,37.8,84.3,1.0,29,Critical,Within baseline with monitored trend behaviour
2026-04-19 20:00:00,EMS-01,38.4,85.5,1.0,28,Critical,Within baseline with monitored trend behaviour
2026-04-20 00:00:00,EMS-01,37.9,84.9,1.0,30,Critical,ch4_pct above upper limit
2026-04-20 04:00:00,EMS-01,40.7,82.5,1.0,39,Critical,ch4_pct trending high
2026-04-20 08:00:00,EMS-01,38.7,86.6,1.0,33,Critical,ch4_pct trending high
2026-04-20 12:00:00,EMS-01,36.3,87.3,1.0,24,Critical,ch4_pct trending high
2026-04-20 16:00:00,EMS-01,36.1,86.2,1.0,38,Critical,ch4_pct above upper limit
2026-04-20 20:00:00,EMS-01,40.3,86.0,1.0,27,Critical,ch4_pct trending high
2026-04-21 00:00:00,EMS-01,37.9,86.1,1.0,33,Critical,ch4_pct trending high
2026-04-21 04:00:00,EMS-01,32.3,91.0,1.0,19,Critical,ch4_pct trending high
2026-04-21 08:00:00,EMS-01,34.9,86.8,1.0,24,Critical,ch4_pct trending high
2026-04-21 12:00:00,EMS-01,36.7,86.8,1.0,27,Critical,ch4_pct trending high
2026-04-21 16:00:00,EMS-01,36.6,87.0,1.0,22,Critical,ch4_pct above upper limit
2026-04-21 20:00:00,EMS-01,36.1,84.0,1.0,33,Critical,ch4_pct above upper limit
2026-04-22 00:00:00,EMS-01,40.1,85.7,1.0,31,Critical,ch4_pct trending high
2026-04-22 04:00:00,EMS-01,38.5,86.2,1.0,21,Critical,ch4_pct trending high
2026-04-22 08:00:00,EMS-01,37.3,86.7,1.0,24,Critical,ch4_pct above upper limit
2026-04-22 12:00:00,EMS-01,39.7,85.1,1.0,27,Critical,ch4_pct trending high
2026-04-22 16:00:00,EMS-01,39.3,85.5,1.0,27,Critical,ch4_pct trending high
2026-04-22 20:00:00,EMS-01,37.7,86.4,1.0,31,Critical,ch4_pct above upper limit
2026-04-23 00:00:00,EMS-01,35.4,86.3,1.0,30,Critical,ch4_pct trending high
2026-04-23 04:00:00,EMS-01,38.2,84.7,1.0,29,Critical,ch4_pct above upper limit
2026-04-23 08:00:00,EMS-01,35.7,90.4,1.0,28,Critical,oil_temperature_C trending high; ch4_pct trending high
2026-04-23 12:00:00,EMS-01,39.1,86.1,1.0,34,Critical,ch4_pct trending high
2026-04-23 16:00:00,EMS-01,37.5,87.6,1.0,19,Critical,oil_temperature_C trending high
2026-04-23 20:00:00,EMS-01,40.0,84.0,1.0,35,Critical,Within baseline with monitored trend behaviour
2026-04-24 00:00:00,EMS-01,39.3,85.7,1.0,24,Critical,oil_temperature_C trending high
2026-04-24 04:00:00,EMS-01,39.7,84.7,1.0,30,Critical,oil_temperature_C trending high
2026-04-24 08:00:00,EMS-01,37.8,85.2,1.0,22,Critical,oil_temperature_C trending high
2026-04-24 12:00:00,EMS-01,35.9,86.0,1.0,26,Critical,oil_temperature_C trending high; ch4_pct trending high
2026-04-24 16:00:00,EMS-01,40.5,85.7,1.0,24,Critical,oil_temperature_C trending high; ch4_pct trending high
2026-04-24 20:00:00,EMS-01,37.6,87.0,1.0,22,Critical,oil_temperature_C trending high; ch4_pct trending high
2026-04-25 00:00:00,EMS-01,36.0,86.1,1.0,27,Critical,oil_temperature_C trending high
2026-04-25 04:00:00,EMS-01,39.7,85.6,1.0,25,Critical,oil_temperature_C trending high
2026-04-25 08:00:00,EMS-01,40.4,81.6,1.0,37,Critical,Within baseline with monitored trend behaviour
2026-04-25 12:00:00,EMS-01,37.0,86.3,1.0,32,Critical,oil_temperature_C trending high
2026-04-25 16:00:00,EMS-01,39.7,85.4,1.0,28,Critical,oil_temperature_C trending high
2026-04-25 20:00:00,EMS-01,38.3,87.3,1.0,30,Critical,oil_temperature_C trending high; ch4_pct trending high
2026-04-26 00:00:00,EMS-01,40.1,84.4,1.0,25,Critical,oil_temperature_C trending high
2026-04-26 04:00:00,EMS-01,34.7,87.1,1.0,33,Critical,oil_temperature_C trending high
2026-04-26 08:00:00,EMS-01,37.9,86.7,1.0,19,Critical,oil_temperature_C trending high; energy_kwh trending high
2026-04-26 12:00:00,EMS-01,38.5,88.0,1.0,23,Critical,oil_temperature_C trending high; ch4_pct trending high
2026-04-26 16:00:00,EMS-01,38.1,85.1,1.0,35,Critical,oil_temperature_C trending high
2026-04-26 20:00:00,EMS-01,38.5,85.8,1.0,31,Critical,oil_temperature_C trending high
2026-04-27 00:00:00,EMS-01,41.5,81.1,1.0,33,Critical,oil_temperature_C trending high
2026-04-27 04:00:00,EMS-01,39.1,86.3,1.0,30,Critical,oil_temperature_C trending high
2026-04-27 08:00:00,EMS-01,38.2,85.5,1.0,28,Critical,Within baseline with monitored trend behaviour
2026-04-27 12:00:00,EMS-01,38.7,87.5,1.0,19,Critical,Within baseline with monitored trend behaviour
2026-04-27 16:00:00,EMS-01,37.2,86.8,1.0,34,Critical,Within baseline with monitored trend behaviour
2026-04-27 20:00:00,EMS-01,37.9,83.8,1.0,28,Critical,oil_temperature_C trending high
2026-04-28 00:00:00,EMS-01,38.1,87.2,1.0,23,Critical,Within baseline with monitored trend behaviour
2026-04-28 04:00:00,EMS-01,36.0,88.0,1.0,27,Critical,oil_temperature_C trending high
2026-04-28 08:00:00,EMS-01,38.6,83.2,1.0,29,Critical,Within baseline with monitored trend behaviour
2026-04-28 12:00:00,EMS-01,36.9,85.9,1.0,23,Critical,Within baseline with monitored trend behaviour
2026-04-28 16:00:00,EMS-01,38.7,86.9,1.0,22,Critical,Within baseline with monitored trend behaviour
2026-04-28 20:00:00,EMS-01,40.2,83.3,1.0,33,Critical,Within baseline with monitored trend behaviour
2026-04-29 00:00:00,EMS-01,42.1,83.9,1.0,26,Critical,Within baseline with monitored trend behaviour
2026-04-29 04:00:00,EMS-01,38.1,85.5,1.0,24,Critical,Within baseline with monitored trend behaviour
2026-04-29 08:00:00,EMS-01,34.1,89.6,1.0,28,Critical,Within baseline with monitored trend behaviour
2026-04-29 12:00:00,EMS-01,38.1,85.4,1.0,25,Critical,oil_temperature_C trending high
2026-04-29 16:00:00,EMS-01,40.1,87.4,1.0,22,Critical,oil_temperature_C trending high
2026-04-29 20:00:00,EMS-01,40.7,85.4,1.0,23,Critical,oil_temperature_C trending high
2026-04-30 00:00:00,EMS-01,41.3,84.4,1.0,30,Critical,Within baseline with monitored trend behaviour
2026-04-30 04:00:00,EMS-01,40.3,84.3,1.0,23,Critical,Within baseline with monitored trend behaviour
2026-04-30 08:00:00,EMS-01,33.6,88.2,1.0,19,Critical,oil_temperature_C trending high
2026-04-30 12:00:00,EMS-01,35.6,86.7,1.0,25,Critical,Within baseline with monitored trend behaviour
2026-04-30 16:00:00,EMS-01,36.2,87.1,1.0,24,Critical,oil_temperature_C trending high
2026-04-30 20:00:00,EMS-01,37.5,87.7,1.0,30,Critical,Within baseline with monitored trend behaviour
2026-05-01 00:00:00,EMS-01,37.8,84.3,1.0,34,Critical,oil_temperature_C trending high
2026-05-01 04:00:00,EMS-01,37.2,86.8,1.0,23,Critical,oil_temperature_C trending high
2026-05-01 08:00:00,EMS-01,36.3,87.6,1.0,27,Critical,oil_temperature_C trending high; ch4_pct trending high
2026-05-01 12:00:00,EMS-01,36.4,88.5,1.0,17,Critical,oil_temperature_C trending high; ch4_pct trending high
2026-05-01 16:00:00,EMS-01,38.9,87.1,1.0,29,Critical,oil_temperature_C trending high
2026-05-01 20:00:00,EMS-01,35.3,86.3,1.0,24,Critical,oil_temperature_C trending high; energy_kwh trending high
2026-05-02 00:00:00,EMS-01,40.1,85.0,1.0,29,Critical,oil_temperature_C trending high
2026-05-02 04:00:00,EMS-01,35.8,87.8,1.0,24,Critical,oil_temperature_C trending high
2026-05-02 08:00:00,EMS-01,40.8,81.4,1.0,27,Critical,oil_temperature_C trending high; ch4_pct trending high
2026-05-02 12:00:00,EMS-01,36.3,89.5,1.0,22,Critical,oil_temperature_C trending high
2026-05-02 16:00:00,EMS-01,39.7,83.6,1.0,32,Critical,oil_temperature_C trending high
2026-05-02 20:00:00,EMS-01,38.6,84.3,1.0,33,Critical,oil_temperature_C trending high; ch4_pct trending high
2026-05-03 00:00:00,EMS-01,39.0,83.9,1.0,26,Critical,oil_temperature_C trending high; ch4_pct trending high
2026-05-03 04:00:00,EMS-01,38.8,86.7,1.0,31,Critical,oil_temperature_C trending high; ch4_pct trending high
2026-05-03 08:00:00,EMS-01,39.4,86.8,1.0,26,Critical,oil_temperature_C trending high; ch4_pct trending high
2026-05-03 12:00:00,EMS-01,40.1,83.3,1.0,30,Critical,oil_temperature_C trending high
2026-05-03 16:00:00,EMS-01,36.4,88.1,1.0,21,Critical,energy_kwh trending high; ch4_pct trending high
2026-05-03 20:00:00,EMS-01,38.9,84.3,1.0,28,Critical,oil_temperature_C trending high
2026-05-04 00:00:00,EMS-01,36.0,87.2,1.0,33,Critical,oil_temperature_C trending high; ch4_pct trending high
2026-05-04 04:00:00,EMS-01,37.5,84.2,1.0,31,Critical,oil_temperature_C trending high
2026-05-04 08:00:00,EMS-01,40.0,83.4,1.0,27,Critical,oil_temperature_C trending high; ch4_pct trending high
2026-05-04 12:00:00,EMS-01,37.4,87.3,1.0,28,Critical,oil_temperature_C trending high
2026-05-04 16:00:00,EMS-01,37.5,86.8,1.0,25,Critical,oil_temperature_C trending high
2026-05-04 20:00:00,EMS-01,38.4,84.1,1.0,29,Critical,oil_temperature_C trending high
2026-05-05 00:00:00,EMS-01,36.7,87.2,1.0,23,Critical,oil_temperature_C trending high
2026-05-05 04:00:00,EMS-01,39.2,85.2,1.0,27,Critical,oil_temperature_C trending high
2026-05-05 08:00:00,EMS-01,36.3,87.2,1.0,23,Critical,Within baseline with monitored trend behaviour
2026-05-05 12:00:00,EMS-01,39.0,89.0,1.0,20,Critical,Within baseline with monitored trend behaviour
2026-05-05 16:00:00,EMS-01,38.1,88.6,1.0,25,Critical,Within baseline with monitored trend behaviour
2026-05-05 20:00:00,EMS-01,38.5,82.4,1.0,29,Critical,Within baseline with monitored trend behaviour
2026-05-06 00:00:00,EMS-01,37.4,85.0,1.0,29,Critical,Within baseline with monitored trend behaviour
2026-05-06 04:00:00,EMS-01,39.9,87.2,1.0,21,Critical,Within baseline with monitored trend behaviour
2026-05-06 08:00:00,EMS-01,39.3,84.7,1.0,22,Critical,Within baseline with monitored trend behaviour
2026-05-06 12:00:00,EMS-01,34.9,89.7,1.0,19,Critical,oil_temperature_C trending high
2026-05-06 16:00:00,EMS-01,37.7,86.3,1.0,24,Critical,Within baseline with monitored trend behaviour
2026-05-06 20:00:00,EMS-01,34.8,90.7,1.0,20,Critical,oil_temperature_C trending high
2026-05-07 00:00:00,EMS-01,39.7,85.0,1.0,27,Critical,Within baseline with monitored trend behaviour
2026-05-07 04:00:00,EMS-01,38.4,86.5,1.0,28,Critical,oil_temperature_C trending high
2026-05-07 08:00:00,EMS-01,37.0,87.4,1.0,23,Critical,Within baseline with monitored trend behaviour
2026-05-07 12:00:00,EMS-01,39.4,83.8,1.0,29,Critical,Within baseline with monitored trend behaviour
2026-05-07 16:00:00,EMS-01,33.2,87.8,1.0,23,Critical,Within baseline with monitored trend behaviour
2026-05-07 20:00:00,EMS-01,40.4,84.5,1.0,33,Critical,oil_temperature_C trending high
2026-05-08 00:00:00,EMS-01,40.3,85.9,1.0,29,Critical,Within baseline with monitored trend behaviour
2026-05-08 04:00:00,EMS-01,35.5,86.3,1.0,26,Critical,oil_temperature_C trending high; ch4_pct trending high
2026-05-08 08:00:00,EMS-01,35.0,84.3,1.0,23,Critical,Within baseline with monitored trend behaviour
2026-05-08 12:00:00,EMS-01,36.3,88.7,1.0,26,Critical,oil_temperature_C trending high
2026-05-08 16:00:00,EMS-01,36.2,89.1,1.0,18,Critical,Within baseline with monitored trend behaviour
2026-05-08 20:00:00,EMS-01,39.5,83.9,1.0,25,Critical,oil_temperature_C trending high
2026-05-09 00:00:00,EMS-01,38.7,83.7,1.0,27,Critical,oil_temperature_C trending high
2026-05-09 04:00:00,EMS-01,38.3,85.5,1.0,27,Critical,oil_temperature_C trending high
2026-05-09 08:00:00,EMS-01,39.5,85.6,1.0,28,Critical,oil_temperature_C trending high
2026-05-09 12:00:00,EMS-01,36.5,88.0,1.0,17,Critical,oil_temperature_C trending high
2026-05-09 16:00:00,EMS-01,37.0,85.5,1.0,29,Critical,oil_temperature_C trending high
2026-05-09 20:00:00,EMS-01,40.7,83.0,1.0,30,Critical,oil_temperature_C trending high
2026-05-10 00:00:00,EMS-01,37.4,87.5,1.0,22,Critical,oil_temperature_C trending high
2026-05-10 04:00:00,EMS-01,42.2,83.8,1.0,28,Critical,oil_temperature_C trending high
2026-05-10 08:00:00,EMS-01,38.8,85.3,1.0,30,Critical,oil_temperature_C trending high; energy_kwh trending high
2026-05-10 12:00:00,EMS-01,40.2,85.5,1.0,26,Critical,oil_temperature_C trending high; ch4_pct trending high
2026-05-10 16:00:00,EMS-01,37.4,87.5,1.0,25,Critical,oil_temperature_C trending high
2026-05-10 20:00:00,EMS-01,37.5,87.8,1.0,28,Critical,oil_temperature_C trending high; ch4_pct trending high
2026-05-11 00:00:00,EMS-01,40.0,85.8,1.0,22,Critical,oil_temperature_C trending high
2026-05-11 04:00:00,EMS-01,36.3,86.8,1.0,20,Critical,oil_temperature_C trending high; ch4_pct trending high
2026-05-11 08:00:00,EMS-01,39.3,88.6,1.0,20,Critical,oil_temperature_C trending high
2026-05-11 12:00:00,EMS-01,39.5,84.0,1.0,24,Critical,oil_temperature_C trending high; ch4_pct trending high
2026-05-11 16:00:00,EMS-01,37.1,88.6,1.0,23,Critical,Within baseline with monitored trend behaviour
2026-05-11 20:00:00,EMS-01,37.2,85.8,1.0,29,Critical,oil_temperature_C trending high
2026-05-12 00:00:00,EMS-01,36.7,85.8,1.0,31,Critical,oil_temperature_C trending high
2026-05-12 04:00:00,EMS-01,34.8,90.9,1.0,18,Critical,oil_temperature_C trending high
2026-05-12 08:00:00,EMS-01,35.0,89.6,1.0,23,Critical,Within baseline with monitored trend behaviour
2026-05-12 12:00:00,EMS-01,39.6,84.9,1.0,22,Critical,Within baseline with monitored trend behaviour
2026-05-12 16:00:00,EMS-01,36.0,85.5,1.0,27,Critical,oil_temperature_C trending high
2026-05-12 20:00:00,EMS-01,36.0,86.8,1.0,32,Critical,Within baseline with monitored trend behaviour
2026-05-13 00:00:00,EMS-01,37.8,86.2,1.0,20,Critical,oil_temperature_C trending high
2026-05-13 04:00:00,EMS-01,35.6,87.6,1.0,25,Critical,Within baseline with monitored trend behaviour
2026-05-13 08:00:00,EMS-01,40.0,84.2,1.0,26,Critical,Within baseline with monitored trend behaviour
2026-05-13 12:00:00,EMS-01,35.0,87.6,1.0,24,Critical,Within baseline with monitored trend behaviour
2026-05-13 16:00:00,EMS-01,38.5,84.0,1.0,29,Critical,Within baseline with monitored trend behaviour
2026-05-13 20:00:00,EMS-01,38.6,86.1,1.0,27,Critical,Within baseline with monitored trend behaviour
2026-05-14 00:00:00,EMS-01,37.6,86.3,1.0,20,Critical,Within baseline with monitored trend behaviour
2026-05-14 04:00:00,EMS-01,35.7,90.4,1.0,17,Critical,oil_temperature_C trending high
2026-05-14 08:00:00,EMS-01,38.9,85.4,1.0,25,Critical,ch4_pct trending high
2026-05-14 12:00:00,EMS-01,36.5,87.1,1.0,29,Critical,oil_temperature_C trending high
2026-05-14 16:00:00,EMS-01,34.4,87.4,1.0,23,Critical,Within baseline with monitored trend behaviour
2026-05-14 20:00:00,EMS-01,34.9,87.6,1.0,26,Critical,Within baseline with monitored trend behaviour
2026-05-15 00:00:00,EMS-01,35.2,87.3,1.0,21,Critical,Within baseline with monitored trend behaviour
2026-05-15 04:00:00,EMS-01,41.0,83.7,1.0,23,Critical,Within baseline with monitored trend behaviour
2026-05-15 08:00:00,EMS-01,39.5,84.1,1.0,35,Critical,oil_temperature_C trending high
2026-05-15 12:00:00,EMS-01,34.8,88.4,1.0,15,Critical,oil_temperature_C trending high
2026-05-15 16:00:00,EMS-01,36.8,84.8,1.0,29,Critical,oil_temperature_C trending high
2026-05-15 20:00:00,EMS-01,38.5,87.3,1.0,22,Critical,oil_temperature_C trending high
2026-05-16 00:00:00,EMS-01,36.3,86.2,1.0,24,Critical,oil_temperature_C trending high
2026-05-16 04:00:00,EMS-01,35.6,88.5,1.0,21,Critical,oil_temperature_C trending high
2026-05-16 08:00:00,EMS-01,37.2,86.1,1.0,25,Critical,oil_temperature_C trending high
2026-05-16 12:00:00,EMS-01,37.5,89.6,1.0,15,Critical,oil_temperature_C trending high
2026-05-16 16:00:00,EMS-01,39.0,86.2,1.0,24,Critical,oil_temperature_C trending high
2026-05-16 20:00:00,EMS-01,38.8,83.4,1.0,30,Critical,ch4_pct trending high
2026-05-17 00:00:00,EMS-01,34.3,89.9,1.0,14,Critical,oil_temperature_C trending high
2026-05-17 04:00:00,EMS-01,36.8,88.3,1.0,18,Critical,oil_temperature_C trending high; ch4_pct trending high
2026-05-17 08:00:00,EMS-01,38.1,85.6,1.0,27,Critical,oil_temperature_C trending high; ch4_pct trending high
2026-05-17 12:00:00,EMS-01,35.5,86.5,1.0,22,Critical,oil_temperature_C trending high; ch4_pct trending high
2026-05-17 16:00:00,EMS-01,37.1,89.7,1.0,23,Critical,oil_temperature_C trending high; ch4_pct trending high
2026-05-17 20:00:00,EMS-01,39.8,84.3,1.0,30,Critical,oil_temperature_C trending high
2026-05-18 00:00:00,EMS-01,39.7,86.1,1.0,20,Critical,oil_temperature_C trending high; ch4_pct trending high
2026-05-18 04:00:00,EMS-01,36.9,86.4,1.0,29,Critical,oil_temperature_C trending high; energy_kwh trending high; ch4_pct trending high
2026-05-18 08:00:00,EMS-01,37.8,85.9,1.0,19,Critical,oil_temperature_C trending high; energy_kwh trending high
2026-05-18 12:00:00,EMS-01,37.6,87.7,1.0,21,Critical,oil_temperature_C trending high
2026-05-18 16:00:00,EMS-01,38.8,87.2,1.0,22,Critical,oil_temperature_C trending high
2026-05-18 20:00:00,EMS-01,38.3,86.9,1.0,15,Critical,oil_temperature_C trending high
2026-05-19 00:00:00,EMS-01,34.9,86.9,1.0,22,Critical,oil_temperature_C trending high; ch4_pct trending high
2026-05-19 04:00:00,EMS-01,34.5,87.1,1.0,22,Critical,oil_temperature_C trending high; ch4_pct trending high
2026-05-19 08:00:00,EMS-01,38.2,85.3,1.0,27,Critical,Within baseline with monitored trend behaviour
2026-05-19 12:00:00,EMS-01,36.4,89.8,1.0,17,Critical,oil_temperature_C trending high; ch4_pct trending high
2026-05-19 16:00:00,EMS-01,42.1,83.3,1.0,27,Critical,oil_temperature_C trending high
2026-05-19 20:00:00,EMS-01,38.8,82.6,1.0,23,Critical,oil_temperature_C trending high
2026-05-20 00:00:00,EMS-01,41.2,83.8,1.0,27,Critical,oil_temperature_C trending high
2026-05-20 04:00:00,EMS-01,33.1,87.1,1.0,24,Critical,Within baseline with monitored trend behaviour
2026-05-20 08:00:00,EMS-01,34.5,87.3,1.0,16,Critical,oil_temperature_C trending high
2026-05-20 12:00:00,EMS-01,35.5,88.3,1.0,23,Critical,Within baseline with monitored trend behaviour
2026-05-20 16:00:00,EMS-01,37.3,86.0,1.0,22,Critical,Within baseline with monitored trend behaviour
2026-05-20 20:00:00,EMS-01,41.5,82.0,1.0,24,Critical,Within baseline with monitored trend behaviour
2026-05-21 00:00:00,EMS-01,38.5,82.3,1.0,25,Critical,Within baseline with monitored trend behaviour
2026-05-21 04:00:00,EMS-01,36.0,87.2,1.0,24,Critical,Within baseline with monitored trend behaviour
2026-05-21 08:00:00,EMS-01,38.3,87.8,1.0,27,Critical,Within baseline with monitored trend behaviour
2026-05-21 12:00:00,EMS-01,38.3,86.9,1.0,19,Critical,Within baseline with monitored trend behaviour
2026-05-21 16:00:00,EMS-01,41.9,81.4,1.0,24,Critical,oil_temperature_C trending high
2026-05-21 20:00:00,EMS-01,38.3,83.2,1.0,30,Critical,Within baseline with monitored trend behaviour
2026-05-22 00:00:00,EMS-01,36.9,87.9,1.0,15,Critical,Within baseline with monitored trend behaviour
2026-05-22 04:00:00,EMS-01,40.6,85.4,1.0,22,Critical,Within baseline with monitored trend behaviour
2026-05-22 08:00:00,EMS-01,40.8,85.0,1.0,33,Critical,Within baseline with monitored trend behaviour
2026-05-22 12:00:00,EMS-01,36.1,85.3,1.0,24,Critical,Within baseline with monitored trend behaviour
2026-05-22 16:00:00,EMS-01,40.8,85.3,1.0,19,Critical,Within baseline with monitored trend behaviour
2026-05-22 20:00:00,EMS-01,38.8,84.2,1.0,28,Critical,Within baseline with monitored trend behaviour
2026-05-23 00:00:00,EMS-01,41.2,83.9,1.0,24,Critical,oil_temperature_C trending high
2026-05-23 04:00:00,EMS-01,39.0,83.0,1.0,22,Critical,oil_temperature_C trending high
2026-05-23 08:00:00,EMS-01,42.8,83.4,1.0,27,Critical,oil_temperature_C trending high
2026-05-23 12:00:00,EMS-01,35.9,88.1,1.0,22,Critical,oil_temperature_C trending high
2026-05-23 16:00:00,EMS-01,41.8,84.4,1.0,24,Critical,oil_temperature_C trending high
2026-05-23 20:00:00,EMS-01,37.4,84.3,1.0,20,Critical,oil_temperature_C trending high
2026-05-24 00:00:00,EMS-01,42.5,83.5,1.0,25,Critical,oil_temperature_C trending high
2026-05-24 04:00:00,EMS-01,43.4,85.4,1.0,29,Critical,oil_temperature_C trending high; ch4_pct trending high
2026-05-24 08:00:00,EMS-01,41.9,83.5,1.0,25,Critical,Within baseline with monitored trend behaviour
2026-05-24 12:00:00,EMS-01,37.4,85.7,1.0,22,Critical,oil_temperature_C trending high
2026-05-24 16:00:00,EMS-01,38.4,84.8,1.0,22,Critical,oil_temperature_C trending high; ch4_pct trending high
2026-05-24 20:00:00,EMS-01,38.2,86.9,1.0,21,Critical,oil_temperature_C trending high; ch4_pct trending high
2026-05-25 00:00:00,EMS-01,37.5,89.0,1.0,23,Critical,oil_temperature_C trending high
2026-05-25 04:00:00,EMS-01,37.4,84.5,1.0,26,Critical,oil_temperature_C trending high; energy_kwh trending high
2026-05-25 08:00:00,EMS-01,36.0,86.8,1.0,22,Critical,oil_temperature_C trending high
2026-05-25 12:00:00,EMS-01,40.0,82.6,1.0,22,Critical,oil_temperature_C trending high
2026-05-25 16:00:00,EMS-01,38.7,86.8,1.0,12,Critical,oil_temperature_C trending high
2026-05-25 20:00:00,EMS-01,44.9,79.8,1.0,27,Critical,oil_temperature_C trending high; energy_kwh trending high; ch4_pct trending high
2026-05-26 00:00:00,EMS-01,37.3,84.9,1.0,28,Critical,oil_temperature_C trending high; energy_kwh trending high
2026-05-26 04:00:00,EMS-01,36.2,87.9,1.0,22,Critical,oil_temperature_C trending high; ch4_pct trending high
2026-05-26 08:00:00,EMS-01,38.1,86.6,1.0,24,Critical,oil_temperature_C trending high
2026-05-26 12:00:00,EMS-01,37.3,86.0,1.0,26,Critical,oil_temperature_C trending high
2026-05-26 16:00:00,EMS-01,37.8,86.3,1.0,22,Critical,oil_temperature_C trending high; ch4_pct trending high
2026-05-26 20:00:00,EMS-01,37.0,84.8,1.0,21,Critical,oil_temperature_C trending high
2026-05-27 00:00:00,EMS-01,37.6,86.4,1.0,17,Critical,oil_temperature_C trending high
2026-05-27 04:00:00,EMS-01,38.3,83.2,1.0,26,Critical,oil_temperature_C trending high
2026-05-27 08:00:00,EMS-01,34.0,89.2,1.0,20,Critical,Within baseline with monitored trend behaviour
2026-05-27 12:00:00,EMS-01,41.2,83.2,1.0,23,Critical,Within baseline with monitored trend behaviour
2026-05-27 16:00:00,EMS-01,39.3,85.8,1.0,22,Critical,oil_temperature_C trending high; ch4_pct trending high
2026-05-27 20:00:00,EMS-01,37.9,86.5,1.0,28,Critical,oil_temperature_C trending high
2026-05-28 00:00:00,EMS-01,39.7,83.4,1.0,26,Critical,oil_temperature_C trending high
2026-05-28 04:00:00,EMS-01,40.6,84.2,1.0,23,Critical,Within baseline with monitored trend behaviour
2026-05-28 08:00:00,EMS-01,37.0,87.6,1.0,18,Critical,Within baseline with monitored trend behaviour
2026-05-28 12:00:00,EMS-01,32.9,89.4,1.0,19,Critical,Within baseline with monitored trend behaviour
2026-05-28 16:00:00,EMS-01,33.8,88.8,1.0,17,Critical,Within baseline with monitored trend behaviour
2026-05-28 20:00:00,EMS-01,36.1,86.9,1.0,22,Critical,Within baseline with monitored trend behaviour
2026-05-29 00:00:00,EMS-01,37.1,88.8,1.0,25,Critical,Within baseline with monitored trend behaviour
2026-05-29 04:00:00,EMS-01,39.3,83.9,1.0,19,Critical,Within baseline with monitored trend behaviour
2026-05-29 08:00:00,EMS-01,39.5,85.1,1.0,24,Critical,Within baseline with monitored trend behaviour
2026-05-29 12:00:00,EMS-01,38.7,84.9,1.0,15,Critical,Within baseline with monitored trend behaviour
2026-05-29 16:00:00,EMS-01,40.4,86.1,1.0,15,Critical,Within baseline with monitored trend behaviour
2026-05-29 20:00:00,EMS-01,40.2,85.9,1.0,17,Critical,Within baseline with monitored trend behaviour
2026-05-30 00:00:00,EMS-01,40.1,85.6,1.0,32,Critical,Within baseline with monitored trend behaviour
2026-05-30 04:00:00,EMS-01,38.2,86.5,1.0,16,Critical,oil_temperature_C trending high
2026-05-30 08:00:00,EMS-01,37.1,86.7,1.0,22,Critical,oil_temperature_C trending high
2026-05-30 12:00:00,EMS-01,37.0,87.0,1.0,25,Critical,Within baseline with monitored trend behaviour
2026-05-30 16:00:00,EMS-01,36.2,87.1,1.0,15,Critical,oil_temperature_C trending high
2026-05-30 20:00:00,EMS-01,37.7,88.9,1.0,18,Critical,oil_temperature_C trending high
2026-05-31 00:00:00,EMS-01,39.5,83.4,1.0,27,Critical,oil_temperature_C trending high
2026-05-31 04:00:00,EMS-01,42.2,84.1,1.0,19,Critical,Within baseline with monitored trend behaviour
2026-05-31 08:00:00,EMS-01,40.1,83.6,1.0,30,Critical,oil_temperature_C trending high
2026-05-31 12:00:00,EMS-01,40.5,80.9,1.0,18,Critical,oil_temperature_C trending high; ch4_pct trending high
2026-05-31 16:00:00,EMS-01,34.9,88.6,1.0,24,Critical,oil_temperature_C trending high
2026-05-31 20:00:00,EMS-01,38.9,82.6,1.0,25,Critical,oil_temperature_C trending high; energy_kwh trending high
2026-06-01 00:00:00,EMS-01,37.5,86.9,1.0,17,Critical,oil_temperature_C trending high; ch4_pct trending high
2026-06-01 04:00:00,EMS-01,41.2,81.1,1.0,28,Critical,oil_temperature_C trending high
2026-06-01 08:00:00,EMS-01,40.8,85.0,1.0,21,Critical,oil_temperature_C trending high
2026-06-01 12:00:00,EMS-01,36.8,88.9,1.0,19,Critical,ch4_pct trending high
2026-06-01 16:00:00,EMS-01,37.4,87.7,1.0,17,Critical,oil_temperature_C trending high; ch4_pct trending high
2026-06-01 20:00:00,EMS-01,38.7,87.0,1.0,21,Critical,oil_temperature_C trending high
2026-06-02 00:00:00,EMS-01,41.4,83.0,1.0,28,Critical,oil_temperature_C trending high; ch4_pct trending high
2026-06-02 04:00:00,EMS-01,36.4,87.7,1.0,15,Critical,oil_temperature_C trending high
2026-06-02 08:00:00,EMS-01,39.5,85.9,1.0,15,Critical,oil_temperature_C trending high; energy_kwh trending high; ch4_pct trending high
2026-06-02 12:00:00,EMS-01,35.0,86.1,1.0,15,Critical,oil_temperature_C trending high
2026-06-02 16:00:00,EMS-01,36.9,88.2,1.0,13,Critical,oil_temperature_C trending high; ch4_pct trending high
2026-06-02 20:00:00,EMS-01,36.2,87.3,1.0,20,Critical,oil_temperature_C trending high
2026-06-03 00:00:00,EMS-01,38.5,86.9,1.0,23,Critical,oil_temperature_C trending high; ch4_pct trending high
2026-06-03 04:00:00,EMS-01,38.0,85.6,1.0,27,Critical,ch4_pct trending high
2026-06-03 08:00:00,EMS-01,40.1,84.2,1.0,21,Critical,oil_temperature_C trending high
2026-06-03 12:00:00,EMS-01,40.7,86.1,1.0,16,Critical,oil_temperature_C trending high; ch4_pct trending high
2026-06-03 16:00:00,EMS-01,42.3,83.1,1.0,26,Critical,oil_temperature_C trending high
2026-06-03 20:00:00,EMS-01,38.9,84.6,1.0,22,Critical,oil_temperature_C trending high
2026-06-04 00:00:00,EMS-01,40.5,85.4,1.0,18,Critical,oil_temperature_C trending high
2026-06-04 04:00:00,EMS-01,36.8,85.6,1.0,20,Critical,oil_temperature_C trending high
2026-06-04 08:00:00,EMS-01,39.5,84.7,1.0,22,Critical,Within baseline with monitored trend behaviour
2026-06-04 12:00:00,EMS-01,39.3,87.2,1.0,14,Critical,oil_temperature_C trending high
2026-06-04 16:00:00,EMS-01,35.5,86.3,1.0,20,Critical,oil_temperature_C trending high
2026-06-04 20:00:00,EMS-01,36.8,87.1,1.0,20,Critical,Within baseline with monitored trend behaviour
2026-06-05 00:00:00,EMS-01,38.5,86.6,1.0,15,Critical,oil_temperature_C trending high
2026-06-05 04:00:00,EMS-01,36.0,88.2,1.0,10,Critical,oil_temperature_C trending high
2026-06-05 08:00:00,EMS-01,37.5,84.2,1.0,21,Critical,Within baseline with monitored trend behaviour
2026-06-05 12:00:00,EMS-01,37.0,84.3,1.0,16,Critical,Within baseline with monitored trend behaviour
2026-06-05 16:00:00,EMS-01,40.2,86.0,1.0,21,Critical,Within baseline with monitored trend behaviour
2026-06-05 20:00:00,EMS-01,37.3,84.8,1.0,17,Critical,oil_temperature_C trending high
2026-06-06 00:00:00,EMS-01,38.2,85.5,1.0,23,Critical,Within baseline with monitored trend behaviour
2026-06-06 04:00:00,EMS-01,40.7,85.3,1.0,16,Critical,oil_temperature_C trending high
2026-06-06 08:00:00,EMS-01,40.3,83.8,1.0,22,Critical,Within baseline with monitored trend behaviour
2026-06-06 12:00:00,EMS-01,37.7,84.9,1.0,16,Critical,oil_temperature_C trending high
2026-06-06 16:00:00,EMS-01,40.1,81.8,1.0,22,Critical,Within baseline with monitored trend behaviour
2026-06-06 20:00:00,EMS-01,37.6,86.6,1.0,17,Critical,Within baseline with monitored trend behaviour
2026-06-07 00:00:00,EMS-01,40.5,85.0,1.0,18,Critical,oil_temperature_C trending high; ch4_pct trending high
2026-06-07 04:00:00,EMS-01,38.8,87.9,1.0,18,Critical,oil_temperature_C trending high
2026-06-07 08:00:00,EMS-01,38.3,85.2,1.0,24,Critical,Within baseline with monitored trend behaviour
2026-06-07 12:00:00,EMS-01,42.2,85.3,1.0,18,Critical,oil_temperature_C trending high
2026-06-07 16:00:00,EMS-01,38.5,87.4,1.0,11,Critical,oil_temperature_C trending high
2026-06-07 20:00:00,EMS-01,37.3,86.4,1.0,18,Critical,Within baseline with monitored trend behaviour
2026-06-08 00:00:00,EMS-01,36.3,88.0,1.0,23,Critical,oil_temperature_C trending high; ch4_pct trending high
2026-06-08 04:00:00,EMS-01,38.1,83.5,1.0,23,Critical,oil_temperature_C trending high; ch4_pct trending high
2026-06-08 08:00:00,EMS-01,37.7,84.8,1.0,13,Critical,oil_temperature_C trending high
2026-06-08 12:00:00,EMS-01,37.1,88.1,1.0,19,Critical,oil_temperature_C trending high; ch4_pct trending high
2026-06-08 16:00:00,EMS-01,40.0,84.5,1.0,31,Critical,oil_temperature_C trending high; ch4_pct trending high
2026-06-08 20:00:00,EMS-01,37.3,87.2,1.0,18,Critical,oil_temperature_C trending high; ch4_pct trending high
2026-06-09 00:00:00,EMS-01,34.6,88.5,1.0,15,Critical,oil_temperature_C trending high
2026-06-09 04:00:00,EMS-01,38.6,86.1,1.0,17,Critical,oil_temperature_C trending high
2026-06-09 08:00:00,EMS-01,41.0,82.0,1.0,35,Critical,oil_temperature_C trending high; ch4_pct trending high
2026-06-09 12:00:00,EMS-01,35.7,86.9,1.0,16,Critical,oil_temperature_C trending high; ch4_pct trending high
2026-06-09 16:00:00,EMS-01,40.8,85.5,1.0,20,Critical,oil_temperature_C trending high
2026-06-09 20:00:00,EMS-01,36.8,88.2,1.0,16,Critical,oil_temperature_C trending high; ch4_pct trending high
2026-06-10 00:00:00,EMS-01,40.7,84.0,1.0,20,Critical,oil_temperature_C trending high
2026-06-10 04:00:00,EMS-01,36.5,88.3,1.0,16,Critical,oil_temperature_C trending high; energy_kwh trending high
2026-06-10 08:00:00,EMS-01,38.4,84.5,1.0,20,Critical,oil_temperature_C trending high
2026-06-10 12:00:00,EMS-01,40.4,86.1,1.0,14,Critical,oil_temperature_C trending high
2026-06-10 16:00:00,EMS-01,40.6,86.3,1.0,14,Critical,oil_temperature_C trending high
2026-06-10 20:00:00,EMS-01,40.0,85.2,1.0,16,Critical,oil_temperature_C trending high
2026-06-11 00:00:00,EMS-01,37.8,89.0,1.0,16,Critical,oil_temperature_C trending high
2026-06-11 04:00:00,EMS-01,41.6,80.1,1.0,32,Critical,oil_temperature_C trending high
2026-06-11 08:00:00,EMS-01,38.6,85.3,1.0,29,Critical,Within baseline with monitored trend behaviour
2026-06-11 12:00:00,EMS-01,38.0,86.6,1.0,17,Critical,Within baseline with monitored trend behaviour
2026-06-11 16:00:00,EMS-01,37.4,89.1,1.0,12,Critical,Within baseline with monitored trend behaviour
2026-06-11 20:00:00,EMS-01,37.9,84.6,1.0,20,Critical,oil_temperature_C trending high
2026-06-12 00:00:00,EMS-01,39.4,84.4,1.0,25,Critical,Within baseline with monitored trend behaviour
2026-06-12 04:00:00,EMS-01,38.2,84.4,1.0,19,Critical,oil_temperature_C trending high
2026-06-12 08:00:00,EMS-01,36.1,86.7,1.0,12,Critical,Within baseline with monitored trend behaviour
2026-06-12 12:00:00,EMS-01,38.5,85.5,1.0,19,Critical,Within baseline with monitored trend behaviour
2026-06-12 16:00:00,EMS-01,39.5,85.8,1.0,24,Critical,Within baseline with monitored trend behaviour
2026-06-12 20:00:00,EMS-01,38.4,85.9,1.0,27,Critical,Within baseline with monitored trend behaviour
2026-06-13 00:00:00,EMS-01,37.8,85.5,1.0,14,Critical,Within baseline with monitored trend behaviour
2026-06-13 04:00:00,EMS-01,34.9,87.4,1.0,14,Critical,Within baseline with monitored trend behaviour
2026-06-13 08:00:00,EMS-01,37.6,84.0,1.0,28,Critical,Within baseline with monitored trend behaviour
2026-06-13 12:00:00,EMS-01,35.5,86.3,1.0,20,Critical,ch4_pct trending high
2026-06-13 16:00:00,EMS-01,37.3,88.0,1.0,20,Critical,oil_temperature_C trending high
2026-06-13 20:00:00,EMS-01,38.4,87.1,1.0,17,Critical,Within baseline with monitored trend behaviour
2026-06-14 00:00:00,EMS-01,37.1,89.0,1.0,15,Critical,Within baseline with monitored trend behaviour
2026-06-14 04:00:00,EMS-01,40.9,84.3,1.0,26,Critical,Within baseline with monitored trend behaviour
2026-06-14 08:00:00,EMS-01,34.9,90.3,1.0,14,Critical,oil_temperature_C trending high
2026-06-14 12:00:00,EMS-01,34.6,86.8,1.0,21,Critical,Within baseline with monitored trend behaviour
2026-06-14 16:00:00,EMS-01,36.7,87.0,1.0,14,Critical,oil_temperature_C trending high
2026-06-14 20:00:00,EMS-01,40.7,83.7,1.0,20,Critical,oil_temperature_C trending high
2026-06-15 00:00:00,EMS-01,37.2,87.0,1.0,18,Critical,oil_temperature_C trending high
2026-06-15 04:00:00,EMS-01,37.0,88.6,1.0,16,Critical,Within baseline with monitored trend behaviour
2026-06-15 08:00:00,EMS-01,39.6,84.9,1.0,20,Critical,oil_temperature_C trending high
2026-06-15 12:00:00,EMS-01,39.7,83.4,1.0,28,Critical,oil_temperature_C trending high; ch4_pct trending high
2026-06-15 16:00:00,EMS-01,39.9,84.2,1.0,21,Critical,oil_temperature_C trending high; ch4_pct trending high
2026-06-15 20:00:00,EMS-01,37.8,86.0,1.0,20,Critical,oil_temperature_C trending high; ch4_pct trending high
2026-06-16 00:00:00,EMS-01,40.4,84.0,1.0,20,Critical,oil_temperature_C trending high
2026-06-16 04:00:00,EMS-01,38.2,86.4,1.0,19,Critical,Within baseline with monitored trend behaviour
2026-06-16 08:00:00,EMS-01,36.5,85.5,1.0,17,Critical,ch4_pct trending high
2026-06-16 12:00:00,EMS-01,36.0,85.3,1.0,17,Critical,oil_temperature_C trending high; ch4_pct trending high
2026-06-16 16:00:00,EMS-01,34.9,88.2,1.0,18,Critical,oil_temperature_C trending high; ch4_pct trending high
2026-06-16 20:00:00,EMS-01,38.0,84.9,1.0,19,Critical,oil_temperature_C trending high; ch4_pct trending high
2026-06-17 00:00:00,EMS-01,37.0,86.6,1.0,15,Critical,oil_temperature_C trending high; ch4_pct trending high
2026-06-17 04:00:00,EMS-01,36.3,88.8,1.0,8,Critical,oil_temperature_C trending high; energy_kwh trending high; ch4_pct trending high
2026-06-17 08:00:00,EMS-01,43.3,81.8,1.0,29,Critical,oil_temperature_C trending high
2026-06-17 12:00:00,EMS-01,38.0,86.4,1.0,18,Critical,oil_temperature_C trending high
2026-06-17 16:00:00,EMS-01,38.3,86.2,1.0,22,Critical,oil_temperature_C trending high
2026-06-17 20:00:00,EMS-01,37.0,87.9,1.0,16,Critical,oil_temperature_C trending high; ch4_pct trending high
2026-06-18 00:00:00,EMS-01,37.7,87.7,1.0,15,Critical,oil_temperature_C trending high
2026-06-18 04:00:00,EMS-01,43.2,80.4,1.0,31,Critical,Within baseline with monitored trend behaviour
2026-06-18 08:00:00,EMS-01,36.8,85.5,1.0,23,Critical,oil_temperature_C trending high; ch4_pct trending high
2026-06-18 12:00:00,EMS-01,35.4,87.9,1.0,17,Critical,oil_temperature_C trending high
2026-06-18 16:00:00,EMS-01,39.3,85.1,1.0,25,Critical,oil_temperature_C trending high
2026-06-18 20:00:00,EMS-01,36.5,86.9,1.0,14,Critical,oil_temperature_C trending high
2026-06-19 00:00:00,EMS-01,37.1,90.0,1.0,10,Critical,oil_temperature_C trending high
2026-06-19 04:00:00,EMS-01,37.7,85.8,1.0,19,Critical,Within baseline with monitored trend behaviour
2026-06-19 08:00:00,EMS-01,37.7,87.6,1.0,18,Critical,Within baseline with monitored trend behaviour
2026-06-19 12:00:00,EMS-01,39.3,84.6,1.0,24,Critical,oil_temperature_C trending high
2026-06-19 16:00:00,EMS-01,32.7,89.0,1.0,15,Critical,oil_temperature_C trending high
2026-06-19 20:00:00,EMS-01,33.3,88.4,1.0,20,Critical,Within baseline with monitored trend behaviour
2026-06-20 00:00:00,EMS-01,35.2,90.4,1.0,13,Critical,Within baseline with monitored trend behaviour
2026-06-20 04:00:00,EMS-01,42.5,84.1,1.0,22,Critical,Within baseline with monitored trend behaviour
2026-06-20 08:00:00,EMS-01,43.2,80.9,1.0,22,Critical,Within baseline with monitored trend behaviour
2026-06-20 12:00:00,EMS-01,39.2,85.0,1.0,19,Critical,oil_temperature_C trending high
2026-06-20 16:00:00,EMS-01,38.3,86.7,1.0,22,Critical,Within baseline with monitored trend behaviour
2026-06-20 20:00:00,EMS-01,40.8,83.3,1.0,23,Critical,oil_temperature_C trending high
2026-06-21 00:00:00,EMS-01,36.5,85.5,1.0,20,Critical,Within baseline with monitored trend behaviour
2026-06-21 04:00:00,EMS-01,36.9,84.1,1.0,20,Critical,Within baseline with monitored trend behaviour
2026-06-21 08:00:00,EMS-01,36.1,87.2,1.0,8,Critical,Within baseline with monitored trend behaviour
2026-06-21 12:00:00,EMS-01,39.9,85.9,1.0,15,Critical,Within baseline with monitored trend behaviour
2026-06-21 16:00:00,EMS-01,37.6,83.3,1.0,19,Critical,Within baseline with monitored trend behaviour
2026-06-21 20:00:00,EMS-01,37.3,86.1,1.0,18,Critical,Within baseline with monitored trend behaviour
2026-06-22 00:00:00,EMS-01,39.4,86.2,1.0,17,Critical,Within baseline with monitored trend behaviour
2026-06-22 04:00:00,EMS-01,37.3,87.2,1.0,16,Critical,oil_temperature_C trending high
2026-06-22 08:00:00,EMS-01,36.3,86.3,1.0,17,Critical,oil_temperature_C trending high
2026-06-22 12:00:00,EMS-01,37.7,84.7,1.0,21,Critical,oil_temperature_C trending high; ch4_pct trending high
2026-06-22 16:00:00,EMS-01,36.4,87.0,1.0,19,Critical,oil_temperature_C trending high
2026-06-22 20:00:00,EMS-01,40.1,85.1,1.0,28,Critical,oil_temperature_C trending high
2026-06-23 00:00:00,EMS-01,37.2,87.0,1.0,13,Critical,oil_temperature_C trending high
2026-06-23 04:00:00,EMS-01,36.3,86.4,1.0,16,Critical,Within baseline with monitored trend behaviour
2026-06-23 08:00:00,EMS-01,40.6,84.2,1.0,18,Critical,oil_temperature_C trending high
2026-06-23 12:00:00,EMS-01,35.5,85.9,1.0,16,Critical,oil_temperature_C trending high; ch4_pct trending high
2026-06-23 16:00:00,EMS-01,37.2,85.3,1.0,17,Critical,oil_temperature_C trending high; ch4_pct trending high
2026-06-23 20:00:00,EMS-01,39.9,81.0,1.0,18,Critical,oil_temperature_C trending high
2026-06-24 00:00:00,EMS-01,36.9,87.5,1.0,5,Critical,oil_temperature_C trending high; ch4_pct trending high
2026-06-24 04:00:00,EMS-01,37.3,88.0,1.0,14,Critical,oil_temperature_C trending high; ch4_pct trending high
2026-06-24 08:00:00,EMS-01,37.4,86.7,1.0,15,Critical,oil_temperature_C trending high; ch4_pct trending high
2026-06-24 12:00:00,EMS-01,38.0,86.2,1.0,14,Critical,oil_temperature_C trending high; ch4_pct trending high
2026-06-24 16:00:00,EMS-01,35.8,87.5,1.0,14,Critical,oil_temperature_C trending high
2026-06-24 20:00:00,EMS-01,38.5,87.7,1.0,18,Critical,oil_temperature_C trending high; ch4_pct trending high
2026-06-25 00:00:00,EMS-01,40.2,82.6,1.0,18,Critical,oil_temperature_C trending high; energy_kwh trending high; ch4_pct trending high
2026-06-25 04:00:00,EMS-01,38.6,83.9,1.0,19,Critical,oil_temperature_C trending high; ch4_pct trending high
2026-06-25 08:00:00,EMS-01,34.9,84.9,1.0,20,Critical,oil_temperature_C trending high; ch4_pct trending high
2026-06-25 12:00:00,EMS-01,40.1,85.8,1.0,17,Critical,oil_temperature_C trending high
2026-06-25 16:00:00,EMS-01,38.8,82.2,1.0,16,Critical,oil_temperature_C trending high
2026-06-25 20:00:00,EMS-01,40.8,85.5,1.0,20,Critical,oil_temperature_C trending high
2026-06-26 00:00:00,EMS-01,36.2,86.3,1.0,18,Critical,oil_temperature_C trending high
2026-06-26 04:00:00,EMS-01,38.9,85.4,1.0,20,Critical,Within baseline with monitored trend behaviour
2026-06-26 08:00:00,EMS-01,39.2,85.1,1.0,26,Critical,Within baseline with monitored trend behaviour
2026-06-26 12:00:00,EMS-01,37.6,88.5,1.0,22,Critical,Within baseline with monitored trend behaviour
2026-06-26 16:00:00,EMS-01,37.5,89.9,1.0,7,Critical,Within baseline with monitored trend behaviour
2026-06-26 20:00:00,EMS-01,37.9,83.6,1.0,24,Critical,Within baseline with monitored trend behaviour
2026-06-27 00:00:00,EMS-01,37.7,87.5,1.0,10,Critical,Within baseline with monitored trend behaviour
2026-06-27 04:00:00,EMS-01,36.2,87.9,1.0,13,Critical,oil_temperature_C trending high
2026-06-27 08:00:00,EMS-01,36.8,87.4,1.0,14,Critical,Within baseline with monitored trend behaviour
2026-06-27 12:00:00,EMS-01,37.9,83.2,1.0,25,Critical,Within baseline with monitored trend behaviour
2026-06-27 16:00:00,EMS-01,36.2,86.6,1.0,17,Critical,Within baseline with monitored trend behaviour
2026-06-27 20:00:00,EMS-01,36.2,86.1,1.0,16,Critical,oil_temperature_C trending high
2026-06-28 00:00:00,EMS-01,35.2,86.5,1.0,19,Critical,Within baseline with monitored trend behaviour
2026-06-28 04:00:00,EMS-01,40.3,86.4,1.0,21,Critical,Within baseline with monitored trend behaviour
2026-06-28 08:00:00,EMS-01,34.7,89.2,1.0,14,Critical,oil_temperature_C trending high
2026-06-28 12:00:00,EMS-01,40.3,86.1,1.0,22,Critical,Within baseline with monitored trend behaviour
2026-06-28 16:00:00,EMS-01,35.3,89.4,1.0,6,Critical,Within baseline with monitored trend behaviour
2026-06-28 20:00:00,EMS-01,40.0,84.2,1.0,14,Critical,Within baseline with monitored trend behaviour
2026-06-29 00:00:00,EMS-01,37.5,86.4,1.0,7,Critical,Within baseline with monitored trend behaviour
2026-06-29 04:00:00,EMS-01,38.7,86.5,1.0,20,Critical,Within baseline with monitored trend behaviour
2026-06-29 08:00:00,EMS-01,37.3,84.9,1.0,16,Critical,oil_temperature_C trending high
2026-06-29 12:00:00,EMS-01,40.6,83.6,1.0,20,Critical,Within baseline with monitored trend behaviour
2026-06-29 16:00:00,EMS-01,39.2,83.6,1.0,26,Critical,oil_temperature_C trending high
2026-06-29 20:00:00,EMS-01,37.1,85.9,1.0,14,Critical,Within baseline with monitored trend behaviour
