timestamp,asset_id,motor_current_A,hydraulic_pressure_bar,oil_temperature_C,vibration_mm_s,utilisation_pct,speed_rpm,energy_kwh,ch4_pct
2026-01-01 00:00:00,CM-01,171.999,209.516,68.839,3.629,70.613,1018.686,256.549,0.219
2026-01-01 04:00:00,CM-01,168.935,209.066,68.571,3.142,69.171,972.836,254.787,0.158
2026-01-01 08:00:00,CM-01,177.484,210.588,68.597,3.245,76.66,974.836,258.479,0.204
2026-01-01 12:00:00,CM-01,169.917,218.517,68.735,3.328,76.073,957.167,254.509,0.227
2026-01-01 16:00:00,CM-01,176.019,213.249,68.831,3.469,75.179,1003.696,268.09,0.165
2026-01-01 20:00:00,CM-01,175.0,211.866,68.313,3.63,87.455,975.679,269.184,0.266
2026-01-02 00:00:00,CM-01,172.344,213.066,67.942,3.38,88.832,1013.65,270.461,0.215
2026-01-02 04:00:00,CM-01,176.222,219.528,69.487,3.814,79.453,994.642,269.379,0.172
2026-01-02 08:00:00,CM-01,174.284,215.744,71.577,3.515,76.35,1020.558,265.544,0.263
2026-01-02 12:00:00,CM-01,175.859,218.146,68.85,3.555,71.478,1010.762,270.024,0.239
2026-01-02 16:00:00,CM-01,169.966,213.452,69.378,3.491,77.206,1035.008,272.233,0.247
2026-01-02 20:00:00,CM-01,168.023,214.904,69.927,3.986,74.392,980.903,278.893,0.276
2026-01-03 00:00:00,CM-01,178.902,211.79,71.656,3.403,81.155,976.582,271.175,0.232
2026-01-03 04:00:00,CM-01,169.338,215.091,68.419,3.68,73.657,983.698,276.167,0.205
2026-01-03 08:00:00,CM-01,176.247,219.211,67.634,3.627,71.249,957.611,273.572,0.257
2026-01-03 12:00:00,CM-01,175.988,215.543,68.722,3.621,64.289,1037.401,260.337,0.266
2026-01-03 16:00:00,CM-01,170.608,216.695,70.958,3.446,69.695,1044.82,266.471,0.213
2026-01-03 20:00:00,CM-01,170.414,210.618,69.185,3.601,70.305,1021.998,265.349,0.33
2026-01-04 00:00:00,CM-01,175.898,209.939,67.701,3.599,69.788,999.368,259.948,0.176
2026-01-04 04:00:00,CM-01,170.902,215.345,69.146,3.313,70.659,979.409,265.357,0.183
2026-01-04 08:00:00,CM-01,173.407,213.673,70.035,3.632,64.179,1005.055,267.377,0.352
2026-01-04 12:00:00,CM-01,173.493,215.014,69.62,3.543,75.001,968.243,258.616,0.213
2026-01-04 16:00:00,CM-01,179.718,203.813,69.018,3.172,77.997,963.183,255.475,0.227
2026-01-04 20:00:00,CM-01,166.659,210.409,67.93,3.287,82.977,949.891,254.403,0.226
2026-01-05 00:00:00,CM-01,165.615,208.559,68.269,3.486,74.034,956.082,270.793,0.204
2026-01-05 04:00:00,CM-01,162.958,211.502,70.115,3.482,73.645,979.52,259.671,0.21
2026-01-05 08:00:00,CM-01,163.57,207.444,62.934,3.145,73.209,969.405,251.836,0.181
2026-01-05 12:00:00,CM-01,172.421,202.036,68.419,3.275,78.142,959.106,254.341,0.157
2026-01-05 16:00:00,CM-01,166.463,208.844,68.769,3.064,73.316,972.569,254.771,0.143
2026-01-05 20:00:00,CM-01,164.631,204.334,65.779,3.358,73.19,981.97,257.7,0.183
2026-01-06 00:00:00,CM-01,161.684,203.709,67.366,3.306,73.519,969.989,254.928,0.15
2026-01-06 04:00:00,CM-01,163.793,209.21,67.354,3.323,73.24,964.294,252.647,0.149
2026-01-06 08:00:00,CM-01,164.811,207.232,65.145,3.506,61.346,990.659,254.399,0.173
2026-01-06 12:00:00,CM-01,164.232,201.887,66.258,3.084,67.083,938.837,252.593,0.131
2026-01-06 16:00:00,CM-01,160.944,205.856,66.468,3.109,63.832,909.372,244.226,0.143
2026-01-06 20:00:00,CM-01,165.589,210.24,67.289,3.164,58.317,952.354,252.032,0.122
2026-01-07 00:00:00,CM-01,166.622,210.609,66.1,3.256,61.309,962.357,250.732,0.125
2026-01-07 04:00:00,CM-01,164.931,207.249,68.216,3.351,62.626,976.816,266.658,0.127
2026-01-07 08:00:00,CM-01,161.853,203.757,63.716,3.143,61.413,1000.5,258.281,0.138
2026-01-07 12:00:00,CM-01,162.111,208.006,64.915,3.516,64.095,960.667,251.355,0.206
2026-01-07 16:00:00,CM-01,159.886,204.688,66.818,3.269,67.351,946.159,254.135,0.186
2026-01-07 20:00:00,CM-01,169.817,203.414,65.033,3.478,65.83,994.59,263.104,0.176
2026-01-08 00:00:00,CM-01,175.956,214.11,66.925,3.459,77.598,968.0,263.509,0.118
2026-01-08 04:00:00,CM-01,163.652,201.485,67.141,3.449,76.788,974.607,244.586,0.184
2026-01-08 08:00:00,CM-01,170.746,209.19,65.065,3.357,76.291,965.725,254.762,0.156
2026-01-08 12:00:00,CM-01,169.748,213.343,66.723,3.476,74.062,959.68,255.931,0.158
2026-01-08 16:00:00,CM-01,178.708,210.819,67.351,3.462,78.73,1006.44,257.562,0.187
2026-01-08 20:00:00,CM-01,170.478,203.321,66.548,3.665,82.906,1000.885,285.524,0.253
2026-01-09 00:00:00,CM-01,171.824,208.689,66.672,3.518,73.773,959.5,276.671,0.251
2026-01-09 04:00:00,CM-01,173.015,217.829,69.081,3.384,85.473,972.16,259.128,0.178
2026-01-09 08:00:00,CM-01,177.424,219.897,67.378,3.623,76.008,969.581,267.106,0.203
2026-01-09 12:00:00,CM-01,175.362,213.54,69.065,3.423,79.426,987.014,268.533,0.263
2026-01-09 16:00:00,CM-01,168.048,216.047,68.676,3.664,66.783,973.885,270.614,0.21
2026-01-09 20:00:00,CM-01,177.738,208.679,69.577,3.411,72.214,979.749,276.834,0.225
2026-01-10 00:00:00,CM-01,178.832,210.801,70.446,3.821,63.199,1006.833,272.714,0.226
2026-01-10 04:00:00,CM-01,176.011,214.379,71.334,3.65,68.269,986.692,273.24,0.235
2026-01-10 08:00:00,CM-01,176.913,222.261,70.977,3.566,68.5,952.24,256.743,0.238
2026-01-10 12:00:00,CM-01,175.793,220.84,70.263,3.581,59.688,1019.963,259.575,0.29
2026-01-10 16:00:00,CM-01,176.942,213.398,70.614,3.95,68.034,979.3,276.291,0.219
2026-01-10 20:00:00,CM-01,175.619,212.964,70.336,3.65,67.06,978.993,266.47,0.26
2026-01-11 00:00:00,CM-01,178.027,211.103,70.728,3.79,76.43,964.895,256.02,0.296
2026-01-11 04:00:00,CM-01,177.165,213.746,69.82,3.4,74.885,1012.517,271.81,0.247
2026-01-11 08:00:00,CM-01,170.813,215.123,71.722,3.752,72.574,977.779,267.703,0.273
2026-01-11 12:00:00,CM-01,166.568,218.292,68.883,3.462,65.049,1007.51,256.691,0.184
2026-01-11 16:00:00,CM-01,171.348,218.189,68.532,3.275,74.085,947.11,263.232,0.248
2026-01-11 20:00:00,CM-01,179.409,215.653,68.285,3.307,82.638,987.481,265.047,0.212
2026-01-12 00:00:00,CM-01,168.887,209.126,68.342,3.363,77.88,1007.734,242.698,0.249
2026-01-12 04:00:00,CM-01,175.417,203.092,67.685,3.359,73.818,995.619,267.61,0.248
2026-01-12 08:00:00,CM-01,172.504,205.7,67.192,3.459,80.285,967.899,264.493,0.212
2026-01-12 12:00:00,CM-01,167.352,213.018,66.215,3.448,79.131,957.939,264.609,0.183
2026-01-12 16:00:00,CM-01,165.929,211.961,66.455,3.114,77.415,983.724,241.107,0.242
2026-01-12 20:00:00,CM-01,168.15,207.314,66.426,3.359,80.491,973.941,252.398,0.175
2026-01-13 00:00:00,CM-01,167.859,201.075,65.167,3.385,73.448,973.322,249.861,0.143
2026-01-13 04:00:00,CM-01,166.794,203.102,67.244,2.994,75.154,986.091,264.947,0.201
2026-01-13 08:00:00,CM-01,158.059,201.581,65.733,3.235,66.734,951.614,247.231,0.111
2026-01-13 12:00:00,CM-01,161.304,200.939,65.134,3.372,74.849,971.611,244.598,0.181
2026-01-13 16:00:00,CM-01,162.352,205.791,69.6,3.186,63.409,990.462,245.656,0.217
2026-01-13 20:00:00,CM-01,167.27,203.18,67.024,3.338,57.32,942.261,249.265,0.173
2026-01-14 00:00:00,CM-01,164.997,200.354,66.652,3.278,66.866,979.023,249.042,0.092
2026-01-14 04:00:00,CM-01,165.983,205.73,66.503,2.993,63.406,969.158,249.715,0.151
2026-01-14 08:00:00,CM-01,168.114,203.27,66.303,3.119,59.772,952.723,258.889,0.119
2026-01-14 12:00:00,CM-01,163.779,203.706,68.114,3.225,59.174,978.821,250.619,0.19
2026-01-14 16:00:00,CM-01,162.75,210.439,69.314,3.152,69.978,975.244,247.474,0.145
2026-01-14 20:00:00,CM-01,159.822,202.64,65.166,3.106,68.232,967.797,258.53,0.151
2026-01-15 00:00:00,CM-01,165.528,208.646,65.171,3.298,72.247,1012.029,247.51,0.144
2026-01-15 04:00:00,CM-01,163.796,204.842,65.985,3.441,73.042,960.913,249.192,0.19
2026-01-15 08:00:00,CM-01,167.77,202.045,69.024,3.556,72.319,978.599,259.276,0.244
2026-01-15 12:00:00,CM-01,166.949,205.172,65.461,3.203,84.251,966.724,255.609,0.221
2026-01-15 16:00:00,CM-01,178.586,206.764,66.856,3.498,87.388,976.528,261.447,0.225
2026-01-15 20:00:00,CM-01,172.502,211.08,69.124,3.546,84.85,976.877,267.407,0.164
2026-01-16 00:00:00,CM-01,171.484,208.623,68.037,3.592,80.353,972.015,264.744,0.276
2026-01-16 04:00:00,CM-01,169.561,211.463,68.58,3.667,80.244,996.065,258.18,0.214
2026-01-16 08:00:00,CM-01,175.906,207.785,68.682,3.354,74.407,984.189,274.401,0.211
2026-01-16 12:00:00,CM-01,170.104,218.618,66.877,3.157,75.428,985.818,266.063,0.201
2026-01-16 16:00:00,CM-01,167.894,215.703,69.822,3.499,73.924,955.442,265.229,0.235
2026-01-16 20:00:00,CM-01,172.725,214.446,67.568,3.755,76.886,1008.082,270.937,0.248
2026-01-17 00:00:00,CM-01,176.86,218.368,69.629,3.666,76.16,1018.485,267.508,0.187
2026-01-17 04:00:00,CM-01,175.283,211.762,70.622,3.48,60.421,947.9,257.063,0.268
2026-01-17 08:00:00,CM-01,178.331,215.983,68.411,3.586,62.903,1039.694,267.813,0.246
2026-01-17 12:00:00,CM-01,176.307,207.609,69.439,3.502,63.763,1041.248,265.788,0.268
2026-01-17 16:00:00,CM-01,181.295,218.16,69.899,3.514,69.649,1027.691,278.055,0.231
2026-01-17 20:00:00,CM-01,181.049,215.689,72.536,3.511,71.435,983.517,268.139,0.265
2026-01-18 00:00:00,CM-01,177.823,212.965,69.808,3.936,73.551,1005.136,274.952,0.214
2026-01-18 04:00:00,CM-01,174.543,209.011,70.312,3.706,75.528,956.167,271.838,0.285
2026-01-18 08:00:00,CM-01,182.109,213.03,71.112,3.594,75.394,982.761,280.588,0.295
2026-01-18 12:00:00,CM-01,172.462,215.715,70.242,3.625,70.636,1020.192,273.089,0.23
2026-01-18 16:00:00,CM-01,177.637,203.97,70.945,3.308,71.349,998.234,264.837,0.252
2026-01-18 20:00:00,CM-01,173.805,215.143,69.385,3.356,78.36,963.408,278.324,0.264
2026-01-19 00:00:00,CM-01,171.976,211.717,68.671,3.839,82.326,1013.75,264.268,0.223
2026-01-19 04:00:00,CM-01,172.411,212.217,69.811,3.509,81.826,955.834,271.664,0.236
2026-01-19 08:00:00,CM-01,175.984,201.573,71.337,3.453,78.892,978.385,259.007,0.284
2026-01-19 12:00:00,CM-01,170.428,211.801,69.511,3.519,82.121,1021.495,263.661,0.247
2026-01-19 16:00:00,CM-01,174.851,214.503,68.956,3.243,77.679,972.759,260.261,0.215
2026-01-19 20:00:00,CM-01,170.892,211.128,69.961,3.453,80.636,975.068,263.658,0.221
2026-01-20 00:00:00,CM-01,167.607,213.775,67.421,3.374,74.628,932.135,269.537,0.16
2026-01-20 04:00:00,CM-01,164.043,200.753,66.54,3.127,79.452,1002.01,263.625,0.172
2026-01-20 08:00:00,CM-01,157.24,215.671,65.332,3.051,81.244,1001.39,259.442,0.206
2026-01-20 12:00:00,CM-01,169.675,208.045,67.048,3.264,64.338,938.341,246.562,0.132
2026-01-20 16:00:00,CM-01,166.73,211.399,67.904,3.014,66.506,944.853,256.749,0.131
2026-01-20 20:00:00,CM-01,165.893,201.391,65.763,3.279,61.6,971.905,253.372,0.208
2026-01-21 00:00:00,CM-01,165.524,204.167,66.556,3.296,62.075,937.526,240.598,0.218
2026-01-21 04:00:00,CM-01,159.662,202.939,65.354,3.335,65.896,953.553,244.125,0.229
2026-01-21 08:00:00,CM-01,159.641,206.233,67.026,3.254,61.009,956.212,256.896,0.229
2026-01-21 12:00:00,CM-01,162.038,200.233,66.046,3.574,68.02,974.082,253.74,0.207
2026-01-21 16:00:00,CM-01,162.728,204.291,65.398,3.032,58.599,944.191,251.225,0.096
2026-01-21 20:00:00,CM-01,165.669,207.993,63.596,3.245,64.458,991.727,244.478,0.149
2026-01-22 00:00:00,CM-01,166.779,205.511,66.938,3.057,64.056,940.579,244.608,0.196
2026-01-22 04:00:00,CM-01,169.224,207.638,64.923,3.159,74.788,1003.386,251.974,0.144
2026-01-22 08:00:00,CM-01,165.771,205.321,67.383,3.366,67.389,941.57,243.185,0.083
2026-01-22 12:00:00,CM-01,167.291,215.01,66.617,3.366,75.973,972.53,254.162,0.174
2026-01-22 16:00:00,CM-01,163.615,210.258,66.584,3.148,75.118,965.817,261.232,0.184
2026-01-22 20:00:00,CM-01,166.852,210.213,68.82,3.37,73.293,945.807,249.956,0.167
2026-01-23 00:00:00,CM-01,167.889,209.82,67.156,3.386,70.903,953.46,246.838,0.201
2026-01-23 04:00:00,CM-01,174.576,212.887,67.214,3.565,77.108,958.693,254.253,0.192
2026-01-23 08:00:00,CM-01,169.846,209.315,68.308,3.549,72.947,953.462,248.492,0.185
2026-01-23 12:00:00,CM-01,165.29,203.693,68.701,3.514,63.997,978.449,249.13,0.206
2026-01-23 16:00:00,CM-01,170.739,212.723,68.412,3.283,75.244,965.903,258.203,0.176
2026-01-23 20:00:00,CM-01,170.889,217.369,66.733,3.216,73.56,994.382,258.443,0.278
2026-01-24 00:00:00,CM-01,175.067,210.326,71.546,3.396,72.273,1037.761,264.506,0.194
2026-01-24 04:00:00,CM-01,174.898,210.278,71.588,3.534,68.051,953.217,274.387,0.204
2026-01-24 08:00:00,CM-01,169.482,215.092,70.725,3.646,65.73,999.093,264.378,0.223
2026-01-24 12:00:00,CM-01,179.619,215.663,69.965,3.886,68.717,1002.453,279.037,0.255
2026-01-24 16:00:00,CM-01,176.934,217.899,69.061,3.452,56.426,1011.181,267.079,0.232
2026-01-24 20:00:00,CM-01,176.405,217.349,70.777,3.505,67.833,1025.238,273.046,0.271
2026-01-25 00:00:00,CM-01,178.137,218.862,69.994,3.409,66.525,1003.628,279.087,0.248
2026-01-25 04:00:00,CM-01,176.906,220.882,70.134,4.003,64.247,1020.884,279.82,0.273
2026-01-25 08:00:00,CM-01,175.189,210.712,69.578,3.487,73.627,1035.891,261.704,0.266
2026-01-25 12:00:00,CM-01,180.535,212.838,69.666,3.616,75.817,1008.023,263.919,0.234
2026-01-25 16:00:00,CM-01,178.487,213.547,72.031,3.548,81.189,947.798,258.975,0.293
2026-01-25 20:00:00,CM-01,173.11,223.59,68.985,3.627,90.049,1055.081,277.262,0.267
2026-01-26 00:00:00,CM-01,178.113,212.401,68.543,3.586,78.496,1027.649,269.743,0.295
2026-01-26 04:00:00,CM-01,169.936,213.262,68.53,3.289,80.968,1032.922,260.746,0.304
2026-01-26 08:00:00,CM-01,178.909,215.511,68.992,3.405,85.526,1053.09,263.701,0.196
2026-01-26 12:00:00,CM-01,173.947,206.749,69.506,3.504,74.14,991.726,257.573,0.129
2026-01-26 16:00:00,CM-01,172.589,218.55,71.02,3.432,80.935,980.271,270.56,0.266
2026-01-26 20:00:00,CM-01,171.563,210.997,67.496,3.349,79.415,987.627,274.562,0.208
2026-01-27 00:00:00,CM-01,171.109,208.424,65.245,3.578,76.336,995.02,250.698,0.192
2026-01-27 04:00:00,CM-01,173.598,205.959,68.509,3.211,74.139,977.097,255.333,0.175
2026-01-27 08:00:00,CM-01,170.406,213.671,66.555,3.394,74.214,974.603,253.185,0.2
2026-01-27 12:00:00,CM-01,164.489,198.736,68.181,3.491,59.37,1022.109,257.97,0.164
2026-01-27 16:00:00,CM-01,167.297,213.102,66.531,3.206,60.875,1003.481,258.783,0.174
2026-01-27 20:00:00,CM-01,166.126,202.181,68.275,3.287,76.206,960.61,251.937,0.217
2026-01-28 00:00:00,CM-01,167.076,202.027,68.103,3.173,70.51,982.788,254.327,0.2
2026-01-28 04:00:00,CM-01,167.957,203.564,65.881,3.406,59.853,956.952,267.866,0.128
2026-01-28 08:00:00,CM-01,165.566,211.003,66.439,3.299,62.054,977.065,260.453,0.251
2026-01-28 12:00:00,CM-01,167.353,206.81,66.65,3.161,62.834,986.884,243.509,0.197
2026-01-28 16:00:00,CM-01,169.97,204.951,63.537,3.109,67.349,934.313,256.443,0.173
2026-01-28 20:00:00,CM-01,163.459,203.865,65.698,3.053,68.794,1004.722,257.149,0.136
2026-01-29 00:00:00,CM-01,165.907,204.943,64.99,3.235,71.746,953.926,251.64,0.141
2026-01-29 04:00:00,CM-01,166.615,203.341,67.279,2.983,79.609,929.559,253.284,0.156
2026-01-29 08:00:00,CM-01,165.749,206.788,67.0,3.355,73.622,1002.633,248.685,0.117
2026-01-29 12:00:00,CM-01,168.987,204.823,63.427,3.323,74.247,967.259,255.228,0.137
2026-01-29 16:00:00,CM-01,166.897,204.598,67.294,3.299,79.519,965.881,253.262,0.219
2026-01-29 20:00:00,CM-01,164.334,204.632,66.441,3.176,72.772,925.531,258.28,0.218
2026-01-30 00:00:00,CM-01,165.307,205.693,66.716,3.415,76.924,987.658,253.59,0.198
2026-01-30 04:00:00,CM-01,155.423,209.159,65.964,2.986,83.639,980.524,265.101,0.214
2026-01-30 08:00:00,CM-01,173.554,209.948,67.117,3.045,72.137,999.103,255.341,0.193
2026-01-30 12:00:00,CM-01,167.837,213.899,66.441,3.342,67.643,960.546,252.574,0.155
2026-01-30 16:00:00,CM-01,162.755,208.331,65.541,3.455,66.763,955.389,259.452,0.233
2026-01-30 20:00:00,CM-01,161.652,209.707,67.535,3.471,67.827,957.515,266.447,0.194
2026-01-31 00:00:00,CM-01,177.652,209.788,67.083,3.172,58.721,993.364,248.378,0.231
2026-01-31 04:00:00,CM-01,168.856,211.21,70.345,3.565,62.86,936.296,259.91,0.172
2026-01-31 08:00:00,CM-01,171.057,211.647,68.219,3.361,67.922,994.425,262.17,0.214
2026-01-31 12:00:00,CM-01,175.189,212.85,69.987,3.531,65.586,973.092,264.026,0.213
2026-01-31 16:00:00,CM-01,172.53,206.063,68.27,3.528,61.677,996.267,272.69,0.241
2026-01-31 20:00:00,CM-01,171.095,219.428,67.643,3.677,65.564,1011.893,268.871,0.241
2026-02-01 00:00:00,CM-01,173.732,216.554,70.402,3.297,63.65,1033.264,259.784,0.223
2026-02-01 04:00:00,CM-01,170.317,213.393,69.135,3.696,77.878,986.033,256.332,0.213
2026-02-01 08:00:00,CM-01,179.052,220.149,68.064,3.504,73.183,995.105,265.955,0.244
2026-02-01 12:00:00,CM-01,177.667,214.778,69.194,3.588,72.965,1026.098,274.109,0.237
2026-02-01 16:00:00,CM-01,178.468,213.756,71.341,3.667,78.651,957.135,261.565,0.254
2026-02-01 20:00:00,CM-01,182.72,222.807,70.675,3.69,73.617,978.903,269.258,0.233
2026-02-02 00:00:00,CM-01,167.752,217.59,68.451,3.65,81.305,957.377,278.535,0.318
2026-02-02 04:00:00,CM-01,170.63,216.59,69.192,3.593,81.194,1014.247,278.169,0.252
2026-02-02 08:00:00,CM-01,176.571,213.265,70.064,3.548,82.245,1006.274,278.012,0.245
2026-02-02 12:00:00,CM-01,167.843,218.747,68.429,3.488,86.532,1022.328,276.855,0.251
2026-02-02 16:00:00,CM-01,174.31,214.939,70.133,3.667,82.523,991.899,266.842,0.279
2026-02-02 20:00:00,CM-01,176.383,203.182,70.135,3.579,77.762,1030.39,261.613,0.249
2026-02-03 00:00:00,CM-01,169.469,208.11,68.276,3.656,80.975,1013.937,261.457,0.245
2026-02-03 04:00:00,CM-01,175.921,214.987,70.408,3.608,79.441,974.272,263.731,0.197
2026-02-03 08:00:00,CM-01,169.249,211.204,67.607,3.427,68.956,973.007,268.437,0.25
2026-02-03 12:00:00,CM-01,164.725,208.37,67.389,3.303,69.922,944.442,266.853,0.167
2026-02-03 16:00:00,CM-01,170.642,211.32,69.891,3.218,61.673,1032.229,262.273,0.186
2026-02-03 20:00:00,CM-01,172.848,206.244,68.488,3.461,77.96,975.45,259.08,0.135
2026-02-04 00:00:00,CM-01,166.008,207.528,66.937,3.378,66.53,975.158,255.407,0.195
2026-02-04 04:00:00,CM-01,171.354,205.255,66.515,3.281,57.214,980.543,258.339,0.19
2026-02-04 08:00:00,CM-01,170.725,207.172,67.637,3.284,61.442,928.608,265.528,0.209
2026-02-04 12:00:00,CM-01,170.506,211.388,67.027,3.303,61.676,998.143,252.803,0.155
2026-02-04 16:00:00,CM-01,166.008,208.631,64.845,2.905,59.64,953.707,249.375,0.216
2026-02-04 20:00:00,CM-01,166.784,207.112,67.348,3.059,69.172,953.536,240.306,0.189
2026-02-05 00:00:00,CM-01,166.535,202.513,65.272,3.383,73.9,957.821,248.491,0.178
2026-02-05 04:00:00,CM-01,162.479,204.794,66.338,3.05,71.182,937.64,231.431,0.147
2026-02-05 08:00:00,CM-01,174.132,207.895,66.18,3.152,76.07,959.628,255.07,0.177
2026-02-05 12:00:00,CM-01,166.046,205.096,67.031,3.275,72.544,987.11,240.45,0.099
2026-02-05 16:00:00,CM-01,164.917,205.181,66.376,3.222,82.228,917.387,248.747,0.093
2026-02-05 20:00:00,CM-01,163.63,210.891,66.205,3.223,72.378,946.214,259.08,0.17
2026-02-06 00:00:00,CM-01,160.058,206.107,66.886,3.367,76.166,923.194,248.294,0.169
2026-02-06 04:00:00,CM-01,168.806,205.24,65.923,3.23,83.207,937.782,265.436,0.155
2026-02-06 08:00:00,CM-01,164.468,204.604,66.233,3.428,77.037,934.12,248.14,0.179
2026-02-06 12:00:00,CM-01,159.294,207.902,69.247,3.035,71.145,970.332,247.482,0.18
2026-02-06 16:00:00,CM-01,173.566,206.118,67.743,3.067,71.473,995.313,250.95,0.168
2026-02-06 20:00:00,CM-01,161.92,209.466,68.162,3.218,69.509,960.008,269.869,0.165
2026-02-07 00:00:00,CM-01,166.219,205.7,68.211,3.285,71.446,982.4,242.01,0.215
2026-02-07 04:00:00,CM-01,165.659,211.389,64.939,3.475,66.392,956.852,254.114,0.21
2026-02-07 08:00:00,CM-01,169.626,211.35,70.302,3.135,68.22,938.767,257.149,0.225
2026-02-07 12:00:00,CM-01,169.487,215.289,66.121,3.398,63.244,986.395,240.859,0.207
2026-02-07 16:00:00,CM-01,172.558,212.111,69.858,3.269,70.485,960.872,257.756,0.204
2026-02-07 20:00:00,CM-01,172.984,209.673,67.635,3.464,58.875,976.224,267.792,0.23
2026-02-08 00:00:00,CM-01,165.392,209.662,70.299,3.34,67.818,996.962,259.879,0.27
2026-02-08 04:00:00,CM-01,180.046,216.076,69.091,3.392,69.442,1023.742,270.345,0.174
2026-02-08 08:00:00,CM-01,177.93,209.721,68.692,3.576,87.691,1000.721,270.678,0.263
2026-02-08 12:00:00,CM-01,172.982,219.999,69.673,3.635,77.012,998.824,263.7,0.199
2026-02-08 16:00:00,CM-01,176.536,216.871,70.127,3.83,79.302,974.491,273.817,0.271
2026-02-08 20:00:00,CM-01,173.985,214.243,67.697,3.54,82.993,1009.004,269.489,0.222
2026-02-09 00:00:00,CM-01,178.281,216.229,70.397,3.525,81.113,978.327,275.083,0.234
2026-02-09 04:00:00,CM-01,179.929,217.084,70.707,3.406,85.533,998.923,257.285,0.264
2026-02-09 08:00:00,CM-01,171.603,210.263,67.877,3.782,87.65,963.315,262.287,0.293
2026-02-09 12:00:00,CM-01,175.091,213.054,70.047,3.689,90.479,972.842,267.404,0.259
2026-02-09 16:00:00,CM-01,171.7,211.501,70.24,3.601,78.626,981.567,276.731,0.285
2026-02-09 20:00:00,CM-01,167.9,211.383,67.777,3.502,74.032,968.271,271.259,0.249
2026-02-10 00:00:00,CM-01,172.075,214.949,68.894,3.545,86.436,993.952,275.057,0.203
2026-02-10 04:00:00,CM-01,177.827,219.323,68.004,3.431,78.404,1012.547,271.146,0.193
2026-02-10 08:00:00,CM-01,178.21,217.567,68.988,3.543,71.828,1003.52,275.558,0.223
2026-02-10 12:00:00,CM-01,175.652,209.37,69.057,3.5,69.101,1006.023,262.962,0.173
2026-02-10 16:00:00,CM-01,179.742,217.182,67.195,3.605,67.935,990.978,259.169,0.199
2026-02-10 20:00:00,CM-01,168.279,208.799,68.546,3.366,73.274,982.869,267.264,0.234
2026-02-11 00:00:00,CM-01,171.501,213.639,69.009,3.258,69.995,973.339,267.206,0.203
2026-02-11 04:00:00,CM-01,174.72,218.622,67.111,3.207,67.685,1004.092,250.894,0.228
2026-02-11 08:00:00,CM-01,167.16,215.669,70.451,3.27,66.742,971.516,259.454,0.129
2026-02-11 12:00:00,CM-01,168.749,206.546,66.977,3.573,66.008,965.893,263.626,0.202
2026-02-11 16:00:00,CM-01,170.33,211.679,66.938,3.234,61.162,1041.157,246.478,0.137
2026-02-11 20:00:00,CM-01,169.24,209.568,67.842,3.261,69.421,930.842,253.382,0.147
2026-02-12 00:00:00,CM-01,167.325,217.509,67.388,3.226,74.089,984.315,268.944,0.131
2026-02-12 04:00:00,CM-01,167.912,203.284,67.434,3.112,70.464,996.271,243.55,0.167
2026-02-12 08:00:00,CM-01,162.613,201.655,66.261,3.184,80.743,930.406,259.233,0.234
2026-02-12 12:00:00,CM-01,158.637,199.09,68.821,3.272,76.34,919.062,253.316,0.189
2026-02-12 16:00:00,CM-01,160.588,205.664,65.086,3.239,73.541,955.175,256.574,0.145
2026-02-12 20:00:00,CM-01,164.575,200.078,65.817,3.184,77.906,999.173,251.875,0.213
2026-02-13 00:00:00,CM-01,165.779,206.389,66.091,3.37,76.672,933.191,243.677,0.148
2026-02-13 04:00:00,CM-01,169.234,203.402,66.096,3.194,68.826,951.761,258.327,0.133
2026-02-13 08:00:00,CM-01,156.784,207.245,65.355,3.009,72.793,908.617,256.253,0.195
2026-02-13 12:00:00,CM-01,167.154,201.263,65.98,3.195,76.682,948.514,253.375,0.203
2026-02-13 16:00:00,CM-01,167.668,208.268,66.446,3.419,68.065,994.442,247.306,0.138
2026-02-13 20:00:00,CM-01,166.427,207.476,66.722,3.269,76.086,981.293,243.706,0.172
2026-02-14 00:00:00,CM-01,173.009,205.521,65.527,3.142,61.249,932.144,252.312,0.194
2026-02-14 04:00:00,CM-01,162.65,212.104,67.472,3.417,66.943,964.364,254.514,0.187
2026-02-14 08:00:00,CM-01,162.221,204.218,67.793,3.143,59.038,959.25,258.495,0.195
2026-02-14 12:00:00,CM-01,164.857,210.003,67.585,3.231,53.29,948.189,256.43,0.17
2026-02-14 16:00:00,CM-01,171.149,207.565,67.063,3.451,65.174,953.549,262.668,0.208
2026-02-14 20:00:00,CM-01,165.108,208.45,67.692,3.35,70.538,970.286,263.111,0.24
2026-02-15 00:00:00,CM-01,171.557,213.818,70.606,3.554,70.406,982.712,257.417,0.255
2026-02-15 04:00:00,CM-01,167.506,216.059,68.905,3.219,60.184,1008.917,257.108,0.211
2026-02-15 08:00:00,CM-01,179.45,209.608,67.139,3.682,74.193,1026.279,257.437,0.197
2026-02-15 12:00:00,CM-01,177.293,217.931,69.481,3.355,74.82,990.035,275.694,0.25
2026-02-15 16:00:00,CM-01,174.717,214.271,69.037,3.598,69.759,975.006,268.404,0.219
2026-02-15 20:00:00,CM-01,180.762,218.72,68.586,3.515,76.325,983.885,258.439,0.254
2026-02-16 00:00:00,CM-01,176.807,210.901,70.534,3.465,84.067,1004.377,264.007,0.23
2026-02-16 04:00:00,CM-01,173.938,211.532,69.305,3.345,79.642,990.272,268.251,0.258
2026-02-16 08:00:00,CM-01,178.688,212.22,68.105,3.436,80.104,964.765,266.085,0.251
2026-02-16 12:00:00,CM-01,177.864,212.804,69.225,3.465,78.961,978.28,267.343,0.258
2026-02-16 16:00:00,CM-01,176.403,224.35,70.275,3.461,74.348,985.894,277.069,0.23
2026-02-16 20:00:00,CM-01,175.277,212.773,72.101,3.567,86.974,1016.716,273.388,0.183
2026-02-17 00:00:00,CM-01,174.596,217.931,69.777,3.402,84.922,1020.899,277.436,0.237
2026-02-17 04:00:00,CM-01,168.721,211.616,71.819,3.567,74.193,1061.089,286.496,0.243
2026-02-17 08:00:00,CM-01,176.521,209.328,71.628,3.424,69.386,976.516,265.268,0.227
2026-02-17 12:00:00,CM-01,172.773,217.247,68.171,3.619,71.202,984.029,277.764,0.25
2026-02-17 16:00:00,CM-01,172.393,215.634,68.03,3.672,68.281,968.562,272.205,0.282
2026-02-17 20:00:00,CM-01,171.429,215.078,66.582,3.461,63.284,968.86,269.442,0.228
2026-02-18 00:00:00,CM-01,164.371,205.516,68.302,3.595,58.529,1009.927,263.342,0.243
2026-02-18 04:00:00,CM-01,173.268,204.89,69.863,3.533,81.997,988.783,262.817,0.234
2026-02-18 08:00:00,CM-01,171.783,210.225,67.895,3.523,65.575,960.799,260.284,0.261
2026-02-18 12:00:00,CM-01,169.041,212.294,67.438,3.559,75.031,993.949,262.904,0.256
2026-02-18 16:00:00,CM-01,167.508,212.956,67.877,3.405,68.871,983.604,272.332,0.238
2026-02-18 20:00:00,CM-01,173.097,208.057,66.719,3.529,77.027,964.786,247.217,0.183
2026-02-19 00:00:00,CM-01,172.816,207.328,68.445,3.327,67.461,922.824,256.443,0.133
2026-02-19 04:00:00,CM-01,172.888,211.011,67.972,3.555,78.58,982.729,264.756,0.144
2026-02-19 08:00:00,CM-01,163.982,205.523,66.446,3.14,76.535,964.723,241.689,0.186
2026-02-19 12:00:00,CM-01,158.923,206.821,65.141,3.573,78.816,971.445,257.823,0.178
2026-02-19 16:00:00,CM-01,167.068,210.98,67.663,3.294,70.511,964.118,244.399,0.25
2026-02-19 20:00:00,CM-01,171.572,208.167,66.635,3.199,76.288,943.978,254.182,0.155
2026-02-20 00:00:00,CM-01,157.341,202.659,65.862,3.498,73.147,940.318,258.865,0.14
2026-02-20 04:00:00,CM-01,164.292,210.004,64.618,2.99,79.409,884.23,246.949,0.173
2026-02-20 08:00:00,CM-01,169.252,203.527,65.672,3.365,69.62,969.253,246.065,0.153
2026-02-20 12:00:00,CM-01,154.266,202.724,66.747,3.038,74.637,955.296,242.481,0.143
2026-02-20 16:00:00,CM-01,166.71,205.552,65.392,3.219,63.62,969.717,252.634,0.192
2026-02-20 20:00:00,CM-01,158.816,202.593,65.804,3.07,68.012,952.771,240.824,0.137
2026-02-21 00:00:00,CM-01,165.809,204.08,66.12,3.116,64.285,986.573,251.67,0.177
2026-02-21 04:00:00,CM-01,159.723,211.465,66.599,3.452,69.948,981.941,252.283,0.146
2026-02-21 08:00:00,CM-01,170.065,206.346,63.919,3.054,63.674,982.397,236.955,0.164
2026-02-21 12:00:00,CM-01,158.41,208.943,66.503,3.303,65.612,990.19,251.245,0.183
2026-02-21 16:00:00,CM-01,163.459,209.781,68.947,3.423,62.296,955.473,256.563,0.102
2026-02-21 20:00:00,CM-01,162.277,206.359,66.63,3.104,64.85,951.413,262.144,0.231
2026-02-22 00:00:00,CM-01,165.715,205.824,67.884,3.259,67.317,964.506,256.263,0.165
2026-02-22 04:00:00,CM-01,168.056,208.49,65.248,3.566,68.587,970.404,260.586,0.177
2026-02-22 08:00:00,CM-01,172.608,201.859,67.614,3.279,71.972,952.904,257.725,0.162
2026-02-22 12:00:00,CM-01,173.389,208.708,64.235,3.344,63.476,962.48,269.766,0.211
2026-02-22 16:00:00,CM-01,168.359,212.292,67.663,3.325,65.511,979.835,260.751,0.192
2026-02-22 20:00:00,CM-01,167.778,213.507,66.804,3.576,72.326,954.075,270.063,0.232
2026-02-23 00:00:00,CM-01,176.277,213.861,67.323,3.438,83.194,986.389,270.834,0.284
2026-02-23 04:00:00,CM-01,171.398,215.143,71.935,3.421,70.429,969.252,262.828,0.242
2026-02-23 08:00:00,CM-01,174.441,214.703,69.477,3.731,77.204,997.237,273.367,0.248
2026-02-23 12:00:00,CM-01,179.037,209.593,71.534,3.789,90.386,961.189,262.399,0.262
2026-02-23 16:00:00,CM-01,170.54,216.796,71.309,3.683,77.803,1007.809,274.433,0.24
2026-02-23 20:00:00,CM-01,173.486,207.404,68.276,3.881,78.206,993.502,270.795,0.278
2026-02-24 00:00:00,CM-01,175.519,224.795,67.599,3.764,80.842,995.153,271.669,0.183
2026-02-24 04:00:00,CM-01,178.091,215.968,70.649,3.771,77.201,975.461,279.063,0.3
2026-02-24 08:00:00,CM-01,174.788,215.158,68.677,3.791,82.602,981.849,272.195,0.273
2026-02-24 12:00:00,CM-01,174.85,211.917,70.981,3.722,74.922,1023.225,271.028,0.269
2026-02-24 16:00:00,CM-01,172.111,214.957,67.008,3.741,72.235,992.822,265.574,0.238
2026-02-24 20:00:00,CM-01,181.041,205.929,71.369,3.65,60.997,1010.246,261.258,0.286
2026-02-25 00:00:00,CM-01,176.342,211.047,69.883,3.432,72.947,1014.375,282.038,0.243
2026-02-25 04:00:00,CM-01,169.774,215.513,72.159,3.417,67.159,979.2,276.52,0.321
2026-02-25 08:00:00,CM-01,174.784,210.309,67.279,3.588,70.489,984.985,259.267,0.264
2026-02-25 12:00:00,CM-01,177.058,207.529,71.146,3.613,64.687,969.032,269.867,0.292
2026-02-25 16:00:00,CM-01,175.541,211.498,67.539,3.686,73.441,1014.715,269.92,0.219
2026-02-25 20:00:00,CM-01,169.876,210.517,69.187,3.485,68.777,950.616,266.959,0.183
2026-02-26 00:00:00,CM-01,166.553,205.134,66.062,3.241,79.02,979.595,265.127,0.215
2026-02-26 04:00:00,CM-01,170.089,206.165,70.008,3.687,67.215,959.801,264.451,0.178
2026-02-26 08:00:00,CM-01,178.313,213.818,68.146,3.54,76.188,966.982,265.601,0.201
2026-02-26 12:00:00,CM-01,162.457,206.151,67.52,3.344,75.936,1010.089,274.512,0.175
2026-02-26 16:00:00,CM-01,170.011,210.284,67.62,3.312,69.217,985.318,254.774,0.255
2026-02-26 20:00:00,CM-01,164.584,206.242,69.711,3.174,77.04,986.419,245.57,0.158
2026-02-27 00:00:00,CM-01,164.176,206.791,67.464,3.337,79.02,995.674,257.093,0.209
2026-02-27 04:00:00,CM-01,167.884,211.238,67.391,3.236,84.948,950.433,243.237,0.176
2026-02-27 08:00:00,CM-01,166.055,203.911,66.725,3.47,72.049,946.024,248.876,0.146
2026-02-27 12:00:00,CM-01,163.098,201.277,66.233,3.129,75.662,970.889,251.045,0.116
2026-02-27 16:00:00,CM-01,171.494,212.005,66.488,3.355,65.633,955.027,246.924,0.146
2026-02-27 20:00:00,CM-01,164.053,204.865,66.273,3.032,61.621,935.667,258.291,0.2
2026-02-28 00:00:00,CM-01,163.065,195.916,65.692,3.177,61.788,993.693,242.762,0.094
2026-02-28 04:00:00,CM-01,162.937,204.256,66.794,3.105,72.536,969.492,248.16,0.138
2026-02-28 08:00:00,CM-01,169.089,202.88,66.237,3.196,55.908,961.831,253.336,0.132
2026-02-28 12:00:00,CM-01,169.445,202.176,68.458,2.933,64.324,953.71,259.418,0.075
2026-02-28 16:00:00,CM-01,166.855,196.78,65.087,3.452,55.735,993.882,237.1,0.118
2026-02-28 20:00:00,CM-01,171.26,212.357,66.332,3.035,72.685,957.417,250.935,0.153
2026-03-01 00:00:00,CM-01,167.059,211.363,67.764,3.078,67.604,1000.498,244.027,0.162
2026-03-01 04:00:00,CM-01,164.165,201.299,67.26,3.64,62.055,977.841,252.419,0.122
2026-03-01 08:00:00,CM-01,167.89,204.702,64.184,3.466,70.236,991.022,256.085,0.205
2026-03-01 12:00:00,CM-01,166.464,212.558,67.663,3.342,69.584,946.256,249.736,0.142
2026-03-01 16:00:00,CM-01,176.967,213.281,69.977,3.157,68.563,946.315,266.217,0.172
2026-03-01 20:00:00,CM-01,173.5,211.419,70.726,3.147,83.134,979.666,261.009,0.185
2026-03-02 00:00:00,CM-01,166.684,207.483,70.655,3.4,76.597,987.193,250.081,0.185
2026-03-02 04:00:00,CM-01,170.937,211.086,68.026,3.489,84.102,962.49,270.243,0.238
2026-03-02 08:00:00,CM-01,166.059,212.608,65.948,3.466,80.597,986.814,251.555,0.192
2026-03-02 12:00:00,CM-01,174.739,209.814,68.447,3.599,82.797,990.471,263.361,0.236
2026-03-02 16:00:00,CM-01,171.047,212.011,67.698,3.509,74.368,999.826,271.318,0.211
2026-03-02 20:00:00,CM-01,175.338,215.142,69.765,3.414,80.953,957.019,267.929,0.31
2026-03-03 00:00:00,CM-01,172.824,211.167,69.858,3.607,74.779,1018.868,266.758,0.249
2026-03-03 04:00:00,CM-01,178.911,217.198,68.054,3.702,75.639,997.102,277.464,0.239
2026-03-03 08:00:00,CM-01,170.662,213.117,69.894,3.778,71.038,1044.131,278.811,0.24
2026-03-03 12:00:00,CM-01,177.615,217.693,71.337,3.764,71.563,998.381,276.845,0.24
2026-03-03 16:00:00,CM-01,179.95,220.008,68.635,3.486,70.227,1018.236,273.457,0.251
2026-03-03 20:00:00,CM-01,169.967,210.392,70.213,3.294,69.137,1095.108,269.16,0.246
2026-03-04 00:00:00,CM-01,179.726,220.934,67.719,3.345,68.069,1029.458,261.625,0.169
2026-03-04 04:00:00,CM-01,179.033,211.953,67.181,3.63,67.729,991.752,267.464,0.201
2026-03-04 08:00:00,CM-01,172.455,216.46,70.132,3.625,64.461,969.785,280.238,0.195
2026-03-04 12:00:00,CM-01,172.621,215.482,71.225,3.519,58.919,1037.872,271.132,0.243
2026-03-04 16:00:00,CM-01,175.827,213.901,68.405,3.693,70.166,1005.831,273.16,0.22
2026-03-04 20:00:00,CM-01,178.027,211.732,68.272,3.435,70.029,944.677,252.038,0.232
2026-03-05 00:00:00,CM-01,172.775,211.795,67.737,3.35,72.308,982.273,267.503,0.275
2026-03-05 04:00:00,CM-01,175.059,210.904,69.202,3.465,74.362,991.793,257.628,0.188
2026-03-05 08:00:00,CM-01,166.378,206.109,67.056,3.498,77.783,952.809,268.405,0.245
2026-03-05 12:00:00,CM-01,167.195,212.51,67.275,3.459,69.22,976.422,259.26,0.169
2026-03-05 16:00:00,CM-01,168.792,211.291,68.071,3.442,83.036,971.821,269.419,0.22
2026-03-05 20:00:00,CM-01,168.784,207.802,69.213,3.171,76.328,1004.759,252.152,0.186
2026-03-06 00:00:00,CM-01,166.332,206.476,68.883,3.149,85.637,984.17,256.715,0.139
2026-03-06 04:00:00,CM-01,165.922,210.018,69.046,3.16,76.679,960.965,251.087,0.176
2026-03-06 08:00:00,CM-01,165.481,204.89,67.122,3.267,72.521,1004.235,256.099,0.211
2026-03-06 12:00:00,CM-01,161.025,207.613,65.492,3.051,77.199,986.112,242.563,0.164
2026-03-06 16:00:00,CM-01,167.22,207.141,64.327,3.117,73.304,926.863,253.757,0.195
2026-03-06 20:00:00,CM-01,168.258,208.099,65.506,2.943,71.891,997.007,254.882,0.174
2026-03-07 00:00:00,CM-01,162.782,205.215,68.559,3.072,67.968,956.067,255.213,0.131
2026-03-07 04:00:00,CM-01,158.972,206.129,67.592,3.073,60.756,967.631,257.244,0.152
2026-03-07 08:00:00,CM-01,171.889,205.933,65.756,2.949,60.552,981.618,241.144,0.158
2026-03-07 12:00:00,CM-01,166.984,210.376,67.309,3.301,63.135,953.313,246.989,0.123
2026-03-07 16:00:00,CM-01,165.78,209.309,65.378,2.825,64.134,973.689,247.448,0.105
2026-03-07 20:00:00,CM-01,166.411,202.156,69.007,3.274,58.281,952.067,257.868,0.157
2026-03-08 00:00:00,CM-01,161.587,211.861,66.304,3.311,63.412,929.488,264.826,0.198
2026-03-08 04:00:00,CM-01,163.233,201.648,66.787,3.22,66.473,993.802,254.738,0.118
2026-03-08 08:00:00,CM-01,170.717,211.597,70.548,3.053,59.501,960.191,265.432,0.131
2026-03-08 12:00:00,CM-01,158.928,204.635,64.067,3.353,66.095,924.788,264.276,0.175
2026-03-08 16:00:00,CM-01,162.828,206.677,66.834,3.333,72.329,911.605,249.662,0.19
2026-03-08 20:00:00,CM-01,167.044,202.431,65.744,3.316,72.581,973.035,250.631,0.17
2026-03-09 00:00:00,CM-01,176.395,202.983,64.849,3.43,74.557,953.869,267.479,0.208
2026-03-09 04:00:00,CM-01,171.886,203.665,65.999,2.913,80.958,977.953,256.942,0.162
2026-03-09 08:00:00,CM-01,170.024,211.985,65.65,3.415,79.729,1038.568,257.772,0.207
2026-03-09 12:00:00,CM-01,167.029,210.634,68.596,3.429,78.662,1011.105,267.071,0.192
2026-03-09 16:00:00,CM-01,173.819,211.673,67.026,3.478,74.87,991.464,252.72,0.244
2026-03-09 20:00:00,CM-01,173.887,208.912,66.519,3.437,77.794,944.349,260.04,0.203
2026-03-10 00:00:00,CM-01,174.889,209.59,70.926,3.2,78.216,1004.126,272.646,0.207
2026-03-10 04:00:00,CM-01,168.625,217.621,68.833,3.547,72.899,990.684,264.593,0.229
2026-03-10 08:00:00,CM-01,167.658,210.488,70.939,3.672,73.427,1014.247,265.277,0.24
2026-03-10 12:00:00,CM-01,178.886,210.995,71.393,3.329,72.219,958.878,264.46,0.201
2026-03-10 16:00:00,CM-01,172.321,213.665,70.774,3.609,65.049,1017.159,263.301,0.299
2026-03-10 20:00:00,CM-01,174.19,214.502,71.049,3.785,65.777,1005.425,275.988,0.245
2026-03-11 00:00:00,CM-01,177.96,220.49,70.253,3.651,53.369,1005.809,266.202,0.256
2026-03-11 04:00:00,CM-01,175.42,218.871,69.933,3.499,67.768,1001.858,265.564,0.252
2026-03-11 08:00:00,CM-01,175.798,216.676,69.501,3.338,69.644,993.368,277.743,0.225
2026-03-11 12:00:00,CM-01,169.509,214.41,69.213,3.468,70.109,1007.756,283.771,0.238
2026-03-11 16:00:00,CM-01,176.7,213.069,68.699,3.521,70.678,1025.941,267.126,0.246
2026-03-11 20:00:00,CM-01,176.924,215.558,71.378,3.234,65.613,989.962,247.629,0.266
2026-03-12 00:00:00,CM-01,175.96,210.514,68.326,3.44,72.089,955.884,262.795,0.204
2026-03-12 04:00:00,CM-01,173.499,212.057,70.491,3.29,78.846,1018.301,270.659,0.176
2026-03-12 08:00:00,CM-01,164.367,216.43,69.278,3.727,77.853,1032.618,269.327,0.235
2026-03-12 12:00:00,CM-01,167.057,217.683,68.296,3.602,72.144,1009.576,276.853,0.227
2026-03-12 16:00:00,CM-01,165.286,215.47,68.105,3.606,74.614,1032.683,268.553,0.221
2026-03-12 20:00:00,CM-01,176.295,212.447,68.904,3.309,85.51,1000.168,262.917,0.186
2026-03-13 00:00:00,CM-01,175.211,210.036,69.368,3.401,82.23,953.34,253.942,0.243
2026-03-13 04:00:00,CM-01,169.869,208.516,66.37,3.252,74.823,954.746,260.232,0.216
2026-03-13 08:00:00,CM-01,178.024,204.36,69.372,3.531,76.563,974.565,270.36,0.218
2026-03-13 12:00:00,CM-01,170.852,207.454,65.694,3.324,71.113,960.977,250.58,0.162
2026-03-13 16:00:00,CM-01,166.328,203.51,66.106,3.432,63.344,975.557,254.961,0.167
2026-03-13 20:00:00,CM-01,167.479,201.543,67.772,3.357,72.752,971.981,256.206,0.165
2026-03-14 00:00:00,CM-01,166.54,206.686,68.493,3.112,69.59,973.605,266.319,0.157
2026-03-14 04:00:00,CM-01,168.748,202.489,67.692,3.281,62.977,947.267,237.54,0.154
2026-03-14 08:00:00,CM-01,169.257,206.732,69.065,3.385,61.755,933.044,244.814,0.141
2026-03-14 12:00:00,CM-01,156.825,205.836,66.075,2.962,65.461,958.257,255.254,0.181
2026-03-14 16:00:00,CM-01,165.906,202.478,66.643,3.381,68.716,951.443,245.322,0.161
2026-03-14 20:00:00,CM-01,157.408,203.237,64.791,3.212,66.383,957.572,251.982,0.124
2026-03-15 00:00:00,CM-01,164.914,205.644,65.297,3.216,60.224,921.026,250.629,0.171
2026-03-15 04:00:00,CM-01,166.326,207.873,66.571,3.105,60.931,925.973,257.445,0.183
2026-03-15 08:00:00,CM-01,166.299,208.828,65.039,3.241,70.08,949.098,253.635,0.181
2026-03-15 12:00:00,CM-01,161.841,205.031,64.87,2.82,72.206,927.637,247.435,0.075
2026-03-15 16:00:00,CM-01,170.345,201.705,67.963,3.349,65.622,950.098,251.316,0.138
2026-03-15 20:00:00,CM-01,158.064,198.048,66.76,3.137,75.945,974.923,248.792,0.176
2026-03-16 00:00:00,CM-01,160.265,207.065,67.34,3.343,69.437,951.245,255.73,0.215
2026-03-16 04:00:00,CM-01,164.312,205.045,68.3,3.306,81.274,923.316,241.847,0.191
2026-03-16 08:00:00,CM-01,171.737,213.823,68.111,3.461,72.778,988.984,255.226,0.187
2026-03-16 12:00:00,CM-01,168.962,212.46,68.925,3.394,82.365,977.203,245.48,0.217
2026-03-16 16:00:00,CM-01,163.607,209.622,66.396,3.424,71.726,970.022,263.582,0.186
2026-03-16 20:00:00,CM-01,170.791,205.953,66.979,3.301,85.417,983.57,242.592,0.151
2026-03-17 00:00:00,CM-01,166.141,205.266,65.949,3.462,76.577,995.656,264.835,0.198
2026-03-17 04:00:00,CM-01,166.023,214.398,67.495,3.289,69.581,982.75,264.022,0.176
2026-03-17 08:00:00,CM-01,169.622,215.138,69.153,3.772,78.415,978.092,262.504,0.194
2026-03-17 12:00:00,CM-01,173.015,215.342,69.401,3.355,68.526,987.104,262.662,0.247
2026-03-17 16:00:00,CM-01,168.86,219.458,66.622,3.424,71.066,989.308,268.582,0.218
2026-03-17 20:00:00,CM-01,179.304,216.152,70.319,3.393,65.485,985.107,262.798,0.255
2026-03-18 00:00:00,CM-01,169.966,219.732,68.214,3.593,65.486,988.022,278.476,0.238
2026-03-18 04:00:00,CM-01,172.366,213.098,70.581,3.49,63.974,1012.886,264.542,0.271
2026-03-18 08:00:00,CM-01,176.011,211.048,69.655,3.711,71.435,1032.852,266.059,0.207
2026-03-18 12:00:00,CM-01,172.999,215.442,70.466,3.278,68.977,1020.27,273.086,0.293
2026-03-18 16:00:00,CM-01,174.793,218.205,71.939,3.809,67.085,1005.528,275.385,0.22
2026-03-18 20:00:00,CM-01,176.02,207.927,71.716,3.538,71.259,969.461,270.372,0.246
2026-03-19 00:00:00,CM-01,173.893,221.014,68.691,3.73,80.467,978.675,278.499,0.265
2026-03-19 04:00:00,CM-01,169.361,212.964,70.295,3.735,64.062,988.107,255.361,0.149
2026-03-19 08:00:00,CM-01,178.608,215.086,69.423,3.808,86.748,978.304,257.853,0.238
2026-03-19 12:00:00,CM-01,173.979,216.523,69.661,3.68,90.61,977.581,270.902,0.215
2026-03-19 16:00:00,CM-01,180.496,212.949,68.725,3.498,82.366,1017.6,261.981,0.241
2026-03-19 20:00:00,CM-01,176.62,207.764,69.907,3.391,79.621,1026.446,273.625,0.244
2026-03-20 00:00:00,CM-01,172.449,210.921,70.992,3.421,82.081,963.585,255.561,0.212
2026-03-20 04:00:00,CM-01,172.367,213.198,70.1,3.58,79.059,1021.504,265.858,0.207
2026-03-20 08:00:00,CM-01,167.97,206.652,69.496,3.561,78.979,1001.141,270.612,0.216
2026-03-20 12:00:00,CM-01,168.747,213.113,68.915,3.498,76.048,1043.611,267.496,0.214
2026-03-20 16:00:00,CM-01,174.455,212.162,68.163,3.369,60.547,976.094,272.439,0.204
2026-03-20 20:00:00,CM-01,164.813,209.477,66.516,3.456,75.007,966.586,249.235,0.221
2026-03-21 00:00:00,CM-01,170.893,210.696,67.617,3.418,69.905,957.955,251.435,0.193
2026-03-21 04:00:00,CM-01,172.477,207.393,67.062,3.265,65.769,971.78,251.518,0.208
2026-03-21 08:00:00,CM-01,162.189,209.994,68.002,3.357,62.865,946.254,262.637,0.204
2026-03-21 12:00:00,CM-01,166.681,203.649,67.749,3.277,61.248,988.037,245.778,0.059
2026-03-21 16:00:00,CM-01,167.129,207.547,64.525,3.103,66.193,964.171,237.342,0.159
2026-03-21 20:00:00,CM-01,164.4,204.66,66.394,3.27,57.041,934.838,236.656,0.186
2026-03-22 00:00:00,CM-01,167.061,205.469,64.591,3.107,56.474,960.617,261.397,0.142
2026-03-22 04:00:00,CM-01,167.714,198.665,67.139,3.08,64.544,964.195,254.877,0.144
2026-03-22 08:00:00,CM-01,163.784,204.505,65.11,3.189,67.818,973.863,256.6,0.115
2026-03-22 12:00:00,CM-01,167.778,200.875,66.921,3.279,65.958,936.587,259.486,0.127
2026-03-22 16:00:00,CM-01,161.008,205.268,67.039,3.164,75.979,913.676,245.377,0.167
2026-03-22 20:00:00,CM-01,153.772,213.997,66.866,3.211,85.447,988.635,250.62,0.146
2026-03-23 00:00:00,CM-01,162.616,202.353,65.351,2.992,68.755,960.954,251.094,0.134
2026-03-23 04:00:00,CM-01,177.216,210.266,64.726,3.242,71.747,946.451,245.555,0.189
2026-03-23 08:00:00,CM-01,169.233,210.664,65.362,3.293,77.019,978.163,252.967,0.181
2026-03-23 12:00:00,CM-01,162.418,202.017,65.888,3.222,75.668,916.524,257.128,0.184
2026-03-23 16:00:00,CM-01,164.727,203.224,65.48,3.206,82.114,936.954,255.219,0.139
2026-03-23 20:00:00,CM-01,164.867,211.989,68.091,3.31,74.381,978.052,264.367,0.219
2026-03-24 00:00:00,CM-01,174.358,209.035,68.008,3.525,73.209,968.078,246.244,0.175
2026-03-24 04:00:00,CM-01,172.829,200.952,69.477,3.51,73.723,995.988,264.329,0.137
2026-03-24 08:00:00,CM-01,171.563,208.584,67.85,3.26,77.95,941.194,255.704,0.208
2026-03-24 12:00:00,CM-01,170.967,214.386,69.023,3.546,63.601,995.999,259.621,0.218
2026-03-24 16:00:00,CM-01,169.517,207.092,68.098,3.476,64.736,988.481,259.297,0.258
2026-03-24 20:00:00,CM-01,177.738,211.095,67.204,3.145,57.501,1009.998,265.758,0.136
2026-03-25 00:00:00,CM-01,167.517,215.138,69.124,3.465,72.95,986.919,265.686,0.304
2026-03-25 04:00:00,CM-01,164.597,215.041,68.832,3.599,64.018,1059.16,271.503,0.197
2026-03-25 08:00:00,CM-01,171.99,211.627,66.864,3.489,62.634,1019.756,261.353,0.227
2026-03-25 12:00:00,CM-01,180.706,216.283,69.386,3.524,65.889,1000.33,268.945,0.251
2026-03-25 16:00:00,CM-01,174.534,211.572,69.293,3.338,69.219,974.475,278.172,0.242
2026-03-25 20:00:00,CM-01,170.193,218.884,70.609,3.674,83.069,1022.277,281.373,0.258
2026-03-26 00:00:00,CM-01,177.477,208.832,69.539,3.482,80.494,968.329,278.232,0.241
2026-03-26 04:00:00,CM-01,178.597,216.153,70.264,3.571,70.238,1013.681,269.322,0.234
2026-03-26 08:00:00,CM-01,174.518,218.661,69.415,3.413,79.867,1031.917,270.342,0.26
2026-03-26 12:00:00,CM-01,170.973,214.204,70.629,3.38,81.779,1021.696,272.901,0.301
2026-03-26 16:00:00,CM-01,171.58,215.327,69.904,3.448,93.255,1010.654,270.809,0.224
2026-03-26 20:00:00,CM-01,168.003,212.166,67.913,3.856,80.922,994.674,264.099,0.249
2026-03-27 00:00:00,CM-01,179.12,216.086,69.924,3.598,83.758,984.093,261.202,0.246
2026-03-27 04:00:00,CM-01,172.596,222.828,69.406,3.358,82.914,1013.476,256.643,0.268
2026-03-27 08:00:00,CM-01,168.437,211.947,68.951,3.539,77.944,991.062,268.393,0.238
2026-03-27 12:00:00,CM-01,175.135,215.892,69.596,3.595,74.243,1013.898,261.083,0.206
2026-03-27 16:00:00,CM-01,170.389,214.225,70.207,3.44,76.725,984.801,270.417,0.235
2026-03-27 20:00:00,CM-01,181.127,208.727,69.304,3.394,70.031,1042.386,262.238,0.178
2026-03-28 00:00:00,CM-01,172.294,203.778,68.266,3.447,74.525,974.036,256.552,0.171
2026-03-28 04:00:00,CM-01,171.648,205.891,67.592,3.265,75.014,927.715,259.815,0.204
2026-03-28 08:00:00,CM-01,170.479,208.089,67.611,3.44,59.063,976.468,252.52,0.257
2026-03-28 12:00:00,CM-01,166.247,208.816,68.335,3.266,58.36,985.472,251.596,0.222
2026-03-28 16:00:00,CM-01,166.702,206.504,67.561,3.442,70.976,981.465,248.869,0.185
2026-03-28 20:00:00,CM-01,167.732,203.878,66.904,3.359,65.973,964.893,251.293,0.135
2026-03-29 00:00:00,CM-01,173.804,207.108,66.621,3.134,65.487,967.506,258.24,0.204
2026-03-29 04:00:00,CM-01,173.281,208.298,65.347,3.212,74.449,964.001,254.028,0.195
2026-03-29 08:00:00,CM-01,165.058,203.111,67.515,3.329,69.293,924.764,257.748,0.175
2026-03-29 12:00:00,CM-01,161.133,203.785,65.793,2.991,63.509,940.721,238.948,0.227
2026-03-29 16:00:00,CM-01,169.71,202.638,66.637,3.263,70.827,966.477,240.446,0.179
2026-03-29 20:00:00,CM-01,169.616,214.206,64.651,3.297,76.183,912.278,244.109,0.154
2026-03-30 00:00:00,CM-01,161.701,207.334,67.49,3.276,80.299,962.998,245.11,0.182
2026-03-30 04:00:00,CM-01,170.588,206.601,64.214,3.047,78.568,972.426,254.624,0.16
2026-03-30 08:00:00,CM-01,163.497,203.982,67.289,3.272,81.103,940.48,244.081,0.117
2026-03-30 12:00:00,CM-01,163.435,209.563,65.198,3.224,74.879,930.848,248.59,0.171
2026-03-30 16:00:00,CM-01,165.731,201.312,67.741,3.238,76.802,955.543,254.058,0.094
2026-03-30 20:00:00,CM-01,163.065,204.962,66.798,3.401,71.684,938.847,248.743,0.186
2026-03-31 00:00:00,CM-01,161.485,207.782,64.421,3.156,79.493,919.329,237.505,0.164
2026-03-31 04:00:00,CM-01,168.774,208.1,67.028,3.437,73.966,923.544,239.969,0.158
2026-03-31 08:00:00,CM-01,166.767,207.75,67.1,3.146,62.994,984.082,250.843,0.229
2026-03-31 12:00:00,CM-01,162.661,204.027,65.828,3.302,71.2,970.868,260.203,0.16
2026-03-31 16:00:00,CM-01,166.055,206.453,66.313,3.594,67.515,967.851,247.325,0.11
2026-03-31 20:00:00,CM-01,166.385,209.87,67.876,3.393,65.185,993.838,244.627,0.204
2026-04-01 00:00:00,CM-01,165.219,208.609,68.692,3.414,62.586,976.583,258.491,0.239
2026-04-01 04:00:00,CM-01,168.681,208.863,67.268,3.562,65.618,941.54,257.27,0.166
2026-04-01 08:00:00,CM-01,171.721,207.212,69.709,3.446,67.593,1001.022,257.226,0.152
2026-04-01 12:00:00,CM-01,169.577,209.873,68.891,3.436,65.736,1009.565,266.783,0.218
2026-04-01 16:00:00,CM-01,170.624,210.433,67.879,3.433,69.518,1002.491,267.916,0.177
2026-04-01 20:00:00,CM-01,171.918,213.602,71.397,3.371,78.886,979.566,259.132,0.225
2026-04-02 00:00:00,CM-01,174.126,216.024,70.787,3.447,70.172,1005.833,265.402,0.242
2026-04-02 04:00:00,CM-01,180.867,215.481,69.05,3.503,82.858,995.41,265.16,0.28
2026-04-02 08:00:00,CM-01,183.056,216.071,69.77,3.599,77.369,1010.046,264.208,0.231
2026-04-02 12:00:00,CM-01,173.814,218.331,69.269,3.918,76.597,987.644,253.857,0.304
2026-04-02 16:00:00,CM-01,178.493,216.79,70.036,3.404,84.591,940.03,268.671,0.244
2026-04-02 20:00:00,CM-01,176.292,217.547,70.675,3.654,78.951,1021.711,261.383,0.197
2026-04-03 00:00:00,CM-01,172.716,212.657,70.816,3.521,78.439,1020.23,269.125,0.246
2026-04-03 04:00:00,CM-01,180.78,212.229,71.499,3.64,91.291,978.839,261.13,0.282
2026-04-03 08:00:00,CM-01,182.13,220.481,71.3,3.57,72.603,1041.368,266.12,0.293
2026-04-03 12:00:00,CM-01,171.064,215.753,69.379,3.682,71.927,1019.555,268.879,0.27
2026-04-03 16:00:00,CM-01,170.323,213.848,68.649,3.682,78.18,1027.311,270.282,0.204
2026-04-03 20:00:00,CM-01,173.983,211.607,68.84,3.493,63.002,988.587,257.385,0.235
2026-04-04 00:00:00,CM-01,181.028,216.52,71.216,3.585,69.497,933.772,274.89,0.283
2026-04-04 04:00:00,CM-01,170.473,211.459,67.892,3.559,63.044,992.032,265.763,0.24
2026-04-04 08:00:00,CM-01,171.209,211.348,68.356,3.62,67.701,960.864,270.196,0.218
2026-04-04 12:00:00,CM-01,173.85,217.222,69.73,3.459,53.574,976.158,265.052,0.205
2026-04-04 16:00:00,CM-01,169.112,204.121,66.912,3.487,67.127,1003.877,254.772,0.216
2026-04-04 20:00:00,CM-01,166.618,212.678,68.067,3.43,65.683,993.122,256.77,0.205
2026-04-05 00:00:00,CM-01,171.97,207.002,63.947,3.56,59.666,993.98,268.458,0.222
2026-04-05 04:00:00,CM-01,167.325,208.58,67.198,3.496,61.644,987.418,266.541,0.159
2026-04-05 08:00:00,CM-01,167.08,204.424,67.141,3.077,61.667,993.265,242.353,0.223
2026-04-05 12:00:00,CM-01,176.672,207.222,66.082,3.699,67.925,993.817,256.472,0.153
2026-04-05 16:00:00,CM-01,162.177,205.33,65.411,3.258,65.386,975.181,243.385,0.159
2026-04-05 20:00:00,CM-01,165.744,199.947,66.972,3.073,79.729,942.558,250.954,0.182
2026-04-06 00:00:00,CM-01,164.918,204.91,66.473,3.123,66.869,981.229,245.222,0.223
2026-04-06 04:00:00,CM-01,165.019,201.738,67.394,3.261,75.954,961.522,254.351,0.087
2026-04-06 08:00:00,CM-01,162.674,211.176,65.212,3.101,71.588,919.237,250.81,0.15
2026-04-06 12:00:00,CM-01,163.698,205.178,67.485,3.158,74.835,992.164,244.941,0.154
2026-04-06 16:00:00,CM-01,165.615,201.529,66.178,2.965,74.241,955.109,249.375,0.116
2026-04-06 20:00:00,CM-01,164.155,200.76,67.979,2.984,70.187,960.86,245.847,0.181
2026-04-07 00:00:00,CM-01,164.65,207.053,64.97,2.984,71.787,967.029,251.521,0.096
2026-04-07 04:00:00,CM-01,172.433,204.931,67.241,3.081,66.102,960.49,250.777,0.179
2026-04-07 08:00:00,CM-01,160.272,203.459,67.059,3.538,70.627,994.622,238.453,0.162
2026-04-07 12:00:00,CM-01,159.184,197.511,67.01,3.261,65.512,1007.43,255.946,0.14
2026-04-07 16:00:00,CM-01,167.492,205.952,66.279,3.536,67.604,922.748,273.118,0.16
2026-04-07 20:00:00,CM-01,171.393,212.397,67.303,3.159,61.663,958.415,245.25,0.164
2026-04-08 00:00:00,CM-01,167.797,208.906,65.804,3.493,55.235,969.75,256.91,0.227
2026-04-08 04:00:00,CM-01,167.463,208.203,66.061,3.464,61.939,969.799,248.082,0.166
2026-04-08 08:00:00,CM-01,170.642,205.116,65.808,3.05,63.377,1005.075,251.766,0.173
2026-04-08 12:00:00,CM-01,170.979,208.354,68.793,3.253,55.893,935.653,257.788,0.178
2026-04-08 16:00:00,CM-01,175.805,214.994,67.824,3.16,64.386,960.223,256.658,0.193
2026-04-08 20:00:00,CM-01,169.027,212.107,68.977,3.322,68.927,967.575,256.886,0.225
2026-04-09 00:00:00,CM-01,162.664,216.907,69.623,3.262,76.961,962.523,247.615,0.208
2026-04-09 04:00:00,CM-01,172.13,215.154,67.169,3.285,80.71,986.645,265.84,0.265
2026-04-09 08:00:00,CM-01,173.413,204.386,68.992,3.698,75.002,939.497,279.034,0.201
2026-04-09 12:00:00,CM-01,176.309,213.412,71.003,3.621,76.272,975.565,272.55,0.199
2026-04-09 16:00:00,CM-01,179.807,214.71,70.368,3.591,74.911,1012.243,277.385,0.256
2026-04-09 20:00:00,CM-01,171.277,211.708,69.796,3.245,87.438,991.098,278.585,0.323
2026-04-10 00:00:00,CM-01,170.152,217.455,69.761,3.372,86.698,1012.918,257.735,0.195
2026-04-10 04:00:00,CM-01,176.212,215.013,68.894,3.734,86.091,1011.065,267.065,0.321
2026-04-10 08:00:00,CM-01,172.476,222.365,69.894,3.408,83.327,1037.921,272.978,0.229
2026-04-10 12:00:00,CM-01,179.646,214.975,70.728,3.29,76.512,1039.632,272.205,0.267
2026-04-10 16:00:00,CM-01,171.56,220.533,72.374,3.668,76.646,990.014,273.385,0.235
2026-04-10 20:00:00,CM-01,177.496,215.708,68.422,3.677,75.706,997.103,273.175,0.205
2026-04-11 00:00:00,CM-01,170.495,212.122,68.382,3.504,73.847,965.886,277.473,0.214
2026-04-11 04:00:00,CM-01,174.295,215.503,69.716,3.734,66.202,1035.541,267.191,0.273
2026-04-11 08:00:00,CM-01,174.998,214.871,72.512,3.508,66.837,985.389,252.847,0.214
2026-04-11 12:00:00,CM-01,166.803,211.452,69.738,3.392,63.348,976.301,272.2,0.258
2026-04-11 16:00:00,CM-01,176.54,216.612,71.72,3.447,63.859,1018.186,255.044,0.193
2026-04-11 20:00:00,CM-01,177.51,215.28,68.162,3.602,72.152,1007.33,283.01,0.238
2026-04-12 00:00:00,CM-01,171.394,213.568,67.912,3.804,65.572,991.266,268.557,0.193
2026-04-12 04:00:00,CM-01,172.721,205.069,68.369,3.483,67.889,945.318,250.909,0.25
2026-04-12 08:00:00,CM-01,175.832,210.772,69.453,3.405,67.935,945.681,261.21,0.195
2026-04-12 12:00:00,CM-01,171.805,209.288,67.405,3.224,74.52,958.889,259.53,0.164
2026-04-12 16:00:00,CM-01,165.667,209.097,65.899,3.379,75.945,993.632,260.335,0.157
2026-04-12 20:00:00,CM-01,171.49,203.224,67.754,3.168,70.693,967.323,259.127,0.164
2026-04-13 00:00:00,CM-01,166.159,207.578,65.926,3.305,76.472,1012.197,247.83,0.12
2026-04-13 04:00:00,CM-01,167.221,204.611,69.135,3.256,71.404,971.255,253.028,0.199
2026-04-13 08:00:00,CM-01,163.52,205.899,66.521,3.333,78.067,956.58,240.865,0.17
2026-04-13 12:00:00,CM-01,172.636,202.577,65.397,3.083,80.607,941.493,251.586,0.102
2026-04-13 16:00:00,CM-01,165.246,208.414,64.664,2.97,76.972,974.258,249.074,0.169
2026-04-13 20:00:00,CM-01,160.863,205.612,65.711,2.993,74.369,933.912,261.509,0.182
2026-04-14 00:00:00,CM-01,168.162,203.958,63.921,3.48,69.623,985.196,249.388,0.195
2026-04-14 04:00:00,CM-01,168.613,201.236,65.279,3.329,64.624,926.4,247.31,0.137
2026-04-14 08:00:00,CM-01,162.115,201.236,69.146,3.469,72.191,953.876,249.194,0.128
2026-04-14 12:00:00,CM-01,168.491,205.685,65.623,2.999,57.628,937.254,248.062,0.2
2026-04-14 16:00:00,CM-01,169.659,205.393,66.224,3.49,63.778,944.407,256.658,0.133
2026-04-14 20:00:00,CM-01,166.405,204.582,66.228,2.847,66.242,952.348,245.739,0.171
2026-04-15 00:00:00,CM-01,164.855,202.997,68.351,3.38,62.984,983.305,239.744,0.198
2026-04-15 04:00:00,CM-01,164.011,205.534,70.227,3.307,52.69,963.212,245.875,0.156
2026-04-15 08:00:00,CM-01,172.654,210.057,66.815,3.332,62.499,986.67,261.545,0.191
2026-04-15 12:00:00,CM-01,166.203,210.563,67.128,3.15,64.189,981.881,246.842,0.182
2026-04-15 16:00:00,CM-01,168.872,209.272,68.681,3.494,63.127,969.994,267.755,0.175
2026-04-15 20:00:00,CM-01,168.228,214.438,68.397,3.436,69.682,941.822,255.99,0.173
2026-04-16 00:00:00,CM-01,169.108,204.957,69.242,3.57,72.165,982.66,259.497,0.201
2026-04-16 04:00:00,CM-01,170.055,214.938,66.652,3.521,79.726,1010.224,268.498,0.203
2026-04-16 08:00:00,CM-01,176.549,211.351,68.008,3.656,70.667,989.204,273.126,0.218
2026-04-16 12:00:00,CM-01,177.644,207.28,68.178,3.444,79.489,992.027,265.293,0.219
2026-04-16 16:00:00,CM-01,169.32,212.252,68.794,3.489,81.268,1008.023,256.968,0.201
2026-04-16 20:00:00,CM-01,184.885,209.581,67.436,3.649,76.806,1000.451,252.182,0.18
2026-04-17 00:00:00,CM-01,177.889,217.652,68.711,3.663,91.669,951.414,261.77,0.222
2026-04-17 04:00:00,CM-01,173.725,213.488,70.983,3.77,85.272,1005.448,275.368,0.244
2026-04-17 08:00:00,CM-01,183.451,209.46,68.996,3.574,85.831,974.238,275.63,0.271
2026-04-17 12:00:00,CM-01,167.653,214.742,67.7,3.504,79.586,980.098,276.455,0.197
2026-04-17 16:00:00,CM-01,176.991,212.075,69.348,3.688,82.252,1006.379,267.123,0.256
2026-04-17 20:00:00,CM-01,177.515,214.653,67.513,3.665,71.537,1008.823,274.106,0.242
2026-04-18 00:00:00,CM-01,171.142,212.096,71.527,3.635,72.243,1016.565,280.386,0.233
2026-04-18 04:00:00,CM-01,173.049,205.688,67.876,3.407,68.182,975.582,273.902,0.267
2026-04-18 08:00:00,CM-01,167.685,214.187,67.924,3.735,65.539,980.494,253.177,0.258
2026-04-18 12:00:00,CM-01,173.881,217.726,68.18,3.493,59.665,998.797,263.961,0.248
2026-04-18 16:00:00,CM-01,172.998,209.497,69.24,3.66,67.101,975.653,272.175,0.216
2026-04-18 20:00:00,CM-01,174.146,212.372,69.453,3.191,65.405,995.577,265.5,0.245
2026-04-19 00:00:00,CM-01,176.17,205.842,67.94,3.476,78.709,964.308,269.128,0.276
2026-04-19 04:00:00,CM-01,173.134,209.174,70.109,3.601,68.335,1027.544,264.441,0.211
2026-04-19 08:00:00,CM-01,176.906,207.475,69.201,3.267,71.601,1016.521,254.601,0.267
2026-04-19 12:00:00,CM-01,177.439,214.128,67.398,3.399,70.037,1013.93,242.313,0.222
2026-04-19 16:00:00,CM-01,169.0,210.087,67.652,3.536,77.837,975.481,260.877,0.175
2026-04-19 20:00:00,CM-01,171.929,211.261,69.866,3.574,78.276,975.98,255.47,0.161
2026-04-20 00:00:00,CM-01,169.932,199.599,65.348,3.329,76.364,935.724,260.692,0.21
2026-04-20 04:00:00,CM-01,167.968,212.339,67.882,3.214,72.355,990.619,261.446,0.232
2026-04-20 08:00:00,CM-01,166.081,212.364,66.881,3.521,81.473,989.188,256.676,0.222
2026-04-20 12:00:00,CM-01,166.085,202.438,69.688,3.203,83.113,939.049,255.693,0.108
2026-04-20 16:00:00,CM-01,164.847,207.384,66.365,3.018,80.501,982.23,246.238,0.175
2026-04-20 20:00:00,CM-01,164.6,201.938,68.446,3.137,77.045,943.386,238.75,0.222
2026-04-21 00:00:00,CM-01,159.83,205.874,67.58,3.277,66.168,951.142,245.121,0.164
2026-04-21 04:00:00,CM-01,167.413,208.733,64.697,3.531,72.113,1018.876,239.69,0.146
2026-04-21 08:00:00,CM-01,154.848,205.823,66.678,3.185,58.681,990.249,245.468,0.167
2026-04-21 12:00:00,CM-01,157.97,206.628,65.651,3.071,62.756,940.028,246.639,0.149
2026-04-21 16:00:00,CM-01,159.83,211.291,65.046,3.084,69.121,949.363,257.637,0.157
2026-04-21 20:00:00,CM-01,165.373,203.87,65.208,3.239,68.581,965.501,248.841,0.161
2026-04-22 00:00:00,CM-01,167.885,203.039,67.36,2.788,56.503,934.989,252.849,0.177
2026-04-22 04:00:00,CM-01,165.801,203.176,66.815,3.225,66.46,944.107,245.763,0.136
2026-04-22 08:00:00,CM-01,163.964,206.793,67.392,3.214,62.877,936.564,238.393,0.134
2026-04-22 12:00:00,CM-01,167.631,203.824,66.317,3.31,60.386,999.275,243.893,0.134
2026-04-22 16:00:00,CM-01,171.098,206.272,63.936,3.051,60.594,959.609,263.998,0.158
2026-04-22 20:00:00,CM-01,171.27,212.351,68.877,3.329,66.249,983.13,267.259,0.204
2026-04-23 00:00:00,CM-01,169.949,211.769,67.679,2.937,74.709,954.106,248.05,0.242
2026-04-23 04:00:00,CM-01,175.183,205.528,67.681,3.238,76.823,992.557,278.681,0.15
2026-04-23 08:00:00,CM-01,162.315,207.928,65.712,3.145,70.508,971.161,254.818,0.187
2026-04-23 12:00:00,CM-01,173.599,207.318,67.657,3.455,64.978,994.308,275.172,0.206
2026-04-23 16:00:00,CM-01,174.1,210.012,68.642,3.681,77.395,1021.844,273.593,0.185
2026-04-23 20:00:00,CM-01,171.456,211.496,65.638,3.283,81.912,1005.771,268.951,0.208
2026-04-24 00:00:00,CM-01,177.177,212.064,68.827,3.447,80.551,984.152,256.194,0.244
2026-04-24 04:00:00,CM-01,172.691,211.061,70.133,3.423,85.597,1044.468,263.491,0.27
2026-04-24 08:00:00,CM-01,169.876,210.04,66.145,3.79,77.04,992.638,263.988,0.186
2026-04-24 12:00:00,CM-01,176.051,208.698,68.29,3.243,75.488,939.119,267.786,0.218
2026-04-24 16:00:00,CM-01,182.785,220.564,68.41,3.662,74.525,974.877,267.434,0.226
2026-04-24 20:00:00,CM-01,176.948,211.866,68.171,3.61,69.316,982.972,265.188,0.236
2026-04-25 00:00:00,CM-01,172.908,212.778,72.182,3.476,77.592,1011.421,288.581,0.213
2026-04-25 04:00:00,CM-01,171.153,212.282,69.864,3.352,76.084,999.275,265.797,0.281
2026-04-25 08:00:00,CM-01,172.423,221.459,72.353,3.654,71.921,1005.222,266.623,0.204
2026-04-25 12:00:00,CM-01,177.365,217.306,68.092,3.545,60.747,997.853,268.231,0.193
2026-04-25 16:00:00,CM-01,176.332,214.697,68.851,3.58,63.778,1011.081,265.534,0.245
2026-04-25 20:00:00,CM-01,179.4,226.988,68.104,3.667,63.586,969.257,269.432,0.195
2026-04-26 00:00:00,CM-01,178.791,214.523,70.149,3.516,68.57,974.708,262.775,0.212
2026-04-26 04:00:00,CM-01,166.039,218.628,68.569,3.745,66.574,1026.677,281.143,0.238
2026-04-26 08:00:00,CM-01,175.03,211.265,69.845,3.441,62.354,975.603,266.799,0.197
2026-04-26 12:00:00,CM-01,170.231,215.925,69.408,3.525,77.231,1007.731,263.014,0.184
2026-04-26 16:00:00,CM-01,170.973,215.724,70.552,3.645,76.528,977.773,262.226,0.248
2026-04-26 20:00:00,CM-01,166.604,215.809,66.736,3.373,68.509,1021.694,283.193,0.221
2026-04-27 00:00:00,CM-01,175.69,211.852,69.031,3.393,81.352,974.172,261.754,0.239
2026-04-27 04:00:00,CM-01,166.11,210.168,70.605,3.59,82.334,1004.665,272.2,0.135
2026-04-27 08:00:00,CM-01,164.304,214.234,67.512,3.284,75.151,993.983,259.103,0.194
2026-04-27 12:00:00,CM-01,171.172,212.329,68.84,3.517,76.822,977.941,257.779,0.204
2026-04-27 16:00:00,CM-01,171.194,202.068,68.293,3.291,82.457,1021.991,266.306,0.233
2026-04-27 20:00:00,CM-01,168.473,207.765,68.262,3.409,77.175,953.513,264.555,0.178
2026-04-28 00:00:00,CM-01,174.866,201.372,66.192,3.279,77.642,951.374,245.325,0.182
2026-04-28 04:00:00,CM-01,160.515,204.665,67.364,3.103,79.268,922.838,235.906,0.138
2026-04-28 08:00:00,CM-01,168.554,204.611,67.139,3.001,67.956,960.79,242.38,0.12
2026-04-28 12:00:00,CM-01,168.916,207.066,67.758,3.263,59.519,955.763,265.262,0.181
2026-04-28 16:00:00,CM-01,170.851,207.455,65.364,3.218,60.707,949.38,262.066,0.081
2026-04-28 20:00:00,CM-01,169.274,201.87,64.428,3.369,68.83,1007.857,253.919,0.146
2026-04-29 00:00:00,CM-01,165.662,209.38,65.151,3.088,52.453,925.848,249.948,0.181
2026-04-29 04:00:00,CM-01,162.334,210.873,64.26,3.364,55.71,999.061,243.057,0.101
2026-04-29 08:00:00,CM-01,163.452,204.63,66.311,3.143,61.513,924.678,232.259,0.163
2026-04-29 12:00:00,CM-01,160.59,205.816,67.942,3.053,63.439,979.641,243.836,0.177
2026-04-29 16:00:00,CM-01,163.078,202.561,65.718,3.2,59.869,971.389,251.985,0.201
2026-04-29 20:00:00,CM-01,164.934,205.209,67.233,3.237,68.675,940.068,247.414,0.206
2026-04-30 00:00:00,CM-01,152.762,207.669,66.67,2.987,72.456,924.833,262.24,0.137
2026-04-30 04:00:00,CM-01,169.067,209.38,65.676,3.361,63.563,969.978,246.97,0.154
2026-04-30 08:00:00,CM-01,168.049,207.15,67.729,3.084,73.156,995.92,262.412,0.175
2026-04-30 12:00:00,CM-01,165.715,207.103,67.029,3.403,81.221,972.179,252.682,0.154
2026-04-30 16:00:00,CM-01,169.681,207.365,68.435,3.201,81.519,979.459,255.025,0.115
2026-04-30 20:00:00,CM-01,169.836,209.421,67.636,3.519,82.225,982.08,271.589,0.141
2026-05-01 00:00:00,CM-01,170.562,210.228,69.053,3.273,77.07,1011.242,250.663,0.24
2026-05-01 04:00:00,CM-01,180.329,209.374,66.586,3.369,81.593,1001.811,253.27,0.146
2026-05-01 08:00:00,CM-01,176.039,203.417,68.246,3.928,73.693,984.383,264.075,0.237
2026-05-01 12:00:00,CM-01,168.156,217.94,69.07,3.597,80.526,990.099,257.412,0.185
2026-05-01 16:00:00,CM-01,175.817,211.097,67.875,3.417,73.479,990.341,251.472,0.175
2026-05-01 20:00:00,CM-01,175.05,210.634,70.558,3.684,81.239,1004.834,262.454,0.318
2026-05-02 00:00:00,CM-01,182.257,213.757,69.875,3.764,67.663,1011.898,269.148,0.208
2026-05-02 04:00:00,CM-01,167.853,214.972,70.706,3.544,68.788,980.832,268.098,0.268
2026-05-02 08:00:00,CM-01,172.049,219.282,72.21,3.587,65.723,1036.009,275.784,0.244
2026-05-02 12:00:00,CM-01,163.578,212.509,68.949,3.457,65.375,969.353,264.727,0.287
2026-05-02 16:00:00,CM-01,173.002,213.122,69.23,3.663,55.43,1044.104,262.622,0.215
2026-05-02 20:00:00,CM-01,173.934,212.351,70.139,3.322,71.306,1010.249,273.105,0.187
2026-05-03 00:00:00,CM-01,178.276,214.561,69.25,3.651,72.224,1028.281,260.332,0.233
2026-05-03 04:00:00,CM-01,187.425,217.387,72.863,3.819,71.833,969.975,270.321,0.291
2026-05-03 08:00:00,CM-01,172.918,216.078,70.818,3.462,67.251,964.736,263.117,0.296
2026-05-03 12:00:00,CM-01,171.295,214.773,68.951,3.764,80.362,1000.148,260.333,0.311
2026-05-03 16:00:00,CM-01,171.473,216.263,70.83,3.486,81.58,1016.497,258.823,0.222
2026-05-03 20:00:00,CM-01,174.835,213.677,68.776,3.262,87.212,1013.906,271.501,0.249
2026-05-04 00:00:00,CM-01,177.13,214.323,68.682,3.407,80.648,993.905,269.399,0.259
2026-05-04 04:00:00,CM-01,177.863,212.62,67.175,3.449,73.48,1014.997,267.732,0.271
2026-05-04 08:00:00,CM-01,169.43,213.719,68.49,3.446,86.094,994.372,249.81,0.258
2026-05-04 12:00:00,CM-01,175.431,211.381,68.091,3.505,77.724,980.586,262.037,0.202
2026-05-04 16:00:00,CM-01,168.677,210.312,66.66,3.57,77.825,955.35,262.22,0.149
2026-05-04 20:00:00,CM-01,169.759,204.671,68.468,3.246,77.557,965.22,248.141,0.219
2026-05-05 00:00:00,CM-01,175.908,218.733,67.733,3.474,77.483,978.837,266.91,0.181
2026-05-05 04:00:00,CM-01,166.19,209.954,65.99,3.48,66.019,971.648,251.875,0.136
2026-05-05 08:00:00,CM-01,164.863,207.54,65.602,3.126,70.139,957.739,251.974,0.198
2026-05-05 12:00:00,CM-01,170.437,205.99,65.311,3.465,73.65,934.924,267.93,0.158
2026-05-05 16:00:00,CM-01,165.098,207.561,65.991,3.204,61.488,992.024,254.548,0.194
2026-05-05 20:00:00,CM-01,164.405,203.35,65.762,3.231,58.865,992.383,231.338,0.154
2026-05-06 00:00:00,CM-01,171.966,206.096,67.374,3.229,51.567,949.789,245.024,0.139
2026-05-06 04:00:00,CM-01,171.692,213.781,66.566,3.131,61.081,982.767,232.779,0.177
2026-05-06 08:00:00,CM-01,168.387,199.598,66.433,3.259,58.581,966.909,238.896,0.08
2026-05-06 12:00:00,CM-01,169.356,207.186,66.274,3.12,57.689,912.666,244.147,0.139
2026-05-06 16:00:00,CM-01,166.708,204.863,67.181,3.388,68.664,940.046,254.945,0.209
2026-05-06 20:00:00,CM-01,165.714,211.786,64.202,3.015,69.637,978.255,243.28,0.143
2026-05-07 00:00:00,CM-01,158.362,201.295,67.5,3.327,63.199,930.906,258.661,0.132
2026-05-07 04:00:00,CM-01,160.462,205.61,65.508,3.43,64.875,925.315,246.432,0.105
2026-05-07 08:00:00,CM-01,170.02,208.19,66.43,3.427,72.211,959.703,254.208,0.164
2026-05-07 12:00:00,CM-01,162.32,208.412,65.647,3.225,76.353,919.559,259.505,0.172
2026-05-07 16:00:00,CM-01,165.785,205.004,67.439,3.134,75.343,939.924,250.491,0.166
2026-05-07 20:00:00,CM-01,167.901,194.441,65.974,3.227,77.098,997.551,244.786,0.187
2026-05-08 00:00:00,CM-01,164.432,206.2,66.208,3.202,87.298,997.057,243.923,0.193
2026-05-08 04:00:00,CM-01,172.734,205.635,68.74,3.447,80.064,950.001,267.657,0.122
2026-05-08 08:00:00,CM-01,160.875,209.617,67.169,3.371,76.668,984.169,251.209,0.156
2026-05-08 12:00:00,CM-01,174.442,208.654,67.918,3.473,76.223,965.495,265.584,0.171
2026-05-08 16:00:00,CM-01,176.324,211.193,67.386,3.53,77.862,958.201,261.431,0.206
2026-05-08 20:00:00,CM-01,174.603,204.326,68.943,3.416,66.982,918.003,257.74,0.183
2026-05-09 00:00:00,CM-01,174.483,209.214,68.474,3.72,75.171,991.053,262.552,0.213
2026-05-09 04:00:00,CM-01,174.696,210.56,70.914,3.49,75.029,982.811,268.834,0.256
2026-05-09 08:00:00,CM-01,177.286,209.317,68.338,3.688,64.174,1018.422,261.407,0.201
2026-05-09 12:00:00,CM-01,175.612,209.05,69.055,3.61,71.415,1006.686,265.602,0.194
2026-05-09 16:00:00,CM-01,174.074,219.179,69.748,3.58,63.728,949.32,271.444,0.247
2026-05-09 20:00:00,CM-01,181.378,215.346,69.139,3.594,60.564,1052.268,270.981,0.266
2026-05-10 00:00:00,CM-01,178.324,214.263,68.942,3.695,65.864,1029.029,275.35,0.296
2026-05-10 04:00:00,CM-01,175.751,216.033,70.871,3.503,70.808,1028.818,259.997,0.204
2026-05-10 08:00:00,CM-01,181.036,217.493,68.52,3.706,75.095,1012.385,275.593,0.291
2026-05-10 12:00:00,CM-01,179.306,214.257,69.464,3.681,78.715,1000.418,268.768,0.217
2026-05-10 16:00:00,CM-01,174.025,218.405,69.935,4.001,77.637,992.023,269.763,0.288
2026-05-10 20:00:00,CM-01,175.79,211.859,68.517,3.532,83.973,973.992,270.796,0.182
2026-05-11 00:00:00,CM-01,171.624,211.951,68.571,3.615,78.106,1037.241,281.142,0.176
2026-05-11 04:00:00,CM-01,176.854,213.317,69.659,3.509,82.446,972.477,264.976,0.248
2026-05-11 08:00:00,CM-01,176.405,216.46,68.645,3.592,88.403,990.726,268.699,0.194
2026-05-11 12:00:00,CM-01,172.6,215.545,69.919,3.486,78.536,1002.904,264.144,0.217
2026-05-11 16:00:00,CM-01,172.446,210.78,69.721,3.441,89.147,977.776,260.147,0.212
2026-05-11 20:00:00,CM-01,180.026,210.634,69.099,3.555,73.035,952.753,242.643,0.236
2026-05-12 00:00:00,CM-01,179.464,211.557,66.551,3.348,71.089,1012.811,253.691,0.236
2026-05-12 04:00:00,CM-01,176.547,217.008,71.839,3.279,77.404,978.125,256.454,0.217
2026-05-12 08:00:00,CM-01,164.286,208.816,69.536,3.376,72.789,967.074,263.564,0.187
2026-05-12 12:00:00,CM-01,169.475,212.67,66.069,3.203,62.035,994.106,247.967,0.173
2026-05-12 16:00:00,CM-01,162.045,204.352,67.871,3.15,67.475,968.642,262.089,0.21
2026-05-12 20:00:00,CM-01,168.649,209.629,66.857,3.381,63.139,956.881,250.006,0.193
2026-05-13 00:00:00,CM-01,171.895,211.16,65.285,3.468,64.375,955.058,256.134,0.119
2026-05-13 04:00:00,CM-01,168.454,211.237,66.489,3.455,65.145,972.966,263.698,0.155
2026-05-13 08:00:00,CM-01,157.531,207.068,64.672,3.298,59.413,994.425,258.898,0.161
2026-05-13 12:00:00,CM-01,159.323,209.092,66.048,3.005,74.364,998.729,251.578,0.143
2026-05-13 16:00:00,CM-01,162.131,211.094,65.274,3.311,62.026,968.524,247.289,0.193
2026-05-13 20:00:00,CM-01,170.85,207.405,65.357,3.115,68.411,955.624,250.44,0.091
2026-05-14 00:00:00,CM-01,160.543,203.263,66.066,3.471,66.36,954.761,251.944,0.171
2026-05-14 04:00:00,CM-01,169.121,204.918,68.274,3.322,79.087,947.632,261.655,0.223
2026-05-14 08:00:00,CM-01,164.204,203.313,65.955,3.296,78.54,986.408,247.36,0.187
2026-05-14 12:00:00,CM-01,163.372,206.753,66.093,3.187,80.292,933.733,265.603,0.187
2026-05-14 16:00:00,CM-01,155.232,203.528,63.991,3.064,70.386,942.87,238.618,0.158
2026-05-14 20:00:00,CM-01,163.563,211.112,68.294,3.34,85.011,911.622,250.679,0.237
2026-05-15 00:00:00,CM-01,164.913,205.643,64.758,3.383,82.747,940.648,242.693,0.166
2026-05-15 04:00:00,CM-01,161.955,202.665,66.262,3.188,77.991,961.595,254.596,0.133
2026-05-15 08:00:00,CM-01,167.377,207.878,65.073,3.436,74.649,1003.078,254.688,0.161
2026-05-15 12:00:00,CM-01,171.475,210.328,66.447,3.193,70.979,989.997,258.368,0.226
2026-05-15 16:00:00,CM-01,165.608,212.605,66.805,3.458,70.567,937.731,260.342,0.168
2026-05-15 20:00:00,CM-01,164.972,212.266,67.609,3.296,81.052,1015.963,261.74,0.199
2026-05-16 00:00:00,CM-01,160.356,207.624,67.378,3.118,58.378,994.134,268.135,0.215
2026-05-16 04:00:00,CM-01,166.923,203.934,65.982,3.239,64.591,973.26,259.754,0.207
2026-05-16 08:00:00,CM-01,176.174,207.247,69.052,3.457,68.729,983.009,261.555,0.224
2026-05-16 12:00:00,CM-01,171.24,214.081,69.117,3.763,61.884,985.717,252.385,0.232
2026-05-16 16:00:00,CM-01,170.511,210.08,67.107,3.444,67.467,1031.773,267.503,0.207
2026-05-16 20:00:00,CM-01,175.577,211.309,68.536,3.309,66.56,978.683,269.953,0.205
2026-05-17 00:00:00,CM-01,173.703,216.788,70.399,3.556,76.357,1037.226,262.267,0.233
2026-05-17 04:00:00,CM-01,172.58,218.569,69.874,3.46,73.352,1051.365,274.269,0.233
2026-05-17 08:00:00,CM-01,162.121,215.534,69.66,3.614,66.912,1020.382,274.453,0.278
2026-05-17 12:00:00,CM-01,177.9,213.32,69.668,3.618,78.816,1048.929,286.204,0.25
2026-05-17 16:00:00,CM-01,160.22,219.253,69.122,3.491,74.513,983.732,262.419,0.261
2026-05-17 20:00:00,CM-01,178.693,217.624,68.971,3.484,79.239,989.029,269.673,0.207
2026-05-18 00:00:00,CM-01,169.946,219.121,70.828,3.714,80.844,1034.906,270.234,0.283
2026-05-18 04:00:00,CM-01,176.922,209.528,67.571,3.571,87.301,998.462,284.47,0.226
2026-05-18 08:00:00,CM-01,177.944,216.127,70.055,3.866,75.772,993.98,297.766,0.285
2026-05-18 12:00:00,CM-01,175.528,212.543,67.874,3.514,88.112,1021.276,270.727,0.272
2026-05-18 16:00:00,CM-01,175.078,222.245,70.06,3.655,76.048,991.686,267.567,0.29
2026-05-18 20:00:00,CM-01,171.124,219.848,69.585,3.606,78.7,1048.44,266.554,0.301
2026-05-19 00:00:00,CM-01,175.618,220.804,71.262,3.215,78.932,977.186,267.929,0.193
2026-05-19 04:00:00,CM-01,176.296,223.521,71.182,3.978,80.292,1028.446,270.77,0.294
2026-05-19 08:00:00,CM-01,182.209,213.848,69.111,3.659,76.541,999.674,266.897,0.246
2026-05-19 12:00:00,CM-01,172.392,224.684,70.252,3.497,73.84,996.852,264.937,0.235
2026-05-19 16:00:00,CM-01,167.579,210.297,72.165,3.859,73.529,974.667,270.77,0.245
2026-05-19 20:00:00,CM-01,174.441,218.617,69.902,3.706,68.418,938.797,270.785,0.24
2026-05-20 00:00:00,CM-01,175.304,214.25,72.939,3.385,61.128,975.083,273.334,0.288
2026-05-20 04:00:00,CM-01,168.553,212.069,70.042,3.689,71.127,955.382,264.289,0.219
2026-05-20 08:00:00,CM-01,176.963,214.661,67.678,3.496,66.358,985.286,279.854,0.246
2026-05-20 12:00:00,CM-01,172.531,210.347,69.637,3.185,62.951,928.576,273.41,0.244
2026-05-20 16:00:00,CM-01,174.319,214.472,69.378,3.733,59.988,996.711,262.808,0.19
2026-05-20 20:00:00,CM-01,175.405,212.904,71.265,3.49,69.446,979.879,271.932,0.232
2026-05-21 00:00:00,CM-01,174.743,217.384,70.033,3.517,62.762,962.127,262.334,0.232
2026-05-21 04:00:00,CM-01,173.3,216.905,67.882,3.585,71.876,959.791,263.061,0.216
2026-05-21 08:00:00,CM-01,175.237,216.852,68.538,3.422,74.889,954.944,254.373,0.217
2026-05-21 12:00:00,CM-01,171.296,213.533,68.585,3.675,75.567,963.615,267.822,0.256
2026-05-21 16:00:00,CM-01,171.589,219.065,69.235,3.382,73.656,1007.766,262.969,0.253
2026-05-21 20:00:00,CM-01,168.249,216.21,68.563,3.505,78.078,974.128,263.351,0.302
2026-05-22 00:00:00,CM-01,172.927,207.605,70.507,3.456,77.563,993.337,261.976,0.232
2026-05-22 04:00:00,CM-01,176.383,221.197,69.299,3.561,75.068,934.252,288.487,0.211
2026-05-22 08:00:00,CM-01,176.233,216.432,72.899,3.482,82.009,950.192,277.944,0.24
2026-05-22 12:00:00,CM-01,183.559,213.958,70.576,3.633,74.492,993.475,262.368,0.311
2026-05-22 16:00:00,CM-01,189.561,216.66,73.503,3.715,67.56,966.959,272.893,0.303
2026-05-22 20:00:00,CM-01,180.577,221.233,71.707,3.867,69.445,976.662,274.63,0.331
2026-05-23 00:00:00,CM-01,180.772,220.891,71.127,3.685,59.83,969.561,288.814,0.286
2026-05-23 04:00:00,CM-01,179.355,216.172,72.774,4.091,71.078,1014.412,286.007,0.335
2026-05-23 08:00:00,CM-01,182.838,217.519,71.66,3.927,72.511,999.368,282.603,0.312
2026-05-23 12:00:00,CM-01,180.019,220.765,73.627,3.976,66.741,1013.118,287.373,0.374
2026-05-23 16:00:00,CM-01,184.993,226.925,74.545,4.052,59.946,1012.006,293.604,0.284
2026-05-23 20:00:00,CM-01,184.931,226.945,74.268,4.25,66.655,968.695,275.981,0.37
2026-05-24 00:00:00,CM-01,189.724,224.379,72.024,4.206,68.579,979.965,289.598,0.358
2026-05-24 04:00:00,CM-01,196.027,221.813,76.997,4.175,67.974,1003.918,288.981,0.387
2026-05-24 08:00:00,CM-01,189.713,225.819,78.189,4.258,77.141,1003.618,280.381,0.358
2026-05-24 12:00:00,CM-01,190.428,231.406,75.45,4.208,70.108,986.217,305.776,0.449
2026-05-24 16:00:00,CM-01,190.029,232.606,75.1,4.447,79.45,1010.603,307.136,0.378
2026-05-24 20:00:00,CM-01,188.705,229.902,77.7,4.472,72.166,999.858,307.659,0.388
2026-05-25 00:00:00,CM-01,201.297,228.859,77.456,4.355,73.474,962.733,307.081,0.376
2026-05-25 04:00:00,CM-01,191.04,234.071,76.908,4.33,78.96,1026.214,306.924,0.425
2026-05-25 08:00:00,CM-01,205.226,227.663,77.379,4.621,85.539,974.658,310.207,0.454
2026-05-25 12:00:00,CM-01,200.868,238.412,76.392,4.565,85.484,1013.667,311.241,0.373
2026-05-25 16:00:00,CM-01,192.131,233.538,74.391,4.522,84.583,1009.016,323.649,0.437
2026-05-25 20:00:00,CM-01,198.902,234.051,77.324,4.386,83.547,1012.604,308.261,0.392
2026-05-26 00:00:00,CM-01,203.342,231.364,74.797,4.503,83.865,1010.076,319.583,0.404
2026-05-26 04:00:00,CM-01,196.475,231.828,75.15,4.357,79.758,1010.515,313.013,0.406
2026-05-26 08:00:00,CM-01,195.581,234.0,76.991,4.451,70.942,1061.687,312.025,0.425
2026-05-26 12:00:00,CM-01,194.835,232.717,76.954,4.114,64.577,992.181,319.532,0.38
2026-05-26 16:00:00,CM-01,193.386,238.286,76.667,4.521,69.023,984.095,293.861,0.419
2026-05-26 20:00:00,CM-01,199.663,234.602,77.204,4.32,69.826,985.156,308.892,0.478
2026-05-27 00:00:00,CM-01,199.695,227.888,74.758,4.451,62.828,1004.048,307.47,0.452
2026-05-27 04:00:00,CM-01,193.919,237.602,75.161,4.45,61.465,996.722,314.942,0.415
2026-05-27 08:00:00,CM-01,192.109,235.142,77.597,4.162,62.945,982.96,310.766,0.393
2026-05-27 12:00:00,CM-01,186.199,230.004,76.032,4.282,55.681,983.383,314.357,0.456
2026-05-27 16:00:00,CM-01,191.095,227.161,76.487,4.407,59.267,958.117,308.099,0.439
2026-05-27 20:00:00,CM-01,194.666,232.101,75.859,4.404,69.216,966.673,307.543,0.419
2026-05-28 00:00:00,CM-01,195.377,235.433,76.015,4.194,66.62,955.788,307.336,0.364
2026-05-28 04:00:00,CM-01,192.128,228.46,74.985,4.427,73.731,931.478,313.659,0.427
2026-05-28 08:00:00,CM-01,190.726,233.015,75.493,4.238,72.211,959.042,299.371,0.428
2026-05-28 12:00:00,CM-01,201.084,227.848,73.424,3.98,72.931,966.175,291.241,0.341
2026-05-28 16:00:00,CM-01,194.84,231.038,75.057,4.035,82.892,948.262,303.512,0.358
2026-05-28 20:00:00,CM-01,198.098,231.017,73.38,4.246,76.869,931.784,307.698,0.385
2026-05-29 00:00:00,CM-01,185.46,229.692,77.037,4.244,82.126,960.648,303.579,0.401
2026-05-29 04:00:00,CM-01,193.334,233.207,74.687,4.156,82.2,971.347,297.059,0.435
2026-05-29 08:00:00,CM-01,194.605,232.553,74.802,4.362,70.855,941.725,309.938,0.442
2026-05-29 12:00:00,CM-01,192.166,229.483,75.982,4.404,74.296,977.229,294.336,0.452
2026-05-29 16:00:00,CM-01,203.222,234.372,75.1,4.37,71.139,933.092,300.912,0.434
2026-05-29 20:00:00,CM-01,195.812,234.346,76.808,4.272,69.539,986.114,313.33,0.432
2026-05-30 00:00:00,CM-01,203.916,240.985,76.891,4.507,63.995,963.471,313.977,0.465
2026-05-30 04:00:00,CM-01,200.192,231.185,76.191,4.411,68.451,940.788,320.392,0.444
2026-05-30 08:00:00,CM-01,202.177,235.88,78.089,4.499,58.718,967.693,319.297,0.516
2026-05-30 12:00:00,CM-01,199.897,242.545,77.272,4.777,61.002,974.762,322.067,0.466
2026-05-30 16:00:00,CM-01,201.428,243.195,78.382,4.746,69.497,952.06,330.853,0.468
2026-05-30 20:00:00,CM-01,210.332,242.589,78.703,4.394,64.54,1023.844,316.848,0.523
2026-05-31 00:00:00,CM-01,208.208,244.302,79.948,4.421,60.823,994.449,326.388,0.546
2026-05-31 04:00:00,CM-01,207.742,237.079,76.436,4.782,63.557,943.121,324.979,0.54
2026-05-31 08:00:00,CM-01,208.35,248.316,78.753,4.938,73.27,998.617,330.813,0.503
2026-05-31 12:00:00,CM-01,208.735,242.886,81.112,4.673,74.643,1013.917,336.511,0.537
2026-05-31 16:00:00,CM-01,210.803,245.757,81.37,4.618,69.297,1010.961,331.496,0.579
2026-05-31 20:00:00,CM-01,212.719,241.718,81.106,4.883,72.155,989.503,324.009,0.597
2026-06-01 00:00:00,CM-01,211.624,246.684,82.043,4.853,79.708,992.922,347.723,0.591
2026-06-01 04:00:00,CM-01,216.683,245.541,79.756,5.231,91.853,972.581,330.63,0.515
2026-06-01 08:00:00,CM-01,213.376,253.714,81.911,5.084,83.481,1068.14,339.034,0.561
2026-06-01 12:00:00,CM-01,217.354,247.521,80.835,5.259,85.379,959.377,342.136,0.57
2026-06-01 16:00:00,CM-01,213.808,252.865,83.486,5.297,78.357,1022.178,353.767,0.608
2026-06-01 20:00:00,CM-01,223.142,251.632,84.08,5.06,83.861,1041.017,342.848,0.646
2026-06-02 00:00:00,CM-01,207.292,245.122,83.72,5.126,79.629,996.71,348.403,0.636
2026-06-02 04:00:00,CM-01,221.327,257.408,83.25,5.177,70.803,1017.696,340.266,0.631
2026-06-02 08:00:00,CM-01,216.599,249.907,83.317,5.084,65.712,988.317,341.314,0.62
2026-06-02 12:00:00,CM-01,219.344,251.416,84.312,5.233,68.491,1014.74,355.54,0.648
2026-06-02 16:00:00,CM-01,214.504,250.238,83.889,5.306,70.278,959.999,347.253,0.618
2026-06-02 20:00:00,CM-01,212.164,250.666,83.806,4.969,67.599,1005.835,337.525,0.589
2026-06-03 00:00:00,CM-01,216.028,248.997,82.652,5.186,65.223,973.355,344.094,0.66
2026-06-03 04:00:00,CM-01,212.388,243.818,83.655,5.178,57.253,1040.231,326.027,0.585
2026-06-03 08:00:00,CM-01,222.574,248.226,82.125,5.073,56.517,971.1,345.59,0.63
2026-06-03 12:00:00,CM-01,209.702,246.368,84.224,5.183,69.938,1008.524,336.551,0.582
2026-06-03 16:00:00,CM-01,216.341,248.634,83.755,4.859,65.532,962.541,329.523,0.594
2026-06-03 20:00:00,CM-01,214.613,251.266,82.511,5.056,66.466,956.798,335.693,0.547
2026-06-04 00:00:00,CM-01,217.617,248.441,82.29,4.896,67.797,963.522,350.98,0.528
2026-06-04 04:00:00,CM-01,210.892,254.251,81.637,4.852,71.938,939.414,360.947,0.575
2026-06-04 08:00:00,CM-01,206.094,253.353,82.898,4.924,76.113,930.88,353.199,0.566
2026-06-04 12:00:00,CM-01,219.623,252.39,80.732,5.186,67.917,967.245,336.222,0.568
2026-06-04 16:00:00,CM-01,218.03,248.136,80.88,5.129,67.831,978.17,339.45,0.609
2026-06-04 20:00:00,CM-01,210.623,248.856,79.912,5.081,77.591,937.523,340.08,0.54
2026-06-05 00:00:00,CM-01,32.252,250.634,82.63,4.754,12.462,147.045,51.109,0.613
2026-06-05 04:00:00,CM-01,33.172,244.41,83.362,5.01,10.497,140.505,50.379,0.539
2026-06-05 08:00:00,CM-01,31.769,246.491,82.153,4.787,11.016,144.743,51.191,0.6
2026-06-05 12:00:00,CM-01,32.937,247.089,81.38,5.173,10.945,146.358,51.061,0.582
2026-06-05 16:00:00,CM-01,31.582,248.802,84.065,5.124,10.479,146.433,51.809,0.574
2026-06-05 20:00:00,CM-01,32.421,250.665,81.12,5.102,9.88,147.255,50.845,0.601
2026-06-06 00:00:00,CM-01,33.18,254.484,82.59,5.121,9.307,146.633,52.529,0.608
2026-06-06 04:00:00,CM-01,31.522,250.004,82.102,5.178,8.764,142.387,51.216,0.607
2026-06-06 08:00:00,CM-01,32.556,247.173,81.506,5.008,9.43,147.038,53.019,0.637
2026-06-06 12:00:00,CM-01,32.625,257.021,83.154,5.189,9.794,144.714,51.554,0.64
2026-06-06 16:00:00,CM-01,33.281,251.228,81.708,5.201,10.601,140.849,51.991,0.673
2026-06-06 20:00:00,CM-01,32.991,250.375,84.837,5.212,8.575,150.346,52.837,0.627
2026-06-07 00:00:00,CM-01,33.361,255.529,84.861,5.333,9.959,141.663,50.851,0.716
2026-06-07 04:00:00,CM-01,33.884,252.68,84.502,5.264,9.604,146.047,54.271,0.652
2026-06-07 08:00:00,CM-01,32.486,255.771,84.001,5.418,9.759,143.147,53.274,0.692
2026-06-07 12:00:00,CM-01,33.628,259.183,84.849,5.487,10.585,148.987,55.187,0.67
2026-06-07 16:00:00,CM-01,34.149,258.663,85.933,5.538,10.616,145.836,53.619,0.685
2026-06-07 20:00:00,CM-01,34.351,265.386,84.045,5.468,10.995,152.867,54.842,0.735
2026-06-08 00:00:00,CM-01,230.892,259.383,85.011,5.63,81.682,1008.112,363.374,0.718
2026-06-08 04:00:00,CM-01,230.532,261.746,86.644,5.691,74.284,1024.587,369.483,0.777
2026-06-08 08:00:00,CM-01,229.7,267.48,87.782,5.518,89.266,1005.646,368.018,0.758
2026-06-08 12:00:00,CM-01,222.17,260.165,89.15,5.673,76.855,1047.254,371.366,0.723
2026-06-08 16:00:00,CM-01,236.871,271.484,89.417,6.072,76.155,987.879,375.836,0.74
2026-06-08 20:00:00,CM-01,236.385,269.207,86.335,5.671,79.621,1005.985,365.8,0.738
2026-06-09 00:00:00,CM-01,234.751,263.147,89.422,5.686,80.295,1025.4,371.214,0.68
2026-06-09 04:00:00,CM-01,235.075,265.577,89.19,5.745,83.106,992.18,371.957,0.741
2026-06-09 08:00:00,CM-01,232.43,262.585,89.237,5.991,74.874,996.253,392.183,0.741
2026-06-09 12:00:00,CM-01,232.165,263.409,87.854,5.368,68.661,990.573,368.33,0.742
2026-06-09 16:00:00,CM-01,239.442,260.319,86.458,5.816,65.142,1018.711,360.893,0.78
2026-06-09 20:00:00,CM-01,236.82,263.945,89.985,5.938,66.014,984.863,379.763,0.739
2026-06-10 00:00:00,CM-01,224.095,269.171,88.496,5.696,74.331,963.172,364.447,0.765
2026-06-10 04:00:00,CM-01,233.006,266.565,87.459,5.455,66.95,992.63,381.663,0.721
2026-06-10 08:00:00,CM-01,233.413,262.089,88.169,5.851,61.382,1041.771,366.789,0.81
2026-06-10 12:00:00,CM-01,239.408,262.998,87.349,5.589,61.604,1018.968,367.52,0.725
2026-06-10 16:00:00,CM-01,223.812,264.057,87.859,5.678,67.196,997.949,373.084,0.735
2026-06-10 20:00:00,CM-01,234.448,264.48,87.53,5.869,76.611,964.1,379.022,0.726
2026-06-11 00:00:00,CM-01,228.946,262.424,86.586,5.646,76.529,976.002,361.225,0.724
2026-06-11 04:00:00,CM-01,229.114,262.108,85.447,5.341,81.693,994.014,368.659,0.707
2026-06-11 08:00:00,CM-01,225.959,255.205,87.798,5.435,78.781,921.349,364.974,0.711
2026-06-11 12:00:00,CM-01,228.716,258.304,89.54,5.488,74.051,988.343,372.503,0.641
2026-06-11 16:00:00,CM-01,225.003,260.253,86.776,5.495,76.315,1014.709,352.364,0.649
2026-06-11 20:00:00,CM-01,221.047,260.426,84.116,5.416,79.297,954.33,365.283,0.659
2026-06-12 00:00:00,CM-01,223.274,258.293,85.694,5.444,75.54,942.058,356.269,0.688
2026-06-12 04:00:00,CM-01,218.824,260.975,87.007,5.23,79.057,962.022,365.33,0.683
2026-06-12 08:00:00,CM-01,220.152,252.382,83.299,5.426,78.98,939.586,352.553,0.705
2026-06-12 12:00:00,CM-01,221.03,256.572,83.653,5.432,76.395,963.775,355.816,0.641
2026-06-12 16:00:00,CM-01,216.915,252.763,85.189,5.417,69.722,974.978,361.273,0.596
2026-06-12 20:00:00,CM-01,206.593,256.542,83.008,5.327,73.907,967.454,361.804,0.668
2026-06-13 00:00:00,CM-01,220.399,259.178,83.371,5.402,63.631,990.839,343.895,0.633
2026-06-13 04:00:00,CM-01,225.525,256.577,85.033,5.208,67.653,963.459,354.5,0.613
2026-06-13 08:00:00,CM-01,226.056,257.237,87.812,5.203,58.701,977.897,340.269,0.648
2026-06-13 12:00:00,CM-01,220.225,253.188,85.387,5.531,62.151,960.434,347.847,0.695
2026-06-13 16:00:00,CM-01,223.98,257.288,83.941,5.305,55.075,922.377,360.243,0.636
2026-06-13 20:00:00,CM-01,219.092,253.403,84.525,5.336,70.66,998.521,349.794,0.62
2026-06-14 00:00:00,CM-01,219.232,261.355,84.565,5.219,61.918,972.024,351.95,0.691
2026-06-14 04:00:00,CM-01,221.691,256.639,86.348,5.332,66.996,945.102,363.175,0.744
2026-06-14 08:00:00,CM-01,227.35,259.405,86.355,5.292,68.288,975.239,363.067,0.667
2026-06-14 12:00:00,CM-01,225.857,254.069,85.481,5.689,71.411,976.217,353.415,0.744
2026-06-14 16:00:00,CM-01,226.56,258.173,84.585,5.575,70.27,965.55,364.827,0.651
2026-06-14 20:00:00,CM-01,232.199,262.91,85.92,5.505,72.748,965.02,376.233,0.73
2026-06-15 00:00:00,CM-01,231.722,261.695,85.201,5.561,75.09,1031.833,373.644,0.753
2026-06-15 04:00:00,CM-01,229.639,264.484,85.976,5.717,82.249,994.16,365.926,0.714
2026-06-15 08:00:00,CM-01,225.401,262.572,84.932,5.784,78.742,968.838,373.793,0.737
2026-06-15 12:00:00,CM-01,227.459,259.473,88.251,5.546,81.528,1009.515,360.828,0.657
2026-06-15 16:00:00,CM-01,228.723,269.355,90.247,5.957,72.886,943.968,369.948,0.776
2026-06-15 20:00:00,CM-01,235.149,264.41,86.685,5.561,82.486,982.012,377.372,0.751
2026-06-16 00:00:00,CM-01,227.924,261.371,88.914,5.692,82.578,988.873,374.109,0.716
2026-06-16 04:00:00,CM-01,229.054,267.0,89.276,5.836,76.222,1008.807,367.102,0.684
2026-06-16 08:00:00,CM-01,231.334,263.131,88.992,5.797,69.412,962.405,368.067,0.722
2026-06-16 12:00:00,CM-01,239.199,265.825,89.265,5.546,78.648,957.229,379.47,0.774
2026-06-16 16:00:00,CM-01,230.892,264.255,87.696,5.796,68.487,1003.851,369.95,0.782
2026-06-16 20:00:00,CM-01,237.417,268.377,86.793,5.712,69.571,993.825,371.08,0.817
2026-06-17 00:00:00,CM-01,239.896,267.487,90.25,5.791,74.32,1001.65,363.754,0.751
2026-06-17 04:00:00,CM-01,236.853,268.561,89.096,5.694,60.904,991.406,380.574,0.822
2026-06-17 08:00:00,CM-01,233.789,264.277,88.028,5.785,65.989,1011.736,378.938,0.766
2026-06-17 12:00:00,CM-01,225.808,266.959,87.381,5.588,67.735,965.705,378.447,0.697
2026-06-17 16:00:00,CM-01,233.054,265.175,89.253,6.005,66.824,1001.185,375.699,0.731
2026-06-17 20:00:00,CM-01,230.18,259.966,89.212,5.786,72.077,965.875,375.772,0.702
2026-06-18 00:00:00,CM-01,238.781,258.762,88.09,5.929,75.472,953.1,377.672,0.786
2026-06-18 04:00:00,CM-01,228.893,258.761,84.333,5.521,81.827,1006.657,367.829,0.707
2026-06-18 08:00:00,CM-01,235.584,262.813,84.558,5.539,73.61,994.627,368.866,0.767
2026-06-18 12:00:00,CM-01,226.352,267.964,86.163,5.625,78.779,999.489,362.488,0.675
2026-06-18 16:00:00,CM-01,238.436,259.055,87.683,5.34,78.592,940.012,367.794,0.667
2026-06-18 20:00:00,CM-01,228.864,256.424,85.411,5.511,75.858,926.638,372.59,0.655
2026-06-19 00:00:00,CM-01,226.045,261.996,85.467,5.398,84.135,954.203,350.923,0.68
2026-06-19 04:00:00,CM-01,226.131,255.699,85.423,5.282,82.359,943.816,365.943,0.729
2026-06-19 08:00:00,CM-01,219.25,257.462,86.146,5.451,73.387,995.466,353.332,0.663
2026-06-19 12:00:00,CM-01,231.704,260.646,86.389,5.494,71.78,975.44,370.759,0.714
2026-06-19 16:00:00,CM-01,218.253,257.711,86.317,5.511,81.727,924.759,360.263,0.743
2026-06-19 20:00:00,CM-01,220.063,255.53,86.585,5.395,70.259,985.11,367.058,0.675
2026-06-20 00:00:00,CM-01,224.155,256.819,85.679,5.389,70.933,957.257,356.82,0.637
2026-06-20 04:00:00,CM-01,221.377,257.173,85.8,5.351,56.466,923.931,364.832,0.676
2026-06-20 08:00:00,CM-01,227.678,254.854,82.183,5.423,68.556,949.293,351.736,0.627
2026-06-20 12:00:00,CM-01,226.087,251.236,83.651,5.187,59.183,972.589,344.33,0.684
2026-06-20 16:00:00,CM-01,228.998,253.141,84.179,5.43,62.317,947.893,361.22,0.654
2026-06-20 20:00:00,CM-01,220.051,258.956,85.51,5.24,56.532,963.924,352.297,0.654
2026-06-21 00:00:00,CM-01,222.654,258.777,85.654,5.339,66.203,949.637,354.764,0.674
2026-06-21 04:00:00,CM-01,221.315,254.54,87.535,5.515,65.841,968.689,357.412,0.701
2026-06-21 08:00:00,CM-01,224.584,256.038,86.464,5.424,68.852,960.038,352.823,0.636
2026-06-21 12:00:00,CM-01,219.668,251.812,84.134,5.381,69.07,954.519,366.023,0.682
2026-06-21 16:00:00,CM-01,231.942,253.765,87.903,5.284,67.955,972.72,357.954,0.697
2026-06-21 20:00:00,CM-01,225.311,255.922,84.934,5.575,77.452,957.298,368.603,0.75
2026-06-22 00:00:00,CM-01,226.636,260.463,87.238,5.438,72.23,981.998,365.363,0.721
2026-06-22 04:00:00,CM-01,223.257,257.158,88.593,5.485,78.806,990.08,359.067,0.651
2026-06-22 08:00:00,CM-01,225.346,252.698,85.547,5.392,78.09,1016.024,370.12,0.69
2026-06-22 12:00:00,CM-01,228.528,255.063,86.475,5.438,91.427,952.032,363.185,0.708
2026-06-22 16:00:00,CM-01,229.112,258.538,87.223,5.41,80.075,976.823,357.236,0.773
2026-06-22 20:00:00,CM-01,226.428,260.995,87.586,5.541,80.777,1015.578,367.471,0.713
2026-06-23 00:00:00,CM-01,239.754,265.758,86.207,5.67,75.403,962.372,383.426,0.745
2026-06-23 04:00:00,CM-01,220.98,267.308,89.039,5.627,72.593,1011.49,369.407,0.665
2026-06-23 08:00:00,CM-01,231.401,263.339,89.389,5.708,75.944,982.865,381.079,0.743
2026-06-23 12:00:00,CM-01,232.245,264.738,86.636,5.648,69.801,1020.675,379.927,0.741
2026-06-23 16:00:00,CM-01,236.979,265.937,88.199,5.743,69.029,988.984,382.677,0.702
2026-06-23 20:00:00,CM-01,231.428,268.491,88.719,5.753,68.744,970.049,387.159,0.726
2026-06-24 00:00:00,CM-01,232.147,263.26,88.295,5.684,68.542,994.665,373.325,0.744
2026-06-24 04:00:00,CM-01,235.457,262.548,89.656,5.957,62.864,1041.163,373.021,0.812
2026-06-24 08:00:00,CM-01,228.608,261.933,87.608,5.655,63.951,1010.434,385.328,0.787
2026-06-24 12:00:00,CM-01,235.788,265.697,87.844,5.638,64.485,1007.475,390.252,0.767
2026-06-24 16:00:00,CM-01,237.993,264.391,86.711,5.868,71.544,1015.334,368.783,0.725
2026-06-24 20:00:00,CM-01,229.234,265.333,86.954,5.664,69.791,979.005,384.743,0.755
2026-06-25 00:00:00,CM-01,239.143,269.399,89.257,5.765,77.48,959.431,378.549,0.708
2026-06-25 04:00:00,CM-01,228.618,264.341,87.983,5.524,80.708,1002.864,362.647,0.818
2026-06-25 08:00:00,CM-01,230.299,264.383,85.483,5.707,78.512,969.723,381.443,0.74
2026-06-25 12:00:00,CM-01,237.541,261.496,87.172,5.816,71.893,989.416,358.642,0.799
2026-06-25 16:00:00,CM-01,225.049,263.392,87.606,5.245,82.017,1012.407,367.921,0.752
2026-06-25 20:00:00,CM-01,227.152,257.173,85.6,5.421,76.803,987.225,368.677,0.769
2026-06-26 00:00:00,CM-01,227.391,263.58,87.081,5.589,79.033,1016.797,364.499,0.771
2026-06-26 04:00:00,CM-01,220.922,258.923,85.212,5.644,78.71,970.005,369.429,0.698
2026-06-26 08:00:00,CM-01,223.177,269.856,85.888,5.218,70.559,997.232,368.038,0.688
2026-06-26 12:00:00,CM-01,225.64,258.062,86.158,5.648,77.547,999.11,365.775,0.706
2026-06-26 16:00:00,CM-01,230.778,256.362,84.907,5.315,65.189,977.618,370.588,0.663
2026-06-26 20:00:00,CM-01,224.442,261.98,87.571,5.364,71.044,970.596,370.329,0.614
2026-06-27 00:00:00,CM-01,222.885,259.029,86.153,5.644,68.077,974.395,366.51,0.738
2026-06-27 04:00:00,CM-01,228.856,257.297,84.933,5.188,60.785,930.445,355.162,0.668
2026-06-27 08:00:00,CM-01,224.53,254.358,86.575,5.366,62.294,999.229,354.899,0.611
2026-06-27 12:00:00,CM-01,222.097,256.892,84.544,5.13,66.0,967.14,361.691,0.619
2026-06-27 16:00:00,CM-01,228.281,256.622,86.162,5.11,62.746,989.024,356.588,0.637
2026-06-27 20:00:00,CM-01,225.519,255.338,83.723,5.22,57.0,978.737,351.758,0.684
2026-06-28 00:00:00,CM-01,218.891,255.761,84.576,5.471,56.573,927.148,364.302,0.637
2026-06-28 04:00:00,CM-01,220.158,258.454,86.183,5.339,61.755,1017.894,359.177,0.581
2026-06-28 08:00:00,CM-01,220.05,257.621,84.28,5.547,65.24,942.261,354.158,0.635
2026-06-28 12:00:00,CM-01,227.22,263.051,83.035,5.073,62.839,972.81,366.836,0.663
2026-06-28 16:00:00,CM-01,222.014,248.982,85.019,5.385,70.282,926.321,339.562,0.62
2026-06-28 20:00:00,CM-01,216.872,257.433,84.443,5.308,59.401,967.098,354.104,0.612
2026-06-29 00:00:00,CM-01,227.599,257.186,84.203,5.348,79.15,943.472,344.112,0.661
2026-06-29 04:00:00,CM-01,225.574,261.035,82.547,5.26,76.547,961.063,362.09,0.64
2026-06-29 08:00:00,CM-01,228.673,259.267,85.253,5.694,85.248,948.956,366.117,0.748
2026-06-29 12:00:00,CM-01,230.602,263.891,87.033,5.683,83.386,940.551,364.435,0.686
2026-06-29 16:00:00,CM-01,221.358,253.313,85.178,5.63,84.879,988.998,350.142,0.674
2026-06-29 20:00:00,CM-01,226.118,257.964,86.461,5.604,77.588,938.193,364.7,0.74
2026-01-01 00:00:00,TC-01,93.41,0.0,55.628,2.635,81.799,439.389,149.938,0.158
2026-01-01 04:00:00,TC-01,96.979,0.0,54.37,2.651,81.39,444.78,151.548,0.194
2026-01-01 08:00:00,TC-01,96.091,0.0,57.571,2.529,76.789,445.905,150.606,0.181
2026-01-01 12:00:00,TC-01,97.413,0.0,55.035,2.598,88.923,447.853,161.689,0.192
2026-01-01 16:00:00,TC-01,95.19,0.0,55.088,2.625,80.613,439.415,157.08,0.193
2026-01-01 20:00:00,TC-01,96.991,0.0,57.681,2.863,84.567,456.807,153.746,0.199
2026-01-02 00:00:00,TC-01,95.694,0.0,55.358,2.764,89.335,452.872,148.554,0.217
2026-01-02 04:00:00,TC-01,97.397,0.0,56.389,2.916,84.133,459.283,163.036,0.231
2026-01-02 08:00:00,TC-01,100.524,0.0,57.32,2.922,84.945,455.939,152.091,0.195
2026-01-02 12:00:00,TC-01,96.764,0.0,56.074,2.791,89.689,446.421,164.041,0.25
2026-01-02 16:00:00,TC-01,99.171,0.0,57.303,2.764,81.228,449.592,153.775,0.206
2026-01-02 20:00:00,TC-01,97.949,0.0,55.614,2.706,78.851,445.141,153.113,0.242
2026-01-03 00:00:00,TC-01,97.458,0.0,55.887,2.76,71.871,458.503,157.365,0.228
2026-01-03 04:00:00,TC-01,97.405,0.0,55.444,2.731,72.382,472.392,157.463,0.19
2026-01-03 08:00:00,TC-01,96.549,0.0,56.007,2.633,71.396,464.834,157.493,0.235
2026-01-03 12:00:00,TC-01,95.467,0.0,57.357,2.7,70.643,441.328,160.107,0.211
2026-01-03 16:00:00,TC-01,100.722,0.0,57.861,2.657,70.359,470.664,161.297,0.249
2026-01-03 20:00:00,TC-01,98.664,0.0,55.394,2.7,69.419,462.031,139.6,0.17
2026-01-04 00:00:00,TC-01,95.256,0.0,56.386,2.734,75.458,454.112,156.901,0.223
2026-01-04 04:00:00,TC-01,96.368,0.0,58.064,2.739,73.966,456.046,159.24,0.217
2026-01-04 08:00:00,TC-01,89.809,0.0,55.966,2.61,81.214,470.825,151.627,0.219
2026-01-04 12:00:00,TC-01,98.085,0.0,55.245,2.728,75.789,444.046,153.267,0.232
2026-01-04 16:00:00,TC-01,97.494,0.0,54.773,2.472,85.733,466.859,149.411,0.167
2026-01-04 20:00:00,TC-01,92.658,0.0,54.809,2.579,82.177,440.977,154.42,0.179
2026-01-05 00:00:00,TC-01,93.68,0.0,53.721,2.406,88.242,441.557,153.284,0.174
2026-01-05 04:00:00,TC-01,98.107,0.0,54.667,2.373,86.211,446.487,138.68,0.198
2026-01-05 08:00:00,TC-01,90.663,0.0,52.972,2.507,86.217,433.967,140.53,0.149
2026-01-05 12:00:00,TC-01,95.659,0.0,53.966,2.602,84.525,461.714,153.174,0.092
2026-01-05 16:00:00,TC-01,93.305,0.0,53.785,2.58,78.529,431.307,149.071,0.104
2026-01-05 20:00:00,TC-01,90.105,0.0,51.429,2.586,82.387,442.709,151.831,0.155
2026-01-06 00:00:00,TC-01,89.583,0.0,51.501,2.32,76.813,436.523,137.95,0.096
2026-01-06 04:00:00,TC-01,95.666,0.0,54.466,2.648,76.099,449.686,144.206,0.132
2026-01-06 08:00:00,TC-01,82.867,0.0,55.268,2.493,74.712,434.662,145.96,0.086
2026-01-06 12:00:00,TC-01,91.543,0.0,53.948,2.407,68.726,432.966,146.103,0.065
2026-01-06 16:00:00,TC-01,92.464,0.0,52.586,2.407,64.31,446.587,140.495,0.126
2026-01-06 20:00:00,TC-01,92.431,0.0,53.816,2.424,74.404,442.505,146.065,0.142
2026-01-07 00:00:00,TC-01,94.166,0.0,54.438,2.317,63.118,432.419,144.94,0.145
2026-01-07 04:00:00,TC-01,94.66,0.0,53.648,2.287,61.369,433.651,137.14,0.187
2026-01-07 08:00:00,TC-01,87.973,0.0,55.198,2.6,67.277,431.471,148.564,0.136
2026-01-07 12:00:00,TC-01,90.881,0.0,52.2,2.179,72.521,436.653,147.868,0.206
2026-01-07 16:00:00,TC-01,96.139,0.0,52.684,2.26,85.092,432.437,150.236,0.144
2026-01-07 20:00:00,TC-01,92.564,0.0,55.168,2.55,70.943,453.923,147.401,0.186
2026-01-08 00:00:00,TC-01,92.36,0.0,54.507,2.129,79.252,437.891,141.482,0.195
2026-01-08 04:00:00,TC-01,95.433,0.0,55.529,2.348,78.268,438.904,146.116,0.196
2026-01-08 08:00:00,TC-01,89.087,0.0,56.934,2.634,85.712,430.597,148.321,0.221
2026-01-08 12:00:00,TC-01,94.87,0.0,55.551,2.53,91.816,457.265,153.546,0.2
2026-01-08 16:00:00,TC-01,96.975,0.0,56.606,2.755,88.14,440.024,149.629,0.184
2026-01-08 20:00:00,TC-01,91.45,0.0,56.536,2.318,97.425,451.155,153.658,0.173
2026-01-09 00:00:00,TC-01,97.166,0.0,55.535,2.658,81.88,456.5,153.727,0.193
2026-01-09 04:00:00,TC-01,100.306,0.0,55.494,2.717,88.206,456.934,160.471,0.197
2026-01-09 08:00:00,TC-01,101.165,0.0,55.998,2.607,85.019,437.277,154.848,0.196
2026-01-09 12:00:00,TC-01,94.995,0.0,55.623,2.658,77.776,473.661,157.048,0.245
2026-01-09 16:00:00,TC-01,101.381,0.0,57.966,2.963,77.517,472.357,160.29,0.288
2026-01-09 20:00:00,TC-01,98.627,0.0,57.095,2.636,81.445,454.665,153.355,0.199
2026-01-10 00:00:00,TC-01,97.338,0.0,54.991,2.668,83.26,479.221,166.762,0.166
2026-01-10 04:00:00,TC-01,95.496,0.0,55.739,2.712,72.707,463.415,153.591,0.153
2026-01-10 08:00:00,TC-01,96.218,0.0,56.076,2.74,69.63,451.231,151.862,0.2
2026-01-10 12:00:00,TC-01,95.314,0.0,56.552,2.666,75.897,453.538,159.457,0.254
2026-01-10 16:00:00,TC-01,99.281,0.0,58.663,2.82,74.581,459.267,154.871,0.241
2026-01-10 20:00:00,TC-01,99.667,0.0,57.244,2.889,66.479,455.847,174.687,0.244
2026-01-11 00:00:00,TC-01,98.245,0.0,55.884,2.69,74.411,453.77,163.553,0.272
2026-01-11 04:00:00,TC-01,98.858,0.0,54.736,2.798,83.663,478.061,156.19,0.241
2026-01-11 08:00:00,TC-01,95.872,0.0,56.574,2.876,72.901,456.688,158.618,0.199
2026-01-11 12:00:00,TC-01,102.163,0.0,54.449,2.849,70.947,456.332,148.583,0.151
2026-01-11 16:00:00,TC-01,96.854,0.0,57.017,2.749,83.546,442.026,146.061,0.196
2026-01-11 20:00:00,TC-01,95.918,0.0,56.641,2.748,83.299,446.61,155.322,0.114
2026-01-12 00:00:00,TC-01,93.495,0.0,54.517,2.649,83.216,449.232,147.798,0.168
2026-01-12 04:00:00,TC-01,92.254,0.0,55.588,2.68,90.355,462.347,147.152,0.113
2026-01-12 08:00:00,TC-01,95.847,0.0,55.182,2.592,84.541,442.301,153.895,0.183
2026-01-12 12:00:00,TC-01,95.876,0.0,54.352,2.524,81.781,415.444,148.011,0.189
2026-01-12 16:00:00,TC-01,92.88,0.0,54.827,2.282,77.256,434.618,154.135,0.176
2026-01-12 20:00:00,TC-01,93.173,0.0,54.155,2.435,83.025,438.905,144.439,0.185
2026-01-13 00:00:00,TC-01,95.34,0.0,51.922,2.431,71.254,457.388,148.792,0.218
2026-01-13 04:00:00,TC-01,94.543,0.0,52.876,2.436,80.235,423.472,162.051,0.14
2026-01-13 08:00:00,TC-01,90.936,0.0,53.76,2.437,80.2,429.238,143.241,0.124
2026-01-13 12:00:00,TC-01,95.523,0.0,54.919,2.466,65.223,443.257,141.538,0.12
2026-01-13 16:00:00,TC-01,89.631,0.0,53.349,2.159,65.805,441.571,143.994,0.142
2026-01-13 20:00:00,TC-01,94.753,0.0,54.849,2.428,65.159,432.908,145.629,0.146
2026-01-14 00:00:00,TC-01,92.679,0.0,54.802,2.653,72.33,446.634,148.114,0.166
2026-01-14 04:00:00,TC-01,91.266,0.0,52.432,2.264,73.586,443.236,146.935,0.12
2026-01-14 08:00:00,TC-01,94.747,0.0,49.713,2.287,63.21,444.05,144.682,0.152
2026-01-14 12:00:00,TC-01,88.535,0.0,51.843,2.485,61.983,459.717,151.042,0.139
2026-01-14 16:00:00,TC-01,93.157,0.0,55.105,2.371,74.292,448.731,150.064,0.143
2026-01-14 20:00:00,TC-01,87.529,0.0,55.328,2.346,75.401,460.373,146.04,0.156
2026-01-15 00:00:00,TC-01,93.211,0.0,51.233,2.488,74.874,421.352,152.852,0.18
2026-01-15 04:00:00,TC-01,92.417,0.0,54.101,2.461,77.044,448.279,142.975,0.149
2026-01-15 08:00:00,TC-01,91.225,0.0,54.475,2.446,86.866,436.914,148.448,0.138
2026-01-15 12:00:00,TC-01,94.673,0.0,54.969,2.66,78.406,433.943,149.913,0.119
2026-01-15 16:00:00,TC-01,100.43,0.0,56.105,2.555,79.729,461.713,147.3,0.101
2026-01-15 20:00:00,TC-01,95.805,0.0,53.401,2.588,80.366,444.002,142.228,0.147
2026-01-16 00:00:00,TC-01,96.857,0.0,58.188,2.657,82.726,447.04,154.741,0.188
2026-01-16 04:00:00,TC-01,98.099,0.0,54.858,2.781,81.1,452.338,147.165,0.165
2026-01-16 08:00:00,TC-01,103.126,0.0,57.696,2.825,93.257,465.126,153.011,0.192
2026-01-16 12:00:00,TC-01,95.922,0.0,55.455,2.742,83.005,439.535,155.727,0.225
2026-01-16 16:00:00,TC-01,100.331,0.0,55.848,2.715,88.207,456.131,162.787,0.132
2026-01-16 20:00:00,TC-01,95.639,0.0,57.921,2.839,77.535,444.854,162.948,0.19
2026-01-17 00:00:00,TC-01,98.257,0.0,55.377,2.827,75.054,430.152,155.614,0.171
2026-01-17 04:00:00,TC-01,104.21,0.0,53.925,2.646,73.2,441.833,151.017,0.211
2026-01-17 08:00:00,TC-01,104.061,0.0,56.668,2.894,78.661,434.995,163.603,0.205
2026-01-17 12:00:00,TC-01,103.739,0.0,58.482,2.706,67.643,444.529,159.384,0.177
2026-01-17 16:00:00,TC-01,100.63,0.0,57.493,2.57,77.251,460.381,160.654,0.269
2026-01-17 20:00:00,TC-01,98.721,0.0,59.201,2.775,76.22,450.83,159.443,0.204
2026-01-18 00:00:00,TC-01,96.608,0.0,58.877,2.744,71.039,464.16,153.807,0.248
2026-01-18 04:00:00,TC-01,102.678,0.0,56.085,2.828,83.9,466.924,153.22,0.225
2026-01-18 08:00:00,TC-01,97.757,0.0,59.015,2.612,78.122,458.718,156.345,0.257
2026-01-18 12:00:00,TC-01,100.169,0.0,57.029,2.386,74.067,478.728,151.632,0.214
2026-01-18 16:00:00,TC-01,96.474,0.0,57.892,2.745,87.008,461.641,160.205,0.159
2026-01-18 20:00:00,TC-01,98.018,0.0,56.13,2.804,79.76,448.086,145.102,0.24
2026-01-19 00:00:00,TC-01,98.973,0.0,56.601,2.855,78.836,452.999,149.986,0.207
2026-01-19 04:00:00,TC-01,95.165,0.0,53.572,2.627,85.559,460.345,161.941,0.227
2026-01-19 08:00:00,TC-01,92.025,0.0,57.442,2.846,92.157,432.323,148.574,0.258
2026-01-19 12:00:00,TC-01,91.657,0.0,55.363,2.639,83.647,447.801,144.094,0.198
2026-01-19 16:00:00,TC-01,98.284,0.0,56.187,2.516,81.776,469.362,154.219,0.215
2026-01-19 20:00:00,TC-01,95.899,0.0,55.026,2.667,76.653,466.405,143.606,0.205
2026-01-20 00:00:00,TC-01,98.874,0.0,54.633,2.467,78.964,446.63,140.021,0.119
2026-01-20 04:00:00,TC-01,93.686,0.0,54.374,2.583,82.037,441.907,151.467,0.144
2026-01-20 08:00:00,TC-01,93.322,0.0,54.045,2.643,64.209,447.193,147.278,0.2
2026-01-20 12:00:00,TC-01,93.874,0.0,53.281,2.223,76.756,440.345,147.804,0.115
2026-01-20 16:00:00,TC-01,93.966,0.0,55.79,2.461,68.58,427.205,147.165,0.204
2026-01-20 20:00:00,TC-01,91.305,0.0,54.121,2.364,62.377,436.561,145.661,0.119
2026-01-21 00:00:00,TC-01,91.769,0.0,53.076,2.413,68.338,445.058,141.668,0.13
2026-01-21 04:00:00,TC-01,89.29,0.0,52.937,2.684,64.993,433.944,141.307,0.143
2026-01-21 08:00:00,TC-01,86.33,0.0,54.573,2.51,56.876,428.744,156.269,0.15
2026-01-21 12:00:00,TC-01,85.961,0.0,52.415,2.425,64.444,430.874,136.746,0.139
2026-01-21 16:00:00,TC-01,93.169,0.0,54.281,2.498,72.983,442.227,139.293,0.113
2026-01-21 20:00:00,TC-01,91.268,0.0,56.265,2.468,68.781,454.747,140.518,0.163
2026-01-22 00:00:00,TC-01,90.143,0.0,53.656,2.533,72.057,461.475,147.018,0.16
2026-01-22 04:00:00,TC-01,92.692,0.0,55.899,2.452,73.318,421.975,149.948,0.046
2026-01-22 08:00:00,TC-01,90.557,0.0,49.882,2.36,85.114,435.994,149.379,0.139
2026-01-22 12:00:00,TC-01,92.133,0.0,52.226,2.356,81.139,456.286,146.448,0.048
2026-01-22 16:00:00,TC-01,93.164,0.0,52.099,2.376,79.765,433.41,137.772,0.16
2026-01-22 20:00:00,TC-01,99.144,0.0,52.444,2.476,79.033,455.71,146.432,0.185
2026-01-23 00:00:00,TC-01,100.502,0.0,56.386,2.469,80.619,441.852,140.748,0.157
2026-01-23 04:00:00,TC-01,96.244,0.0,54.394,2.441,78.779,443.808,148.016,0.173
2026-01-23 08:00:00,TC-01,96.153,0.0,54.713,2.533,79.934,448.791,153.402,0.174
2026-01-23 12:00:00,TC-01,93.54,0.0,55.758,2.513,83.439,450.063,152.87,0.221
2026-01-23 16:00:00,TC-01,98.262,0.0,55.845,2.489,78.211,463.21,144.88,0.183
2026-01-23 20:00:00,TC-01,95.882,0.0,57.082,2.562,67.694,457.286,153.784,0.19
2026-01-24 00:00:00,TC-01,96.353,0.0,56.704,2.868,78.606,466.686,150.62,0.238
2026-01-24 04:00:00,TC-01,100.229,0.0,57.253,2.612,74.547,459.732,153.91,0.216
2026-01-24 08:00:00,TC-01,95.956,0.0,54.499,2.637,75.756,461.884,153.052,0.23
2026-01-24 12:00:00,TC-01,102.125,0.0,57.164,2.823,66.56,454.321,155.516,0.233
2026-01-24 16:00:00,TC-01,103.01,0.0,57.34,2.891,69.032,451.664,164.399,0.249
2026-01-24 20:00:00,TC-01,100.053,0.0,58.087,2.512,68.587,457.41,160.215,0.233
2026-01-25 00:00:00,TC-01,102.571,0.0,55.927,2.846,67.866,452.163,162.972,0.244
2026-01-25 04:00:00,TC-01,95.67,0.0,56.552,3.008,74.841,472.307,154.991,0.247
2026-01-25 08:00:00,TC-01,98.077,0.0,57.63,2.79,75.947,463.58,157.079,0.24
2026-01-25 12:00:00,TC-01,98.12,0.0,57.841,2.697,83.393,466.061,167.747,0.241
2026-01-25 16:00:00,TC-01,95.961,0.0,57.15,2.719,83.372,453.37,162.475,0.188
2026-01-25 20:00:00,TC-01,95.604,0.0,57.073,2.948,87.011,476.798,155.32,0.188
2026-01-26 00:00:00,TC-01,92.283,0.0,56.194,2.887,87.253,453.286,160.211,0.2
2026-01-26 04:00:00,TC-01,98.629,0.0,55.871,2.818,88.055,477.7,152.286,0.216
2026-01-26 08:00:00,TC-01,97.566,0.0,56.314,3.019,80.22,435.841,153.478,0.145
2026-01-26 12:00:00,TC-01,94.911,0.0,54.166,2.746,88.482,443.09,157.104,0.277
2026-01-26 16:00:00,TC-01,98.024,0.0,55.3,2.51,86.325,466.437,157.72,0.228
2026-01-26 20:00:00,TC-01,97.786,0.0,54.792,2.679,82.881,472.041,145.689,0.214
2026-01-27 00:00:00,TC-01,99.979,0.0,56.293,2.734,88.213,430.886,151.526,0.115
2026-01-27 04:00:00,TC-01,98.725,0.0,56.617,2.56,78.428,452.391,153.454,0.177
2026-01-27 08:00:00,TC-01,97.362,0.0,55.424,2.516,73.537,457.352,145.681,0.187
2026-01-27 12:00:00,TC-01,95.69,0.0,53.582,2.556,71.528,459.117,153.717,0.156
2026-01-27 16:00:00,TC-01,90.589,0.0,54.527,2.619,79.564,472.081,143.954,0.179
2026-01-27 20:00:00,TC-01,92.377,0.0,55.313,2.366,77.467,424.522,150.763,0.198
2026-01-28 00:00:00,TC-01,89.087,0.0,54.845,2.268,73.023,424.937,146.359,0.129
2026-01-28 04:00:00,TC-01,93.984,0.0,52.7,2.39,65.429,429.783,145.808,0.181
2026-01-28 08:00:00,TC-01,91.244,0.0,53.949,2.499,74.702,443.184,148.128,0.136
2026-01-28 12:00:00,TC-01,93.235,0.0,53.786,2.284,66.549,424.327,149.419,0.193
2026-01-28 16:00:00,TC-01,94.03,0.0,54.934,2.401,66.948,446.611,142.641,0.179
2026-01-28 20:00:00,TC-01,92.253,0.0,52.275,2.354,78.577,460.734,151.307,0.147
2026-01-29 00:00:00,TC-01,88.674,0.0,51.655,2.385,84.138,452.676,141.253,0.152
2026-01-29 04:00:00,TC-01,93.308,0.0,50.826,2.381,80.619,406.518,140.584,0.128
2026-01-29 08:00:00,TC-01,88.586,0.0,53.452,2.493,71.795,425.292,145.618,0.148
2026-01-29 12:00:00,TC-01,92.517,0.0,52.866,2.399,83.675,439.473,143.958,0.131
2026-01-29 16:00:00,TC-01,89.566,0.0,51.767,2.37,73.146,446.579,146.237,0.118
2026-01-29 20:00:00,TC-01,91.815,0.0,52.868,2.477,90.474,440.124,147.719,0.08
2026-01-30 00:00:00,TC-01,91.321,0.0,54.415,2.562,86.293,444.828,139.424,0.113
2026-01-30 04:00:00,TC-01,92.602,0.0,54.087,2.273,87.209,463.831,141.594,0.135
2026-01-30 08:00:00,TC-01,91.774,0.0,53.979,2.471,77.468,454.423,157.587,0.2
2026-01-30 12:00:00,TC-01,91.202,0.0,53.436,2.512,82.916,430.025,150.924,0.184
2026-01-30 16:00:00,TC-01,93.337,0.0,55.355,2.283,82.128,432.431,138.134,0.222
2026-01-30 20:00:00,TC-01,92.427,0.0,55.052,2.648,78.49,445.649,155.698,0.167
2026-01-31 00:00:00,TC-01,92.326,0.0,53.113,2.455,74.759,438.523,150.446,0.172
2026-01-31 04:00:00,TC-01,94.792,0.0,56.896,2.807,71.399,443.063,152.668,0.18
2026-01-31 08:00:00,TC-01,96.748,0.0,56.307,2.682,68.112,433.724,162.368,0.166
2026-01-31 12:00:00,TC-01,93.285,0.0,56.104,2.656,76.511,454.222,150.822,0.183
2026-01-31 16:00:00,TC-01,99.569,0.0,55.55,2.477,65.115,464.793,153.125,0.216
2026-01-31 20:00:00,TC-01,96.763,0.0,55.77,2.759,77.901,459.665,156.487,0.218
2026-02-01 00:00:00,TC-01,98.956,0.0,57.986,2.7,75.03,442.053,154.869,0.185
2026-02-01 04:00:00,TC-01,101.276,0.0,55.15,2.725,81.493,468.062,159.896,0.226
2026-02-01 08:00:00,TC-01,95.545,0.0,54.816,2.765,80.616,464.642,150.663,0.243
2026-02-01 12:00:00,TC-01,95.954,0.0,55.735,2.645,84.816,456.819,149.123,0.247
2026-02-01 16:00:00,TC-01,96.754,0.0,56.867,2.725,83.658,465.32,168.447,0.26
2026-02-01 20:00:00,TC-01,98.749,0.0,56.753,2.707,81.132,461.288,151.872,0.277
2026-02-02 00:00:00,TC-01,101.084,0.0,56.766,2.769,86.846,463.727,149.409,0.254
2026-02-02 04:00:00,TC-01,99.789,0.0,55.326,2.678,83.471,456.101,153.861,0.202
2026-02-02 08:00:00,TC-01,98.068,0.0,56.828,2.72,92.356,452.675,160.133,0.211
2026-02-02 12:00:00,TC-01,94.278,0.0,56.525,2.746,80.197,457.11,154.305,0.22
2026-02-02 16:00:00,TC-01,95.064,0.0,55.846,2.797,79.598,445.411,157.313,0.231
2026-02-02 20:00:00,TC-01,93.134,0.0,57.145,2.586,87.711,437.449,157.037,0.201
2026-02-03 00:00:00,TC-01,97.081,0.0,58.004,2.617,88.725,444.156,157.062,0.169
2026-02-03 04:00:00,TC-01,100.817,0.0,54.814,3.033,79.747,462.494,157.635,0.219
2026-02-03 08:00:00,TC-01,99.874,0.0,55.448,2.615,80.489,459.553,156.74,0.125
2026-02-03 12:00:00,TC-01,96.7,0.0,55.632,2.834,78.602,457.497,160.358,0.21
2026-02-03 16:00:00,TC-01,96.4,0.0,55.419,2.554,69.821,428.953,152.776,0.179
2026-02-03 20:00:00,TC-01,93.78,0.0,55.147,2.418,73.863,439.142,149.603,0.225
2026-02-04 00:00:00,TC-01,97.069,0.0,55.683,2.63,63.253,443.821,153.947,0.18
2026-02-04 04:00:00,TC-01,98.146,0.0,55.868,2.488,71.568,444.441,155.358,0.176
2026-02-04 08:00:00,TC-01,93.572,0.0,56.157,2.68,72.412,445.883,146.19,0.125
2026-02-04 12:00:00,TC-01,91.716,0.0,53.522,2.424,69.219,432.358,144.996,0.155
2026-02-04 16:00:00,TC-01,91.352,0.0,53.573,2.293,74.971,455.541,145.848,0.162
2026-02-04 20:00:00,TC-01,92.285,0.0,54.463,2.278,78.456,419.842,150.244,0.137
2026-02-05 00:00:00,TC-01,90.402,0.0,53.643,2.411,73.155,462.06,142.805,0.088
2026-02-05 04:00:00,TC-01,89.825,0.0,53.152,2.503,73.199,452.086,139.783,0.087
2026-02-05 08:00:00,TC-01,100.314,0.0,54.262,2.403,81.104,447.289,143.202,0.128
2026-02-05 12:00:00,TC-01,86.969,0.0,55.634,2.319,78.537,430.347,146.152,0.165
2026-02-05 16:00:00,TC-01,93.284,0.0,52.877,2.436,76.631,429.693,153.216,0.116
2026-02-05 20:00:00,TC-01,90.543,0.0,52.334,2.358,91.257,440.042,148.878,0.121
2026-02-06 00:00:00,TC-01,92.055,0.0,53.317,2.673,82.612,422.432,154.373,0.091
2026-02-06 04:00:00,TC-01,92.021,0.0,51.295,2.4,80.121,441.912,149.349,0.183
2026-02-06 08:00:00,TC-01,90.041,0.0,53.643,2.481,82.51,439.758,144.387,0.184
2026-02-06 12:00:00,TC-01,93.836,0.0,54.559,2.56,80.619,444.391,129.816,0.14
2026-02-06 16:00:00,TC-01,95.623,0.0,52.204,2.538,74.919,452.045,134.499,0.114
2026-02-06 20:00:00,TC-01,95.611,0.0,54.623,2.718,77.059,464.282,140.972,0.131
2026-02-07 00:00:00,TC-01,87.054,0.0,56.257,2.721,70.823,437.257,137.735,0.152
2026-02-07 04:00:00,TC-01,92.998,0.0,54.042,2.58,73.159,454.889,150.842,0.145
2026-02-07 08:00:00,TC-01,94.713,0.0,55.427,2.442,78.661,444.363,152.328,0.154
2026-02-07 12:00:00,TC-01,96.349,0.0,55.2,2.425,66.604,451.385,149.153,0.228
2026-02-07 16:00:00,TC-01,96.947,0.0,53.921,2.503,70.9,446.728,144.916,0.197
2026-02-07 20:00:00,TC-01,95.593,0.0,58.125,2.651,69.736,430.201,158.31,0.255
2026-02-08 00:00:00,TC-01,94.437,0.0,55.148,2.53,72.465,456.569,145.7,0.258
2026-02-08 04:00:00,TC-01,95.71,0.0,56.581,2.517,75.65,460.15,156.571,0.167
2026-02-08 08:00:00,TC-01,98.124,0.0,56.264,2.737,72.283,426.413,159.113,0.241
2026-02-08 12:00:00,TC-01,100.335,0.0,56.676,2.472,78.743,457.588,157.51,0.218
2026-02-08 16:00:00,TC-01,98.654,0.0,55.668,2.858,76.354,450.122,161.436,0.22
2026-02-08 20:00:00,TC-01,98.074,0.0,55.043,2.846,83.213,476.932,148.193,0.163
2026-02-09 00:00:00,TC-01,98.624,0.0,55.179,2.839,87.368,471.269,172.057,0.218
2026-02-09 04:00:00,TC-01,99.928,0.0,56.843,2.737,82.113,455.912,154.658,0.139
2026-02-09 08:00:00,TC-01,100.243,0.0,56.702,2.93,83.214,436.925,154.214,0.263
2026-02-09 12:00:00,TC-01,98.953,0.0,58.129,2.611,92.859,457.358,157.95,0.243
2026-02-09 16:00:00,TC-01,96.459,0.0,58.26,2.624,92.093,471.563,158.493,0.251
2026-02-09 20:00:00,TC-01,94.433,0.0,59.217,2.612,83.574,462.936,162.349,0.182
2026-02-10 00:00:00,TC-01,101.517,0.0,57.796,2.636,80.606,459.337,152.014,0.233
2026-02-10 04:00:00,TC-01,98.827,0.0,56.15,2.833,81.689,475.566,160.037,0.179
2026-02-10 08:00:00,TC-01,99.248,0.0,55.139,2.566,74.802,471.847,145.221,0.186
2026-02-10 12:00:00,TC-01,93.264,0.0,55.462,2.754,73.215,446.021,160.902,0.19
2026-02-10 16:00:00,TC-01,96.659,0.0,55.176,2.863,71.625,444.824,148.692,0.198
2026-02-10 20:00:00,TC-01,93.885,0.0,54.599,2.617,71.693,453.435,145.993,0.265
2026-02-11 00:00:00,TC-01,93.989,0.0,53.758,2.428,71.237,448.884,156.877,0.184
2026-02-11 04:00:00,TC-01,101.842,0.0,55.286,2.738,71.46,449.131,153.201,0.163
2026-02-11 08:00:00,TC-01,95.187,0.0,56.392,2.834,79.325,450.589,156.504,0.145
2026-02-11 12:00:00,TC-01,92.809,0.0,56.765,2.449,74.991,461.218,148.201,0.154
2026-02-11 16:00:00,TC-01,94.421,0.0,56.337,2.57,72.839,442.476,141.738,0.158
2026-02-11 20:00:00,TC-01,94.291,0.0,54.821,2.778,79.882,460.571,159.071,0.175
2026-02-12 00:00:00,TC-01,89.869,0.0,53.299,2.534,80.123,447.009,142.252,0.165
2026-02-12 04:00:00,TC-01,97.415,0.0,55.034,2.546,78.939,431.04,144.132,0.13
2026-02-12 08:00:00,TC-01,95.231,0.0,53.039,2.371,82.131,446.326,138.122,0.184
2026-02-12 12:00:00,TC-01,93.32,0.0,55.393,2.372,82.42,428.783,144.087,0.087
2026-02-12 16:00:00,TC-01,92.295,0.0,50.77,2.222,82.374,443.077,144.766,0.164
2026-02-12 20:00:00,TC-01,90.653,0.0,56.585,2.363,86.359,429.965,144.375,0.095
2026-02-13 00:00:00,TC-01,88.44,0.0,53.229,2.473,83.202,422.33,147.482,0.129
2026-02-13 04:00:00,TC-01,94.408,0.0,53.788,2.43,84.093,427.334,145.707,0.125
2026-02-13 08:00:00,TC-01,91.155,0.0,54.611,2.419,78.607,445.361,147.343,0.11
2026-02-13 12:00:00,TC-01,89.914,0.0,54.306,2.468,82.734,432.606,136.225,0.198
2026-02-13 16:00:00,TC-01,87.08,0.0,54.839,2.437,77.045,436.43,138.976,0.158
2026-02-13 20:00:00,TC-01,86.903,0.0,52.834,2.821,77.632,440.432,147.218,0.178
2026-02-14 00:00:00,TC-01,91.467,0.0,56.136,2.404,74.062,429.792,145.274,0.128
2026-02-14 04:00:00,TC-01,99.263,0.0,52.848,2.631,72.395,428.575,142.46,0.085
2026-02-14 08:00:00,TC-01,90.071,0.0,52.257,2.67,73.973,450.182,153.694,0.132
2026-02-14 12:00:00,TC-01,93.672,0.0,55.203,2.374,74.717,458.029,151.753,0.161
2026-02-14 16:00:00,TC-01,94.262,0.0,52.675,2.487,72.014,455.552,140.649,0.203
2026-02-14 20:00:00,TC-01,98.464,0.0,55.857,2.557,85.748,437.259,145.878,0.195
2026-02-15 00:00:00,TC-01,90.507,0.0,55.208,2.645,79.673,437.063,154.836,0.205
2026-02-15 04:00:00,TC-01,96.273,0.0,53.124,2.531,63.739,444.237,164.827,0.181
2026-02-15 08:00:00,TC-01,99.725,0.0,53.56,2.584,72.868,447.766,150.839,0.259
2026-02-15 12:00:00,TC-01,97.686,0.0,56.299,2.733,79.757,453.63,159.124,0.24
2026-02-15 16:00:00,TC-01,96.447,0.0,56.868,2.667,79.848,466.972,154.46,0.211
2026-02-15 20:00:00,TC-01,93.519,0.0,55.746,2.681,82.749,454.673,155.459,0.179
2026-02-16 00:00:00,TC-01,96.856,0.0,56.395,2.867,83.914,477.468,160.386,0.236
2026-02-16 04:00:00,TC-01,100.348,0.0,58.215,2.869,92.786,437.006,157.043,0.224
2026-02-16 08:00:00,TC-01,97.072,0.0,57.585,2.531,85.349,460.915,149.605,0.204
2026-02-16 12:00:00,TC-01,101.347,0.0,57.456,2.63,90.531,483.434,156.391,0.198
2026-02-16 16:00:00,TC-01,96.855,0.0,55.712,2.931,89.683,451.817,164.1,0.231
2026-02-16 20:00:00,TC-01,100.216,0.0,55.734,2.68,96.334,481.212,156.487,0.209
2026-02-17 00:00:00,TC-01,96.792,0.0,56.142,2.525,80.447,461.237,159.362,0.229
2026-02-17 04:00:00,TC-01,97.253,0.0,54.293,2.696,81.781,477.113,161.251,0.224
2026-02-17 08:00:00,TC-01,97.247,0.0,55.707,2.578,80.163,443.026,152.402,0.228
2026-02-17 12:00:00,TC-01,101.453,0.0,56.089,2.479,75.738,452.376,157.637,0.226
2026-02-17 16:00:00,TC-01,98.083,0.0,56.885,2.683,79.198,471.173,162.347,0.238
2026-02-17 20:00:00,TC-01,100.378,0.0,54.281,2.742,79.199,459.656,157.167,0.221
2026-02-18 00:00:00,TC-01,98.623,0.0,54.781,2.743,72.401,445.546,160.571,0.173
2026-02-18 04:00:00,TC-01,94.14,0.0,55.758,2.588,70.068,434.01,164.305,0.22
2026-02-18 08:00:00,TC-01,94.278,0.0,56.111,2.726,72.64,443.04,147.02,0.203
2026-02-18 12:00:00,TC-01,96.755,0.0,54.247,2.666,70.066,469.003,146.325,0.153
2026-02-18 16:00:00,TC-01,94.128,0.0,55.089,2.534,76.879,442.419,156.651,0.085
2026-02-18 20:00:00,TC-01,97.056,0.0,56.022,2.537,77.443,452.824,166.206,0.224
2026-02-19 00:00:00,TC-01,96.132,0.0,53.518,2.582,79.346,438.394,148.867,0.14
2026-02-19 04:00:00,TC-01,94.055,0.0,53.349,2.545,80.604,444.79,151.095,0.124
2026-02-19 08:00:00,TC-01,93.852,0.0,55.792,2.588,83.993,455.177,135.853,0.102
2026-02-19 12:00:00,TC-01,95.462,0.0,52.127,2.548,78.184,447.905,156.671,0.129
2026-02-19 16:00:00,TC-01,96.254,0.0,54.216,2.403,87.372,444.75,141.656,0.116
2026-02-19 20:00:00,TC-01,93.974,0.0,53.347,2.457,85.558,441.265,144.726,0.134
2026-02-20 00:00:00,TC-01,92.742,0.0,53.774,2.544,87.447,459.046,142.662,0.097
2026-02-20 04:00:00,TC-01,95.961,0.0,53.086,2.386,80.925,426.597,145.426,0.116
2026-02-20 08:00:00,TC-01,98.652,0.0,52.605,2.383,84.596,429.172,146.434,0.083
2026-02-20 12:00:00,TC-01,92.772,0.0,55.442,2.498,83.581,463.457,144.849,0.162
2026-02-20 16:00:00,TC-01,88.522,0.0,54.202,2.31,63.721,435.815,148.338,0.144
2026-02-20 20:00:00,TC-01,94.208,0.0,51.949,2.556,81.088,446.597,139.859,0.157
2026-02-21 00:00:00,TC-01,86.979,0.0,52.824,2.228,73.488,443.6,143.762,0.066
2026-02-21 04:00:00,TC-01,90.362,0.0,52.592,2.369,67.919,415.595,141.715,0.097
2026-02-21 08:00:00,TC-01,91.906,0.0,52.384,2.472,75.434,427.544,137.142,0.14
2026-02-21 12:00:00,TC-01,89.424,0.0,50.063,2.634,71.687,440.5,140.729,0.15
2026-02-21 16:00:00,TC-01,89.851,0.0,55.733,2.304,70.728,440.204,149.029,0.196
2026-02-21 20:00:00,TC-01,93.757,0.0,52.982,2.517,77.798,458.542,149.698,0.194
2026-02-22 00:00:00,TC-01,92.094,0.0,52.628,2.539,65.078,462.389,147.664,0.172
2026-02-22 04:00:00,TC-01,90.475,0.0,52.259,2.456,76.658,458.444,144.828,0.215
2026-02-22 08:00:00,TC-01,92.671,0.0,56.479,2.629,69.171,444.733,148.826,0.095
2026-02-22 12:00:00,TC-01,96.052,0.0,54.342,2.423,81.366,443.963,142.055,0.134
2026-02-22 16:00:00,TC-01,99.154,0.0,54.663,2.626,71.856,459.984,160.249,0.234
2026-02-22 20:00:00,TC-01,95.457,0.0,56.062,2.609,91.388,456.379,159.653,0.214
2026-02-23 00:00:00,TC-01,100.991,0.0,53.025,2.724,91.395,467.428,161.113,0.263
2026-02-23 04:00:00,TC-01,97.328,0.0,58.955,2.686,89.86,454.031,161.374,0.207
2026-02-23 08:00:00,TC-01,92.825,0.0,56.575,2.626,91.884,477.586,160.545,0.189
2026-02-23 12:00:00,TC-01,100.224,0.0,58.712,2.644,88.609,454.413,159.332,0.249
2026-02-23 16:00:00,TC-01,95.623,0.0,56.983,2.659,80.68,458.288,162.267,0.17
2026-02-23 20:00:00,TC-01,99.581,0.0,55.131,2.828,80.393,461.374,155.082,0.147
2026-02-24 00:00:00,TC-01,101.455,0.0,57.67,2.762,86.013,451.403,169.271,0.203
2026-02-24 04:00:00,TC-01,101.017,0.0,57.412,2.814,83.653,463.037,165.32,0.183
2026-02-24 08:00:00,TC-01,101.858,0.0,57.756,2.853,80.89,445.783,152.292,0.204
2026-02-24 12:00:00,TC-01,95.499,0.0,56.156,2.698,75.655,484.888,156.394,0.228
2026-02-24 16:00:00,TC-01,97.702,0.0,56.808,2.761,80.244,455.795,156.746,0.295
2026-02-24 20:00:00,TC-01,99.663,0.0,56.182,2.728,68.888,438.068,152.108,0.23
2026-02-25 00:00:00,TC-01,99.305,0.0,54.091,2.731,72.7,451.065,153.656,0.201
2026-02-25 04:00:00,TC-01,98.639,0.0,59.206,2.645,71.229,463.633,143.463,0.201
2026-02-25 08:00:00,TC-01,100.07,0.0,55.855,2.62,76.686,452.313,157.605,0.201
2026-02-25 12:00:00,TC-01,99.438,0.0,57.846,2.39,66.466,472.109,158.327,0.208
2026-02-25 16:00:00,TC-01,94.629,0.0,54.692,2.869,84.114,458.494,152.118,0.193
2026-02-25 20:00:00,TC-01,93.451,0.0,55.701,2.564,77.95,471.66,152.367,0.224
2026-02-26 00:00:00,TC-01,101.576,0.0,56.964,2.773,78.902,446.369,153.0,0.191
2026-02-26 04:00:00,TC-01,98.155,0.0,53.643,2.806,81.828,454.027,158.508,0.187
2026-02-26 08:00:00,TC-01,95.124,0.0,54.9,2.8,81.569,462.331,155.446,0.145
2026-02-26 12:00:00,TC-01,93.594,0.0,56.455,2.484,84.497,435.839,149.032,0.171
2026-02-26 16:00:00,TC-01,97.217,0.0,56.29,2.44,87.484,464.883,148.962,0.186
2026-02-26 20:00:00,TC-01,95.009,0.0,53.042,2.543,86.528,443.412,134.331,0.157
2026-02-27 00:00:00,TC-01,93.494,0.0,53.344,2.363,85.846,471.838,138.534,0.181
2026-02-27 04:00:00,TC-01,90.365,0.0,53.071,2.427,88.264,440.476,147.227,0.165
2026-02-27 08:00:00,TC-01,95.141,0.0,52.048,2.468,79.399,438.687,139.891,0.089
2026-02-27 12:00:00,TC-01,85.671,0.0,53.324,2.401,83.413,446.157,152.03,0.068
2026-02-27 16:00:00,TC-01,91.55,0.0,52.888,2.096,77.446,463.897,144.745,0.133
2026-02-27 20:00:00,TC-01,95.83,0.0,55.934,2.365,62.489,449.05,143.685,0.069
2026-02-28 00:00:00,TC-01,88.913,0.0,52.898,2.456,67.196,443.364,143.826,0.152
2026-02-28 04:00:00,TC-01,88.486,0.0,49.633,2.368,69.94,471.353,156.868,0.15
2026-02-28 08:00:00,TC-01,89.297,0.0,53.703,2.644,69.51,427.564,146.943,0.185
2026-02-28 12:00:00,TC-01,91.307,0.0,52.518,2.481,68.878,438.902,148.096,0.158
2026-02-28 16:00:00,TC-01,88.652,0.0,52.189,2.417,69.657,436.892,141.522,0.166
2026-02-28 20:00:00,TC-01,92.616,0.0,53.163,2.487,68.503,443.059,146.024,0.116
2026-03-01 00:00:00,TC-01,92.336,0.0,55.057,2.362,62.395,437.507,137.046,0.132
2026-03-01 04:00:00,TC-01,94.16,0.0,54.386,2.445,72.649,438.863,156.915,0.176
2026-03-01 08:00:00,TC-01,99.826,0.0,53.464,2.5,68.748,454.414,156.102,0.11
2026-03-01 12:00:00,TC-01,90.423,0.0,53.87,2.523,80.402,440.745,145.274,0.128
2026-03-01 16:00:00,TC-01,91.411,0.0,55.777,2.336,81.127,447.417,155.73,0.205
2026-03-01 20:00:00,TC-01,95.848,0.0,56.088,2.372,77.601,454.73,153.395,0.192
2026-03-02 00:00:00,TC-01,92.586,0.0,54.281,2.754,83.397,440.812,149.758,0.153
2026-03-02 04:00:00,TC-01,92.867,0.0,55.594,2.523,80.62,459.655,158.953,0.162
2026-03-02 08:00:00,TC-01,102.123,0.0,54.252,2.776,81.92,446.692,155.112,0.217
2026-03-02 12:00:00,TC-01,93.984,0.0,54.499,2.56,85.781,449.509,164.929,0.183
2026-03-02 16:00:00,TC-01,95.906,0.0,56.613,2.624,84.55,474.015,150.719,0.186
2026-03-02 20:00:00,TC-01,96.133,0.0,57.806,2.558,81.633,454.772,146.992,0.198
2026-03-03 00:00:00,TC-01,97.694,0.0,55.531,2.808,84.624,440.52,153.363,0.252
2026-03-03 04:00:00,TC-01,97.131,0.0,55.548,3.012,86.319,448.224,152.083,0.205
2026-03-03 08:00:00,TC-01,97.934,0.0,55.973,2.449,81.905,465.979,152.173,0.131
2026-03-03 12:00:00,TC-01,97.982,0.0,57.768,2.689,79.631,449.58,158.641,0.158
2026-03-03 16:00:00,TC-01,100.882,0.0,57.611,2.929,73.878,469.933,152.843,0.146
2026-03-03 20:00:00,TC-01,99.969,0.0,56.562,2.702,74.728,433.104,151.568,0.314
2026-03-04 00:00:00,TC-01,101.002,0.0,56.971,2.747,76.923,462.795,155.63,0.298
2026-03-04 04:00:00,TC-01,100.96,0.0,58.224,2.695,73.05,477.087,151.803,0.236
2026-03-04 08:00:00,TC-01,99.935,0.0,57.26,2.704,71.342,483.585,166.934,0.171
2026-03-04 12:00:00,TC-01,96.031,0.0,58.343,2.524,69.146,476.153,155.523,0.202
2026-03-04 16:00:00,TC-01,99.024,0.0,56.954,2.786,67.332,464.742,156.892,0.208
2026-03-04 20:00:00,TC-01,100.91,0.0,54.831,2.691,75.854,457.073,147.863,0.221
2026-03-05 00:00:00,TC-01,93.632,0.0,56.232,2.863,74.292,448.083,157.53,0.204
2026-03-05 04:00:00,TC-01,101.665,0.0,57.246,2.662,81.211,452.347,157.545,0.254
2026-03-05 08:00:00,TC-01,98.604,0.0,56.728,2.768,79.769,484.227,151.337,0.184
2026-03-05 12:00:00,TC-01,97.546,0.0,56.039,2.611,83.81,463.508,153.393,0.181
2026-03-05 16:00:00,TC-01,98.062,0.0,55.203,2.557,78.321,455.669,152.307,0.237
2026-03-05 20:00:00,TC-01,93.985,0.0,55.475,2.682,90.482,448.593,159.272,0.165
2026-03-06 00:00:00,TC-01,96.523,0.0,56.141,2.686,82.705,451.174,153.209,0.181
2026-03-06 04:00:00,TC-01,92.568,0.0,55.082,2.644,81.393,453.326,140.174,0.09
2026-03-06 08:00:00,TC-01,97.345,0.0,54.805,2.592,83.333,432.241,153.956,0.162
2026-03-06 12:00:00,TC-01,91.54,0.0,53.508,2.26,82.087,453.44,138.326,0.13
2026-03-06 16:00:00,TC-01,89.841,0.0,53.443,2.49,76.82,450.46,157.451,0.15
2026-03-06 20:00:00,TC-01,89.729,0.0,55.428,2.294,71.467,429.027,139.553,0.141
2026-03-07 00:00:00,TC-01,91.612,0.0,52.723,2.409,75.199,446.433,146.58,0.157
2026-03-07 04:00:00,TC-01,95.177,0.0,52.006,2.386,72.297,414.808,143.755,0.042
2026-03-07 08:00:00,TC-01,94.854,0.0,52.428,2.474,63.097,421.621,148.423,0.126
2026-03-07 12:00:00,TC-01,89.561,0.0,52.115,2.573,75.016,445.194,136.157,0.122
2026-03-07 16:00:00,TC-01,89.088,0.0,51.015,2.556,71.09,450.727,145.722,0.108
2026-03-07 20:00:00,TC-01,96.263,0.0,53.329,2.469,63.23,444.518,138.47,0.08
2026-03-08 00:00:00,TC-01,87.64,0.0,54.801,2.365,74.576,423.341,138.831,0.189
2026-03-08 04:00:00,TC-01,96.986,0.0,54.348,2.54,78.02,449.667,142.705,0.126
2026-03-08 08:00:00,TC-01,96.34,0.0,54.21,2.632,70.623,436.717,140.493,0.1
2026-03-08 12:00:00,TC-01,95.391,0.0,53.032,2.49,74.308,442.855,145.8,0.151
2026-03-08 16:00:00,TC-01,92.277,0.0,52.286,2.594,77.35,451.752,138.456,0.118
2026-03-08 20:00:00,TC-01,96.068,0.0,54.452,2.443,77.618,432.545,136.881,0.193
2026-03-09 00:00:00,TC-01,96.091,0.0,52.728,2.547,80.613,438.611,157.465,0.144
2026-03-09 04:00:00,TC-01,91.634,0.0,53.583,2.677,78.816,460.722,148.94,0.241
2026-03-09 08:00:00,TC-01,95.133,0.0,53.889,2.543,88.666,463.369,155.324,0.159
2026-03-09 12:00:00,TC-01,92.355,0.0,54.937,2.496,90.616,450.026,149.507,0.208
2026-03-09 16:00:00,TC-01,93.687,0.0,52.553,2.68,88.79,436.005,153.64,0.192
2026-03-09 20:00:00,TC-01,95.75,0.0,57.715,2.534,87.364,436.745,157.105,0.181
2026-03-10 00:00:00,TC-01,92.498,0.0,55.51,2.567,86.442,439.681,157.023,0.17
2026-03-10 04:00:00,TC-01,94.09,0.0,54.483,2.732,78.322,470.185,148.861,0.138
2026-03-10 08:00:00,TC-01,98.845,0.0,55.99,2.625,82.913,433.612,166.988,0.233
2026-03-10 12:00:00,TC-01,99.866,0.0,57.737,2.728,80.653,459.923,156.477,0.197
2026-03-10 16:00:00,TC-01,98.352,0.0,55.019,2.647,70.362,453.96,158.33,0.255
2026-03-10 20:00:00,TC-01,97.297,0.0,58.208,2.864,74.816,473.826,163.165,0.272
2026-03-11 00:00:00,TC-01,98.92,0.0,57.344,2.922,70.213,469.343,161.938,0.219
2026-03-11 04:00:00,TC-01,94.715,0.0,57.025,2.658,64.822,476.474,157.59,0.237
2026-03-11 08:00:00,TC-01,102.31,0.0,54.857,2.832,75.295,450.076,158.233,0.288
2026-03-11 12:00:00,TC-01,101.389,0.0,56.118,2.609,76.552,450.754,164.395,0.173
2026-03-11 16:00:00,TC-01,103.06,0.0,56.387,2.628,72.596,458.744,147.241,0.221
2026-03-11 20:00:00,TC-01,94.91,0.0,56.873,2.616,77.836,461.256,160.525,0.186
2026-03-12 00:00:00,TC-01,98.284,0.0,52.437,2.777,75.705,473.29,153.996,0.19
2026-03-12 04:00:00,TC-01,98.614,0.0,54.743,2.655,84.716,427.4,156.761,0.25
2026-03-12 08:00:00,TC-01,93.249,0.0,56.767,2.876,88.872,442.443,166.234,0.195
2026-03-12 12:00:00,TC-01,94.737,0.0,55.716,2.88,90.09,465.192,148.96,0.261
2026-03-12 16:00:00,TC-01,95.136,0.0,57.703,2.834,95.011,471.757,149.275,0.138
2026-03-12 20:00:00,TC-01,102.653,0.0,55.06,2.793,91.689,437.333,151.47,0.178
2026-03-13 00:00:00,TC-01,97.501,0.0,55.301,2.71,83.149,466.507,152.741,0.121
2026-03-13 04:00:00,TC-01,93.822,0.0,55.241,2.831,83.216,469.983,157.066,0.143
2026-03-13 08:00:00,TC-01,88.006,0.0,53.153,2.201,87.821,445.919,150.471,0.198
2026-03-13 12:00:00,TC-01,97.555,0.0,54.281,2.46,85.609,468.453,146.142,0.138
2026-03-13 16:00:00,TC-01,94.803,0.0,53.575,2.601,75.279,457.557,143.241,0.204
2026-03-13 20:00:00,TC-01,90.179,0.0,53.33,2.589,82.158,444.069,144.032,0.135
2026-03-14 00:00:00,TC-01,96.018,0.0,53.298,2.533,69.049,456.172,135.164,0.16
2026-03-14 04:00:00,TC-01,90.057,0.0,55.128,2.31,71.646,449.468,136.818,0.203
2026-03-14 08:00:00,TC-01,93.318,0.0,55.287,2.57,63.945,451.025,151.363,0.119
2026-03-14 12:00:00,TC-01,83.645,0.0,53.224,2.419,69.713,456.205,145.845,0.074
2026-03-14 16:00:00,TC-01,90.336,0.0,56.2,2.487,69.786,420.757,141.789,0.132
2026-03-14 20:00:00,TC-01,94.707,0.0,53.36,2.239,65.665,421.372,145.571,0.176
2026-03-15 00:00:00,TC-01,92.374,0.0,54.034,2.487,72.224,420.114,137.055,0.171
2026-03-15 04:00:00,TC-01,90.59,0.0,53.289,2.251,75.284,435.511,138.443,0.138
2026-03-15 08:00:00,TC-01,89.116,0.0,53.809,2.175,79.514,443.747,153.036,0.049
2026-03-15 12:00:00,TC-01,88.913,0.0,52.844,2.54,73.691,443.386,149.228,0.096
2026-03-15 16:00:00,TC-01,91.06,0.0,52.827,2.573,77.026,448.76,147.916,0.142
2026-03-15 20:00:00,TC-01,90.513,0.0,53.121,2.462,80.282,426.662,147.286,0.145
2026-03-16 00:00:00,TC-01,94.833,0.0,53.7,2.267,80.97,428.388,144.643,0.161
2026-03-16 04:00:00,TC-01,90.577,0.0,53.967,2.416,80.93,443.176,141.321,0.116
2026-03-16 08:00:00,TC-01,97.831,0.0,55.25,2.288,84.284,432.8,152.108,0.182
2026-03-16 12:00:00,TC-01,94.722,0.0,55.95,2.585,91.798,446.445,150.274,0.136
2026-03-16 16:00:00,TC-01,95.309,0.0,55.101,2.389,85.087,446.213,152.164,0.165
2026-03-16 20:00:00,TC-01,95.072,0.0,56.451,2.633,79.613,456.839,155.696,0.175
2026-03-17 00:00:00,TC-01,89.914,0.0,52.917,2.688,82.22,449.385,149.494,0.15
2026-03-17 04:00:00,TC-01,95.513,0.0,54.528,2.579,78.067,457.83,156.418,0.241
2026-03-17 08:00:00,TC-01,98.496,0.0,56.137,2.686,79.369,466.745,150.178,0.225
2026-03-17 12:00:00,TC-01,96.883,0.0,55.582,2.612,79.822,465.085,156.199,0.245
2026-03-17 16:00:00,TC-01,96.7,0.0,54.561,2.845,70.195,446.89,145.462,0.18
2026-03-17 20:00:00,TC-01,99.218,0.0,57.009,2.632,68.954,455.427,152.187,0.204
2026-03-18 00:00:00,TC-01,93.871,0.0,57.688,2.787,78.608,448.606,145.626,0.327
2026-03-18 04:00:00,TC-01,97.897,0.0,57.723,2.594,81.269,449.749,155.489,0.144
2026-03-18 08:00:00,TC-01,98.489,0.0,57.579,2.749,74.413,449.927,157.207,0.31
2026-03-18 12:00:00,TC-01,95.066,0.0,56.56,2.993,74.002,462.577,153.206,0.225
2026-03-18 16:00:00,TC-01,98.155,0.0,56.862,2.678,73.556,475.888,155.645,0.256
2026-03-18 20:00:00,TC-01,98.554,0.0,59.037,2.769,76.348,468.074,157.199,0.212
2026-03-19 00:00:00,TC-01,97.192,0.0,57.086,2.844,81.413,462.038,156.407,0.23
2026-03-19 04:00:00,TC-01,106.436,0.0,57.08,2.842,82.499,468.896,162.816,0.217
2026-03-19 08:00:00,TC-01,96.021,0.0,57.07,2.626,80.985,444.923,171.781,0.168
2026-03-19 12:00:00,TC-01,98.492,0.0,57.916,2.871,86.641,479.239,157.61,0.232
2026-03-19 16:00:00,TC-01,97.301,0.0,55.265,2.881,86.177,456.505,155.739,0.222
2026-03-19 20:00:00,TC-01,100.43,0.0,55.3,2.617,88.028,443.358,153.477,0.269
2026-03-20 00:00:00,TC-01,99.941,0.0,57.434,2.798,86.172,446.054,153.303,0.233
2026-03-20 04:00:00,TC-01,97.255,0.0,57.428,2.544,81.984,462.968,152.395,0.223
2026-03-20 08:00:00,TC-01,93.681,0.0,53.561,2.724,83.364,464.171,145.553,0.157
2026-03-20 12:00:00,TC-01,95.876,0.0,54.868,2.479,75.639,453.892,148.928,0.197
2026-03-20 16:00:00,TC-01,98.191,0.0,55.605,2.597,77.151,447.142,144.029,0.169
2026-03-20 20:00:00,TC-01,88.911,0.0,57.22,2.477,79.561,449.248,150.568,0.199
2026-03-21 00:00:00,TC-01,96.029,0.0,55.585,2.521,66.792,461.779,156.925,0.18
2026-03-21 04:00:00,TC-01,91.486,0.0,52.323,2.666,67.198,443.622,147.623,0.168
2026-03-21 08:00:00,TC-01,86.359,0.0,54.196,2.255,68.959,419.746,143.486,0.198
2026-03-21 12:00:00,TC-01,93.199,0.0,54.393,2.641,71.58,436.91,153.325,0.101
2026-03-21 16:00:00,TC-01,94.79,0.0,51.926,2.553,70.692,445.564,143.061,0.209
2026-03-21 20:00:00,TC-01,92.386,0.0,53.229,2.402,64.439,433.629,140.634,0.214
2026-03-22 00:00:00,TC-01,88.652,0.0,53.664,2.523,70.449,442.257,144.904,0.128
2026-03-22 04:00:00,TC-01,86.918,0.0,52.804,2.306,70.141,458.605,140.225,0.161
2026-03-22 08:00:00,TC-01,91.976,0.0,54.89,2.504,64.559,436.486,137.576,0.087
2026-03-22 12:00:00,TC-01,91.473,0.0,55.107,2.382,76.138,434.944,136.794,0.131
2026-03-22 16:00:00,TC-01,90.046,0.0,54.345,2.304,75.184,400.949,153.488,0.149
2026-03-22 20:00:00,TC-01,88.912,0.0,51.899,2.374,73.731,453.825,136.661,0.134
2026-03-23 00:00:00,TC-01,97.365,0.0,54.11,2.453,81.16,445.851,132.581,0.119
2026-03-23 04:00:00,TC-01,88.698,0.0,53.083,2.416,88.077,441.756,137.7,0.059
2026-03-23 08:00:00,TC-01,92.001,0.0,54.523,2.446,84.827,455.304,150.254,0.172
2026-03-23 12:00:00,TC-01,94.149,0.0,52.119,2.553,87.026,449.585,158.606,0.14
2026-03-23 16:00:00,TC-01,95.051,0.0,53.298,2.585,86.423,447.91,142.621,0.155
2026-03-23 20:00:00,TC-01,95.347,0.0,54.292,2.663,76.396,445.676,148.876,0.153
2026-03-24 00:00:00,TC-01,92.421,0.0,54.196,2.534,79.108,449.955,147.968,0.239
2026-03-24 04:00:00,TC-01,94.347,0.0,53.843,2.871,83.188,457.328,150.745,0.128
2026-03-24 08:00:00,TC-01,95.472,0.0,53.133,2.556,76.62,455.516,150.465,0.152
2026-03-24 12:00:00,TC-01,94.269,0.0,56.127,2.727,66.398,453.764,156.378,0.148
2026-03-24 16:00:00,TC-01,96.417,0.0,57.491,2.673,79.389,442.526,151.226,0.191
2026-03-24 20:00:00,TC-01,98.668,0.0,55.983,2.297,60.714,456.794,153.554,0.16
2026-03-25 00:00:00,TC-01,98.515,0.0,56.589,2.52,68.651,484.739,156.008,0.175
2026-03-25 04:00:00,TC-01,99.603,0.0,55.373,2.599,68.005,451.911,141.903,0.212
2026-03-25 08:00:00,TC-01,90.764,0.0,57.458,2.771,73.923,450.184,158.993,0.104
2026-03-25 12:00:00,TC-01,96.72,0.0,56.273,2.703,71.658,435.92,163.503,0.209
2026-03-25 16:00:00,TC-01,97.089,0.0,56.387,2.817,86.765,458.908,153.271,0.208
2026-03-25 20:00:00,TC-01,94.39,0.0,56.622,2.846,73.586,459.416,145.885,0.185
2026-03-26 00:00:00,TC-01,94.491,0.0,57.137,2.719,84.605,462.503,165.067,0.212
2026-03-26 04:00:00,TC-01,101.003,0.0,56.427,2.877,73.488,449.997,154.673,0.222
2026-03-26 08:00:00,TC-01,101.014,0.0,56.25,2.672,81.313,439.134,157.86,0.21
2026-03-26 12:00:00,TC-01,101.684,0.0,54.967,2.705,86.155,448.347,150.38,0.284
2026-03-26 16:00:00,TC-01,99.36,0.0,56.862,2.563,93.13,476.56,151.347,0.239
2026-03-26 20:00:00,TC-01,100.578,0.0,54.424,2.624,93.354,455.511,157.454,0.254
2026-03-27 00:00:00,TC-01,96.687,0.0,57.306,2.848,87.421,469.934,155.864,0.191
2026-03-27 04:00:00,TC-01,96.148,0.0,56.534,2.824,91.951,465.838,155.4,0.22
2026-03-27 08:00:00,TC-01,97.363,0.0,57.462,2.717,84.785,452.167,161.597,0.186
2026-03-27 12:00:00,TC-01,96.441,0.0,55.643,2.658,82.938,460.451,155.298,0.182
2026-03-27 16:00:00,TC-01,98.057,0.0,55.802,2.661,79.828,453.046,154.113,0.162
2026-03-27 20:00:00,TC-01,94.513,0.0,55.498,2.874,84.458,452.146,160.647,0.212
2026-03-28 00:00:00,TC-01,94.032,0.0,55.94,2.601,75.312,478.114,153.776,0.182
2026-03-28 04:00:00,TC-01,97.617,0.0,56.163,2.807,71.993,449.987,142.395,0.211
2026-03-28 08:00:00,TC-01,96.367,0.0,55.595,2.605,77.068,438.89,144.859,0.196
2026-03-28 12:00:00,TC-01,91.368,0.0,55.963,2.722,67.4,455.875,156.89,0.111
2026-03-28 16:00:00,TC-01,92.741,0.0,54.076,2.375,70.029,429.613,162.524,0.172
2026-03-28 20:00:00,TC-01,93.435,0.0,52.833,2.551,61.538,443.299,156.685,0.169
2026-03-29 00:00:00,TC-01,95.737,0.0,53.781,2.49,78.836,443.904,145.24,0.16
2026-03-29 04:00:00,TC-01,91.494,0.0,54.259,2.58,80.255,426.81,146.671,0.211
2026-03-29 08:00:00,TC-01,90.512,0.0,54.462,2.549,74.035,412.513,138.253,0.127
2026-03-29 12:00:00,TC-01,94.609,0.0,53.358,2.391,76.903,460.759,146.687,0.085
2026-03-29 16:00:00,TC-01,90.307,0.0,55.763,2.576,75.127,435.248,130.923,0.137
2026-03-29 20:00:00,TC-01,88.913,0.0,52.342,2.393,79.811,429.7,133.496,0.142
2026-03-30 00:00:00,TC-01,83.024,0.0,52.905,2.54,82.78,417.434,141.746,0.03
2026-03-30 04:00:00,TC-01,90.671,0.0,53.242,2.135,87.461,445.154,133.078,0.087
2026-03-30 08:00:00,TC-01,84.622,0.0,55.483,2.472,85.874,444.012,144.036,0.135
2026-03-30 12:00:00,TC-01,89.492,0.0,53.279,2.471,77.704,438.198,141.255,0.153
2026-03-30 16:00:00,TC-01,88.347,0.0,51.623,2.347,79.631,451.732,152.966,0.149
2026-03-30 20:00:00,TC-01,84.929,0.0,54.843,2.279,78.673,470.959,139.888,0.134
2026-03-31 00:00:00,TC-01,92.712,0.0,54.757,2.477,74.949,452.775,146.673,0.116
2026-03-31 04:00:00,TC-01,94.244,0.0,53.401,2.597,80.572,442.203,144.59,0.149
2026-03-31 08:00:00,TC-01,92.338,0.0,57.09,2.473,68.79,457.89,143.256,0.066
2026-03-31 12:00:00,TC-01,93.265,0.0,54.309,2.617,75.511,427.694,147.989,0.176
2026-03-31 16:00:00,TC-01,92.37,0.0,55.472,2.609,68.336,420.597,149.171,0.167
2026-03-31 20:00:00,TC-01,94.971,0.0,55.374,2.622,70.725,431.725,149.221,0.147
2026-04-01 00:00:00,TC-01,97.408,0.0,54.193,2.626,73.39,463.636,138.943,0.222
2026-04-01 04:00:00,TC-01,99.833,0.0,54.653,2.652,61.018,440.685,149.181,0.153
2026-04-01 08:00:00,TC-01,94.049,0.0,55.469,2.555,74.92,482.688,153.344,0.172
2026-04-01 12:00:00,TC-01,97.449,0.0,56.112,2.608,68.541,457.824,151.541,0.193
2026-04-01 16:00:00,TC-01,96.734,0.0,54.904,2.83,74.309,450.697,154.358,0.175
2026-04-01 20:00:00,TC-01,101.466,0.0,54.73,2.631,69.676,475.195,155.557,0.189
2026-04-02 00:00:00,TC-01,100.514,0.0,55.291,2.821,75.753,472.598,158.71,0.18
2026-04-02 04:00:00,TC-01,97.065,0.0,56.643,2.64,75.222,448.577,141.287,0.173
2026-04-02 08:00:00,TC-01,100.346,0.0,56.61,2.94,89.19,463.464,142.802,0.176
2026-04-02 12:00:00,TC-01,99.086,0.0,57.419,2.796,88.82,481.5,162.328,0.208
2026-04-02 16:00:00,TC-01,101.952,0.0,56.902,2.828,88.063,453.647,162.567,0.214
2026-04-02 20:00:00,TC-01,101.499,0.0,57.652,2.734,89.484,477.639,157.412,0.199
2026-04-03 00:00:00,TC-01,98.731,0.0,56.491,2.619,84.69,478.172,151.018,0.29
2026-04-03 04:00:00,TC-01,98.521,0.0,55.504,2.855,86.246,450.39,161.078,0.218
2026-04-03 08:00:00,TC-01,94.686,0.0,57.298,2.614,88.512,429.721,160.224,0.216
2026-04-03 12:00:00,TC-01,97.855,0.0,56.13,2.775,88.223,452.168,159.866,0.197
2026-04-03 16:00:00,TC-01,95.286,0.0,57.625,2.616,83.65,442.808,165.082,0.201
2026-04-03 20:00:00,TC-01,96.651,0.0,56.529,2.792,75.336,471.473,154.49,0.242
2026-04-04 00:00:00,TC-01,99.967,0.0,54.336,2.908,68.729,472.362,152.79,0.208
2026-04-04 04:00:00,TC-01,100.888,0.0,55.454,2.54,78.485,473.731,157.395,0.181
2026-04-04 08:00:00,TC-01,96.511,0.0,54.553,2.579,83.84,455.132,160.805,0.236
2026-04-04 12:00:00,TC-01,101.1,0.0,57.609,2.459,64.763,447.768,148.584,0.263
2026-04-04 16:00:00,TC-01,100.612,0.0,55.114,2.845,70.998,432.623,147.139,0.191
2026-04-04 20:00:00,TC-01,94.971,0.0,54.955,2.65,69.902,447.499,154.503,0.134
2026-04-05 00:00:00,TC-01,93.381,0.0,54.491,2.503,69.919,436.607,154.174,0.152
2026-04-05 04:00:00,TC-01,94.92,0.0,56.822,2.533,81.27,454.181,150.806,0.118
2026-04-05 08:00:00,TC-01,90.938,0.0,53.438,2.787,69.736,441.348,147.228,0.195
2026-04-05 12:00:00,TC-01,94.528,0.0,52.28,2.404,78.107,451.424,140.511,0.14
2026-04-05 16:00:00,TC-01,89.511,0.0,53.092,2.506,73.156,436.475,141.386,0.15
2026-04-05 20:00:00,TC-01,90.307,0.0,55.314,2.607,80.625,433.944,143.301,0.119
2026-04-06 00:00:00,TC-01,88.244,0.0,53.434,2.405,85.955,437.317,145.61,0.111
2026-04-06 04:00:00,TC-01,87.874,0.0,52.852,2.57,88.739,440.13,149.136,0.149
2026-04-06 08:00:00,TC-01,88.508,0.0,55.579,2.466,80.163,453.096,146.026,0.114
2026-04-06 12:00:00,TC-01,93.357,0.0,54.377,2.351,83.159,427.296,140.193,0.173
2026-04-06 16:00:00,TC-01,89.902,0.0,54.607,2.369,92.421,432.596,156.936,0.132
2026-04-06 20:00:00,TC-01,91.234,0.0,54.242,2.437,82.521,418.716,148.953,0.118
2026-04-07 00:00:00,TC-01,89.253,0.0,54.413,2.337,78.053,426.149,146.211,0.149
2026-04-07 04:00:00,TC-01,90.398,0.0,53.07,2.503,77.897,450.134,147.875,0.136
2026-04-07 08:00:00,TC-01,89.129,0.0,52.983,2.5,75.981,443.926,144.362,0.192
2026-04-07 12:00:00,TC-01,94.167,0.0,52.179,2.406,75.437,424.671,148.12,0.178
2026-04-07 16:00:00,TC-01,92.479,0.0,56.907,2.589,67.263,437.846,142.613,0.206
2026-04-07 20:00:00,TC-01,96.986,0.0,54.848,2.37,73.593,449.697,148.517,0.155
2026-04-08 00:00:00,TC-01,91.405,0.0,54.173,2.553,67.448,443.619,150.429,0.128
2026-04-08 04:00:00,TC-01,90.211,0.0,55.343,2.373,70.958,429.953,149.923,0.148
2026-04-08 08:00:00,TC-01,94.499,0.0,55.663,2.552,67.369,475.292,138.352,0.211
2026-04-08 12:00:00,TC-01,95.7,0.0,56.132,2.534,70.989,429.653,143.078,0.201
2026-04-08 16:00:00,TC-01,95.947,0.0,56.202,2.703,72.823,445.548,145.966,0.201
2026-04-08 20:00:00,TC-01,99.113,0.0,54.482,2.799,77.494,422.863,152.824,0.221
2026-04-09 00:00:00,TC-01,94.747,0.0,57.758,2.757,77.551,463.185,155.824,0.189
2026-04-09 04:00:00,TC-01,99.099,0.0,57.48,2.644,92.526,463.849,150.875,0.207
2026-04-09 08:00:00,TC-01,97.076,0.0,57.101,2.853,90.056,477.5,152.112,0.191
2026-04-09 12:00:00,TC-01,95.698,0.0,57.463,2.582,82.973,465.334,162.575,0.257
2026-04-09 16:00:00,TC-01,102.334,0.0,58.24,2.758,81.282,432.765,156.579,0.202
2026-04-09 20:00:00,TC-01,98.091,0.0,57.176,2.717,86.048,450.612,163.791,0.215
2026-04-10 00:00:00,TC-01,103.763,0.0,58.418,2.693,86.022,465.712,161.9,0.27
2026-04-10 04:00:00,TC-01,96.772,0.0,55.895,2.852,84.912,457.841,149.171,0.256
2026-04-10 08:00:00,TC-01,97.657,0.0,53.339,2.767,91.397,446.682,160.162,0.207
2026-04-10 12:00:00,TC-01,96.796,0.0,57.365,2.645,88.311,463.671,157.441,0.247
2026-04-10 16:00:00,TC-01,101.607,0.0,55.772,2.809,79.975,462.391,161.139,0.246
2026-04-10 20:00:00,TC-01,94.486,0.0,54.959,2.714,78.919,454.052,154.045,0.233
2026-04-11 00:00:00,TC-01,102.386,0.0,57.074,2.652,81.826,468.304,154.033,0.282
2026-04-11 04:00:00,TC-01,95.714,0.0,58.131,2.758,84.395,461.682,148.513,0.183
2026-04-11 08:00:00,TC-01,95.529,0.0,56.833,2.722,73.101,468.896,160.954,0.278
2026-04-11 12:00:00,TC-01,97.291,0.0,55.39,2.773,66.953,463.663,148.065,0.157
2026-04-11 16:00:00,TC-01,97.014,0.0,57.22,2.814,79.426,453.28,140.042,0.188
2026-04-11 20:00:00,TC-01,98.754,0.0,57.514,2.559,76.405,433.017,153.863,0.224
2026-04-12 00:00:00,TC-01,93.179,0.0,55.053,2.498,71.875,467.059,156.06,0.178
2026-04-12 04:00:00,TC-01,95.046,0.0,55.816,2.727,78.655,439.24,150.183,0.191
2026-04-12 08:00:00,TC-01,91.357,0.0,53.24,2.641,74.093,460.292,156.101,0.133
2026-04-12 12:00:00,TC-01,92.677,0.0,55.677,2.636,72.857,437.36,149.895,0.229
2026-04-12 16:00:00,TC-01,91.709,0.0,53.145,2.529,75.521,456.186,143.58,0.107
2026-04-12 20:00:00,TC-01,95.1,0.0,53.969,2.541,78.48,439.759,142.964,0.103
2026-04-13 00:00:00,TC-01,100.289,0.0,52.301,2.522,71.696,445.632,152.214,0.165
2026-04-13 04:00:00,TC-01,91.802,0.0,52.621,2.66,80.351,443.642,142.975,0.172
2026-04-13 08:00:00,TC-01,94.177,0.0,53.388,2.433,90.362,426.532,145.896,0.165
2026-04-13 12:00:00,TC-01,83.823,0.0,53.793,2.403,79.618,451.654,141.161,0.17
2026-04-13 16:00:00,TC-01,89.034,0.0,54.307,2.443,83.255,420.881,135.592,0.148
2026-04-13 20:00:00,TC-01,85.397,0.0,52.652,2.429,76.8,450.313,137.691,0.111
2026-04-14 00:00:00,TC-01,88.974,0.0,50.293,2.448,84.687,420.038,142.655,0.159
2026-04-14 04:00:00,TC-01,91.436,0.0,53.605,2.566,74.52,449.855,135.851,0.107
2026-04-14 08:00:00,TC-01,88.434,0.0,53.714,2.326,71.876,424.402,143.393,0.149
2026-04-14 12:00:00,TC-01,89.311,0.0,52.381,2.486,74.854,439.522,134.763,0.166
2026-04-14 16:00:00,TC-01,93.948,0.0,54.298,2.426,74.932,461.801,143.594,0.089
2026-04-14 20:00:00,TC-01,92.12,0.0,53.863,2.543,70.988,441.194,145.984,0.111
2026-04-15 00:00:00,TC-01,86.687,0.0,53.452,2.3,68.199,436.588,149.196,0.146
2026-04-15 04:00:00,TC-01,95.31,0.0,53.346,2.332,61.118,460.042,142.213,0.17
2026-04-15 08:00:00,TC-01,88.615,0.0,54.294,2.589,65.878,422.678,153.037,0.166
2026-04-15 12:00:00,TC-01,95.38,0.0,53.783,2.326,71.333,455.587,150.95,0.227
2026-04-15 16:00:00,TC-01,94.328,0.0,53.671,2.531,77.595,435.099,156.383,0.158
2026-04-15 20:00:00,TC-01,97.05,0.0,55.361,2.69,70.655,434.466,147.54,0.182
2026-04-16 00:00:00,TC-01,99.997,0.0,55.493,2.674,76.179,470.985,149.585,0.219
2026-04-16 04:00:00,TC-01,98.255,0.0,53.433,2.661,82.283,435.254,148.545,0.184
2026-04-16 08:00:00,TC-01,99.421,0.0,57.709,2.813,80.684,451.81,148.747,0.214
2026-04-16 12:00:00,TC-01,98.644,0.0,56.369,2.791,87.42,440.421,155.844,0.243
2026-04-16 16:00:00,TC-01,98.486,0.0,55.953,2.727,82.507,445.366,154.394,0.207
2026-04-16 20:00:00,TC-01,99.464,0.0,55.861,2.776,94.625,479.576,156.669,0.205
2026-04-17 00:00:00,TC-01,95.454,0.0,54.533,2.608,87.697,456.03,162.304,0.214
2026-04-17 04:00:00,TC-01,104.138,0.0,55.01,2.723,89.803,428.227,155.654,0.276
2026-04-17 08:00:00,TC-01,99.228,0.0,54.917,2.61,86.132,466.337,162.049,0.27
2026-04-17 12:00:00,TC-01,96.144,0.0,54.796,2.778,85.894,456.886,161.646,0.189
2026-04-17 16:00:00,TC-01,101.335,0.0,56.142,2.671,74.805,454.542,161.514,0.252
2026-04-17 20:00:00,TC-01,104.144,0.0,57.381,2.85,79.246,451.353,150.814,0.321
2026-04-18 00:00:00,TC-01,103.893,0.0,59.759,2.812,76.141,457.362,145.683,0.213
2026-04-18 04:00:00,TC-01,96.066,0.0,59.06,3.035,77.696,454.375,157.591,0.224
2026-04-18 08:00:00,TC-01,102.483,0.0,55.852,2.817,74.083,453.993,158.984,0.319
2026-04-18 12:00:00,TC-01,99.397,0.0,56.159,2.906,66.454,474.68,158.449,0.255
2026-04-18 16:00:00,TC-01,105.516,0.0,55.424,2.874,76.16,443.428,161.721,0.297
2026-04-18 20:00:00,TC-01,99.768,0.0,58.515,2.672,67.832,470.198,162.244,0.261
2026-04-19 00:00:00,TC-01,103.817,0.0,56.751,2.925,79.694,442.198,163.594,0.254
2026-04-19 04:00:00,TC-01,101.573,0.0,57.754,2.711,81.065,461.478,162.795,0.258
2026-04-19 08:00:00,TC-01,103.726,0.0,58.857,2.86,80.959,452.811,162.574,0.197
2026-04-19 12:00:00,TC-01,103.407,0.0,55.583,2.805,83.103,459.09,160.074,0.247
2026-04-19 16:00:00,TC-01,100.558,0.0,57.095,2.625,80.167,447.363,158.276,0.216
2026-04-19 20:00:00,TC-01,98.8,0.0,56.891,2.821,82.298,428.047,173.351,0.205
2026-04-20 00:00:00,TC-01,98.596,0.0,57.842,2.857,82.876,450.094,157.827,0.252
2026-04-20 04:00:00,TC-01,102.887,0.0,57.131,2.808,90.307,442.66,163.999,0.263
2026-04-20 08:00:00,TC-01,97.362,0.0,57.427,2.931,85.123,441.762,158.332,0.251
2026-04-20 12:00:00,TC-01,97.56,0.0,56.018,2.787,88.308,442.306,154.59,0.184
2026-04-20 16:00:00,TC-01,98.753,0.0,58.467,2.881,81.522,439.875,153.356,0.228
2026-04-20 20:00:00,TC-01,99.224,0.0,55.457,2.705,82.228,430.067,167.331,0.211
2026-04-21 00:00:00,TC-01,100.64,0.0,56.562,2.814,74.626,450.942,168.503,0.237
2026-04-21 04:00:00,TC-01,100.228,0.0,59.945,2.952,73.318,437.736,165.294,0.256
2026-04-21 08:00:00,TC-01,101.808,0.0,57.03,2.753,75.953,434.796,161.061,0.211
2026-04-21 12:00:00,TC-01,99.1,0.0,56.729,2.942,63.469,409.2,167.802,0.252
2026-04-21 16:00:00,TC-01,102.486,0.0,58.318,2.865,74.107,452.554,164.664,0.234
2026-04-21 20:00:00,TC-01,100.169,0.0,56.979,3.024,64.707,440.355,163.848,0.328
2026-04-22 00:00:00,TC-01,104.672,0.0,58.146,2.735,69.792,449.333,163.418,0.271
2026-04-22 04:00:00,TC-01,100.878,0.0,58.997,2.791,76.833,434.796,165.6,0.319
2026-04-22 08:00:00,TC-01,105.105,0.0,57.467,2.882,65.276,435.099,169.276,0.24
2026-04-22 12:00:00,TC-01,101.516,0.0,56.566,2.926,73.591,441.165,173.728,0.299
2026-04-22 16:00:00,TC-01,110.726,0.0,60.394,3.107,72.99,449.136,165.21,0.31
2026-04-22 20:00:00,TC-01,103.613,0.0,57.139,3.182,72.117,449.591,168.952,0.326
2026-04-23 00:00:00,TC-01,108.132,0.0,61.069,3.308,77.649,442.034,175.653,0.321
2026-04-23 04:00:00,TC-01,109.282,0.0,60.223,3.222,84.861,438.211,170.708,0.36
2026-04-23 08:00:00,TC-01,115.58,0.0,60.587,3.237,77.29,423.796,182.837,0.273
2026-04-23 12:00:00,TC-01,108.961,0.0,59.988,3.12,87.468,436.805,173.544,0.362
2026-04-23 16:00:00,TC-01,111.161,0.0,64.181,3.038,84.472,462.485,182.493,0.388
2026-04-23 20:00:00,TC-01,109.033,0.0,63.765,3.402,93.325,470.157,183.187,0.38
2026-04-24 00:00:00,TC-01,112.568,0.0,62.665,3.286,90.857,459.012,198.62,0.36
2026-04-24 04:00:00,TC-01,111.134,0.0,61.402,3.359,84.821,453.059,182.051,0.422
2026-04-24 08:00:00,TC-01,117.491,0.0,64.304,3.528,88.08,449.01,184.267,0.404
2026-04-24 12:00:00,TC-01,117.241,0.0,64.259,3.541,87.025,444.989,185.555,0.519
2026-04-24 16:00:00,TC-01,114.871,0.0,63.77,3.468,77.879,470.582,190.943,0.403
2026-04-24 20:00:00,TC-01,115.691,0.0,63.799,3.527,80.787,475.981,195.204,0.471
2026-04-25 00:00:00,TC-01,122.767,0.0,65.349,3.311,71.996,448.809,189.332,0.446
2026-04-25 04:00:00,TC-01,115.683,0.0,64.565,3.694,75.952,451.808,194.524,0.431
2026-04-25 08:00:00,TC-01,114.645,0.0,65.804,3.725,71.603,463.257,194.996,0.383
2026-04-25 12:00:00,TC-01,115.725,0.0,64.341,3.626,75.557,451.544,202.068,0.521
2026-04-25 16:00:00,TC-01,115.518,0.0,65.926,3.551,76.904,485.217,196.626,0.469
2026-04-25 20:00:00,TC-01,119.799,0.0,67.292,3.627,64.842,467.068,192.15,0.52
2026-04-26 00:00:00,TC-01,118.283,0.0,65.538,3.638,74.24,458.718,198.435,0.492
2026-04-26 04:00:00,TC-01,120.003,0.0,66.818,3.65,79.167,457.754,194.756,0.483
2026-04-26 08:00:00,TC-01,118.717,0.0,66.348,3.656,77.999,445.364,196.494,0.496
2026-04-26 12:00:00,TC-01,117.949,0.0,64.303,3.72,79.676,454.438,193.787,0.454
2026-04-26 16:00:00,TC-01,120.884,0.0,65.005,3.663,79.903,468.028,193.275,0.509
2026-04-26 20:00:00,TC-01,124.899,0.0,66.672,3.604,79.914,466.241,193.177,0.449
2026-04-27 00:00:00,TC-01,115.652,0.0,66.862,3.649,81.859,449.466,195.88,0.516
2026-04-27 04:00:00,TC-01,118.138,0.0,65.306,3.714,90.093,454.08,201.233,0.479
2026-04-27 08:00:00,TC-01,117.643,0.0,67.18,3.546,86.671,444.756,180.673,0.412
2026-04-27 12:00:00,TC-01,120.425,0.0,66.123,3.542,75.413,455.598,194.664,0.48
2026-04-27 16:00:00,TC-01,120.213,0.0,65.391,3.39,92.72,432.548,193.446,0.516
2026-04-27 20:00:00,TC-01,112.696,0.0,64.776,3.4,79.879,439.678,190.574,0.498
2026-04-28 00:00:00,TC-01,119.962,0.0,66.039,3.586,78.526,427.248,196.486,0.487
2026-04-28 04:00:00,TC-01,118.855,0.0,65.178,3.301,83.844,439.288,194.491,0.488
2026-04-28 08:00:00,TC-01,120.573,0.0,65.101,3.659,81.797,453.735,203.29,0.449
2026-04-28 12:00:00,TC-01,119.826,0.0,66.325,3.552,76.16,449.681,187.423,0.546
2026-04-28 16:00:00,TC-01,121.815,0.0,65.395,3.573,68.81,450.495,205.357,0.487
2026-04-28 20:00:00,TC-01,116.891,0.0,64.945,3.609,62.128,458.508,191.111,0.512
2026-04-29 00:00:00,TC-01,116.283,0.0,64.412,3.549,69.598,430.04,194.483,0.423
2026-04-29 04:00:00,TC-01,119.096,0.0,66.568,3.71,67.26,432.447,188.746,0.523
2026-04-29 08:00:00,TC-01,121.758,0.0,66.487,3.733,62.869,449.661,206.181,0.526
2026-04-29 12:00:00,TC-01,121.097,0.0,66.712,3.707,67.671,427.176,207.369,0.534
2026-04-29 16:00:00,TC-01,119.06,0.0,66.568,3.633,75.301,467.775,206.22,0.52
2026-04-29 20:00:00,TC-01,124.24,0.0,66.715,3.628,79.89,441.046,207.785,0.551
2026-04-30 00:00:00,TC-01,119.011,0.0,67.595,3.775,82.214,441.784,198.585,0.57
2026-04-30 04:00:00,TC-01,122.272,0.0,65.793,3.893,84.953,446.467,202.303,0.597
2026-04-30 08:00:00,TC-01,125.804,0.0,67.537,3.772,77.143,435.552,205.143,0.574
2026-04-30 12:00:00,TC-01,126.671,0.0,67.558,3.984,81.598,454.829,204.043,0.606
2026-04-30 16:00:00,TC-01,126.9,0.0,69.76,4.127,91.194,455.685,210.479,0.533
2026-04-30 20:00:00,TC-01,128.471,0.0,69.587,4.056,82.36,441.602,218.828,0.58
2026-05-01 00:00:00,TC-01,19.393,0.0,70.384,4.098,12.995,66.989,31.36,0.588
2026-05-01 04:00:00,TC-01,18.891,0.0,72.237,4.246,12.776,68.548,33.609,0.592
2026-05-01 08:00:00,TC-01,19.112,0.0,72.446,3.898,12.207,67.626,33.171,0.604
2026-05-01 12:00:00,TC-01,20.26,0.0,72.738,4.137,13.611,69.426,33.836,0.647
2026-05-01 16:00:00,TC-01,19.648,0.0,71.461,4.313,11.382,69.378,34.236,0.697
2026-05-01 20:00:00,TC-01,19.963,0.0,71.047,4.192,13.586,67.921,33.356,0.667
2026-05-02 00:00:00,TC-01,19.592,0.0,72.201,4.419,11.482,69.668,34.829,0.644
2026-05-02 04:00:00,TC-01,20.414,0.0,72.061,4.257,11.452,69.866,32.639,0.692
2026-05-02 08:00:00,TC-01,20.511,0.0,72.477,4.546,9.257,69.148,33.075,0.653
2026-05-02 12:00:00,TC-01,20.827,0.0,73.585,4.395,10.837,69.8,33.024,0.62
2026-05-02 16:00:00,TC-01,20.329,0.0,74.401,4.404,9.888,70.482,33.175,0.732
2026-05-02 20:00:00,TC-01,20.536,0.0,77.233,4.135,11.081,66.544,34.592,0.744
2026-05-03 00:00:00,TC-01,21.366,0.0,75.387,4.296,11.666,68.133,33.927,0.714
2026-05-03 04:00:00,TC-01,20.385,0.0,72.527,4.482,11.44,70.466,34.339,0.74
2026-05-03 08:00:00,TC-01,20.673,0.0,73.999,4.136,10.602,65.782,33.826,0.701
2026-05-03 12:00:00,TC-01,20.55,0.0,74.786,4.469,11.576,68.925,34.648,0.729
2026-05-03 16:00:00,TC-01,21.092,0.0,72.09,4.418,13.595,70.628,36.03,0.791
2026-05-03 20:00:00,TC-01,20.661,0.0,72.668,4.4,12.508,66.181,34.72,0.677
2026-05-04 00:00:00,TC-01,137.367,0.0,71.28,4.487,86.327,454.168,230.958,0.712
2026-05-04 04:00:00,TC-01,139.349,0.0,74.972,4.297,89.686,425.824,230.309,0.725
2026-05-04 08:00:00,TC-01,134.666,0.0,72.53,4.281,88.09,441.987,223.412,0.65
2026-05-04 12:00:00,TC-01,138.588,0.0,72.367,4.371,80.712,482.28,216.784,0.687
2026-05-04 16:00:00,TC-01,136.753,0.0,72.007,4.427,84.201,457.818,222.572,0.675
2026-05-04 20:00:00,TC-01,137.689,0.0,71.259,4.31,75.726,443.16,222.218,0.698
2026-05-05 00:00:00,TC-01,132.867,0.0,73.284,4.304,86.678,464.341,228.825,0.655
2026-05-05 04:00:00,TC-01,137.573,0.0,72.365,4.208,83.274,466.496,228.739,0.685
2026-05-05 08:00:00,TC-01,130.569,0.0,71.598,4.242,79.402,447.073,225.861,0.63
2026-05-05 12:00:00,TC-01,137.716,0.0,69.104,4.387,76.991,449.353,224.101,0.683
2026-05-05 16:00:00,TC-01,131.621,0.0,72.692,4.066,74.157,454.261,218.325,0.681
2026-05-05 20:00:00,TC-01,130.294,0.0,73.406,4.17,61.629,442.576,230.031,0.608
2026-05-06 00:00:00,TC-01,131.966,0.0,69.827,4.108,66.437,448.381,218.978,0.659
2026-05-06 04:00:00,TC-01,128.363,0.0,73.046,4.385,77.479,439.809,226.164,0.622
2026-05-06 08:00:00,TC-01,127.57,0.0,68.968,4.394,66.459,438.609,214.22,0.618
2026-05-06 12:00:00,TC-01,132.181,0.0,69.596,4.123,73.426,441.591,216.098,0.704
2026-05-06 16:00:00,TC-01,129.048,0.0,71.149,4.157,77.173,440.923,219.829,0.555
2026-05-06 20:00:00,TC-01,126.932,0.0,70.175,4.079,74.08,436.717,211.619,0.633
2026-05-07 00:00:00,TC-01,124.161,0.0,70.776,4.159,69.789,431.291,214.202,0.662
2026-05-07 04:00:00,TC-01,137.364,0.0,71.13,4.064,82.197,469.9,215.104,0.648
2026-05-07 08:00:00,TC-01,136.341,0.0,73.01,3.941,86.366,470.211,217.451,0.607
2026-05-07 12:00:00,TC-01,138.56,0.0,72.232,4.086,83.282,437.555,216.802,0.589
2026-05-07 16:00:00,TC-01,135.66,0.0,71.097,4.26,87.208,443.483,221.111,0.695
2026-05-07 20:00:00,TC-01,134.071,0.0,71.046,4.348,81.453,459.6,223.113,0.693
2026-05-08 00:00:00,TC-01,132.106,0.0,73.097,4.2,78.21,441.189,231.002,0.705
2026-05-08 04:00:00,TC-01,137.951,0.0,72.31,4.297,86.133,455.107,232.396,0.649
2026-05-08 08:00:00,TC-01,134.41,0.0,72.797,4.179,84.737,457.823,216.624,0.716
2026-05-08 12:00:00,TC-01,137.171,0.0,71.943,4.204,74.65,457.914,231.706,0.662
2026-05-08 16:00:00,TC-01,137.857,0.0,72.005,4.222,76.693,437.503,227.203,0.735
2026-05-08 20:00:00,TC-01,139.046,0.0,74.617,4.446,73.163,459.867,235.319,0.722
2026-05-09 00:00:00,TC-01,140.42,0.0,72.088,4.344,80.941,452.75,232.258,0.665
2026-05-09 04:00:00,TC-01,141.94,0.0,72.49,4.175,80.695,467.725,229.792,0.705
2026-05-09 08:00:00,TC-01,133.565,0.0,70.997,4.446,76.352,476.982,232.147,0.712
2026-05-09 12:00:00,TC-01,136.001,0.0,76.418,4.503,65.722,459.089,240.906,0.625
2026-05-09 16:00:00,TC-01,142.619,0.0,74.687,4.469,79.351,456.916,222.794,0.732
2026-05-09 20:00:00,TC-01,138.912,0.0,72.351,4.46,71.833,479.912,237.113,0.704
2026-05-10 00:00:00,TC-01,140.157,0.0,74.382,4.317,82.247,446.532,232.892,0.689
2026-05-10 04:00:00,TC-01,141.677,0.0,75.006,4.461,74.527,454.287,225.7,0.773
2026-05-10 08:00:00,TC-01,138.238,0.0,74.594,4.517,74.009,442.587,235.173,0.708
2026-05-10 12:00:00,TC-01,138.304,0.0,76.986,4.263,86.751,454.583,239.195,0.736
2026-05-10 16:00:00,TC-01,138.226,0.0,74.574,4.4,80.549,453.118,234.738,0.762
2026-05-10 20:00:00,TC-01,142.187,0.0,73.766,4.531,86.998,447.345,235.189,0.671
2026-05-11 00:00:00,TC-01,138.034,0.0,71.027,4.302,89.272,460.402,235.924,0.758
2026-05-11 04:00:00,TC-01,138.022,0.0,72.323,4.423,82.316,464.591,233.847,0.733
2026-05-11 08:00:00,TC-01,140.142,0.0,73.636,4.456,84.68,449.959,235.413,0.697
2026-05-11 12:00:00,TC-01,135.571,0.0,73.989,4.236,82.444,447.579,238.414,0.776
2026-05-11 16:00:00,TC-01,131.536,0.0,74.128,4.496,84.42,446.55,226.915,0.665
2026-05-11 20:00:00,TC-01,136.367,0.0,71.398,4.348,82.939,451.137,233.843,0.757
2026-05-12 00:00:00,TC-01,129.073,0.0,71.982,4.313,76.195,445.684,227.605,0.708
2026-05-12 04:00:00,TC-01,136.841,0.0,73.177,4.349,82.123,446.984,214.55,0.65
2026-05-12 08:00:00,TC-01,134.406,0.0,73.342,3.945,79.754,450.788,223.497,0.659
2026-05-12 12:00:00,TC-01,133.389,0.0,71.012,4.172,75.296,453.535,227.738,0.704
2026-05-12 16:00:00,TC-01,129.075,0.0,70.995,4.228,68.984,471.624,224.012,0.67
2026-05-12 20:00:00,TC-01,135.821,0.0,69.533,4.237,69.039,433.018,221.76,0.629
2026-05-13 00:00:00,TC-01,138.838,0.0,71.025,4.076,72.199,447.848,216.616,0.707
2026-05-13 04:00:00,TC-01,134.114,0.0,72.708,4.239,66.237,450.443,228.579,0.609
2026-05-13 08:00:00,TC-01,132.867,0.0,70.733,4.097,73.645,441.634,222.393,0.632
2026-05-13 12:00:00,TC-01,133.01,0.0,72.835,3.919,64.819,444.068,212.712,0.665
2026-05-13 16:00:00,TC-01,132.631,0.0,69.793,4.007,66.031,431.856,213.575,0.653
2026-05-13 20:00:00,TC-01,135.611,0.0,70.76,4.164,71.997,458.283,222.808,0.681
2026-05-14 00:00:00,TC-01,132.128,0.0,70.185,4.275,81.917,432.332,219.146,0.667
2026-05-14 04:00:00,TC-01,134.191,0.0,70.365,4.181,79.509,439.426,212.071,0.67
2026-05-14 08:00:00,TC-01,132.282,0.0,69.959,4.228,82.01,420.634,213.056,0.62
2026-05-14 12:00:00,TC-01,135.347,0.0,72.08,4.345,82.632,433.762,214.942,0.572
2026-05-14 16:00:00,TC-01,131.684,0.0,69.492,4.157,84.865,449.573,220.331,0.649
2026-05-14 20:00:00,TC-01,130.989,0.0,70.905,4.058,78.42,435.369,224.436,0.63
2026-05-15 00:00:00,TC-01,128.898,0.0,72.049,4.298,86.057,410.909,226.812,0.639
2026-05-15 04:00:00,TC-01,127.535,0.0,70.659,4.094,81.548,443.409,227.918,0.667
2026-05-15 08:00:00,TC-01,134.482,0.0,73.14,4.177,84.736,446.281,218.301,0.636
2026-05-15 12:00:00,TC-01,136.064,0.0,73.134,4.338,84.118,444.768,228.904,0.651
2026-05-15 16:00:00,TC-01,135.253,0.0,71.173,4.188,74.874,440.851,224.054,0.675
2026-05-15 20:00:00,TC-01,129.693,0.0,71.856,4.32,76.393,452.843,224.628,0.686
2026-05-16 00:00:00,TC-01,137.916,0.0,71.812,4.256,72.03,466.75,219.662,0.663
2026-05-16 04:00:00,TC-01,136.92,0.0,71.773,4.251,72.807,470.835,222.793,0.66
2026-05-16 08:00:00,TC-01,135.649,0.0,71.789,4.375,72.843,471.936,230.236,0.629
2026-05-16 12:00:00,TC-01,138.188,0.0,75.462,4.024,71.786,455.207,237.626,0.731
2026-05-16 16:00:00,TC-01,136.4,0.0,72.412,4.421,71.327,479.719,235.237,0.751
2026-05-16 20:00:00,TC-01,133.802,0.0,72.899,4.432,76.81,463.836,239.786,0.716
2026-05-17 00:00:00,TC-01,145.543,0.0,74.118,4.509,81.164,461.359,233.873,0.693
2026-05-17 04:00:00,TC-01,139.062,0.0,72.732,4.243,80.703,466.233,240.989,0.706
2026-05-17 08:00:00,TC-01,133.545,0.0,71.54,4.326,76.779,479.193,226.565,0.746
2026-05-17 12:00:00,TC-01,140.633,0.0,73.25,4.636,78.339,482.745,237.591,0.779
2026-05-17 16:00:00,TC-01,137.438,0.0,75.894,4.421,80.779,463.882,234.389,0.716
2026-05-17 20:00:00,TC-01,141.206,0.0,74.052,4.444,86.944,461.289,237.543,0.726
2026-05-18 00:00:00,TC-01,137.464,0.0,72.582,4.6,87.606,465.464,225.843,0.736
2026-05-18 04:00:00,TC-01,140.063,0.0,74.016,4.654,88.002,471.729,215.364,0.777
2026-05-18 08:00:00,TC-01,136.155,0.0,73.641,4.451,91.566,475.356,233.882,0.745
2026-05-18 12:00:00,TC-01,135.73,0.0,73.236,4.567,92.325,464.195,225.999,0.765
2026-05-18 16:00:00,TC-01,137.742,0.0,76.082,4.267,88.538,457.8,227.85,0.721
2026-05-18 20:00:00,TC-01,136.033,0.0,72.997,4.49,80.528,442.301,237.696,0.689
2026-05-19 00:00:00,TC-01,135.623,0.0,73.906,4.369,86.19,468.141,234.862,0.722
2026-05-19 04:00:00,TC-01,136.747,0.0,75.941,4.382,77.01,449.057,216.794,0.707
2026-05-19 08:00:00,TC-01,136.114,0.0,75.982,4.154,75.541,447.287,227.74,0.657
2026-05-19 12:00:00,TC-01,137.152,0.0,70.16,4.346,78.063,463.476,234.461,0.683
2026-05-19 16:00:00,TC-01,132.894,0.0,74.901,4.387,75.489,452.373,219.159,0.678
2026-05-19 20:00:00,TC-01,136.786,0.0,72.368,4.409,68.056,437.132,222.325,0.692
2026-05-20 00:00:00,TC-01,132.478,0.0,71.522,4.404,67.129,460.437,225.583,0.694
2026-05-20 04:00:00,TC-01,131.846,0.0,73.299,4.531,63.055,455.535,222.555,0.63
2026-05-20 08:00:00,TC-01,133.138,0.0,72.551,4.185,75.101,446.278,226.433,0.631
2026-05-20 12:00:00,TC-01,130.296,0.0,71.285,4.155,76.192,457.471,221.673,0.648
2026-05-20 16:00:00,TC-01,135.642,0.0,73.024,3.984,67.363,460.216,216.067,0.641
2026-05-20 20:00:00,TC-01,131.359,0.0,71.904,4.304,79.018,445.811,220.072,0.704
2026-05-21 00:00:00,TC-01,135.308,0.0,70.712,4.263,81.501,436.534,220.399,0.622
2026-05-21 04:00:00,TC-01,132.848,0.0,69.481,4.077,72.348,428.098,209.557,0.62
2026-05-21 08:00:00,TC-01,132.242,0.0,72.565,4.156,81.968,433.113,212.026,0.638
2026-05-21 12:00:00,TC-01,130.978,0.0,69.914,4.164,86.748,424.938,214.15,0.665
2026-05-21 16:00:00,TC-01,133.433,0.0,71.513,4.06,78.378,412.8,217.929,0.658
2026-05-21 20:00:00,TC-01,123.048,0.0,72.537,4.162,81.176,452.984,223.984,0.587
2026-05-22 00:00:00,TC-01,130.357,0.0,69.843,4.356,95.929,428.632,217.717,0.685
2026-05-22 04:00:00,TC-01,130.7,0.0,71.22,4.172,80.141,436.902,218.819,0.672
2026-05-22 08:00:00,TC-01,136.934,0.0,70.16,4.126,80.673,438.338,225.176,0.554
2026-05-22 12:00:00,TC-01,133.724,0.0,70.776,4.242,82.829,454.035,224.191,0.621
2026-05-22 16:00:00,TC-01,131.014,0.0,72.437,4.113,78.821,465.961,217.071,0.654
2026-05-22 20:00:00,TC-01,136.152,0.0,72.878,4.185,73.646,452.993,222.036,0.643
2026-05-23 00:00:00,TC-01,135.669,0.0,72.119,4.125,63.822,445.935,229.499,0.688
2026-05-23 04:00:00,TC-01,135.77,0.0,72.003,4.359,79.588,458.393,228.122,0.696
2026-05-23 08:00:00,TC-01,129.131,0.0,73.535,4.275,64.015,448.663,217.715,0.625
2026-05-23 12:00:00,TC-01,136.683,0.0,73.708,4.336,71.869,441.126,217.409,0.749
2026-05-23 16:00:00,TC-01,139.044,0.0,71.178,4.356,69.099,451.816,230.939,0.705
2026-05-23 20:00:00,TC-01,136.085,0.0,72.93,4.472,72.344,456.057,225.208,0.727
2026-05-24 00:00:00,TC-01,133.935,0.0,72.848,4.455,64.488,439.578,221.832,0.731
2026-05-24 04:00:00,TC-01,136.866,0.0,75.142,4.26,76.252,456.164,232.255,0.654
2026-05-24 08:00:00,TC-01,137.785,0.0,74.238,4.353,75.773,471.632,238.659,0.69
2026-05-24 12:00:00,TC-01,138.896,0.0,74.886,4.439,82.241,476.538,228.464,0.715
2026-05-24 16:00:00,TC-01,145.691,0.0,74.256,4.384,73.123,468.483,229.735,0.725
2026-05-24 20:00:00,TC-01,135.638,0.0,74.376,4.524,90.579,456.205,236.795,0.726
2026-05-25 00:00:00,TC-01,138.596,0.0,72.554,4.637,88.484,460.572,231.696,0.778
2026-05-25 04:00:00,TC-01,136.131,0.0,76.97,4.392,86.374,461.522,232.246,0.75
2026-05-25 08:00:00,TC-01,139.412,0.0,74.857,4.398,86.833,451.986,231.055,0.718
2026-05-25 12:00:00,TC-01,140.196,0.0,72.15,4.455,87.997,472.288,229.893,0.688
2026-05-25 16:00:00,TC-01,139.592,0.0,76.118,4.432,91.254,449.437,233.396,0.785
2026-05-25 20:00:00,TC-01,138.925,0.0,70.904,4.517,78.096,456.116,228.709,0.699
2026-05-26 00:00:00,TC-01,138.684,0.0,73.366,4.473,78.481,459.917,232.315,0.724
2026-05-26 04:00:00,TC-01,143.897,0.0,74.915,4.549,81.753,462.745,230.93,0.731
2026-05-26 08:00:00,TC-01,138.548,0.0,73.833,4.781,74.675,458.1,229.28,0.681
2026-05-26 12:00:00,TC-01,139.048,0.0,74.286,4.376,69.817,449.506,223.854,0.652
2026-05-26 16:00:00,TC-01,136.336,0.0,74.312,4.546,75.707,471.734,227.283,0.645
2026-05-26 20:00:00,TC-01,136.885,0.0,71.997,4.286,70.044,461.542,226.235,0.715
2026-05-27 00:00:00,TC-01,136.193,0.0,74.15,4.327,69.085,443.877,222.526,0.722
2026-05-27 04:00:00,TC-01,132.566,0.0,72.371,4.446,72.894,436.374,217.75,0.733
2026-05-27 08:00:00,TC-01,131.858,0.0,73.433,4.183,81.511,425.641,229.136,0.698
2026-05-27 12:00:00,TC-01,136.664,0.0,71.573,4.515,66.564,434.498,232.393,0.65
2026-05-27 16:00:00,TC-01,135.331,0.0,71.465,4.182,71.688,448.098,214.922,0.695
2026-05-27 20:00:00,TC-01,128.833,0.0,73.312,4.126,73.531,429.739,223.937,0.576
2026-05-28 00:00:00,TC-01,137.568,0.0,71.665,4.06,78.717,460.837,217.607,0.665
2026-05-28 04:00:00,TC-01,133.736,0.0,72.276,4.33,76.91,436.616,224.057,0.591
2026-05-28 08:00:00,TC-01,135.274,0.0,69.865,4.143,84.025,432.809,214.208,0.678
2026-05-28 12:00:00,TC-01,130.206,0.0,70.518,4.281,81.329,440.361,216.383,0.62
2026-05-28 16:00:00,TC-01,128.592,0.0,71.609,4.076,83.926,428.629,216.489,0.673
2026-05-28 20:00:00,TC-01,130.406,0.0,70.604,4.317,91.092,440.815,223.52,0.689
2026-05-29 00:00:00,TC-01,135.634,0.0,72.11,4.26,79.434,420.412,225.191,0.624
2026-05-29 04:00:00,TC-01,134.938,0.0,69.382,4.273,76.426,461.793,219.216,0.635
2026-05-29 08:00:00,TC-01,132.611,0.0,71.155,4.052,88.101,474.562,220.725,0.623
2026-05-29 12:00:00,TC-01,129.281,0.0,70.079,4.086,90.083,436.233,223.156,0.628
2026-05-29 16:00:00,TC-01,125.696,0.0,71.419,4.061,74.53,435.337,218.427,0.573
2026-05-29 20:00:00,TC-01,136.261,0.0,69.985,4.059,73.727,454.69,222.356,0.652
2026-05-30 00:00:00,TC-01,132.996,0.0,71.719,3.957,76.883,462.11,222.248,0.627
2026-05-30 04:00:00,TC-01,138.482,0.0,69.857,4.279,67.215,452.173,215.124,0.675
2026-05-30 08:00:00,TC-01,133.253,0.0,72.047,4.338,70.745,449.408,223.382,0.65
2026-05-30 12:00:00,TC-01,132.041,0.0,72.937,4.395,63.719,437.584,215.696,0.626
2026-05-30 16:00:00,TC-01,133.054,0.0,70.521,4.036,69.916,433.464,233.753,0.668
2026-05-30 20:00:00,TC-01,135.722,0.0,71.238,4.547,68.345,457.33,224.808,0.667
2026-05-31 00:00:00,TC-01,134.55,0.0,73.094,4.379,67.555,432.205,217.25,0.694
2026-05-31 04:00:00,TC-01,138.505,0.0,73.951,4.054,69.004,448.914,229.751,0.69
2026-05-31 08:00:00,TC-01,131.114,0.0,71.938,4.361,70.866,441.319,220.298,0.639
2026-05-31 12:00:00,TC-01,135.701,0.0,72.753,4.278,77.841,449.531,226.653,0.71
2026-05-31 16:00:00,TC-01,139.899,0.0,74.595,4.557,84.104,449.038,224.966,0.711
2026-05-31 20:00:00,TC-01,139.844,0.0,72.876,4.418,83.766,446.166,226.851,0.734
2026-06-01 00:00:00,TC-01,138.022,0.0,73.416,4.471,89.893,448.986,223.799,0.709
2026-06-01 04:00:00,TC-01,133.933,0.0,75.005,4.546,89.007,445.088,239.851,0.776
2026-06-01 08:00:00,TC-01,139.258,0.0,73.581,4.629,87.925,463.525,236.694,0.747
2026-06-01 12:00:00,TC-01,139.014,0.0,73.087,4.389,82.99,466.967,237.905,0.683
2026-06-01 16:00:00,TC-01,142.945,0.0,76.44,4.53,84.261,463.43,233.101,0.743
2026-06-01 20:00:00,TC-01,139.063,0.0,74.714,4.429,83.044,490.395,236.011,0.78
2026-06-02 00:00:00,TC-01,141.534,0.0,74.602,4.304,82.158,438.643,235.646,0.745
2026-06-02 04:00:00,TC-01,135.932,0.0,73.424,4.617,80.765,464.289,228.383,0.736
2026-06-02 08:00:00,TC-01,139.501,0.0,74.545,4.481,88.496,475.4,220.383,0.751
2026-06-02 12:00:00,TC-01,139.306,0.0,75.455,4.495,81.312,457.417,227.808,0.724
2026-06-02 16:00:00,TC-01,138.748,0.0,73.742,4.499,83.163,455.881,230.736,0.721
2026-06-02 20:00:00,TC-01,139.54,0.0,74.331,4.676,73.54,471.56,231.572,0.686
2026-06-03 00:00:00,TC-01,137.901,0.0,72.713,4.538,68.186,465.179,235.011,0.673
2026-06-03 04:00:00,TC-01,138.231,0.0,74.409,4.343,68.826,475.644,226.872,0.663
2026-06-03 08:00:00,TC-01,135.481,0.0,72.665,4.425,68.211,464.114,230.451,0.641
2026-06-03 12:00:00,TC-01,129.364,0.0,71.243,4.292,63.905,466.783,234.301,0.663
2026-06-03 16:00:00,TC-01,137.01,0.0,72.866,4.423,75.152,453.684,227.395,0.621
2026-06-03 20:00:00,TC-01,137.008,0.0,74.912,4.154,78.83,450.97,223.024,0.666
2026-06-04 00:00:00,TC-01,134.246,0.0,72.327,4.138,83.639,432.852,223.246,0.649
2026-06-04 04:00:00,TC-01,130.205,0.0,72.212,4.171,79.023,417.702,226.557,0.599
2026-06-04 08:00:00,TC-01,130.707,0.0,69.614,4.176,82.531,473.855,217.19,0.619
2026-06-04 12:00:00,TC-01,140.548,0.0,72.913,4.284,84.01,432.755,221.566,0.623
2026-06-04 16:00:00,TC-01,131.033,0.0,73.28,4.181,80.372,423.573,214.041,0.62
2026-06-04 20:00:00,TC-01,133.051,0.0,71.588,4.099,86.02,428.368,221.133,0.652
2026-06-05 00:00:00,TC-01,130.952,0.0,71.306,4.029,80.977,441.135,225.426,0.696
2026-06-05 04:00:00,TC-01,134.567,0.0,70.62,3.973,90.552,442.403,216.902,0.69
2026-06-05 08:00:00,TC-01,129.997,0.0,73.366,4.242,82.306,433.185,222.754,0.667
2026-06-05 12:00:00,TC-01,138.054,0.0,71.49,4.231,80.326,436.571,219.057,0.622
2026-06-05 16:00:00,TC-01,131.499,0.0,70.431,4.099,79.28,427.894,220.328,0.653
2026-06-05 20:00:00,TC-01,130.265,0.0,73.471,3.874,78.57,444.656,221.105,0.665
2026-06-06 00:00:00,TC-01,129.483,0.0,71.342,4.13,73.106,420.739,215.637,0.608
2026-06-06 04:00:00,TC-01,134.605,0.0,71.255,4.325,72.642,465.798,223.383,0.663
2026-06-06 08:00:00,TC-01,128.022,0.0,71.907,4.209,65.008,437.107,230.584,0.647
2026-06-06 12:00:00,TC-01,128.922,0.0,70.71,4.154,69.026,435.57,222.648,0.629
2026-06-06 16:00:00,TC-01,129.559,0.0,71.276,4.169,65.224,449.203,214.825,0.636
2026-06-06 20:00:00,TC-01,133.352,0.0,70.076,4.417,76.467,427.801,229.686,0.627
2026-06-07 00:00:00,TC-01,131.503,0.0,72.12,4.408,76.197,439.798,224.366,0.659
2026-06-07 04:00:00,TC-01,136.708,0.0,73.175,4.337,68.896,447.5,219.573,0.624
2026-06-07 08:00:00,TC-01,136.06,0.0,71.96,4.358,79.784,459.189,223.436,0.707
2026-06-07 12:00:00,TC-01,136.419,0.0,72.932,4.438,75.487,434.366,217.712,0.682
2026-06-07 16:00:00,TC-01,137.557,0.0,72.857,4.274,83.24,464.98,225.997,0.763
2026-06-07 20:00:00,TC-01,135.169,0.0,75.57,4.244,81.531,457.783,229.194,0.675
2026-06-08 00:00:00,TC-01,139.571,0.0,72.548,4.583,78.146,456.894,228.613,0.693
2026-06-08 04:00:00,TC-01,133.764,0.0,73.473,4.554,89.454,455.3,227.866,0.724
2026-06-08 08:00:00,TC-01,137.526,0.0,73.463,4.28,87.214,467.648,228.125,0.691
2026-06-08 12:00:00,TC-01,138.311,0.0,74.987,4.412,85.035,456.601,237.612,0.728
2026-06-08 16:00:00,TC-01,143.525,0.0,72.44,4.47,89.795,468.483,231.886,0.687
2026-06-08 20:00:00,TC-01,138.87,0.0,73.829,4.798,87.724,468.185,237.585,0.627
2026-06-09 00:00:00,TC-01,140.925,0.0,74.339,4.319,94.374,475.543,242.205,0.702
2026-06-09 04:00:00,TC-01,134.058,0.0,75.168,4.452,78.937,465.812,228.855,0.725
2026-06-09 08:00:00,TC-01,139.263,0.0,72.025,4.467,79.59,458.243,230.947,0.715
2026-06-09 12:00:00,TC-01,140.123,0.0,73.32,4.516,73.507,454.225,226.421,0.742
2026-06-09 16:00:00,TC-01,139.126,0.0,74.545,4.518,77.517,443.476,223.701,0.8
2026-06-09 20:00:00,TC-01,139.029,0.0,75.427,4.43,71.475,482.843,229.746,0.673
2026-06-10 00:00:00,TC-01,144.311,0.0,73.956,4.549,72.012,459.814,226.895,0.768
2026-06-10 04:00:00,TC-01,138.029,0.0,74.654,4.496,66.883,451.365,227.145,0.738
2026-06-10 08:00:00,TC-01,141.422,0.0,75.504,4.391,74.583,454.911,240.368,0.751
2026-06-10 12:00:00,TC-01,140.339,0.0,75.143,4.477,70.861,447.287,229.12,0.712
2026-06-10 16:00:00,TC-01,140.569,0.0,72.902,4.363,67.346,430.388,226.047,0.737
2026-06-10 20:00:00,TC-01,137.94,0.0,72.51,4.377,74.606,494.504,228.441,0.707
2026-06-11 00:00:00,TC-01,133.409,0.0,72.022,4.392,81.218,468.087,227.693,0.636
2026-06-11 04:00:00,TC-01,137.692,0.0,71.361,4.276,86.331,443.285,222.452,0.646
2026-06-11 08:00:00,TC-01,133.264,0.0,70.542,4.383,85.265,430.52,225.358,0.683
2026-06-11 12:00:00,TC-01,134.076,0.0,71.922,4.482,92.363,473.494,218.4,0.694
2026-06-11 16:00:00,TC-01,132.743,0.0,70.004,4.433,79.858,435.404,219.393,0.659
2026-06-11 20:00:00,TC-01,138.288,0.0,71.002,4.431,87.875,450.749,228.831,0.68
2026-06-12 00:00:00,TC-01,128.308,0.0,71.974,4.307,84.329,425.633,213.052,0.601
2026-06-12 04:00:00,TC-01,134.415,0.0,68.374,4.116,80.723,430.783,213.706,0.689
2026-06-12 08:00:00,TC-01,130.427,0.0,71.144,4.18,82.047,440.656,222.137,0.618
2026-06-12 12:00:00,TC-01,133.05,0.0,72.584,4.25,81.625,425.056,220.784,0.674
2026-06-12 16:00:00,TC-01,139.412,0.0,72.22,4.017,84.646,438.049,213.604,0.692
2026-06-12 20:00:00,TC-01,132.84,0.0,69.993,4.03,75.096,450.572,216.934,0.616
2026-06-13 00:00:00,TC-01,130.894,0.0,70.225,4.129,68.48,440.232,213.721,0.622
2026-06-13 04:00:00,TC-01,132.001,0.0,70.993,4.194,76.852,430.967,216.692,0.599
2026-06-13 08:00:00,TC-01,136.132,0.0,73.351,4.224,71.116,426.925,217.826,0.604
2026-06-13 12:00:00,TC-01,132.304,0.0,70.903,4.384,70.565,452.333,218.31,0.648
2026-06-13 16:00:00,TC-01,131.843,0.0,70.572,4.165,58.151,456.906,220.687,0.614
2026-06-13 20:00:00,TC-01,127.964,0.0,72.15,4.105,71.166,444.626,221.396,0.638
2026-06-14 00:00:00,TC-01,130.569,0.0,70.159,3.903,75.648,449.426,216.173,0.682
2026-06-14 04:00:00,TC-01,132.415,0.0,73.444,4.088,67.185,422.056,221.321,0.627
2026-06-14 08:00:00,TC-01,122.402,0.0,73.029,4.023,75.473,470.123,218.976,0.633
2026-06-14 12:00:00,TC-01,137.901,0.0,70.12,4.267,75.381,449.912,224.951,0.669
2026-06-14 16:00:00,TC-01,135.387,0.0,72.272,4.188,76.818,437.456,222.906,0.671
2026-06-14 20:00:00,TC-01,137.329,0.0,71.786,4.313,79.931,458.218,225.535,0.685
2026-06-15 00:00:00,TC-01,133.345,0.0,75.052,4.236,84.777,446.288,222.736,0.75
2026-06-15 04:00:00,TC-01,136.87,0.0,73.557,4.357,91.862,436.177,231.201,0.708
2026-06-15 08:00:00,TC-01,136.725,0.0,73.699,4.316,86.176,459.349,220.253,0.78
2026-06-15 12:00:00,TC-01,139.404,0.0,71.174,4.356,88.089,447.008,228.015,0.679
2026-06-15 16:00:00,TC-01,134.985,0.0,74.693,4.202,90.279,454.817,235.683,0.686
2026-06-15 20:00:00,TC-01,136.207,0.0,73.158,4.562,81.726,473.026,238.577,0.73
2026-06-16 00:00:00,TC-01,138.169,0.0,75.343,4.523,91.092,448.98,228.124,0.671
2026-06-16 04:00:00,TC-01,138.034,0.0,75.225,4.454,84.403,457.095,234.296,0.73
2026-06-16 08:00:00,TC-01,139.337,0.0,73.271,4.415,87.921,426.696,232.741,0.76
2026-06-16 12:00:00,TC-01,137.668,0.0,75.556,4.482,79.646,454.018,236.251,0.73
2026-06-16 16:00:00,TC-01,144.604,0.0,75.213,4.556,78.433,461.326,228.176,0.77
2026-06-16 20:00:00,TC-01,140.131,0.0,76.818,4.768,75.18,462.201,234.199,0.753
2026-06-17 00:00:00,TC-01,144.141,0.0,73.37,4.373,75.558,457.663,237.031,0.692
2026-06-17 04:00:00,TC-01,136.856,0.0,74.197,4.413,75.151,473.097,232.236,0.775
2026-06-17 08:00:00,TC-01,138.774,0.0,76.093,4.536,73.464,476.762,222.521,0.707
2026-06-17 12:00:00,TC-01,137.136,0.0,73.125,4.668,73.744,469.641,214.587,0.705
2026-06-17 16:00:00,TC-01,134.516,0.0,74.509,4.413,67.176,466.827,238.91,0.749
2026-06-17 20:00:00,TC-01,134.359,0.0,75.398,4.518,69.073,460.217,232.627,0.721
2026-06-18 00:00:00,TC-01,141.979,0.0,73.515,4.412,79.599,461.488,224.745,0.713
2026-06-18 04:00:00,TC-01,139.135,0.0,75.12,4.569,77.067,441.963,227.98,0.696
2026-06-18 08:00:00,TC-01,138.725,0.0,70.536,4.284,86.84,447.052,227.492,0.738
2026-06-18 12:00:00,TC-01,137.82,0.0,73.152,4.283,82.521,442.173,220.682,0.703
2026-06-18 16:00:00,TC-01,136.549,0.0,71.549,4.257,87.917,445.327,225.94,0.733
2026-06-18 20:00:00,TC-01,132.823,0.0,72.593,4.1,84.796,432.729,230.386,0.707
2026-06-19 00:00:00,TC-01,132.628,0.0,70.33,4.339,84.98,436.313,227.042,0.717
2026-06-19 04:00:00,TC-01,130.481,0.0,70.206,4.534,84.774,445.004,228.075,0.677
2026-06-19 08:00:00,TC-01,138.317,0.0,71.418,4.203,84.533,434.619,223.72,0.647
2026-06-19 12:00:00,TC-01,131.342,0.0,71.651,4.099,67.553,462.418,220.579,0.631
2026-06-19 16:00:00,TC-01,124.488,0.0,70.532,4.281,81.674,455.282,218.665,0.687
2026-06-19 20:00:00,TC-01,131.091,0.0,70.182,4.06,75.611,425.455,223.437,0.656
2026-06-20 00:00:00,TC-01,134.551,0.0,71.752,4.077,72.998,422.479,215.531,0.712
2026-06-20 04:00:00,TC-01,130.456,0.0,72.528,4.1,75.406,450.574,225.877,0.651
2026-06-20 08:00:00,TC-01,136.237,0.0,68.958,4.19,65.396,429.798,214.888,0.566
2026-06-20 12:00:00,TC-01,135.706,0.0,70.616,4.402,70.912,424.217,220.887,0.632
2026-06-20 16:00:00,TC-01,127.572,0.0,69.033,4.03,79.564,441.527,216.339,0.601
2026-06-20 20:00:00,TC-01,135.231,0.0,73.212,4.04,66.147,446.202,211.326,0.651
2026-06-21 00:00:00,TC-01,133.555,0.0,70.802,4.258,74.495,423.6,218.09,0.543
2026-06-21 04:00:00,TC-01,128.684,0.0,70.07,4.274,66.737,431.36,207.985,0.626
2026-06-21 08:00:00,TC-01,127.95,0.0,69.462,4.241,78.258,460.81,208.207,0.658
2026-06-21 12:00:00,TC-01,130.865,0.0,70.424,4.254,66.11,451.042,220.744,0.616
2026-06-21 16:00:00,TC-01,134.832,0.0,72.348,4.214,74.99,461.563,219.065,0.643
2026-06-21 20:00:00,TC-01,132.748,0.0,72.049,4.154,80.888,452.719,216.026,0.653
2026-06-22 00:00:00,TC-01,133.168,0.0,73.148,4.251,76.577,457.806,228.117,0.63
2026-06-22 04:00:00,TC-01,139.365,0.0,70.022,4.351,78.255,467.045,220.665,0.652
2026-06-22 08:00:00,TC-01,135.045,0.0,73.026,4.439,78.384,445.455,217.728,0.687
2026-06-22 12:00:00,TC-01,134.723,0.0,73.015,4.207,81.383,441.102,234.745,0.711
2026-06-22 16:00:00,TC-01,138.893,0.0,74.619,4.766,91.031,468.916,235.959,0.676
2026-06-22 20:00:00,TC-01,135.026,0.0,73.514,4.339,90.939,446.518,228.582,0.69
2026-06-23 00:00:00,TC-01,131.588,0.0,72.641,4.465,80.385,445.623,217.754,0.689
2026-06-23 04:00:00,TC-01,132.579,0.0,75.244,4.312,87.864,441.029,228.558,0.707
2026-06-23 08:00:00,TC-01,138.86,0.0,72.814,4.512,77.517,449.959,226.132,0.718
2026-06-23 12:00:00,TC-01,138.532,0.0,74.261,4.65,80.173,458.202,230.548,0.719
2026-06-23 16:00:00,TC-01,139.419,0.0,72.916,4.28,79.369,466.962,235.846,0.75
2026-06-23 20:00:00,TC-01,141.121,0.0,73.16,4.336,72.569,441.123,241.38,0.719
2026-06-24 00:00:00,TC-01,139.608,0.0,75.829,4.196,70.134,456.634,240.33,0.755
2026-06-24 04:00:00,TC-01,141.942,0.0,74.421,4.314,62.727,464.514,231.883,0.72
2026-06-24 08:00:00,TC-01,144.95,0.0,73.381,4.594,72.811,484.42,231.838,0.762
2026-06-24 12:00:00,TC-01,140.317,0.0,74.39,4.507,71.803,465.056,232.559,0.688
2026-06-24 16:00:00,TC-01,137.176,0.0,70.419,4.42,75.441,482.388,235.662,0.675
2026-06-24 20:00:00,TC-01,138.008,0.0,73.666,4.378,69.328,458.434,231.804,0.713
2026-06-25 00:00:00,TC-01,138.769,0.0,75.586,4.461,77.724,458.236,242.032,0.777
2026-06-25 04:00:00,TC-01,140.104,0.0,74.205,4.614,74.544,453.689,222.129,0.692
2026-06-25 08:00:00,TC-01,136.139,0.0,73.542,4.397,87.038,452.315,223.727,0.755
2026-06-25 12:00:00,TC-01,135.791,0.0,72.337,4.439,82.278,455.836,242.144,0.711
2026-06-25 16:00:00,TC-01,138.928,0.0,71.083,4.291,80.901,468.271,230.93,0.7
2026-06-25 20:00:00,TC-01,134.922,0.0,74.603,4.618,90.826,463.648,222.051,0.684
2026-06-26 00:00:00,TC-01,137.259,0.0,74.489,4.252,80.768,445.951,220.981,0.7
2026-06-26 04:00:00,TC-01,135.274,0.0,73.49,4.179,89.315,454.787,220.519,0.717
2026-06-26 08:00:00,TC-01,133.997,0.0,71.115,4.243,84.193,471.41,218.866,0.637
2026-06-26 12:00:00,TC-01,130.835,0.0,71.175,4.41,79.752,460.439,234.058,0.683
2026-06-26 16:00:00,TC-01,126.506,0.0,72.406,4.367,81.636,437.582,218.382,0.656
2026-06-26 20:00:00,TC-01,136.425,0.0,70.88,4.288,82.51,428.122,225.475,0.735
2026-06-27 00:00:00,TC-01,134.964,0.0,70.646,4.085,79.405,434.509,220.36,0.644
2026-06-27 04:00:00,TC-01,136.931,0.0,70.182,4.336,75.864,455.532,218.736,0.652
2026-06-27 08:00:00,TC-01,131.903,0.0,69.231,4.364,64.879,402.88,223.735,0.623
2026-06-27 12:00:00,TC-01,130.582,0.0,71.722,4.105,69.373,424.894,214.801,0.662
2026-06-27 16:00:00,TC-01,129.702,0.0,72.494,4.435,74.824,440.224,219.697,0.708
2026-06-27 20:00:00,TC-01,129.973,0.0,69.669,4.014,63.733,454.308,223.424,0.625
2026-06-28 00:00:00,TC-01,128.149,0.0,69.296,4.036,71.947,429.723,218.139,0.598
2026-06-28 04:00:00,TC-01,132.447,0.0,71.478,4.004,82.044,443.729,216.443,0.627
2026-06-28 08:00:00,TC-01,129.251,0.0,71.226,4.011,70.751,433.591,211.48,0.645
2026-06-28 12:00:00,TC-01,128.743,0.0,70.805,4.362,71.285,430.197,211.247,0.566
2026-06-28 16:00:00,TC-01,133.215,0.0,71.46,4.214,78.31,439.082,226.891,0.622
2026-06-28 20:00:00,TC-01,129.146,0.0,69.799,4.07,72.23,449.925,209.942,0.608
2026-06-29 00:00:00,TC-01,132.571,0.0,71.164,4.249,87.209,429.825,214.443,0.673
2026-06-29 04:00:00,TC-01,132.832,0.0,72.291,4.277,75.745,426.884,218.572,0.687
2026-06-29 08:00:00,TC-01,136.556,0.0,71.354,4.194,83.775,452.956,225.817,0.577
2026-06-29 12:00:00,TC-01,133.266,0.0,73.624,4.192,85.55,436.271,216.778,0.689
2026-06-29 16:00:00,TC-01,136.687,0.0,72.19,4.121,89.345,457.947,214.818,0.7
2026-06-29 20:00:00,TC-01,133.991,0.0,73.552,4.323,81.78,457.559,219.123,0.621
2026-01-01 00:00:00,VF-01,181.892,0.0,61.483,2.9,98.038,916.725,346.306,0.155
2026-01-01 04:00:00,VF-01,179.168,0.0,62.181,2.777,95.393,881.833,329.954,0.137
2026-01-01 08:00:00,VF-01,194.949,0.0,61.821,2.902,99.484,923.06,336.239,0.172
2026-01-01 12:00:00,VF-01,187.574,0.0,62.558,2.759,100.0,914.985,333.29,0.168
2026-01-01 16:00:00,VF-01,185.819,0.0,63.349,2.866,100.0,909.193,337.468,0.247
2026-01-01 20:00:00,VF-01,187.825,0.0,64.033,2.914,98.401,916.433,317.696,0.181
2026-01-02 00:00:00,VF-01,184.876,0.0,63.504,3.12,100.0,904.24,330.163,0.163
2026-01-02 04:00:00,VF-01,186.036,0.0,61.846,3.112,100.0,937.82,330.66,0.136
2026-01-02 08:00:00,VF-01,187.961,0.0,64.405,2.958,100.0,934.138,343.167,0.142
2026-01-02 12:00:00,VF-01,188.801,0.0,64.355,3.01,96.268,907.474,346.839,0.129
2026-01-02 16:00:00,VF-01,190.363,0.0,64.214,2.902,93.365,911.775,344.514,0.126
2026-01-02 20:00:00,VF-01,193.374,0.0,63.434,3.212,88.586,921.383,325.057,0.171
2026-01-03 00:00:00,VF-01,193.099,0.0,62.596,3.142,86.947,948.74,347.361,0.244
2026-01-03 04:00:00,VF-01,197.328,0.0,62.585,3.085,89.114,934.465,354.177,0.218
2026-01-03 08:00:00,VF-01,191.532,0.0,64.309,2.97,93.169,934.342,344.763,0.199
2026-01-03 12:00:00,VF-01,183.493,0.0,63.135,3.148,94.171,936.139,346.991,0.161
2026-01-03 16:00:00,VF-01,188.464,0.0,65.235,2.863,81.81,926.467,340.526,0.171
2026-01-03 20:00:00,VF-01,194.479,0.0,64.82,3.034,84.849,926.43,334.573,0.191
2026-01-04 00:00:00,VF-01,189.456,0.0,64.679,2.995,85.19,907.058,346.659,0.183
2026-01-04 04:00:00,VF-01,186.62,0.0,62.932,2.908,83.651,900.866,341.029,0.186
2026-01-04 08:00:00,VF-01,192.059,0.0,61.034,2.647,92.732,889.519,330.835,0.139
2026-01-04 12:00:00,VF-01,184.853,0.0,59.298,2.764,94.801,910.948,308.714,0.131
2026-01-04 16:00:00,VF-01,187.639,0.0,61.736,2.916,96.492,882.601,340.307,0.194
2026-01-04 20:00:00,VF-01,188.764,0.0,64.443,2.943,97.133,923.425,339.499,0.14
2026-01-05 00:00:00,VF-01,187.338,0.0,60.073,2.794,91.204,919.226,331.514,0.133
2026-01-05 04:00:00,VF-01,177.936,0.0,59.921,2.621,100.0,883.465,318.832,0.108
2026-01-05 08:00:00,VF-01,172.111,0.0,61.868,2.688,100.0,886.46,329.068,0.164
2026-01-05 12:00:00,VF-01,182.814,0.0,61.81,2.679,100.0,871.75,335.086,0.191
2026-01-05 16:00:00,VF-01,187.414,0.0,59.082,2.505,98.174,843.627,333.919,0.15
2026-01-05 20:00:00,VF-01,178.42,0.0,60.036,2.732,96.109,874.712,306.781,0.103
2026-01-06 00:00:00,VF-01,178.829,0.0,58.853,2.728,98.462,846.17,322.725,0.083
2026-01-06 04:00:00,VF-01,176.084,0.0,58.747,2.604,92.436,878.967,319.116,0.029
2026-01-06 08:00:00,VF-01,182.087,0.0,62.935,2.312,77.661,895.847,317.898,0.15
2026-01-06 12:00:00,VF-01,182.624,0.0,62.355,2.768,87.881,867.832,317.158,0.097
2026-01-06 16:00:00,VF-01,184.656,0.0,59.785,2.511,87.767,861.434,329.053,0.11
2026-01-06 20:00:00,VF-01,179.037,0.0,60.182,2.502,82.914,899.345,317.58,0.148
2026-01-07 00:00:00,VF-01,185.992,0.0,61.29,2.784,78.137,870.094,314.417,0.129
2026-01-07 04:00:00,VF-01,185.521,0.0,60.062,2.563,79.716,881.523,317.602,0.108
2026-01-07 08:00:00,VF-01,176.874,0.0,59.592,2.563,83.976,907.817,316.327,0.08
2026-01-07 12:00:00,VF-01,183.723,0.0,61.467,2.697,87.356,877.629,305.217,0.136
2026-01-07 16:00:00,VF-01,180.879,0.0,61.485,2.913,77.767,896.894,314.401,0.132
2026-01-07 20:00:00,VF-01,185.117,0.0,59.853,2.67,88.511,853.51,308.843,0.129
2026-01-08 00:00:00,VF-01,187.604,0.0,59.552,2.738,95.808,883.528,318.332,0.137
2026-01-08 04:00:00,VF-01,183.693,0.0,61.187,2.81,94.459,891.665,328.377,0.102
2026-01-08 08:00:00,VF-01,182.793,0.0,60.42,2.771,99.759,892.684,328.099,0.165
2026-01-08 12:00:00,VF-01,184.294,0.0,61.082,2.666,100.0,908.412,301.979,0.196
2026-01-08 16:00:00,VF-01,185.169,0.0,62.429,2.785,97.878,926.79,337.763,0.145
2026-01-08 20:00:00,VF-01,181.319,0.0,63.669,2.886,100.0,919.668,351.789,0.164
2026-01-09 00:00:00,VF-01,184.309,0.0,63.753,2.84,100.0,916.955,340.032,0.153
2026-01-09 04:00:00,VF-01,186.914,0.0,62.435,2.983,100.0,910.197,345.637,0.209
2026-01-09 08:00:00,VF-01,177.868,0.0,62.814,2.885,99.841,905.099,341.135,0.214
2026-01-09 12:00:00,VF-01,183.339,0.0,66.505,3.076,94.274,912.377,344.197,0.24
2026-01-09 16:00:00,VF-01,187.851,0.0,64.201,2.787,96.508,912.786,337.027,0.243
2026-01-09 20:00:00,VF-01,194.845,0.0,63.88,2.683,95.713,904.718,345.69,0.208
2026-01-10 00:00:00,VF-01,194.295,0.0,62.545,2.928,93.986,901.386,347.62,0.234
2026-01-10 04:00:00,VF-01,194.183,0.0,63.447,3.017,95.075,871.184,346.099,0.227
2026-01-10 08:00:00,VF-01,186.362,0.0,63.788,2.943,85.502,936.38,335.185,0.232
2026-01-10 12:00:00,VF-01,185.63,0.0,65.409,3.095,87.519,912.86,342.628,0.177
2026-01-10 16:00:00,VF-01,188.351,0.0,63.285,2.826,86.98,897.591,332.133,0.266
2026-01-10 20:00:00,VF-01,187.807,0.0,64.438,2.982,91.2,914.254,342.249,0.156
2026-01-11 00:00:00,VF-01,197.33,0.0,62.415,2.887,87.6,958.621,337.921,0.207
2026-01-11 04:00:00,VF-01,189.861,0.0,62.182,3.235,91.863,951.57,341.412,0.201
2026-01-11 08:00:00,VF-01,195.081,0.0,62.058,3.127,97.546,917.3,339.054,0.166
2026-01-11 12:00:00,VF-01,187.293,0.0,64.796,2.619,89.679,918.737,349.82,0.2
2026-01-11 16:00:00,VF-01,185.132,0.0,64.527,2.688,95.573,898.966,326.197,0.241
2026-01-11 20:00:00,VF-01,190.142,0.0,64.147,2.71,100.0,892.859,344.781,0.171
2026-01-12 00:00:00,VF-01,182.352,0.0,60.037,2.911,98.078,921.881,320.809,0.144
2026-01-12 04:00:00,VF-01,181.939,0.0,63.366,2.975,97.352,886.597,321.707,0.15
2026-01-12 08:00:00,VF-01,186.913,0.0,62.492,2.787,100.0,884.705,323.543,0.099
2026-01-12 12:00:00,VF-01,185.297,0.0,60.855,2.792,97.577,871.348,341.676,0.092
2026-01-12 16:00:00,VF-01,180.961,0.0,63.071,2.711,100.0,893.426,320.422,0.118
2026-01-12 20:00:00,VF-01,181.467,0.0,58.77,2.696,96.026,867.153,329.447,0.169
2026-01-13 00:00:00,VF-01,186.371,0.0,59.369,2.758,99.133,888.656,324.145,0.164
2026-01-13 04:00:00,VF-01,182.327,0.0,59.177,2.623,95.719,881.019,331.854,0.173
2026-01-13 08:00:00,VF-01,185.553,0.0,62.399,2.618,89.475,906.909,330.379,0.129
2026-01-13 12:00:00,VF-01,174.26,0.0,58.314,2.678,88.836,892.952,306.89,0.083
2026-01-13 16:00:00,VF-01,176.842,0.0,60.994,2.586,88.109,845.71,302.148,0.111
2026-01-13 20:00:00,VF-01,180.17,0.0,62.668,2.742,87.285,872.07,322.499,0.126
2026-01-14 00:00:00,VF-01,177.38,0.0,60.826,2.512,78.15,865.448,312.56,0.132
2026-01-14 04:00:00,VF-01,175.111,0.0,59.566,2.634,81.785,900.428,327.28,0.097
2026-01-14 08:00:00,VF-01,177.273,0.0,59.367,2.665,81.403,866.78,318.586,0.051
2026-01-14 12:00:00,VF-01,180.751,0.0,61.141,2.562,87.407,859.158,317.753,0.118
2026-01-14 16:00:00,VF-01,178.796,0.0,59.108,2.509,84.228,858.969,324.098,0.163
2026-01-14 20:00:00,VF-01,183.274,0.0,62.153,2.774,88.922,880.796,316.737,0.111
2026-01-15 00:00:00,VF-01,183.599,0.0,61.196,2.65,93.677,873.159,309.786,0.152
2026-01-15 04:00:00,VF-01,181.059,0.0,60.309,2.655,96.349,874.826,323.648,0.132
2026-01-15 08:00:00,VF-01,182.85,0.0,61.696,2.637,100.0,884.009,329.252,0.179
2026-01-15 12:00:00,VF-01,180.47,0.0,60.009,2.577,96.165,878.259,310.822,0.119
2026-01-15 16:00:00,VF-01,179.64,0.0,60.632,2.998,100.0,903.977,322.124,0.145
2026-01-15 20:00:00,VF-01,184.878,0.0,61.033,2.792,99.341,874.999,305.903,0.11
2026-01-16 00:00:00,VF-01,192.262,0.0,61.61,2.895,94.536,880.02,352.887,0.166
2026-01-16 04:00:00,VF-01,192.625,0.0,61.93,2.992,100.0,876.734,328.958,0.16
2026-01-16 08:00:00,VF-01,194.76,0.0,60.864,2.856,95.243,916.266,339.287,0.178
2026-01-16 12:00:00,VF-01,189.675,0.0,62.79,2.743,92.95,923.682,334.54,0.163
2026-01-16 16:00:00,VF-01,189.599,0.0,62.614,2.992,100.0,915.613,352.074,0.171
2026-01-16 20:00:00,VF-01,191.43,0.0,61.727,2.874,91.113,887.288,357.632,0.226
2026-01-17 00:00:00,VF-01,190.03,0.0,63.977,2.979,90.022,938.118,351.517,0.108
2026-01-17 04:00:00,VF-01,187.355,0.0,62.208,2.963,78.503,951.161,342.336,0.204
2026-01-17 08:00:00,VF-01,190.757,0.0,64.874,2.88,88.526,921.376,337.922,0.231
2026-01-17 12:00:00,VF-01,190.931,0.0,65.77,2.839,81.865,940.996,357.894,0.117
2026-01-17 16:00:00,VF-01,191.668,0.0,59.724,3.07,87.513,919.845,335.882,0.214
2026-01-17 20:00:00,VF-01,189.815,0.0,64.971,2.961,80.005,913.402,339.166,0.212
2026-01-18 00:00:00,VF-01,197.896,0.0,63.081,2.897,88.216,964.232,349.293,0.25
2026-01-18 04:00:00,VF-01,189.862,0.0,64.123,2.933,93.409,924.425,343.076,0.146
2026-01-18 08:00:00,VF-01,186.397,0.0,64.092,2.897,91.386,894.152,327.28,0.191
2026-01-18 12:00:00,VF-01,192.47,0.0,61.488,2.949,90.636,927.953,340.734,0.188
2026-01-18 16:00:00,VF-01,182.404,0.0,64.689,2.821,98.682,917.041,336.419,0.238
2026-01-18 20:00:00,VF-01,190.861,0.0,64.096,2.793,97.479,877.581,334.554,0.232
2026-01-19 00:00:00,VF-01,188.618,0.0,64.79,2.925,100.0,927.106,327.839,0.216
2026-01-19 04:00:00,VF-01,192.002,0.0,63.21,2.783,100.0,920.062,345.904,0.151
2026-01-19 08:00:00,VF-01,182.317,0.0,62.568,2.819,98.018,938.505,334.62,0.169
2026-01-19 12:00:00,VF-01,183.106,0.0,61.69,2.786,100.0,890.76,340.615,0.16
2026-01-19 16:00:00,VF-01,191.315,0.0,63.105,2.684,100.0,885.105,314.295,0.189
2026-01-19 20:00:00,VF-01,188.251,0.0,62.51,2.705,96.462,880.878,335.657,0.148
2026-01-20 00:00:00,VF-01,189.644,0.0,62.591,2.844,93.329,880.211,320.642,0.126
2026-01-20 04:00:00,VF-01,187.305,0.0,61.983,2.864,92.23,927.715,310.753,0.121
2026-01-20 08:00:00,VF-01,186.463,0.0,60.913,2.606,85.681,871.111,332.132,0.082
2026-01-20 12:00:00,VF-01,182.658,0.0,62.007,2.697,88.501,886.478,316.897,0.124
2026-01-20 16:00:00,VF-01,183.058,0.0,63.762,2.692,89.534,888.381,309.077,0.126
2026-01-20 20:00:00,VF-01,172.451,0.0,59.495,2.676,91.866,885.078,328.664,0.064
2026-01-21 00:00:00,VF-01,181.649,0.0,59.398,2.627,85.161,904.177,321.599,0.113
2026-01-21 04:00:00,VF-01,187.131,0.0,58.41,2.845,85.611,869.091,322.062,0.14
2026-01-21 08:00:00,VF-01,181.325,0.0,59.57,3.073,89.089,869.085,314.257,0.139
2026-01-21 12:00:00,VF-01,175.294,0.0,58.864,2.692,82.507,889.055,319.948,0.053
2026-01-21 16:00:00,VF-01,174.047,0.0,59.746,2.715,92.146,866.456,329.983,0.147
2026-01-21 20:00:00,VF-01,180.782,0.0,63.186,2.702,90.437,859.83,318.421,0.093
2026-01-22 00:00:00,VF-01,172.413,0.0,58.996,2.595,92.273,867.761,317.38,0.149
2026-01-22 04:00:00,VF-01,180.458,0.0,58.483,2.489,93.731,874.059,322.624,0.095
2026-01-22 08:00:00,VF-01,179.482,0.0,59.435,2.768,98.462,895.006,330.879,0.042
2026-01-22 12:00:00,VF-01,177.499,0.0,61.264,2.508,99.708,892.055,313.416,0.034
2026-01-22 16:00:00,VF-01,185.257,0.0,62.073,2.994,100.0,888.918,325.933,0.085
2026-01-22 20:00:00,VF-01,185.093,0.0,60.349,2.744,100.0,904.729,332.845,0.136
2026-01-23 00:00:00,VF-01,176.975,0.0,60.391,3.015,100.0,882.232,324.767,0.12
2026-01-23 04:00:00,VF-01,177.405,0.0,60.24,2.838,99.218,902.506,337.114,0.098
2026-01-23 08:00:00,VF-01,186.495,0.0,62.701,2.896,97.768,917.69,332.69,0.17
2026-01-23 12:00:00,VF-01,180.872,0.0,64.311,2.861,90.368,917.304,345.349,0.139
2026-01-23 16:00:00,VF-01,181.825,0.0,61.391,2.762,98.387,916.415,328.167,0.093
2026-01-23 20:00:00,VF-01,189.386,0.0,64.579,2.77,93.836,929.566,335.568,0.17
2026-01-24 00:00:00,VF-01,181.603,0.0,60.909,2.772,89.861,892.769,334.19,0.23
2026-01-24 04:00:00,VF-01,187.438,0.0,61.963,2.896,88.185,887.444,338.371,0.201
2026-01-24 08:00:00,VF-01,192.749,0.0,61.839,2.796,89.435,886.949,333.076,0.215
2026-01-24 12:00:00,VF-01,191.399,0.0,64.476,3.094,81.245,872.028,335.697,0.174
2026-01-24 16:00:00,VF-01,192.937,0.0,63.514,2.885,81.988,916.526,330.42,0.22
2026-01-24 20:00:00,VF-01,192.479,0.0,61.446,3.062,84.626,926.982,346.343,0.193
2026-01-25 00:00:00,VF-01,188.759,0.0,64.231,2.952,92.413,898.607,343.295,0.243
2026-01-25 04:00:00,VF-01,196.342,0.0,63.274,2.858,89.866,954.517,328.232,0.174
2026-01-25 08:00:00,VF-01,188.235,0.0,62.763,2.927,95.257,939.294,325.025,0.163
2026-01-25 12:00:00,VF-01,190.082,0.0,63.976,3.08,94.74,917.225,344.247,0.239
2026-01-25 16:00:00,VF-01,190.241,0.0,63.708,2.966,93.744,922.901,336.917,0.225
2026-01-25 20:00:00,VF-01,194.478,0.0,61.901,2.828,100.0,928.82,319.656,0.199
2026-01-26 00:00:00,VF-01,191.438,0.0,63.077,2.847,96.952,961.022,347.909,0.196
2026-01-26 04:00:00,VF-01,186.874,0.0,63.392,3.139,100.0,933.683,344.383,0.224
2026-01-26 08:00:00,VF-01,191.075,0.0,64.332,2.941,99.56,880.981,330.76,0.152
2026-01-26 12:00:00,VF-01,186.338,0.0,65.026,2.884,100.0,922.295,335.832,0.176
2026-01-26 16:00:00,VF-01,192.274,0.0,64.539,2.94,100.0,923.249,340.946,0.148
2026-01-26 20:00:00,VF-01,190.981,0.0,62.353,2.819,99.537,920.589,327.218,0.181
2026-01-27 00:00:00,VF-01,191.627,0.0,61.169,2.891,99.998,911.39,353.688,0.199
2026-01-27 04:00:00,VF-01,188.246,0.0,62.945,2.933,94.03,900.322,335.334,0.197
2026-01-27 08:00:00,VF-01,182.901,0.0,61.806,2.687,92.942,899.105,319.733,0.14
2026-01-27 12:00:00,VF-01,188.218,0.0,61.627,2.767,84.489,886.057,318.314,0.103
2026-01-27 16:00:00,VF-01,182.328,0.0,60.94,2.74,90.117,901.849,320.862,0.113
2026-01-27 20:00:00,VF-01,181.052,0.0,59.391,2.6,87.478,907.833,320.246,0.112
2026-01-28 00:00:00,VF-01,180.336,0.0,60.11,2.73,82.31,932.495,333.089,0.14
2026-01-28 04:00:00,VF-01,184.072,0.0,63.089,2.772,84.935,881.063,317.93,0.154
2026-01-28 08:00:00,VF-01,173.129,0.0,59.006,2.64,79.312,900.833,320.011,0.143
2026-01-28 12:00:00,VF-01,177.637,0.0,59.421,2.752,81.092,896.851,309.572,0.139
2026-01-28 16:00:00,VF-01,177.744,0.0,60.327,2.674,79.046,873.968,326.901,0.047
2026-01-28 20:00:00,VF-01,181.696,0.0,58.519,2.587,95.679,863.899,300.582,0.157
2026-01-29 00:00:00,VF-01,180.897,0.0,60.382,2.807,92.541,891.875,311.92,0.093
2026-01-29 04:00:00,VF-01,182.515,0.0,60.551,2.611,98.381,887.893,318.169,0.055
2026-01-29 08:00:00,VF-01,184.378,0.0,60.548,2.791,98.654,852.863,304.675,0.088
2026-01-29 12:00:00,VF-01,181.43,0.0,59.526,2.739,100.0,913.979,313.908,0.028
2026-01-29 16:00:00,VF-01,182.175,0.0,60.224,2.523,100.0,876.235,319.926,0.093
2026-01-29 20:00:00,VF-01,182.827,0.0,62.564,2.619,100.0,894.808,315.922,0.031
2026-01-30 00:00:00,VF-01,177.595,0.0,59.227,2.754,98.297,873.979,334.646,0.158
2026-01-30 04:00:00,VF-01,187.817,0.0,61.704,2.684,97.936,868.791,326.264,0.091
2026-01-30 08:00:00,VF-01,181.328,0.0,59.028,2.766,92.325,922.794,326.383,0.133
2026-01-30 12:00:00,VF-01,180.524,0.0,60.294,2.684,95.281,879.853,339.333,0.151
2026-01-30 16:00:00,VF-01,186.2,0.0,60.89,2.752,95.049,912.288,321.511,0.158
2026-01-30 20:00:00,VF-01,179.11,0.0,62.914,2.616,89.676,916.566,329.571,0.101
2026-01-31 00:00:00,VF-01,181.39,0.0,61.082,2.568,91.153,906.654,323.372,0.159
2026-01-31 04:00:00,VF-01,182.479,0.0,59.708,2.657,90.89,908.89,312.884,0.201
2026-01-31 08:00:00,VF-01,187.485,0.0,62.346,2.987,92.413,887.398,343.066,0.116
2026-01-31 12:00:00,VF-01,195.176,0.0,62.767,2.741,79.407,908.998,323.811,0.158
2026-01-31 16:00:00,VF-01,182.541,0.0,63.696,2.886,80.267,899.785,340.156,0.182
2026-01-31 20:00:00,VF-01,191.884,0.0,62.546,2.685,83.814,897.002,341.534,0.164
2026-02-01 00:00:00,VF-01,187.105,0.0,62.845,3.104,83.985,897.696,342.28,0.204
2026-02-01 04:00:00,VF-01,190.267,0.0,62.432,2.893,85.923,917.658,349.463,0.185
2026-02-01 08:00:00,VF-01,188.513,0.0,61.952,3.022,100.0,920.315,333.442,0.129
2026-02-01 12:00:00,VF-01,191.181,0.0,66.673,3.122,96.581,886.747,350.045,0.177
2026-02-01 16:00:00,VF-01,187.838,0.0,63.365,2.929,96.137,912.137,329.241,0.192
2026-02-01 20:00:00,VF-01,186.334,0.0,62.991,2.992,94.032,904.808,360.293,0.242
2026-02-02 00:00:00,VF-01,188.728,0.0,62.798,2.999,91.218,910.183,344.318,0.178
2026-02-02 04:00:00,VF-01,195.707,0.0,61.863,2.83,97.767,904.118,333.143,0.194
2026-02-02 08:00:00,VF-01,187.514,0.0,62.583,2.705,97.526,907.195,340.565,0.191
2026-02-02 12:00:00,VF-01,190.759,0.0,62.642,3.104,99.252,932.99,332.479,0.165
2026-02-02 16:00:00,VF-01,185.479,0.0,64.173,2.847,100.0,948.537,332.973,0.138
2026-02-02 20:00:00,VF-01,187.884,0.0,63.1,2.651,99.923,919.744,324.651,0.208
2026-02-03 00:00:00,VF-01,192.058,0.0,64.263,2.711,95.008,886.903,329.383,0.212
2026-02-03 04:00:00,VF-01,189.765,0.0,61.393,2.793,94.207,931.078,336.824,0.164
2026-02-03 08:00:00,VF-01,179.829,0.0,64.244,2.805,94.738,940.406,321.085,0.146
2026-02-03 12:00:00,VF-01,185.515,0.0,61.273,2.79,88.428,892.275,351.142,0.163
2026-02-03 16:00:00,VF-01,182.114,0.0,60.072,2.82,90.522,882.26,346.73,0.169
2026-02-03 20:00:00,VF-01,183.576,0.0,62.082,2.846,85.098,900.378,322.064,0.125
2026-02-04 00:00:00,VF-01,190.498,0.0,63.177,2.36,85.809,872.831,318.224,0.116
2026-02-04 04:00:00,VF-01,178.497,0.0,59.678,2.613,85.049,899.892,313.035,0.15
2026-02-04 08:00:00,VF-01,178.257,0.0,61.97,2.575,82.681,902.581,323.851,0.193
2026-02-04 12:00:00,VF-01,174.226,0.0,59.634,2.565,81.126,889.566,318.918,0.06
2026-02-04 16:00:00,VF-01,177.8,0.0,60.168,2.757,83.873,894.781,300.63,0.16
2026-02-04 20:00:00,VF-01,183.427,0.0,61.677,2.448,87.955,869.277,328.31,0.104
2026-02-05 00:00:00,VF-01,181.959,0.0,60.537,2.637,97.955,871.909,321.868,0.147
2026-02-05 04:00:00,VF-01,185.256,0.0,60.158,2.703,95.56,864.337,305.154,0.117
2026-02-05 08:00:00,VF-01,183.705,0.0,60.101,2.432,90.019,860.488,319.28,0.116
2026-02-05 12:00:00,VF-01,179.015,0.0,62.428,2.634,100.0,863.364,336.639,0.083
2026-02-05 16:00:00,VF-01,176.538,0.0,60.416,2.568,96.181,898.087,303.958,0.047
2026-02-05 20:00:00,VF-01,188.22,0.0,59.946,2.681,99.974,891.268,321.039,0.052
2026-02-06 00:00:00,VF-01,187.673,0.0,60.626,2.583,97.02,841.855,316.235,0.098
2026-02-06 04:00:00,VF-01,181.799,0.0,59.723,2.548,92.122,858.819,328.458,0.129
2026-02-06 08:00:00,VF-01,176.505,0.0,61.341,2.669,88.047,877.627,329.155,0.109
2026-02-06 12:00:00,VF-01,177.911,0.0,62.928,2.741,89.573,857.667,318.6,0.125
2026-02-06 16:00:00,VF-01,182.356,0.0,62.201,2.765,94.638,900.089,318.579,0.051
2026-02-06 20:00:00,VF-01,186.204,0.0,60.949,3.067,90.941,881.48,326.234,0.125
2026-02-07 00:00:00,VF-01,181.439,0.0,62.745,2.618,95.026,879.5,346.672,0.146
2026-02-07 04:00:00,VF-01,181.378,0.0,62.515,2.682,90.991,916.445,321.655,0.211
2026-02-07 08:00:00,VF-01,178.691,0.0,63.042,2.837,90.615,872.376,327.64,0.151
2026-02-07 12:00:00,VF-01,183.101,0.0,62.35,2.84,85.825,886.553,337.441,0.123
2026-02-07 16:00:00,VF-01,183.962,0.0,62.341,2.993,87.547,897.625,331.417,0.167
2026-02-07 20:00:00,VF-01,185.394,0.0,64.185,2.803,95.145,919.746,346.996,0.197
2026-02-08 00:00:00,VF-01,186.542,0.0,63.093,2.715,86.038,905.548,334.476,0.147
2026-02-08 04:00:00,VF-01,193.659,0.0,64.151,2.932,93.126,926.3,338.205,0.22
2026-02-08 08:00:00,VF-01,188.238,0.0,63.247,3.063,100.0,931.108,333.887,0.192
2026-02-08 12:00:00,VF-01,185.598,0.0,63.811,2.984,92.211,917.399,343.416,0.14
2026-02-08 16:00:00,VF-01,186.644,0.0,64.796,2.945,94.772,882.019,349.187,0.255
2026-02-08 20:00:00,VF-01,185.881,0.0,62.433,3.011,100.0,897.685,332.401,0.172
2026-02-09 00:00:00,VF-01,189.245,0.0,62.541,2.871,100.0,904.885,339.23,0.223
2026-02-09 04:00:00,VF-01,193.804,0.0,63.087,3.048,100.0,912.737,341.522,0.164
2026-02-09 08:00:00,VF-01,194.373,0.0,63.025,2.767,95.95,953.437,336.701,0.187
2026-02-09 12:00:00,VF-01,188.847,0.0,62.11,2.858,100.0,902.116,344.378,0.119
2026-02-09 16:00:00,VF-01,193.971,0.0,64.072,2.805,95.896,932.142,331.384,0.197
2026-02-09 20:00:00,VF-01,183.743,0.0,60.082,2.831,100.0,918.886,332.931,0.178
2026-02-10 00:00:00,VF-01,186.237,0.0,62.015,2.879,95.558,921.519,336.959,0.147
2026-02-10 04:00:00,VF-01,191.799,0.0,63.753,2.978,97.858,948.983,328.495,0.169
2026-02-10 08:00:00,VF-01,192.888,0.0,63.43,3.014,98.524,919.141,350.444,0.142
2026-02-10 12:00:00,VF-01,190.918,0.0,63.004,2.829,84.384,931.222,335.944,0.208
2026-02-10 16:00:00,VF-01,191.504,0.0,63.04,2.794,90.674,929.404,323.465,0.156
2026-02-10 20:00:00,VF-01,179.325,0.0,63.557,2.834,81.134,906.61,341.937,0.171
2026-02-11 00:00:00,VF-01,185.433,0.0,62.034,2.758,86.923,882.221,334.02,0.192
2026-02-11 04:00:00,VF-01,182.968,0.0,61.448,2.815,80.569,900.941,327.876,0.224
2026-02-11 08:00:00,VF-01,183.808,0.0,62.825,2.876,76.828,893.486,313.332,0.182
2026-02-11 12:00:00,VF-01,179.701,0.0,60.652,3.005,79.666,887.006,318.747,0.099
2026-02-11 16:00:00,VF-01,189.111,0.0,61.716,2.812,88.994,891.251,327.885,0.157
2026-02-11 20:00:00,VF-01,188.518,0.0,63.609,2.726,80.453,900.656,321.384,0.142
2026-02-12 00:00:00,VF-01,181.003,0.0,61.19,2.892,87.367,919.855,340.23,0.151
2026-02-12 04:00:00,VF-01,175.678,0.0,61.563,2.558,94.021,855.409,341.461,0.124
2026-02-12 08:00:00,VF-01,179.762,0.0,62.866,2.614,100.0,870.017,298.064,0.078
2026-02-12 12:00:00,VF-01,176.213,0.0,60.641,2.574,95.991,905.224,325.933,0.133
2026-02-12 16:00:00,VF-01,170.74,0.0,60.317,2.606,99.705,866.448,312.432,0.06
2026-02-12 20:00:00,VF-01,179.71,0.0,59.843,2.556,100.0,905.417,299.694,0.121
2026-02-13 00:00:00,VF-01,185.764,0.0,61.235,2.823,96.633,878.793,322.84,0.134
2026-02-13 04:00:00,VF-01,183.472,0.0,60.844,2.655,91.411,885.42,318.522,0.097
2026-02-13 08:00:00,VF-01,181.076,0.0,59.503,2.766,98.064,885.225,318.658,0.074
2026-02-13 12:00:00,VF-01,179.303,0.0,61.081,2.701,95.926,913.631,324.128,0.082
2026-02-13 16:00:00,VF-01,175.573,0.0,59.697,2.882,100.0,878.58,317.166,0.102
2026-02-13 20:00:00,VF-01,177.119,0.0,59.06,2.716,100.0,874.534,311.52,0.148
2026-02-14 00:00:00,VF-01,184.007,0.0,59.557,2.559,90.947,883.467,302.223,0.082
2026-02-14 04:00:00,VF-01,184.072,0.0,63.503,2.635,92.303,873.96,329.487,0.033
2026-02-14 08:00:00,VF-01,184.547,0.0,62.524,2.756,84.52,870.613,316.349,0.109
2026-02-14 12:00:00,VF-01,183.118,0.0,60.566,2.622,86.871,893.175,320.227,0.132
2026-02-14 16:00:00,VF-01,187.34,0.0,60.743,2.608,79.003,887.501,302.997,0.155
2026-02-14 20:00:00,VF-01,183.464,0.0,63.239,2.802,90.877,895.823,313.251,0.186
2026-02-15 00:00:00,VF-01,184.414,0.0,60.733,2.891,82.739,905.142,323.216,0.135
2026-02-15 04:00:00,VF-01,177.71,0.0,63.152,2.809,87.342,912.092,331.387,0.109
2026-02-15 08:00:00,VF-01,188.901,0.0,63.124,2.873,92.306,939.229,339.224,0.138
2026-02-15 12:00:00,VF-01,186.812,0.0,64.293,2.688,91.827,908.989,339.052,0.145
2026-02-15 16:00:00,VF-01,190.484,0.0,62.754,2.784,97.149,914.361,342.299,0.232
2026-02-15 20:00:00,VF-01,183.629,0.0,63.605,3.014,100.0,944.22,336.47,0.216
2026-02-16 00:00:00,VF-01,192.662,0.0,60.164,2.93,100.0,909.71,331.875,0.213
2026-02-16 04:00:00,VF-01,196.429,0.0,62.424,2.774,100.0,911.976,336.108,0.116
2026-02-16 08:00:00,VF-01,195.702,0.0,63.934,2.901,96.016,905.451,343.117,0.266
2026-02-16 12:00:00,VF-01,189.07,0.0,62.5,3.013,100.0,932.441,334.36,0.183
2026-02-16 16:00:00,VF-01,189.473,0.0,64.256,3.1,100.0,918.197,333.025,0.203
2026-02-16 20:00:00,VF-01,186.482,0.0,65.089,2.837,100.0,909.444,353.698,0.158
2026-02-17 00:00:00,VF-01,189.06,0.0,62.843,2.969,90.172,928.19,345.758,0.207
2026-02-17 04:00:00,VF-01,189.442,0.0,63.681,2.917,96.604,906.361,319.864,0.213
2026-02-17 08:00:00,VF-01,184.659,0.0,63.548,2.816,95.515,913.429,351.735,0.201
2026-02-17 12:00:00,VF-01,188.166,0.0,64.516,2.923,87.612,921.201,355.728,0.192
2026-02-17 16:00:00,VF-01,178.312,0.0,63.168,2.942,89.842,920.255,329.613,0.233
2026-02-17 20:00:00,VF-01,195.233,0.0,62.1,2.81,82.796,922.173,346.348,0.254
2026-02-18 00:00:00,VF-01,189.067,0.0,62.288,2.909,85.378,896.863,340.602,0.13
2026-02-18 04:00:00,VF-01,184.814,0.0,62.695,2.605,78.321,898.271,332.511,0.192
2026-02-18 08:00:00,VF-01,195.814,0.0,62.762,2.617,86.14,915.07,313.587,0.167
2026-02-18 12:00:00,VF-01,184.546,0.0,63.914,2.925,90.399,887.126,333.334,0.197
2026-02-18 16:00:00,VF-01,180.515,0.0,63.861,2.627,83.996,911.534,319.953,0.169
2026-02-18 20:00:00,VF-01,187.26,0.0,62.716,2.755,88.204,936.323,339.292,0.174
2026-02-19 00:00:00,VF-01,185.896,0.0,60.058,2.841,97.862,914.357,311.277,0.136
2026-02-19 04:00:00,VF-01,180.788,0.0,61.702,2.689,96.391,890.15,311.024,0.104
2026-02-19 08:00:00,VF-01,184.941,0.0,59.605,2.87,96.753,947.234,314.691,0.153
2026-02-19 12:00:00,VF-01,181.885,0.0,59.963,2.566,97.026,874.873,314.995,0.116
2026-02-19 16:00:00,VF-01,182.568,0.0,57.488,2.681,100.0,919.401,304.347,0.119
2026-02-19 20:00:00,VF-01,179.642,0.0,63.065,2.866,98.357,898.172,321.642,0.056
2026-02-20 00:00:00,VF-01,184.294,0.0,60.577,2.636,95.696,863.221,325.769,0.07
2026-02-20 04:00:00,VF-01,171.383,0.0,62.627,2.533,100.0,884.601,308.447,0.073
2026-02-20 08:00:00,VF-01,183.183,0.0,62.319,2.498,95.635,868.461,315.749,0.098
2026-02-20 12:00:00,VF-01,178.013,0.0,60.695,2.503,95.803,898.68,321.334,0.127
2026-02-20 16:00:00,VF-01,182.596,0.0,59.0,2.53,99.683,895.086,319.969,0.054
2026-02-20 20:00:00,VF-01,187.139,0.0,60.831,2.716,91.595,858.737,307.692,0.056
2026-02-21 00:00:00,VF-01,174.372,0.0,60.364,2.586,95.157,848.923,314.874,0.144
2026-02-21 04:00:00,VF-01,179.486,0.0,62.309,2.698,84.719,903.121,335.062,0.137
2026-02-21 08:00:00,VF-01,182.006,0.0,61.36,2.634,83.458,872.347,331.345,0.144
2026-02-21 12:00:00,VF-01,175.206,0.0,62.383,2.632,87.586,913.328,311.908,0.052
2026-02-21 16:00:00,VF-01,180.175,0.0,61.837,2.574,83.577,874.404,318.103,0.135
2026-02-21 20:00:00,VF-01,176.383,0.0,62.682,2.685,89.399,888.582,309.379,0.076
2026-02-22 00:00:00,VF-01,190.566,0.0,62.669,2.983,86.156,899.148,317.458,0.098
2026-02-22 04:00:00,VF-01,184.276,0.0,60.16,2.618,88.113,900.729,320.786,0.151
2026-02-22 08:00:00,VF-01,180.931,0.0,60.92,2.7,97.303,898.803,335.093,0.198
2026-02-22 12:00:00,VF-01,197.625,0.0,63.804,2.913,86.877,880.086,335.816,0.075
2026-02-22 16:00:00,VF-01,190.438,0.0,61.845,2.84,87.187,937.296,328.557,0.18
2026-02-22 20:00:00,VF-01,185.012,0.0,62.86,2.941,100.0,911.904,326.526,0.147
2026-02-23 00:00:00,VF-01,190.599,0.0,60.84,3.007,96.295,903.188,335.353,0.226
2026-02-23 04:00:00,VF-01,182.963,0.0,62.225,2.881,100.0,920.541,351.387,0.131
2026-02-23 08:00:00,VF-01,190.056,0.0,62.342,2.965,98.447,907.583,338.899,0.174
2026-02-23 12:00:00,VF-01,191.921,0.0,64.26,2.865,95.972,893.305,340.972,0.23
2026-02-23 16:00:00,VF-01,188.344,0.0,62.817,3.19,99.699,921.407,343.117,0.255
2026-02-23 20:00:00,VF-01,190.519,0.0,63.917,3.042,100.0,900.513,337.521,0.224
2026-02-24 00:00:00,VF-01,191.476,0.0,64.753,3.198,100.0,926.425,342.45,0.272
2026-02-24 04:00:00,VF-01,191.186,0.0,62.966,3.024,100.0,959.013,342.242,0.196
2026-02-24 08:00:00,VF-01,188.316,0.0,63.907,3.003,93.871,897.609,339.946,0.24
2026-02-24 12:00:00,VF-01,196.18,0.0,63.693,2.859,99.302,938.419,352.523,0.254
2026-02-24 16:00:00,VF-01,185.939,0.0,63.253,2.905,90.271,919.696,356.064,0.196
2026-02-24 20:00:00,VF-01,193.127,0.0,65.175,3.099,91.119,946.03,335.622,0.217
2026-02-25 00:00:00,VF-01,189.83,0.0,60.6,3.008,91.248,884.455,343.285,0.207
2026-02-25 04:00:00,VF-01,189.909,0.0,63.445,2.807,84.665,933.163,338.011,0.25
2026-02-25 08:00:00,VF-01,187.912,0.0,63.953,2.901,88.655,911.957,341.235,0.227
2026-02-25 12:00:00,VF-01,191.784,0.0,63.093,3.111,86.791,887.212,341.841,0.2
2026-02-25 16:00:00,VF-01,193.17,0.0,61.466,2.828,82.606,905.819,343.628,0.14
2026-02-25 20:00:00,VF-01,183.709,0.0,60.373,2.886,97.038,908.851,328.559,0.115
2026-02-26 00:00:00,VF-01,180.69,0.0,61.59,2.751,93.771,903.618,351.094,0.099
2026-02-26 04:00:00,VF-01,185.635,0.0,61.85,2.745,94.702,892.771,318.669,0.097
2026-02-26 08:00:00,VF-01,183.438,0.0,61.368,2.764,95.198,883.777,343.46,0.119
2026-02-26 12:00:00,VF-01,182.311,0.0,60.714,2.673,98.56,886.386,320.391,0.154
2026-02-26 16:00:00,VF-01,191.306,0.0,60.282,2.788,100.0,905.581,325.006,0.118
2026-02-26 20:00:00,VF-01,179.222,0.0,61.033,2.56,100.0,905.645,337.55,0.12
2026-02-27 00:00:00,VF-01,182.455,0.0,60.562,2.598,100.0,918.64,331.251,0.095
2026-02-27 04:00:00,VF-01,184.388,0.0,60.365,2.828,94.166,866.746,312.682,0.095
2026-02-27 08:00:00,VF-01,183.917,0.0,62.845,2.499,96.675,866.379,324.314,0.04
2026-02-27 12:00:00,VF-01,181.284,0.0,60.765,2.672,96.598,886.316,324.658,0.103
2026-02-27 16:00:00,VF-01,181.797,0.0,60.172,2.664,91.813,871.74,328.723,0.114
2026-02-27 20:00:00,VF-01,180.701,0.0,60.2,2.721,88.341,888.822,325.307,0.14
2026-02-28 00:00:00,VF-01,181.563,0.0,58.636,2.629,85.841,894.974,312.241,0.094
2026-02-28 04:00:00,VF-01,178.283,0.0,61.668,2.594,78.47,875.628,322.828,0.053
2026-02-28 08:00:00,VF-01,177.168,0.0,58.551,2.681,86.63,857.852,318.919,0.042
2026-02-28 12:00:00,VF-01,178.561,0.0,62.199,2.612,79.781,905.755,332.901,0.128
2026-02-28 16:00:00,VF-01,178.451,0.0,61.895,2.504,88.516,898.319,313.64,0.061
2026-02-28 20:00:00,VF-01,184.169,0.0,60.4,2.729,83.332,905.873,325.128,0.084
2026-03-01 00:00:00,VF-01,176.883,0.0,59.997,2.579,86.194,878.034,319.298,0.041
2026-03-01 04:00:00,VF-01,181.888,0.0,62.324,2.513,85.593,900.826,325.147,0.12
2026-03-01 08:00:00,VF-01,187.299,0.0,61.484,2.621,88.475,886.463,316.45,0.13
2026-03-01 12:00:00,VF-01,182.886,0.0,62.608,2.678,88.855,878.171,308.691,0.095
2026-03-01 16:00:00,VF-01,181.957,0.0,63.449,2.62,97.278,924.938,336.616,0.166
2026-03-01 20:00:00,VF-01,179.333,0.0,62.203,2.88,93.974,898.5,327.466,0.132
2026-03-02 00:00:00,VF-01,179.841,0.0,61.915,2.73,94.938,895.921,318.194,0.104
2026-03-02 04:00:00,VF-01,181.063,0.0,61.99,2.839,100.0,908.189,327.7,0.173
2026-03-02 08:00:00,VF-01,185.924,0.0,62.969,2.822,100.0,903.427,316.996,0.13
2026-03-02 12:00:00,VF-01,191.641,0.0,62.537,2.882,100.0,881.823,331.687,0.186
2026-03-02 16:00:00,VF-01,190.268,0.0,63.683,2.698,99.929,890.463,334.787,0.194
2026-03-02 20:00:00,VF-01,189.023,0.0,62.465,3.026,96.816,876.218,343.637,0.138
2026-03-03 00:00:00,VF-01,183.543,0.0,66.339,2.764,98.63,914.925,352.663,0.147
2026-03-03 04:00:00,VF-01,187.713,0.0,64.559,2.98,98.653,940.278,343.288,0.203
2026-03-03 08:00:00,VF-01,189.595,0.0,64.686,2.986,97.761,928.802,332.586,0.176
2026-03-03 12:00:00,VF-01,193.863,0.0,65.506,2.729,90.454,894.196,347.327,0.253
2026-03-03 16:00:00,VF-01,182.485,0.0,63.558,3.029,91.132,940.336,355.693,0.177
2026-03-03 20:00:00,VF-01,190.98,0.0,62.271,3.085,88.876,922.485,347.248,0.165
2026-03-04 00:00:00,VF-01,186.948,0.0,63.755,3.055,89.86,907.371,362.448,0.221
2026-03-04 04:00:00,VF-01,190.38,0.0,63.539,2.834,93.257,890.485,336.463,0.157
2026-03-04 08:00:00,VF-01,190.393,0.0,65.041,2.887,86.669,930.426,338.222,0.187
2026-03-04 12:00:00,VF-01,189.378,0.0,63.671,2.903,80.06,918.764,349.726,0.177
2026-03-04 16:00:00,VF-01,194.761,0.0,63.382,2.774,92.813,892.002,319.288,0.176
2026-03-04 20:00:00,VF-01,190.623,0.0,62.371,2.793,96.08,885.712,350.82,0.202
2026-03-05 00:00:00,VF-01,189.101,0.0,62.241,2.907,89.879,908.262,337.364,0.19
2026-03-05 04:00:00,VF-01,188.31,0.0,63.401,2.851,92.295,874.477,332.885,0.117
2026-03-05 08:00:00,VF-01,181.403,0.0,63.929,2.887,100.0,899.437,333.564,0.195
2026-03-05 12:00:00,VF-01,186.634,0.0,60.015,2.848,91.151,932.719,339.157,0.12
2026-03-05 16:00:00,VF-01,188.181,0.0,63.498,2.843,96.967,891.158,336.347,0.124
2026-03-05 20:00:00,VF-01,186.872,0.0,60.817,2.756,98.705,914.904,326.498,0.187
2026-03-06 00:00:00,VF-01,184.118,0.0,63.015,2.983,100.0,873.352,325.346,0.092
2026-03-06 04:00:00,VF-01,179.26,0.0,62.13,2.677,100.0,924.719,335.912,0.147
2026-03-06 08:00:00,VF-01,183.554,0.0,62.623,2.8,98.78,888.663,316.917,0.176
2026-03-06 12:00:00,VF-01,189.124,0.0,59.772,2.615,98.923,910.854,319.79,0.132
2026-03-06 16:00:00,VF-01,182.021,0.0,59.668,2.717,93.113,892.395,317.932,0.139
2026-03-06 20:00:00,VF-01,177.732,0.0,62.261,2.739,96.434,877.523,329.8,0.128
2026-03-07 00:00:00,VF-01,172.888,0.0,59.779,2.683,86.303,869.36,320.866,0.107
2026-03-07 04:00:00,VF-01,174.874,0.0,61.49,2.74,85.069,889.572,299.236,0.121
2026-03-07 08:00:00,VF-01,176.147,0.0,59.762,2.809,84.483,896.233,308.215,0.099
2026-03-07 12:00:00,VF-01,179.427,0.0,60.553,2.661,81.722,911.488,321.231,0.078
2026-03-07 16:00:00,VF-01,185.954,0.0,57.439,2.541,83.273,880.356,305.999,0.081
2026-03-07 20:00:00,VF-01,181.017,0.0,59.948,2.568,91.621,852.432,296.317,0.109
2026-03-08 00:00:00,VF-01,182.172,0.0,60.367,2.625,87.094,872.103,316.428,0.068
2026-03-08 04:00:00,VF-01,173.833,0.0,58.958,2.689,93.412,858.614,315.616,0.057
2026-03-08 08:00:00,VF-01,175.376,0.0,61.239,2.679,88.585,889.085,329.361,0.121
2026-03-08 12:00:00,VF-01,179.894,0.0,60.93,2.668,94.543,883.169,327.936,0.138
2026-03-08 16:00:00,VF-01,180.202,0.0,59.387,2.577,99.596,876.722,304.684,0.171
2026-03-08 20:00:00,VF-01,184.243,0.0,62.049,2.825,96.877,911.804,328.398,0.154
2026-03-09 00:00:00,VF-01,185.249,0.0,61.106,2.725,100.0,915.334,330.147,0.114
2026-03-09 04:00:00,VF-01,181.076,0.0,62.487,2.681,100.0,914.763,323.48,0.132
2026-03-09 08:00:00,VF-01,187.692,0.0,61.703,2.707,100.0,897.118,337.299,0.108
2026-03-09 12:00:00,VF-01,184.193,0.0,61.689,2.855,99.257,896.049,319.417,0.159
2026-03-09 16:00:00,VF-01,185.269,0.0,62.455,3.027,96.793,912.652,341.781,0.19
2026-03-09 20:00:00,VF-01,192.259,0.0,62.855,2.739,100.0,895.157,343.231,0.22
2026-03-10 00:00:00,VF-01,182.527,0.0,63.516,2.826,96.131,874.104,328.103,0.134
2026-03-10 04:00:00,VF-01,185.444,0.0,61.283,2.844,95.741,920.763,334.929,0.167
2026-03-10 08:00:00,VF-01,185.327,0.0,62.133,2.999,90.601,916.121,325.211,0.183
2026-03-10 12:00:00,VF-01,190.654,0.0,60.938,2.798,92.604,923.747,329.832,0.132
2026-03-10 16:00:00,VF-01,190.107,0.0,61.943,2.839,90.537,897.712,347.06,0.199
2026-03-10 20:00:00,VF-01,185.279,0.0,61.164,3.188,88.247,937.338,336.46,0.145
2026-03-11 00:00:00,VF-01,184.673,0.0,64.187,3.144,83.989,916.03,345.433,0.199
2026-03-11 04:00:00,VF-01,189.015,0.0,63.753,3.188,91.504,921.932,349.334,0.147
2026-03-11 08:00:00,VF-01,192.919,0.0,63.152,2.786,89.345,918.328,340.368,0.286
2026-03-11 12:00:00,VF-01,185.959,0.0,64.89,2.976,87.146,891.775,342.983,0.145
2026-03-11 16:00:00,VF-01,192.617,0.0,62.532,2.792,97.518,898.822,335.996,0.186
2026-03-11 20:00:00,VF-01,192.762,0.0,64.368,2.879,93.096,919.546,346.693,0.181
2026-03-12 00:00:00,VF-01,186.651,0.0,63.564,3.015,96.66,928.784,338.456,0.189
2026-03-12 04:00:00,VF-01,184.223,0.0,63.174,3.003,100.0,924.727,336.421,0.166
2026-03-12 08:00:00,VF-01,192.9,0.0,64.449,2.79,100.0,906.252,329.46,0.1
2026-03-12 12:00:00,VF-01,187.735,0.0,63.383,2.889,100.0,918.62,333.765,0.212
2026-03-12 16:00:00,VF-01,189.152,0.0,63.242,2.806,97.503,905.608,339.095,0.165
2026-03-12 20:00:00,VF-01,188.7,0.0,61.385,2.883,94.665,926.198,320.834,0.171
2026-03-13 00:00:00,VF-01,189.406,0.0,65.272,2.776,95.781,905.622,329.305,0.096
2026-03-13 04:00:00,VF-01,188.959,0.0,63.585,2.916,100.0,881.016,332.88,0.164
2026-03-13 08:00:00,VF-01,186.751,0.0,61.864,2.547,99.289,864.772,343.611,0.19
2026-03-13 12:00:00,VF-01,186.646,0.0,60.774,2.455,98.429,907.734,335.207,0.146
2026-03-13 16:00:00,VF-01,183.174,0.0,61.449,2.823,94.483,901.491,330.411,0.109
2026-03-13 20:00:00,VF-01,182.625,0.0,60.079,2.902,95.592,913.349,330.877,0.169
2026-03-14 00:00:00,VF-01,181.597,0.0,61.032,2.812,86.304,859.338,302.249,0.086
2026-03-14 04:00:00,VF-01,177.487,0.0,60.033,2.779,89.641,904.914,297.027,0.116
2026-03-14 08:00:00,VF-01,173.238,0.0,61.223,2.406,86.891,885.581,324.149,0.124
2026-03-14 12:00:00,VF-01,182.83,0.0,59.989,2.667,83.862,858.051,315.125,0.093
2026-03-14 16:00:00,VF-01,176.703,0.0,61.405,2.494,88.117,912.28,311.9,0.131
2026-03-14 20:00:00,VF-01,175.142,0.0,59.906,2.608,82.046,862.172,324.994,0.095
2026-03-15 00:00:00,VF-01,180.092,0.0,60.416,2.633,84.129,910.925,316.748,0.085
2026-03-15 04:00:00,VF-01,178.775,0.0,60.727,2.809,88.192,874.799,314.796,0.063
2026-03-15 08:00:00,VF-01,181.07,0.0,59.776,2.612,91.614,888.485,318.223,0.121
2026-03-15 12:00:00,VF-01,178.477,0.0,62.431,2.482,82.526,866.372,322.371,0.145
2026-03-15 16:00:00,VF-01,175.579,0.0,61.321,2.65,96.687,911.549,330.453,0.086
2026-03-15 20:00:00,VF-01,175.843,0.0,60.397,2.677,92.707,866.657,322.932,0.105
2026-03-16 00:00:00,VF-01,188.522,0.0,58.714,2.838,91.042,869.097,308.876,0.066
2026-03-16 04:00:00,VF-01,182.12,0.0,61.412,2.692,100.0,901.869,322.673,0.079
2026-03-16 08:00:00,VF-01,184.166,0.0,60.22,2.696,92.738,883.278,316.574,0.102
2026-03-16 12:00:00,VF-01,183.331,0.0,60.782,2.78,100.0,886.623,334.952,0.11
2026-03-16 16:00:00,VF-01,187.099,0.0,61.439,2.842,99.516,916.921,328.51,0.153
2026-03-16 20:00:00,VF-01,182.717,0.0,63.729,2.854,97.824,901.087,311.273,0.146
2026-03-17 00:00:00,VF-01,189.79,0.0,64.005,2.787,98.595,904.105,329.193,0.185
2026-03-17 04:00:00,VF-01,188.71,0.0,63.271,2.799,98.359,894.663,330.962,0.161
2026-03-17 08:00:00,VF-01,183.415,0.0,62.128,2.828,85.229,897.823,333.524,0.2
2026-03-17 12:00:00,VF-01,195.6,0.0,63.587,2.72,92.16,927.628,334.571,0.158
2026-03-17 16:00:00,VF-01,195.101,0.0,63.028,2.768,83.918,876.58,345.76,0.191
2026-03-17 20:00:00,VF-01,183.454,0.0,63.083,2.878,92.12,902.934,349.961,0.195
2026-03-18 00:00:00,VF-01,194.269,0.0,64.048,2.983,89.154,889.772,349.048,0.228
2026-03-18 04:00:00,VF-01,190.781,0.0,62.801,2.754,80.96,895.863,333.974,0.204
2026-03-18 08:00:00,VF-01,189.527,0.0,62.853,2.748,82.741,896.001,331.292,0.189
2026-03-18 12:00:00,VF-01,191.436,0.0,62.671,3.019,82.294,925.586,351.036,0.254
2026-03-18 16:00:00,VF-01,189.147,0.0,63.612,2.846,89.568,925.697,329.475,0.216
2026-03-18 20:00:00,VF-01,186.698,0.0,62.765,3.041,89.368,933.46,337.657,0.202
2026-03-19 00:00:00,VF-01,189.906,0.0,64.069,2.899,95.857,922.714,354.629,0.221
2026-03-19 04:00:00,VF-01,190.86,0.0,59.978,3.022,95.417,900.666,329.41,0.203
2026-03-19 08:00:00,VF-01,193.973,0.0,63.078,3.111,100.0,915.097,350.795,0.213
2026-03-19 12:00:00,VF-01,188.397,0.0,61.792,2.904,100.0,879.824,353.534,0.21
2026-03-19 16:00:00,VF-01,184.564,0.0,61.193,2.861,99.062,922.079,338.88,0.235
2026-03-19 20:00:00,VF-01,192.009,0.0,63.063,2.904,99.735,931.485,333.517,0.178
2026-03-20 00:00:00,VF-01,184.559,0.0,63.342,2.999,97.661,902.677,347.49,0.174
2026-03-20 04:00:00,VF-01,181.583,0.0,62.568,2.938,98.841,886.856,332.607,0.144
2026-03-20 08:00:00,VF-01,190.871,0.0,61.48,2.875,100.0,929.904,337.952,0.13
2026-03-20 12:00:00,VF-01,181.893,0.0,61.309,2.928,100.0,905.924,333.11,0.16
2026-03-20 16:00:00,VF-01,184.082,0.0,61.452,2.957,94.404,900.864,321.443,0.169
2026-03-20 20:00:00,VF-01,186.54,0.0,61.355,2.827,91.741,899.797,330.286,0.149
2026-03-21 00:00:00,VF-01,179.361,0.0,61.434,2.796,93.134,891.537,325.619,0.129
2026-03-21 04:00:00,VF-01,183.016,0.0,61.381,2.815,92.154,884.92,320.967,0.154
2026-03-21 08:00:00,VF-01,175.804,0.0,59.459,2.719,91.594,904.09,324.345,0.073
2026-03-21 12:00:00,VF-01,181.588,0.0,60.162,2.81,79.18,870.221,299.194,0.102
2026-03-21 16:00:00,VF-01,181.936,0.0,59.418,2.8,81.164,898.064,320.61,0.066
2026-03-21 20:00:00,VF-01,179.892,0.0,59.507,2.798,83.752,868.77,312.239,0.165
2026-03-22 00:00:00,VF-01,180.236,0.0,61.613,2.677,78.831,905.725,327.344,0.153
2026-03-22 04:00:00,VF-01,179.641,0.0,59.654,2.512,89.179,888.818,322.285,0.109
2026-03-22 08:00:00,VF-01,183.294,0.0,61.454,2.5,82.798,892.913,304.486,0.087
2026-03-22 12:00:00,VF-01,179.32,0.0,60.505,2.592,90.061,857.93,312.403,0.096
2026-03-22 16:00:00,VF-01,177.002,0.0,58.301,2.58,99.882,937.106,305.197,0.086
2026-03-22 20:00:00,VF-01,179.246,0.0,60.12,2.636,94.229,896.954,310.884,0.115
2026-03-23 00:00:00,VF-01,183.696,0.0,60.901,2.657,95.241,884.34,297.605,0.152
2026-03-23 04:00:00,VF-01,181.053,0.0,60.575,2.443,96.154,864.092,325.316,0.092
2026-03-23 08:00:00,VF-01,179.334,0.0,60.827,2.688,100.0,849.367,320.26,0.096
2026-03-23 12:00:00,VF-01,173.374,0.0,61.617,2.517,100.0,903.707,319.464,0.128
2026-03-23 16:00:00,VF-01,181.079,0.0,61.615,2.858,100.0,926.31,317.681,0.154
2026-03-23 20:00:00,VF-01,182.954,0.0,62.454,2.777,99.672,897.916,321.345,0.115
2026-03-24 00:00:00,VF-01,189.758,0.0,61.87,2.659,99.795,862.062,311.199,0.069
2026-03-24 04:00:00,VF-01,178.187,0.0,60.016,2.921,92.277,874.791,309.861,0.123
2026-03-24 08:00:00,VF-01,192.509,0.0,62.586,2.75,90.246,911.946,317.327,0.131
2026-03-24 12:00:00,VF-01,186.232,0.0,60.82,2.88,91.863,903.884,346.166,0.127
2026-03-24 16:00:00,VF-01,191.229,0.0,63.731,3.041,84.796,923.853,324.191,0.15
2026-03-24 20:00:00,VF-01,182.634,0.0,63.159,2.774,90.055,913.044,335.336,0.164
2026-03-25 00:00:00,VF-01,185.603,0.0,62.729,2.931,87.357,888.083,328.552,0.151
2026-03-25 04:00:00,VF-01,193.228,0.0,63.869,2.761,84.714,879.546,346.339,0.129
2026-03-25 08:00:00,VF-01,188.487,0.0,61.965,3.008,85.628,914.658,338.801,0.181
2026-03-25 12:00:00,VF-01,187.187,0.0,61.354,2.793,87.391,884.768,323.782,0.163
2026-03-25 16:00:00,VF-01,193.341,0.0,62.79,2.994,91.659,892.751,338.65,0.256
2026-03-25 20:00:00,VF-01,197.372,0.0,64.231,2.94,93.577,922.025,344.101,0.184
2026-03-26 00:00:00,VF-01,185.658,0.0,63.132,3.064,95.595,898.295,340.584,0.162
2026-03-26 04:00:00,VF-01,186.29,0.0,65.292,2.921,100.0,922.646,347.336,0.191
2026-03-26 08:00:00,VF-01,187.958,0.0,64.397,2.935,100.0,921.549,348.085,0.16
2026-03-26 12:00:00,VF-01,192.531,0.0,63.977,3.02,100.0,920.535,333.676,0.217
2026-03-26 16:00:00,VF-01,192.897,0.0,63.816,2.909,100.0,927.457,337.846,0.208
2026-03-26 20:00:00,VF-01,189.301,0.0,63.543,3.093,97.015,877.516,365.241,0.217
2026-03-27 00:00:00,VF-01,193.81,0.0,63.457,3.044,100.0,897.607,346.465,0.204
2026-03-27 04:00:00,VF-01,189.872,0.0,61.701,2.95,99.989,918.186,340.7,0.243
2026-03-27 08:00:00,VF-01,186.252,0.0,64.578,3.163,97.555,921.554,351.443,0.235
2026-03-27 12:00:00,VF-01,188.248,0.0,64.366,2.897,100.0,916.47,328.112,0.181
2026-03-27 16:00:00,VF-01,191.548,0.0,61.416,2.91,97.08,909.511,334.843,0.141
2026-03-27 20:00:00,VF-01,187.223,0.0,60.174,2.791,85.588,840.073,347.159,0.164
2026-03-28 00:00:00,VF-01,184.052,0.0,63.565,2.787,90.226,902.044,340.114,0.154
2026-03-28 04:00:00,VF-01,183.547,0.0,61.694,2.531,83.124,907.888,331.935,0.178
2026-03-28 08:00:00,VF-01,180.87,0.0,62.34,2.821,82.06,916.374,330.132,0.109
2026-03-28 12:00:00,VF-01,181.682,0.0,61.55,2.848,80.971,889.986,314.896,0.132
2026-03-28 16:00:00,VF-01,181.784,0.0,60.077,2.726,85.923,883.982,317.743,0.112
2026-03-28 20:00:00,VF-01,183.497,0.0,61.451,2.667,78.751,919.124,329.818,0.071
2026-03-29 00:00:00,VF-01,179.223,0.0,60.52,2.461,92.614,900.34,323.174,0.167
2026-03-29 04:00:00,VF-01,179.985,0.0,60.035,2.45,88.564,882.394,322.068,0.121
2026-03-29 08:00:00,VF-01,179.595,0.0,62.626,2.646,93.417,888.609,328.566,0.115
2026-03-29 12:00:00,VF-01,176.269,0.0,59.225,2.7,90.499,902.109,311.484,0.156
2026-03-29 16:00:00,VF-01,181.874,0.0,61.613,2.36,97.683,883.655,328.881,0.161
2026-03-29 20:00:00,VF-01,171.301,0.0,60.856,2.706,93.747,882.094,314.848,0.13
2026-03-30 00:00:00,VF-01,186.342,0.0,60.888,2.642,93.178,893.87,327.448,0.089
2026-03-30 04:00:00,VF-01,176.64,0.0,60.731,2.616,100.0,887.468,324.464,0.056
2026-03-30 08:00:00,VF-01,175.303,0.0,59.847,2.522,100.0,900.881,319.2,0.102
2026-03-30 12:00:00,VF-01,184.511,0.0,59.248,2.845,100.0,860.63,318.043,0.085
2026-03-30 16:00:00,VF-01,179.101,0.0,58.635,2.522,99.222,894.191,306.338,0.092
2026-03-30 20:00:00,VF-01,178.198,0.0,61.283,2.661,89.707,892.84,319.901,0.082
2026-03-31 00:00:00,VF-01,177.081,0.0,62.551,2.453,100.0,890.01,331.748,0.128
2026-03-31 04:00:00,VF-01,182.24,0.0,61.127,2.745,100.0,883.612,309.634,0.116
2026-03-31 08:00:00,VF-01,189.451,0.0,62.287,2.641,85.859,880.403,318.173,0.087
2026-03-31 12:00:00,VF-01,184.633,0.0,61.164,2.537,84.46,845.754,335.178,0.126
2026-03-31 16:00:00,VF-01,182.347,0.0,61.266,2.612,87.054,876.745,314.679,0.122
2026-03-31 20:00:00,VF-01,183.235,0.0,61.205,2.782,86.704,917.917,337.142,0.113
2026-04-01 00:00:00,VF-01,182.953,0.0,62.824,2.882,86.934,895.039,329.752,0.102
2026-04-01 04:00:00,VF-01,184.053,0.0,65.0,2.849,81.871,875.47,331.877,0.179
2026-04-01 08:00:00,VF-01,189.957,0.0,61.489,2.976,84.75,883.138,348.555,0.165
2026-04-01 12:00:00,VF-01,191.715,0.0,64.048,2.753,90.646,900.669,325.824,0.227
2026-04-01 16:00:00,VF-01,191.323,0.0,62.864,3.048,84.63,938.552,327.038,0.117
2026-04-01 20:00:00,VF-01,182.882,0.0,64.299,2.84,94.49,912.518,343.735,0.167
2026-04-02 00:00:00,VF-01,188.604,0.0,63.643,3.036,81.2,935.298,341.923,0.197
2026-04-02 04:00:00,VF-01,187.496,0.0,64.122,3.05,100.0,897.566,330.094,0.222
2026-04-02 08:00:00,VF-01,183.803,0.0,61.937,2.88,96.752,906.197,339.845,0.247
2026-04-02 12:00:00,VF-01,193.229,0.0,63.303,3.223,97.322,928.062,336.341,0.161
2026-04-02 16:00:00,VF-01,191.011,0.0,63.319,3.154,100.0,941.34,330.123,0.163
2026-04-02 20:00:00,VF-01,190.702,0.0,63.844,2.968,100.0,939.159,338.947,0.285
2026-04-03 00:00:00,VF-01,198.61,0.0,65.465,3.05,100.0,899.837,333.948,0.204
2026-04-03 04:00:00,VF-01,191.786,0.0,64.0,2.968,100.0,938.562,344.902,0.142
2026-04-03 08:00:00,VF-01,183.03,0.0,66.293,2.897,100.0,933.371,359.285,0.249
2026-04-03 12:00:00,VF-01,186.716,0.0,64.779,2.905,93.25,893.801,332.657,0.226
2026-04-03 16:00:00,VF-01,188.4,0.0,63.807,3.105,90.916,920.964,351.066,0.22
2026-04-03 20:00:00,VF-01,189.384,0.0,63.633,2.962,90.681,922.238,330.643,0.14
2026-04-04 00:00:00,VF-01,187.436,0.0,65.537,2.803,97.982,901.363,342.781,0.186
2026-04-04 04:00:00,VF-01,184.242,0.0,62.015,2.938,87.952,917.208,334.708,0.163
2026-04-04 08:00:00,VF-01,183.926,0.0,61.642,3.187,91.839,924.731,338.099,0.171
2026-04-04 12:00:00,VF-01,179.706,0.0,60.419,2.842,92.633,928.855,328.305,0.227
2026-04-04 16:00:00,VF-01,187.439,0.0,62.835,2.75,92.504,894.543,328.61,0.21
2026-04-04 20:00:00,VF-01,188.042,0.0,63.699,2.826,87.185,908.67,341.992,0.159
2026-04-05 00:00:00,VF-01,174.119,0.0,62.739,2.608,90.942,908.243,337.578,0.122
2026-04-05 04:00:00,VF-01,186.227,0.0,62.85,2.956,88.453,867.272,328.776,0.136
2026-04-05 08:00:00,VF-01,186.909,0.0,60.719,2.701,86.713,898.511,318.475,0.168
2026-04-05 12:00:00,VF-01,184.065,0.0,58.992,2.762,94.359,874.095,334.787,0.117
2026-04-05 16:00:00,VF-01,177.45,0.0,61.326,2.587,91.818,865.976,328.243,0.111
2026-04-05 20:00:00,VF-01,185.509,0.0,59.505,2.45,100.0,938.808,322.5,0.119
2026-04-06 00:00:00,VF-01,171.345,0.0,60.98,2.669,96.981,880.962,338.056,0.094
2026-04-06 04:00:00,VF-01,180.35,0.0,59.822,2.734,98.122,862.547,314.558,0.102
2026-04-06 08:00:00,VF-01,174.661,0.0,62.059,2.735,100.0,873.549,334.321,0.069
2026-04-06 12:00:00,VF-01,178.201,0.0,61.101,2.719,98.307,910.949,316.202,0.095
2026-04-06 16:00:00,VF-01,176.381,0.0,60.509,2.649,99.939,895.663,316.915,0.077
2026-04-06 20:00:00,VF-01,180.524,0.0,59.511,2.563,95.823,914.479,321.142,0.085
2026-04-07 00:00:00,VF-01,174.059,0.0,58.749,2.475,98.168,861.714,309.071,0.081
2026-04-07 04:00:00,VF-01,185.13,0.0,60.344,2.465,90.709,895.243,321.789,0.089
2026-04-07 08:00:00,VF-01,175.277,0.0,59.29,2.544,91.336,882.64,308.879,0.119
2026-04-07 12:00:00,VF-01,185.881,0.0,60.457,2.648,92.974,896.242,323.948,0.114
2026-04-07 16:00:00,VF-01,186.187,0.0,59.354,2.751,83.304,898.313,319.633,0.148
2026-04-07 20:00:00,VF-01,179.652,0.0,61.387,2.691,86.643,866.633,305.826,0.151
2026-04-08 00:00:00,VF-01,177.748,0.0,61.62,2.736,92.03,905.824,327.201,0.122
2026-04-08 04:00:00,VF-01,183.338,0.0,63.342,2.885,87.545,877.646,315.054,0.163
2026-04-08 08:00:00,VF-01,181.841,0.0,57.9,3.077,82.439,901.158,338.862,0.122
2026-04-08 12:00:00,VF-01,179.672,0.0,64.149,2.913,89.182,889.806,331.055,0.117
2026-04-08 16:00:00,VF-01,180.21,0.0,62.768,2.966,87.452,888.268,339.062,0.185
2026-04-08 20:00:00,VF-01,188.779,0.0,61.717,2.769,95.139,896.657,344.752,0.151
2026-04-09 00:00:00,VF-01,190.341,0.0,62.56,2.743,95.783,878.338,323.3,0.157
2026-04-09 04:00:00,VF-01,195.796,0.0,62.217,3.07,91.291,885.13,329.065,0.145
2026-04-09 08:00:00,VF-01,181.033,0.0,65.063,2.938,98.637,862.58,366.618,0.189
2026-04-09 12:00:00,VF-01,186.902,0.0,60.901,2.747,100.0,906.81,354.302,0.203
2026-04-09 16:00:00,VF-01,192.403,0.0,64.054,2.76,98.392,903.154,339.535,0.185
2026-04-09 20:00:00,VF-01,193.359,0.0,64.468,2.834,99.192,922.018,343.683,0.203
2026-04-10 00:00:00,VF-01,191.264,0.0,64.562,3.014,100.0,905.072,337.511,0.159
2026-04-10 04:00:00,VF-01,189.496,0.0,64.004,3.003,100.0,929.41,344.196,0.226
2026-04-10 08:00:00,VF-01,192.707,0.0,63.73,3.239,100.0,912.641,357.067,0.133
2026-04-10 12:00:00,VF-01,191.278,0.0,64.692,3.005,98.905,938.214,338.668,0.215
2026-04-10 16:00:00,VF-01,187.976,0.0,60.879,2.857,98.494,902.416,333.041,0.202
2026-04-10 20:00:00,VF-01,187.448,0.0,64.919,2.999,95.999,917.099,328.695,0.194
2026-04-11 00:00:00,VF-01,191.274,0.0,65.239,2.859,95.447,884.273,355.12,0.237
2026-04-11 04:00:00,VF-01,189.604,0.0,63.607,2.795,86.177,944.297,341.093,0.223
2026-04-11 08:00:00,VF-01,196.431,0.0,63.588,2.9,84.072,909.228,337.829,0.196
2026-04-11 12:00:00,VF-01,182.383,0.0,62.941,3.029,84.973,868.413,345.567,0.169
2026-04-11 16:00:00,VF-01,195.033,0.0,63.39,2.947,83.056,883.877,342.612,0.204
2026-04-11 20:00:00,VF-01,188.572,0.0,61.572,2.9,89.35,873.665,335.707,0.174
2026-04-12 00:00:00,VF-01,185.903,0.0,60.975,2.975,79.354,884.189,344.361,0.119
2026-04-12 04:00:00,VF-01,191.668,0.0,63.43,2.964,90.904,887.009,325.587,0.129
2026-04-12 08:00:00,VF-01,185.206,0.0,61.482,2.696,92.476,887.713,326.193,0.142
2026-04-12 12:00:00,VF-01,179.045,0.0,61.475,2.782,93.542,914.131,335.028,0.159
2026-04-12 16:00:00,VF-01,187.078,0.0,61.693,2.898,94.912,924.547,339.672,0.154
2026-04-12 20:00:00,VF-01,184.38,0.0,62.032,2.839,97.22,913.096,329.813,0.175
2026-04-13 00:00:00,VF-01,184.627,0.0,62.096,2.649,100.0,906.864,346.52,0.08
2026-04-13 04:00:00,VF-01,177.771,0.0,64.133,2.731,99.144,940.324,314.336,0.112
2026-04-13 08:00:00,VF-01,179.057,0.0,61.505,2.812,100.0,909.283,311.475,0.162
2026-04-13 12:00:00,VF-01,180.515,0.0,58.707,2.61,97.184,868.637,308.249,0.129
2026-04-13 16:00:00,VF-01,171.845,0.0,60.445,2.701,100.0,855.946,314.364,0.129
2026-04-13 20:00:00,VF-01,180.3,0.0,62.954,2.531,100.0,874.342,307.653,0.029
2026-04-14 00:00:00,VF-01,177.773,0.0,61.343,2.476,98.636,862.796,331.477,0.123
2026-04-14 04:00:00,VF-01,178.201,0.0,60.724,2.541,98.316,886.857,307.07,0.053
2026-04-14 08:00:00,VF-01,177.822,0.0,60.117,2.758,92.038,883.688,326.886,0.073
2026-04-14 12:00:00,VF-01,184.521,0.0,60.271,2.389,92.107,871.782,315.653,0.035
2026-04-14 16:00:00,VF-01,170.314,0.0,62.022,2.542,93.64,894.204,302.667,0.067
2026-04-14 20:00:00,VF-01,178.436,0.0,57.517,2.597,79.439,868.791,322.175,0.077
2026-04-15 00:00:00,VF-01,181.903,0.0,60.835,2.676,78.068,917.075,329.472,0.11
2026-04-15 04:00:00,VF-01,180.644,0.0,61.461,2.463,79.697,870.035,324.467,0.121
2026-04-15 08:00:00,VF-01,187.559,0.0,64.163,2.553,85.495,874.661,314.179,0.132
2026-04-15 12:00:00,VF-01,178.856,0.0,61.469,2.699,82.471,881.977,326.028,0.177
2026-04-15 16:00:00,VF-01,184.466,0.0,61.909,2.852,93.482,894.405,333.337,0.105
2026-04-15 20:00:00,VF-01,188.261,0.0,62.377,3.007,90.202,865.905,325.114,0.133
2026-04-16 00:00:00,VF-01,186.055,0.0,60.207,2.771,96.307,886.739,327.67,0.144
2026-04-16 04:00:00,VF-01,176.283,0.0,64.132,2.846,95.46,924.45,328.952,0.157
2026-04-16 08:00:00,VF-01,183.998,0.0,63.25,2.752,96.711,912.586,351.934,0.148
2026-04-16 12:00:00,VF-01,181.758,0.0,63.156,2.812,97.95,915.824,329.1,0.179
2026-04-16 16:00:00,VF-01,191.583,0.0,63.063,2.905,100.0,916.788,335.979,0.226
2026-04-16 20:00:00,VF-01,184.133,0.0,63.918,2.844,100.0,916.488,326.879,0.174
2026-04-17 00:00:00,VF-01,190.33,0.0,62.694,3.023,93.368,907.634,336.615,0.242
2026-04-17 04:00:00,VF-01,196.903,0.0,62.767,3.016,99.444,882.459,342.09,0.202
2026-04-17 08:00:00,VF-01,187.467,0.0,64.988,2.904,100.0,909.797,338.333,0.23
2026-04-17 12:00:00,VF-01,195.653,0.0,64.518,2.867,90.848,929.075,337.177,0.193
2026-04-17 16:00:00,VF-01,195.012,0.0,64.754,3.026,97.06,924.716,343.294,0.226
2026-04-17 20:00:00,VF-01,192.201,0.0,62.689,3.04,96.012,928.365,342.911,0.225
2026-04-18 00:00:00,VF-01,188.881,0.0,63.302,3.048,99.495,925.397,351.174,0.183
2026-04-18 04:00:00,VF-01,194.294,0.0,64.875,3.123,83.66,905.722,358.854,0.275
2026-04-18 08:00:00,VF-01,191.719,0.0,63.681,2.919,97.083,955.578,353.132,0.225
2026-04-18 12:00:00,VF-01,189.789,0.0,62.631,2.949,81.129,901.768,351.272,0.174
2026-04-18 16:00:00,VF-01,190.852,0.0,62.536,3.134,86.322,890.756,342.587,0.198
2026-04-18 20:00:00,VF-01,189.917,0.0,63.442,2.843,86.549,914.02,346.273,0.188
2026-04-19 00:00:00,VF-01,189.19,0.0,62.576,2.774,92.619,904.401,345.634,0.168
2026-04-19 04:00:00,VF-01,190.576,0.0,62.38,2.925,86.681,896.089,339.836,0.188
2026-04-19 08:00:00,VF-01,188.075,0.0,61.655,2.978,89.044,925.461,330.175,0.157
2026-04-19 12:00:00,VF-01,188.345,0.0,60.471,2.703,85.087,888.784,336.049,0.189
2026-04-19 16:00:00,VF-01,184.219,0.0,61.283,2.841,99.479,854.907,336.249,0.155
2026-04-19 20:00:00,VF-01,187.626,0.0,62.205,2.771,100.0,925.22,329.8,0.165
2026-04-20 00:00:00,VF-01,187.133,0.0,62.153,2.672,100.0,924.328,324.872,0.188
2026-04-20 04:00:00,VF-01,184.246,0.0,61.552,2.593,98.654,881.138,329.532,0.079
2026-04-20 08:00:00,VF-01,181.452,0.0,62.39,2.565,97.929,910.297,308.065,0.153
2026-04-20 12:00:00,VF-01,179.697,0.0,60.277,2.561,99.944,886.999,320.456,0.051
2026-04-20 16:00:00,VF-01,179.03,0.0,61.878,2.494,96.035,877.952,310.293,0.102
2026-04-20 20:00:00,VF-01,180.276,0.0,61.399,2.815,100.0,895.434,337.615,0.115
2026-04-21 00:00:00,VF-01,174.492,0.0,60.556,2.574,100.0,873.331,310.014,0.096
2026-04-21 04:00:00,VF-01,182.667,0.0,60.732,2.61,93.384,891.848,335.548,0.146
2026-04-21 08:00:00,VF-01,184.932,0.0,60.642,2.774,86.621,896.444,315.499,0.014
2026-04-21 12:00:00,VF-01,177.529,0.0,58.731,2.686,85.323,930.349,326.552,0.177
2026-04-21 16:00:00,VF-01,182.482,0.0,59.23,2.516,78.835,849.767,317.442,0.13
2026-04-21 20:00:00,VF-01,180.462,0.0,61.409,2.868,95.674,898.621,310.931,0.157
2026-04-22 00:00:00,VF-01,183.724,0.0,62.142,2.64,84.297,856.657,318.966,0.186
2026-04-22 04:00:00,VF-01,181.114,0.0,60.558,2.635,82.608,871.17,306.652,0.088
2026-04-22 08:00:00,VF-01,180.494,0.0,59.931,2.526,86.769,878.499,324.429,0.102
2026-04-22 12:00:00,VF-01,175.941,0.0,61.968,2.713,79.221,906.305,305.714,0.104
2026-04-22 16:00:00,VF-01,181.238,0.0,61.247,2.504,80.968,880.263,313.14,0.147
2026-04-22 20:00:00,VF-01,181.005,0.0,61.643,2.769,86.347,902.278,319.273,0.083
2026-04-23 00:00:00,VF-01,185.103,0.0,60.106,2.792,98.334,899.857,331.717,0.09
2026-04-23 04:00:00,VF-01,182.475,0.0,63.698,2.677,100.0,890.335,331.242,0.131
2026-04-23 08:00:00,VF-01,188.581,0.0,59.664,2.821,89.575,859.984,321.257,0.162
2026-04-23 12:00:00,VF-01,185.786,0.0,62.213,2.673,100.0,913.966,320.632,0.158
2026-04-23 16:00:00,VF-01,187.505,0.0,61.563,2.904,100.0,908.379,339.33,0.159
2026-04-23 20:00:00,VF-01,191.094,0.0,63.326,2.629,100.0,904.216,344.487,0.164
2026-04-24 00:00:00,VF-01,187.489,0.0,61.638,2.917,99.714,933.522,334.613,0.146
2026-04-24 04:00:00,VF-01,190.891,0.0,62.89,2.76,97.818,936.523,334.537,0.18
2026-04-24 08:00:00,VF-01,192.332,0.0,63.391,3.172,100.0,897.649,343.203,0.153
2026-04-24 12:00:00,VF-01,194.479,0.0,62.11,2.852,99.971,877.315,350.314,0.172
2026-04-24 16:00:00,VF-01,185.466,0.0,62.541,3.155,94.253,891.541,334.173,0.146
2026-04-24 20:00:00,VF-01,194.015,0.0,63.745,3.261,88.976,950.739,345.77,0.156
2026-04-25 00:00:00,VF-01,197.492,0.0,63.621,2.914,92.066,903.012,335.456,0.092
2026-04-25 04:00:00,VF-01,187.114,0.0,63.108,2.831,86.53,905.995,351.887,0.155
2026-04-25 08:00:00,VF-01,181.322,0.0,65.358,2.87,91.674,943.001,344.557,0.204
2026-04-25 12:00:00,VF-01,195.876,0.0,63.93,2.885,78.853,953.83,354.749,0.24
2026-04-25 16:00:00,VF-01,190.24,0.0,63.612,2.819,86.373,925.406,330.432,0.137
2026-04-25 20:00:00,VF-01,190.354,0.0,63.097,2.951,88.962,932.659,339.528,0.161
2026-04-26 00:00:00,VF-01,191.045,0.0,63.665,3.064,86.697,899.467,355.365,0.233
2026-04-26 04:00:00,VF-01,184.649,0.0,64.431,2.712,87.925,890.934,329.31,0.206
2026-04-26 08:00:00,VF-01,186.173,0.0,62.192,3.093,97.754,924.141,324.622,0.174
2026-04-26 12:00:00,VF-01,188.6,0.0,65.482,3.015,89.615,915.527,339.983,0.131
2026-04-26 16:00:00,VF-01,189.991,0.0,63.461,2.73,99.364,912.322,338.029,0.176
2026-04-26 20:00:00,VF-01,186.37,0.0,62.83,3.014,94.421,935.725,333.189,0.185
2026-04-27 00:00:00,VF-01,188.184,0.0,61.303,2.79,98.372,934.825,343.615,0.23
2026-04-27 04:00:00,VF-01,185.036,0.0,62.349,2.851,100.0,882.645,317.925,0.12
2026-04-27 08:00:00,VF-01,187.549,0.0,61.624,2.873,100.0,867.581,331.188,0.071
2026-04-27 12:00:00,VF-01,177.957,0.0,60.513,2.64,95.747,900.745,320.785,0.062
2026-04-27 16:00:00,VF-01,181.581,0.0,59.967,2.632,98.368,885.747,336.25,0.152
2026-04-27 20:00:00,VF-01,172.425,0.0,59.75,2.724,96.172,858.926,342.636,0.127
2026-04-28 00:00:00,VF-01,184.205,0.0,60.95,2.703,91.042,875.899,323.84,0.153
2026-04-28 04:00:00,VF-01,183.966,0.0,59.731,2.817,96.717,945.271,327.142,0.135
2026-04-28 08:00:00,VF-01,184.823,0.0,59.846,2.592,87.907,895.543,311.271,0.112
2026-04-28 12:00:00,VF-01,185.273,0.0,60.545,2.659,90.412,885.287,308.395,0.079
2026-04-28 16:00:00,VF-01,176.967,0.0,60.923,2.657,88.79,883.909,307.7,0.075
2026-04-28 20:00:00,VF-01,173.517,0.0,60.431,2.525,83.586,909.064,316.384,0.146
2026-04-29 00:00:00,VF-01,171.182,0.0,62.575,2.711,80.251,885.354,322.547,0.124
2026-04-29 04:00:00,VF-01,176.321,0.0,59.029,2.649,84.344,901.155,316.502,0.124
2026-04-29 08:00:00,VF-01,184.245,0.0,58.527,2.491,96.383,877.225,322.549,0.135
2026-04-29 12:00:00,VF-01,180.215,0.0,61.755,2.487,89.164,864.84,304.663,0.074
2026-04-29 16:00:00,VF-01,179.84,0.0,60.971,2.602,85.801,935.99,314.156,0.122
2026-04-29 20:00:00,VF-01,181.837,0.0,60.682,2.735,88.017,904.57,315.172,0.194
2026-04-30 00:00:00,VF-01,180.259,0.0,60.984,2.691,93.544,884.567,303.351,0.067
2026-04-30 04:00:00,VF-01,188.653,0.0,59.26,2.447,100.0,852.089,307.542,0.108
2026-04-30 08:00:00,VF-01,180.198,0.0,60.44,2.935,95.044,880.613,327.444,0.11
2026-04-30 12:00:00,VF-01,184.168,0.0,61.132,2.478,100.0,877.521,338.741,0.196
2026-04-30 16:00:00,VF-01,182.736,0.0,61.228,2.742,97.111,914.218,316.451,0.154
2026-04-30 20:00:00,VF-01,181.514,0.0,61.666,2.62,100.0,887.78,329.251,0.122
2026-05-01 00:00:00,VF-01,181.845,0.0,63.467,2.896,100.0,906.907,322.445,0.18
2026-05-01 04:00:00,VF-01,187.223,0.0,61.919,2.765,100.0,888.161,339.148,0.101
2026-05-01 08:00:00,VF-01,185.154,0.0,63.845,2.828,100.0,909.868,332.489,0.195
2026-05-01 12:00:00,VF-01,191.12,0.0,62.621,2.865,100.0,930.757,325.298,0.161
2026-05-01 16:00:00,VF-01,187.152,0.0,64.741,2.863,94.021,910.286,351.973,0.169
2026-05-01 20:00:00,VF-01,178.381,0.0,61.186,2.949,87.761,876.455,335.089,0.141
2026-05-02 00:00:00,VF-01,183.239,0.0,62.327,2.799,95.923,900.201,336.118,0.148
2026-05-02 04:00:00,VF-01,184.58,0.0,61.419,2.782,87.754,869.405,326.163,0.194
2026-05-02 08:00:00,VF-01,189.973,0.0,63.688,2.952,81.205,929.91,359.273,0.187
2026-05-02 12:00:00,VF-01,189.947,0.0,64.342,3.149,88.887,911.501,352.011,0.152
2026-05-02 16:00:00,VF-01,188.549,0.0,64.976,3.048,90.981,945.097,344.589,0.092
2026-05-02 20:00:00,VF-01,189.61,0.0,63.208,3.072,90.974,910.62,342.165,0.173
2026-05-03 00:00:00,VF-01,191.462,0.0,62.805,2.983,87.342,938.552,325.146,0.235
2026-05-03 04:00:00,VF-01,194.636,0.0,61.253,2.884,92.503,917.662,334.229,0.115
2026-05-03 08:00:00,VF-01,198.581,0.0,62.448,2.984,95.455,920.347,317.623,0.167
2026-05-03 12:00:00,VF-01,192.977,0.0,64.384,2.835,93.148,862.422,358.325,0.244
2026-05-03 16:00:00,VF-01,191.492,0.0,63.806,2.699,94.582,900.076,352.916,0.17
2026-05-03 20:00:00,VF-01,187.622,0.0,64.182,2.748,94.715,908.237,336.417,0.161
2026-05-04 00:00:00,VF-01,184.07,0.0,63.826,2.861,96.34,899.013,336.727,0.206
2026-05-04 04:00:00,VF-01,185.967,0.0,63.786,2.928,97.234,904.648,336.137,0.172
2026-05-04 08:00:00,VF-01,186.133,0.0,62.125,2.759,100.0,898.116,333.349,0.205
2026-05-04 12:00:00,VF-01,193.977,0.0,62.576,2.817,94.157,869.93,313.048,0.198
2026-05-04 16:00:00,VF-01,187.104,0.0,61.808,2.948,95.628,888.041,323.284,0.154
2026-05-04 20:00:00,VF-01,188.634,0.0,63.602,2.784,95.125,917.562,329.817,0.132
2026-05-05 00:00:00,VF-01,188.631,0.0,61.877,2.857,95.649,912.941,318.112,0.105
2026-05-05 04:00:00,VF-01,183.632,0.0,62.528,2.941,91.916,904.271,334.921,0.156
2026-05-05 08:00:00,VF-01,178.334,0.0,59.876,2.756,92.717,856.588,330.197,0.114
2026-05-05 12:00:00,VF-01,182.095,0.0,62.284,2.55,86.121,905.028,308.076,0.12
2026-05-05 16:00:00,VF-01,184.505,0.0,58.413,2.671,82.674,875.988,317.26,0.087
2026-05-05 20:00:00,VF-01,181.79,0.0,59.268,2.523,93.71,893.726,322.726,0.061
2026-05-06 00:00:00,VF-01,176.285,0.0,62.396,2.474,84.011,899.93,325.868,0.156
2026-05-06 04:00:00,VF-01,185.263,0.0,59.595,2.533,78.344,874.506,327.715,0.084
2026-05-06 08:00:00,VF-01,172.408,0.0,62.019,2.653,88.506,882.546,312.651,0.063
2026-05-06 12:00:00,VF-01,173.387,0.0,60.939,2.674,91.179,904.291,296.937,0.09
2026-05-06 16:00:00,VF-01,183.136,0.0,58.729,2.636,89.311,895.282,318.216,0.049
2026-05-06 20:00:00,VF-01,181.378,0.0,60.586,2.45,92.749,853.113,311.375,0.081
2026-05-07 00:00:00,VF-01,180.711,0.0,59.058,2.772,95.149,896.938,314.553,0.077
2026-05-07 04:00:00,VF-01,184.622,0.0,60.782,2.559,90.626,909.36,319.357,0.13
2026-05-07 08:00:00,VF-01,175.341,0.0,61.889,2.58,96.934,862.198,307.703,0.098
2026-05-07 12:00:00,VF-01,172.553,0.0,61.419,2.708,97.036,866.501,307.933,0.101
2026-05-07 16:00:00,VF-01,181.399,0.0,60.769,2.796,100.0,873.003,318.42,0.169
2026-05-07 20:00:00,VF-01,182.655,0.0,60.203,2.812,97.488,881.298,334.446,0.131
2026-05-08 00:00:00,VF-01,185.587,0.0,60.646,2.77,100.0,874.498,317.275,0.118
2026-05-08 04:00:00,VF-01,179.145,0.0,63.17,2.649,100.0,916.828,304.916,0.129
2026-05-08 08:00:00,VF-01,179.851,0.0,59.278,2.629,95.349,905.713,325.052,0.132
2026-05-08 12:00:00,VF-01,184.604,0.0,61.473,2.696,95.013,901.351,333.012,0.119
2026-05-08 16:00:00,VF-01,188.839,0.0,62.928,2.846,92.321,882.224,331.508,0.188
2026-05-08 20:00:00,VF-01,190.112,0.0,62.016,2.979,92.957,881.09,321.832,0.167
2026-05-09 00:00:00,VF-01,183.287,0.0,65.302,2.944,91.037,887.21,337.895,0.148
2026-05-09 04:00:00,VF-01,190.749,0.0,63.85,2.893,93.296,945.872,343.32,0.169
2026-05-09 08:00:00,VF-01,190.499,0.0,60.613,3.038,81.374,906.432,346.949,0.256
2026-05-09 12:00:00,VF-01,190.814,0.0,66.036,2.951,88.102,922.671,347.765,0.144
2026-05-09 16:00:00,VF-01,188.622,0.0,62.69,2.956,90.463,878.921,328.366,0.226
2026-05-09 20:00:00,VF-01,186.266,0.0,64.119,2.921,86.844,978.342,339.155,0.179
2026-05-10 00:00:00,VF-01,203.076,0.0,62.353,2.96,88.186,902.362,333.669,0.248
2026-05-10 04:00:00,VF-01,184.802,0.0,63.848,2.701,84.351,930.036,342.911,0.244
2026-05-10 08:00:00,VF-01,189.218,0.0,64.563,2.886,84.024,925.994,350.837,0.207
2026-05-10 12:00:00,VF-01,198.874,0.0,64.012,3.096,90.518,925.661,351.289,0.212
2026-05-10 16:00:00,VF-01,187.387,0.0,65.1,2.863,100.0,929.266,346.856,0.228
2026-05-10 20:00:00,VF-01,186.963,0.0,63.939,2.79,92.638,898.803,348.893,0.264
2026-05-11 00:00:00,VF-01,192.616,0.0,67.29,2.783,95.615,902.328,334.588,0.215
2026-05-11 04:00:00,VF-01,184.543,0.0,61.991,2.889,100.0,892.464,346.135,0.217
2026-05-11 08:00:00,VF-01,194.745,0.0,63.841,2.938,100.0,883.495,347.821,0.192
2026-05-11 12:00:00,VF-01,191.507,0.0,59.51,2.897,100.0,921.692,333.853,0.193
2026-05-11 16:00:00,VF-01,183.964,0.0,62.719,2.811,100.0,900.384,344.504,0.18
2026-05-11 20:00:00,VF-01,191.891,0.0,63.022,2.859,91.977,901.863,345.384,0.148
2026-05-12 00:00:00,VF-01,186.031,0.0,60.357,3.015,100.0,931.225,325.199,0.128
2026-05-12 04:00:00,VF-01,189.674,0.0,63.378,2.666,100.0,917.778,319.989,0.176
2026-05-12 08:00:00,VF-01,178.885,0.0,59.38,2.877,92.194,916.494,327.218,0.144
2026-05-12 12:00:00,VF-01,190.623,0.0,61.18,2.683,87.226,875.44,328.945,0.142
2026-05-12 16:00:00,VF-01,186.93,0.0,62.465,2.808,87.167,885.506,303.185,0.174
2026-05-12 20:00:00,VF-01,185.014,0.0,60.995,2.849,81.778,889.087,308.703,0.1
2026-05-13 00:00:00,VF-01,182.786,0.0,59.425,2.616,84.42,864.923,309.827,0.106
2026-05-13 04:00:00,VF-01,174.646,0.0,63.197,2.386,83.935,880.781,313.066,0.169
2026-05-13 08:00:00,VF-01,175.965,0.0,57.619,2.503,84.305,902.518,313.349,0.093
2026-05-13 12:00:00,VF-01,178.469,0.0,62.815,2.733,90.796,868.932,320.213,0.105
2026-05-13 16:00:00,VF-01,179.292,0.0,60.068,2.386,88.225,872.428,309.395,0.123
2026-05-13 20:00:00,VF-01,182.969,0.0,61.538,2.61,86.25,873.182,314.923,0.073
2026-05-14 00:00:00,VF-01,174.678,0.0,60.073,2.573,93.632,918.288,309.768,0.099
2026-05-14 04:00:00,VF-01,185.454,0.0,58.722,2.721,99.075,908.687,332.838,0.096
2026-05-14 08:00:00,VF-01,176.442,0.0,60.473,2.606,88.975,859.799,321.918,0.135
2026-05-14 12:00:00,VF-01,182.513,0.0,60.719,2.529,100.0,877.208,315.786,0.161
2026-05-14 16:00:00,VF-01,183.259,0.0,61.15,2.432,98.66,859.246,307.587,0.103
2026-05-14 20:00:00,VF-01,184.718,0.0,59.764,2.606,100.0,881.795,306.093,0.129
2026-05-15 00:00:00,VF-01,178.099,0.0,60.624,2.724,96.453,910.032,313.936,0.134
2026-05-15 04:00:00,VF-01,187.919,0.0,59.879,2.717,100.0,900.518,326.174,0.086
2026-05-15 08:00:00,VF-01,182.613,0.0,60.446,2.557,98.19,877.687,313.985,0.149
2026-05-15 12:00:00,VF-01,184.707,0.0,62.386,2.896,94.767,918.028,350.633,0.146
2026-05-15 16:00:00,VF-01,185.571,0.0,62.418,2.755,99.033,894.924,311.908,0.162
2026-05-15 20:00:00,VF-01,185.057,0.0,60.82,2.637,85.888,913.417,333.318,0.129
2026-05-16 00:00:00,VF-01,179.971,0.0,62.74,2.947,90.955,924.806,326.249,0.186
2026-05-16 04:00:00,VF-01,182.832,0.0,60.615,2.924,86.075,887.797,345.138,0.215
2026-05-16 08:00:00,VF-01,193.81,0.0,63.87,2.905,84.231,925.864,348.03,0.166
2026-05-16 12:00:00,VF-01,176.559,0.0,63.539,3.026,90.691,866.355,337.427,0.187
2026-05-16 16:00:00,VF-01,193.507,0.0,63.759,2.747,88.444,885.295,333.983,0.154
2026-05-16 20:00:00,VF-01,190.704,0.0,61.708,2.964,91.44,875.74,341.313,0.172
2026-05-17 00:00:00,VF-01,200.956,0.0,63.915,2.937,82.806,919.342,339.292,0.19
2026-05-17 04:00:00,VF-01,190.657,0.0,61.301,3.048,88.296,956.749,325.122,0.193
2026-05-17 08:00:00,VF-01,191.267,0.0,61.718,3.056,92.889,910.563,350.055,0.199
2026-05-17 12:00:00,VF-01,188.4,0.0,63.162,2.993,98.097,893.523,346.235,0.181
2026-05-17 16:00:00,VF-01,193.817,0.0,63.782,3.053,96.344,891.342,335.157,0.18
2026-05-17 20:00:00,VF-01,195.756,0.0,63.08,2.819,99.26,909.468,352.717,0.223
2026-05-18 00:00:00,VF-01,193.07,0.0,62.299,3.328,100.0,916.878,338.69,0.193
2026-05-18 04:00:00,VF-01,183.814,0.0,62.182,3.024,100.0,924.733,339.256,0.209
2026-05-18 08:00:00,VF-01,193.637,0.0,63.675,3.111,98.221,918.085,341.742,0.241
2026-05-18 12:00:00,VF-01,193.221,0.0,61.756,3.14,100.0,909.239,341.124,0.207
2026-05-18 16:00:00,VF-01,189.53,0.0,63.25,3.098,97.869,931.064,335.485,0.217
2026-05-18 20:00:00,VF-01,188.36,0.0,62.971,2.891,94.827,921.167,327.233,0.218
2026-05-19 00:00:00,VF-01,187.178,0.0,61.519,3.173,99.765,902.843,329.409,0.136
2026-05-19 04:00:00,VF-01,189.801,0.0,63.356,3.022,100.0,919.993,323.501,0.152
2026-05-19 08:00:00,VF-01,189.058,0.0,62.51,2.883,91.951,890.652,340.689,0.108
2026-05-19 12:00:00,VF-01,186.937,0.0,64.599,2.92,86.959,945.857,324.835,0.144
2026-05-19 16:00:00,VF-01,190.451,0.0,64.389,2.657,86.034,874.174,342.147,0.103
2026-05-19 20:00:00,VF-01,185.111,0.0,61.141,2.989,91.445,902.321,331.439,0.142
2026-05-20 00:00:00,VF-01,180.623,0.0,62.033,2.71,90.055,912.425,323.493,0.133
2026-05-20 04:00:00,VF-01,182.033,0.0,61.809,2.819,81.307,903.908,311.767,0.058
2026-05-20 08:00:00,VF-01,183.5,0.0,60.11,2.771,84.567,912.009,332.643,0.174
2026-05-20 12:00:00,VF-01,181.717,0.0,61.978,2.708,87.116,843.031,337.83,0.137
2026-05-20 16:00:00,VF-01,183.196,0.0,62.627,2.476,86.131,886.875,309.269,0.073
2026-05-20 20:00:00,VF-01,185.095,0.0,59.646,2.594,87.33,841.557,318.825,0.128
2026-05-21 00:00:00,VF-01,179.206,0.0,60.984,2.451,99.094,911.018,312.074,0.098
2026-05-21 04:00:00,VF-01,179.662,0.0,61.987,2.687,93.849,897.652,317.899,0.078
2026-05-21 08:00:00,VF-01,178.964,0.0,58.893,2.625,86.526,862.7,321.613,0.124
2026-05-21 12:00:00,VF-01,177.565,0.0,60.902,2.698,100.0,894.15,314.446,0.071
2026-05-21 16:00:00,VF-01,177.839,0.0,58.816,2.721,100.0,882.267,316.737,0.11
2026-05-21 20:00:00,VF-01,176.962,0.0,60.672,2.644,94.12,864.586,328.544,0.101
2026-05-22 00:00:00,VF-01,176.397,0.0,59.67,2.572,94.769,883.665,318.912,0.097
2026-05-22 04:00:00,VF-01,179.842,0.0,60.325,2.617,100.0,862.123,303.636,0.127
2026-05-22 08:00:00,VF-01,183.323,0.0,59.738,2.641,98.872,910.58,332.856,0.066
2026-05-22 12:00:00,VF-01,184.301,0.0,62.526,2.487,93.723,862.929,337.128,0.109
2026-05-22 16:00:00,VF-01,184.991,0.0,60.767,2.748,89.251,903.269,305.854,0.12
2026-05-22 20:00:00,VF-01,178.658,0.0,59.905,2.521,96.114,895.949,330.098,0.153
2026-05-23 00:00:00,VF-01,180.325,0.0,60.112,2.596,89.176,925.733,309.243,0.102
2026-05-23 04:00:00,VF-01,188.646,0.0,60.583,2.745,89.967,847.281,336.209,0.203
2026-05-23 08:00:00,VF-01,183.03,0.0,61.69,2.887,84.674,868.816,330.322,0.14
2026-05-23 12:00:00,VF-01,183.238,0.0,60.738,2.69,89.377,889.651,321.933,0.183
2026-05-23 16:00:00,VF-01,185.925,0.0,62.714,2.868,80.247,906.195,325.021,0.143
2026-05-23 20:00:00,VF-01,182.019,0.0,60.964,2.754,90.371,913.917,332.282,0.211
2026-05-24 00:00:00,VF-01,196.241,0.0,64.028,2.883,88.15,874.761,326.498,0.147
2026-05-24 04:00:00,VF-01,195.267,0.0,64.368,2.947,82.573,932.244,315.988,0.203
2026-05-24 08:00:00,VF-01,182.964,0.0,60.675,3.075,87.685,919.644,336.975,0.175
2026-05-24 12:00:00,VF-01,190.672,0.0,63.052,2.944,94.993,944.661,336.43,0.181
2026-05-24 16:00:00,VF-01,190.728,0.0,64.707,2.811,86.679,926.949,334.33,0.198
2026-05-24 20:00:00,VF-01,188.039,0.0,62.535,3.076,98.929,907.798,343.605,0.162
2026-05-25 00:00:00,VF-01,192.569,0.0,62.055,2.925,100.0,932.636,348.081,0.217
2026-05-25 04:00:00,VF-01,189.327,0.0,65.059,2.929,99.249,900.305,334.931,0.156
2026-05-25 08:00:00,VF-01,193.913,0.0,65.907,2.949,100.0,928.17,341.414,0.188
2026-05-25 12:00:00,VF-01,191.022,0.0,66.946,2.978,96.776,921.311,349.697,0.176
2026-05-25 16:00:00,VF-01,185.481,0.0,64.509,2.893,100.0,920.487,349.583,0.166
2026-05-25 20:00:00,VF-01,180.454,0.0,64.56,2.983,93.307,891.774,358.098,0.192
2026-05-26 00:00:00,VF-01,188.525,0.0,63.528,3.219,94.825,920.73,331.709,0.22
2026-05-26 04:00:00,VF-01,186.239,0.0,61.515,2.947,95.284,895.548,351.302,0.205
2026-05-26 08:00:00,VF-01,185.143,0.0,60.793,2.81,90.487,895.078,338.691,0.212
2026-05-26 12:00:00,VF-01,188.378,0.0,63.136,2.875,93.463,949.386,343.705,0.162
2026-05-26 16:00:00,VF-01,184.058,0.0,64.046,2.782,86.073,897.589,343.708,0.13
2026-05-26 20:00:00,VF-01,188.065,0.0,62.366,2.872,84.492,893.676,325.091,0.155
2026-05-27 00:00:00,VF-01,184.596,0.0,61.107,2.95,84.255,916.847,355.743,0.133
2026-05-27 04:00:00,VF-01,190.336,0.0,62.01,3.009,85.879,857.113,331.136,0.16
2026-05-27 08:00:00,VF-01,179.709,0.0,60.956,2.856,84.531,919.893,332.229,0.076
2026-05-27 12:00:00,VF-01,180.496,0.0,64.214,2.69,85.318,900.182,328.145,0.153
2026-05-27 16:00:00,VF-01,179.739,0.0,59.953,2.632,86.504,908.171,329.962,0.138
2026-05-27 20:00:00,VF-01,178.348,0.0,61.345,2.75,86.461,868.379,328.266,0.125
2026-05-28 00:00:00,VF-01,182.806,0.0,62.385,2.674,92.142,871.863,323.983,0.187
2026-05-28 04:00:00,VF-01,181.416,0.0,61.506,2.84,98.94,909.305,319.305,0.186
2026-05-28 08:00:00,VF-01,185.818,0.0,61.357,2.902,96.367,897.256,324.673,0.081
2026-05-28 12:00:00,VF-01,178.927,0.0,59.57,2.79,97.482,928.053,307.245,0.085
2026-05-28 16:00:00,VF-01,179.763,0.0,59.866,2.533,100.0,888.499,322.474,0.144
2026-05-28 20:00:00,VF-01,182.741,0.0,62.451,2.797,91.701,891.543,329.1,0.067
2026-05-29 00:00:00,VF-01,183.529,0.0,61.68,2.775,99.948,899.974,320.241,0.166
2026-05-29 04:00:00,VF-01,183.422,0.0,62.816,3.012,97.463,915.372,319.501,0.126
2026-05-29 08:00:00,VF-01,187.423,0.0,61.741,2.674,100.0,878.944,323.856,0.109
2026-05-29 12:00:00,VF-01,183.434,0.0,62.229,2.633,94.951,893.432,319.247,0.146
2026-05-29 16:00:00,VF-01,183.991,0.0,63.094,2.797,100.0,886.9,318.42,0.11
2026-05-29 20:00:00,VF-01,186.84,0.0,63.115,2.953,86.07,852.078,330.142,0.125
2026-05-30 00:00:00,VF-01,191.573,0.0,61.029,2.974,87.47,893.525,353.577,0.245
2026-05-30 04:00:00,VF-01,190.309,0.0,64.045,3.062,88.915,857.529,327.086,0.271
2026-05-30 08:00:00,VF-01,191.838,0.0,63.425,3.123,86.822,898.058,339.827,0.164
2026-05-30 12:00:00,VF-01,188.473,0.0,63.136,3.006,77.967,892.548,347.727,0.207
2026-05-30 16:00:00,VF-01,203.214,0.0,64.688,2.999,88.795,904.273,352.702,0.21
2026-05-30 20:00:00,VF-01,194.843,0.0,66.956,3.116,83.031,872.834,364.46,0.185
2026-05-31 00:00:00,VF-01,196.336,0.0,66.602,3.26,80.616,884.682,345.766,0.272
2026-05-31 04:00:00,VF-01,197.706,0.0,66.694,3.054,93.003,898.156,369.409,0.244
2026-05-31 08:00:00,VF-01,195.931,0.0,66.98,3.279,98.391,936.535,365.508,0.278
2026-05-31 12:00:00,VF-01,193.443,0.0,66.738,3.259,91.768,861.516,373.182,0.338
2026-05-31 16:00:00,VF-01,197.13,0.0,67.216,3.419,98.312,926.255,355.275,0.25
2026-05-31 20:00:00,VF-01,203.238,0.0,67.478,3.314,95.353,887.114,366.508,0.289
2026-06-01 00:00:00,VF-01,208.334,0.0,68.676,3.42,98.866,885.378,366.229,0.307
2026-06-01 04:00:00,VF-01,199.608,0.0,68.242,3.362,100.0,878.393,352.981,0.326
2026-06-01 08:00:00,VF-01,208.263,0.0,66.619,3.265,100.0,907.872,373.936,0.292
2026-06-01 12:00:00,VF-01,210.588,0.0,68.927,3.295,98.002,945.075,378.184,0.393
2026-06-01 16:00:00,VF-01,212.607,0.0,68.522,3.412,97.214,925.082,389.3,0.363
2026-06-01 20:00:00,VF-01,206.156,0.0,71.288,3.29,97.901,935.184,366.229,0.388
2026-06-02 00:00:00,VF-01,209.846,0.0,67.861,3.454,95.915,914.974,379.489,0.293
2026-06-02 04:00:00,VF-01,209.647,0.0,66.866,3.513,93.961,923.196,392.828,0.389
2026-06-02 08:00:00,VF-01,202.098,0.0,69.308,3.764,89.998,910.16,374.239,0.385
2026-06-02 12:00:00,VF-01,211.115,0.0,67.757,3.512,83.827,879.532,385.239,0.341
2026-06-02 16:00:00,VF-01,204.99,0.0,68.973,3.617,93.123,934.384,389.288,0.34
2026-06-02 20:00:00,VF-01,209.225,0.0,67.894,3.488,90.012,946.704,384.371,0.299
2026-06-03 00:00:00,VF-01,213.656,0.0,70.207,3.552,87.167,933.883,371.923,0.236
2026-06-03 04:00:00,VF-01,210.177,0.0,68.155,3.507,81.353,889.09,392.813,0.376
2026-06-03 08:00:00,VF-01,203.571,0.0,67.985,3.56,91.32,907.766,368.232,0.347
2026-06-03 12:00:00,VF-01,210.159,0.0,66.643,3.762,91.038,890.602,391.936,0.312
2026-06-03 16:00:00,VF-01,207.215,0.0,70.329,3.315,81.928,882.097,388.715,0.325
2026-06-03 20:00:00,VF-01,208.181,0.0,68.233,3.425,87.25,908.294,377.799,0.305
2026-06-04 00:00:00,VF-01,202.804,0.0,68.087,3.464,92.121,892.108,387.139,0.368
2026-06-04 04:00:00,VF-01,201.601,0.0,68.589,3.626,93.76,883.531,397.116,0.344
2026-06-04 08:00:00,VF-01,213.07,0.0,68.89,3.526,93.932,902.866,387.273,0.354
2026-06-04 12:00:00,VF-01,201.464,0.0,67.822,3.569,97.487,900.244,385.222,0.317
2026-06-04 16:00:00,VF-01,203.911,0.0,68.155,3.533,97.617,879.118,384.358,0.281
2026-06-04 20:00:00,VF-01,205.852,0.0,69.01,3.473,94.784,852.507,386.338,0.335
2026-06-05 00:00:00,VF-01,206.645,0.0,66.692,3.461,92.798,855.052,377.337,0.308
2026-06-05 04:00:00,VF-01,208.572,0.0,69.112,3.629,99.835,860.399,389.632,0.385
2026-06-05 08:00:00,VF-01,210.168,0.0,69.155,3.36,100.0,891.424,390.572,0.363
2026-06-05 12:00:00,VF-01,206.348,0.0,70.832,3.541,93.522,863.396,390.005,0.382
2026-06-05 16:00:00,VF-01,209.124,0.0,68.328,3.554,85.564,880.74,393.561,0.366
2026-06-05 20:00:00,VF-01,210.804,0.0,68.86,3.526,91.062,862.357,385.357,0.287
2026-06-06 00:00:00,VF-01,207.507,0.0,69.776,3.642,88.548,892.157,373.101,0.374
2026-06-06 04:00:00,VF-01,205.624,0.0,68.926,3.687,84.178,868.196,384.509,0.439
2026-06-06 08:00:00,VF-01,209.224,0.0,69.763,3.8,89.377,866.026,382.063,0.407
2026-06-06 12:00:00,VF-01,217.322,0.0,69.819,3.589,77.56,889.268,386.035,0.391
2026-06-06 16:00:00,VF-01,208.239,0.0,70.742,3.599,85.937,885.136,394.879,0.399
2026-06-06 20:00:00,VF-01,207.385,0.0,69.534,3.861,88.672,882.996,396.764,0.402
2026-06-07 00:00:00,VF-01,223.405,0.0,70.104,3.814,100.0,870.093,410.34,0.412
2026-06-07 04:00:00,VF-01,215.361,0.0,73.294,3.748,90.048,895.262,402.254,0.398
2026-06-07 08:00:00,VF-01,221.465,0.0,72.048,3.727,90.652,862.104,397.39,0.434
2026-06-07 12:00:00,VF-01,219.056,0.0,72.613,3.815,87.952,929.837,417.362,0.47
2026-06-07 16:00:00,VF-01,224.862,0.0,71.926,3.906,89.979,920.776,413.207,0.523
2026-06-07 20:00:00,VF-01,223.394,0.0,72.773,3.809,99.503,875.205,420.453,0.459
2026-06-08 00:00:00,VF-01,218.222,0.0,74.077,4.116,100.0,887.305,430.273,0.453
2026-06-08 04:00:00,VF-01,227.582,0.0,74.916,4.042,98.168,882.695,432.761,0.542
2026-06-08 08:00:00,VF-01,227.124,0.0,74.198,4.25,96.786,926.937,421.75,0.512
2026-06-08 12:00:00,VF-01,229.156,0.0,75.522,4.146,100.0,906.804,427.169,0.515
2026-06-08 16:00:00,VF-01,222.589,0.0,74.786,4.129,97.274,928.708,428.285,0.498
2026-06-08 20:00:00,VF-01,228.874,0.0,74.855,4.12,100.0,902.764,442.059,0.502
2026-06-09 00:00:00,VF-01,223.886,0.0,76.14,4.409,90.655,917.351,441.862,0.514
2026-06-09 04:00:00,VF-01,231.484,0.0,78.571,4.051,99.463,907.01,438.483,0.552
2026-06-09 08:00:00,VF-01,232.888,0.0,76.125,4.225,96.545,917.336,428.334,0.581
2026-06-09 12:00:00,VF-01,232.362,0.0,75.112,4.296,94.303,887.417,454.941,0.565
2026-06-09 16:00:00,VF-01,235.93,0.0,75.778,4.012,90.747,933.111,438.21,0.57
2026-06-09 20:00:00,VF-01,239.144,0.0,76.9,4.368,89.867,912.048,445.748,0.562
2026-06-10 00:00:00,VF-01,232.512,0.0,76.68,4.158,95.116,919.455,445.021,0.57
2026-06-10 04:00:00,VF-01,232.428,0.0,75.763,4.316,83.757,960.741,447.878,0.524
2026-06-10 08:00:00,VF-01,234.617,0.0,77.382,4.324,87.561,944.16,439.953,0.651
2026-06-10 12:00:00,VF-01,236.263,0.0,76.429,4.269,87.691,900.5,426.59,0.57
2026-06-10 16:00:00,VF-01,233.343,0.0,77.621,4.184,83.929,912.152,438.0,0.555
2026-06-10 20:00:00,VF-01,230.091,0.0,76.022,4.141,95.346,942.749,419.511,0.576
2026-06-11 00:00:00,VF-01,229.989,0.0,78.229,4.15,86.469,913.104,443.588,0.52
2026-06-11 04:00:00,VF-01,240.756,0.0,77.56,4.328,90.251,901.623,432.9,0.55
2026-06-11 08:00:00,VF-01,231.513,0.0,75.049,4.181,100.0,927.311,443.774,0.569
2026-06-11 12:00:00,VF-01,232.587,0.0,75.788,4.091,96.915,893.953,441.241,0.566
2026-06-11 16:00:00,VF-01,34.912,0.0,78.011,4.209,15.459,139.699,66.635,0.557
2026-06-11 20:00:00,VF-01,34.729,0.0,75.851,4.142,14.605,136.457,69.805,0.527
2026-06-12 00:00:00,VF-01,34.8,0.0,75.955,4.103,14.492,133.402,66.754,0.501
2026-06-12 04:00:00,VF-01,34.989,0.0,76.536,4.085,13.489,138.564,63.843,0.577
2026-06-12 08:00:00,VF-01,34.291,0.0,77.526,4.137,14.359,134.652,66.944,0.553
2026-06-12 12:00:00,VF-01,35.269,0.0,74.351,4.05,14.792,129.123,64.195,0.565
2026-06-12 16:00:00,VF-01,36.143,0.0,77.994,4.399,14.173,132.599,65.663,0.576
2026-06-12 20:00:00,VF-01,34.74,0.0,76.901,4.204,14.188,126.762,66.472,0.605
2026-06-13 00:00:00,VF-01,35.803,0.0,75.131,4.177,12.642,134.409,65.478,0.577
2026-06-13 04:00:00,VF-01,34.378,0.0,78.84,4.243,13.198,137.524,65.89,0.6
2026-06-13 08:00:00,VF-01,35.012,0.0,76.257,4.166,12.071,135.976,64.646,0.506
2026-06-13 12:00:00,VF-01,34.389,0.0,76.277,4.246,12.422,131.979,66.169,0.601
2026-06-13 16:00:00,VF-01,35.697,0.0,77.095,4.431,12.27,134.688,66.093,0.64
2026-06-13 20:00:00,VF-01,34.822,0.0,77.993,4.184,12.022,128.779,68.422,0.602
2026-06-14 00:00:00,VF-01,36.138,0.0,77.696,4.508,12.919,135.942,69.391,0.615
2026-06-14 04:00:00,VF-01,35.303,0.0,76.825,4.276,14.348,133.748,69.144,0.61
2026-06-14 08:00:00,VF-01,36.49,0.0,79.222,4.455,12.8,130.264,68.253,0.604
2026-06-14 12:00:00,VF-01,34.834,0.0,78.437,4.382,13.933,131.192,67.06,0.584
2026-06-14 16:00:00,VF-01,248.662,0.0,81.529,4.411,93.381,900.194,469.365,0.656
2026-06-14 20:00:00,VF-01,237.666,0.0,80.264,4.644,97.737,919.275,451.663,0.687
2026-06-15 00:00:00,VF-01,236.235,0.0,82.403,4.424,92.937,895.918,475.796,0.662
2026-06-15 04:00:00,VF-01,246.743,0.0,81.711,4.505,99.132,900.829,473.138,0.637
2026-06-15 08:00:00,VF-01,247.379,0.0,81.464,4.701,100.0,920.732,485.656,0.679
2026-06-15 12:00:00,VF-01,242.856,0.0,79.477,4.773,100.0,894.863,469.103,0.662
2026-06-15 16:00:00,VF-01,242.929,0.0,82.231,4.732,100.0,920.999,483.703,0.67
2026-06-15 20:00:00,VF-01,237.582,0.0,81.536,4.699,100.0,883.535,466.039,0.644
2026-06-16 00:00:00,VF-01,246.942,0.0,82.366,4.731,96.282,934.93,470.889,0.67
2026-06-16 04:00:00,VF-01,240.818,0.0,81.095,4.496,94.186,955.077,479.315,0.692
2026-06-16 08:00:00,VF-01,242.806,0.0,81.126,4.918,93.638,942.738,476.816,0.707
2026-06-16 12:00:00,VF-01,245.337,0.0,81.149,4.705,86.551,912.466,470.405,0.688
2026-06-16 16:00:00,VF-01,239.279,0.0,80.962,4.602,79.623,933.227,478.266,0.721
2026-06-16 20:00:00,VF-01,246.643,0.0,79.984,4.739,82.988,908.569,506.518,0.712
2026-06-17 00:00:00,VF-01,241.009,0.0,79.222,4.828,88.178,919.81,471.962,0.615
2026-06-17 04:00:00,VF-01,252.714,0.0,81.118,4.862,86.166,943.649,481.381,0.709
2026-06-17 08:00:00,VF-01,250.786,0.0,82.398,4.568,77.172,920.649,486.348,0.714
2026-06-17 12:00:00,VF-01,243.905,0.0,81.551,4.66,91.066,963.297,477.517,0.741
2026-06-17 16:00:00,VF-01,254.385,0.0,79.808,4.852,95.236,921.152,495.929,0.705
2026-06-17 20:00:00,VF-01,245.206,0.0,82.032,4.805,93.356,904.112,467.692,0.64
2026-06-18 00:00:00,VF-01,252.45,0.0,80.921,4.247,95.801,875.075,465.734,0.657
2026-06-18 04:00:00,VF-01,250.541,0.0,80.801,4.594,99.222,877.635,475.46,0.645
2026-06-18 08:00:00,VF-01,253.096,0.0,80.902,4.532,100.0,903.464,459.815,0.674
2026-06-18 12:00:00,VF-01,241.596,0.0,80.121,4.503,98.679,900.565,484.123,0.696
2026-06-18 16:00:00,VF-01,246.544,0.0,78.281,4.496,97.116,886.974,457.903,0.716
2026-06-18 20:00:00,VF-01,245.454,0.0,81.257,4.648,97.96,890.916,481.924,0.604
2026-06-19 00:00:00,VF-01,239.536,0.0,78.619,4.657,100.0,902.499,467.407,0.671
2026-06-19 04:00:00,VF-01,242.707,0.0,80.157,4.599,97.556,903.682,459.848,0.643
2026-06-19 08:00:00,VF-01,237.363,0.0,77.063,4.602,95.904,904.963,458.989,0.62
2026-06-19 12:00:00,VF-01,242.59,0.0,81.803,4.511,97.979,870.273,476.988,0.63
2026-06-19 16:00:00,VF-01,239.4,0.0,78.92,4.394,96.582,847.448,461.102,0.694
2026-06-19 20:00:00,VF-01,236.914,0.0,76.872,4.509,94.574,918.976,462.122,0.596
2026-06-20 00:00:00,VF-01,239.129,0.0,78.548,4.405,88.866,879.766,446.094,0.602
2026-06-20 04:00:00,VF-01,238.959,0.0,77.307,4.161,80.041,875.675,467.598,0.607
2026-06-20 08:00:00,VF-01,237.619,0.0,75.902,4.412,79.336,877.904,450.932,0.606
2026-06-20 12:00:00,VF-01,235.344,0.0,78.664,4.379,82.091,858.473,466.287,0.638
2026-06-20 16:00:00,VF-01,242.097,0.0,79.961,4.332,84.137,886.157,453.467,0.607
2026-06-20 20:00:00,VF-01,239.44,0.0,79.198,4.403,85.11,878.108,443.622,0.628
2026-06-21 00:00:00,VF-01,238.577,0.0,78.763,4.479,83.306,891.105,449.011,0.631
2026-06-21 04:00:00,VF-01,240.412,0.0,78.797,4.617,92.546,914.049,449.554,0.639
2026-06-21 08:00:00,VF-01,237.176,0.0,78.667,4.298,84.151,883.641,450.767,0.551
2026-06-21 12:00:00,VF-01,231.584,0.0,77.866,4.5,92.123,880.39,439.047,0.533
2026-06-21 16:00:00,VF-01,238.286,0.0,78.299,4.576,100.0,888.532,455.018,0.67
2026-06-21 20:00:00,VF-01,239.092,0.0,80.267,4.339,95.94,874.741,455.783,0.615
2026-06-22 00:00:00,VF-01,232.261,0.0,78.827,4.304,95.148,885.42,462.979,0.603
2026-06-22 04:00:00,VF-01,248.583,0.0,79.606,4.673,94.932,900.424,452.217,0.576
2026-06-22 08:00:00,VF-01,245.111,0.0,80.715,4.569,95.796,877.887,457.099,0.691
2026-06-22 12:00:00,VF-01,235.51,0.0,80.998,4.747,100.0,884.858,444.835,0.655
2026-06-22 16:00:00,VF-01,242.141,0.0,79.515,4.586,97.66,933.351,476.429,0.657
2026-06-22 20:00:00,VF-01,246.603,0.0,79.512,4.694,94.552,900.469,491.754,0.683
2026-06-23 00:00:00,VF-01,251.657,0.0,82.302,4.64,89.654,905.891,468.716,0.687
2026-06-23 04:00:00,VF-01,237.835,0.0,81.669,4.791,94.609,950.66,468.476,0.708
2026-06-23 08:00:00,VF-01,252.411,0.0,81.807,4.834,94.311,901.368,478.856,0.662
2026-06-23 12:00:00,VF-01,246.333,0.0,82.44,4.945,96.398,923.997,487.085,0.746
2026-06-23 16:00:00,VF-01,244.797,0.0,81.352,4.703,93.702,890.648,471.29,0.64
2026-06-23 20:00:00,VF-01,247.209,0.0,82.609,4.641,85.898,925.383,485.842,0.778
2026-06-24 00:00:00,VF-01,248.926,0.0,82.783,4.536,85.147,896.583,477.904,0.684
2026-06-24 04:00:00,VF-01,259.095,0.0,82.562,4.981,85.51,911.938,477.846,0.669
2026-06-24 08:00:00,VF-01,246.929,0.0,82.396,4.78,87.079,925.133,492.722,0.639
2026-06-24 12:00:00,VF-01,251.322,0.0,82.549,4.655,89.723,904.25,485.443,0.688
2026-06-24 16:00:00,VF-01,253.068,0.0,79.573,5.033,94.738,904.805,481.684,0.739
2026-06-24 20:00:00,VF-01,242.042,0.0,82.697,4.725,92.683,893.455,484.953,0.724
2026-06-25 00:00:00,VF-01,250.605,0.0,82.242,4.831,88.27,910.82,465.098,0.659
2026-06-25 04:00:00,VF-01,246.333,0.0,79.478,4.655,94.611,912.763,472.994,0.702
2026-06-25 08:00:00,VF-01,251.158,0.0,83.414,4.659,100.0,878.819,470.003,0.739
2026-06-25 12:00:00,VF-01,244.322,0.0,78.818,4.639,93.837,905.339,483.693,0.708
2026-06-25 16:00:00,VF-01,240.913,0.0,80.521,4.656,99.799,870.145,468.61,0.569
2026-06-25 20:00:00,VF-01,247.505,0.0,79.03,4.708,99.945,929.465,467.778,0.656
2026-06-26 00:00:00,VF-01,248.572,0.0,80.811,4.728,98.997,883.496,475.632,0.725
2026-06-26 04:00:00,VF-01,239.585,0.0,79.607,4.565,100.0,902.129,472.882,0.655
2026-06-26 08:00:00,VF-01,239.268,0.0,79.939,4.447,100.0,861.874,465.604,0.624
2026-06-26 12:00:00,VF-01,241.892,0.0,80.173,4.265,92.205,886.481,458.057,0.703
2026-06-26 16:00:00,VF-01,242.278,0.0,80.668,4.523,96.0,912.993,462.942,0.717
2026-06-26 20:00:00,VF-01,244.127,0.0,77.863,4.46,91.698,911.681,446.894,0.675
2026-06-27 00:00:00,VF-01,237.581,0.0,78.335,4.388,88.428,874.954,441.185,0.595
2026-06-27 04:00:00,VF-01,233.976,0.0,78.554,4.524,92.125,892.912,456.882,0.618
2026-06-27 08:00:00,VF-01,229.771,0.0,77.192,4.406,86.758,866.16,460.343,0.621
2026-06-27 12:00:00,VF-01,240.489,0.0,79.929,4.395,81.652,878.67,450.904,0.62
2026-06-27 16:00:00,VF-01,245.65,0.0,78.971,4.428,75.919,897.76,450.511,0.622
2026-06-27 20:00:00,VF-01,243.122,0.0,80.163,4.447,78.202,870.551,444.926,0.614
2026-06-28 00:00:00,VF-01,244.936,0.0,80.266,4.42,83.158,878.054,461.28,0.622
2026-06-28 04:00:00,VF-01,234.171,0.0,78.082,4.25,79.484,909.039,432.159,0.668
2026-06-28 08:00:00,VF-01,237.249,0.0,78.737,4.211,91.353,914.203,465.4,0.582
2026-06-28 12:00:00,VF-01,236.654,0.0,77.661,4.507,96.2,872.029,466.006,0.64
2026-06-28 16:00:00,VF-01,236.306,0.0,78.967,4.392,93.171,890.825,449.862,0.616
2026-06-28 20:00:00,VF-01,249.087,0.0,77.788,4.388,93.309,905.665,454.833,0.648
2026-06-29 00:00:00,VF-01,241.881,0.0,78.602,4.246,99.69,880.192,463.084,0.629
2026-06-29 04:00:00,VF-01,238.311,0.0,77.443,4.582,100.0,854.409,455.123,0.6
2026-06-29 08:00:00,VF-01,242.949,0.0,80.091,4.525,97.183,885.822,453.048,0.653
2026-06-29 12:00:00,VF-01,238.519,0.0,81.048,4.379,100.0,907.99,456.805,0.669
2026-06-29 16:00:00,VF-01,240.667,0.0,78.028,4.083,100.0,912.328,471.836,0.624
2026-06-29 20:00:00,VF-01,240.802,0.0,81.222,4.238,96.646,907.032,469.083,0.679
2026-01-01 00:00:00,DMS-01,124.776,0.0,57.834,2.946,80.423,24.299,216.54,0.048
2026-01-01 04:00:00,DMS-01,125.032,0.0,56.413,3.08,83.837,24.638,212.255,0.031
2026-01-01 08:00:00,DMS-01,123.539,0.0,58.696,2.955,80.946,26.197,209.04,0.047
2026-01-01 12:00:00,DMS-01,126.203,0.0,58.459,3.125,84.098,24.468,215.626,0.063
2026-01-01 16:00:00,DMS-01,133.079,0.0,58.226,3.013,84.189,26.663,218.203,0.07
2026-01-01 20:00:00,DMS-01,126.123,0.0,58.132,3.034,85.015,25.924,223.088,0.071
2026-01-02 00:00:00,DMS-01,134.616,0.0,59.673,3.165,91.28,24.81,216.6,0.162
2026-01-02 04:00:00,DMS-01,132.991,0.0,58.24,3.204,85.693,26.004,212.084,0.08
2026-01-02 08:00:00,DMS-01,132.666,0.0,60.83,3.198,77.982,27.154,223.391,0.095
2026-01-02 12:00:00,DMS-01,140.035,0.0,58.304,3.266,80.141,25.941,215.821,0.08
2026-01-02 16:00:00,DMS-01,127.972,0.0,60.582,3.05,81.985,25.318,223.472,0.134
2026-01-02 20:00:00,DMS-01,139.559,0.0,57.881,3.091,79.049,25.642,228.765,0.191
2026-01-03 00:00:00,DMS-01,135.337,0.0,60.23,3.186,80.768,24.831,212.592,0.194
2026-01-03 04:00:00,DMS-01,137.075,0.0,58.941,3.09,78.167,25.832,220.659,0.102
2026-01-03 08:00:00,DMS-01,131.359,0.0,58.474,3.219,74.053,26.876,213.456,0.118
2026-01-03 12:00:00,DMS-01,136.952,0.0,59.101,3.171,78.365,25.91,216.131,0.077
2026-01-03 16:00:00,DMS-01,129.383,0.0,60.648,3.239,65.922,25.361,215.693,0.045
2026-01-03 20:00:00,DMS-01,134.233,0.0,59.463,3.263,68.751,25.34,221.877,0.086
2026-01-04 00:00:00,DMS-01,128.287,0.0,57.554,3.037,74.192,24.906,210.003,0.061
2026-01-04 04:00:00,DMS-01,135.748,0.0,59.709,3.222,76.204,24.897,212.17,0.074
2026-01-04 08:00:00,DMS-01,127.207,0.0,58.314,3.244,67.226,26.118,216.007,0.058
2026-01-04 12:00:00,DMS-01,131.279,0.0,58.624,2.957,74.969,24.568,214.096,0.025
2026-01-04 16:00:00,DMS-01,139.484,0.0,59.015,2.853,71.28,25.659,209.929,0.032
2026-01-04 20:00:00,DMS-01,126.487,0.0,57.402,2.86,84.923,24.915,214.182,0.009
2026-01-05 00:00:00,DMS-01,126.009,0.0,58.919,2.846,89.769,25.382,213.425,0.038
2026-01-05 04:00:00,DMS-01,131.854,0.0,54.984,2.921,79.406,25.407,211.406,0.014
2026-01-05 08:00:00,DMS-01,126.231,0.0,57.655,2.843,87.965,24.014,203.838,0.137
2026-01-05 12:00:00,DMS-01,129.19,0.0,58.348,2.991,85.686,23.955,206.964,0.017
2026-01-05 16:00:00,DMS-01,128.436,0.0,56.735,2.971,71.184,23.261,205.253,0.005
2026-01-05 20:00:00,DMS-01,130.805,0.0,56.907,2.797,79.828,24.425,213.07,0.04
2026-01-06 00:00:00,DMS-01,127.654,0.0,59.801,2.752,76.428,24.609,213.26,0.0
2026-01-06 04:00:00,DMS-01,124.94,0.0,56.63,2.722,76.838,23.873,202.791,0.0
2026-01-06 08:00:00,DMS-01,125.524,0.0,55.974,2.663,79.729,23.996,197.428,0.0
2026-01-06 12:00:00,DMS-01,126.266,0.0,57.238,2.838,70.32,23.606,200.001,0.025
2026-01-06 16:00:00,DMS-01,129.829,0.0,56.028,2.688,76.071,24.327,209.422,0.0
2026-01-06 20:00:00,DMS-01,122.623,0.0,57.01,2.867,76.071,23.725,201.557,0.009
2026-01-07 00:00:00,DMS-01,129.68,0.0,56.149,2.777,65.422,25.85,204.288,0.0
2026-01-07 04:00:00,DMS-01,121.022,0.0,56.989,2.842,67.784,24.616,199.252,0.019
2026-01-07 08:00:00,DMS-01,127.435,0.0,57.068,2.985,76.777,23.689,204.814,0.0
2026-01-07 12:00:00,DMS-01,124.121,0.0,57.302,2.98,69.365,24.843,203.423,0.0
2026-01-07 16:00:00,DMS-01,123.485,0.0,57.701,2.779,66.461,23.698,202.398,0.041
2026-01-07 20:00:00,DMS-01,120.968,0.0,56.845,2.761,68.821,23.403,204.858,0.101
2026-01-08 00:00:00,DMS-01,130.618,0.0,58.511,3.027,74.916,25.717,207.565,0.048
2026-01-08 04:00:00,DMS-01,137.242,0.0,58.53,2.911,73.29,26.855,208.044,0.113
2026-01-08 08:00:00,DMS-01,131.518,0.0,57.251,3.089,84.222,23.778,218.125,0.102
2026-01-08 12:00:00,DMS-01,134.953,0.0,60.64,3.073,79.525,23.602,207.975,0.0
2026-01-08 16:00:00,DMS-01,134.479,0.0,58.699,2.77,91.334,24.477,200.004,0.0
2026-01-08 20:00:00,DMS-01,133.253,0.0,57.952,3.005,83.351,24.769,203.518,0.037
2026-01-09 00:00:00,DMS-01,135.572,0.0,59.139,3.16,88.532,25.147,210.867,0.035
2026-01-09 04:00:00,DMS-01,132.944,0.0,59.323,3.147,88.128,25.156,208.929,0.022
2026-01-09 08:00:00,DMS-01,138.325,0.0,58.261,2.999,81.239,26.069,232.375,0.084
2026-01-09 12:00:00,DMS-01,140.915,0.0,60.327,3.179,88.764,27.129,213.548,0.052
2026-01-09 16:00:00,DMS-01,131.778,0.0,61.495,3.332,68.973,24.912,214.35,0.055
2026-01-09 20:00:00,DMS-01,128.861,0.0,61.769,3.076,78.83,25.36,215.625,0.088
2026-01-10 00:00:00,DMS-01,135.262,0.0,58.65,2.967,78.764,25.31,228.044,0.094
2026-01-10 04:00:00,DMS-01,135.225,0.0,59.74,3.091,67.354,26.294,223.935,0.086
2026-01-10 08:00:00,DMS-01,138.824,0.0,60.065,3.189,62.323,25.305,219.593,0.062
2026-01-10 12:00:00,DMS-01,136.038,0.0,57.997,3.047,71.654,26.054,227.282,0.101
2026-01-10 16:00:00,DMS-01,135.678,0.0,59.574,3.15,74.306,25.14,229.249,0.105
2026-01-10 20:00:00,DMS-01,135.639,0.0,60.965,3.104,74.169,24.932,213.704,0.061
2026-01-11 00:00:00,DMS-01,133.897,0.0,58.374,3.24,75.868,26.453,215.679,0.097
2026-01-11 04:00:00,DMS-01,132.327,0.0,57.716,3.262,67.379,25.689,204.115,0.041
2026-01-11 08:00:00,DMS-01,131.021,0.0,59.431,3.224,79.231,26.434,220.661,0.093
2026-01-11 12:00:00,DMS-01,134.922,0.0,58.524,3.099,72.192,26.357,215.963,0.114
2026-01-11 16:00:00,DMS-01,133.6,0.0,57.862,3.087,78.247,25.438,211.011,0.045
2026-01-11 20:00:00,DMS-01,131.315,0.0,59.016,2.909,80.868,24.479,216.954,0.054
2026-01-12 00:00:00,DMS-01,129.308,0.0,57.543,2.992,81.778,26.308,213.118,0.055
2026-01-12 04:00:00,DMS-01,134.513,0.0,59.708,2.866,84.889,25.34,205.95,0.056
2026-01-12 08:00:00,DMS-01,134.82,0.0,57.93,2.828,87.127,25.606,214.827,0.044
2026-01-12 12:00:00,DMS-01,129.111,0.0,55.455,3.115,81.059,24.841,201.018,0.005
2026-01-12 16:00:00,DMS-01,128.106,0.0,56.673,2.981,87.345,25.482,203.111,0.117
2026-01-12 20:00:00,DMS-01,126.116,0.0,56.352,3.005,77.303,26.294,205.8,0.111
2026-01-13 00:00:00,DMS-01,129.899,0.0,56.987,3.182,81.603,24.427,202.123,0.071
2026-01-13 04:00:00,DMS-01,120.894,0.0,58.444,2.764,74.1,24.645,203.715,0.0
2026-01-13 08:00:00,DMS-01,126.599,0.0,55.832,2.79,68.233,24.711,214.343,0.102
2026-01-13 12:00:00,DMS-01,124.045,0.0,55.536,2.986,75.431,24.48,201.017,0.022
2026-01-13 16:00:00,DMS-01,124.625,0.0,57.875,2.669,62.864,24.237,192.102,0.0
2026-01-13 20:00:00,DMS-01,121.307,0.0,56.405,2.749,70.064,24.097,195.667,0.0
2026-01-14 00:00:00,DMS-01,122.914,0.0,57.047,2.648,62.295,24.146,214.742,0.0
2026-01-14 04:00:00,DMS-01,127.523,0.0,55.929,2.76,64.0,23.993,211.053,0.026
2026-01-14 08:00:00,DMS-01,120.151,0.0,55.594,2.946,69.785,24.949,200.667,0.0
2026-01-14 12:00:00,DMS-01,122.532,0.0,54.961,3.186,67.234,25.482,204.427,0.0
2026-01-14 16:00:00,DMS-01,123.707,0.0,56.422,2.591,68.289,24.667,207.027,0.0
2026-01-14 20:00:00,DMS-01,129.939,0.0,55.519,2.867,73.067,23.672,196.935,0.043
2026-01-15 00:00:00,DMS-01,124.193,0.0,56.614,2.678,70.352,24.334,209.703,0.013
2026-01-15 04:00:00,DMS-01,124.83,0.0,58.812,2.876,79.665,22.409,211.51,0.0
2026-01-15 08:00:00,DMS-01,130.377,0.0,57.154,2.758,78.593,23.512,194.314,0.038
2026-01-15 12:00:00,DMS-01,124.692,0.0,57.267,2.904,73.392,25.93,217.827,0.07
2026-01-15 16:00:00,DMS-01,127.498,0.0,57.747,2.97,89.406,24.608,212.586,0.0
2026-01-15 20:00:00,DMS-01,131.034,0.0,59.365,2.867,86.949,24.179,214.306,0.063
2026-01-16 00:00:00,DMS-01,130.33,0.0,59.338,3.151,91.546,24.665,203.51,0.0
2026-01-16 04:00:00,DMS-01,129.559,0.0,56.795,2.922,78.256,25.23,210.734,0.062
2026-01-16 08:00:00,DMS-01,123.565,0.0,57.505,3.244,86.646,23.648,206.485,0.103
2026-01-16 12:00:00,DMS-01,130.122,0.0,59.102,3.082,85.526,25.023,211.925,0.131
2026-01-16 16:00:00,DMS-01,133.768,0.0,57.107,2.914,83.0,25.338,224.845,0.128
2026-01-16 20:00:00,DMS-01,138.829,0.0,59.754,3.093,75.677,24.819,223.818,0.026
2026-01-17 00:00:00,DMS-01,128.323,0.0,60.252,3.09,70.711,25.179,221.008,0.04
2026-01-17 04:00:00,DMS-01,134.191,0.0,59.158,3.154,67.471,25.893,229.094,0.12
2026-01-17 08:00:00,DMS-01,136.108,0.0,61.041,3.124,78.714,26.488,220.905,0.172
2026-01-17 12:00:00,DMS-01,135.816,0.0,58.948,3.074,67.741,26.272,208.391,0.105
2026-01-17 16:00:00,DMS-01,135.363,0.0,59.117,3.211,73.038,26.175,210.68,0.173
2026-01-17 20:00:00,DMS-01,129.551,0.0,59.546,3.042,72.426,26.467,225.978,0.089
2026-01-18 00:00:00,DMS-01,137.787,0.0,61.553,3.318,65.722,26.23,214.102,0.101
2026-01-18 04:00:00,DMS-01,134.561,0.0,61.301,3.408,75.813,26.605,218.261,0.172
2026-01-18 08:00:00,DMS-01,132.053,0.0,60.295,3.273,77.766,26.249,221.321,0.1
2026-01-18 12:00:00,DMS-01,137.121,0.0,59.2,3.117,83.024,24.241,232.132,0.103
2026-01-18 16:00:00,DMS-01,132.515,0.0,60.285,3.043,77.999,25.25,219.167,0.094
2026-01-18 20:00:00,DMS-01,127.492,0.0,59.212,3.181,73.688,25.381,203.663,0.114
2026-01-19 00:00:00,DMS-01,134.311,0.0,58.693,2.919,85.461,25.45,222.484,0.103
2026-01-19 04:00:00,DMS-01,132.323,0.0,57.92,3.011,88.699,26.116,211.373,0.094
2026-01-19 08:00:00,DMS-01,139.263,0.0,57.815,3.177,79.416,24.265,215.267,0.098
2026-01-19 12:00:00,DMS-01,125.541,0.0,59.13,3.023,86.7,26.171,203.324,0.054
2026-01-19 16:00:00,DMS-01,133.331,0.0,59.172,3.096,76.71,24.658,214.994,0.078
2026-01-19 20:00:00,DMS-01,128.014,0.0,57.748,3.012,74.614,24.968,217.947,0.019
2026-01-20 00:00:00,DMS-01,132.7,0.0,56.282,2.793,74.619,25.278,205.283,0.121
2026-01-20 04:00:00,DMS-01,124.808,0.0,55.385,3.101,75.536,24.075,198.281,0.03
2026-01-20 08:00:00,DMS-01,125.994,0.0,57.476,2.994,75.83,24.374,208.737,0.023
2026-01-20 12:00:00,DMS-01,126.804,0.0,57.474,2.764,72.605,24.624,208.822,0.032
2026-01-20 16:00:00,DMS-01,126.352,0.0,58.543,2.471,74.695,24.135,210.416,0.035
2026-01-20 20:00:00,DMS-01,120.603,0.0,57.473,2.985,67.746,24.771,200.933,0.0
2026-01-21 00:00:00,DMS-01,125.532,0.0,54.931,2.827,70.088,23.714,210.725,0.057
2026-01-21 04:00:00,DMS-01,125.758,0.0,55.529,2.766,66.356,23.721,208.1,0.013
2026-01-21 08:00:00,DMS-01,121.465,0.0,56.697,2.846,69.504,24.266,200.741,0.017
2026-01-21 12:00:00,DMS-01,124.775,0.0,56.213,2.955,59.572,26.037,206.571,0.066
2026-01-21 16:00:00,DMS-01,123.483,0.0,55.543,2.878,65.384,24.181,196.729,0.0
2026-01-21 20:00:00,DMS-01,128.027,0.0,56.885,2.923,68.202,23.985,199.173,0.0
2026-01-22 00:00:00,DMS-01,123.107,0.0,56.491,2.771,76.471,23.98,194.621,0.0
2026-01-22 04:00:00,DMS-01,124.729,0.0,54.832,2.928,82.308,24.073,190.067,0.033
2026-01-22 08:00:00,DMS-01,121.308,0.0,56.105,3.062,81.023,25.39,212.499,0.0
2026-01-22 12:00:00,DMS-01,124.966,0.0,55.639,2.862,73.062,24.965,204.85,0.038
2026-01-22 16:00:00,DMS-01,126.364,0.0,54.662,2.868,78.929,23.963,204.342,0.037
2026-01-22 20:00:00,DMS-01,126.258,0.0,60.041,2.842,82.365,23.452,198.315,0.05
2026-01-23 00:00:00,DMS-01,126.899,0.0,59.334,2.871,86.078,24.0,195.429,0.049
2026-01-23 04:00:00,DMS-01,132.816,0.0,55.639,2.904,83.203,25.387,205.098,0.0
2026-01-23 08:00:00,DMS-01,127.663,0.0,57.337,3.041,82.16,24.35,203.802,0.013
2026-01-23 12:00:00,DMS-01,134.462,0.0,57.149,2.956,84.372,26.075,206.217,0.122
2026-01-23 16:00:00,DMS-01,132.733,0.0,58.053,3.032,76.933,25.334,211.115,0.063
2026-01-23 20:00:00,DMS-01,138.652,0.0,57.655,3.132,75.366,25.734,220.092,0.043
2026-01-24 00:00:00,DMS-01,136.992,0.0,60.462,3.042,71.597,24.461,218.559,0.0
2026-01-24 04:00:00,DMS-01,130.21,0.0,58.846,3.259,72.655,25.861,217.135,0.106
2026-01-24 08:00:00,DMS-01,131.287,0.0,57.886,3.162,69.977,26.301,220.74,0.058
2026-01-24 12:00:00,DMS-01,129.708,0.0,61.295,2.934,71.89,26.217,216.861,0.057
2026-01-24 16:00:00,DMS-01,134.588,0.0,58.041,3.055,69.834,25.944,208.838,0.132
2026-01-24 20:00:00,DMS-01,129.89,0.0,58.812,3.137,70.615,25.266,216.741,0.079
2026-01-25 00:00:00,DMS-01,135.513,0.0,58.185,2.954,76.527,25.313,224.215,0.079
2026-01-25 04:00:00,DMS-01,125.173,0.0,58.999,3.142,72.948,24.958,216.986,0.042
2026-01-25 08:00:00,DMS-01,128.145,0.0,59.816,3.194,76.819,24.028,213.386,0.115
2026-01-25 12:00:00,DMS-01,140.018,0.0,59.755,3.026,73.589,26.125,226.504,0.094
2026-01-25 16:00:00,DMS-01,135.492,0.0,58.7,2.959,74.846,25.786,218.837,0.059
2026-01-25 20:00:00,DMS-01,137.025,0.0,60.496,2.999,85.452,25.407,227.321,0.013
2026-01-26 00:00:00,DMS-01,133.136,0.0,59.784,2.93,87.72,24.43,224.918,0.109
2026-01-26 04:00:00,DMS-01,133.699,0.0,59.223,3.271,88.614,24.139,221.01,0.128
2026-01-26 08:00:00,DMS-01,132.687,0.0,60.237,3.083,92.628,25.147,204.471,0.109
2026-01-26 12:00:00,DMS-01,130.454,0.0,59.174,3.066,84.045,26.05,224.867,0.102
2026-01-26 16:00:00,DMS-01,136.798,0.0,59.815,3.147,81.563,24.534,212.327,0.097
2026-01-26 20:00:00,DMS-01,127.807,0.0,59.18,2.988,82.501,25.664,212.574,0.029
2026-01-27 00:00:00,DMS-01,128.513,0.0,57.06,3.068,83.534,25.061,212.584,0.058
2026-01-27 04:00:00,DMS-01,126.004,0.0,58.301,3.036,79.159,24.774,209.263,0.072
2026-01-27 08:00:00,DMS-01,128.712,0.0,59.023,2.999,74.426,23.903,207.783,0.002
2026-01-27 12:00:00,DMS-01,131.596,0.0,57.604,2.846,75.298,24.041,202.821,0.01
2026-01-27 16:00:00,DMS-01,130.903,0.0,55.418,2.932,73.356,25.174,203.612,0.0
2026-01-27 20:00:00,DMS-01,126.513,0.0,58.127,3.013,63.625,24.077,206.635,0.078
2026-01-28 00:00:00,DMS-01,127.493,0.0,57.731,2.796,67.309,24.507,205.505,0.037
2026-01-28 04:00:00,DMS-01,130.619,0.0,54.123,3.015,64.338,25.644,204.882,0.004
2026-01-28 08:00:00,DMS-01,128.395,0.0,57.091,2.773,61.822,24.155,203.768,0.0
2026-01-28 12:00:00,DMS-01,124.919,0.0,56.538,2.854,67.296,24.054,201.079,0.043
2026-01-28 16:00:00,DMS-01,129.392,0.0,54.791,2.911,65.188,25.137,195.673,0.0
2026-01-28 20:00:00,DMS-01,125.801,0.0,57.029,2.701,65.108,25.278,197.35,0.032
2026-01-29 00:00:00,DMS-01,121.36,0.0,56.446,2.851,70.485,24.132,196.471,0.01
2026-01-29 04:00:00,DMS-01,122.854,0.0,57.491,3.017,78.899,23.672,198.323,0.003
2026-01-29 08:00:00,DMS-01,118.822,0.0,57.07,2.834,82.2,24.17,210.731,0.077
2026-01-29 12:00:00,DMS-01,124.058,0.0,57.624,2.74,77.167,24.068,211.205,0.035
2026-01-29 16:00:00,DMS-01,127.821,0.0,56.122,2.943,77.564,23.393,204.47,0.026
2026-01-29 20:00:00,DMS-01,119.367,0.0,55.178,3.111,85.385,25.192,208.947,0.0
2026-01-30 00:00:00,DMS-01,125.477,0.0,53.071,2.646,78.212,24.489,204.154,0.019
2026-01-30 04:00:00,DMS-01,127.951,0.0,55.766,2.793,81.104,24.626,208.781,0.0
2026-01-30 08:00:00,DMS-01,126.621,0.0,59.49,2.925,78.348,25.322,205.944,0.021
2026-01-30 12:00:00,DMS-01,127.993,0.0,60.338,2.932,74.281,24.298,209.178,0.004
2026-01-30 16:00:00,DMS-01,122.116,0.0,56.365,2.954,82.668,25.208,205.272,0.0
2026-01-30 20:00:00,DMS-01,129.378,0.0,55.971,3.075,72.393,25.05,214.241,0.0
2026-01-31 00:00:00,DMS-01,132.098,0.0,56.433,3.098,71.785,24.716,216.927,0.1
2026-01-31 04:00:00,DMS-01,131.906,0.0,58.004,3.064,80.32,25.548,206.583,0.113
2026-01-31 08:00:00,DMS-01,138.421,0.0,58.928,3.086,63.745,26.156,209.027,0.141
2026-01-31 12:00:00,DMS-01,129.898,0.0,58.964,3.102,60.898,25.093,213.056,0.093
2026-01-31 16:00:00,DMS-01,135.299,0.0,58.615,2.974,66.796,24.603,219.472,0.123
2026-01-31 20:00:00,DMS-01,132.606,0.0,59.366,3.17,66.413,26.025,213.449,0.094
2026-02-01 00:00:00,DMS-01,136.309,0.0,59.957,3.406,72.017,25.741,216.486,0.088
2026-02-01 04:00:00,DMS-01,134.208,0.0,59.249,3.073,73.27,25.943,215.026,0.146
2026-02-01 08:00:00,DMS-01,134.136,0.0,60.269,3.074,70.024,24.449,227.342,0.063
2026-02-01 12:00:00,DMS-01,127.384,0.0,61.402,3.111,81.597,26.342,224.232,0.036
2026-02-01 16:00:00,DMS-01,129.974,0.0,61.068,3.079,74.643,25.295,212.957,0.062
2026-02-01 20:00:00,DMS-01,136.112,0.0,58.738,3.103,86.879,25.884,213.33,0.1
2026-02-02 00:00:00,DMS-01,134.915,0.0,58.172,2.858,77.629,25.88,212.819,0.081
2026-02-02 04:00:00,DMS-01,141.022,0.0,60.572,3.118,85.353,25.219,209.087,0.161
2026-02-02 08:00:00,DMS-01,135.277,0.0,58.636,3.223,85.436,24.253,232.122,0.049
2026-02-02 12:00:00,DMS-01,140.273,0.0,58.467,3.255,89.56,25.062,213.533,0.045
2026-02-02 16:00:00,DMS-01,134.603,0.0,57.765,2.892,75.709,24.974,211.796,0.01
2026-02-02 20:00:00,DMS-01,139.249,0.0,57.44,3.079,76.644,26.511,211.693,0.084
2026-02-03 00:00:00,DMS-01,130.977,0.0,58.889,3.2,81.277,25.345,210.654,0.061
2026-02-03 04:00:00,DMS-01,134.795,0.0,59.729,2.941,74.926,25.457,228.091,0.081
2026-02-03 08:00:00,DMS-01,135.847,0.0,57.374,3.063,72.685,25.838,211.015,0.037
2026-02-03 12:00:00,DMS-01,137.35,0.0,56.959,3.057,68.033,25.394,214.428,0.0
2026-02-03 16:00:00,DMS-01,132.11,0.0,57.261,2.776,76.574,25.86,212.187,0.026
2026-02-03 20:00:00,DMS-01,129.039,0.0,57.074,2.924,62.721,25.575,206.203,0.011
2026-02-04 00:00:00,DMS-01,127.542,0.0,55.643,2.979,78.849,24.82,203.673,0.0
2026-02-04 04:00:00,DMS-01,124.339,0.0,57.586,2.821,64.267,23.943,191.618,0.036
2026-02-04 08:00:00,DMS-01,127.889,0.0,56.253,2.961,69.969,26.577,221.717,0.0
2026-02-04 12:00:00,DMS-01,122.92,0.0,56.472,2.91,73.614,23.656,204.445,0.0
2026-02-04 16:00:00,DMS-01,126.575,0.0,55.405,2.667,69.608,24.766,209.995,0.046
2026-02-04 20:00:00,DMS-01,126.775,0.0,56.739,2.874,62.627,25.227,195.245,0.061
2026-02-05 00:00:00,DMS-01,123.605,0.0,56.4,2.973,79.49,25.168,197.306,0.053
2026-02-05 04:00:00,DMS-01,117.436,0.0,55.115,2.871,74.92,23.704,194.625,0.012
2026-02-05 08:00:00,DMS-01,122.816,0.0,57.946,2.801,81.063,22.917,208.732,0.0
2026-02-05 12:00:00,DMS-01,123.614,0.0,56.13,2.815,81.443,24.812,204.833,0.0
2026-02-05 16:00:00,DMS-01,120.988,0.0,55.321,2.814,78.944,22.813,192.147,0.0
2026-02-05 20:00:00,DMS-01,123.872,0.0,57.604,2.585,78.356,23.191,204.549,0.0
2026-02-06 00:00:00,DMS-01,120.041,0.0,53.899,3.107,81.574,24.104,204.656,0.0
2026-02-06 04:00:00,DMS-01,123.605,0.0,57.014,3.021,86.876,23.869,189.699,0.008
2026-02-06 08:00:00,DMS-01,127.181,0.0,56.234,2.753,84.076,24.529,198.077,0.051
2026-02-06 12:00:00,DMS-01,126.119,0.0,56.059,2.803,81.531,24.844,206.256,0.0
2026-02-06 16:00:00,DMS-01,123.709,0.0,56.371,2.716,80.639,24.105,216.284,0.0
2026-02-06 20:00:00,DMS-01,123.984,0.0,58.562,2.988,76.521,24.112,190.126,0.004
2026-02-07 00:00:00,DMS-01,131.764,0.0,56.799,2.985,65.033,24.717,201.38,0.017
2026-02-07 04:00:00,DMS-01,129.993,0.0,57.618,3.082,66.717,24.584,215.951,0.02
2026-02-07 08:00:00,DMS-01,123.24,0.0,58.288,2.88,66.446,25.058,211.876,0.067
2026-02-07 12:00:00,DMS-01,132.771,0.0,57.129,2.859,69.572,24.791,223.436,0.012
2026-02-07 16:00:00,DMS-01,134.194,0.0,60.045,3.039,63.992,25.574,203.693,0.0
2026-02-07 20:00:00,DMS-01,132.645,0.0,59.161,3.298,66.215,25.83,211.249,0.091
2026-02-08 00:00:00,DMS-01,129.936,0.0,59.705,2.915,66.943,24.076,202.745,0.08
2026-02-08 04:00:00,DMS-01,133.299,0.0,58.82,3.15,72.071,26.488,219.632,0.114
2026-02-08 08:00:00,DMS-01,135.552,0.0,61.548,3.137,72.702,24.915,220.052,0.05
2026-02-08 12:00:00,DMS-01,133.974,0.0,59.929,3.153,79.097,23.87,210.493,0.136
2026-02-08 16:00:00,DMS-01,139.34,0.0,60.035,3.248,78.056,26.424,217.871,0.085
2026-02-08 20:00:00,DMS-01,138.605,0.0,60.863,3.244,81.537,25.352,212.453,0.044
2026-02-09 00:00:00,DMS-01,139.079,0.0,58.759,3.222,96.089,24.839,225.965,0.084
2026-02-09 04:00:00,DMS-01,134.221,0.0,58.874,3.202,83.758,25.497,204.104,0.049
2026-02-09 08:00:00,DMS-01,140.842,0.0,60.089,3.114,83.264,27.66,230.914,0.069
2026-02-09 12:00:00,DMS-01,133.237,0.0,57.94,3.073,84.529,25.966,218.667,0.028
2026-02-09 16:00:00,DMS-01,136.01,0.0,58.053,3.314,79.313,24.101,220.241,0.113
2026-02-09 20:00:00,DMS-01,132.891,0.0,60.678,3.024,79.655,27.009,210.156,0.077
2026-02-10 00:00:00,DMS-01,136.863,0.0,58.726,3.169,76.061,25.702,217.881,0.138
2026-02-10 04:00:00,DMS-01,135.762,0.0,61.251,3.245,80.141,27.089,204.66,0.099
2026-02-10 08:00:00,DMS-01,130.035,0.0,60.391,3.216,72.714,25.199,221.215,0.104
2026-02-10 12:00:00,DMS-01,143.215,0.0,58.47,3.068,73.332,25.76,227.716,0.1
2026-02-10 16:00:00,DMS-01,130.647,0.0,57.916,3.216,71.867,25.001,210.2,0.121
2026-02-10 20:00:00,DMS-01,134.22,0.0,58.373,3.038,70.107,23.706,208.053,0.063
2026-02-11 00:00:00,DMS-01,128.457,0.0,59.328,3.009,69.905,25.053,214.642,0.098
2026-02-11 04:00:00,DMS-01,132.478,0.0,55.702,3.076,65.125,24.76,217.91,0.041
2026-02-11 08:00:00,DMS-01,137.249,0.0,57.963,3.202,68.107,24.377,205.702,0.102
2026-02-11 12:00:00,DMS-01,128.096,0.0,57.289,2.787,65.271,25.396,203.406,0.073
2026-02-11 16:00:00,DMS-01,127.328,0.0,55.668,3.133,70.952,25.187,209.265,0.0
2026-02-11 20:00:00,DMS-01,133.572,0.0,58.34,2.975,66.082,23.871,207.909,0.0
2026-02-12 00:00:00,DMS-01,124.023,0.0,55.322,2.925,77.896,24.907,209.011,0.037
2026-02-12 04:00:00,DMS-01,117.024,0.0,57.898,2.976,67.996,24.815,200.973,0.022
2026-02-12 08:00:00,DMS-01,129.811,0.0,59.513,2.877,75.77,24.127,210.328,0.039
2026-02-12 12:00:00,DMS-01,132.423,0.0,54.754,2.677,87.804,21.909,197.522,0.018
2026-02-12 16:00:00,DMS-01,122.216,0.0,56.644,3.072,86.867,24.042,206.429,0.005
2026-02-12 20:00:00,DMS-01,125.357,0.0,54.505,2.735,78.419,24.682,204.234,0.021
2026-02-13 00:00:00,DMS-01,127.224,0.0,55.567,2.636,82.544,23.133,194.459,0.0
2026-02-13 04:00:00,DMS-01,120.989,0.0,57.492,2.73,75.1,23.525,207.011,0.0
2026-02-13 08:00:00,DMS-01,123.692,0.0,55.84,2.752,81.877,23.951,204.018,0.008
2026-02-13 12:00:00,DMS-01,122.901,0.0,56.434,2.734,78.646,24.985,205.442,0.0
2026-02-13 16:00:00,DMS-01,129.011,0.0,56.118,2.955,75.88,24.994,191.613,0.0
2026-02-13 20:00:00,DMS-01,128.206,0.0,57.015,2.753,67.683,26.754,206.459,0.011
2026-02-14 00:00:00,DMS-01,124.119,0.0,55.178,2.852,65.826,23.925,200.937,0.032
2026-02-14 04:00:00,DMS-01,128.386,0.0,57.18,3.219,65.344,24.745,195.763,0.0
2026-02-14 08:00:00,DMS-01,128.937,0.0,57.929,2.773,70.599,25.825,204.233,0.081
2026-02-14 12:00:00,DMS-01,124.032,0.0,60.153,2.816,64.787,26.168,203.424,0.059
2026-02-14 16:00:00,DMS-01,127.798,0.0,58.646,2.882,70.287,25.998,211.809,0.028
2026-02-14 20:00:00,DMS-01,126.864,0.0,57.873,2.822,73.16,25.445,204.202,0.003
2026-02-15 00:00:00,DMS-01,129.545,0.0,58.152,3.067,65.233,22.827,214.506,0.084
2026-02-15 04:00:00,DMS-01,126.699,0.0,57.85,3.028,79.934,25.026,202.157,0.061
2026-02-15 08:00:00,DMS-01,138.64,0.0,60.004,3.072,72.157,25.101,213.43,0.099
2026-02-15 12:00:00,DMS-01,135.401,0.0,59.311,2.947,71.756,24.265,213.621,0.12
2026-02-15 16:00:00,DMS-01,134.983,0.0,58.483,3.007,82.426,24.92,215.25,0.066
2026-02-15 20:00:00,DMS-01,135.959,0.0,60.57,2.943,85.339,24.897,221.98,0.094
2026-02-16 00:00:00,DMS-01,141.427,0.0,58.983,3.273,87.134,26.881,223.685,0.084
2026-02-16 04:00:00,DMS-01,130.046,0.0,58.693,2.927,85.63,25.432,212.465,0.029
2026-02-16 08:00:00,DMS-01,135.131,0.0,59.979,3.037,91.512,25.366,217.556,0.146
2026-02-16 12:00:00,DMS-01,133.998,0.0,59.297,3.309,91.81,25.909,227.976,0.096
2026-02-16 16:00:00,DMS-01,133.512,0.0,61.138,3.435,87.84,24.979,219.607,0.062
2026-02-16 20:00:00,DMS-01,133.154,0.0,60.533,3.229,87.025,24.629,211.189,0.077
2026-02-17 00:00:00,DMS-01,131.834,0.0,58.652,2.869,83.222,27.068,215.822,0.058
2026-02-17 04:00:00,DMS-01,134.515,0.0,60.183,3.111,87.416,24.434,224.236,0.11
2026-02-17 08:00:00,DMS-01,128.654,0.0,60.085,3.041,85.651,26.169,210.605,0.043
2026-02-17 12:00:00,DMS-01,141.391,0.0,59.839,3.236,74.766,26.388,209.637,0.146
2026-02-17 16:00:00,DMS-01,138.514,0.0,57.812,3.167,77.86,26.878,215.993,0.115
2026-02-17 20:00:00,DMS-01,138.33,0.0,58.948,3.111,66.421,25.544,213.043,0.069
2026-02-18 00:00:00,DMS-01,134.956,0.0,58.05,3.075,72.353,24.884,218.043,0.114
2026-02-18 04:00:00,DMS-01,129.704,0.0,58.133,2.997,69.688,26.208,213.651,0.024
2026-02-18 08:00:00,DMS-01,134.053,0.0,58.771,3.069,66.323,24.924,210.37,0.049
2026-02-18 12:00:00,DMS-01,125.66,0.0,59.576,3.005,67.502,24.039,209.53,0.071
2026-02-18 16:00:00,DMS-01,129.106,0.0,57.264,2.823,68.577,25.78,214.169,0.045
2026-02-18 20:00:00,DMS-01,130.356,0.0,56.821,2.839,75.77,23.718,220.978,0.063
2026-02-19 00:00:00,DMS-01,134.342,0.0,56.892,2.905,79.713,24.101,215.417,0.127
2026-02-19 04:00:00,DMS-01,122.788,0.0,59.089,2.879,77.94,24.149,196.771,0.05
2026-02-19 08:00:00,DMS-01,135.471,0.0,56.441,2.894,83.014,25.385,202.585,0.042
2026-02-19 12:00:00,DMS-01,115.274,0.0,57.795,2.741,83.111,24.446,203.927,0.071
2026-02-19 16:00:00,DMS-01,123.367,0.0,54.662,2.871,85.393,23.048,201.78,0.033
2026-02-19 20:00:00,DMS-01,127.69,0.0,58.531,2.811,83.358,24.702,207.741,0.055
2026-02-20 00:00:00,DMS-01,125.589,0.0,57.928,2.914,79.422,24.299,207.79,0.012
2026-02-20 04:00:00,DMS-01,126.7,0.0,58.138,2.878,80.317,24.46,210.244,0.0
2026-02-20 08:00:00,DMS-01,122.742,0.0,57.88,2.754,76.945,23.609,208.293,0.0
2026-02-20 12:00:00,DMS-01,119.842,0.0,56.439,2.726,71.794,25.217,212.117,0.023
2026-02-20 16:00:00,DMS-01,128.271,0.0,54.772,3.024,75.432,24.96,210.268,0.0
2026-02-20 20:00:00,DMS-01,122.464,0.0,55.743,2.936,56.765,24.903,201.253,0.0
2026-02-21 00:00:00,DMS-01,119.26,0.0,55.628,2.874,72.591,23.576,205.871,0.0
2026-02-21 04:00:00,DMS-01,124.36,0.0,55.706,2.734,70.801,24.137,200.641,0.061
2026-02-21 08:00:00,DMS-01,120.881,0.0,58.835,2.863,70.402,24.18,214.242,0.047
2026-02-21 12:00:00,DMS-01,118.926,0.0,57.646,3.074,63.444,25.983,203.497,0.0
2026-02-21 16:00:00,DMS-01,129.686,0.0,58.161,2.867,68.111,24.396,214.031,0.0
2026-02-21 20:00:00,DMS-01,130.528,0.0,56.853,2.882,65.026,23.054,212.991,0.01
2026-02-22 00:00:00,DMS-01,129.961,0.0,56.731,2.78,71.187,24.768,200.288,0.067
2026-02-22 04:00:00,DMS-01,133.145,0.0,58.435,2.904,77.16,26.551,202.602,0.006
2026-02-22 08:00:00,DMS-01,129.774,0.0,58.248,2.957,77.64,24.178,201.819,0.052
2026-02-22 12:00:00,DMS-01,140.509,0.0,56.839,2.96,78.44,26.274,204.006,0.039
2026-02-22 16:00:00,DMS-01,129.001,0.0,56.43,3.223,74.149,25.4,211.964,0.029
2026-02-22 20:00:00,DMS-01,132.81,0.0,59.436,3.047,84.859,26.006,207.708,0.036
2026-02-23 00:00:00,DMS-01,128.87,0.0,58.407,3.074,81.287,24.741,210.377,0.09
2026-02-23 04:00:00,DMS-01,128.837,0.0,58.525,3.232,89.852,25.007,220.507,0.116
2026-02-23 08:00:00,DMS-01,129.166,0.0,60.176,3.039,83.47,26.109,217.564,0.094
2026-02-23 12:00:00,DMS-01,135.353,0.0,59.128,3.213,87.135,26.332,221.42,0.103
2026-02-23 16:00:00,DMS-01,138.252,0.0,56.706,3.257,86.191,25.941,211.623,0.068
2026-02-23 20:00:00,DMS-01,135.089,0.0,58.577,3.272,83.782,26.7,225.431,0.076
2026-02-24 00:00:00,DMS-01,130.33,0.0,60.614,3.089,77.094,25.636,218.339,0.097
2026-02-24 04:00:00,DMS-01,135.567,0.0,60.462,3.147,70.965,25.652,214.387,0.101
2026-02-24 08:00:00,DMS-01,137.993,0.0,61.022,2.986,80.593,26.024,227.678,0.053
2026-02-24 12:00:00,DMS-01,138.992,0.0,59.355,3.376,73.031,24.77,207.847,0.118
2026-02-24 16:00:00,DMS-01,138.311,0.0,60.373,3.017,69.995,26.512,221.048,0.15
2026-02-24 20:00:00,DMS-01,134.111,0.0,59.318,3.175,67.427,25.336,220.035,0.045
2026-02-25 00:00:00,DMS-01,130.32,0.0,60.819,2.903,70.08,26.557,216.968,0.115
2026-02-25 04:00:00,DMS-01,134.145,0.0,59.209,3.112,68.421,25.039,218.307,0.026
2026-02-25 08:00:00,DMS-01,133.437,0.0,57.721,3.204,74.777,24.836,214.469,0.104
2026-02-25 12:00:00,DMS-01,136.056,0.0,58.673,2.925,70.213,26.521,216.349,0.113
2026-02-25 16:00:00,DMS-01,139.041,0.0,60.215,3.201,75.097,25.919,222.17,0.086
2026-02-25 20:00:00,DMS-01,131.351,0.0,57.308,3.024,76.029,25.896,218.53,0.065
2026-02-26 00:00:00,DMS-01,128.074,0.0,58.81,3.32,75.942,25.742,215.555,0.108
2026-02-26 04:00:00,DMS-01,131.7,0.0,59.696,3.042,86.119,25.942,225.127,0.091
2026-02-26 08:00:00,DMS-01,126.679,0.0,58.174,2.954,89.088,25.521,216.313,0.0
2026-02-26 12:00:00,DMS-01,123.388,0.0,57.174,3.153,79.84,25.911,222.091,0.04
2026-02-26 16:00:00,DMS-01,126.744,0.0,56.116,2.892,73.363,25.75,223.248,0.004
2026-02-26 20:00:00,DMS-01,126.152,0.0,56.279,2.835,86.612,25.852,212.751,0.0
2026-02-27 00:00:00,DMS-01,125.228,0.0,57.145,3.364,84.104,24.581,206.363,0.054
2026-02-27 04:00:00,DMS-01,126.425,0.0,55.919,2.865,75.112,23.454,195.956,0.0
2026-02-27 08:00:00,DMS-01,129.397,0.0,58.432,2.665,77.762,24.959,206.914,0.0
2026-02-27 12:00:00,DMS-01,119.327,0.0,55.572,2.898,76.662,23.926,202.097,0.0
2026-02-27 16:00:00,DMS-01,130.607,0.0,56.452,2.949,75.122,24.978,202.712,0.0
2026-02-27 20:00:00,DMS-01,123.278,0.0,55.145,2.732,81.797,23.931,199.266,0.05
2026-02-28 00:00:00,DMS-01,125.499,0.0,56.3,2.727,70.199,24.688,197.274,0.0
2026-02-28 04:00:00,DMS-01,127.772,0.0,57.47,2.672,61.248,24.894,199.25,0.0
2026-02-28 08:00:00,DMS-01,123.902,0.0,59.07,2.973,69.122,23.797,194.448,0.0
2026-02-28 12:00:00,DMS-01,121.906,0.0,55.66,2.816,63.2,24.471,202.793,0.0
2026-02-28 16:00:00,DMS-01,127.931,0.0,55.836,3.041,64.897,25.116,207.704,0.067
2026-02-28 20:00:00,DMS-01,128.171,0.0,56.511,2.784,72.09,23.281,201.159,0.0
2026-03-01 00:00:00,DMS-01,124.854,0.0,58.886,2.829,61.93,24.462,213.82,0.021
2026-03-01 04:00:00,DMS-01,125.715,0.0,57.498,2.557,66.055,23.711,200.256,0.016
2026-03-01 08:00:00,DMS-01,124.684,0.0,56.652,3.019,68.497,25.23,207.073,0.0
2026-03-01 12:00:00,DMS-01,119.05,0.0,56.23,2.8,70.459,25.264,213.119,0.059
2026-03-01 16:00:00,DMS-01,125.48,0.0,57.602,3.148,80.15,24.483,210.12,0.043
2026-03-01 20:00:00,DMS-01,137.104,0.0,57.405,2.768,80.113,25.668,208.535,0.058
2026-03-02 00:00:00,DMS-01,130.505,0.0,60.132,2.953,84.527,24.764,208.932,0.046
2026-03-02 04:00:00,DMS-01,139.226,0.0,59.705,3.154,82.008,25.552,212.506,0.06
2026-03-02 08:00:00,DMS-01,129.987,0.0,58.794,2.983,77.911,25.124,205.757,0.078
2026-03-02 12:00:00,DMS-01,133.923,0.0,61.165,3.111,85.549,27.422,212.496,0.089
2026-03-02 16:00:00,DMS-01,132.389,0.0,58.789,3.332,73.284,26.199,216.155,0.094
2026-03-02 20:00:00,DMS-01,135.847,0.0,59.225,3.186,76.26,24.625,215.545,0.065
2026-03-03 00:00:00,DMS-01,137.335,0.0,59.554,3.193,85.264,24.236,224.792,0.072
2026-03-03 04:00:00,DMS-01,126.635,0.0,61.138,3.285,81.019,27.099,227.213,0.116
2026-03-03 08:00:00,DMS-01,134.924,0.0,59.053,3.002,80.4,25.801,215.996,0.125
2026-03-03 12:00:00,DMS-01,131.668,0.0,58.361,3.141,71.875,25.26,217.005,0.048
2026-03-03 16:00:00,DMS-01,125.789,0.0,60.11,3.155,68.51,25.7,217.612,0.085
2026-03-03 20:00:00,DMS-01,132.959,0.0,58.991,3.101,66.23,25.155,212.243,0.127
2026-03-04 00:00:00,DMS-01,139.287,0.0,59.691,3.187,73.794,26.456,215.666,0.112
2026-03-04 04:00:00,DMS-01,135.303,0.0,59.054,3.234,69.109,26.066,213.367,0.107
2026-03-04 08:00:00,DMS-01,142.5,0.0,58.907,3.033,70.969,25.935,212.945,0.179
2026-03-04 12:00:00,DMS-01,123.99,0.0,61.638,3.273,78.13,25.499,204.674,0.053
2026-03-04 16:00:00,DMS-01,129.921,0.0,58.446,3.143,63.893,25.806,219.668,0.095
2026-03-04 20:00:00,DMS-01,136.813,0.0,59.091,3.253,71.162,26.92,219.867,0.054
2026-03-05 00:00:00,DMS-01,129.545,0.0,60.58,3.266,86.78,25.016,213.554,0.08
2026-03-05 04:00:00,DMS-01,132.65,0.0,60.286,2.964,79.565,26.437,220.168,0.055
2026-03-05 08:00:00,DMS-01,135.955,0.0,59.451,3.141,82.855,24.947,191.431,0.052
2026-03-05 12:00:00,DMS-01,125.455,0.0,57.757,3.028,69.519,26.415,209.658,0.094
2026-03-05 16:00:00,DMS-01,135.614,0.0,55.858,2.955,78.08,26.008,215.597,0.052
2026-03-05 20:00:00,DMS-01,125.414,0.0,58.688,3.145,86.33,24.742,217.852,0.061
2026-03-06 00:00:00,DMS-01,122.672,0.0,59.593,2.844,87.777,24.375,208.867,0.041
2026-03-06 04:00:00,DMS-01,133.326,0.0,57.964,3.121,82.725,25.709,198.751,0.065
2026-03-06 08:00:00,DMS-01,125.456,0.0,56.199,3.044,80.122,23.112,208.784,0.031
2026-03-06 12:00:00,DMS-01,120.376,0.0,56.169,2.667,84.826,25.559,201.448,0.04
2026-03-06 16:00:00,DMS-01,126.495,0.0,57.04,2.996,75.967,23.719,202.367,0.025
2026-03-06 20:00:00,DMS-01,128.975,0.0,54.382,2.774,76.008,24.059,206.299,0.0
2026-03-07 00:00:00,DMS-01,125.617,0.0,58.687,3.069,68.806,23.012,208.734,0.091
2026-03-07 04:00:00,DMS-01,123.812,0.0,55.452,2.799,63.761,24.695,202.458,0.048
2026-03-07 08:00:00,DMS-01,126.425,0.0,55.055,2.753,62.511,23.04,204.517,0.0
2026-03-07 12:00:00,DMS-01,129.166,0.0,55.243,2.511,71.967,23.552,190.816,0.042
2026-03-07 16:00:00,DMS-01,122.177,0.0,58.136,2.903,68.692,23.037,195.545,0.027
2026-03-07 20:00:00,DMS-01,129.059,0.0,55.855,2.587,58.889,23.825,213.347,0.029
2026-03-08 00:00:00,DMS-01,121.296,0.0,55.557,2.766,74.266,24.967,214.695,0.0
2026-03-08 04:00:00,DMS-01,124.191,0.0,56.043,2.846,72.041,23.313,203.985,0.036
2026-03-08 08:00:00,DMS-01,133.538,0.0,55.057,2.769,62.922,23.261,201.1,0.025
2026-03-08 12:00:00,DMS-01,125.239,0.0,57.296,2.881,65.442,25.688,219.285,0.046
2026-03-08 16:00:00,DMS-01,131.887,0.0,57.456,2.922,76.466,24.556,203.286,0.0
2026-03-08 20:00:00,DMS-01,129.013,0.0,55.958,2.909,82.383,24.888,208.293,0.006
2026-03-09 00:00:00,DMS-01,121.068,0.0,57.94,2.964,82.94,23.878,211.925,0.046
2026-03-09 04:00:00,DMS-01,128.108,0.0,55.552,2.821,76.938,24.673,214.764,0.058
2026-03-09 08:00:00,DMS-01,132.674,0.0,58.123,2.868,78.768,24.803,206.265,0.044
2026-03-09 12:00:00,DMS-01,135.745,0.0,58.782,2.903,90.681,24.406,204.234,0.015
2026-03-09 16:00:00,DMS-01,135.738,0.0,59.732,2.946,82.292,24.595,209.683,0.006
2026-03-09 20:00:00,DMS-01,135.831,0.0,56.374,2.826,78.002,24.983,216.735,0.056
2026-03-10 00:00:00,DMS-01,138.261,0.0,58.691,3.223,89.56,25.828,217.622,0.061
2026-03-10 04:00:00,DMS-01,131.701,0.0,57.35,2.994,77.505,24.997,214.389,0.09
2026-03-10 08:00:00,DMS-01,131.572,0.0,59.623,3.26,77.714,25.108,211.238,0.041
2026-03-10 12:00:00,DMS-01,133.556,0.0,58.241,2.942,66.844,25.858,222.896,0.07
2026-03-10 16:00:00,DMS-01,129.963,0.0,60.808,3.16,74.282,25.925,223.835,0.097
2026-03-10 20:00:00,DMS-01,146.167,0.0,59.194,3.002,68.485,26.269,227.955,0.11
2026-03-11 00:00:00,DMS-01,138.547,0.0,60.078,3.219,69.776,25.589,230.789,0.044
2026-03-11 04:00:00,DMS-01,127.822,0.0,59.36,3.307,65.999,24.758,222.825,0.088
2026-03-11 08:00:00,DMS-01,134.71,0.0,60.207,3.206,74.301,25.096,217.544,0.062
2026-03-11 12:00:00,DMS-01,130.534,0.0,60.327,3.126,69.393,26.257,232.623,0.093
2026-03-11 16:00:00,DMS-01,129.782,0.0,59.05,3.281,66.681,25.012,211.912,0.106
2026-03-11 20:00:00,DMS-01,134.359,0.0,60.516,3.111,75.099,24.791,208.15,0.159
2026-03-12 00:00:00,DMS-01,134.829,0.0,58.526,3.108,79.529,26.321,219.807,0.049
2026-03-12 04:00:00,DMS-01,129.758,0.0,57.32,3.122,80.805,26.27,206.86,0.154
2026-03-12 08:00:00,DMS-01,137.524,0.0,59.792,3.241,85.251,25.933,219.161,0.131
2026-03-12 12:00:00,DMS-01,123.52,0.0,59.52,3.197,81.801,25.245,214.692,0.046
2026-03-12 16:00:00,DMS-01,136.231,0.0,58.3,3.119,83.392,25.055,212.511,0.149
2026-03-12 20:00:00,DMS-01,133.309,0.0,58.955,3.128,78.347,25.545,223.994,0.089
2026-03-13 00:00:00,DMS-01,131.672,0.0,57.99,3.366,85.511,24.516,212.19,0.028
2026-03-13 04:00:00,DMS-01,132.728,0.0,57.35,3.139,84.676,25.686,201.415,0.114
2026-03-13 08:00:00,DMS-01,128.756,0.0,58.709,3.079,74.101,25.398,213.713,0.05
2026-03-13 12:00:00,DMS-01,133.263,0.0,57.782,3.142,76.636,24.781,206.373,0.032
2026-03-13 16:00:00,DMS-01,125.823,0.0,56.87,2.937,63.417,23.239,205.705,0.02
2026-03-13 20:00:00,DMS-01,129.55,0.0,56.402,3.113,69.082,25.387,201.38,0.025
2026-03-14 00:00:00,DMS-01,131.976,0.0,56.357,3.036,57.794,25.436,207.889,0.0
2026-03-14 04:00:00,DMS-01,122.98,0.0,58.188,2.906,69.422,25.658,200.758,0.0
2026-03-14 08:00:00,DMS-01,128.118,0.0,55.561,2.709,72.907,23.944,214.18,0.047
2026-03-14 12:00:00,DMS-01,124.607,0.0,55.915,2.854,73.926,23.607,212.213,0.0
2026-03-14 16:00:00,DMS-01,128.117,0.0,57.227,2.826,63.648,23.764,206.524,0.064
2026-03-14 20:00:00,DMS-01,121.341,0.0,56.052,2.759,60.441,22.918,192.206,0.0
2026-03-15 00:00:00,DMS-01,130.875,0.0,56.723,2.829,71.145,24.273,197.034,0.0
2026-03-15 04:00:00,DMS-01,122.899,0.0,55.967,2.864,67.368,24.077,197.87,0.012
2026-03-15 08:00:00,DMS-01,118.38,0.0,56.726,2.917,71.422,24.046,200.575,0.0
2026-03-15 12:00:00,DMS-01,128.872,0.0,53.979,2.695,66.985,24.341,203.045,0.052
2026-03-15 16:00:00,DMS-01,126.532,0.0,58.179,2.776,78.513,24.49,209.369,0.035
2026-03-15 20:00:00,DMS-01,120.329,0.0,56.184,2.886,78.225,24.269,201.32,0.0
2026-03-16 00:00:00,DMS-01,124.612,0.0,54.92,2.881,76.308,25.217,205.117,0.0
2026-03-16 04:00:00,DMS-01,125.336,0.0,57.293,2.842,85.009,23.55,194.599,0.068
2026-03-16 08:00:00,DMS-01,130.609,0.0,57.88,2.85,79.044,23.95,195.972,0.0
2026-03-16 12:00:00,DMS-01,130.267,0.0,55.874,2.966,84.376,24.75,207.161,0.026
2026-03-16 16:00:00,DMS-01,126.468,0.0,58.698,2.897,76.393,24.599,204.515,0.007
2026-03-16 20:00:00,DMS-01,128.87,0.0,55.376,3.061,79.14,24.386,204.751,0.089
2026-03-17 00:00:00,DMS-01,131.702,0.0,59.826,3.017,83.284,24.884,204.746,0.122
2026-03-17 04:00:00,DMS-01,130.343,0.0,58.268,3.074,80.861,23.894,210.203,0.012
2026-03-17 08:00:00,DMS-01,136.845,0.0,58.194,2.644,78.102,24.227,211.83,0.047
2026-03-17 12:00:00,DMS-01,128.619,0.0,57.426,3.093,77.076,24.783,218.527,0.119
2026-03-17 16:00:00,DMS-01,129.325,0.0,58.834,3.167,73.184,24.885,209.973,0.12
2026-03-17 20:00:00,DMS-01,129.726,0.0,57.703,3.159,65.441,24.738,211.743,0.171
2026-03-18 00:00:00,DMS-01,132.657,0.0,58.215,3.389,74.649,25.779,221.831,0.092
2026-03-18 04:00:00,DMS-01,128.138,0.0,59.386,3.367,69.073,25.379,212.424,0.09
2026-03-18 08:00:00,DMS-01,139.544,0.0,61.11,3.067,76.257,26.181,212.228,0.081
2026-03-18 12:00:00,DMS-01,137.67,0.0,58.181,3.04,69.617,25.647,220.099,0.109
2026-03-18 16:00:00,DMS-01,133.237,0.0,59.389,3.092,70.173,25.999,211.702,0.082
2026-03-18 20:00:00,DMS-01,136.811,0.0,57.227,3.414,71.989,24.685,211.937,0.134
2026-03-19 00:00:00,DMS-01,136.352,0.0,59.838,3.107,84.512,26.664,212.532,0.145
2026-03-19 04:00:00,DMS-01,133.925,0.0,60.048,3.155,81.292,24.244,215.88,0.03
2026-03-19 08:00:00,DMS-01,130.784,0.0,59.868,3.123,78.776,25.49,208.007,0.089
2026-03-19 12:00:00,DMS-01,129.983,0.0,60.541,3.107,92.963,25.867,204.628,0.127
2026-03-19 16:00:00,DMS-01,131.069,0.0,59.446,3.05,83.64,25.574,217.08,0.033
2026-03-19 20:00:00,DMS-01,141.635,0.0,59.457,3.18,81.668,25.722,224.453,0.157
2026-03-20 00:00:00,DMS-01,138.109,0.0,56.897,3.048,84.338,24.189,221.05,0.014
2026-03-20 04:00:00,DMS-01,126.844,0.0,57.591,3.072,76.954,25.829,216.957,0.03
2026-03-20 08:00:00,DMS-01,131.522,0.0,58.42,2.961,74.669,25.231,211.458,0.097
2026-03-20 12:00:00,DMS-01,132.552,0.0,57.975,2.897,77.069,24.559,217.654,0.096
2026-03-20 16:00:00,DMS-01,123.655,0.0,58.653,3.059,80.114,24.456,221.115,0.015
2026-03-20 20:00:00,DMS-01,130.781,0.0,59.251,2.863,66.983,24.431,208.519,0.095
2026-03-21 00:00:00,DMS-01,128.781,0.0,56.721,2.978,73.674,25.87,220.942,0.056
2026-03-21 04:00:00,DMS-01,125.604,0.0,60.142,2.923,77.044,23.969,203.448,0.039
2026-03-21 08:00:00,DMS-01,130.911,0.0,54.05,3.032,65.19,25.631,208.595,0.025
2026-03-21 12:00:00,DMS-01,129.734,0.0,58.926,2.582,74.834,24.455,197.451,0.103
2026-03-21 16:00:00,DMS-01,123.359,0.0,58.625,2.924,68.667,23.727,194.383,0.109
2026-03-21 20:00:00,DMS-01,128.263,0.0,57.586,2.956,64.714,25.591,195.618,0.0
2026-03-22 00:00:00,DMS-01,124.4,0.0,55.726,2.66,55.264,24.928,207.47,0.0
2026-03-22 04:00:00,DMS-01,125.02,0.0,58.343,3.029,71.607,24.812,200.604,0.0
2026-03-22 08:00:00,DMS-01,129.077,0.0,54.809,3.013,65.362,23.564,197.641,0.0
2026-03-22 12:00:00,DMS-01,122.809,0.0,55.943,2.813,73.825,24.468,204.455,0.002
2026-03-22 16:00:00,DMS-01,122.739,0.0,55.208,2.847,77.161,23.814,197.469,0.0
2026-03-22 20:00:00,DMS-01,120.023,0.0,56.035,2.852,72.464,23.07,195.116,0.0
2026-03-23 00:00:00,DMS-01,120.548,0.0,56.22,2.74,79.6,23.757,209.618,0.0
2026-03-23 04:00:00,DMS-01,130.987,0.0,56.058,2.695,80.377,25.433,202.313,0.049
2026-03-23 08:00:00,DMS-01,119.271,0.0,56.887,2.89,75.968,23.828,209.562,0.076
2026-03-23 12:00:00,DMS-01,123.959,0.0,55.178,2.969,91.053,25.715,207.639,0.0
2026-03-23 16:00:00,DMS-01,133.556,0.0,55.872,2.806,82.48,24.59,211.236,0.0
2026-03-23 20:00:00,DMS-01,128.346,0.0,56.754,2.81,68.141,24.96,210.473,0.017
2026-03-24 00:00:00,DMS-01,123.027,0.0,58.287,3.092,76.421,25.219,198.721,0.046
2026-03-24 04:00:00,DMS-01,122.4,0.0,57.174,3.024,78.517,23.747,210.555,0.061
2026-03-24 08:00:00,DMS-01,130.073,0.0,58.89,2.766,80.888,25.886,207.769,0.079
2026-03-24 12:00:00,DMS-01,131.502,0.0,56.194,3.125,73.991,25.104,208.268,0.011
2026-03-24 16:00:00,DMS-01,128.286,0.0,57.836,3.024,73.6,23.345,228.625,0.062
2026-03-24 20:00:00,DMS-01,134.706,0.0,58.102,2.923,69.426,26.042,208.598,0.027
2026-03-25 00:00:00,DMS-01,134.864,0.0,59.801,3.077,60.56,26.369,210.889,0.072
2026-03-25 04:00:00,DMS-01,131.856,0.0,60.839,2.965,65.405,25.554,216.03,0.046
2026-03-25 08:00:00,DMS-01,138.411,0.0,58.552,3.265,72.444,25.544,228.58,0.072
2026-03-25 12:00:00,DMS-01,134.586,0.0,59.533,3.121,73.426,25.876,212.88,0.078
2026-03-25 16:00:00,DMS-01,136.089,0.0,60.065,3.306,74.948,25.538,210.485,0.111
2026-03-25 20:00:00,DMS-01,137.216,0.0,58.246,3.115,69.086,24.97,219.091,0.104
2026-03-26 00:00:00,DMS-01,136.131,0.0,60.142,3.364,73.967,25.913,225.649,0.117
2026-03-26 04:00:00,DMS-01,141.637,0.0,59.565,2.991,81.252,26.322,215.496,0.064
2026-03-26 08:00:00,DMS-01,134.486,0.0,56.865,3.19,85.81,24.73,228.925,0.124
2026-03-26 12:00:00,DMS-01,138.405,0.0,60.095,2.97,86.777,25.097,200.674,0.088
2026-03-26 16:00:00,DMS-01,133.324,0.0,61.318,3.099,85.168,25.793,206.181,0.138
2026-03-26 20:00:00,DMS-01,134.594,0.0,61.125,2.821,80.786,25.586,222.023,0.131
2026-03-27 00:00:00,DMS-01,136.661,0.0,59.595,3.168,84.711,24.665,221.035,0.077
2026-03-27 04:00:00,DMS-01,131.359,0.0,59.874,3.19,83.989,26.298,218.359,0.048
2026-03-27 08:00:00,DMS-01,132.698,0.0,58.696,2.992,86.453,25.287,217.244,0.085
2026-03-27 12:00:00,DMS-01,134.015,0.0,59.154,3.104,85.185,24.892,222.103,0.051
2026-03-27 16:00:00,DMS-01,129.687,0.0,59.671,2.905,77.657,24.846,221.691,0.031
2026-03-27 20:00:00,DMS-01,134.247,0.0,57.183,3.289,83.37,24.59,220.706,0.017
2026-03-28 00:00:00,DMS-01,128.592,0.0,58.943,2.909,74.701,24.946,203.918,0.087
2026-03-28 04:00:00,DMS-01,130.798,0.0,57.577,2.873,67.849,26.338,220.973,0.063
2026-03-28 08:00:00,DMS-01,128.236,0.0,57.528,2.941,71.088,25.566,200.532,0.032
2026-03-28 12:00:00,DMS-01,134.406,0.0,55.794,3.056,63.415,25.922,210.274,0.03
2026-03-28 16:00:00,DMS-01,123.754,0.0,57.301,2.771,66.317,24.381,199.119,0.026
2026-03-28 20:00:00,DMS-01,130.046,0.0,58.938,2.835,67.08,24.26,209.376,0.0
2026-03-29 00:00:00,DMS-01,122.459,0.0,56.809,2.606,66.273,24.715,209.43,0.0
2026-03-29 04:00:00,DMS-01,123.605,0.0,58.261,3.124,68.962,25.042,205.016,0.009
2026-03-29 08:00:00,DMS-01,135.108,0.0,57.489,2.983,68.934,24.293,204.545,0.043
2026-03-29 12:00:00,DMS-01,125.09,0.0,55.987,3.002,71.401,23.988,210.232,0.058
2026-03-29 16:00:00,DMS-01,129.87,0.0,55.691,2.975,70.987,25.525,216.733,0.057
2026-03-29 20:00:00,DMS-01,128.718,0.0,57.344,2.844,81.127,24.757,195.314,0.02
2026-03-30 00:00:00,DMS-01,132.391,0.0,60.203,3.137,78.61,23.16,204.417,0.074
2026-03-30 04:00:00,DMS-01,135.414,0.0,58.319,2.958,78.457,23.581,215.316,0.032
2026-03-30 08:00:00,DMS-01,133.341,0.0,58.098,3.049,78.761,24.552,203.625,0.057
2026-03-30 12:00:00,DMS-01,132.37,0.0,59.98,3.182,79.02,23.929,215.024,0.097
2026-03-30 16:00:00,DMS-01,136.145,0.0,58.124,3.001,72.098,23.762,215.64,0.085
2026-03-30 20:00:00,DMS-01,129.948,0.0,58.327,3.063,81.344,23.135,212.944,0.029
2026-03-31 00:00:00,DMS-01,126.983,0.0,57.458,3.1,81.292,25.315,218.03,0.078
2026-03-31 04:00:00,DMS-01,133.955,0.0,62.061,3.201,71.574,25.12,225.385,0.119
2026-03-31 08:00:00,DMS-01,135.307,0.0,59.754,3.198,78.696,25.576,233.135,0.015
2026-03-31 12:00:00,DMS-01,135.281,0.0,60.33,3.163,62.911,25.063,227.28,0.093
2026-03-31 16:00:00,DMS-01,138.843,0.0,62.36,3.099,70.699,25.288,215.093,0.096
2026-03-31 20:00:00,DMS-01,141.666,0.0,59.129,3.436,72.496,24.958,219.317,0.128
2026-04-01 00:00:00,DMS-01,140.627,0.0,60.5,3.405,67.193,25.15,228.758,0.098
2026-04-01 04:00:00,DMS-01,138.806,0.0,62.82,3.368,71.159,24.489,235.416,0.178
2026-04-01 08:00:00,DMS-01,137.58,0.0,61.248,3.117,65.531,24.21,242.031,0.215
2026-04-01 12:00:00,DMS-01,141.677,0.0,63.741,3.661,73.124,26.254,227.753,0.184
2026-04-01 16:00:00,DMS-01,143.317,0.0,64.556,3.476,75.609,26.681,232.017,0.184
2026-04-01 20:00:00,DMS-01,150.266,0.0,62.033,3.754,75.557,24.572,230.782,0.281
2026-04-02 00:00:00,DMS-01,143.615,0.0,62.918,3.693,79.638,24.731,241.085,0.181
2026-04-02 04:00:00,DMS-01,149.707,0.0,65.273,3.729,73.985,25.227,252.139,0.213
2026-04-02 08:00:00,DMS-01,141.138,0.0,63.331,3.608,82.793,25.11,237.667,0.295
2026-04-02 12:00:00,DMS-01,149.014,0.0,64.223,3.786,85.196,25.097,245.413,0.212
2026-04-02 16:00:00,DMS-01,150.006,0.0,65.433,3.453,91.258,23.655,252.517,0.283
2026-04-02 20:00:00,DMS-01,153.453,0.0,63.534,3.996,86.16,26.715,249.078,0.277
2026-04-03 00:00:00,DMS-01,151.503,0.0,63.979,3.492,80.795,25.951,249.975,0.231
2026-04-03 04:00:00,DMS-01,155.804,0.0,66.105,3.649,88.373,24.601,240.412,0.319
2026-04-03 08:00:00,DMS-01,156.267,0.0,66.525,3.879,85.156,25.401,249.508,0.291
2026-04-03 12:00:00,DMS-01,141.921,0.0,64.982,3.838,79.772,25.499,243.171,0.318
2026-04-03 16:00:00,DMS-01,156.489,0.0,65.053,3.814,80.957,26.078,249.101,0.296
2026-04-03 20:00:00,DMS-01,149.521,0.0,66.255,3.815,70.97,25.572,245.927,0.223
2026-04-04 00:00:00,DMS-01,147.133,0.0,65.48,3.863,77.244,24.499,259.084,0.255
2026-04-04 04:00:00,DMS-01,156.737,0.0,65.969,3.903,67.813,25.715,245.1,0.275
2026-04-04 08:00:00,DMS-01,158.628,0.0,67.31,3.565,72.332,25.219,240.998,0.251
2026-04-04 12:00:00,DMS-01,147.811,0.0,63.705,3.654,64.008,25.304,244.901,0.326
2026-04-04 16:00:00,DMS-01,150.705,0.0,66.138,3.866,65.257,25.011,249.506,0.248
2026-04-04 20:00:00,DMS-01,152.643,0.0,65.961,4.033,68.536,24.629,239.136,0.261
2026-04-05 00:00:00,DMS-01,155.813,0.0,66.968,3.557,61.678,25.303,238.848,0.306
2026-04-05 04:00:00,DMS-01,158.018,0.0,65.377,3.807,68.791,23.751,249.68,0.27
2026-04-05 08:00:00,DMS-01,149.866,0.0,65.055,3.717,68.452,23.178,247.836,0.2
2026-04-05 12:00:00,DMS-01,154.363,0.0,64.724,3.767,72.816,24.451,238.898,0.272
2026-04-05 16:00:00,DMS-01,149.991,0.0,65.815,3.872,76.952,24.055,241.316,0.272
2026-04-05 20:00:00,DMS-01,151.712,0.0,64.094,3.613,78.012,24.64,257.417,0.235
2026-04-06 00:00:00,DMS-01,157.074,0.0,65.66,3.839,81.093,24.586,236.012,0.23
2026-04-06 04:00:00,DMS-01,148.242,0.0,66.062,3.738,77.96,25.096,251.096,0.25
2026-04-06 08:00:00,DMS-01,152.345,0.0,64.471,3.851,82.345,24.492,262.423,0.275
2026-04-06 12:00:00,DMS-01,157.443,0.0,66.664,3.642,83.42,24.697,252.176,0.279
2026-04-06 16:00:00,DMS-01,153.819,0.0,64.484,3.811,75.695,23.644,245.408,0.293
2026-04-06 20:00:00,DMS-01,152.838,0.0,65.643,3.685,82.921,25.089,251.252,0.309
2026-04-07 00:00:00,DMS-01,152.309,0.0,66.023,3.794,81.772,25.287,256.959,0.309
2026-04-07 04:00:00,DMS-01,156.303,0.0,65.144,3.803,74.57,24.286,256.221,0.307
2026-04-07 08:00:00,DMS-01,156.753,0.0,66.963,3.77,64.77,23.499,256.998,0.351
2026-04-07 12:00:00,DMS-01,159.8,0.0,67.823,4.105,67.087,24.515,256.422,0.388
2026-04-07 16:00:00,DMS-01,158.62,0.0,69.716,3.789,69.374,23.445,259.469,0.419
2026-04-07 20:00:00,DMS-01,160.24,0.0,68.707,3.976,68.087,25.786,265.443,0.346
2026-04-08 00:00:00,DMS-01,154.639,0.0,66.336,4.109,74.062,23.434,270.807,0.327
2026-04-08 04:00:00,DMS-01,156.177,0.0,68.189,4.077,73.171,25.229,267.842,0.404
2026-04-08 08:00:00,DMS-01,167.549,0.0,68.875,4.257,71.171,25.485,278.833,0.398
2026-04-08 12:00:00,DMS-01,163.798,0.0,69.511,3.856,72.178,25.064,272.462,0.385
2026-04-08 16:00:00,DMS-01,167.759,0.0,72.646,4.362,70.322,24.996,269.748,0.428
2026-04-08 20:00:00,DMS-01,171.083,0.0,71.153,4.239,76.992,25.31,276.13,0.384
2026-04-09 00:00:00,DMS-01,176.414,0.0,71.016,4.428,80.042,23.671,277.729,0.499
2026-04-09 04:00:00,DMS-01,173.104,0.0,70.255,4.465,80.284,26.137,270.111,0.394
2026-04-09 08:00:00,DMS-01,169.699,0.0,70.359,4.299,79.008,26.258,280.233,0.46
2026-04-09 12:00:00,DMS-01,165.713,0.0,72.542,4.519,84.647,26.534,299.535,0.423
2026-04-09 16:00:00,DMS-01,167.404,0.0,72.384,4.248,87.237,25.59,287.108,0.486
2026-04-09 20:00:00,DMS-01,173.519,0.0,70.958,4.563,90.652,26.57,282.377,0.509
2026-04-10 00:00:00,DMS-01,171.75,0.0,74.119,4.67,84.458,25.106,285.705,0.508
2026-04-10 04:00:00,DMS-01,173.221,0.0,73.222,4.338,86.651,24.592,296.426,0.511
2026-04-10 08:00:00,DMS-01,171.087,0.0,73.43,4.483,84.466,25.719,296.468,0.508
2026-04-10 12:00:00,DMS-01,176.847,0.0,71.706,4.806,78.15,26.185,294.943,0.466
2026-04-10 16:00:00,DMS-01,178.453,0.0,73.5,4.712,82.44,26.434,282.773,0.459
2026-04-10 20:00:00,DMS-01,175.271,0.0,75.424,4.907,75.814,26.127,298.575,0.472
2026-04-11 00:00:00,DMS-01,176.556,0.0,71.362,4.77,69.343,25.562,301.341,0.482
2026-04-11 04:00:00,DMS-01,184.245,0.0,74.815,4.835,77.889,24.84,301.856,0.532
2026-04-11 08:00:00,DMS-01,172.186,0.0,75.169,4.718,63.952,25.608,294.727,0.46
2026-04-11 12:00:00,DMS-01,175.049,0.0,74.386,4.911,75.128,25.928,287.347,0.481
2026-04-11 16:00:00,DMS-01,178.609,0.0,73.166,4.595,68.259,25.487,298.653,0.53
2026-04-11 20:00:00,DMS-01,170.476,0.0,74.104,4.332,69.665,24.244,286.352,0.422
2026-04-12 00:00:00,DMS-01,171.491,0.0,74.394,4.593,70.65,25.734,291.863,0.544
2026-04-12 04:00:00,DMS-01,167.353,0.0,74.971,4.494,66.904,25.082,288.711,0.477
2026-04-12 08:00:00,DMS-01,176.745,0.0,74.474,4.865,80.429,24.449,304.561,0.516
2026-04-12 12:00:00,DMS-01,174.674,0.0,73.994,4.564,73.492,25.824,292.189,0.507
2026-04-12 16:00:00,DMS-01,176.143,0.0,73.652,4.632,83.735,25.051,296.125,0.528
2026-04-12 20:00:00,DMS-01,178.739,0.0,72.545,4.575,80.872,24.31,294.232,0.552
2026-04-13 00:00:00,DMS-01,174.537,0.0,73.796,4.725,78.931,24.88,296.894,0.505
2026-04-13 04:00:00,DMS-01,172.991,0.0,73.305,4.566,79.007,24.454,289.961,0.511
2026-04-13 08:00:00,DMS-01,177.27,0.0,72.078,4.603,77.688,24.841,292.709,0.523
2026-04-13 12:00:00,DMS-01,175.773,0.0,72.681,4.499,78.004,24.06,294.621,0.507
2026-04-13 16:00:00,DMS-01,177.33,0.0,74.086,4.625,82.309,24.996,292.638,0.466
2026-04-13 20:00:00,DMS-01,175.475,0.0,72.684,4.625,77.244,24.245,297.275,0.501
2026-04-14 00:00:00,DMS-01,172.296,0.0,73.546,4.681,81.736,23.844,289.85,0.539
2026-04-14 04:00:00,DMS-01,172.17,0.0,74.888,4.863,79.408,24.239,283.245,0.477
2026-04-14 08:00:00,DMS-01,172.988,0.0,73.536,4.588,76.235,24.046,289.236,0.511
2026-04-14 12:00:00,DMS-01,178.046,0.0,74.615,4.728,65.129,23.343,294.42,0.461
2026-04-14 16:00:00,DMS-01,177.087,0.0,73.923,4.409,70.418,24.236,286.111,0.423
2026-04-14 20:00:00,DMS-01,181.404,0.0,73.775,4.903,67.698,25.774,296.415,0.513
2026-04-15 00:00:00,DMS-01,176.782,0.0,72.628,4.633,71.889,24.864,293.516,0.56
2026-04-15 04:00:00,DMS-01,179.555,0.0,74.768,4.822,72.123,26.5,297.873,0.506
2026-04-15 08:00:00,DMS-01,179.033,0.0,71.943,4.823,69.736,24.787,295.634,0.49
2026-04-15 12:00:00,DMS-01,172.317,0.0,74.318,4.821,70.677,23.969,287.656,0.484
2026-04-15 16:00:00,DMS-01,175.533,0.0,75.917,4.833,67.913,23.85,306.834,0.617
2026-04-15 20:00:00,DMS-01,181.652,0.0,75.77,4.769,66.957,24.459,295.59,0.549
2026-04-16 00:00:00,DMS-01,177.424,0.0,77.716,4.642,76.567,25.511,301.709,0.514
2026-04-16 04:00:00,DMS-01,179.934,0.0,75.574,4.853,82.023,23.736,296.168,0.567
2026-04-16 08:00:00,DMS-01,185.337,0.0,73.93,5.161,83.117,24.461,309.322,0.575
2026-04-16 12:00:00,DMS-01,182.924,0.0,75.766,4.714,85.471,26.294,299.197,0.569
2026-04-16 16:00:00,DMS-01,187.361,0.0,74.575,5.052,80.336,24.73,293.539,0.583
2026-04-16 20:00:00,DMS-01,185.484,0.0,77.675,5.007,94.67,26.074,314.255,0.509
2026-04-17 00:00:00,DMS-01,182.436,0.0,74.188,5.032,96.458,25.326,304.874,0.574
2026-04-17 04:00:00,DMS-01,180.182,0.0,75.022,4.689,84.378,25.831,317.482,0.65
2026-04-17 08:00:00,DMS-01,189.364,0.0,76.943,4.934,82.935,25.737,303.193,0.609
2026-04-17 12:00:00,DMS-01,187.752,0.0,75.645,5.044,73.69,25.642,314.756,0.604
2026-04-17 16:00:00,DMS-01,187.307,0.0,76.619,5.043,78.357,25.851,320.999,0.645
2026-04-17 20:00:00,DMS-01,181.445,0.0,75.496,4.927,77.779,27.033,309.75,0.596
2026-04-18 00:00:00,DMS-01,187.181,0.0,78.092,5.063,71.88,25.26,313.596,0.629
2026-04-18 04:00:00,DMS-01,189.283,0.0,78.547,4.816,75.575,25.179,318.554,0.582
2026-04-18 08:00:00,DMS-01,177.362,0.0,76.736,4.951,76.822,25.389,307.752,0.678
2026-04-18 12:00:00,DMS-01,187.094,0.0,74.934,4.939,65.979,25.066,303.445,0.641
2026-04-18 16:00:00,DMS-01,184.369,0.0,75.911,4.652,73.47,24.833,317.886,0.556
2026-04-18 20:00:00,DMS-01,182.583,0.0,76.995,5.122,67.026,25.94,314.087,0.541
2026-04-19 00:00:00,DMS-01,183.741,0.0,74.428,5.032,68.358,26.351,307.429,0.577
2026-04-19 04:00:00,DMS-01,182.719,0.0,75.48,4.806,72.98,24.998,313.92,0.617
2026-04-19 08:00:00,DMS-01,180.728,0.0,77.177,4.89,71.092,27.079,305.813,0.551
2026-04-19 12:00:00,DMS-01,181.002,0.0,74.582,4.774,74.922,25.122,301.197,0.591
2026-04-19 16:00:00,DMS-01,179.947,0.0,75.058,4.805,79.383,24.922,303.552,0.577
2026-04-19 20:00:00,DMS-01,183.846,0.0,74.56,4.661,82.757,26.439,292.141,0.579
2026-04-20 00:00:00,DMS-01,176.057,0.0,74.367,4.801,82.623,25.153,295.525,0.588
2026-04-20 04:00:00,DMS-01,173.932,0.0,74.811,4.598,78.988,26.238,303.15,0.538
2026-04-20 08:00:00,DMS-01,178.711,0.0,75.845,4.818,88.736,25.206,293.603,0.511
2026-04-20 12:00:00,DMS-01,176.284,0.0,74.681,4.814,71.856,23.894,302.964,0.515
2026-04-20 16:00:00,DMS-01,177.818,0.0,74.452,4.56,81.12,25.207,292.342,0.48
2026-04-20 20:00:00,DMS-01,177.15,0.0,76.479,4.725,77.218,24.827,293.232,0.532
2026-04-21 00:00:00,DMS-01,169.714,0.0,73.544,4.508,74.375,23.326,299.954,0.487
2026-04-21 04:00:00,DMS-01,173.579,0.0,75.381,4.719,76.62,26.029,296.585,0.469
2026-04-21 08:00:00,DMS-01,175.376,0.0,71.763,4.531,67.755,24.152,288.914,0.495
2026-04-21 12:00:00,DMS-01,180.676,0.0,76.02,4.579,67.19,24.413,287.289,0.574
2026-04-21 16:00:00,DMS-01,170.657,0.0,70.518,4.727,64.707,26.048,291.357,0.479
2026-04-21 20:00:00,DMS-01,177.036,0.0,71.4,4.572,67.298,23.853,297.657,0.447
2026-04-22 00:00:00,DMS-01,174.672,0.0,72.903,4.771,66.643,23.47,291.747,0.445
2026-04-22 04:00:00,DMS-01,177.136,0.0,72.739,4.802,62.276,24.471,298.267,0.525
2026-04-22 08:00:00,DMS-01,174.976,0.0,72.137,4.822,64.221,25.103,293.964,0.521
2026-04-22 12:00:00,DMS-01,180.296,0.0,75.702,4.666,60.169,23.618,283.432,0.582
2026-04-22 16:00:00,DMS-01,179.034,0.0,73.42,4.695,71.2,23.88,283.353,0.507
2026-04-22 20:00:00,DMS-01,182.1,0.0,72.291,4.7,75.263,24.941,292.103,0.595
2026-04-23 00:00:00,DMS-01,172.729,0.0,75.827,4.765,79.244,24.533,295.256,0.483
2026-04-23 04:00:00,DMS-01,177.977,0.0,75.051,4.841,71.333,24.161,289.985,0.511
2026-04-23 08:00:00,DMS-01,179.709,0.0,76.582,4.669,75.692,25.753,298.922,0.496
2026-04-23 12:00:00,DMS-01,176.084,0.0,75.36,4.94,80.83,24.492,295.059,0.52
2026-04-23 16:00:00,DMS-01,179.926,0.0,74.323,5.152,86.923,26.025,304.109,0.59
2026-04-23 20:00:00,DMS-01,179.709,0.0,76.767,4.906,79.685,24.896,308.676,0.56
2026-04-24 00:00:00,DMS-01,175.708,0.0,76.596,5.051,89.044,25.616,297.343,0.611
2026-04-24 04:00:00,DMS-01,178.256,0.0,75.242,4.744,90.177,26.125,303.273,0.584
2026-04-24 08:00:00,DMS-01,179.321,0.0,76.113,4.836,81.905,26.476,317.641,0.636
2026-04-24 12:00:00,DMS-01,190.398,0.0,78.088,4.945,82.118,24.835,309.277,0.536
2026-04-24 16:00:00,DMS-01,185.027,0.0,75.362,4.953,78.284,24.111,311.068,0.576
2026-04-24 20:00:00,DMS-01,186.857,0.0,76.675,4.951,75.078,25.59,324.788,0.559
2026-04-25 00:00:00,DMS-01,183.905,0.0,76.376,4.815,74.608,24.889,305.272,0.598
2026-04-25 04:00:00,DMS-01,187.693,0.0,76.376,4.945,68.99,24.448,320.854,0.581
2026-04-25 08:00:00,DMS-01,186.238,0.0,76.271,5.07,72.659,26.577,305.084,0.615
2026-04-25 12:00:00,DMS-01,193.838,0.0,77.499,5.013,71.19,26.299,310.389,0.703
2026-04-25 16:00:00,DMS-01,188.245,0.0,78.261,4.997,72.834,25.586,312.371,0.585
2026-04-25 20:00:00,DMS-01,185.807,0.0,76.808,5.103,61.851,25.719,315.139,0.576
2026-04-26 00:00:00,DMS-01,186.627,0.0,77.959,5.065,67.825,26.73,308.603,0.592
2026-04-26 04:00:00,DMS-01,179.546,0.0,76.042,4.866,67.54,24.826,313.736,0.563
2026-04-26 08:00:00,DMS-01,181.87,0.0,76.653,4.882,83.464,25.701,292.133,0.632
2026-04-26 12:00:00,DMS-01,185.131,0.0,76.048,4.991,77.115,26.185,308.876,0.575
2026-04-26 16:00:00,DMS-01,183.786,0.0,77.579,4.998,79.809,26.203,305.152,0.565
2026-04-26 20:00:00,DMS-01,177.322,0.0,74.891,5.028,81.357,26.484,299.163,0.613
2026-04-27 00:00:00,DMS-01,175.635,0.0,76.036,4.895,86.412,24.933,319.559,0.567
2026-04-27 04:00:00,DMS-01,182.839,0.0,72.849,4.723,78.114,24.912,294.835,0.532
2026-04-27 08:00:00,DMS-01,185.398,0.0,75.414,4.687,88.526,25.301,306.435,0.58
2026-04-27 12:00:00,DMS-01,177.002,0.0,73.379,4.564,80.595,24.688,309.767,0.532
2026-04-27 16:00:00,DMS-01,178.519,0.0,72.392,5.034,76.817,25.239,307.994,0.562
2026-04-27 20:00:00,DMS-01,177.768,0.0,75.58,4.876,82.871,24.505,297.395,0.517
2026-04-28 00:00:00,DMS-01,175.94,0.0,75.309,4.516,78.71,25.108,297.685,0.478
2026-04-28 04:00:00,DMS-01,177.147,0.0,74.591,4.719,73.438,23.497,285.253,0.533
2026-04-28 08:00:00,DMS-01,173.41,0.0,74.481,4.598,68.737,25.421,297.697,0.521
2026-04-28 12:00:00,DMS-01,171.152,0.0,75.388,4.627,65.843,24.712,288.637,0.602
2026-04-28 16:00:00,DMS-01,172.484,0.0,74.288,4.399,69.392,24.642,295.113,0.497
2026-04-28 20:00:00,DMS-01,177.031,0.0,72.78,4.797,69.89,23.793,301.229,0.502
2026-04-29 00:00:00,DMS-01,179.015,0.0,74.338,4.763,60.026,24.555,284.854,0.506
2026-04-29 04:00:00,DMS-01,175.56,0.0,72.794,4.712,66.993,24.156,288.592,0.445
2026-04-29 08:00:00,DMS-01,176.529,0.0,74.373,4.618,59.583,23.949,296.241,0.489
2026-04-29 12:00:00,DMS-01,175.579,0.0,72.703,4.5,73.146,25.159,295.328,0.539
2026-04-29 16:00:00,DMS-01,173.582,0.0,75.247,4.815,68.697,23.899,303.246,0.468
2026-04-29 20:00:00,DMS-01,179.818,0.0,73.166,4.617,66.337,25.168,294.745,0.495
2026-04-30 00:00:00,DMS-01,172.822,0.0,73.946,4.635,73.167,24.424,296.251,0.56
2026-04-30 04:00:00,DMS-01,176.007,0.0,74.692,4.926,82.385,23.843,293.931,0.52
2026-04-30 08:00:00,DMS-01,181.498,0.0,73.367,4.708,81.947,24.757,288.847,0.487
2026-04-30 12:00:00,DMS-01,172.808,0.0,74.69,4.857,87.165,25.509,296.652,0.585
2026-04-30 16:00:00,DMS-01,176.568,0.0,73.265,4.722,82.094,24.598,294.654,0.583
2026-04-30 20:00:00,DMS-01,175.523,0.0,74.733,4.747,87.743,24.961,303.822,0.577
2026-05-01 00:00:00,DMS-01,181.342,0.0,75.597,4.896,79.404,25.021,298.905,0.567
2026-05-01 04:00:00,DMS-01,182.488,0.0,75.928,4.74,83.927,24.279,296.292,0.601
2026-05-01 08:00:00,DMS-01,182.52,0.0,76.012,4.951,86.132,23.999,296.014,0.583
2026-05-01 12:00:00,DMS-01,184.206,0.0,75.265,4.858,80.059,25.045,311.285,0.596
2026-05-01 16:00:00,DMS-01,178.153,0.0,75.727,4.648,88.398,23.503,306.543,0.58
2026-05-01 20:00:00,DMS-01,182.176,0.0,74.161,4.971,89.482,25.363,306.43,0.607
2026-05-02 00:00:00,DMS-01,181.707,0.0,77.328,5.037,79.922,25.303,299.262,0.599
2026-05-02 04:00:00,DMS-01,183.132,0.0,76.18,5.105,70.264,25.235,310.165,0.516
2026-05-02 08:00:00,DMS-01,179.781,0.0,76.524,5.075,74.232,26.441,318.17,0.572
2026-05-02 12:00:00,DMS-01,188.248,0.0,77.357,5.301,68.754,24.615,311.709,0.609
2026-05-02 16:00:00,DMS-01,187.219,0.0,77.429,4.962,66.258,25.314,310.825,0.628
2026-05-02 20:00:00,DMS-01,187.528,0.0,78.688,4.872,67.187,26.044,316.991,0.655
2026-05-03 00:00:00,DMS-01,186.82,0.0,77.175,4.998,70.004,26.646,303.107,0.611
2026-05-03 04:00:00,DMS-01,187.741,0.0,76.447,5.041,76.578,26.178,303.91,0.63
2026-05-03 08:00:00,DMS-01,181.018,0.0,75.517,4.975,81.378,24.39,309.326,0.609
2026-05-03 12:00:00,DMS-01,184.475,0.0,78.758,4.954,72.47,26.046,307.401,0.585
2026-05-03 16:00:00,DMS-01,177.341,0.0,76.578,4.914,82.826,25.625,299.66,0.573
2026-05-03 20:00:00,DMS-01,181.299,0.0,75.335,5.121,90.472,24.829,301.88,0.625
2026-05-04 00:00:00,DMS-01,179.37,0.0,76.799,4.875,87.637,24.66,305.513,0.566
2026-05-04 04:00:00,DMS-01,190.5,0.0,77.196,4.824,75.725,24.978,305.5,0.509
2026-05-04 08:00:00,DMS-01,182.016,0.0,77.739,4.883,83.375,26.435,301.701,0.529
2026-05-04 12:00:00,DMS-01,181.515,0.0,75.722,4.923,93.538,24.469,290.91,0.588
2026-05-04 16:00:00,DMS-01,177.643,0.0,76.316,4.765,80.517,26.056,304.665,0.518
2026-05-04 20:00:00,DMS-01,181.91,0.0,75.168,4.571,82.714,25.639,306.281,0.52
2026-05-05 00:00:00,DMS-01,180.111,0.0,74.954,4.736,65.081,24.832,290.059,0.502
2026-05-05 04:00:00,DMS-01,173.668,0.0,74.803,4.64,81.463,25.029,292.835,0.51
2026-05-05 08:00:00,DMS-01,180.541,0.0,75.425,4.818,71.165,24.645,284.138,0.453
2026-05-05 12:00:00,DMS-01,170.444,0.0,71.587,4.88,67.638,25.357,298.581,0.599
2026-05-05 16:00:00,DMS-01,176.527,0.0,73.175,4.553,72.54,24.362,302.384,0.538
2026-05-05 20:00:00,DMS-01,176.063,0.0,72.884,4.64,64.762,23.575,293.318,0.562
2026-05-06 00:00:00,DMS-01,172.01,0.0,73.934,4.624,71.692,23.922,298.525,0.539
2026-05-06 04:00:00,DMS-01,172.26,0.0,72.14,4.699,63.669,24.537,295.031,0.549
2026-05-06 08:00:00,DMS-01,174.362,0.0,71.31,4.589,70.387,25.03,283.805,0.511
2026-05-06 12:00:00,DMS-01,174.59,0.0,75.048,4.45,66.957,24.589,294.386,0.475
2026-05-06 16:00:00,DMS-01,176.061,0.0,72.997,4.586,66.936,23.145,281.927,0.467
2026-05-06 20:00:00,DMS-01,177.228,0.0,73.999,4.721,70.071,24.544,294.541,0.482
2026-05-07 00:00:00,DMS-01,179.287,0.0,74.123,4.468,65.094,24.574,303.98,0.469
2026-05-07 04:00:00,DMS-01,171.798,0.0,74.655,4.769,79.737,24.445,294.143,0.496
2026-05-07 08:00:00,DMS-01,176.586,0.0,74.989,4.715,77.989,24.607,293.994,0.516
2026-05-07 12:00:00,DMS-01,169.756,0.0,73.395,4.635,77.93,24.351,299.765,0.538
2026-05-07 16:00:00,DMS-01,181.948,0.0,76.106,4.918,80.995,26.035,298.804,0.571
2026-05-07 20:00:00,DMS-01,179.274,0.0,71.099,4.62,79.792,25.086,279.399,0.519
2026-05-08 00:00:00,DMS-01,176.666,0.0,76.088,4.816,83.303,24.259,294.567,0.505
2026-05-08 04:00:00,DMS-01,183.622,0.0,74.993,4.681,82.575,24.965,290.658,0.503
2026-05-08 08:00:00,DMS-01,177.085,0.0,74.666,4.784,80.331,26.3,306.953,0.563
2026-05-08 12:00:00,DMS-01,180.653,0.0,75.624,4.843,77.041,25.449,289.335,0.557
2026-05-08 16:00:00,DMS-01,176.524,0.0,74.736,4.819,74.596,25.554,299.114,0.571
2026-05-08 20:00:00,DMS-01,181.444,0.0,75.107,4.654,78.299,24.613,302.757,0.606
2026-05-09 00:00:00,DMS-01,182.539,0.0,76.17,4.887,68.153,25.365,305.156,0.626
2026-05-09 04:00:00,DMS-01,186.36,0.0,77.513,4.654,75.878,26.073,305.624,0.543
2026-05-09 08:00:00,DMS-01,188.68,0.0,75.315,4.806,68.773,25.397,314.992,0.602
2026-05-09 12:00:00,DMS-01,181.113,0.0,75.542,4.899,67.375,25.143,304.538,0.558
2026-05-09 16:00:00,DMS-01,186.244,0.0,77.554,4.933,82.282,25.561,309.876,0.553
2026-05-09 20:00:00,DMS-01,181.842,0.0,74.662,4.897,71.143,25.417,313.521,0.64
2026-05-10 00:00:00,DMS-01,183.918,0.0,77.122,5.029,77.668,25.372,305.095,0.638
2026-05-10 04:00:00,DMS-01,187.356,0.0,76.661,4.932,67.571,26.128,306.504,0.621
2026-05-10 08:00:00,DMS-01,184.046,0.0,76.869,4.988,78.232,23.985,302.884,0.62
2026-05-10 12:00:00,DMS-01,187.322,0.0,78.814,4.866,73.217,25.842,311.193,0.593
2026-05-10 16:00:00,DMS-01,185.664,0.0,75.316,5.098,82.784,25.359,312.758,0.658
2026-05-10 20:00:00,DMS-01,180.158,0.0,74.994,5.015,82.809,25.986,307.262,0.558
2026-05-11 00:00:00,DMS-01,181.966,0.0,76.417,4.812,84.682,25.548,298.344,0.564
2026-05-11 04:00:00,DMS-01,180.341,0.0,77.523,5.247,82.952,25.336,303.979,0.603
2026-05-11 08:00:00,DMS-01,186.201,0.0,74.861,4.974,81.492,25.199,305.006,0.571
2026-05-11 12:00:00,DMS-01,182.409,0.0,76.419,4.954,83.243,26.795,297.893,0.589
2026-05-11 16:00:00,DMS-01,181.109,0.0,77.036,4.897,86.225,26.122,308.157,0.61
2026-05-11 20:00:00,DMS-01,181.338,0.0,75.571,4.978,78.63,25.567,302.977,0.584
2026-05-12 00:00:00,DMS-01,181.132,0.0,72.816,4.687,80.809,25.236,297.392,0.548
2026-05-12 04:00:00,DMS-01,181.9,0.0,75.767,5.103,83.187,24.901,302.468,0.553
2026-05-12 08:00:00,DMS-01,180.031,0.0,74.277,4.916,74.363,26.097,306.214,0.571
2026-05-12 12:00:00,DMS-01,177.128,0.0,73.847,4.634,69.736,25.17,295.201,0.547
2026-05-12 16:00:00,DMS-01,177.764,0.0,72.884,4.89,74.177,24.627,292.98,0.553
2026-05-12 20:00:00,DMS-01,183.453,0.0,74.797,4.853,71.285,24.6,294.188,0.562
2026-05-13 00:00:00,DMS-01,180.621,0.0,72.379,4.876,69.576,25.22,295.851,0.524
2026-05-13 04:00:00,DMS-01,183.566,0.0,72.343,4.59,60.499,24.117,300.527,0.544
2026-05-13 08:00:00,DMS-01,170.569,0.0,72.972,4.586,61.72,24.281,297.336,0.514
2026-05-13 12:00:00,DMS-01,172.664,0.0,75.316,4.837,67.065,24.476,298.108,0.482
2026-05-13 16:00:00,DMS-01,173.36,0.0,74.104,4.499,63.782,23.454,298.083,0.446
2026-05-13 20:00:00,DMS-01,177.066,0.0,73.793,4.762,70.072,24.476,295.118,0.488
2026-05-14 00:00:00,DMS-01,178.609,0.0,72.915,4.635,74.449,23.649,287.646,0.514
2026-05-14 04:00:00,DMS-01,176.763,0.0,72.123,4.686,81.84,24.637,292.993,0.512
2026-05-14 08:00:00,DMS-01,171.395,0.0,74.466,4.643,78.439,23.878,290.894,0.49
2026-05-14 12:00:00,DMS-01,173.175,0.0,73.679,4.689,79.829,24.671,292.775,0.512
2026-05-14 16:00:00,DMS-01,180.047,0.0,72.174,4.612,75.395,25.191,298.659,0.548
2026-05-14 20:00:00,DMS-01,177.698,0.0,71.07,4.684,77.86,23.801,285.389,0.585
2026-05-15 00:00:00,DMS-01,177.605,0.0,75.481,4.685,83.448,23.831,299.627,0.54
2026-05-15 04:00:00,DMS-01,176.647,0.0,73.556,4.661,86.628,23.335,310.588,0.545
2026-05-15 08:00:00,DMS-01,176.381,0.0,75.65,4.837,79.051,25.566,285.114,0.535
2026-05-15 12:00:00,DMS-01,179.41,0.0,74.761,4.747,79.727,24.891,295.938,0.485
2026-05-15 16:00:00,DMS-01,179.771,0.0,74.936,4.719,63.515,25.904,289.811,0.517
2026-05-15 20:00:00,DMS-01,184.774,0.0,73.525,4.85,75.191,24.769,301.915,0.53
2026-05-16 00:00:00,DMS-01,174.155,0.0,74.032,4.682,71.087,25.114,304.001,0.58
2026-05-16 04:00:00,DMS-01,182.52,0.0,74.207,4.912,80.085,25.316,301.375,0.563
2026-05-16 08:00:00,DMS-01,181.713,0.0,75.087,4.886,69.242,26.002,297.655,0.534
2026-05-16 12:00:00,DMS-01,184.002,0.0,75.128,4.756,68.518,24.099,305.84,0.577
2026-05-16 16:00:00,DMS-01,189.655,0.0,75.122,4.94,68.818,24.69,316.569,0.615
2026-05-16 20:00:00,DMS-01,181.232,0.0,77.216,5.096,65.479,26.147,309.253,0.589
2026-05-17 00:00:00,DMS-01,187.236,0.0,77.01,4.962,70.412,25.183,300.027,0.609
2026-05-17 04:00:00,DMS-01,185.225,0.0,74.195,4.86,76.927,25.211,302.641,0.642
2026-05-17 08:00:00,DMS-01,185.505,0.0,75.869,4.83,80.919,25.32,307.466,0.577
2026-05-17 12:00:00,DMS-01,184.781,0.0,76.794,4.987,79.745,25.026,304.845,0.565
2026-05-17 16:00:00,DMS-01,186.261,0.0,77.875,4.901,73.456,24.78,305.811,0.584
2026-05-17 20:00:00,DMS-01,185.343,0.0,75.104,5.067,91.844,25.788,313.181,0.602
2026-05-18 00:00:00,DMS-01,185.992,0.0,77.64,5.105,86.354,27.007,319.35,0.513
2026-05-18 04:00:00,DMS-01,187.336,0.0,77.1,5.118,81.897,25.527,310.979,0.602
2026-05-18 08:00:00,DMS-01,184.35,0.0,77.394,4.841,84.412,25.75,304.032,0.628
2026-05-18 12:00:00,DMS-01,181.666,0.0,77.446,4.768,93.155,24.873,311.398,0.544
2026-05-18 16:00:00,DMS-01,184.462,0.0,75.515,4.924,80.612,26.824,298.489,0.563
2026-05-18 20:00:00,DMS-01,186.874,0.0,77.47,4.765,85.579,24.309,306.114,0.59
2026-05-19 00:00:00,DMS-01,178.717,0.0,75.227,4.842,77.948,25.52,317.188,0.614
2026-05-19 04:00:00,DMS-01,187.356,0.0,75.362,4.772,79.807,25.192,309.031,0.571
2026-05-19 08:00:00,DMS-01,180.497,0.0,75.281,4.938,75.64,25.599,308.45,0.606
2026-05-19 12:00:00,DMS-01,187.779,0.0,74.936,5.036,68.903,25.088,307.151,0.529
2026-05-19 16:00:00,DMS-01,178.075,0.0,74.62,4.718,58.441,25.003,305.478,0.51
2026-05-19 20:00:00,DMS-01,175.343,0.0,74.389,4.802,73.597,24.973,294.778,0.553
2026-05-20 00:00:00,DMS-01,179.142,0.0,76.454,4.839,63.215,23.815,297.4,0.539
2026-05-20 04:00:00,DMS-01,180.323,0.0,75.283,4.765,59.282,24.829,301.539,0.528
2026-05-20 08:00:00,DMS-01,186.312,0.0,76.196,4.886,70.442,23.849,289.872,0.523
2026-05-20 12:00:00,DMS-01,177.909,0.0,73.989,4.743,66.412,24.514,301.272,0.488
2026-05-20 16:00:00,DMS-01,176.098,0.0,74.294,4.582,61.429,24.343,294.353,0.496
2026-05-20 20:00:00,DMS-01,171.867,0.0,73.959,4.652,69.763,22.0,291.099,0.519
2026-05-21 00:00:00,DMS-01,175.257,0.0,72.991,4.458,71.779,24.079,283.213,0.477
2026-05-21 04:00:00,DMS-01,175.922,0.0,73.898,4.627,76.156,25.103,293.057,0.54
2026-05-21 08:00:00,DMS-01,173.364,0.0,73.095,4.486,81.028,24.973,298.937,0.479
2026-05-21 12:00:00,DMS-01,178.883,0.0,72.972,4.636,90.306,25.218,288.333,0.51
2026-05-21 16:00:00,DMS-01,175.068,0.0,75.112,4.616,78.06,24.503,297.105,0.474
2026-05-21 20:00:00,DMS-01,177.64,0.0,72.316,4.768,80.553,25.124,286.04,0.469
2026-05-22 00:00:00,DMS-01,171.895,0.0,72.076,4.508,85.241,23.218,284.866,0.537
2026-05-22 04:00:00,DMS-01,174.332,0.0,71.77,4.674,77.88,23.736,300.468,0.494
2026-05-22 08:00:00,DMS-01,173.728,0.0,73.666,4.639,85.403,24.805,295.181,0.565
2026-05-22 12:00:00,DMS-01,182.029,0.0,72.83,4.755,82.015,24.506,289.68,0.549
2026-05-22 16:00:00,DMS-01,177.704,0.0,71.393,4.489,80.083,24.504,293.693,0.486
2026-05-22 20:00:00,DMS-01,175.789,0.0,72.78,4.641,69.733,24.162,296.058,0.499
2026-05-23 00:00:00,DMS-01,180.707,0.0,71.69,4.831,67.323,24.166,287.424,0.592
2026-05-23 04:00:00,DMS-01,174.519,0.0,73.23,4.991,65.412,24.612,287.607,0.514
2026-05-23 08:00:00,DMS-01,179.612,0.0,76.406,4.766,65.242,25.945,304.44,0.551
2026-05-23 12:00:00,DMS-01,174.805,0.0,76.429,4.822,69.433,24.511,298.699,0.487
2026-05-23 16:00:00,DMS-01,181.397,0.0,76.955,4.613,71.292,25.08,295.029,0.54
2026-05-23 20:00:00,DMS-01,185.946,0.0,73.57,4.711,64.532,25.965,295.617,0.563
2026-05-24 00:00:00,DMS-01,182.405,0.0,75.429,4.689,67.103,25.83,294.604,0.561
2026-05-24 04:00:00,DMS-01,181.299,0.0,78.363,4.947,67.803,25.388,308.544,0.588
2026-05-24 08:00:00,DMS-01,182.88,0.0,76.067,4.914,71.823,24.242,321.738,0.597
2026-05-24 12:00:00,DMS-01,184.162,0.0,75.958,5.04,74.566,25.458,302.2,0.63
2026-05-24 16:00:00,DMS-01,184.198,0.0,77.467,5.014,78.701,24.981,308.453,0.576
2026-05-24 20:00:00,DMS-01,179.978,0.0,75.601,4.895,80.386,25.203,305.805,0.589
2026-05-25 00:00:00,DMS-01,185.793,0.0,77.763,5.093,86.881,25.642,314.953,0.57
2026-05-25 04:00:00,DMS-01,178.156,0.0,75.571,5.168,86.566,25.87,310.029,0.601
2026-05-25 08:00:00,DMS-01,187.545,0.0,76.281,5.041,85.828,25.178,306.305,0.644
2026-05-25 12:00:00,DMS-01,179.478,0.0,77.885,4.774,84.012,25.906,300.647,0.651
2026-05-25 16:00:00,DMS-01,187.97,0.0,77.384,4.908,81.794,23.713,303.644,0.576
2026-05-25 20:00:00,DMS-01,183.514,0.0,76.248,4.899,80.769,25.129,317.872,0.592
2026-05-26 00:00:00,DMS-01,184.935,0.0,77.555,4.783,84.852,24.832,305.475,0.604
2026-05-26 04:00:00,DMS-01,176.966,0.0,74.866,5.205,86.057,26.197,305.865,0.607
2026-05-26 08:00:00,DMS-01,188.948,0.0,77.299,4.96,78.293,25.505,302.575,0.576
2026-05-26 12:00:00,DMS-01,179.742,0.0,75.612,4.834,73.558,25.07,306.306,0.594
2026-05-26 16:00:00,DMS-01,176.268,0.0,74.271,4.779,69.744,24.852,305.728,0.563
2026-05-26 20:00:00,DMS-01,181.762,0.0,74.97,4.937,76.034,25.137,299.541,0.591
2026-05-27 00:00:00,DMS-01,186.719,0.0,76.263,4.723,69.284,24.618,300.763,0.564
2026-05-27 04:00:00,DMS-01,176.952,0.0,76.426,4.772,72.212,25.537,294.864,0.573
2026-05-27 08:00:00,DMS-01,182.989,0.0,74.03,4.779,68.923,24.674,299.714,0.606
2026-05-27 12:00:00,DMS-01,183.049,0.0,75.727,4.753,77.199,24.996,295.958,0.557
2026-05-27 16:00:00,DMS-01,180.766,0.0,75.391,4.73,68.889,24.559,297.07,0.584
2026-05-27 20:00:00,DMS-01,173.84,0.0,74.0,4.917,70.604,25.13,295.213,0.551
2026-05-28 00:00:00,DMS-01,178.284,0.0,74.514,4.792,70.157,24.747,292.607,0.543
2026-05-28 04:00:00,DMS-01,181.397,0.0,73.771,4.69,73.51,24.611,292.186,0.545
2026-05-28 08:00:00,DMS-01,176.663,0.0,76.877,4.699,69.011,24.349,289.966,0.471
2026-05-28 12:00:00,DMS-01,174.401,0.0,73.895,4.707,81.368,24.055,295.049,0.478
2026-05-28 16:00:00,DMS-01,172.077,0.0,74.015,4.577,83.439,24.073,292.038,0.475
2026-05-28 20:00:00,DMS-01,178.593,0.0,75.315,4.533,85.068,24.647,292.312,0.468
2026-05-29 00:00:00,DMS-01,175.844,0.0,74.787,4.675,77.083,24.127,286.253,0.551
2026-05-29 04:00:00,DMS-01,174.511,0.0,73.019,4.678,81.832,25.746,294.321,0.496
2026-05-29 08:00:00,DMS-01,171.713,0.0,74.883,4.753,81.035,24.163,307.614,0.495
2026-05-29 12:00:00,DMS-01,174.151,0.0,74.853,4.64,82.622,25.075,283.229,0.52
2026-05-29 16:00:00,DMS-01,172.386,0.0,73.067,4.675,77.406,25.222,284.162,0.592
2026-05-29 20:00:00,DMS-01,176.169,0.0,75.17,4.348,66.327,24.026,291.15,0.559
2026-05-30 00:00:00,DMS-01,182.876,0.0,72.722,4.619,73.344,24.576,296.0,0.506
2026-05-30 04:00:00,DMS-01,174.188,0.0,74.104,4.665,62.991,24.255,295.888,0.554
2026-05-30 08:00:00,DMS-01,175.804,0.0,75.659,4.5,75.458,23.703,286.533,0.56
2026-05-30 12:00:00,DMS-01,177.21,0.0,73.964,4.6,66.55,24.848,294.548,0.513
2026-05-30 16:00:00,DMS-01,177.729,0.0,75.34,4.721,67.156,24.193,293.345,0.512
2026-05-30 20:00:00,DMS-01,175.84,0.0,75.237,4.775,72.026,24.989,307.721,0.582
2026-05-31 00:00:00,DMS-01,179.356,0.0,72.813,4.886,72.95,24.367,292.258,0.51
2026-05-31 04:00:00,DMS-01,180.714,0.0,75.132,4.779,78.006,23.558,307.175,0.666
2026-05-31 08:00:00,DMS-01,181.12,0.0,74.64,4.885,73.602,25.552,299.177,0.565
2026-05-31 12:00:00,DMS-01,180.679,0.0,74.028,4.839,81.455,26.633,309.431,0.582
2026-05-31 16:00:00,DMS-01,179.989,0.0,77.615,4.954,73.809,23.603,307.937,0.537
2026-05-31 20:00:00,DMS-01,180.968,0.0,76.275,4.906,86.955,23.871,309.39,0.564
2026-06-01 00:00:00,DMS-01,181.787,0.0,75.115,4.991,85.074,24.814,306.381,0.625
2026-06-01 04:00:00,DMS-01,190.034,0.0,77.868,5.027,82.662,25.524,307.437,0.607
2026-06-01 08:00:00,DMS-01,188.322,0.0,77.645,4.839,82.653,24.29,309.651,0.536
2026-06-01 12:00:00,DMS-01,186.535,0.0,78.369,5.052,92.504,25.343,310.068,0.67
2026-06-01 16:00:00,DMS-01,181.5,0.0,75.168,5.069,82.953,23.98,300.408,0.66
2026-06-01 20:00:00,DMS-01,185.366,0.0,74.5,5.143,91.204,25.342,310.582,0.653
2026-06-02 00:00:00,DMS-01,183.43,0.0,75.929,5.081,84.047,26.088,308.088,0.575
2026-06-02 04:00:00,DMS-01,181.213,0.0,76.054,4.866,85.101,25.264,314.842,0.613
2026-06-02 08:00:00,DMS-01,186.768,0.0,76.094,5.124,78.536,26.618,306.133,0.598
2026-06-02 12:00:00,DMS-01,185.009,0.0,75.302,5.026,76.066,26.556,305.962,0.61
2026-06-02 16:00:00,DMS-01,182.346,0.0,75.765,4.999,75.267,25.849,318.305,0.63
2026-06-02 20:00:00,DMS-01,185.058,0.0,76.918,4.902,72.558,25.973,314.954,0.585
2026-06-03 00:00:00,DMS-01,176.307,0.0,78.556,4.838,72.994,27.113,303.718,0.625
2026-06-03 04:00:00,DMS-01,183.44,0.0,79.199,5.038,65.748,24.419,311.298,0.604
2026-06-03 08:00:00,DMS-01,173.873,0.0,74.22,4.937,72.47,25.195,305.103,0.561
2026-06-03 12:00:00,DMS-01,185.596,0.0,74.847,5.063,65.446,24.289,304.926,0.543
2026-06-03 16:00:00,DMS-01,177.877,0.0,76.313,4.422,65.555,24.76,300.055,0.547
2026-06-03 20:00:00,DMS-01,184.214,0.0,75.001,5.029,70.89,26.055,311.884,0.541
2026-06-04 00:00:00,DMS-01,180.313,0.0,75.297,4.756,85.505,24.187,293.213,0.453
2026-06-04 04:00:00,DMS-01,180.499,0.0,75.173,4.839,81.644,24.613,302.04,0.584
2026-06-04 08:00:00,DMS-01,178.206,0.0,74.083,4.723,80.192,24.176,297.028,0.476
2026-06-04 12:00:00,DMS-01,172.232,0.0,73.121,4.665,82.978,25.566,302.191,0.524
2026-06-04 16:00:00,DMS-01,174.457,0.0,74.549,4.603,88.415,24.903,295.591,0.506
2026-06-04 20:00:00,DMS-01,178.205,0.0,73.507,4.917,82.703,23.621,282.376,0.529
2026-06-05 00:00:00,DMS-01,174.206,0.0,74.953,4.711,76.176,24.31,283.899,0.526
2026-06-05 04:00:00,DMS-01,171.36,0.0,71.071,4.811,72.519,23.476,299.584,0.449
2026-06-05 08:00:00,DMS-01,170.862,0.0,74.653,4.583,77.37,24.589,293.765,0.558
2026-06-05 12:00:00,DMS-01,174.115,0.0,72.548,4.732,75.513,25.049,294.974,0.556
2026-06-05 16:00:00,DMS-01,178.094,0.0,73.437,4.55,76.367,24.742,295.237,0.579
2026-06-05 20:00:00,DMS-01,175.642,0.0,73.349,4.833,75.504,24.922,296.427,0.491
2026-06-06 00:00:00,DMS-01,169.191,0.0,71.527,4.411,60.48,24.331,297.555,0.524
2026-06-06 04:00:00,DMS-01,179.063,0.0,74.101,4.612,64.622,23.595,299.347,0.476
2026-06-06 08:00:00,DMS-01,176.793,0.0,74.109,4.812,62.555,25.67,293.014,0.492
2026-06-06 12:00:00,DMS-01,183.779,0.0,74.828,4.854,66.152,23.218,297.698,0.54
2026-06-06 16:00:00,DMS-01,175.499,0.0,75.747,4.652,65.716,25.146,288.372,0.495
2026-06-06 20:00:00,DMS-01,173.58,0.0,76.477,4.678,64.627,25.417,292.327,0.514
2026-06-07 00:00:00,DMS-01,173.272,0.0,74.61,4.903,70.172,23.816,301.345,0.616
2026-06-07 04:00:00,DMS-01,180.924,0.0,74.175,4.721,75.479,24.397,299.595,0.557
2026-06-07 08:00:00,DMS-01,184.996,0.0,76.418,4.814,74.789,25.153,298.186,0.564
2026-06-07 12:00:00,DMS-01,186.396,0.0,75.794,4.843,74.746,24.742,287.274,0.588
2026-06-07 16:00:00,DMS-01,183.657,0.0,75.489,4.772,71.594,25.409,311.519,0.575
2026-06-07 20:00:00,DMS-01,182.588,0.0,76.082,4.741,80.934,24.722,301.422,0.569
2026-06-08 00:00:00,DMS-01,190.549,0.0,75.44,4.802,89.041,27.147,304.765,0.597
2026-06-08 04:00:00,DMS-01,179.375,0.0,75.616,4.769,85.84,25.008,310.849,0.496
2026-06-08 08:00:00,DMS-01,182.732,0.0,76.102,4.675,85.655,26.845,308.55,0.62
2026-06-08 12:00:00,DMS-01,188.949,0.0,76.985,4.839,84.244,26.043,304.415,0.591
2026-06-08 16:00:00,DMS-01,180.489,0.0,76.136,4.845,83.323,26.755,313.447,0.633
2026-06-08 20:00:00,DMS-01,184.506,0.0,76.79,4.922,88.119,24.911,310.922,0.649
2026-06-09 00:00:00,DMS-01,188.96,0.0,75.853,4.887,92.618,26.27,300.043,0.572
2026-06-09 04:00:00,DMS-01,181.79,0.0,77.301,4.969,85.063,25.422,301.154,0.644
2026-06-09 08:00:00,DMS-01,189.234,0.0,77.266,5.009,70.897,26.273,322.437,0.59
2026-06-09 12:00:00,DMS-01,186.318,0.0,78.153,5.138,72.865,24.934,318.942,0.606
2026-06-09 16:00:00,DMS-01,184.992,0.0,77.08,4.996,69.633,26.127,303.59,0.6
2026-06-09 20:00:00,DMS-01,192.587,0.0,75.735,5.071,72.013,25.138,303.418,0.632
2026-06-10 00:00:00,DMS-01,185.071,0.0,76.86,5.06,73.053,26.141,311.463,0.638
2026-06-10 04:00:00,DMS-01,182.262,0.0,77.263,5.176,70.348,26.817,316.623,0.579
2026-06-10 08:00:00,DMS-01,187.611,0.0,75.667,4.98,76.859,24.757,307.571,0.608
2026-06-10 12:00:00,DMS-01,183.246,0.0,75.167,5.051,66.973,24.892,302.665,0.602
2026-06-10 16:00:00,DMS-01,189.186,0.0,75.481,5.098,71.865,25.305,293.877,0.532
2026-06-10 20:00:00,DMS-01,183.774,0.0,74.968,4.835,78.424,25.256,295.349,0.568
2026-06-11 00:00:00,DMS-01,176.223,0.0,74.658,4.882,77.676,24.77,296.657,0.488
2026-06-11 04:00:00,DMS-01,179.452,0.0,76.131,5.015,84.379,25.297,297.497,0.474
2026-06-11 08:00:00,DMS-01,184.332,0.0,74.954,4.977,88.312,24.442,298.741,0.556
2026-06-11 12:00:00,DMS-01,179.116,0.0,74.169,4.55,84.548,23.462,292.199,0.541
2026-06-11 16:00:00,DMS-01,176.033,0.0,74.222,4.652,86.359,25.634,295.847,0.578
2026-06-11 20:00:00,DMS-01,179.421,0.0,73.218,4.8,76.304,24.459,305.606,0.555
2026-06-12 00:00:00,DMS-01,175.487,0.0,73.294,4.809,74.625,25.445,290.65,0.483
2026-06-12 04:00:00,DMS-01,179.866,0.0,74.048,4.662,82.461,23.815,288.002,0.545
2026-06-12 08:00:00,DMS-01,178.417,0.0,74.251,4.599,79.302,24.668,290.319,0.509
2026-06-12 12:00:00,DMS-01,179.035,0.0,73.622,4.663,77.579,23.92,293.728,0.516
2026-06-12 16:00:00,DMS-01,183.988,0.0,72.833,4.542,71.318,23.021,287.496,0.481
2026-06-12 20:00:00,DMS-01,171.057,0.0,73.189,4.342,70.953,24.449,294.329,0.483
2026-06-13 00:00:00,DMS-01,177.009,0.0,75.288,4.508,66.863,24.481,287.044,0.544
2026-06-13 04:00:00,DMS-01,177.929,0.0,72.629,4.651,60.297,24.194,285.767,0.55
2026-06-13 08:00:00,DMS-01,172.284,0.0,73.633,4.773,63.109,24.712,297.379,0.57
2026-06-13 12:00:00,DMS-01,174.044,0.0,73.752,4.483,67.676,23.901,289.965,0.515
2026-06-13 16:00:00,DMS-01,172.524,0.0,73.243,4.655,58.678,24.926,287.397,0.507
2026-06-13 20:00:00,DMS-01,172.613,0.0,72.803,4.484,62.315,25.126,292.784,0.545
2026-06-14 00:00:00,DMS-01,187.545,0.0,74.441,4.54,71.268,25.231,302.108,0.517
2026-06-14 04:00:00,DMS-01,186.485,0.0,73.708,5.077,74.011,24.942,301.04,0.512
2026-06-14 08:00:00,DMS-01,178.279,0.0,74.334,4.791,70.928,23.383,302.189,0.587
2026-06-14 12:00:00,DMS-01,179.034,0.0,72.533,4.835,74.282,25.357,303.869,0.539
2026-06-14 16:00:00,DMS-01,179.629,0.0,75.544,4.756,78.197,24.209,289.559,0.521
2026-06-14 20:00:00,DMS-01,177.907,0.0,73.728,4.928,87.254,24.568,304.53,0.552
2026-06-15 00:00:00,DMS-01,180.832,0.0,72.109,4.91,83.369,25.737,296.331,0.546
2026-06-15 04:00:00,DMS-01,177.569,0.0,77.113,4.963,84.803,24.85,302.756,0.591
2026-06-15 08:00:00,DMS-01,185.068,0.0,78.38,4.876,86.51,24.776,297.368,0.448
2026-06-15 12:00:00,DMS-01,185.006,0.0,73.878,4.777,84.103,25.493,318.485,0.623
2026-06-15 16:00:00,DMS-01,186.231,0.0,77.75,4.961,83.265,24.35,304.997,0.549
2026-06-15 20:00:00,DMS-01,186.925,0.0,75.974,4.982,83.6,24.358,305.536,0.552
2026-06-16 00:00:00,DMS-01,188.993,0.0,74.761,5.243,82.23,25.623,306.121,0.602
2026-06-16 04:00:00,DMS-01,187.492,0.0,77.342,5.12,76.522,24.679,309.602,0.663
2026-06-16 08:00:00,DMS-01,184.489,0.0,77.11,5.074,81.455,24.681,307.042,0.523
2026-06-16 12:00:00,DMS-01,185.017,0.0,75.968,5.026,70.458,26.354,314.716,0.608
2026-06-16 16:00:00,DMS-01,186.948,0.0,75.191,5.153,74.643,26.392,307.24,0.548
2026-06-16 20:00:00,DMS-01,184.161,0.0,77.016,4.99,70.229,24.699,312.416,0.551
2026-06-17 00:00:00,DMS-01,187.976,0.0,75.717,4.896,78.938,25.02,322.362,0.597
2026-06-17 04:00:00,DMS-01,186.118,0.0,77.871,4.742,69.108,25.013,311.509,0.604
2026-06-17 08:00:00,DMS-01,190.872,0.0,77.903,4.947,74.665,25.02,322.256,0.566
2026-06-17 12:00:00,DMS-01,193.407,0.0,77.118,4.89,70.796,25.047,320.696,0.557
2026-06-17 16:00:00,DMS-01,186.923,0.0,75.51,5.099,73.586,26.493,302.743,0.656
2026-06-17 20:00:00,DMS-01,178.498,0.0,76.645,4.836,68.205,25.658,313.643,0.64
2026-06-18 00:00:00,DMS-01,184.311,0.0,75.608,5.051,70.027,26.613,300.833,0.652
2026-06-18 04:00:00,DMS-01,184.788,0.0,76.451,4.834,75.333,24.752,296.699,0.608
2026-06-18 08:00:00,DMS-01,183.304,0.0,76.675,4.841,83.497,24.65,291.306,0.612
2026-06-18 12:00:00,DMS-01,185.118,0.0,78.973,4.81,74.776,26.025,312.367,0.532
2026-06-18 16:00:00,DMS-01,183.256,0.0,74.633,4.996,78.381,23.894,294.019,0.519
2026-06-18 20:00:00,DMS-01,177.808,0.0,74.705,4.823,83.909,24.414,300.553,0.601
2026-06-19 00:00:00,DMS-01,178.78,0.0,75.371,4.828,85.977,25.553,302.99,0.559
2026-06-19 04:00:00,DMS-01,175.166,0.0,73.161,4.708,84.176,23.811,298.862,0.54
2026-06-19 08:00:00,DMS-01,168.696,0.0,74.684,4.522,82.879,24.497,293.13,0.516
2026-06-19 12:00:00,DMS-01,178.024,0.0,72.708,4.85,68.946,24.83,295.874,0.548
2026-06-19 16:00:00,DMS-01,174.409,0.0,74.118,4.771,76.333,24.602,295.782,0.514
2026-06-19 20:00:00,DMS-01,182.034,0.0,71.794,4.493,74.525,23.933,292.853,0.514
2026-06-20 00:00:00,DMS-01,168.338,0.0,73.888,4.51,66.976,25.226,299.065,0.528
2026-06-20 04:00:00,DMS-01,175.479,0.0,71.775,4.592,66.545,23.843,284.936,0.562
2026-06-20 08:00:00,DMS-01,176.067,0.0,74.652,4.761,71.058,23.922,301.413,0.459
2026-06-20 12:00:00,DMS-01,172.354,0.0,73.727,4.616,62.021,24.166,285.014,0.535
2026-06-20 16:00:00,DMS-01,175.082,0.0,73.277,4.531,60.664,25.302,302.31,0.519
2026-06-20 20:00:00,DMS-01,174.289,0.0,72.904,4.699,65.661,24.838,289.136,0.552
2026-06-21 00:00:00,DMS-01,176.282,0.0,73.081,4.544,69.005,24.626,289.471,0.502
2026-06-21 04:00:00,DMS-01,171.403,0.0,74.274,4.619,74.849,25.098,295.183,0.544
2026-06-21 08:00:00,DMS-01,173.237,0.0,74.275,4.729,74.702,23.124,275.312,0.529
2026-06-21 12:00:00,DMS-01,170.934,0.0,73.258,4.786,71.923,23.64,299.42,0.541
2026-06-21 16:00:00,DMS-01,183.44,0.0,73.266,4.533,78.097,24.13,278.219,0.487
2026-06-21 20:00:00,DMS-01,179.7,0.0,74.573,4.841,82.701,25.015,296.124,0.426
2026-06-22 00:00:00,DMS-01,176.068,0.0,73.715,4.727,83.254,24.901,291.004,0.513
2026-06-22 04:00:00,DMS-01,176.642,0.0,74.077,4.913,80.928,24.298,299.603,0.533
2026-06-22 08:00:00,DMS-01,179.178,0.0,76.108,4.824,81.18,24.931,300.116,0.587
2026-06-22 12:00:00,DMS-01,177.81,0.0,74.907,4.68,77.577,25.126,301.698,0.582
2026-06-22 16:00:00,DMS-01,181.883,0.0,73.853,4.769,81.832,25.905,302.605,0.574
2026-06-22 20:00:00,DMS-01,174.747,0.0,76.492,5.223,82.846,26.326,305.132,0.558
2026-06-23 00:00:00,DMS-01,181.407,0.0,73.152,4.987,79.236,25.186,306.043,0.616
2026-06-23 04:00:00,DMS-01,184.466,0.0,75.854,4.894,75.607,25.856,306.041,0.566
2026-06-23 08:00:00,DMS-01,182.609,0.0,77.005,4.791,68.565,25.949,314.893,0.64
2026-06-23 12:00:00,DMS-01,181.699,0.0,76.697,4.897,82.674,25.256,285.686,0.541
2026-06-23 16:00:00,DMS-01,178.062,0.0,74.824,5.2,66.113,26.584,307.788,0.63
2026-06-23 20:00:00,DMS-01,185.508,0.0,74.303,5.169,71.652,26.298,307.899,0.587
2026-06-24 00:00:00,DMS-01,188.922,0.0,77.721,5.021,67.278,25.8,299.359,0.657
2026-06-24 04:00:00,DMS-01,189.831,0.0,75.717,4.939,71.007,27.045,306.856,0.647
2026-06-24 08:00:00,DMS-01,189.498,0.0,76.61,4.993,78.191,27.748,313.162,0.615
2026-06-24 12:00:00,DMS-01,190.125,0.0,79.192,4.916,67.889,26.362,303.693,0.643
2026-06-24 16:00:00,DMS-01,183.665,0.0,76.149,5.131,67.264,25.97,317.0,0.632
2026-06-24 20:00:00,DMS-01,178.917,0.0,78.278,5.221,82.229,25.261,310.403,0.633
2026-06-25 00:00:00,DMS-01,187.862,0.0,76.087,4.902,78.127,25.247,319.4,0.618
2026-06-25 04:00:00,DMS-01,185.47,0.0,77.464,5.135,75.201,24.89,306.141,0.539
2026-06-25 08:00:00,DMS-01,187.101,0.0,75.701,4.965,84.636,24.533,305.239,0.603
2026-06-25 12:00:00,DMS-01,179.211,0.0,76.628,5.084,81.259,25.404,309.599,0.596
2026-06-25 16:00:00,DMS-01,182.616,0.0,76.176,4.891,87.004,26.203,311.981,0.587
2026-06-25 20:00:00,DMS-01,184.194,0.0,74.578,4.866,79.16,24.913,298.446,0.553
2026-06-26 00:00:00,DMS-01,181.333,0.0,73.909,4.96,92.363,25.612,297.212,0.523
2026-06-26 04:00:00,DMS-01,182.916,0.0,73.954,4.908,89.999,25.479,298.929,0.553
2026-06-26 08:00:00,DMS-01,178.072,0.0,73.452,4.806,78.121,26.318,302.593,0.565
2026-06-26 12:00:00,DMS-01,178.709,0.0,74.833,4.719,79.547,26.093,297.53,0.54
2026-06-26 16:00:00,DMS-01,176.193,0.0,73.902,4.868,72.934,24.062,304.743,0.542
2026-06-26 20:00:00,DMS-01,177.065,0.0,74.373,4.757,66.669,25.881,298.875,0.563
2026-06-27 00:00:00,DMS-01,184.161,0.0,73.5,4.567,66.337,24.44,299.675,0.508
2026-06-27 04:00:00,DMS-01,181.126,0.0,73.066,4.778,69.733,24.003,302.797,0.523
2026-06-27 08:00:00,DMS-01,180.601,0.0,73.765,4.609,69.81,23.807,287.707,0.473
2026-06-27 12:00:00,DMS-01,177.955,0.0,75.257,4.686,60.8,24.299,292.473,0.528
2026-06-27 16:00:00,DMS-01,179.264,0.0,73.97,4.761,78.304,25.005,303.449,0.511
2026-06-27 20:00:00,DMS-01,173.289,0.0,75.041,4.812,73.348,24.802,301.535,0.509
2026-06-28 00:00:00,DMS-01,177.026,0.0,74.666,4.589,71.01,24.171,292.362,0.522
2026-06-28 04:00:00,DMS-01,169.91,0.0,74.289,4.686,71.031,24.95,292.602,0.514
2026-06-28 08:00:00,DMS-01,182.802,0.0,71.987,4.7,71.044,25.216,295.206,0.548
2026-06-28 12:00:00,DMS-01,174.766,0.0,73.461,4.517,76.389,24.528,299.135,0.482
2026-06-28 16:00:00,DMS-01,180.059,0.0,73.247,4.833,77.979,23.761,283.71,0.483
2026-06-28 20:00:00,DMS-01,179.729,0.0,71.414,4.707,72.071,23.582,293.591,0.564
2026-06-29 00:00:00,DMS-01,180.447,0.0,73.444,4.576,75.972,24.019,294.043,0.5
2026-06-29 04:00:00,DMS-01,175.595,0.0,73.218,4.634,86.46,25.377,300.753,0.572
2026-06-29 08:00:00,DMS-01,179.81,0.0,74.479,4.645,84.629,23.813,282.765,0.603
2026-06-29 12:00:00,DMS-01,174.916,0.0,73.628,4.896,82.668,26.792,294.24,0.533
2026-06-29 16:00:00,DMS-01,177.634,0.0,74.646,4.928,82.257,25.478,306.526,0.526
2026-06-29 20:00:00,DMS-01,179.316,0.0,75.962,4.913,80.138,25.852,305.454,0.592
2026-01-01 00:00:00,CR-01,181.047,0.0,65.026,4.002,79.261,780.981,292.419,0.072
2026-01-01 04:00:00,CR-01,182.456,0.0,66.109,4.326,80.766,738.374,298.323,0.069
2026-01-01 08:00:00,CR-01,177.838,0.0,63.601,3.931,87.834,739.231,289.834,0.121
2026-01-01 12:00:00,CR-01,181.381,0.0,68.147,4.237,96.531,750.752,296.675,0.11
2026-01-01 16:00:00,CR-01,184.829,0.0,65.731,4.275,89.546,770.525,307.12,0.102
2026-01-01 20:00:00,CR-01,184.06,0.0,62.867,4.343,86.532,779.1,309.663,0.082
2026-01-02 00:00:00,CR-01,183.002,0.0,64.039,4.152,93.371,799.075,304.042,0.098
2026-01-02 04:00:00,CR-01,190.342,0.0,64.317,4.238,93.023,777.815,325.065,0.034
2026-01-02 08:00:00,CR-01,186.374,0.0,63.754,4.102,87.404,750.182,314.653,0.041
2026-01-02 12:00:00,CR-01,183.42,0.0,68.914,4.295,79.05,772.605,306.478,0.174
2026-01-02 16:00:00,CR-01,199.021,0.0,65.44,4.399,91.575,789.678,311.241,0.114
2026-01-02 20:00:00,CR-01,186.756,0.0,65.623,4.299,73.355,752.768,316.592,0.115
2026-01-03 00:00:00,CR-01,186.777,0.0,67.657,4.248,77.568,755.829,311.144,0.12
2026-01-03 04:00:00,CR-01,199.081,0.0,67.269,4.266,72.372,764.369,312.997,0.109
2026-01-03 08:00:00,CR-01,186.42,0.0,65.663,4.25,74.635,741.652,321.172,0.09
2026-01-03 12:00:00,CR-01,188.661,0.0,65.704,4.149,73.008,777.709,311.42,0.116
2026-01-03 16:00:00,CR-01,178.136,0.0,66.51,4.0,79.797,751.301,317.815,0.133
2026-01-03 20:00:00,CR-01,181.057,0.0,65.476,4.295,79.277,772.541,316.684,0.079
2026-01-04 00:00:00,CR-01,180.265,0.0,64.141,4.386,78.861,731.642,306.344,0.038
2026-01-04 04:00:00,CR-01,183.92,0.0,66.338,3.946,83.108,753.885,305.721,0.107
2026-01-04 08:00:00,CR-01,183.549,0.0,64.611,4.288,76.622,779.329,293.711,0.0
2026-01-04 12:00:00,CR-01,176.48,0.0,64.245,4.229,83.16,718.222,299.078,0.134
2026-01-04 16:00:00,CR-01,171.531,0.0,64.107,3.685,76.75,776.522,299.064,0.052
2026-01-04 20:00:00,CR-01,174.179,0.0,65.204,4.095,83.095,779.276,297.211,0.078
2026-01-05 00:00:00,CR-01,179.885,0.0,61.617,3.916,87.207,734.682,293.779,0.011
2026-01-05 04:00:00,CR-01,174.011,0.0,62.347,3.926,90.902,755.422,315.89,0.038
2026-01-05 08:00:00,CR-01,181.656,0.0,64.37,4.194,86.404,748.952,301.214,0.0
2026-01-05 12:00:00,CR-01,182.016,0.0,62.949,4.0,89.344,752.157,309.399,0.0
2026-01-05 16:00:00,CR-01,177.863,0.0,62.805,3.795,85.259,722.456,292.021,0.005
2026-01-05 20:00:00,CR-01,166.448,0.0,62.693,3.905,85.498,752.357,289.673,0.039
2026-01-06 00:00:00,CR-01,172.674,0.0,64.92,3.707,81.638,704.883,295.72,0.0
2026-01-06 04:00:00,CR-01,170.351,0.0,60.64,3.793,79.112,716.294,290.475,0.022
2026-01-06 08:00:00,CR-01,177.893,0.0,60.403,3.476,77.728,734.173,278.535,0.0
2026-01-06 12:00:00,CR-01,177.5,0.0,60.419,3.664,70.886,768.23,290.232,0.019
2026-01-06 16:00:00,CR-01,175.64,0.0,61.354,3.792,67.864,713.73,277.316,0.0
2026-01-06 20:00:00,CR-01,178.769,0.0,64.189,3.748,71.346,690.234,285.592,0.006
2026-01-07 00:00:00,CR-01,173.103,0.0,61.933,3.662,66.934,733.685,305.951,0.0
2026-01-07 04:00:00,CR-01,171.664,0.0,61.673,3.693,72.645,753.11,289.479,0.018
2026-01-07 08:00:00,CR-01,180.057,0.0,63.335,3.842,68.583,776.479,295.326,0.008
2026-01-07 12:00:00,CR-01,164.128,0.0,62.328,3.828,69.055,743.095,301.631,0.019
2026-01-07 16:00:00,CR-01,172.98,0.0,62.386,3.857,77.983,739.989,296.069,0.004
2026-01-07 20:00:00,CR-01,168.298,0.0,61.931,4.142,80.538,705.19,290.493,0.086
2026-01-08 00:00:00,CR-01,177.378,0.0,62.998,3.735,79.844,733.779,301.166,0.056
2026-01-08 04:00:00,CR-01,173.932,0.0,62.714,3.804,87.609,714.081,303.074,0.0
2026-01-08 08:00:00,CR-01,175.681,0.0,64.0,3.951,85.266,729.763,306.537,0.065
2026-01-08 12:00:00,CR-01,180.412,0.0,65.671,4.2,84.95,757.341,296.682,0.026
2026-01-08 16:00:00,CR-01,180.128,0.0,63.462,4.065,90.375,755.528,295.477,0.0
2026-01-08 20:00:00,CR-01,185.502,0.0,64.595,4.038,87.618,741.331,308.818,0.0
2026-01-09 00:00:00,CR-01,186.544,0.0,65.693,3.94,87.349,775.883,296.439,0.025
2026-01-09 04:00:00,CR-01,188.758,0.0,67.4,4.219,89.966,767.794,304.825,0.124
2026-01-09 08:00:00,CR-01,185.174,0.0,65.542,4.132,93.848,766.727,309.244,0.069
2026-01-09 12:00:00,CR-01,178.364,0.0,67.319,4.373,85.306,813.234,317.694,0.145
2026-01-09 16:00:00,CR-01,189.366,0.0,64.426,4.296,81.096,772.725,313.838,0.029
2026-01-09 20:00:00,CR-01,185.338,0.0,66.31,4.356,85.557,769.656,308.268,0.126
2026-01-10 00:00:00,CR-01,188.439,0.0,65.634,4.103,85.189,804.038,316.536,0.046
2026-01-10 04:00:00,CR-01,188.114,0.0,65.374,4.391,83.608,784.94,319.77,0.123
2026-01-10 08:00:00,CR-01,196.098,0.0,66.688,4.355,82.825,775.877,308.697,0.161
2026-01-10 12:00:00,CR-01,177.458,0.0,65.683,4.275,82.745,769.339,306.605,0.11
2026-01-10 16:00:00,CR-01,192.059,0.0,65.921,4.219,76.752,761.664,320.265,0.158
2026-01-10 20:00:00,CR-01,186.49,0.0,66.05,4.038,80.09,751.978,326.646,0.11
2026-01-11 00:00:00,CR-01,181.51,0.0,66.637,4.257,81.973,704.238,321.978,0.089
2026-01-11 04:00:00,CR-01,183.303,0.0,63.733,4.231,85.832,765.323,312.864,0.128
2026-01-11 08:00:00,CR-01,188.9,0.0,66.033,4.222,76.244,753.346,312.521,0.123
2026-01-11 12:00:00,CR-01,186.622,0.0,66.382,4.124,80.869,732.529,307.319,0.122
2026-01-11 16:00:00,CR-01,183.501,0.0,65.755,4.165,83.79,785.503,300.446,0.025
2026-01-11 20:00:00,CR-01,183.286,0.0,63.882,4.054,88.946,756.039,297.108,0.057
2026-01-12 00:00:00,CR-01,181.982,0.0,63.602,4.014,84.259,744.466,313.721,0.054
2026-01-12 04:00:00,CR-01,175.523,0.0,63.854,4.079,86.14,755.216,288.162,0.054
2026-01-12 08:00:00,CR-01,177.245,0.0,63.068,3.952,93.434,772.821,297.18,0.056
2026-01-12 12:00:00,CR-01,182.4,0.0,64.888,4.013,89.53,771.917,292.381,0.048
2026-01-12 16:00:00,CR-01,179.116,0.0,63.205,3.888,82.577,731.628,288.708,0.07
2026-01-12 20:00:00,CR-01,176.34,0.0,65.885,3.922,87.268,736.275,305.249,0.023
2026-01-13 00:00:00,CR-01,178.143,0.0,63.267,3.836,79.895,748.615,295.431,0.027
2026-01-13 04:00:00,CR-01,178.737,0.0,62.995,3.829,83.28,740.772,291.368,0.005
2026-01-13 08:00:00,CR-01,175.415,0.0,62.792,3.61,86.779,714.36,313.896,0.0
2026-01-13 12:00:00,CR-01,180.233,0.0,62.153,3.794,77.789,715.366,286.219,0.0
2026-01-13 16:00:00,CR-01,179.038,0.0,59.676,4.144,69.852,738.774,282.953,0.0
2026-01-13 20:00:00,CR-01,169.368,0.0,61.313,3.901,69.718,707.191,290.661,0.077
2026-01-14 00:00:00,CR-01,164.877,0.0,60.931,3.879,69.409,738.306,302.123,0.017
2026-01-14 04:00:00,CR-01,179.261,0.0,62.668,3.865,77.321,716.896,287.344,0.0
2026-01-14 08:00:00,CR-01,170.508,0.0,64.312,3.863,77.362,767.881,270.587,0.0
2026-01-14 12:00:00,CR-01,170.27,0.0,60.555,3.782,81.507,736.236,292.74,0.0
2026-01-14 16:00:00,CR-01,174.605,0.0,62.494,3.617,72.072,730.772,297.899,0.023
2026-01-14 20:00:00,CR-01,172.334,0.0,61.673,3.722,73.647,745.19,296.477,0.0
2026-01-15 00:00:00,CR-01,171.731,0.0,63.745,3.967,79.171,729.495,294.081,0.0
2026-01-15 04:00:00,CR-01,171.282,0.0,63.598,3.844,82.164,753.821,298.935,0.022
2026-01-15 08:00:00,CR-01,174.588,0.0,62.344,3.683,82.011,745.319,302.355,0.014
2026-01-15 12:00:00,CR-01,176.279,0.0,63.773,3.65,80.825,723.395,306.183,0.009
2026-01-15 16:00:00,CR-01,166.901,0.0,63.082,4.072,90.736,737.668,300.179,0.0
2026-01-15 20:00:00,CR-01,177.906,0.0,63.687,3.973,85.622,751.183,297.935,0.005
2026-01-16 00:00:00,CR-01,183.025,0.0,62.806,4.283,90.743,690.295,295.34,0.0
2026-01-16 04:00:00,CR-01,184.387,0.0,64.223,4.28,89.957,735.794,298.253,0.015
2026-01-16 08:00:00,CR-01,183.691,0.0,64.108,4.051,91.572,758.587,313.031,0.072
2026-01-16 12:00:00,CR-01,181.463,0.0,67.621,3.951,89.828,758.484,300.853,0.105
2026-01-16 16:00:00,CR-01,188.193,0.0,64.84,3.957,83.786,776.755,310.877,0.089
2026-01-16 20:00:00,CR-01,188.337,0.0,64.904,4.19,80.746,790.726,317.842,0.055
2026-01-17 00:00:00,CR-01,186.674,0.0,66.714,4.449,77.719,785.784,290.359,0.051
2026-01-17 04:00:00,CR-01,192.367,0.0,64.9,3.98,75.644,755.629,297.831,0.098
2026-01-17 08:00:00,CR-01,182.059,0.0,65.961,4.54,83.598,785.919,291.018,0.117
2026-01-17 12:00:00,CR-01,188.701,0.0,65.258,4.569,69.31,756.83,312.056,0.144
2026-01-17 16:00:00,CR-01,189.003,0.0,65.461,4.185,73.913,812.362,316.383,0.091
2026-01-17 20:00:00,CR-01,185.99,0.0,65.194,4.136,80.03,760.672,291.505,0.157
2026-01-18 00:00:00,CR-01,186.983,0.0,65.928,4.336,85.848,768.634,308.926,0.095
2026-01-18 04:00:00,CR-01,182.878,0.0,67.875,4.264,79.499,803.699,305.261,0.06
2026-01-18 08:00:00,CR-01,193.003,0.0,63.622,4.297,86.246,741.482,316.309,0.124
2026-01-18 12:00:00,CR-01,192.27,0.0,66.155,4.278,80.599,735.196,287.833,0.123
2026-01-18 16:00:00,CR-01,192.074,0.0,66.119,4.264,86.74,811.066,304.542,0.128
2026-01-18 20:00:00,CR-01,190.498,0.0,66.07,4.241,82.98,754.214,299.093,0.036
2026-01-19 00:00:00,CR-01,174.161,0.0,64.459,4.212,93.968,757.592,314.158,0.096
2026-01-19 04:00:00,CR-01,180.405,0.0,65.223,3.77,88.171,764.263,306.614,0.058
2026-01-19 08:00:00,CR-01,179.671,0.0,65.091,4.012,86.257,763.604,303.682,0.078
2026-01-19 12:00:00,CR-01,186.118,0.0,64.708,4.227,86.276,770.289,299.045,0.022
2026-01-19 16:00:00,CR-01,183.398,0.0,64.55,3.883,87.963,761.238,297.433,0.078
2026-01-19 20:00:00,CR-01,177.008,0.0,65.974,4.278,80.833,765.605,303.797,0.024
2026-01-20 00:00:00,CR-01,177.971,0.0,63.191,4.001,82.32,721.511,296.687,0.057
2026-01-20 04:00:00,CR-01,180.481,0.0,64.343,3.655,81.997,739.982,293.065,0.046
2026-01-20 08:00:00,CR-01,179.417,0.0,62.193,3.85,83.169,727.161,285.785,0.0
2026-01-20 12:00:00,CR-01,169.651,0.0,62.056,4.132,83.373,696.59,295.604,0.085
2026-01-20 16:00:00,CR-01,173.018,0.0,62.878,3.552,74.338,693.196,282.284,0.0
2026-01-20 20:00:00,CR-01,171.256,0.0,63.223,3.692,73.661,746.928,303.428,0.0
2026-01-21 00:00:00,CR-01,176.244,0.0,61.248,4.085,71.671,736.099,294.607,0.0
2026-01-21 04:00:00,CR-01,184.743,0.0,59.948,3.503,65.299,766.666,298.577,0.012
2026-01-21 08:00:00,CR-01,173.496,0.0,61.489,3.826,72.464,703.443,288.57,0.002
2026-01-21 12:00:00,CR-01,170.471,0.0,61.244,3.849,81.528,731.324,286.463,0.0
2026-01-21 16:00:00,CR-01,164.564,0.0,64.967,4.009,78.794,720.33,295.152,0.0
2026-01-21 20:00:00,CR-01,175.163,0.0,66.02,4.031,82.589,713.379,292.613,0.025
2026-01-22 00:00:00,CR-01,171.178,0.0,62.769,3.912,74.164,729.98,300.161,0.0
2026-01-22 04:00:00,CR-01,168.789,0.0,62.53,3.573,80.334,745.429,290.57,0.062
2026-01-22 08:00:00,CR-01,175.678,0.0,61.981,3.741,78.954,733.01,284.018,0.02
2026-01-22 12:00:00,CR-01,173.567,0.0,62.626,4.016,82.984,741.449,295.141,0.045
2026-01-22 16:00:00,CR-01,174.534,0.0,61.084,3.928,89.375,709.679,284.404,0.032
2026-01-22 20:00:00,CR-01,178.473,0.0,62.991,4.037,92.699,740.625,287.547,0.059
2026-01-23 00:00:00,CR-01,173.121,0.0,64.146,4.199,89.605,726.928,303.596,0.023
2026-01-23 04:00:00,CR-01,182.966,0.0,63.964,3.982,81.836,732.526,301.526,0.036
2026-01-23 08:00:00,CR-01,184.179,0.0,64.104,3.877,83.218,743.827,289.288,0.078
2026-01-23 12:00:00,CR-01,180.72,0.0,64.346,3.856,82.963,734.878,294.086,0.041
2026-01-23 16:00:00,CR-01,182.957,0.0,63.967,3.83,80.105,736.192,289.411,0.101
2026-01-23 20:00:00,CR-01,183.641,0.0,64.853,3.969,78.532,761.927,297.069,0.082
2026-01-24 00:00:00,CR-01,187.495,0.0,63.622,4.168,77.276,741.057,306.206,0.028
2026-01-24 04:00:00,CR-01,187.968,0.0,63.591,3.911,75.97,766.087,292.689,0.111
2026-01-24 08:00:00,CR-01,183.028,0.0,65.461,4.546,79.849,723.335,317.475,0.068
2026-01-24 12:00:00,CR-01,184.22,0.0,63.894,4.264,84.227,767.962,308.119,0.118
2026-01-24 16:00:00,CR-01,185.577,0.0,64.454,4.438,74.906,756.919,313.437,0.085
2026-01-24 20:00:00,CR-01,182.311,0.0,68.613,4.048,77.703,748.309,299.508,0.167
2026-01-25 00:00:00,CR-01,185.154,0.0,65.482,4.578,81.877,745.87,308.296,0.113
2026-01-25 04:00:00,CR-01,186.816,0.0,65.821,4.14,77.499,781.0,307.767,0.1
2026-01-25 08:00:00,CR-01,179.832,0.0,66.343,4.024,75.709,766.447,316.374,0.132
2026-01-25 12:00:00,CR-01,190.641,0.0,65.578,4.243,92.899,790.467,300.883,0.084
2026-01-25 16:00:00,CR-01,186.899,0.0,65.956,4.586,90.29,787.463,305.97,0.116
2026-01-25 20:00:00,CR-01,186.578,0.0,64.607,4.453,84.292,762.945,319.941,0.113
2026-01-26 00:00:00,CR-01,188.143,0.0,64.538,4.233,89.094,754.937,316.706,0.058
2026-01-26 04:00:00,CR-01,179.183,0.0,64.429,4.352,84.929,772.179,305.95,0.081
2026-01-26 08:00:00,CR-01,178.388,0.0,65.469,3.952,89.729,774.042,314.266,0.043
2026-01-26 12:00:00,CR-01,183.458,0.0,65.726,4.364,85.901,792.384,309.455,0.041
2026-01-26 16:00:00,CR-01,178.017,0.0,65.015,4.18,85.414,768.268,310.06,0.011
2026-01-26 20:00:00,CR-01,187.984,0.0,63.753,4.321,83.692,784.943,299.082,0.125
2026-01-27 00:00:00,CR-01,183.226,0.0,66.063,4.08,93.129,759.968,306.056,0.041
2026-01-27 04:00:00,CR-01,180.981,0.0,65.632,3.989,77.942,740.03,288.802,0.012
2026-01-27 08:00:00,CR-01,185.081,0.0,63.695,3.993,76.578,736.305,285.232,0.085
2026-01-27 12:00:00,CR-01,178.519,0.0,63.88,4.108,77.194,763.121,300.159,0.077
2026-01-27 16:00:00,CR-01,181.469,0.0,64.301,4.153,75.969,751.685,299.941,0.013
2026-01-27 20:00:00,CR-01,166.06,0.0,63.908,3.612,75.907,770.007,277.401,0.037
2026-01-28 00:00:00,CR-01,174.815,0.0,64.187,4.111,70.429,744.769,307.61,0.007
2026-01-28 04:00:00,CR-01,173.893,0.0,61.397,3.853,65.872,732.448,278.07,0.054
2026-01-28 08:00:00,CR-01,180.595,0.0,60.873,4.106,77.51,747.13,288.293,0.0
2026-01-28 12:00:00,CR-01,176.434,0.0,61.947,3.517,72.499,742.188,309.703,0.0
2026-01-28 16:00:00,CR-01,174.674,0.0,61.829,4.169,79.715,750.08,287.308,0.057
2026-01-28 20:00:00,CR-01,177.126,0.0,61.188,3.631,81.109,783.868,282.403,0.006
2026-01-29 00:00:00,CR-01,171.396,0.0,61.98,3.914,84.646,735.507,284.347,0.0
2026-01-29 04:00:00,CR-01,168.428,0.0,62.357,4.086,80.312,728.413,283.944,0.003
2026-01-29 08:00:00,CR-01,171.29,0.0,59.981,3.64,87.677,768.145,280.621,0.0
2026-01-29 12:00:00,CR-01,170.267,0.0,62.097,3.653,82.029,727.952,280.208,0.021
2026-01-29 16:00:00,CR-01,177.346,0.0,62.099,3.927,96.174,768.62,289.735,0.054
2026-01-29 20:00:00,CR-01,181.117,0.0,62.328,3.672,88.609,712.06,300.108,0.032
2026-01-30 00:00:00,CR-01,163.868,0.0,60.983,4.192,87.678,697.092,295.359,0.082
2026-01-30 04:00:00,CR-01,184.701,0.0,60.858,3.788,86.307,711.787,285.002,0.036
2026-01-30 08:00:00,CR-01,173.99,0.0,62.578,3.957,97.485,744.65,304.697,0.064
2026-01-30 12:00:00,CR-01,181.421,0.0,61.278,4.11,81.498,742.183,274.021,0.025
2026-01-30 16:00:00,CR-01,175.044,0.0,62.55,3.851,84.059,719.035,289.573,0.106
2026-01-30 20:00:00,CR-01,179.168,0.0,61.074,4.061,82.442,777.955,299.901,0.072
2026-01-31 00:00:00,CR-01,180.202,0.0,63.257,4.187,76.187,755.238,292.048,0.036
2026-01-31 04:00:00,CR-01,181.147,0.0,66.125,3.942,70.805,745.848,301.939,0.059
2026-01-31 08:00:00,CR-01,190.088,0.0,62.389,4.475,76.575,750.061,305.989,0.139
2026-01-31 12:00:00,CR-01,179.692,0.0,64.44,3.969,72.563,739.159,305.336,0.056
2026-01-31 16:00:00,CR-01,172.714,0.0,64.759,4.124,78.868,766.041,317.264,0.043
2026-01-31 20:00:00,CR-01,186.725,0.0,66.216,4.282,77.718,798.582,308.129,0.147
2026-02-01 00:00:00,CR-01,184.324,0.0,65.366,4.185,78.414,770.58,323.723,0.072
2026-02-01 04:00:00,CR-01,177.423,0.0,67.889,4.384,79.367,751.144,308.057,0.06
2026-02-01 08:00:00,CR-01,187.304,0.0,66.781,4.041,84.027,772.491,316.699,0.071
2026-02-01 12:00:00,CR-01,178.471,0.0,63.88,4.15,87.748,780.941,318.024,0.098
2026-02-01 16:00:00,CR-01,203.358,0.0,69.461,4.49,90.985,766.686,290.346,0.088
2026-02-01 20:00:00,CR-01,192.459,0.0,66.284,3.991,90.901,765.521,319.175,0.14
2026-02-02 00:00:00,CR-01,185.984,0.0,67.705,4.221,95.344,777.032,305.506,0.161
2026-02-02 04:00:00,CR-01,186.064,0.0,65.751,4.198,100.0,806.116,306.986,0.089
2026-02-02 08:00:00,CR-01,189.439,0.0,64.64,4.347,85.24,739.52,314.634,0.049
2026-02-02 12:00:00,CR-01,186.69,0.0,65.787,4.187,91.315,779.484,299.533,0.097
2026-02-02 16:00:00,CR-01,179.31,0.0,65.12,4.005,89.285,779.743,319.361,0.118
2026-02-02 20:00:00,CR-01,188.398,0.0,65.415,4.402,97.165,733.509,296.618,0.042
2026-02-03 00:00:00,CR-01,176.269,0.0,65.328,4.296,81.49,767.712,304.181,0.051
2026-02-03 04:00:00,CR-01,176.016,0.0,64.312,3.994,86.141,757.972,309.599,0.03
2026-02-03 08:00:00,CR-01,191.22,0.0,63.681,4.176,80.093,783.668,302.15,0.113
2026-02-03 12:00:00,CR-01,182.776,0.0,66.708,3.74,69.228,768.697,314.638,0.086
2026-02-03 16:00:00,CR-01,179.098,0.0,64.812,4.458,80.715,761.885,308.448,0.032
2026-02-03 20:00:00,CR-01,183.202,0.0,64.914,4.112,79.737,736.388,300.099,0.088
2026-02-04 00:00:00,CR-01,174.03,0.0,63.93,3.862,75.435,748.26,301.099,0.01
2026-02-04 04:00:00,CR-01,176.079,0.0,65.267,3.987,68.294,763.132,298.944,0.023
2026-02-04 08:00:00,CR-01,180.657,0.0,62.762,3.733,78.143,732.683,294.596,0.014
2026-02-04 12:00:00,CR-01,177.136,0.0,61.772,4.006,67.798,726.436,267.827,0.015
2026-02-04 16:00:00,CR-01,180.21,0.0,62.614,3.95,73.912,707.573,299.441,0.041
2026-02-04 20:00:00,CR-01,173.366,0.0,60.031,3.886,76.593,715.928,289.441,0.0
2026-02-05 00:00:00,CR-01,181.799,0.0,62.031,3.738,80.543,720.992,288.413,0.0
2026-02-05 04:00:00,CR-01,172.619,0.0,64.152,3.505,72.872,739.575,292.095,0.0
2026-02-05 08:00:00,CR-01,163.319,0.0,60.689,3.977,85.236,718.103,299.198,0.0
2026-02-05 12:00:00,CR-01,175.353,0.0,60.537,3.72,84.159,724.643,280.49,0.0
2026-02-05 16:00:00,CR-01,177.845,0.0,61.825,3.858,85.856,705.323,298.701,0.0
2026-02-05 20:00:00,CR-01,178.148,0.0,61.897,4.061,95.6,672.86,288.696,0.032
2026-02-06 00:00:00,CR-01,175.948,0.0,61.376,3.502,96.468,735.561,310.452,0.0
2026-02-06 04:00:00,CR-01,173.132,0.0,63.087,3.726,87.411,710.585,287.236,0.0
2026-02-06 08:00:00,CR-01,176.039,0.0,60.411,3.964,90.909,760.621,277.132,0.0
2026-02-06 12:00:00,CR-01,170.749,0.0,61.691,4.09,80.672,717.849,295.556,0.0
2026-02-06 16:00:00,CR-01,176.125,0.0,63.377,3.536,78.832,775.234,287.175,0.067
2026-02-06 20:00:00,CR-01,174.913,0.0,62.633,3.884,78.519,715.665,296.59,0.056
2026-02-07 00:00:00,CR-01,181.954,0.0,61.546,3.831,80.644,742.886,299.667,0.04
2026-02-07 04:00:00,CR-01,175.421,0.0,64.614,3.721,74.632,749.545,292.691,0.084
2026-02-07 08:00:00,CR-01,182.571,0.0,63.675,4.271,73.244,718.917,309.951,0.064
2026-02-07 12:00:00,CR-01,187.437,0.0,63.246,3.979,75.0,785.019,315.479,0.108
2026-02-07 16:00:00,CR-01,184.101,0.0,63.819,4.074,76.087,733.463,308.962,0.048
2026-02-07 20:00:00,CR-01,181.975,0.0,64.397,3.913,73.119,729.95,302.463,0.085
2026-02-08 00:00:00,CR-01,188.04,0.0,62.975,4.383,72.797,723.823,291.258,0.131
2026-02-08 04:00:00,CR-01,180.273,0.0,65.63,4.113,80.349,752.393,305.53,0.059
2026-02-08 08:00:00,CR-01,186.55,0.0,64.248,4.197,83.83,743.711,310.757,0.073
2026-02-08 12:00:00,CR-01,176.412,0.0,65.587,4.092,81.092,766.013,316.0,0.087
2026-02-08 16:00:00,CR-01,187.664,0.0,66.513,4.205,85.513,788.098,310.447,0.111
2026-02-08 20:00:00,CR-01,185.012,0.0,66.933,4.46,90.949,804.822,319.049,0.072
2026-02-09 00:00:00,CR-01,184.04,0.0,65.448,4.167,87.648,759.456,312.917,0.103
2026-02-09 04:00:00,CR-01,185.224,0.0,66.398,4.317,95.537,800.084,311.26,0.088
2026-02-09 08:00:00,CR-01,185.761,0.0,67.284,4.224,100.0,756.531,311.476,0.091
2026-02-09 12:00:00,CR-01,182.208,0.0,64.954,4.177,96.63,726.974,316.537,0.122
2026-02-09 16:00:00,CR-01,179.634,0.0,66.848,4.24,89.329,745.257,309.424,0.087
2026-02-09 20:00:00,CR-01,184.415,0.0,67.802,3.934,86.623,778.743,318.395,0.134
2026-02-10 00:00:00,CR-01,188.121,0.0,63.379,3.925,94.058,762.445,307.683,0.079
2026-02-10 04:00:00,CR-01,180.477,0.0,65.745,4.574,89.504,729.84,317.751,0.082
2026-02-10 08:00:00,CR-01,190.696,0.0,67.104,4.125,81.472,767.636,295.334,0.085
2026-02-10 12:00:00,CR-01,189.872,0.0,66.717,4.071,77.338,755.794,310.227,0.043
2026-02-10 16:00:00,CR-01,191.968,0.0,62.479,4.127,71.118,765.276,306.461,0.085
2026-02-10 20:00:00,CR-01,175.437,0.0,63.265,4.359,65.038,751.983,305.947,0.0
2026-02-11 00:00:00,CR-01,181.265,0.0,63.325,4.091,77.235,805.92,292.973,0.047
2026-02-11 04:00:00,CR-01,183.982,0.0,63.966,3.541,78.793,736.127,284.815,0.084
2026-02-11 08:00:00,CR-01,180.671,0.0,63.159,3.909,75.73,745.648,291.083,0.123
2026-02-11 12:00:00,CR-01,185.966,0.0,66.239,4.331,70.546,770.853,304.504,0.018
2026-02-11 16:00:00,CR-01,174.836,0.0,64.43,3.57,80.117,736.818,297.415,0.041
2026-02-11 20:00:00,CR-01,180.092,0.0,62.128,4.355,77.555,739.143,310.614,0.03
2026-02-12 00:00:00,CR-01,173.527,0.0,61.531,3.631,81.003,751.155,288.661,0.067
2026-02-12 04:00:00,CR-01,187.945,0.0,64.633,3.763,85.748,752.99,283.559,0.055
2026-02-12 08:00:00,CR-01,176.601,0.0,61.185,3.926,85.003,723.634,296.258,0.008
2026-02-12 12:00:00,CR-01,179.514,0.0,62.77,3.961,79.849,708.557,293.046,0.0
2026-02-12 16:00:00,CR-01,171.602,0.0,61.971,3.585,86.553,733.445,291.875,0.023
2026-02-12 20:00:00,CR-01,173.35,0.0,61.626,3.558,91.183,759.615,290.224,0.091
2026-02-13 00:00:00,CR-01,166.595,0.0,61.911,3.512,86.538,725.831,284.628,0.0
2026-02-13 04:00:00,CR-01,169.683,0.0,64.019,3.556,81.988,708.837,286.9,0.006
2026-02-13 08:00:00,CR-01,168.123,0.0,61.706,3.58,87.616,713.91,302.446,0.043
2026-02-13 12:00:00,CR-01,175.59,0.0,62.268,3.891,89.396,745.368,285.851,0.069
2026-02-13 16:00:00,CR-01,173.168,0.0,60.342,3.789,88.78,693.159,293.387,0.021
2026-02-13 20:00:00,CR-01,167.737,0.0,62.092,3.743,78.508,730.198,278.475,0.075
2026-02-14 00:00:00,CR-01,179.397,0.0,61.778,3.619,77.124,718.652,276.879,0.032
2026-02-14 04:00:00,CR-01,178.396,0.0,62.61,3.873,77.007,730.419,295.468,0.025
2026-02-14 08:00:00,CR-01,182.102,0.0,63.084,3.85,78.691,716.364,293.47,0.017
2026-02-14 12:00:00,CR-01,175.698,0.0,63.197,3.982,72.284,732.44,299.352,0.042
2026-02-14 16:00:00,CR-01,174.364,0.0,62.007,3.789,73.257,757.722,289.224,0.059
2026-02-14 20:00:00,CR-01,174.43,0.0,62.753,3.829,71.115,773.791,314.168,0.096
2026-02-15 00:00:00,CR-01,178.422,0.0,65.398,3.983,71.963,751.441,313.282,0.076
2026-02-15 04:00:00,CR-01,177.295,0.0,62.935,4.134,84.369,756.206,308.859,0.01
2026-02-15 08:00:00,CR-01,183.173,0.0,65.636,4.158,90.641,781.056,301.714,0.088
2026-02-15 12:00:00,CR-01,182.474,0.0,66.334,3.88,85.349,748.568,296.867,0.012
2026-02-15 16:00:00,CR-01,179.451,0.0,63.345,4.227,85.503,778.568,297.604,0.009
2026-02-15 20:00:00,CR-01,187.696,0.0,64.664,3.982,81.264,714.499,309.89,0.137
2026-02-16 00:00:00,CR-01,182.308,0.0,64.34,4.498,100.0,769.703,321.054,0.082
2026-02-16 04:00:00,CR-01,186.764,0.0,62.441,4.511,91.829,759.861,305.317,0.111
2026-02-16 08:00:00,CR-01,186.275,0.0,66.181,4.268,88.112,776.721,311.27,0.074
2026-02-16 12:00:00,CR-01,185.062,0.0,66.001,4.366,95.563,765.762,313.431,0.1
2026-02-16 16:00:00,CR-01,189.172,0.0,64.165,3.891,93.038,761.056,322.42,0.111
2026-02-16 20:00:00,CR-01,185.898,0.0,66.159,3.945,96.603,776.011,309.33,0.138
2026-02-17 00:00:00,CR-01,192.53,0.0,65.246,4.311,90.029,775.989,316.682,0.142
2026-02-17 04:00:00,CR-01,181.279,0.0,64.415,4.603,84.454,772.902,297.374,0.025
2026-02-17 08:00:00,CR-01,186.155,0.0,67.636,4.498,88.741,789.347,294.235,0.131
2026-02-17 12:00:00,CR-01,180.549,0.0,64.409,4.338,79.956,783.605,307.783,0.099
2026-02-17 16:00:00,CR-01,195.151,0.0,65.064,4.154,78.104,797.818,307.384,0.059
2026-02-17 20:00:00,CR-01,194.02,0.0,65.401,3.875,84.672,806.297,330.554,0.048
2026-02-18 00:00:00,CR-01,180.208,0.0,64.438,4.056,73.959,732.055,304.586,0.119
2026-02-18 04:00:00,CR-01,180.451,0.0,65.866,3.886,68.977,737.404,297.243,0.049
2026-02-18 08:00:00,CR-01,177.643,0.0,63.486,3.848,62.787,788.27,316.91,0.061
2026-02-18 12:00:00,CR-01,180.722,0.0,64.761,4.164,72.531,728.614,313.393,0.098
2026-02-18 16:00:00,CR-01,170.54,0.0,63.018,4.036,85.279,778.389,300.427,0.046
2026-02-18 20:00:00,CR-01,182.183,0.0,64.266,4.027,84.017,722.82,311.533,0.07
2026-02-19 00:00:00,CR-01,171.243,0.0,61.603,3.952,79.858,706.601,311.329,0.057
2026-02-19 04:00:00,CR-01,182.417,0.0,64.852,3.805,82.148,765.604,311.603,0.061
2026-02-19 08:00:00,CR-01,180.713,0.0,65.583,3.847,89.745,745.998,282.655,0.039
2026-02-19 12:00:00,CR-01,177.682,0.0,62.217,3.836,81.688,712.243,288.045,0.046
2026-02-19 16:00:00,CR-01,182.191,0.0,65.365,3.756,91.162,739.758,300.922,0.0
2026-02-19 20:00:00,CR-01,172.218,0.0,62.065,3.693,87.053,731.943,292.479,0.0
2026-02-20 00:00:00,CR-01,182.109,0.0,61.647,3.754,82.932,702.023,273.178,0.0
2026-02-20 04:00:00,CR-01,173.387,0.0,62.023,3.696,83.964,730.248,291.184,0.0
2026-02-20 08:00:00,CR-01,171.401,0.0,63.234,3.863,89.69,730.214,287.78,0.007
2026-02-20 12:00:00,CR-01,168.953,0.0,59.849,3.801,80.42,720.35,283.372,0.06
2026-02-20 16:00:00,CR-01,174.936,0.0,61.82,3.794,76.999,741.091,293.958,0.0
2026-02-20 20:00:00,CR-01,181.308,0.0,62.188,3.521,84.34,748.514,295.004,0.0
2026-02-21 00:00:00,CR-01,176.373,0.0,62.745,3.256,75.149,733.682,289.338,0.045
2026-02-21 04:00:00,CR-01,175.606,0.0,59.443,4.116,74.696,733.754,286.879,0.019
2026-02-21 08:00:00,CR-01,165.019,0.0,63.427,3.866,77.858,733.42,283.24,0.0
2026-02-21 12:00:00,CR-01,180.684,0.0,61.607,3.492,72.967,741.041,274.278,0.0
2026-02-21 16:00:00,CR-01,176.909,0.0,64.109,3.54,78.083,751.425,293.886,0.009
2026-02-21 20:00:00,CR-01,180.302,0.0,65.456,3.77,69.082,739.619,303.372,0.073
2026-02-22 00:00:00,CR-01,180.978,0.0,64.587,3.775,74.751,772.926,278.977,0.051
2026-02-22 04:00:00,CR-01,180.989,0.0,62.544,3.762,69.619,805.196,293.826,0.014
2026-02-22 08:00:00,CR-01,172.867,0.0,62.368,3.862,94.217,724.031,288.519,0.059
2026-02-22 12:00:00,CR-01,181.626,0.0,64.127,3.922,87.483,765.215,298.409,0.025
2026-02-22 16:00:00,CR-01,183.396,0.0,64.784,4.134,83.278,735.184,307.789,0.063
2026-02-22 20:00:00,CR-01,192.984,0.0,65.107,4.017,82.329,776.395,306.098,0.027
2026-02-23 00:00:00,CR-01,186.426,0.0,63.554,4.005,87.192,746.428,313.365,0.102
2026-02-23 04:00:00,CR-01,186.919,0.0,65.567,4.049,85.855,778.626,305.601,0.051
2026-02-23 08:00:00,CR-01,184.164,0.0,64.202,4.251,95.092,778.919,315.071,0.055
2026-02-23 12:00:00,CR-01,177.749,0.0,65.688,4.348,89.148,777.356,321.695,0.134
2026-02-23 16:00:00,CR-01,184.733,0.0,65.029,4.146,86.589,713.159,309.771,0.163
2026-02-23 20:00:00,CR-01,176.662,0.0,65.386,4.187,94.489,725.678,306.298,0.072
2026-02-24 00:00:00,CR-01,175.879,0.0,66.021,4.03,86.297,767.323,309.048,0.099
2026-02-24 04:00:00,CR-01,189.418,0.0,66.136,4.272,79.783,756.19,318.491,0.095
2026-02-24 08:00:00,CR-01,189.811,0.0,64.557,4.05,85.755,759.673,309.615,0.146
2026-02-24 12:00:00,CR-01,179.32,0.0,68.657,4.284,81.011,771.099,306.205,0.108
2026-02-24 16:00:00,CR-01,188.737,0.0,65.497,4.313,81.25,758.921,326.396,0.11
2026-02-24 20:00:00,CR-01,192.119,0.0,65.021,4.278,84.845,766.931,320.802,0.155
2026-02-25 00:00:00,CR-01,183.129,0.0,64.432,4.212,75.329,773.051,303.169,0.076
2026-02-25 04:00:00,CR-01,185.835,0.0,63.563,3.926,78.564,736.17,321.128,0.117
2026-02-25 08:00:00,CR-01,185.591,0.0,65.457,4.292,83.999,748.486,309.718,0.112
2026-02-25 12:00:00,CR-01,183.423,0.0,64.399,4.244,78.952,723.113,303.233,0.077
2026-02-25 16:00:00,CR-01,185.779,0.0,65.396,3.892,76.773,738.956,305.206,0.183
2026-02-25 20:00:00,CR-01,191.08,0.0,63.357,4.097,80.522,766.72,298.122,0.108
2026-02-26 00:00:00,CR-01,175.573,0.0,64.613,3.792,83.678,716.391,296.424,0.031
2026-02-26 04:00:00,CR-01,174.506,0.0,64.819,3.747,84.02,740.623,294.766,0.011
2026-02-26 08:00:00,CR-01,176.52,0.0,64.703,3.907,91.095,737.253,302.926,0.083
2026-02-26 12:00:00,CR-01,175.846,0.0,61.628,3.871,90.43,708.184,286.783,0.052
2026-02-26 16:00:00,CR-01,187.097,0.0,63.357,4.144,84.098,717.994,288.389,0.054
2026-02-26 20:00:00,CR-01,174.458,0.0,65.702,4.196,87.034,741.027,283.079,0.077
2026-02-27 00:00:00,CR-01,180.902,0.0,61.161,3.821,91.468,750.626,292.352,0.042
2026-02-27 04:00:00,CR-01,168.848,0.0,62.717,4.028,90.368,756.277,290.816,0.055
2026-02-27 08:00:00,CR-01,174.177,0.0,62.632,3.61,87.115,759.548,289.148,0.046
2026-02-27 12:00:00,CR-01,175.748,0.0,59.419,3.957,80.829,717.936,290.002,0.038
2026-02-27 16:00:00,CR-01,173.89,0.0,64.108,4.037,83.327,725.511,298.326,0.041
2026-02-27 20:00:00,CR-01,161.188,0.0,62.639,3.343,76.183,733.342,282.919,0.001
2026-02-28 00:00:00,CR-01,168.882,0.0,62.303,3.919,76.986,732.575,285.122,0.027
2026-02-28 04:00:00,CR-01,176.424,0.0,62.033,3.786,77.502,744.652,295.266,0.074
2026-02-28 08:00:00,CR-01,165.936,0.0,63.112,3.955,73.344,736.561,284.136,0.0
2026-02-28 12:00:00,CR-01,183.345,0.0,60.684,3.906,67.327,744.441,296.569,0.04
2026-02-28 16:00:00,CR-01,170.595,0.0,60.941,3.715,71.528,656.85,287.194,0.035
2026-02-28 20:00:00,CR-01,170.13,0.0,63.431,3.531,73.947,725.157,277.051,0.034
2026-03-01 00:00:00,CR-01,167.773,0.0,61.691,4.058,75.629,753.144,290.903,0.0
2026-03-01 04:00:00,CR-01,188.343,0.0,62.474,3.897,74.508,754.747,286.079,0.032
2026-03-01 08:00:00,CR-01,180.656,0.0,62.776,3.851,79.449,735.164,285.447,0.031
2026-03-01 12:00:00,CR-01,171.028,0.0,62.624,3.822,77.765,769.017,302.52,0.029
2026-03-01 16:00:00,CR-01,182.852,0.0,60.857,3.808,80.604,760.586,296.07,0.034
2026-03-01 20:00:00,CR-01,190.592,0.0,64.158,3.576,89.764,771.871,290.73,0.074
2026-03-02 00:00:00,CR-01,180.469,0.0,65.318,4.271,91.54,766.161,316.448,0.087
2026-03-02 04:00:00,CR-01,178.173,0.0,64.578,4.185,95.713,775.704,299.827,0.022
2026-03-02 08:00:00,CR-01,185.186,0.0,64.02,4.544,93.972,766.102,303.081,0.059
2026-03-02 12:00:00,CR-01,182.271,0.0,63.105,4.058,85.63,767.237,306.937,0.0
2026-03-02 16:00:00,CR-01,184.64,0.0,63.639,4.071,83.954,753.763,313.789,0.011
2026-03-02 20:00:00,CR-01,184.096,0.0,65.032,4.081,91.859,763.394,299.95,0.047
2026-03-03 00:00:00,CR-01,183.686,0.0,66.92,4.278,87.157,771.104,316.145,0.108
2026-03-03 04:00:00,CR-01,175.217,0.0,65.509,4.175,88.032,765.628,317.839,0.135
2026-03-03 08:00:00,CR-01,178.379,0.0,63.985,4.358,86.907,780.825,304.509,0.107
2026-03-03 12:00:00,CR-01,188.039,0.0,64.844,4.413,78.402,735.32,319.695,0.059
2026-03-03 16:00:00,CR-01,181.251,0.0,66.504,4.052,83.466,773.27,295.534,0.116
2026-03-03 20:00:00,CR-01,180.857,0.0,65.14,4.17,77.902,761.283,303.739,0.064
2026-03-04 00:00:00,CR-01,188.172,0.0,65.757,4.382,75.466,773.424,299.842,0.129
2026-03-04 04:00:00,CR-01,183.35,0.0,65.831,4.133,67.166,721.359,322.55,0.135
2026-03-04 08:00:00,CR-01,181.961,0.0,67.67,4.592,78.073,792.436,299.428,0.088
2026-03-04 12:00:00,CR-01,190.19,0.0,66.584,4.209,81.373,778.562,309.881,0.095
2026-03-04 16:00:00,CR-01,181.599,0.0,69.115,4.114,88.439,756.403,309.651,0.152
2026-03-04 20:00:00,CR-01,180.393,0.0,64.303,4.165,78.695,792.108,301.745,0.071
2026-03-05 00:00:00,CR-01,185.881,0.0,65.483,4.046,80.391,750.315,317.804,0.099
2026-03-05 04:00:00,CR-01,183.806,0.0,64.391,4.421,81.508,757.448,311.185,0.027
2026-03-05 08:00:00,CR-01,179.074,0.0,65.18,3.969,87.352,747.685,309.25,0.068
2026-03-05 12:00:00,CR-01,188.138,0.0,65.288,4.045,95.23,741.016,299.052,0.074
2026-03-05 16:00:00,CR-01,191.126,0.0,64.436,3.961,84.71,774.73,306.398,0.097
2026-03-05 20:00:00,CR-01,184.317,0.0,62.981,4.317,87.959,695.239,307.022,0.022
2026-03-06 00:00:00,CR-01,184.479,0.0,60.886,3.933,85.785,793.878,301.814,0.0
2026-03-06 04:00:00,CR-01,171.99,0.0,63.586,3.773,95.934,716.827,285.98,0.024
2026-03-06 08:00:00,CR-01,177.078,0.0,63.182,4.04,86.711,742.924,293.881,0.003
2026-03-06 12:00:00,CR-01,170.348,0.0,63.121,3.766,85.197,753.994,281.148,0.083
2026-03-06 16:00:00,CR-01,164.987,0.0,64.578,3.861,74.599,726.34,293.301,0.066
2026-03-06 20:00:00,CR-01,175.028,0.0,62.984,3.864,77.445,743.127,282.875,0.0
2026-03-07 00:00:00,CR-01,175.838,0.0,61.085,3.803,77.368,743.539,295.972,0.014
2026-03-07 04:00:00,CR-01,171.928,0.0,62.339,3.995,79.124,709.319,287.641,0.0
2026-03-07 08:00:00,CR-01,171.949,0.0,61.805,4.075,75.812,741.63,276.368,0.02
2026-03-07 12:00:00,CR-01,174.995,0.0,61.029,3.595,66.608,733.748,292.766,0.035
2026-03-07 16:00:00,CR-01,169.123,0.0,60.764,4.007,72.683,728.513,295.584,0.022
2026-03-07 20:00:00,CR-01,180.298,0.0,64.058,3.765,73.564,716.062,286.297,0.0
2026-03-08 00:00:00,CR-01,172.931,0.0,63.951,3.898,72.712,710.782,295.464,0.0
2026-03-08 04:00:00,CR-01,166.572,0.0,63.522,3.812,76.11,760.509,291.678,0.077
2026-03-08 08:00:00,CR-01,174.104,0.0,64.683,3.424,72.782,768.98,285.089,0.043
2026-03-08 12:00:00,CR-01,185.555,0.0,64.634,3.744,83.013,733.604,287.102,0.017
2026-03-08 16:00:00,CR-01,169.148,0.0,60.622,3.789,78.775,745.437,297.749,0.051
2026-03-08 20:00:00,CR-01,182.771,0.0,63.806,3.816,94.809,754.126,292.376,0.003
2026-03-09 00:00:00,CR-01,171.645,0.0,65.42,3.982,84.451,752.376,288.277,0.042
2026-03-09 04:00:00,CR-01,181.249,0.0,62.942,3.826,85.067,735.775,302.9,0.021
2026-03-09 08:00:00,CR-01,181.722,0.0,65.219,3.877,100.0,748.216,293.665,0.101
2026-03-09 12:00:00,CR-01,180.995,0.0,62.187,3.7,90.538,714.785,283.51,0.023
2026-03-09 16:00:00,CR-01,179.225,0.0,65.122,4.012,93.603,774.355,290.022,0.038
2026-03-09 20:00:00,CR-01,193.207,0.0,62.094,4.017,81.486,775.566,304.739,0.044
2026-03-10 00:00:00,CR-01,183.74,0.0,64.006,4.401,82.648,733.391,303.414,0.112
2026-03-10 04:00:00,CR-01,178.773,0.0,65.563,4.148,78.264,775.475,310.943,0.082
2026-03-10 08:00:00,CR-01,164.043,0.0,62.753,4.288,80.874,761.924,309.137,0.069
2026-03-10 12:00:00,CR-01,188.869,0.0,66.731,4.018,75.108,770.173,315.541,0.121
2026-03-10 16:00:00,CR-01,187.309,0.0,65.782,4.496,81.042,767.379,308.549,0.138
2026-03-10 20:00:00,CR-01,185.641,0.0,65.173,4.096,76.069,774.191,307.195,0.046
2026-03-11 00:00:00,CR-01,181.557,0.0,64.613,4.062,85.955,755.433,306.502,0.128
2026-03-11 04:00:00,CR-01,188.662,0.0,65.752,4.034,75.507,771.436,317.403,0.056
2026-03-11 08:00:00,CR-01,188.18,0.0,66.111,4.082,78.794,791.294,316.661,0.098
2026-03-11 12:00:00,CR-01,185.522,0.0,66.783,4.177,83.431,764.693,305.548,0.109
2026-03-11 16:00:00,CR-01,189.293,0.0,67.867,4.079,76.316,759.993,316.028,0.178
2026-03-11 20:00:00,CR-01,184.125,0.0,62.884,4.19,78.753,772.814,313.309,0.124
2026-03-12 00:00:00,CR-01,185.455,0.0,66.249,3.902,81.124,753.187,307.505,0.077
2026-03-12 04:00:00,CR-01,189.495,0.0,65.524,4.007,88.303,785.807,316.567,0.076
2026-03-12 08:00:00,CR-01,191.472,0.0,67.163,3.861,86.135,747.329,300.428,0.116
2026-03-12 12:00:00,CR-01,178.448,0.0,65.176,3.911,92.14,774.046,304.926,0.082
2026-03-12 16:00:00,CR-01,190.291,0.0,63.714,3.671,84.403,769.123,312.584,0.075
2026-03-12 20:00:00,CR-01,182.35,0.0,64.822,4.345,95.619,767.917,303.483,0.054
2026-03-13 00:00:00,CR-01,187.466,0.0,63.189,3.925,85.244,763.354,307.967,0.046
2026-03-13 04:00:00,CR-01,184.264,0.0,66.749,4.072,95.048,750.408,305.258,0.027
2026-03-13 08:00:00,CR-01,167.2,0.0,62.824,3.605,79.092,742.405,303.733,0.073
2026-03-13 12:00:00,CR-01,181.911,0.0,61.272,4.144,88.908,782.461,287.571,0.062
2026-03-13 16:00:00,CR-01,170.587,0.0,63.305,3.826,76.3,718.126,294.027,0.018
2026-03-13 20:00:00,CR-01,183.684,0.0,63.689,3.952,73.361,768.496,296.251,0.065
2026-03-14 00:00:00,CR-01,181.889,0.0,63.647,3.892,74.433,739.048,281.068,0.002
2026-03-14 04:00:00,CR-01,177.22,0.0,61.865,3.666,72.285,693.797,299.667,0.027
2026-03-14 08:00:00,CR-01,176.666,0.0,60.279,3.731,74.713,764.314,285.627,0.0
2026-03-14 12:00:00,CR-01,180.826,0.0,61.987,3.594,77.02,714.992,282.354,0.04
2026-03-14 16:00:00,CR-01,175.102,0.0,63.498,4.042,65.922,727.664,293.123,0.0
2026-03-14 20:00:00,CR-01,170.181,0.0,63.459,3.853,64.06,750.41,286.996,0.0
2026-03-15 00:00:00,CR-01,170.296,0.0,61.087,3.402,65.354,712.808,294.197,0.0
2026-03-15 04:00:00,CR-01,178.899,0.0,63.255,3.564,71.359,766.065,297.928,0.0
2026-03-15 08:00:00,CR-01,173.894,0.0,64.145,3.846,81.539,731.247,278.011,0.0
2026-03-15 12:00:00,CR-01,169.319,0.0,61.845,3.78,80.246,734.447,294.786,0.042
2026-03-15 16:00:00,CR-01,175.895,0.0,61.696,3.941,85.403,764.124,302.438,0.0
2026-03-15 20:00:00,CR-01,172.365,0.0,63.955,3.62,92.971,753.673,295.615,0.0
2026-03-16 00:00:00,CR-01,171.127,0.0,63.022,3.842,89.903,710.717,297.324,0.0
2026-03-16 04:00:00,CR-01,168.993,0.0,62.373,4.001,89.265,735.71,286.795,0.047
2026-03-16 08:00:00,CR-01,170.497,0.0,62.752,4.068,81.037,721.905,299.803,0.011
2026-03-16 12:00:00,CR-01,171.249,0.0,63.084,4.104,90.729,702.443,296.037,0.063
2026-03-16 16:00:00,CR-01,185.093,0.0,64.753,4.203,86.064,781.237,304.511,0.058
2026-03-16 20:00:00,CR-01,185.638,0.0,64.18,3.962,90.292,757.125,305.968,0.073
2026-03-17 00:00:00,CR-01,181.008,0.0,63.055,4.217,79.481,714.115,312.961,0.051
2026-03-17 04:00:00,CR-01,188.213,0.0,66.524,4.008,81.714,751.212,307.521,0.088
2026-03-17 08:00:00,CR-01,181.105,0.0,65.183,4.234,92.002,778.582,312.929,0.0
2026-03-17 12:00:00,CR-01,189.8,0.0,66.085,4.122,82.196,769.741,318.203,0.032
2026-03-17 16:00:00,CR-01,175.26,0.0,65.702,4.353,68.532,746.87,306.275,0.121
2026-03-17 20:00:00,CR-01,184.683,0.0,64.224,4.215,83.929,761.761,314.259,0.056
2026-03-18 00:00:00,CR-01,188.497,0.0,65.045,4.173,76.619,782.445,305.411,0.138
2026-03-18 04:00:00,CR-01,187.697,0.0,66.459,4.027,79.818,766.336,308.232,0.069
2026-03-18 08:00:00,CR-01,190.854,0.0,67.052,4.247,82.948,767.116,307.54,0.059
2026-03-18 12:00:00,CR-01,184.555,0.0,64.294,4.312,71.204,788.249,308.638,0.122
2026-03-18 16:00:00,CR-01,182.839,0.0,65.304,4.317,80.32,775.72,316.964,0.104
2026-03-18 20:00:00,CR-01,192.327,0.0,68.252,4.314,83.127,776.964,306.099,0.093
2026-03-19 00:00:00,CR-01,182.755,0.0,66.02,4.287,86.34,760.788,309.529,0.051
2026-03-19 04:00:00,CR-01,193.135,0.0,65.628,4.53,79.008,762.406,312.192,0.122
2026-03-19 08:00:00,CR-01,187.08,0.0,65.244,4.072,90.564,768.791,319.585,0.116
2026-03-19 12:00:00,CR-01,181.654,0.0,65.87,4.281,83.128,765.851,323.094,0.154
2026-03-19 16:00:00,CR-01,187.549,0.0,66.618,4.018,88.513,752.537,302.873,0.096
2026-03-19 20:00:00,CR-01,183.871,0.0,66.053,4.231,85.554,738.874,318.803,0.103
2026-03-20 00:00:00,CR-01,187.95,0.0,63.836,4.209,90.705,746.62,295.474,0.074
2026-03-20 04:00:00,CR-01,175.399,0.0,67.046,4.145,92.84,729.772,310.095,0.079
2026-03-20 08:00:00,CR-01,178.908,0.0,65.432,4.138,90.775,746.283,288.505,0.049
2026-03-20 12:00:00,CR-01,180.244,0.0,65.164,4.142,81.562,766.866,303.455,0.088
2026-03-20 16:00:00,CR-01,180.095,0.0,63.934,3.962,83.033,721.598,305.375,0.068
2026-03-20 20:00:00,CR-01,186.196,0.0,64.93,4.054,78.855,760.285,296.019,0.016
2026-03-21 00:00:00,CR-01,178.346,0.0,65.082,3.967,79.742,756.235,297.152,0.022
2026-03-21 04:00:00,CR-01,182.439,0.0,62.846,4.19,76.173,743.681,300.716,0.037
2026-03-21 08:00:00,CR-01,178.772,0.0,62.294,3.761,68.775,724.157,293.396,0.029
2026-03-21 12:00:00,CR-01,178.394,0.0,63.655,3.967,75.039,753.689,298.77,0.0
2026-03-21 16:00:00,CR-01,174.495,0.0,60.477,3.507,70.831,704.163,298.175,0.0
2026-03-21 20:00:00,CR-01,176.993,0.0,61.725,3.716,71.921,741.511,278.556,0.027
2026-03-22 00:00:00,CR-01,169.724,0.0,61.041,3.656,68.589,747.365,290.232,0.015
2026-03-22 04:00:00,CR-01,172.371,0.0,63.191,3.694,71.92,750.521,304.115,0.0
2026-03-22 08:00:00,CR-01,172.691,0.0,61.959,3.622,72.168,692.236,288.554,0.024
2026-03-22 12:00:00,CR-01,170.567,0.0,61.499,3.932,76.435,733.068,275.184,0.06
2026-03-22 16:00:00,CR-01,177.031,0.0,63.247,3.735,72.992,739.599,276.282,0.0
2026-03-22 20:00:00,CR-01,174.863,0.0,61.239,3.755,85.892,713.357,291.51,0.013
2026-03-23 00:00:00,CR-01,174.951,0.0,62.432,3.822,88.635,725.221,300.229,0.0
2026-03-23 04:00:00,CR-01,172.975,0.0,61.741,3.456,86.974,730.629,295.542,0.036
2026-03-23 08:00:00,CR-01,169.201,0.0,64.732,3.751,89.634,744.118,301.125,0.036
2026-03-23 12:00:00,CR-01,173.834,0.0,62.556,3.716,91.541,751.493,300.102,0.077
2026-03-23 16:00:00,CR-01,171.929,0.0,62.717,3.805,91.976,770.342,291.581,0.02
2026-03-23 20:00:00,CR-01,178.893,0.0,64.631,3.837,88.911,728.52,302.546,0.039
2026-03-24 00:00:00,CR-01,174.576,0.0,62.006,4.106,80.515,769.594,286.285,0.118
2026-03-24 04:00:00,CR-01,175.585,0.0,64.492,4.279,85.112,756.737,303.959,0.0
2026-03-24 08:00:00,CR-01,186.359,0.0,63.827,3.917,80.116,750.582,299.402,0.161
2026-03-24 12:00:00,CR-01,182.248,0.0,65.217,3.832,81.964,791.732,299.331,0.094
2026-03-24 16:00:00,CR-01,168.871,0.0,64.932,4.216,79.908,749.042,299.498,0.112
2026-03-24 20:00:00,CR-01,179.714,0.0,63.77,3.919,75.897,752.28,306.44,0.085
2026-03-25 00:00:00,CR-01,178.338,0.0,64.812,4.087,73.25,756.398,320.539,0.072
2026-03-25 04:00:00,CR-01,189.901,0.0,66.736,3.902,80.519,760.708,312.659,0.114
2026-03-25 08:00:00,CR-01,184.2,0.0,64.806,3.747,74.751,745.705,304.207,0.088
2026-03-25 12:00:00,CR-01,183.698,0.0,65.901,4.216,77.776,804.014,321.406,0.096
2026-03-25 16:00:00,CR-01,184.267,0.0,64.814,4.514,77.533,766.209,312.672,0.12
2026-03-25 20:00:00,CR-01,192.956,0.0,65.917,4.201,86.28,777.314,295.133,0.01
2026-03-26 00:00:00,CR-01,187.484,0.0,64.224,4.145,92.326,780.641,315.651,0.013
2026-03-26 04:00:00,CR-01,184.76,0.0,64.235,4.548,81.939,750.259,312.67,0.098
2026-03-26 08:00:00,CR-01,187.516,0.0,66.432,4.291,94.183,757.687,303.209,0.077
2026-03-26 12:00:00,CR-01,187.285,0.0,66.308,4.341,95.628,752.403,301.25,0.052
2026-03-26 16:00:00,CR-01,179.935,0.0,66.143,4.348,85.811,767.099,313.853,0.065
2026-03-26 20:00:00,CR-01,185.468,0.0,67.644,4.023,94.29,764.036,299.877,0.119
2026-03-27 00:00:00,CR-01,186.051,0.0,63.77,4.337,89.795,760.176,305.955,0.133
2026-03-27 04:00:00,CR-01,175.539,0.0,67.206,3.941,90.819,777.523,309.853,0.074
2026-03-27 08:00:00,CR-01,192.066,0.0,66.224,4.379,79.148,782.183,309.872,0.065
2026-03-27 12:00:00,CR-01,182.323,0.0,64.303,4.155,87.993,779.171,293.674,0.076
2026-03-27 16:00:00,CR-01,184.658,0.0,65.416,4.398,78.599,748.647,301.819,0.127
2026-03-27 20:00:00,CR-01,177.881,0.0,65.826,3.972,78.836,780.236,306.229,0.134
2026-03-28 00:00:00,CR-01,177.999,0.0,64.498,4.2,77.613,776.906,312.086,0.03
2026-03-28 04:00:00,CR-01,181.833,0.0,62.469,3.891,81.002,758.956,304.606,0.072
2026-03-28 08:00:00,CR-01,181.273,0.0,63.15,3.815,71.32,780.178,303.898,0.0
2026-03-28 12:00:00,CR-01,175.604,0.0,63.649,3.697,75.603,792.432,287.496,0.036
2026-03-28 16:00:00,CR-01,177.2,0.0,62.486,3.932,75.463,763.557,291.779,0.0
2026-03-28 20:00:00,CR-01,186.482,0.0,64.298,3.953,79.507,712.933,296.593,0.0
2026-03-29 00:00:00,CR-01,177.302,0.0,64.636,3.56,76.1,738.5,296.452,0.052
2026-03-29 04:00:00,CR-01,172.256,0.0,59.534,3.896,76.662,731.74,297.465,0.0
2026-03-29 08:00:00,CR-01,173.735,0.0,63.146,3.847,74.845,769.426,284.965,0.058
2026-03-29 12:00:00,CR-01,177.722,0.0,63.057,3.876,83.767,749.926,291.654,0.003
2026-03-29 16:00:00,CR-01,171.054,0.0,63.005,3.629,82.652,751.813,292.262,0.028
2026-03-29 20:00:00,CR-01,164.284,0.0,62.834,3.771,82.58,750.678,282.1,0.0
2026-03-30 00:00:00,CR-01,177.553,0.0,62.102,3.751,89.41,719.475,279.869,0.0
2026-03-30 04:00:00,CR-01,170.216,0.0,59.479,3.62,84.801,706.633,281.519,0.028
2026-03-30 08:00:00,CR-01,170.198,0.0,60.701,3.635,87.249,728.97,291.331,0.0
2026-03-30 12:00:00,CR-01,174.028,0.0,60.651,3.967,88.421,734.599,287.412,0.0
2026-03-30 16:00:00,CR-01,173.816,0.0,62.466,3.775,86.984,719.054,305.35,0.0
2026-03-30 20:00:00,CR-01,174.036,0.0,64.183,3.899,91.265,746.026,279.463,0.023
2026-03-31 00:00:00,CR-01,177.638,0.0,64.106,3.938,82.671,726.64,280.18,0.074
2026-03-31 04:00:00,CR-01,180.38,0.0,63.164,3.982,78.926,765.556,286.592,0.0
2026-03-31 08:00:00,CR-01,170.932,0.0,62.925,3.654,76.53,732.174,293.339,0.045
2026-03-31 12:00:00,CR-01,172.728,0.0,63.622,3.749,77.154,749.808,305.526,0.029
2026-03-31 16:00:00,CR-01,175.174,0.0,64.675,3.989,76.954,761.465,291.63,0.0
2026-03-31 20:00:00,CR-01,182.448,0.0,62.559,3.897,74.366,766.686,297.394,0.012
2026-04-01 00:00:00,CR-01,184.616,0.0,63.09,3.981,73.432,750.088,301.26,0.079
2026-04-01 04:00:00,CR-01,184.262,0.0,62.941,3.917,72.896,771.947,287.881,0.043
2026-04-01 08:00:00,CR-01,185.712,0.0,64.311,3.998,81.155,773.075,288.32,0.011
2026-04-01 12:00:00,CR-01,180.599,0.0,64.311,4.051,72.926,745.832,310.609,0.071
2026-04-01 16:00:00,CR-01,182.532,0.0,64.863,4.327,72.888,743.528,310.404,0.107
2026-04-01 20:00:00,CR-01,192.129,0.0,66.088,4.006,72.264,748.872,288.284,0.156
2026-04-02 00:00:00,CR-01,183.23,0.0,62.683,4.138,94.47,766.361,319.213,0.082
2026-04-02 04:00:00,CR-01,187.771,0.0,66.55,4.019,85.696,758.84,317.841,0.115
2026-04-02 08:00:00,CR-01,185.833,0.0,65.976,4.413,85.565,772.879,303.971,0.04
2026-04-02 12:00:00,CR-01,184.982,0.0,65.617,4.388,89.464,770.958,312.098,0.022
2026-04-02 16:00:00,CR-01,190.773,0.0,66.775,4.243,92.257,723.191,318.355,0.14
2026-04-02 20:00:00,CR-01,193.074,0.0,64.19,3.914,93.865,732.266,318.079,0.088
2026-04-03 00:00:00,CR-01,189.655,0.0,65.81,4.22,90.787,746.058,315.994,0.143
2026-04-03 04:00:00,CR-01,184.185,0.0,68.098,4.308,94.483,774.495,316.304,0.135
2026-04-03 08:00:00,CR-01,184.466,0.0,65.675,4.098,87.527,754.634,313.905,0.111
2026-04-03 12:00:00,CR-01,182.026,0.0,64.795,4.365,89.89,762.443,316.712,0.001
2026-04-03 16:00:00,CR-01,189.423,0.0,67.062,4.143,82.462,807.214,291.004,0.072
2026-04-03 20:00:00,CR-01,188.454,0.0,66.84,3.932,79.119,752.748,296.335,0.076
2026-04-04 00:00:00,CR-01,179.544,0.0,64.971,4.024,75.58,768.89,307.17,0.074
2026-04-04 04:00:00,CR-01,183.203,0.0,64.848,4.258,74.366,750.159,305.004,0.037
2026-04-04 08:00:00,CR-01,187.269,0.0,63.632,4.295,79.259,716.397,290.254,0.155
2026-04-04 12:00:00,CR-01,178.578,0.0,65.755,3.825,76.444,786.843,296.52,0.073
2026-04-04 16:00:00,CR-01,176.101,0.0,64.642,4.008,74.832,764.323,314.718,0.036
2026-04-04 20:00:00,CR-01,177.585,0.0,62.179,4.074,74.606,753.773,295.179,0.082
2026-04-05 00:00:00,CR-01,181.939,0.0,64.384,3.88,69.804,741.463,299.895,0.019
2026-04-05 04:00:00,CR-01,175.67,0.0,63.984,3.859,83.498,746.355,299.193,0.0
2026-04-05 08:00:00,CR-01,173.623,0.0,64.187,3.86,77.408,739.961,316.944,0.04
2026-04-05 12:00:00,CR-01,178.925,0.0,62.622,3.657,79.905,763.045,290.11,0.063
2026-04-05 16:00:00,CR-01,177.142,0.0,62.053,3.886,84.927,754.133,302.941,0.021
2026-04-05 20:00:00,CR-01,179.002,0.0,66.3,4.236,85.345,733.15,293.813,0.0
2026-04-06 00:00:00,CR-01,179.762,0.0,62.106,3.692,84.899,759.667,284.444,0.03
2026-04-06 04:00:00,CR-01,170.984,0.0,61.105,3.754,95.001,730.556,285.643,0.0
2026-04-06 08:00:00,CR-01,181.932,0.0,62.592,3.789,96.228,732.621,303.469,0.0
2026-04-06 12:00:00,CR-01,165.294,0.0,60.286,3.718,91.072,715.467,281.265,0.039
2026-04-06 16:00:00,CR-01,179.314,0.0,64.669,3.812,86.938,717.759,292.823,0.01
2026-04-06 20:00:00,CR-01,161.758,0.0,63.625,3.903,85.063,699.715,302.203,0.0
2026-04-07 00:00:00,CR-01,173.625,0.0,60.529,3.821,86.947,759.842,283.933,0.0
2026-04-07 04:00:00,CR-01,171.159,0.0,60.686,3.789,82.561,711.229,299.416,0.025
2026-04-07 08:00:00,CR-01,165.448,0.0,62.493,3.665,77.194,758.684,292.712,0.007
2026-04-07 12:00:00,CR-01,177.226,0.0,62.389,3.95,81.44,740.164,298.156,0.03
2026-04-07 16:00:00,CR-01,179.57,0.0,62.951,3.797,73.159,773.144,297.15,0.067
2026-04-07 20:00:00,CR-01,181.747,0.0,62.708,4.014,72.175,722.539,281.548,0.062
2026-04-08 00:00:00,CR-01,175.389,0.0,64.41,3.885,67.935,734.989,307.787,0.088
2026-04-08 04:00:00,CR-01,177.047,0.0,61.916,3.801,73.743,716.156,307.71,0.046
2026-04-08 08:00:00,CR-01,179.284,0.0,63.26,3.885,75.737,765.919,298.496,0.056
2026-04-08 12:00:00,CR-01,177.2,0.0,63.939,4.235,74.896,735.083,301.855,0.109
2026-04-08 16:00:00,CR-01,177.119,0.0,64.587,4.031,77.492,745.453,307.455,0.059
2026-04-08 20:00:00,CR-01,173.532,0.0,64.975,4.089,79.431,727.323,303.618,0.005
2026-04-09 00:00:00,CR-01,177.305,0.0,63.47,4.116,80.254,747.207,305.814,0.046
2026-04-09 04:00:00,CR-01,192.218,0.0,65.186,4.103,89.055,740.905,300.514,0.061
2026-04-09 08:00:00,CR-01,184.282,0.0,65.947,3.973,94.801,752.046,296.506,0.065
2026-04-09 12:00:00,CR-01,179.919,0.0,64.84,4.281,88.296,752.95,305.957,0.091
2026-04-09 16:00:00,CR-01,181.288,0.0,64.977,4.106,85.548,770.094,304.203,0.049
2026-04-09 20:00:00,CR-01,184.383,0.0,66.6,4.06,89.651,774.386,316.346,0.13
2026-04-10 00:00:00,CR-01,193.703,0.0,64.007,3.993,98.31,710.663,312.092,0.044
2026-04-10 04:00:00,CR-01,182.737,0.0,66.001,4.301,92.771,769.669,314.985,0.087
2026-04-10 08:00:00,CR-01,186.896,0.0,65.323,4.371,90.101,751.334,302.983,0.12
2026-04-10 12:00:00,CR-01,186.38,0.0,64.393,4.25,83.788,800.835,316.915,0.1
2026-04-10 16:00:00,CR-01,194.805,0.0,66.959,4.178,84.086,787.001,314.899,0.122
2026-04-10 20:00:00,CR-01,191.785,0.0,66.36,4.09,88.202,776.27,320.457,0.163
2026-04-11 00:00:00,CR-01,184.072,0.0,66.901,4.223,71.554,787.455,315.509,0.12
2026-04-11 04:00:00,CR-01,197.555,0.0,66.084,4.151,84.882,766.909,309.592,0.06
2026-04-11 08:00:00,CR-01,177.837,0.0,67.116,4.024,73.055,790.837,297.026,0.07
2026-04-11 12:00:00,CR-01,190.55,0.0,63.827,4.084,79.188,748.344,305.77,0.081
2026-04-11 16:00:00,CR-01,187.641,0.0,65.148,4.101,79.273,716.387,303.741,0.087
2026-04-11 20:00:00,CR-01,180.341,0.0,63.954,4.022,70.188,724.827,308.64,0.078
2026-04-12 00:00:00,CR-01,183.752,0.0,61.944,4.103,81.716,740.875,288.295,0.039
2026-04-12 04:00:00,CR-01,184.305,0.0,65.578,4.049,76.486,769.52,297.925,0.077
2026-04-12 08:00:00,CR-01,177.032,0.0,65.151,4.084,88.728,725.792,303.104,0.062
2026-04-12 12:00:00,CR-01,179.733,0.0,63.928,4.007,86.392,742.868,297.674,0.025
2026-04-12 16:00:00,CR-01,186.103,0.0,61.783,4.046,82.692,766.636,293.124,0.079
2026-04-12 20:00:00,CR-01,182.115,0.0,62.261,3.689,80.644,695.008,312.63,0.011
2026-04-13 00:00:00,CR-01,177.826,0.0,63.824,3.846,91.075,737.974,299.646,0.0
2026-04-13 04:00:00,CR-01,169.343,0.0,60.702,3.926,90.689,716.64,288.677,0.047
2026-04-13 08:00:00,CR-01,173.442,0.0,64.077,3.724,82.122,726.133,278.802,0.05
2026-04-13 12:00:00,CR-01,171.13,0.0,61.505,4.011,90.998,698.762,307.133,0.037
2026-04-13 16:00:00,CR-01,168.67,0.0,62.615,3.594,79.973,740.001,279.528,0.0
2026-04-13 20:00:00,CR-01,175.225,0.0,60.013,3.534,81.358,725.1,280.709,0.001
2026-04-14 00:00:00,CR-01,174.695,0.0,63.191,3.533,84.168,713.006,288.302,0.0
2026-04-14 04:00:00,CR-01,170.918,0.0,62.618,3.713,80.422,752.335,281.658,0.0
2026-04-14 08:00:00,CR-01,175.807,0.0,60.743,3.661,83.241,749.312,283.903,0.0
2026-04-14 12:00:00,CR-01,182.835,0.0,61.923,3.881,74.473,703.752,298.016,0.0
2026-04-14 16:00:00,CR-01,180.688,0.0,61.817,3.723,70.998,722.55,290.12,0.057
2026-04-14 20:00:00,CR-01,167.516,0.0,64.04,3.622,68.99,698.784,284.419,0.012
2026-04-15 00:00:00,CR-01,183.278,0.0,59.981,3.814,63.715,713.759,295.006,0.016
2026-04-15 04:00:00,CR-01,169.46,0.0,60.532,3.912,78.48,750.475,296.855,0.047
2026-04-15 08:00:00,CR-01,178.466,0.0,63.619,3.466,70.124,741.606,291.287,0.052
2026-04-15 12:00:00,CR-01,178.677,0.0,63.479,4.092,72.993,732.429,288.65,0.021
2026-04-15 16:00:00,CR-01,183.235,0.0,63.225,3.853,75.281,757.076,292.078,0.064
2026-04-15 20:00:00,CR-01,174.248,0.0,64.442,3.995,80.031,749.439,296.843,0.063
2026-04-16 00:00:00,CR-01,174.604,0.0,62.367,4.031,71.681,797.561,295.206,0.085
2026-04-16 04:00:00,CR-01,185.824,0.0,64.844,4.021,89.023,737.634,318.748,0.141
2026-04-16 08:00:00,CR-01,172.84,0.0,65.14,4.427,93.05,748.129,305.317,0.091
2026-04-16 12:00:00,CR-01,177.853,0.0,63.382,4.077,87.985,748.295,299.286,0.069
2026-04-16 16:00:00,CR-01,176.851,0.0,65.602,4.178,93.851,767.143,309.126,0.112
2026-04-16 20:00:00,CR-01,185.171,0.0,65.871,4.334,99.32,747.677,287.42,0.078
2026-04-17 00:00:00,CR-01,181.64,0.0,64.484,4.171,90.394,776.535,309.234,0.153
2026-04-17 04:00:00,CR-01,186.438,0.0,65.424,4.299,94.063,769.955,309.083,0.074
2026-04-17 08:00:00,CR-01,183.42,0.0,67.755,4.128,87.485,799.5,300.752,0.134
2026-04-17 12:00:00,CR-01,196.148,0.0,64.85,4.207,93.113,742.145,318.004,0.074
2026-04-17 16:00:00,CR-01,181.974,0.0,65.707,4.664,84.418,759.728,319.241,0.078
2026-04-17 20:00:00,CR-01,189.277,0.0,65.045,3.918,92.47,755.81,322.995,0.096
2026-04-18 00:00:00,CR-01,179.971,0.0,65.847,4.509,81.09,753.372,315.182,0.104
2026-04-18 04:00:00,CR-01,184.511,0.0,66.305,4.36,79.174,790.016,312.8,0.09
2026-04-18 08:00:00,CR-01,179.279,0.0,64.494,4.119,76.796,746.033,322.923,0.071
2026-04-18 12:00:00,CR-01,186.957,0.0,64.89,4.161,76.177,758.193,309.394,0.115
2026-04-18 16:00:00,CR-01,188.762,0.0,65.018,4.261,80.496,757.131,305.518,0.064
2026-04-18 20:00:00,CR-01,194.298,0.0,65.863,4.186,79.927,757.777,326.841,0.051
2026-04-19 00:00:00,CR-01,186.517,0.0,65.422,4.239,74.367,757.249,287.468,0.051
2026-04-19 04:00:00,CR-01,181.673,0.0,63.487,4.144,77.165,806.403,310.602,0.137
2026-04-19 08:00:00,CR-01,181.966,0.0,64.537,3.901,90.624,790.202,281.111,0.149
2026-04-19 12:00:00,CR-01,180.91,0.0,67.343,4.355,82.537,727.023,310.314,0.0
2026-04-19 16:00:00,CR-01,179.06,0.0,66.07,4.144,76.444,744.571,308.2,0.075
2026-04-19 20:00:00,CR-01,174.527,0.0,64.654,4.109,97.113,773.046,314.92,0.076
2026-04-20 00:00:00,CR-01,175.993,0.0,65.192,3.878,82.383,771.854,306.416,0.061
2026-04-20 04:00:00,CR-01,178.584,0.0,63.785,4.018,82.338,745.32,290.454,0.107
2026-04-20 08:00:00,CR-01,178.916,0.0,63.306,3.777,85.567,738.66,295.382,0.044
2026-04-20 12:00:00,CR-01,170.619,0.0,60.837,3.69,91.363,763.389,303.741,0.057
2026-04-20 16:00:00,CR-01,171.889,0.0,64.05,3.886,85.451,712.145,282.053,0.049
2026-04-20 20:00:00,CR-01,174.346,0.0,61.395,3.894,89.637,714.956,286.371,0.0
2026-04-21 00:00:00,CR-01,176.815,0.0,63.808,3.513,87.651,706.197,289.606,0.044
2026-04-21 04:00:00,CR-01,176.315,0.0,63.275,3.874,86.736,681.229,273.749,0.0
2026-04-21 08:00:00,CR-01,171.884,0.0,61.578,3.784,82.292,723.777,283.993,0.026
2026-04-21 12:00:00,CR-01,173.797,0.0,62.811,3.859,82.617,711.584,273.24,0.026
2026-04-21 16:00:00,CR-01,170.561,0.0,63.796,3.794,69.187,741.451,290.257,0.021
2026-04-21 20:00:00,CR-01,174.608,0.0,61.157,3.845,75.466,750.727,284.855,0.0
2026-04-22 00:00:00,CR-01,184.102,0.0,63.959,3.754,69.243,705.012,290.987,0.013
2026-04-22 04:00:00,CR-01,179.054,0.0,62.115,3.962,82.733,777.776,296.234,0.0
2026-04-22 08:00:00,CR-01,175.787,0.0,65.34,3.881,72.316,708.072,293.52,0.034
2026-04-22 12:00:00,CR-01,171.214,0.0,61.957,3.565,65.835,733.111,276.334,0.0
2026-04-22 16:00:00,CR-01,175.377,0.0,62.595,3.813,69.682,742.368,287.278,0.0
2026-04-22 20:00:00,CR-01,175.159,0.0,63.691,3.892,77.239,722.293,293.601,0.006
2026-04-23 00:00:00,CR-01,171.94,0.0,64.219,3.623,84.247,750.922,290.513,0.008
2026-04-23 04:00:00,CR-01,172.468,0.0,63.493,3.763,81.981,763.54,304.513,0.056
2026-04-23 08:00:00,CR-01,178.368,0.0,63.24,3.961,82.355,732.956,291.468,0.076
2026-04-23 12:00:00,CR-01,173.481,0.0,62.69,4.223,93.059,735.596,306.483,0.018
2026-04-23 16:00:00,CR-01,188.851,0.0,63.759,4.124,94.558,788.558,311.574,0.086
2026-04-23 20:00:00,CR-01,177.348,0.0,64.602,4.013,91.318,740.878,302.498,0.028
2026-04-24 00:00:00,CR-01,186.527,0.0,65.012,4.244,84.852,771.774,311.476,0.014
2026-04-24 04:00:00,CR-01,185.798,0.0,63.906,3.766,93.539,743.851,296.673,0.021
2026-04-24 08:00:00,CR-01,191.034,0.0,63.086,4.444,82.408,751.077,308.531,0.051
2026-04-24 12:00:00,CR-01,183.535,0.0,64.382,4.337,89.272,782.132,310.42,0.083
2026-04-24 16:00:00,CR-01,182.212,0.0,64.593,4.233,89.405,756.448,314.34,0.077
2026-04-24 20:00:00,CR-01,186.897,0.0,66.313,4.022,84.326,772.502,310.271,0.101
2026-04-25 00:00:00,CR-01,183.978,0.0,65.038,4.137,87.714,774.256,311.678,0.087
2026-04-25 04:00:00,CR-01,186.533,0.0,66.742,4.237,77.844,771.307,308.063,0.151
2026-04-25 08:00:00,CR-01,187.902,0.0,67.57,4.215,80.484,781.067,316.854,0.151
2026-04-25 12:00:00,CR-01,182.099,0.0,66.995,4.119,76.043,783.439,312.707,0.1
2026-04-25 16:00:00,CR-01,193.626,0.0,65.896,4.159,76.969,738.067,323.058,0.097
2026-04-25 20:00:00,CR-01,184.27,0.0,66.158,4.537,78.612,746.165,311.323,0.098
2026-04-26 00:00:00,CR-01,176.717,0.0,64.643,4.419,67.67,774.199,306.442,0.13
2026-04-26 04:00:00,CR-01,181.813,0.0,62.936,4.235,79.049,745.405,301.094,0.078
2026-04-26 08:00:00,CR-01,187.754,0.0,65.374,4.352,87.911,737.739,315.703,0.081
2026-04-26 12:00:00,CR-01,176.316,0.0,64.363,3.749,80.264,774.33,295.87,0.054
2026-04-26 16:00:00,CR-01,177.774,0.0,66.195,4.315,87.431,745.983,296.21,0.075
2026-04-26 20:00:00,CR-01,180.686,0.0,63.867,4.09,95.689,798.452,305.792,0.13
2026-04-27 00:00:00,CR-01,183.462,0.0,64.676,4.023,91.045,745.739,290.029,0.085
2026-04-27 04:00:00,CR-01,183.301,0.0,65.916,3.867,92.292,719.197,302.589,0.052
2026-04-27 08:00:00,CR-01,180.263,0.0,64.552,4.078,89.853,748.32,287.508,0.073
2026-04-27 12:00:00,CR-01,183.553,0.0,64.429,4.046,81.84,757.535,298.929,0.047
2026-04-27 16:00:00,CR-01,178.906,0.0,64.199,3.898,87.409,731.504,286.101,0.064
2026-04-27 20:00:00,CR-01,182.119,0.0,59.799,3.96,86.147,731.241,299.849,0.002
2026-04-28 00:00:00,CR-01,179.562,0.0,64.163,3.7,82.914,749.822,289.56,0.032
2026-04-28 04:00:00,CR-01,178.414,0.0,63.414,3.832,82.203,722.647,290.103,0.022
2026-04-28 08:00:00,CR-01,184.6,0.0,61.648,4.211,81.905,730.801,276.693,0.0
2026-04-28 12:00:00,CR-01,179.292,0.0,61.262,3.494,78.478,743.277,299.31,0.027
2026-04-28 16:00:00,CR-01,173.014,0.0,61.645,3.903,71.243,753.687,294.358,0.0
2026-04-28 20:00:00,CR-01,178.793,0.0,60.256,4.051,63.63,726.846,285.598,0.0
2026-04-29 00:00:00,CR-01,169.587,0.0,62.609,3.743,73.565,737.332,272.675,0.0
2026-04-29 04:00:00,CR-01,165.752,0.0,61.768,3.819,66.659,728.378,271.984,0.092
2026-04-29 08:00:00,CR-01,173.506,0.0,60.694,3.776,69.563,709.614,287.908,0.026
2026-04-29 12:00:00,CR-01,180.551,0.0,63.271,3.519,68.215,751.495,299.184,0.022
2026-04-29 16:00:00,CR-01,170.968,0.0,62.134,3.52,73.819,758.331,305.494,0.02
2026-04-29 20:00:00,CR-01,176.299,0.0,62.278,3.725,81.063,717.274,276.054,0.022
2026-04-30 00:00:00,CR-01,172.817,0.0,63.297,3.684,82.176,761.005,287.037,0.0
2026-04-30 04:00:00,CR-01,181.505,0.0,62.38,3.767,82.747,723.11,303.73,0.013
2026-04-30 08:00:00,CR-01,173.767,0.0,62.672,3.93,87.087,757.623,294.78,0.02
2026-04-30 12:00:00,CR-01,177.594,0.0,61.699,3.89,93.454,740.365,305.518,0.031
2026-04-30 16:00:00,CR-01,181.539,0.0,64.038,3.815,91.346,699.027,284.972,0.073
2026-04-30 20:00:00,CR-01,185.509,0.0,62.837,4.449,92.87,757.551,296.007,0.059
2026-05-01 00:00:00,CR-01,176.73,0.0,62.382,3.836,91.326,720.58,303.951,0.095
2026-05-01 04:00:00,CR-01,177.821,0.0,66.346,4.187,84.81,745.665,281.188,0.031
2026-05-01 08:00:00,CR-01,179.245,0.0,66.878,4.109,84.966,755.146,298.391,0.044
2026-05-01 12:00:00,CR-01,185.012,0.0,62.991,3.911,80.436,760.406,313.586,0.08
2026-05-01 16:00:00,CR-01,184.592,0.0,64.11,3.768,85.991,734.752,295.662,0.082
2026-05-01 20:00:00,CR-01,184.726,0.0,66.662,4.02,82.002,767.653,318.114,0.043
2026-05-02 00:00:00,CR-01,182.852,0.0,67.007,4.242,81.998,778.758,310.712,0.087
2026-05-02 04:00:00,CR-01,191.966,0.0,65.157,4.207,82.746,774.453,311.858,0.066
2026-05-02 08:00:00,CR-01,187.225,0.0,64.599,4.544,74.037,773.401,301.62,0.19
2026-05-02 12:00:00,CR-01,179.544,0.0,66.878,4.153,77.333,786.224,299.642,0.117
2026-05-02 16:00:00,CR-01,185.347,0.0,66.146,4.336,74.379,790.285,308.72,0.05
2026-05-02 20:00:00,CR-01,189.146,0.0,68.163,4.366,82.9,765.136,319.288,0.045
2026-05-03 00:00:00,CR-01,189.793,0.0,67.376,4.24,77.517,765.253,315.797,0.096
2026-05-03 04:00:00,CR-01,178.63,0.0,64.842,4.583,72.589,766.977,319.148,0.144
2026-05-03 08:00:00,CR-01,186.739,0.0,64.413,4.107,78.588,767.673,305.656,0.146
2026-05-03 12:00:00,CR-01,180.941,0.0,61.416,4.08,88.215,756.809,310.133,0.154
2026-05-03 16:00:00,CR-01,187.109,0.0,64.798,4.556,78.086,755.013,294.527,0.107
2026-05-03 20:00:00,CR-01,181.004,0.0,66.734,4.203,89.013,761.926,301.592,0.102
2026-05-04 00:00:00,CR-01,187.189,0.0,68.023,4.303,94.117,757.635,302.664,0.085
2026-05-04 04:00:00,CR-01,180.417,0.0,61.614,4.001,92.857,748.358,308.43,0.132
2026-05-04 08:00:00,CR-01,188.927,0.0,65.077,3.936,98.241,710.1,292.131,0.05
2026-05-04 12:00:00,CR-01,185.664,0.0,65.48,4.112,99.564,753.08,298.231,0.138
2026-05-04 16:00:00,CR-01,183.877,0.0,62.822,3.816,85.72,713.648,309.811,0.085
2026-05-04 20:00:00,CR-01,186.576,0.0,62.022,3.807,92.702,777.206,304.433,0.043
2026-05-05 00:00:00,CR-01,181.308,0.0,61.447,3.589,85.461,750.807,300.634,0.064
2026-05-05 04:00:00,CR-01,179.311,0.0,64.769,3.804,86.052,751.238,285.932,0.011
2026-05-05 08:00:00,CR-01,171.808,0.0,62.443,3.824,78.015,724.286,290.206,0.022
2026-05-05 12:00:00,CR-01,177.891,0.0,62.415,3.717,79.954,747.981,291.648,0.0
2026-05-05 16:00:00,CR-01,174.451,0.0,60.921,3.741,70.703,711.169,277.646,0.045
2026-05-05 20:00:00,CR-01,175.991,0.0,64.861,3.629,73.664,723.136,302.959,0.017
2026-05-06 00:00:00,CR-01,178.427,0.0,61.657,3.657,74.021,741.335,267.741,0.0
2026-05-06 04:00:00,CR-01,163.565,0.0,61.853,3.524,74.589,718.701,279.457,0.058
2026-05-06 08:00:00,CR-01,181.872,0.0,62.777,3.402,72.572,696.306,303.892,0.0
2026-05-06 12:00:00,CR-01,166.95,0.0,62.171,3.959,68.862,678.1,285.616,0.0
2026-05-06 16:00:00,CR-01,175.682,0.0,61.337,3.921,73.198,756.415,279.937,0.0
2026-05-06 20:00:00,CR-01,172.253,0.0,61.777,3.894,80.33,727.517,290.959,0.0
2026-05-07 00:00:00,CR-01,185.291,0.0,63.989,3.93,81.94,690.32,279.062,0.004
2026-05-07 04:00:00,CR-01,172.603,0.0,63.404,3.606,80.617,740.975,293.454,0.0
2026-05-07 08:00:00,CR-01,179.432,0.0,62.62,3.418,81.25,739.105,286.904,0.025
2026-05-07 12:00:00,CR-01,175.96,0.0,63.552,4.107,94.536,747.219,293.782,0.0
2026-05-07 16:00:00,CR-01,173.511,0.0,62.662,3.916,89.098,696.152,282.348,0.073
2026-05-07 20:00:00,CR-01,171.141,0.0,62.242,3.912,82.296,742.274,309.042,0.0
2026-05-08 00:00:00,CR-01,177.039,0.0,63.094,3.949,84.251,748.672,288.653,0.113
2026-05-08 04:00:00,CR-01,180.498,0.0,64.844,4.144,84.94,736.771,303.594,0.046
2026-05-08 08:00:00,CR-01,186.76,0.0,63.067,4.196,87.226,763.434,308.974,0.085
2026-05-08 12:00:00,CR-01,183.781,0.0,64.194,4.025,88.46,773.7,315.593,0.069
2026-05-08 16:00:00,CR-01,194.464,0.0,65.253,4.106,86.077,740.37,305.476,0.093
2026-05-08 20:00:00,CR-01,190.582,0.0,65.484,4.353,82.591,742.043,315.491,0.116
2026-05-09 00:00:00,CR-01,187.885,0.0,65.124,4.228,81.695,737.053,317.17,0.109
2026-05-09 04:00:00,CR-01,190.648,0.0,63.361,4.317,76.969,748.166,304.572,0.138
2026-05-09 08:00:00,CR-01,191.169,0.0,66.624,4.571,73.624,737.884,324.233,0.124
2026-05-09 12:00:00,CR-01,198.211,0.0,63.697,4.636,76.374,721.714,329.087,0.153
2026-05-09 16:00:00,CR-01,195.156,0.0,67.631,4.671,73.745,760.155,336.296,0.111
2026-05-09 20:00:00,CR-01,186.045,0.0,66.243,4.686,70.27,763.478,331.865,0.191
2026-05-10 00:00:00,CR-01,208.24,0.0,66.868,4.279,83.169,731.727,331.945,0.231
2026-05-10 04:00:00,CR-01,193.137,0.0,68.717,4.308,79.196,777.488,336.484,0.151
2026-05-10 08:00:00,CR-01,198.513,0.0,71.44,4.984,87.28,770.523,336.067,0.198
2026-05-10 12:00:00,CR-01,195.4,0.0,68.056,4.591,91.163,817.705,326.731,0.172
2026-05-10 16:00:00,CR-01,198.563,0.0,71.046,4.843,84.201,757.871,328.386,0.172
2026-05-10 20:00:00,CR-01,190.848,0.0,70.214,4.942,86.986,757.924,328.181,0.158
2026-05-11 00:00:00,CR-01,206.487,0.0,66.013,4.83,97.584,757.667,328.801,0.211
2026-05-11 04:00:00,CR-01,196.856,0.0,67.965,4.619,85.743,763.15,340.533,0.205
2026-05-11 08:00:00,CR-01,194.599,0.0,66.734,4.566,96.077,789.031,345.188,0.214
2026-05-11 12:00:00,CR-01,208.788,0.0,69.775,5.101,87.572,758.04,333.335,0.219
2026-05-11 16:00:00,CR-01,199.695,0.0,68.616,4.678,93.567,759.587,339.515,0.222
2026-05-11 20:00:00,CR-01,204.417,0.0,70.576,4.581,95.989,752.969,349.309,0.183
2026-05-12 00:00:00,CR-01,198.129,0.0,70.456,4.772,86.563,741.889,345.284,0.187
2026-05-12 04:00:00,CR-01,201.633,0.0,68.008,5.083,85.298,756.335,344.885,0.142
2026-05-12 08:00:00,CR-01,196.471,0.0,68.157,4.388,79.478,715.417,334.788,0.191
2026-05-12 12:00:00,CR-01,197.895,0.0,67.511,4.64,77.153,738.028,323.034,0.143
2026-05-12 16:00:00,CR-01,201.588,0.0,70.019,4.633,73.937,755.008,329.505,0.224
2026-05-12 20:00:00,CR-01,195.145,0.0,69.211,4.513,78.323,701.982,335.85,0.257
2026-05-13 00:00:00,CR-01,202.889,0.0,68.722,4.544,73.399,741.511,331.194,0.19
2026-05-13 04:00:00,CR-01,207.266,0.0,69.069,4.521,66.541,761.413,330.342,0.086
2026-05-13 08:00:00,CR-01,194.75,0.0,69.441,4.757,67.767,722.548,333.4,0.162
2026-05-13 12:00:00,CR-01,204.018,0.0,69.481,4.677,74.511,730.774,335.826,0.179
2026-05-13 16:00:00,CR-01,196.215,0.0,69.779,4.856,76.022,723.109,334.266,0.174
2026-05-13 20:00:00,CR-01,205.535,0.0,68.429,4.993,70.42,699.491,346.179,0.239
2026-05-14 00:00:00,CR-01,201.005,0.0,68.463,4.676,84.183,753.392,341.353,0.233
2026-05-14 04:00:00,CR-01,190.211,0.0,68.447,4.581,79.69,697.418,336.318,0.149
2026-05-14 08:00:00,CR-01,199.405,0.0,70.592,4.589,82.192,718.087,342.391,0.2
2026-05-14 12:00:00,CR-01,204.842,0.0,69.35,4.936,87.82,722.0,329.627,0.225
2026-05-14 16:00:00,CR-01,206.644,0.0,72.294,5.107,86.259,749.668,336.177,0.256
2026-05-14 20:00:00,CR-01,200.217,0.0,70.501,4.767,80.738,752.501,335.098,0.213
2026-05-15 00:00:00,CR-01,199.363,0.0,72.434,4.889,85.909,687.645,338.527,0.265
2026-05-15 04:00:00,CR-01,195.746,0.0,72.03,5.081,82.782,736.994,344.35,0.351
2026-05-15 08:00:00,CR-01,210.565,0.0,71.415,4.992,89.496,677.304,343.217,0.26
2026-05-15 12:00:00,CR-01,210.923,0.0,70.005,5.096,80.906,724.12,358.239,0.277
2026-05-15 16:00:00,CR-01,206.762,0.0,73.779,4.952,78.451,742.541,347.249,0.319
2026-05-15 20:00:00,CR-01,221.891,0.0,72.983,5.307,74.938,725.056,354.547,0.281
2026-05-16 00:00:00,CR-01,208.563,0.0,72.836,5.13,81.257,769.259,356.059,0.322
2026-05-16 04:00:00,CR-01,222.142,0.0,72.76,5.018,79.507,732.899,359.381,0.318
2026-05-16 08:00:00,CR-01,213.761,0.0,72.455,5.357,79.758,738.308,362.682,0.362
2026-05-16 12:00:00,CR-01,218.307,0.0,73.372,5.507,75.74,745.115,386.655,0.344
2026-05-16 16:00:00,CR-01,209.263,0.0,75.639,5.095,77.458,756.838,378.614,0.34
2026-05-16 20:00:00,CR-01,222.872,0.0,75.594,5.085,79.814,771.61,389.71,0.366
2026-05-17 00:00:00,CR-01,224.259,0.0,74.993,5.306,75.789,734.957,377.897,0.37
2026-05-17 04:00:00,CR-01,226.234,0.0,74.191,5.862,84.861,762.492,365.358,0.359
2026-05-17 08:00:00,CR-01,220.289,0.0,76.8,5.539,80.646,739.23,396.979,0.401
2026-05-17 12:00:00,CR-01,235.655,0.0,75.456,5.706,90.219,780.969,378.91,0.404
2026-05-17 16:00:00,CR-01,234.443,0.0,77.177,5.862,92.623,791.247,398.775,0.372
2026-05-17 20:00:00,CR-01,240.607,0.0,78.664,5.823,89.646,784.302,396.095,0.404
2026-05-18 00:00:00,CR-01,234.83,0.0,76.951,6.004,83.463,771.988,387.504,0.468
2026-05-18 04:00:00,CR-01,225.468,0.0,78.531,5.888,86.768,755.894,385.681,0.424
2026-05-18 08:00:00,CR-01,229.89,0.0,79.06,5.459,90.572,759.23,400.367,0.423
2026-05-18 12:00:00,CR-01,232.543,0.0,78.968,5.932,88.036,739.776,386.313,0.432
2026-05-18 16:00:00,CR-01,241.604,0.0,78.36,5.957,96.307,768.482,381.986,0.445
2026-05-18 20:00:00,CR-01,240.785,0.0,79.82,6.048,81.785,755.572,388.799,0.472
2026-05-19 00:00:00,CR-01,225.126,0.0,77.748,5.798,90.91,763.1,379.102,0.374
2026-05-19 04:00:00,CR-01,227.89,0.0,75.388,5.909,82.623,755.092,381.674,0.408
2026-05-19 08:00:00,CR-01,226.155,0.0,77.075,6.027,77.186,785.525,386.575,0.512
2026-05-19 12:00:00,CR-01,226.756,0.0,77.505,5.711,91.037,791.337,386.852,0.427
2026-05-19 16:00:00,CR-01,236.774,0.0,78.678,5.922,81.213,745.849,393.464,0.452
2026-05-19 20:00:00,CR-01,228.753,0.0,79.283,5.848,75.753,755.731,405.109,0.456
2026-05-20 00:00:00,CR-01,228.882,0.0,77.269,5.842,69.925,765.763,401.864,0.373
2026-05-20 04:00:00,CR-01,222.706,0.0,76.812,5.572,72.3,716.84,400.224,0.412
2026-05-20 08:00:00,CR-01,228.247,0.0,78.8,5.95,71.302,742.077,388.208,0.384
2026-05-20 12:00:00,CR-01,236.005,0.0,79.451,5.911,77.121,739.916,399.636,0.41
2026-05-20 16:00:00,CR-01,224.517,0.0,77.409,6.064,71.215,749.624,392.244,0.424
2026-05-20 20:00:00,CR-01,230.056,0.0,78.873,6.054,78.891,766.11,389.503,0.465
2026-05-21 00:00:00,CR-01,34.961,0.0,76.158,6.062,11.796,115.415,57.953,0.452
2026-05-21 04:00:00,CR-01,33.897,0.0,76.921,6.036,12.247,111.152,58.456,0.446
2026-05-21 08:00:00,CR-01,34.118,0.0,78.393,6.098,12.163,103.005,60.019,0.441
2026-05-21 12:00:00,CR-01,34.692,0.0,75.797,6.124,13.08,105.961,60.495,0.474
2026-05-21 16:00:00,CR-01,35.46,0.0,78.474,5.746,14.59,110.193,57.689,0.369
2026-05-21 20:00:00,CR-01,34.785,0.0,80.159,6.22,13.361,107.516,58.632,0.449
2026-05-22 00:00:00,CR-01,34.985,0.0,78.174,6.194,13.53,109.789,59.426,0.409
2026-05-22 04:00:00,CR-01,35.118,0.0,79.727,6.255,13.062,114.872,60.151,0.441
2026-05-22 08:00:00,CR-01,35.028,0.0,78.078,6.097,12.986,111.01,57.821,0.472
2026-05-22 12:00:00,CR-01,35.384,0.0,82.213,5.926,12.711,112.838,62.939,0.45
2026-05-22 16:00:00,CR-01,35.498,0.0,82.558,6.446,12.393,112.91,60.945,0.511
2026-05-22 20:00:00,CR-01,35.475,0.0,78.814,6.335,12.107,109.732,63.308,0.479
2026-05-23 00:00:00,CR-01,36.192,0.0,81.711,6.479,12.206,112.433,62.793,0.539
2026-05-23 04:00:00,CR-01,35.866,0.0,82.95,6.433,11.778,113.118,62.77,0.578
2026-05-23 08:00:00,CR-01,37.183,0.0,81.48,6.609,13.096,115.507,63.627,0.465
2026-05-23 12:00:00,CR-01,36.577,0.0,81.401,6.231,10.202,110.838,65.373,0.501
2026-05-23 16:00:00,CR-01,36.485,0.0,81.723,6.529,10.324,112.044,63.931,0.556
2026-05-23 20:00:00,CR-01,37.217,0.0,81.746,6.598,11.955,108.801,64.734,0.554
2026-05-24 00:00:00,CR-01,253.961,0.0,85.04,6.767,70.02,761.97,435.972,0.547
2026-05-24 04:00:00,CR-01,249.326,0.0,82.782,6.605,81.098,775.959,440.684,0.579
2026-05-24 08:00:00,CR-01,258.328,0.0,85.604,6.661,89.023,777.313,434.133,0.55
2026-05-24 12:00:00,CR-01,258.298,0.0,81.214,6.893,75.991,730.264,435.851,0.543
2026-05-24 16:00:00,CR-01,247.798,0.0,83.014,6.869,88.696,789.282,427.406,0.627
2026-05-24 20:00:00,CR-01,248.039,0.0,84.375,6.541,93.928,769.721,433.644,0.622
2026-05-25 00:00:00,CR-01,264.543,0.0,84.678,6.67,86.703,714.615,428.495,0.552
2026-05-25 04:00:00,CR-01,255.146,0.0,83.275,6.576,86.806,756.138,434.919,0.595
2026-05-25 08:00:00,CR-01,261.641,0.0,83.955,6.837,91.686,762.818,421.642,0.666
2026-05-25 12:00:00,CR-01,255.513,0.0,83.681,7.134,96.514,796.692,431.42,0.606
2026-05-25 16:00:00,CR-01,252.967,0.0,85.146,6.831,88.355,763.188,444.714,0.631
2026-05-25 20:00:00,CR-01,258.107,0.0,84.108,6.607,82.656,757.587,424.618,0.584
2026-05-26 00:00:00,CR-01,253.489,0.0,83.673,6.875,86.962,728.659,433.764,0.619
2026-05-26 04:00:00,CR-01,252.128,0.0,84.738,6.471,82.506,740.967,429.738,0.609
2026-05-26 08:00:00,CR-01,254.444,0.0,83.028,6.804,85.112,755.161,426.003,0.632
2026-05-26 12:00:00,CR-01,257.955,0.0,82.949,6.753,79.885,754.277,435.543,0.61
2026-05-26 16:00:00,CR-01,249.441,0.0,84.908,6.687,69.323,758.384,424.175,0.647
2026-05-26 20:00:00,CR-01,252.257,0.0,81.533,6.208,80.319,778.21,439.529,0.524
2026-05-27 00:00:00,CR-01,247.818,0.0,81.24,6.711,74.015,764.152,420.311,0.578
2026-05-27 04:00:00,CR-01,240.059,0.0,80.386,6.402,78.355,742.813,426.055,0.538
2026-05-27 08:00:00,CR-01,243.751,0.0,81.342,6.482,80.046,765.231,435.437,0.575
2026-05-27 12:00:00,CR-01,245.626,0.0,82.502,6.767,71.938,760.921,424.885,0.589
2026-05-27 16:00:00,CR-01,239.798,0.0,81.014,6.645,68.321,748.795,427.578,0.539
2026-05-27 20:00:00,CR-01,247.157,0.0,80.834,6.561,84.062,746.107,423.327,0.531
2026-05-28 00:00:00,CR-01,247.855,0.0,81.553,6.621,79.757,764.505,412.733,0.477
2026-05-28 04:00:00,CR-01,244.444,0.0,83.206,5.869,80.855,750.163,408.202,0.444
2026-05-28 08:00:00,CR-01,238.79,0.0,82.691,6.244,73.189,727.903,409.325,0.549
2026-05-28 12:00:00,CR-01,238.633,0.0,78.736,6.258,81.691,720.761,406.439,0.478
2026-05-28 16:00:00,CR-01,250.309,0.0,81.052,6.316,89.626,723.736,396.963,0.428
2026-05-28 20:00:00,CR-01,249.957,0.0,79.836,6.381,91.514,710.521,400.605,0.493
2026-05-29 00:00:00,CR-01,233.837,0.0,79.277,6.062,84.693,745.681,406.988,0.452
2026-05-29 04:00:00,CR-01,231.616,0.0,80.55,6.154,87.417,723.644,400.463,0.501
2026-05-29 08:00:00,CR-01,236.005,0.0,78.495,6.503,77.823,732.525,403.301,0.456
2026-05-29 12:00:00,CR-01,237.651,0.0,80.371,6.438,81.377,756.83,417.911,0.498
2026-05-29 16:00:00,CR-01,231.129,0.0,79.948,6.063,75.499,730.908,404.029,0.464
2026-05-29 20:00:00,CR-01,241.599,0.0,80.024,5.981,76.863,727.323,410.882,0.518
2026-05-30 00:00:00,CR-01,236.86,0.0,81.2,6.274,81.83,739.21,422.85,0.52
2026-05-30 04:00:00,CR-01,246.962,0.0,81.837,6.44,76.797,720.073,409.184,0.479
2026-05-30 08:00:00,CR-01,237.724,0.0,82.265,6.129,79.275,743.971,424.05,0.555
2026-05-30 12:00:00,CR-01,246.001,0.0,81.365,6.512,75.542,736.616,431.886,0.517
2026-05-30 16:00:00,CR-01,246.27,0.0,82.19,6.538,68.841,750.609,427.228,0.566
2026-05-30 20:00:00,CR-01,252.798,0.0,80.629,6.311,79.315,733.438,405.838,0.56
2026-05-31 00:00:00,CR-01,247.506,0.0,81.597,6.678,75.594,795.268,417.227,0.523
2026-05-31 04:00:00,CR-01,244.306,0.0,82.995,6.364,76.041,791.476,409.722,0.616
2026-05-31 08:00:00,CR-01,244.154,0.0,82.842,6.443,75.73,775.392,426.163,0.53
2026-05-31 12:00:00,CR-01,244.099,0.0,82.317,6.713,86.719,759.478,430.336,0.578
2026-05-31 16:00:00,CR-01,256.077,0.0,83.797,6.812,92.429,797.657,422.773,0.61
2026-05-31 20:00:00,CR-01,245.855,0.0,84.494,6.691,96.536,766.594,419.534,0.605
2026-06-01 00:00:00,CR-01,251.705,0.0,84.318,6.617,87.524,772.64,423.048,0.654
2026-06-01 04:00:00,CR-01,252.98,0.0,80.786,6.89,90.859,760.411,444.928,0.612
2026-06-01 08:00:00,CR-01,255.337,0.0,83.431,7.047,97.73,785.976,435.048,0.586
2026-06-01 12:00:00,CR-01,256.205,0.0,86.498,6.793,99.257,800.739,414.12,0.537
2026-06-01 16:00:00,CR-01,262.851,0.0,83.101,6.786,95.363,785.282,437.951,0.605
2026-06-01 20:00:00,CR-01,261.829,0.0,83.613,6.601,87.462,749.913,442.375,0.653
2026-06-02 00:00:00,CR-01,256.605,0.0,83.119,6.666,85.826,782.176,421.318,0.583
2026-06-02 04:00:00,CR-01,254.138,0.0,84.477,7.078,82.013,761.448,427.17,0.599
2026-06-02 08:00:00,CR-01,253.485,0.0,83.959,6.724,81.777,769.433,432.568,0.564
2026-06-02 12:00:00,CR-01,265.258,0.0,85.793,7.164,76.784,794.023,433.005,0.524
2026-06-02 16:00:00,CR-01,248.723,0.0,84.095,6.601,75.101,712.622,426.838,0.604
2026-06-02 20:00:00,CR-01,255.316,0.0,83.87,6.851,70.721,750.479,417.898,0.609
2026-06-03 00:00:00,CR-01,245.332,0.0,84.059,6.441,72.925,785.323,421.09,0.578
2026-06-03 04:00:00,CR-01,257.49,0.0,84.87,6.398,82.528,759.916,421.97,0.534
2026-06-03 08:00:00,CR-01,251.95,0.0,82.545,6.682,86.316,780.727,407.114,0.585
2026-06-03 12:00:00,CR-01,256.92,0.0,81.98,6.955,78.425,763.629,416.478,0.545
2026-06-03 16:00:00,CR-01,239.623,0.0,83.399,6.64,80.651,754.361,415.204,0.497
2026-06-03 20:00:00,CR-01,246.73,0.0,80.37,6.531,77.57,747.601,404.6,0.543
2026-06-04 00:00:00,CR-01,243.14,0.0,81.923,6.308,78.329,742.336,418.075,0.502
2026-06-04 04:00:00,CR-01,241.234,0.0,81.059,6.234,81.961,741.185,408.285,0.58
2026-06-04 08:00:00,CR-01,243.839,0.0,80.468,6.497,88.41,722.322,410.964,0.532
2026-06-04 12:00:00,CR-01,243.656,0.0,82.783,6.047,92.463,719.066,399.861,0.505
2026-06-04 16:00:00,CR-01,246.352,0.0,80.886,6.448,85.241,773.439,402.091,0.507
2026-06-04 20:00:00,CR-01,241.111,0.0,79.936,6.482,88.639,745.169,414.167,0.561
2026-06-05 00:00:00,CR-01,243.958,0.0,77.893,6.052,82.692,728.426,395.251,0.454
2026-06-05 04:00:00,CR-01,231.769,0.0,78.517,6.462,82.27,691.485,414.934,0.524
2026-06-05 08:00:00,CR-01,240.298,0.0,80.061,5.967,85.804,747.266,419.443,0.49
2026-06-05 12:00:00,CR-01,240.073,0.0,83.155,6.42,83.803,732.826,400.03,0.49
2026-06-05 16:00:00,CR-01,234.509,0.0,81.258,6.247,76.93,769.65,395.742,0.486
2026-06-05 20:00:00,CR-01,239.515,0.0,78.56,6.228,77.415,720.249,402.492,0.481
2026-06-06 00:00:00,CR-01,249.564,0.0,80.932,6.141,77.845,736.158,398.972,0.52
2026-06-06 04:00:00,CR-01,244.779,0.0,80.057,6.102,76.158,730.425,413.207,0.549
2026-06-06 08:00:00,CR-01,240.456,0.0,79.216,6.301,68.917,701.842,407.826,0.505
2026-06-06 12:00:00,CR-01,241.863,0.0,82.073,6.327,63.859,716.452,392.851,0.52
2026-06-06 16:00:00,CR-01,243.227,0.0,80.399,6.337,76.62,751.327,432.627,0.497
2026-06-06 20:00:00,CR-01,238.038,0.0,82.67,6.714,77.579,741.725,419.979,0.505
2026-06-07 00:00:00,CR-01,254.02,0.0,83.883,6.24,78.725,717.632,402.192,0.557
2026-06-07 04:00:00,CR-01,246.586,0.0,81.177,6.177,77.799,762.344,427.126,0.578
2026-06-07 08:00:00,CR-01,244.56,0.0,82.265,6.316,81.765,711.907,420.174,0.538
2026-06-07 12:00:00,CR-01,247.17,0.0,85.049,6.346,83.23,751.48,419.074,0.558
2026-06-07 16:00:00,CR-01,242.205,0.0,80.12,6.551,85.692,767.274,421.38,0.588
2026-06-07 20:00:00,CR-01,262.5,0.0,81.913,6.558,93.883,764.791,427.19,0.565
2026-06-08 00:00:00,CR-01,248.799,0.0,82.109,7.158,80.756,764.073,429.422,0.544
2026-06-08 04:00:00,CR-01,246.767,0.0,82.738,6.811,89.586,730.083,416.555,0.612
2026-06-08 08:00:00,CR-01,249.526,0.0,84.868,6.674,91.084,745.827,438.188,0.541
2026-06-08 12:00:00,CR-01,250.932,0.0,82.116,6.497,87.42,770.187,423.571,0.54
2026-06-08 16:00:00,CR-01,256.667,0.0,82.682,7.047,89.768,717.449,411.764,0.606
2026-06-08 20:00:00,CR-01,253.72,0.0,84.556,6.886,90.549,777.013,425.07,0.566
2026-06-09 00:00:00,CR-01,261.736,0.0,81.58,6.845,84.012,753.764,434.193,0.614
2026-06-09 04:00:00,CR-01,254.541,0.0,84.154,6.882,92.935,782.855,438.159,0.618
2026-06-09 08:00:00,CR-01,255.563,0.0,82.848,6.798,83.959,771.228,429.419,0.627
2026-06-09 12:00:00,CR-01,263.435,0.0,84.407,7.102,79.243,781.312,426.124,0.589
2026-06-09 16:00:00,CR-01,252.569,0.0,84.017,6.714,81.235,793.643,426.707,0.676
2026-06-09 20:00:00,CR-01,251.012,0.0,83.325,6.856,84.211,734.166,417.757,0.601
2026-06-10 00:00:00,CR-01,256.46,0.0,81.914,6.775,70.367,763.493,442.357,0.577
2026-06-10 04:00:00,CR-01,258.601,0.0,86.417,6.587,80.488,752.059,427.027,0.642
2026-06-10 08:00:00,CR-01,258.956,0.0,85.04,6.466,70.464,769.295,433.522,0.571
2026-06-10 12:00:00,CR-01,243.711,0.0,84.317,6.835,69.047,759.936,432.353,0.566
2026-06-10 16:00:00,CR-01,249.376,0.0,83.616,6.494,80.431,786.602,433.645,0.536
2026-06-10 20:00:00,CR-01,258.356,0.0,81.742,6.582,78.307,760.815,432.041,0.608
2026-06-11 00:00:00,CR-01,252.176,0.0,83.411,7.015,83.713,777.746,443.021,0.559
2026-06-11 04:00:00,CR-01,244.2,0.0,83.734,6.299,86.215,749.16,407.916,0.527
2026-06-11 08:00:00,CR-01,251.997,0.0,79.446,6.488,77.801,755.523,424.734,0.534
2026-06-11 12:00:00,CR-01,242.645,0.0,81.472,6.406,84.243,747.831,418.523,0.541
2026-06-11 16:00:00,CR-01,241.519,0.0,83.512,6.419,86.294,747.183,425.579,0.569
2026-06-11 20:00:00,CR-01,242.691,0.0,81.157,6.446,86.223,770.715,410.829,0.53
2026-06-12 00:00:00,CR-01,256.421,0.0,80.782,6.104,94.89,737.995,417.396,0.518
2026-06-12 04:00:00,CR-01,247.188,0.0,80.118,6.433,80.117,764.737,399.551,0.494
2026-06-12 08:00:00,CR-01,240.861,0.0,79.805,6.182,88.17,774.614,419.852,0.579
2026-06-12 12:00:00,CR-01,251.792,0.0,80.794,6.554,83.154,748.274,422.879,0.531
2026-06-12 16:00:00,CR-01,239.91,0.0,79.858,5.964,82.644,725.681,413.667,0.456
2026-06-12 20:00:00,CR-01,239.97,0.0,82.173,6.167,79.007,741.682,417.172,0.55
2026-06-13 00:00:00,CR-01,239.846,0.0,81.014,6.418,72.905,723.807,403.11,0.512
2026-06-13 04:00:00,CR-01,240.404,0.0,80.566,5.999,64.656,715.755,419.158,0.523
2026-06-13 08:00:00,CR-01,241.819,0.0,79.897,6.23,70.466,737.854,406.253,0.573
2026-06-13 12:00:00,CR-01,244.884,0.0,81.887,5.998,70.269,735.921,411.419,0.468
2026-06-13 16:00:00,CR-01,233.843,0.0,80.716,6.244,63.407,705.303,408.032,0.488
2026-06-13 20:00:00,CR-01,243.45,0.0,81.93,6.36,80.178,704.366,411.85,0.504
2026-06-14 00:00:00,CR-01,247.499,0.0,80.143,6.305,75.536,733.607,410.782,0.516
2026-06-14 04:00:00,CR-01,236.91,0.0,82.452,6.553,75.662,750.787,425.724,0.536
2026-06-14 08:00:00,CR-01,248.338,0.0,82.741,6.567,75.518,749.249,420.927,0.55
2026-06-14 12:00:00,CR-01,246.461,0.0,78.131,6.624,90.737,707.909,414.563,0.55
2026-06-14 16:00:00,CR-01,244.091,0.0,83.376,6.336,82.491,767.889,422.556,0.498
2026-06-14 20:00:00,CR-01,248.721,0.0,80.691,6.678,88.859,728.041,416.735,0.576
2026-06-15 00:00:00,CR-01,243.776,0.0,83.599,6.689,84.923,764.608,415.191,0.561
2026-06-15 04:00:00,CR-01,254.172,0.0,82.711,6.23,92.536,728.819,424.316,0.594
2026-06-15 08:00:00,CR-01,252.447,0.0,83.464,6.95,91.822,733.095,421.479,0.598
2026-06-15 12:00:00,CR-01,247.253,0.0,84.432,6.43,94.187,776.119,419.603,0.558
2026-06-15 16:00:00,CR-01,247.065,0.0,83.109,6.631,93.356,766.241,430.727,0.644
2026-06-15 20:00:00,CR-01,246.021,0.0,80.984,6.792,82.039,754.047,441.602,0.592
2026-06-16 00:00:00,CR-01,252.099,0.0,82.446,6.743,74.653,760.735,422.115,0.541
2026-06-16 04:00:00,CR-01,253.216,0.0,86.439,6.918,80.604,741.329,435.476,0.584
2026-06-16 08:00:00,CR-01,248.847,0.0,82.078,7.147,80.994,765.685,430.594,0.59
2026-06-16 12:00:00,CR-01,255.321,0.0,82.669,6.78,76.326,801.414,426.526,0.548
2026-06-16 16:00:00,CR-01,244.372,0.0,84.695,6.815,86.521,774.212,421.04,0.66
2026-06-16 20:00:00,CR-01,254.011,0.0,82.914,6.806,89.732,773.948,435.773,0.639
2026-06-17 00:00:00,CR-01,256.061,0.0,84.709,7.0,75.056,746.295,432.902,0.568
2026-06-17 04:00:00,CR-01,251.842,0.0,82.126,6.659,80.872,778.385,437.454,0.653
2026-06-17 08:00:00,CR-01,245.932,0.0,84.205,6.859,83.507,767.417,439.871,0.604
2026-06-17 12:00:00,CR-01,260.434,0.0,86.217,6.542,81.824,760.912,445.687,0.642
2026-06-17 16:00:00,CR-01,255.431,0.0,85.502,6.78,75.06,760.6,429.625,0.582
2026-06-17 20:00:00,CR-01,253.763,0.0,85.29,6.731,73.76,781.394,439.769,0.629
2026-06-18 00:00:00,CR-01,253.441,0.0,83.724,6.549,82.338,770.855,428.139,0.618
2026-06-18 04:00:00,CR-01,253.861,0.0,83.345,6.55,89.747,770.091,420.766,0.59
2026-06-18 08:00:00,CR-01,247.534,0.0,83.311,6.034,86.606,749.334,421.518,0.571
2026-06-18 12:00:00,CR-01,246.837,0.0,83.743,6.668,89.565,785.215,417.601,0.523
2026-06-18 16:00:00,CR-01,252.789,0.0,84.325,6.389,87.679,722.805,428.574,0.599
2026-06-18 20:00:00,CR-01,238.57,0.0,84.233,6.786,75.627,766.91,422.557,0.551
2026-06-19 00:00:00,CR-01,249.347,0.0,80.752,6.692,82.552,741.079,416.032,0.53
2026-06-19 04:00:00,CR-01,246.69,0.0,81.98,6.219,89.715,750.564,413.411,0.569
2026-06-19 08:00:00,CR-01,245.255,0.0,81.391,5.967,87.026,776.124,422.243,0.532
2026-06-19 12:00:00,CR-01,242.719,0.0,84.268,6.458,83.615,697.257,426.684,0.497
2026-06-19 16:00:00,CR-01,242.452,0.0,80.76,6.597,81.083,722.57,400.205,0.494
2026-06-19 20:00:00,CR-01,243.872,0.0,80.872,6.302,76.536,731.034,404.534,0.595
2026-06-20 00:00:00,CR-01,231.986,0.0,82.148,6.444,78.147,744.467,413.864,0.513
2026-06-20 04:00:00,CR-01,240.684,0.0,80.629,6.122,79.33,778.612,416.836,0.516
2026-06-20 08:00:00,CR-01,243.641,0.0,81.083,6.459,71.803,771.276,410.481,0.491
2026-06-20 12:00:00,CR-01,239.394,0.0,81.13,6.383,70.854,667.886,409.137,0.516
2026-06-20 16:00:00,CR-01,239.311,0.0,79.472,6.322,69.376,696.698,416.801,0.47
2026-06-20 20:00:00,CR-01,244.528,0.0,82.118,6.135,75.197,737.884,395.523,0.549
2026-06-21 00:00:00,CR-01,244.379,0.0,80.937,6.442,72.77,737.298,416.259,0.541
2026-06-21 04:00:00,CR-01,244.801,0.0,80.842,6.345,73.359,734.111,415.639,0.486
2026-06-21 08:00:00,CR-01,237.357,0.0,78.541,6.092,74.778,712.17,395.786,0.517
2026-06-21 12:00:00,CR-01,243.624,0.0,81.589,6.477,81.264,769.177,406.358,0.544
2026-06-21 16:00:00,CR-01,240.752,0.0,81.263,6.546,78.422,717.193,404.223,0.564
2026-06-21 20:00:00,CR-01,246.978,0.0,80.284,6.215,80.642,753.589,432.507,0.526
2026-06-22 00:00:00,CR-01,242.575,0.0,82.581,6.126,82.705,711.461,423.091,0.541
2026-06-22 04:00:00,CR-01,246.622,0.0,78.373,6.424,90.97,743.301,413.374,0.53
2026-06-22 08:00:00,CR-01,249.595,0.0,80.395,6.629,89.825,741.887,393.543,0.526
2026-06-22 12:00:00,CR-01,247.047,0.0,84.095,6.514,91.969,758.971,423.155,0.523
2026-06-22 16:00:00,CR-01,253.411,0.0,83.152,6.712,91.363,780.792,419.281,0.615
2026-06-22 20:00:00,CR-01,253.053,0.0,82.073,6.893,88.113,786.776,416.708,0.524
2026-06-23 00:00:00,CR-01,251.87,0.0,83.764,6.433,81.217,763.154,424.463,0.605
2026-06-23 04:00:00,CR-01,255.261,0.0,83.695,6.833,91.064,736.41,426.462,0.573
2026-06-23 08:00:00,CR-01,254.729,0.0,83.571,6.825,89.502,761.372,426.941,0.589
2026-06-23 12:00:00,CR-01,250.529,0.0,83.741,6.807,74.823,794.524,437.102,0.644
2026-06-23 16:00:00,CR-01,256.273,0.0,83.74,6.791,87.678,760.3,438.675,0.566
2026-06-23 20:00:00,CR-01,255.951,0.0,84.62,6.726,73.93,746.854,428.502,0.548
2026-06-24 00:00:00,CR-01,257.253,0.0,84.276,6.804,74.929,764.724,420.967,0.604
2026-06-24 04:00:00,CR-01,251.693,0.0,86.131,6.858,72.109,758.113,447.888,0.618
2026-06-24 08:00:00,CR-01,255.614,0.0,84.182,6.788,74.724,757.7,445.497,0.631
2026-06-24 12:00:00,CR-01,248.925,0.0,83.613,6.896,88.154,778.622,434.988,0.6
2026-06-24 16:00:00,CR-01,254.884,0.0,83.985,6.968,79.333,810.673,437.383,0.576
2026-06-24 20:00:00,CR-01,257.969,0.0,85.482,6.662,81.824,754.66,433.166,0.568
2026-06-25 00:00:00,CR-01,248.773,0.0,82.582,6.794,72.724,769.308,429.723,0.63
2026-06-25 04:00:00,CR-01,246.563,0.0,81.749,6.606,87.997,760.374,435.138,0.644
2026-06-25 08:00:00,CR-01,266.828,0.0,83.208,6.961,91.13,728.062,426.454,0.601
2026-06-25 12:00:00,CR-01,251.075,0.0,82.492,7.022,83.997,767.019,439.193,0.569
2026-06-25 16:00:00,CR-01,250.191,0.0,83.108,6.753,79.842,760.556,444.424,0.547
2026-06-25 20:00:00,CR-01,249.475,0.0,83.224,6.232,94.383,727.617,428.103,0.581
2026-06-26 00:00:00,CR-01,244.092,0.0,80.79,6.757,82.275,745.877,439.835,0.546
2026-06-26 04:00:00,CR-01,247.054,0.0,82.546,6.438,85.826,754.326,431.353,0.537
2026-06-26 08:00:00,CR-01,244.743,0.0,83.96,6.406,94.013,745.806,418.668,0.525
2026-06-26 12:00:00,CR-01,248.767,0.0,80.605,6.604,85.91,747.029,418.67,0.566
2026-06-26 16:00:00,CR-01,242.82,0.0,82.727,6.339,82.347,746.777,416.587,0.52
2026-06-26 20:00:00,CR-01,241.73,0.0,81.697,6.412,79.749,758.571,436.235,0.579
2026-06-27 00:00:00,CR-01,250.372,0.0,82.112,6.336,69.54,748.189,416.058,0.502
2026-06-27 04:00:00,CR-01,234.633,0.0,83.814,6.44,74.266,729.731,413.165,0.584
2026-06-27 08:00:00,CR-01,237.031,0.0,80.674,6.386,76.835,740.577,399.992,0.475
2026-06-27 12:00:00,CR-01,240.071,0.0,79.769,6.378,72.997,712.568,410.733,0.554
2026-06-27 16:00:00,CR-01,242.724,0.0,80.957,6.632,68.035,741.696,423.902,0.561
2026-06-27 20:00:00,CR-01,244.077,0.0,80.877,6.197,68.327,708.095,425.167,0.488
2026-06-28 00:00:00,CR-01,239.539,0.0,80.716,6.429,70.963,733.231,411.754,0.535
2026-06-28 04:00:00,CR-01,245.169,0.0,80.377,6.472,80.228,734.814,419.077,0.486
2026-06-28 08:00:00,CR-01,242.014,0.0,82.343,6.343,82.82,699.25,402.597,0.545
2026-06-28 12:00:00,CR-01,244.081,0.0,80.518,6.468,78.983,737.23,413.665,0.479
2026-06-28 16:00:00,CR-01,236.99,0.0,79.435,6.291,78.43,729.784,397.146,0.421
2026-06-28 20:00:00,CR-01,244.334,0.0,80.827,6.073,86.909,760.011,421.673,0.499
2026-06-29 00:00:00,CR-01,241.226,0.0,78.969,6.549,90.092,719.317,407.761,0.537
2026-06-29 04:00:00,CR-01,246.164,0.0,80.961,6.237,85.176,740.791,413.438,0.496
2026-06-29 08:00:00,CR-01,245.213,0.0,79.89,6.246,96.099,752.66,417.168,0.524
2026-06-29 12:00:00,CR-01,248.87,0.0,80.37,6.698,92.184,770.664,409.271,0.576
2026-06-29 16:00:00,CR-01,254.194,0.0,79.195,6.433,87.689,714.769,402.12,0.574
2026-06-29 20:00:00,CR-01,253.591,0.0,83.607,6.48,91.852,729.829,414.496,0.553
2026-01-01 00:00:00,CP-01,117.627,7.248,58.293,2.373,69.311,1453.012,166.424,0.0
2026-01-01 04:00:00,CP-01,122.175,7.177,59.589,2.329,69.636,1476.401,171.229,0.077
2026-01-01 08:00:00,CP-01,114.636,7.147,61.994,2.302,75.325,1447.41,162.534,0.086
2026-01-01 12:00:00,CP-01,123.521,7.292,60.494,2.322,79.565,1470.837,165.957,0.098
2026-01-01 16:00:00,CP-01,119.259,7.278,61.529,2.409,77.484,1448.229,174.517,0.043
2026-01-01 20:00:00,CP-01,123.983,7.207,61.074,2.575,64.884,1366.979,170.35,0.082
2026-01-02 00:00:00,CP-01,122.364,7.244,61.616,2.357,79.984,1439.629,170.047,0.039
2026-01-02 04:00:00,CP-01,126.169,7.418,61.64,2.638,74.796,1441.426,179.892,0.1
2026-01-02 08:00:00,CP-01,121.948,7.304,63.302,2.594,82.98,1551.108,171.28,0.016
2026-01-02 12:00:00,CP-01,124.862,7.27,62.706,2.354,76.435,1519.443,172.216,0.086
2026-01-02 16:00:00,CP-01,128.452,7.403,62.641,2.548,72.058,1395.019,171.964,0.034
2026-01-02 20:00:00,CP-01,124.381,7.254,61.703,2.579,67.279,1401.885,170.245,0.113
2026-01-03 00:00:00,CP-01,123.375,7.297,61.984,2.505,61.444,1537.698,173.675,0.109
2026-01-03 04:00:00,CP-01,122.472,7.301,61.459,2.653,65.717,1481.401,176.656,0.115
2026-01-03 08:00:00,CP-01,124.105,7.437,62.322,2.462,62.931,1452.272,178.365,0.135
2026-01-03 12:00:00,CP-01,127.15,7.405,61.821,2.471,57.082,1502.46,169.042,0.116
2026-01-03 16:00:00,CP-01,122.536,7.37,59.478,2.669,54.594,1517.174,169.446,0.144
2026-01-03 20:00:00,CP-01,125.73,7.255,61.081,2.631,66.382,1437.172,176.28,0.11
2026-01-04 00:00:00,CP-01,116.885,7.274,59.665,2.583,68.823,1481.487,169.282,0.077
2026-01-04 04:00:00,CP-01,120.616,7.279,60.756,2.206,64.284,1413.381,171.416,0.074
2026-01-04 08:00:00,CP-01,123.271,7.084,59.06,2.245,65.484,1414.218,161.087,0.0
2026-01-04 12:00:00,CP-01,116.514,7.164,59.62,2.426,67.282,1498.08,172.85,0.078
2026-01-04 16:00:00,CP-01,120.575,7.1,60.469,2.369,73.565,1494.711,162.924,0.053
2026-01-04 20:00:00,CP-01,126.35,7.217,61.292,2.557,74.887,1504.5,172.291,0.073
2026-01-05 00:00:00,CP-01,122.486,7.099,61.79,2.265,71.611,1523.407,165.838,0.051
2026-01-05 04:00:00,CP-01,117.998,7.161,58.961,2.528,74.645,1533.352,163.826,0.084
2026-01-05 08:00:00,CP-01,115.853,7.18,58.368,2.265,72.632,1419.016,158.713,0.017
2026-01-05 12:00:00,CP-01,111.219,6.986,59.22,2.28,72.334,1422.66,159.337,0.042
2026-01-05 16:00:00,CP-01,113.09,7.151,60.185,2.197,75.219,1438.466,167.311,0.089
2026-01-05 20:00:00,CP-01,118.335,7.118,58.599,2.127,63.911,1418.997,167.178,0.0
2026-01-06 00:00:00,CP-01,116.022,7.118,59.572,2.277,70.496,1426.481,169.769,0.027
2026-01-06 04:00:00,CP-01,116.252,6.991,57.9,2.421,62.086,1427.673,159.253,0.057
2026-01-06 08:00:00,CP-01,115.718,7.053,59.453,2.416,69.508,1408.092,165.54,0.02
2026-01-06 12:00:00,CP-01,114.471,7.059,59.517,2.367,61.623,1406.85,164.509,0.0
2026-01-06 16:00:00,CP-01,113.339,6.972,57.981,2.158,54.586,1360.233,159.42,0.0
2026-01-06 20:00:00,CP-01,112.989,7.047,59.675,2.215,57.717,1378.901,160.717,0.029
2026-01-07 00:00:00,CP-01,123.814,6.93,56.413,2.327,52.993,1382.615,166.986,0.082
2026-01-07 04:00:00,CP-01,110.292,6.92,57.425,2.179,55.281,1355.927,152.464,0.059
2026-01-07 08:00:00,CP-01,114.874,7.038,56.592,2.215,62.505,1399.81,151.959,0.048
2026-01-07 12:00:00,CP-01,119.217,7.066,59.737,2.146,50.836,1437.014,156.407,0.0
2026-01-07 16:00:00,CP-01,124.975,7.08,60.592,2.281,66.429,1445.527,166.169,0.106
2026-01-07 20:00:00,CP-01,115.048,7.171,58.531,2.211,68.702,1392.56,156.416,0.086
2026-01-08 00:00:00,CP-01,117.16,7.104,61.245,2.433,71.172,1426.562,160.768,0.042
2026-01-08 04:00:00,CP-01,120.302,7.047,60.252,2.335,66.627,1458.745,149.907,0.05
2026-01-08 08:00:00,CP-01,117.637,7.262,59.747,2.34,73.116,1441.122,162.057,0.094
2026-01-08 12:00:00,CP-01,118.799,7.237,58.445,2.208,69.493,1517.55,154.555,0.031
2026-01-08 16:00:00,CP-01,122.981,7.209,62.146,2.498,74.6,1426.329,171.174,0.083
2026-01-08 20:00:00,CP-01,122.82,7.265,59.213,2.501,84.993,1400.46,158.529,0.056
2026-01-09 00:00:00,CP-01,116.144,7.379,62.108,2.447,68.87,1466.987,163.882,0.137
2026-01-09 04:00:00,CP-01,127.474,7.277,60.372,2.421,76.836,1499.258,172.978,0.048
2026-01-09 08:00:00,CP-01,121.946,7.291,60.361,2.643,71.43,1553.559,178.596,0.015
2026-01-09 12:00:00,CP-01,124.197,7.317,60.63,2.555,73.544,1588.505,172.708,0.116
2026-01-09 16:00:00,CP-01,124.539,7.209,59.417,2.529,63.1,1534.264,179.234,0.013
2026-01-09 20:00:00,CP-01,129.119,7.281,63.204,2.568,71.97,1453.443,170.006,0.043
2026-01-10 00:00:00,CP-01,122.919,7.267,59.827,2.604,68.143,1501.208,167.278,0.108
2026-01-10 04:00:00,CP-01,114.962,7.332,62.737,2.675,55.282,1435.73,170.712,0.17
2026-01-10 08:00:00,CP-01,120.055,7.38,63.893,2.583,71.846,1528.884,177.188,0.129
2026-01-10 12:00:00,CP-01,126.858,7.204,62.199,2.723,65.495,1445.718,164.177,0.126
2026-01-10 16:00:00,CP-01,123.874,7.205,62.977,2.49,59.054,1499.264,167.771,0.134
2026-01-10 20:00:00,CP-01,126.014,7.282,61.468,2.501,69.309,1481.804,168.396,0.115
2026-01-11 00:00:00,CP-01,125.033,7.461,60.514,2.616,64.81,1488.12,170.428,0.1
2026-01-11 04:00:00,CP-01,125.982,7.303,61.265,2.556,63.493,1455.129,173.536,0.08
2026-01-11 08:00:00,CP-01,120.728,7.291,61.751,2.525,69.218,1499.728,166.615,0.152
2026-01-11 12:00:00,CP-01,122.807,7.342,61.082,2.608,73.858,1502.347,165.55,0.091
2026-01-11 16:00:00,CP-01,119.011,7.387,59.22,2.492,64.651,1457.15,163.775,0.05
2026-01-11 20:00:00,CP-01,122.866,7.342,61.448,2.45,74.341,1443.445,161.98,0.089
2026-01-12 00:00:00,CP-01,121.437,7.01,61.608,2.375,77.486,1473.434,163.067,0.089
2026-01-12 04:00:00,CP-01,120.987,7.251,59.901,2.594,70.425,1444.031,168.306,0.0
2026-01-12 08:00:00,CP-01,121.009,7.105,59.296,2.34,71.542,1430.668,166.212,0.112
2026-01-12 12:00:00,CP-01,115.864,7.183,60.599,2.287,63.245,1428.263,166.72,0.066
2026-01-12 16:00:00,CP-01,121.639,7.092,62.286,2.383,78.288,1498.918,169.911,0.021
2026-01-12 20:00:00,CP-01,118.392,7.04,57.103,2.419,66.064,1412.007,162.183,0.098
2026-01-13 00:00:00,CP-01,115.123,7.097,59.761,2.267,66.534,1426.825,164.147,0.033
2026-01-13 04:00:00,CP-01,107.007,6.921,58.119,2.399,67.526,1456.417,156.647,0.0
2026-01-13 08:00:00,CP-01,111.894,7.387,59.155,2.48,68.03,1403.058,157.339,0.0
2026-01-13 12:00:00,CP-01,113.013,7.07,57.701,2.276,63.364,1454.983,158.014,0.003
2026-01-13 16:00:00,CP-01,120.928,7.015,57.818,2.173,57.462,1432.748,162.365,0.029
2026-01-13 20:00:00,CP-01,113.687,6.985,57.84,2.246,60.827,1386.959,154.298,0.02
2026-01-14 00:00:00,CP-01,113.114,7.113,58.957,2.413,55.239,1311.917,152.105,0.018
2026-01-14 04:00:00,CP-01,121.262,7.114,59.449,2.16,54.0,1362.879,158.439,0.0
2026-01-14 08:00:00,CP-01,118.07,7.017,58.17,2.254,62.009,1405.63,155.485,0.033
2026-01-14 12:00:00,CP-01,116.152,7.148,58.139,2.275,61.627,1460.732,153.654,0.0
2026-01-14 16:00:00,CP-01,118.684,6.944,59.381,2.215,59.368,1374.305,154.64,0.009
2026-01-14 20:00:00,CP-01,114.765,7.119,59.783,2.328,75.043,1369.873,157.006,0.013
2026-01-15 00:00:00,CP-01,123.871,7.054,59.013,2.205,60.431,1422.189,165.025,0.0
2026-01-15 04:00:00,CP-01,120.483,6.974,58.625,2.317,71.818,1423.865,161.45,0.062
2026-01-15 08:00:00,CP-01,112.108,7.238,58.782,2.158,75.695,1424.249,152.142,0.0
2026-01-15 12:00:00,CP-01,114.488,7.244,59.204,2.458,72.333,1460.441,167.275,0.063
2026-01-15 16:00:00,CP-01,118.907,7.167,59.908,2.369,72.034,1467.689,154.247,0.019
2026-01-15 20:00:00,CP-01,118.255,7.157,60.123,2.227,81.116,1456.839,159.916,0.032
2026-01-16 00:00:00,CP-01,120.202,7.268,59.898,2.44,76.109,1451.637,155.414,0.067
2026-01-16 04:00:00,CP-01,122.457,7.274,59.006,2.343,74.959,1451.75,173.216,0.103
2026-01-16 08:00:00,CP-01,121.768,7.278,58.38,2.385,68.149,1500.867,171.465,0.072
2026-01-16 12:00:00,CP-01,123.672,7.098,59.107,2.442,71.951,1404.932,163.088,0.01
2026-01-16 16:00:00,CP-01,129.913,7.402,58.465,2.27,63.141,1513.792,171.068,0.059
2026-01-16 20:00:00,CP-01,119.172,7.4,61.982,2.496,74.101,1526.075,172.173,0.139
2026-01-17 00:00:00,CP-01,123.4,7.002,59.374,2.64,66.452,1518.897,166.097,0.087
2026-01-17 04:00:00,CP-01,124.293,7.279,59.747,2.493,58.887,1434.129,161.333,0.096
2026-01-17 08:00:00,CP-01,125.057,7.275,59.893,2.589,64.989,1507.525,171.448,0.063
2026-01-17 12:00:00,CP-01,124.284,7.298,61.623,2.651,61.212,1422.928,180.909,0.114
2026-01-17 16:00:00,CP-01,125.213,7.174,61.476,2.325,57.814,1511.678,166.035,0.113
2026-01-17 20:00:00,CP-01,131.708,7.324,62.908,2.324,61.925,1502.774,171.424,0.043
2026-01-18 00:00:00,CP-01,129.802,7.197,60.732,2.573,66.457,1532.268,175.367,0.058
2026-01-18 04:00:00,CP-01,115.97,7.356,63.594,2.415,65.56,1540.455,181.423,0.107
2026-01-18 08:00:00,CP-01,121.323,7.243,60.984,2.664,71.075,1453.671,168.111,0.115
2026-01-18 12:00:00,CP-01,123.262,7.407,61.011,2.536,71.53,1512.124,171.295,0.038
2026-01-18 16:00:00,CP-01,121.844,7.119,61.103,2.579,78.344,1527.542,158.13,0.113
2026-01-18 20:00:00,CP-01,120.734,7.39,61.644,2.585,84.943,1451.45,176.195,0.07
2026-01-19 00:00:00,CP-01,127.265,7.442,61.842,2.351,80.348,1533.502,168.065,0.038
2026-01-19 04:00:00,CP-01,118.35,7.292,61.728,2.309,83.824,1541.56,170.567,0.086
2026-01-19 08:00:00,CP-01,122.776,7.388,61.293,2.395,79.467,1491.47,168.147,0.092
2026-01-19 12:00:00,CP-01,122.683,7.156,59.14,2.353,82.581,1469.423,171.347,0.048
2026-01-19 16:00:00,CP-01,118.953,7.317,60.841,2.348,74.668,1503.123,168.427,0.019
2026-01-19 20:00:00,CP-01,117.054,7.221,60.054,2.294,66.285,1406.032,169.237,0.037
2026-01-20 00:00:00,CP-01,121.499,7.13,61.296,2.158,70.161,1465.922,155.835,0.075
2026-01-20 04:00:00,CP-01,119.684,7.162,59.87,2.359,67.973,1478.747,161.416,0.098
2026-01-20 08:00:00,CP-01,119.272,7.152,59.878,2.313,67.743,1419.23,151.619,0.041
2026-01-20 12:00:00,CP-01,115.932,7.095,55.992,2.496,68.452,1389.169,162.655,0.025
2026-01-20 16:00:00,CP-01,117.477,6.958,59.149,2.194,59.525,1401.762,165.714,0.01
2026-01-20 20:00:00,CP-01,114.937,7.073,57.181,2.292,61.55,1438.472,155.887,0.012
2026-01-21 00:00:00,CP-01,120.536,7.045,59.207,2.332,59.112,1411.15,154.909,0.017
2026-01-21 04:00:00,CP-01,116.026,7.077,58.674,2.192,55.554,1462.766,160.241,0.0
2026-01-21 08:00:00,CP-01,116.011,6.975,57.72,2.285,61.306,1433.877,152.929,0.0
2026-01-21 12:00:00,CP-01,113.954,7.011,57.448,2.199,55.597,1479.674,146.742,0.065
2026-01-21 16:00:00,CP-01,117.822,7.081,57.478,2.259,72.912,1421.795,156.127,0.003
2026-01-21 20:00:00,CP-01,119.789,7.049,57.276,2.248,66.138,1508.013,162.526,0.044
2026-01-22 00:00:00,CP-01,116.994,7.022,57.91,2.371,62.012,1423.188,151.513,0.0
2026-01-22 04:00:00,CP-01,116.749,7.168,58.703,2.194,69.416,1421.674,157.273,0.016
2026-01-22 08:00:00,CP-01,117.36,7.326,59.015,2.224,66.766,1429.492,160.225,0.048
2026-01-22 12:00:00,CP-01,111.067,6.993,59.038,2.189,65.154,1423.863,168.545,0.0
2026-01-22 16:00:00,CP-01,113.619,6.96,59.565,2.311,68.499,1417.88,154.378,0.024
2026-01-22 20:00:00,CP-01,112.907,7.128,58.822,2.36,75.369,1363.318,171.59,0.0
2026-01-23 00:00:00,CP-01,117.792,6.882,58.228,2.529,80.825,1481.942,163.244,0.054
2026-01-23 04:00:00,CP-01,127.492,7.271,59.421,2.413,79.363,1503.417,176.59,0.003
2026-01-23 08:00:00,CP-01,121.673,7.226,59.264,2.305,72.15,1385.388,154.255,0.013
2026-01-23 12:00:00,CP-01,116.5,7.209,61.821,2.334,76.141,1368.169,162.96,0.063
2026-01-23 16:00:00,CP-01,122.557,7.254,59.123,2.351,66.947,1462.639,169.859,0.045
2026-01-23 20:00:00,CP-01,122.247,7.218,59.093,2.354,61.615,1408.346,171.58,0.082
2026-01-24 00:00:00,CP-01,123.773,7.329,60.73,2.464,69.915,1494.733,162.801,0.079
2026-01-24 04:00:00,CP-01,120.594,7.343,61.316,2.491,67.264,1479.859,162.443,0.083
2026-01-24 08:00:00,CP-01,126.996,7.165,61.75,2.411,64.607,1490.024,174.265,0.106
2026-01-24 12:00:00,CP-01,118.588,7.316,63.118,2.572,52.926,1490.773,176.843,0.159
2026-01-24 16:00:00,CP-01,123.147,7.257,60.225,2.618,59.533,1437.986,167.591,0.022
2026-01-24 20:00:00,CP-01,121.481,7.406,63.318,2.532,64.233,1510.054,165.119,0.093
2026-01-25 00:00:00,CP-01,125.828,7.335,59.993,2.651,66.312,1485.563,163.049,0.117
2026-01-25 04:00:00,CP-01,117.913,7.302,61.053,2.598,66.887,1419.014,172.737,0.103
2026-01-25 08:00:00,CP-01,125.729,7.495,63.412,2.61,70.997,1536.762,169.749,0.074
2026-01-25 12:00:00,CP-01,128.551,7.326,64.205,2.435,71.438,1459.767,162.734,0.152
2026-01-25 16:00:00,CP-01,123.15,7.441,60.919,2.666,67.359,1539.319,175.994,0.093
2026-01-25 20:00:00,CP-01,118.589,7.226,60.784,2.519,76.764,1342.572,168.417,0.078
2026-01-26 00:00:00,CP-01,125.296,7.178,59.817,2.589,71.35,1499.887,176.774,0.061
2026-01-26 04:00:00,CP-01,127.6,7.319,62.25,2.447,73.514,1456.862,171.867,0.174
2026-01-26 08:00:00,CP-01,131.811,7.261,63.115,2.387,75.914,1552.811,168.284,0.062
2026-01-26 12:00:00,CP-01,119.466,7.207,59.267,2.519,79.161,1455.161,165.992,0.085
2026-01-26 16:00:00,CP-01,122.059,7.204,60.484,2.648,79.131,1446.775,174.801,0.072
2026-01-26 20:00:00,CP-01,122.805,7.183,59.146,2.54,77.38,1475.034,169.019,0.004
2026-01-27 00:00:00,CP-01,124.269,7.192,60.413,2.38,71.664,1438.99,167.224,0.076
2026-01-27 04:00:00,CP-01,123.044,7.222,60.543,2.246,68.126,1471.333,173.168,0.05
2026-01-27 08:00:00,CP-01,120.875,7.196,59.56,2.365,64.638,1435.883,155.01,0.043
2026-01-27 12:00:00,CP-01,116.096,7.164,58.246,2.372,60.88,1462.095,163.121,0.06
2026-01-27 16:00:00,CP-01,117.001,7.191,59.331,2.233,64.737,1504.613,159.186,0.083
2026-01-27 20:00:00,CP-01,119.807,7.166,61.476,2.229,58.01,1498.689,164.087,0.091
2026-01-28 00:00:00,CP-01,119.015,7.156,58.153,2.415,58.955,1415.101,160.58,0.025
2026-01-28 04:00:00,CP-01,116.532,6.941,59.432,2.275,45.375,1449.869,162.913,0.0
2026-01-28 08:00:00,CP-01,115.623,7.198,57.805,2.152,64.545,1416.325,158.673,0.0
2026-01-28 12:00:00,CP-01,119.772,7.007,59.394,2.269,56.811,1377.98,155.508,0.01
2026-01-28 16:00:00,CP-01,111.614,7.05,58.843,2.176,65.768,1352.465,150.543,0.018
2026-01-28 20:00:00,CP-01,115.816,6.897,57.432,2.279,68.032,1376.866,152.046,0.005
2026-01-29 00:00:00,CP-01,114.674,7.083,57.694,2.326,59.828,1476.495,149.039,0.0
2026-01-29 04:00:00,CP-01,116.023,7.17,58.587,2.172,70.484,1416.558,157.067,0.0
2026-01-29 08:00:00,CP-01,114.874,6.999,59.872,2.094,69.897,1543.171,157.122,0.013
2026-01-29 12:00:00,CP-01,117.484,6.959,58.301,2.4,79.711,1395.309,157.192,0.0
2026-01-29 16:00:00,CP-01,119.408,7.036,58.707,2.189,81.227,1374.671,162.07,0.043
2026-01-29 20:00:00,CP-01,112.979,7.065,58.605,2.389,77.255,1359.209,168.511,0.0
2026-01-30 00:00:00,CP-01,113.972,7.172,57.994,2.219,64.752,1457.461,154.839,0.0
2026-01-30 04:00:00,CP-01,112.407,6.945,59.129,2.324,77.269,1492.115,166.503,0.051
2026-01-30 08:00:00,CP-01,118.27,7.196,58.529,2.29,73.069,1398.296,157.913,0.007
2026-01-30 12:00:00,CP-01,118.874,7.169,60.416,2.58,69.381,1338.187,161.055,0.046
2026-01-30 16:00:00,CP-01,120.325,7.223,61.088,2.547,64.757,1488.124,163.601,0.03
2026-01-30 20:00:00,CP-01,117.663,7.176,60.619,2.303,67.281,1424.913,164.454,0.043
2026-01-31 00:00:00,CP-01,117.863,7.376,60.502,2.342,72.495,1502.863,158.773,0.02
2026-01-31 04:00:00,CP-01,113.544,7.421,58.106,2.442,70.171,1508.592,162.453,0.075
2026-01-31 08:00:00,CP-01,120.935,7.226,60.736,2.576,63.777,1403.173,177.703,0.116
2026-01-31 12:00:00,CP-01,118.303,7.428,59.835,2.54,68.599,1415.879,165.676,0.162
2026-01-31 16:00:00,CP-01,123.383,7.172,59.96,2.289,57.517,1529.374,168.564,0.12
2026-01-31 20:00:00,CP-01,126.131,7.309,60.189,2.549,65.071,1489.353,171.621,0.13
2026-02-01 00:00:00,CP-01,119.294,7.206,61.432,2.434,59.742,1520.634,169.515,0.046
2026-02-01 04:00:00,CP-01,123.556,7.425,63.011,2.369,65.188,1430.535,163.624,0.054
2026-02-01 08:00:00,CP-01,118.381,7.284,63.123,2.469,70.316,1426.951,178.312,0.099
2026-02-01 12:00:00,CP-01,119.198,7.377,60.971,2.559,75.941,1475.398,179.577,0.186
2026-02-01 16:00:00,CP-01,128.168,7.379,62.119,2.731,75.698,1549.76,161.707,0.069
2026-02-01 20:00:00,CP-01,125.723,7.26,61.361,2.527,72.551,1520.372,170.131,0.125
2026-02-02 00:00:00,CP-01,124.77,7.342,62.72,2.351,80.054,1502.81,172.71,0.014
2026-02-02 04:00:00,CP-01,122.382,7.359,63.6,2.762,80.952,1432.554,175.802,0.163
2026-02-02 08:00:00,CP-01,123.136,7.242,61.754,2.535,87.575,1396.761,171.408,0.161
2026-02-02 12:00:00,CP-01,124.38,7.409,62.053,2.484,82.192,1465.926,179.456,0.042
2026-02-02 16:00:00,CP-01,124.642,7.322,59.478,2.612,81.103,1513.149,168.093,0.04
2026-02-02 20:00:00,CP-01,121.157,7.302,60.036,2.576,66.561,1467.937,163.551,0.054
2026-02-03 00:00:00,CP-01,120.697,7.235,61.433,2.565,68.018,1495.005,178.31,0.12
2026-02-03 04:00:00,CP-01,118.044,7.254,61.42,2.38,72.504,1476.479,165.093,0.023
2026-02-03 08:00:00,CP-01,120.586,7.24,58.765,2.46,65.735,1484.645,165.999,0.053
2026-02-03 12:00:00,CP-01,119.883,7.143,60.808,2.339,65.586,1453.601,157.326,0.042
2026-02-03 16:00:00,CP-01,125.92,7.029,62.33,2.44,60.907,1413.474,173.219,0.063
2026-02-03 20:00:00,CP-01,123.034,7.012,59.588,2.128,59.254,1355.065,166.87,0.049
2026-02-04 00:00:00,CP-01,116.526,7.197,58.643,2.17,65.507,1484.299,164.713,0.027
2026-02-04 04:00:00,CP-01,120.823,7.208,59.28,2.368,54.069,1361.976,164.901,0.0
2026-02-04 08:00:00,CP-01,120.324,7.237,59.077,2.257,63.456,1429.58,159.949,0.019
2026-02-04 12:00:00,CP-01,117.904,7.178,59.116,2.456,55.212,1380.882,157.971,0.011
2026-02-04 16:00:00,CP-01,115.946,7.123,58.169,2.406,48.945,1480.522,166.338,0.038
2026-02-04 20:00:00,CP-01,116.265,7.06,56.563,2.29,70.574,1385.598,167.065,0.0
2026-02-05 00:00:00,CP-01,114.692,6.812,56.791,2.324,65.274,1508.977,161.363,0.041
2026-02-05 04:00:00,CP-01,113.049,7.223,57.459,2.154,68.108,1465.219,152.855,0.0
2026-02-05 08:00:00,CP-01,113.362,7.026,58.303,2.395,73.623,1411.605,157.509,0.003
2026-02-05 12:00:00,CP-01,111.845,6.892,58.186,2.121,76.43,1443.524,158.899,0.021
2026-02-05 16:00:00,CP-01,113.424,7.172,58.593,2.21,70.435,1398.783,154.403,0.055
2026-02-05 20:00:00,CP-01,113.942,7.269,58.312,2.216,73.988,1352.042,157.394,0.0
2026-02-06 00:00:00,CP-01,118.747,7.164,58.34,2.271,68.243,1378.71,162.361,0.047
2026-02-06 04:00:00,CP-01,117.761,7.037,57.442,2.266,72.143,1414.415,161.905,0.0
2026-02-06 08:00:00,CP-01,114.786,7.159,59.753,2.275,72.875,1407.016,160.027,0.0
2026-02-06 12:00:00,CP-01,120.088,6.985,59.177,2.182,72.633,1490.728,155.429,0.045
2026-02-06 16:00:00,CP-01,120.844,7.201,57.99,2.271,65.069,1387.59,167.98,0.007
2026-02-06 20:00:00,CP-01,117.835,7.05,59.027,2.408,71.966,1368.743,158.653,0.077
2026-02-07 00:00:00,CP-01,119.061,6.997,60.644,2.347,71.458,1457.197,161.445,0.015
2026-02-07 04:00:00,CP-01,119.205,7.039,59.479,2.329,57.409,1465.535,157.543,0.052
2026-02-07 08:00:00,CP-01,121.888,7.18,58.194,2.093,63.172,1445.817,162.642,0.067
2026-02-07 12:00:00,CP-01,119.54,7.295,59.877,2.454,56.444,1434.191,161.747,0.047
2026-02-07 16:00:00,CP-01,123.516,7.131,60.41,2.267,68.548,1375.608,170.619,0.16
2026-02-07 20:00:00,CP-01,123.265,7.166,60.309,2.307,67.045,1490.835,162.755,0.116
2026-02-08 00:00:00,CP-01,126.523,7.159,60.259,2.554,62.505,1387.701,167.656,0.046
2026-02-08 04:00:00,CP-01,118.7,7.245,59.848,2.488,65.656,1494.715,173.086,0.104
2026-02-08 08:00:00,CP-01,114.672,7.248,60.437,2.41,67.264,1444.524,169.94,0.05
2026-02-08 12:00:00,CP-01,126.914,7.362,62.003,2.573,71.519,1438.039,161.778,0.05
2026-02-08 16:00:00,CP-01,129.321,7.209,60.013,2.608,67.634,1473.143,173.218,0.081
2026-02-08 20:00:00,CP-01,119.729,7.281,62.406,2.762,74.165,1447.797,169.913,0.106
2026-02-09 00:00:00,CP-01,124.319,7.387,61.259,2.744,75.167,1479.808,167.734,0.07
2026-02-09 04:00:00,CP-01,129.095,7.325,60.981,2.576,85.555,1488.85,161.417,0.131
2026-02-09 08:00:00,CP-01,128.615,7.468,62.516,2.441,75.894,1449.069,170.759,0.108
2026-02-09 12:00:00,CP-01,122.412,7.378,60.061,2.563,82.065,1517.186,162.077,0.048
2026-02-09 16:00:00,CP-01,128.345,7.326,63.95,2.656,78.602,1436.102,174.778,0.086
2026-02-09 20:00:00,CP-01,125.961,7.439,61.443,2.5,77.605,1581.376,173.145,0.093
2026-02-10 00:00:00,CP-01,125.667,7.296,60.443,2.549,76.83,1533.147,174.536,0.103
2026-02-10 04:00:00,CP-01,119.535,7.339,61.203,2.4,74.396,1512.741,171.779,0.081
2026-02-10 08:00:00,CP-01,129.185,7.316,58.047,2.239,63.702,1422.98,168.742,0.098
2026-02-10 12:00:00,CP-01,120.582,7.202,61.977,2.789,63.53,1556.309,175.324,0.025
2026-02-10 16:00:00,CP-01,123.987,7.221,60.911,2.433,63.868,1509.843,167.426,0.093
2026-02-10 20:00:00,CP-01,122.812,7.311,60.448,2.604,63.87,1479.007,170.744,0.096
2026-02-11 00:00:00,CP-01,121.818,7.147,58.871,2.466,63.596,1458.428,166.888,0.03
2026-02-11 04:00:00,CP-01,118.831,7.189,60.734,2.274,57.071,1475.479,167.001,0.04
2026-02-11 08:00:00,CP-01,120.455,7.207,59.557,2.402,59.953,1512.0,160.06,0.067
2026-02-11 12:00:00,CP-01,112.678,6.991,59.327,2.302,67.903,1497.927,166.866,0.0
2026-02-11 16:00:00,CP-01,123.029,7.277,57.646,2.398,68.899,1411.031,163.358,0.031
2026-02-11 20:00:00,CP-01,124.913,7.304,57.092,2.379,67.666,1410.208,155.733,0.012
2026-02-12 00:00:00,CP-01,116.807,7.134,58.223,2.497,70.91,1387.888,165.237,0.0
2026-02-12 04:00:00,CP-01,109.975,7.157,57.798,2.251,66.062,1415.533,159.3,0.059
2026-02-12 08:00:00,CP-01,118.339,7.152,58.788,2.292,75.781,1416.957,155.533,0.0
2026-02-12 12:00:00,CP-01,117.776,7.01,58.627,2.304,74.099,1432.799,158.997,0.013
2026-02-12 16:00:00,CP-01,112.608,7.042,58.577,2.366,76.361,1401.26,155.065,0.058
2026-02-12 20:00:00,CP-01,119.925,7.088,57.579,2.075,74.868,1386.75,158.248,0.016
2026-02-13 00:00:00,CP-01,112.277,7.068,57.294,2.148,70.979,1434.222,152.704,0.029
2026-02-13 04:00:00,CP-01,118.67,7.138,59.926,2.262,69.664,1446.154,155.608,0.0
2026-02-13 08:00:00,CP-01,117.439,7.066,58.466,2.206,69.759,1391.342,159.799,0.039
2026-02-13 12:00:00,CP-01,109.369,7.055,59.526,2.163,65.645,1453.861,166.828,0.011
2026-02-13 16:00:00,CP-01,111.478,7.038,56.098,2.223,63.126,1380.435,167.765,0.019
2026-02-13 20:00:00,CP-01,118.89,7.109,59.467,2.388,62.477,1446.854,163.027,0.0
2026-02-14 00:00:00,CP-01,115.657,7.134,60.769,2.158,61.707,1429.309,154.01,0.047
2026-02-14 04:00:00,CP-01,111.645,7.057,59.564,2.377,65.574,1461.033,161.953,0.044
2026-02-14 08:00:00,CP-01,118.692,7.173,57.785,2.21,60.63,1401.669,160.499,0.073
2026-02-14 12:00:00,CP-01,120.072,6.993,59.469,2.301,58.645,1438.952,162.954,0.04
2026-02-14 16:00:00,CP-01,117.955,7.095,58.552,2.309,59.251,1397.905,160.29,0.044
2026-02-14 20:00:00,CP-01,113.795,7.286,59.002,2.575,53.639,1441.828,165.495,0.1
2026-02-15 00:00:00,CP-01,122.344,7.177,58.24,2.498,67.358,1455.579,163.664,0.053
2026-02-15 04:00:00,CP-01,115.625,7.252,60.732,2.366,68.534,1462.433,169.71,0.104
2026-02-15 08:00:00,CP-01,120.143,7.382,59.582,2.452,55.606,1463.254,162.929,0.037
2026-02-15 12:00:00,CP-01,123.289,7.184,62.25,2.674,66.923,1362.928,170.743,0.037
2026-02-15 16:00:00,CP-01,123.385,7.28,58.877,2.558,72.546,1465.909,162.087,0.041
2026-02-15 20:00:00,CP-01,124.12,7.398,60.556,2.554,76.326,1451.605,169.774,0.135
2026-02-16 00:00:00,CP-01,119.857,7.165,65.117,2.554,79.923,1532.109,174.972,0.127
2026-02-16 04:00:00,CP-01,124.495,7.429,63.876,2.555,76.333,1490.834,169.313,0.095
2026-02-16 08:00:00,CP-01,125.404,7.485,60.529,2.591,80.35,1566.137,169.656,0.1
2026-02-16 12:00:00,CP-01,127.191,7.405,58.577,2.475,78.673,1546.462,171.213,0.119
2026-02-16 16:00:00,CP-01,129.52,7.446,60.802,2.537,73.948,1499.931,172.082,0.137
2026-02-16 20:00:00,CP-01,123.248,7.311,62.225,2.514,75.478,1452.764,170.805,0.072
2026-02-17 00:00:00,CP-01,126.0,7.387,60.83,2.692,83.763,1482.738,173.973,0.088
2026-02-17 04:00:00,CP-01,125.95,7.389,62.35,2.519,69.189,1466.136,180.747,0.17
2026-02-17 08:00:00,CP-01,128.773,7.287,62.183,2.319,67.505,1550.349,172.461,0.094
2026-02-17 12:00:00,CP-01,123.147,7.38,60.724,2.6,70.117,1474.015,178.225,0.098
2026-02-17 16:00:00,CP-01,121.717,7.396,60.523,2.5,61.939,1445.78,159.216,0.057
2026-02-17 20:00:00,CP-01,125.887,7.343,61.051,2.411,64.458,1434.169,165.61,0.07
2026-02-18 00:00:00,CP-01,124.012,7.296,59.487,2.645,62.151,1528.317,176.744,0.052
2026-02-18 04:00:00,CP-01,122.524,7.164,60.397,2.522,57.987,1478.655,175.821,0.046
2026-02-18 08:00:00,CP-01,124.806,7.124,60.241,2.327,68.35,1453.2,164.587,0.057
2026-02-18 12:00:00,CP-01,118.299,7.244,60.333,2.382,61.999,1429.716,164.163,0.0
2026-02-18 16:00:00,CP-01,123.191,7.024,57.898,2.511,53.246,1470.316,172.131,0.021
2026-02-18 20:00:00,CP-01,114.204,7.157,58.352,2.434,70.471,1483.472,159.427,0.051
2026-02-19 00:00:00,CP-01,118.552,7.37,61.148,2.37,73.953,1353.221,158.139,0.025
2026-02-19 04:00:00,CP-01,122.9,7.256,59.329,2.398,76.407,1472.549,161.95,0.057
2026-02-19 08:00:00,CP-01,117.58,6.947,61.087,2.456,70.253,1344.314,155.354,0.088
2026-02-19 12:00:00,CP-01,118.928,6.917,57.899,2.09,70.475,1497.618,158.806,0.012
2026-02-19 16:00:00,CP-01,114.039,7.21,60.274,2.139,68.95,1424.381,150.531,0.0
2026-02-19 20:00:00,CP-01,115.983,7.007,59.662,2.483,76.331,1376.931,155.029,0.038
2026-02-20 00:00:00,CP-01,113.753,7.029,57.0,2.332,80.12,1445.15,161.453,0.0
2026-02-20 04:00:00,CP-01,115.962,7.16,57.298,2.442,81.691,1339.691,159.832,0.008
2026-02-20 08:00:00,CP-01,113.871,6.93,57.916,2.269,66.613,1447.03,155.927,0.0
2026-02-20 12:00:00,CP-01,115.659,7.035,56.364,2.19,67.692,1370.178,156.304,0.023
2026-02-20 16:00:00,CP-01,115.561,7.326,56.607,2.342,60.717,1348.523,157.703,0.0
2026-02-20 20:00:00,CP-01,113.044,6.95,59.508,2.225,65.21,1402.014,165.601,0.079
2026-02-21 00:00:00,CP-01,120.297,7.064,58.228,2.37,67.296,1424.545,159.159,0.024
2026-02-21 04:00:00,CP-01,114.309,7.175,59.986,2.227,58.75,1325.252,155.684,0.0
2026-02-21 08:00:00,CP-01,121.95,7.033,59.082,2.197,61.447,1402.301,159.982,0.051
2026-02-21 12:00:00,CP-01,115.958,7.103,56.763,2.375,57.781,1403.692,163.847,0.0
2026-02-21 16:00:00,CP-01,119.419,6.944,56.428,2.455,56.709,1427.243,160.297,0.054
2026-02-21 20:00:00,CP-01,112.731,7.191,58.982,2.144,51.66,1365.93,167.329,0.034
2026-02-22 00:00:00,CP-01,122.388,7.149,61.221,2.497,59.082,1407.84,170.844,0.007
2026-02-22 04:00:00,CP-01,114.747,7.046,59.006,2.775,54.079,1417.041,168.215,0.0
2026-02-22 08:00:00,CP-01,115.893,7.122,58.878,2.451,68.628,1449.434,157.644,0.065
2026-02-22 12:00:00,CP-01,118.338,7.291,56.924,2.312,69.442,1377.985,167.081,0.022
2026-02-22 16:00:00,CP-01,124.522,7.33,61.092,2.538,75.698,1482.35,157.255,0.0
2026-02-22 20:00:00,CP-01,124.6,7.076,59.335,2.498,80.5,1516.597,172.792,0.0
2026-02-23 00:00:00,CP-01,124.407,7.257,60.653,2.462,83.985,1434.998,175.758,0.063
2026-02-23 04:00:00,CP-01,123.192,7.299,63.618,2.569,87.865,1475.076,180.24,0.037
2026-02-23 08:00:00,CP-01,125.584,7.371,60.809,2.46,80.087,1542.868,163.158,0.135
2026-02-23 12:00:00,CP-01,127.496,7.283,60.513,2.417,72.394,1497.203,172.305,0.0
2026-02-23 16:00:00,CP-01,118.042,7.251,60.343,2.618,85.528,1477.4,178.062,0.075
2026-02-23 20:00:00,CP-01,122.539,7.331,63.658,2.662,85.718,1475.148,174.886,0.152
2026-02-24 00:00:00,CP-01,119.469,7.336,60.366,2.567,81.643,1505.401,164.211,0.036
2026-02-24 04:00:00,CP-01,128.4,7.036,60.907,2.633,60.98,1477.213,173.288,0.077
2026-02-24 08:00:00,CP-01,122.446,7.162,61.347,2.698,67.234,1428.571,167.332,0.108
2026-02-24 12:00:00,CP-01,132.901,7.443,62.571,2.782,72.463,1511.741,165.066,0.089
2026-02-24 16:00:00,CP-01,122.741,7.278,60.898,2.716,63.94,1580.215,172.563,0.136
2026-02-24 20:00:00,CP-01,122.179,7.291,61.213,2.576,60.723,1519.521,169.648,0.091
2026-02-25 00:00:00,CP-01,120.333,7.172,60.113,2.619,71.299,1488.302,173.541,0.056
2026-02-25 04:00:00,CP-01,126.747,7.353,60.225,2.568,58.324,1497.885,154.451,0.123
2026-02-25 08:00:00,CP-01,127.764,7.187,59.145,2.66,66.654,1473.141,176.207,0.104
2026-02-25 12:00:00,CP-01,116.128,7.248,62.327,2.305,63.942,1483.493,175.537,0.088
2026-02-25 16:00:00,CP-01,123.673,7.213,61.588,2.408,62.436,1550.039,163.195,0.12
2026-02-25 20:00:00,CP-01,118.971,7.438,62.595,2.7,66.024,1467.639,162.15,0.0
2026-02-26 00:00:00,CP-01,119.659,7.234,61.074,2.478,73.521,1411.438,178.054,0.0
2026-02-26 04:00:00,CP-01,124.052,7.267,60.124,2.512,66.096,1409.142,154.033,0.053
2026-02-26 08:00:00,CP-01,121.788,7.308,59.973,2.305,72.431,1468.183,169.285,0.037
2026-02-26 12:00:00,CP-01,123.302,7.188,58.872,2.329,70.0,1472.828,166.193,0.0
2026-02-26 16:00:00,CP-01,119.41,7.014,59.619,2.5,70.12,1436.874,168.274,0.071
2026-02-26 20:00:00,CP-01,114.148,7.099,59.651,2.257,70.254,1471.95,161.654,0.033
2026-02-27 00:00:00,CP-01,120.015,7.07,59.726,2.303,76.044,1504.107,165.339,0.038
2026-02-27 04:00:00,CP-01,117.907,7.09,57.915,2.057,70.059,1398.469,169.096,0.0
2026-02-27 08:00:00,CP-01,113.023,7.308,59.633,2.261,72.594,1404.159,166.986,0.025
2026-02-27 12:00:00,CP-01,119.006,7.178,58.835,2.311,68.658,1424.59,158.292,0.061
2026-02-27 16:00:00,CP-01,115.476,7.108,58.111,2.211,64.498,1374.061,164.619,0.001
2026-02-27 20:00:00,CP-01,113.832,6.873,60.24,2.096,68.803,1454.527,152.839,0.0
2026-02-28 00:00:00,CP-01,113.32,6.865,60.271,2.194,63.996,1410.939,159.233,0.0
2026-02-28 04:00:00,CP-01,116.362,7.085,57.605,2.266,59.968,1358.402,151.338,0.0
2026-02-28 08:00:00,CP-01,111.968,6.999,58.131,2.252,60.072,1430.633,152.394,0.0
2026-02-28 12:00:00,CP-01,114.242,6.991,56.079,2.312,62.91,1366.496,161.247,0.004
2026-02-28 16:00:00,CP-01,116.698,7.019,57.209,2.093,49.61,1401.199,149.641,0.037
2026-02-28 20:00:00,CP-01,116.533,7.326,57.997,2.517,51.872,1392.266,149.094,0.0
2026-03-01 00:00:00,CP-01,111.176,7.309,60.047,2.243,67.645,1438.792,157.565,0.0
2026-03-01 04:00:00,CP-01,116.569,7.024,57.49,2.424,59.489,1460.909,158.308,0.074
2026-03-01 08:00:00,CP-01,118.498,7.304,59.759,2.388,59.885,1508.214,158.949,0.0
2026-03-01 12:00:00,CP-01,123.587,7.249,57.826,2.207,68.381,1396.944,163.776,0.0
2026-03-01 16:00:00,CP-01,119.481,7.017,57.74,2.203,69.935,1454.103,159.438,0.085
2026-03-01 20:00:00,CP-01,121.649,7.06,60.191,2.411,84.503,1438.99,172.037,0.103
2026-03-02 00:00:00,CP-01,120.6,7.067,57.738,2.493,75.427,1490.207,167.964,0.064
2026-03-02 04:00:00,CP-01,118.687,7.326,59.523,2.531,77.432,1527.989,173.762,0.044
2026-03-02 08:00:00,CP-01,121.629,7.204,58.405,2.564,79.822,1459.411,159.675,0.107
2026-03-02 12:00:00,CP-01,121.698,7.281,58.884,2.63,75.908,1481.814,166.365,0.105
2026-03-02 16:00:00,CP-01,126.352,7.125,60.597,2.568,84.777,1494.771,168.134,0.094
2026-03-02 20:00:00,CP-01,127.821,7.271,60.813,2.631,75.253,1382.305,170.688,0.043
2026-03-03 00:00:00,CP-01,126.51,7.134,63.371,2.481,69.813,1505.332,174.403,0.091
2026-03-03 04:00:00,CP-01,119.938,7.315,60.521,2.238,72.558,1467.005,177.072,0.122
2026-03-03 08:00:00,CP-01,130.789,7.108,60.557,2.646,70.508,1476.921,172.882,0.03
2026-03-03 12:00:00,CP-01,125.228,7.285,62.772,2.591,70.909,1376.045,167.281,0.111
2026-03-03 16:00:00,CP-01,126.782,7.281,61.231,2.565,70.079,1449.155,183.617,0.162
2026-03-03 20:00:00,CP-01,122.987,7.461,64.577,2.707,62.771,1409.048,172.662,0.108
2026-03-04 00:00:00,CP-01,122.42,7.065,62.034,2.641,63.587,1494.982,174.926,0.096
2026-03-04 04:00:00,CP-01,116.885,7.482,61.161,2.418,62.382,1454.588,170.759,0.111
2026-03-04 08:00:00,CP-01,121.747,7.369,59.93,2.773,64.068,1459.306,175.234,0.126
2026-03-04 12:00:00,CP-01,124.999,7.417,61.55,2.527,65.08,1475.089,173.357,0.14
2026-03-04 16:00:00,CP-01,125.683,7.136,60.582,2.449,68.118,1465.794,176.524,0.096
2026-03-04 20:00:00,CP-01,124.461,7.308,61.45,2.637,69.523,1470.943,168.904,0.1
2026-03-05 00:00:00,CP-01,119.917,7.331,60.999,2.669,72.088,1471.664,172.127,0.067
2026-03-05 04:00:00,CP-01,120.793,7.186,60.749,2.402,69.05,1434.712,174.847,0.074
2026-03-05 08:00:00,CP-01,121.678,7.31,62.852,2.464,75.305,1408.785,174.12,0.055
2026-03-05 12:00:00,CP-01,119.085,7.259,60.386,2.356,81.428,1516.455,162.808,0.016
2026-03-05 16:00:00,CP-01,112.628,7.315,60.371,2.364,67.185,1449.485,168.989,0.008
2026-03-05 20:00:00,CP-01,125.105,7.117,60.315,2.428,74.393,1438.932,165.811,0.057
2026-03-06 00:00:00,CP-01,117.269,7.282,58.571,2.41,71.098,1411.839,166.962,0.036
2026-03-06 04:00:00,CP-01,122.928,7.054,56.616,2.389,79.259,1375.378,173.339,0.02
2026-03-06 08:00:00,CP-01,114.395,7.253,58.969,2.098,78.498,1433.149,155.677,0.0
2026-03-06 12:00:00,CP-01,114.243,7.312,61.519,2.245,63.99,1496.879,168.617,0.023
2026-03-06 16:00:00,CP-01,118.583,7.026,58.781,2.27,71.394,1483.224,160.962,0.092
2026-03-06 20:00:00,CP-01,120.337,7.077,58.802,2.18,61.019,1444.603,160.822,0.0
2026-03-07 00:00:00,CP-01,114.998,7.037,59.602,2.32,65.878,1463.557,150.822,0.004
2026-03-07 04:00:00,CP-01,115.467,6.734,57.05,2.48,59.059,1305.278,160.442,0.0
2026-03-07 08:00:00,CP-01,111.704,7.191,57.37,2.099,55.222,1384.788,153.989,0.0
2026-03-07 12:00:00,CP-01,117.133,7.144,57.894,2.31,49.116,1431.699,158.112,0.0
2026-03-07 16:00:00,CP-01,114.649,7.07,58.404,2.382,62.824,1399.424,164.181,0.023
2026-03-07 20:00:00,CP-01,116.946,7.158,57.894,2.31,50.16,1422.604,157.352,0.0
2026-03-08 00:00:00,CP-01,116.783,7.019,58.229,2.193,56.758,1429.52,156.942,0.0
2026-03-08 04:00:00,CP-01,113.612,7.194,56.666,2.247,61.667,1455.772,162.019,0.008
2026-03-08 08:00:00,CP-01,118.537,7.165,57.358,2.354,65.892,1376.29,152.964,0.0
2026-03-08 12:00:00,CP-01,114.112,7.34,59.699,2.317,66.766,1398.763,155.248,0.0
2026-03-08 16:00:00,CP-01,116.894,7.113,60.514,2.412,64.553,1306.361,160.492,0.038
2026-03-08 20:00:00,CP-01,117.72,7.168,58.624,2.2,75.818,1389.145,161.599,0.068
2026-03-09 00:00:00,CP-01,120.599,7.272,57.392,2.349,74.846,1380.531,161.831,0.0
2026-03-09 04:00:00,CP-01,119.553,6.953,60.985,2.044,74.107,1402.673,167.668,0.077
2026-03-09 08:00:00,CP-01,123.082,7.093,60.008,2.179,77.1,1373.317,160.7,0.11
2026-03-09 12:00:00,CP-01,121.3,7.151,59.799,2.443,66.828,1412.101,174.732,0.052
2026-03-09 16:00:00,CP-01,118.942,7.226,57.699,2.321,69.788,1512.786,159.511,0.013
2026-03-09 20:00:00,CP-01,117.122,7.221,60.748,2.491,71.533,1498.957,171.336,0.014
2026-03-10 00:00:00,CP-01,115.669,7.248,59.929,2.357,73.452,1484.147,164.26,0.092
2026-03-10 04:00:00,CP-01,120.293,7.123,60.77,2.344,70.832,1456.758,174.743,0.073
2026-03-10 08:00:00,CP-01,120.631,7.334,61.713,2.471,70.021,1497.583,174.595,0.074
2026-03-10 12:00:00,CP-01,124.423,7.102,64.07,2.554,63.019,1479.509,165.022,0.132
2026-03-10 16:00:00,CP-01,124.424,7.315,62.279,2.437,65.51,1521.536,169.122,0.073
2026-03-10 20:00:00,CP-01,122.226,7.264,63.007,2.536,66.596,1412.335,164.088,0.064
2026-03-11 00:00:00,CP-01,127.908,7.47,61.829,2.656,59.236,1516.568,176.35,0.099
2026-03-11 04:00:00,CP-01,123.43,7.321,62.16,2.584,60.45,1435.286,167.637,0.0
2026-03-11 08:00:00,CP-01,132.095,7.267,60.613,2.742,55.24,1468.845,169.277,0.068
2026-03-11 12:00:00,CP-01,124.097,7.51,59.761,2.653,64.928,1497.578,163.38,0.142
2026-03-11 16:00:00,CP-01,124.726,7.288,59.829,2.614,68.878,1479.045,153.967,0.095
2026-03-11 20:00:00,CP-01,123.815,7.351,63.581,2.543,71.033,1405.953,178.444,0.066
2026-03-12 00:00:00,CP-01,125.341,7.222,62.499,2.566,72.475,1469.27,171.777,0.117
2026-03-12 04:00:00,CP-01,127.426,7.301,63.669,2.443,63.884,1482.417,171.788,0.066
2026-03-12 08:00:00,CP-01,130.7,7.454,59.809,2.5,77.254,1378.513,163.771,0.137
2026-03-12 12:00:00,CP-01,120.615,7.367,61.8,2.474,72.554,1387.861,170.085,0.052
2026-03-12 16:00:00,CP-01,129.511,7.274,61.877,2.548,80.557,1485.797,181.431,0.08
2026-03-12 20:00:00,CP-01,119.87,7.178,60.511,2.468,70.704,1367.285,167.969,0.069
2026-03-13 00:00:00,CP-01,122.499,7.267,59.745,2.319,78.279,1447.642,171.803,0.088
2026-03-13 04:00:00,CP-01,123.538,7.134,61.199,2.393,82.633,1521.477,162.794,0.073
2026-03-13 08:00:00,CP-01,127.102,7.272,60.065,2.359,70.227,1416.089,163.862,0.081
2026-03-13 12:00:00,CP-01,117.654,7.109,60.744,2.445,72.834,1426.963,171.818,0.035
2026-03-13 16:00:00,CP-01,117.026,7.152,56.908,2.326,76.668,1452.992,164.229,0.112
2026-03-13 20:00:00,CP-01,121.104,6.985,60.704,2.219,59.059,1521.965,168.038,0.063
2026-03-14 00:00:00,CP-01,119.505,7.082,59.202,2.248,58.712,1480.926,165.874,0.093
2026-03-14 04:00:00,CP-01,119.296,7.019,57.821,2.302,70.687,1430.224,161.675,0.022
2026-03-14 08:00:00,CP-01,116.865,6.997,57.455,2.311,54.172,1429.392,164.946,0.0
2026-03-14 12:00:00,CP-01,111.73,7.207,60.554,2.144,58.374,1417.745,154.053,0.032
2026-03-14 16:00:00,CP-01,114.807,7.038,56.906,2.34,56.596,1411.796,157.344,0.0
2026-03-14 20:00:00,CP-01,113.65,7.19,56.311,2.271,63.167,1356.998,147.012,0.056
2026-03-15 00:00:00,CP-01,113.877,6.873,56.923,2.12,67.611,1451.598,163.789,0.064
2026-03-15 04:00:00,CP-01,117.009,7.201,57.394,2.143,59.935,1376.998,154.577,0.029
2026-03-15 08:00:00,CP-01,110.694,7.17,59.97,2.254,59.845,1442.821,155.724,0.054
2026-03-15 12:00:00,CP-01,109.553,7.029,55.867,2.283,64.271,1422.938,172.856,0.031
2026-03-15 16:00:00,CP-01,115.831,7.001,57.235,2.305,70.836,1408.2,158.656,0.0
2026-03-15 20:00:00,CP-01,116.984,7.29,59.189,2.315,71.308,1289.327,147.449,0.035
2026-03-16 00:00:00,CP-01,117.696,7.077,61.639,2.277,70.667,1476.469,165.619,0.0
2026-03-16 04:00:00,CP-01,117.262,7.023,59.502,2.467,75.577,1397.917,157.229,0.081
2026-03-16 08:00:00,CP-01,113.892,7.132,60.771,2.097,75.795,1448.612,170.202,0.047
2026-03-16 12:00:00,CP-01,117.081,6.994,59.495,2.318,72.514,1417.492,155.168,0.066
2026-03-16 16:00:00,CP-01,116.153,7.171,59.095,2.429,77.345,1398.839,171.556,0.024
2026-03-16 20:00:00,CP-01,122.828,7.179,59.359,2.399,75.056,1437.946,169.773,0.058
2026-03-17 00:00:00,CP-01,118.108,7.219,59.075,2.376,67.419,1500.371,170.714,0.058
2026-03-17 04:00:00,CP-01,125.546,7.151,61.87,2.524,70.544,1507.157,167.497,0.041
2026-03-17 08:00:00,CP-01,118.236,7.251,59.054,2.526,65.378,1438.944,165.636,0.0
2026-03-17 12:00:00,CP-01,120.463,7.171,59.655,2.815,64.558,1413.922,160.846,0.11
2026-03-17 16:00:00,CP-01,126.522,7.214,62.103,2.369,65.96,1418.742,169.24,0.078
2026-03-17 20:00:00,CP-01,119.468,7.52,60.094,2.61,60.765,1462.079,170.366,0.111
2026-03-18 00:00:00,CP-01,121.674,7.35,60.612,2.539,60.982,1453.523,181.558,0.092
2026-03-18 04:00:00,CP-01,121.9,7.341,62.936,2.676,65.838,1507.251,166.239,0.078
2026-03-18 08:00:00,CP-01,123.196,7.36,59.395,2.601,60.795,1549.776,167.106,0.117
2026-03-18 12:00:00,CP-01,126.86,7.511,62.173,2.667,60.111,1542.601,168.923,0.055
2026-03-18 16:00:00,CP-01,125.088,7.347,62.067,2.657,68.214,1438.01,169.395,0.095
2026-03-18 20:00:00,CP-01,123.036,7.32,61.892,2.488,76.321,1463.831,174.409,0.072
2026-03-19 00:00:00,CP-01,124.234,7.275,60.442,2.461,65.296,1541.626,177.817,0.052
2026-03-19 04:00:00,CP-01,123.632,7.383,63.829,2.471,71.313,1526.396,175.46,0.089
2026-03-19 08:00:00,CP-01,123.464,7.322,59.37,2.553,76.65,1484.64,175.131,0.102
2026-03-19 12:00:00,CP-01,128.282,7.134,62.118,2.534,72.566,1474.031,175.987,0.156
2026-03-19 16:00:00,CP-01,130.27,7.157,61.224,2.554,85.173,1435.029,178.544,0.031
2026-03-19 20:00:00,CP-01,119.72,7.345,63.839,2.323,80.22,1535.318,160.393,0.04
2026-03-20 00:00:00,CP-01,127.354,7.33,59.639,2.549,68.029,1424.038,180.598,0.089
2026-03-20 04:00:00,CP-01,114.086,7.104,61.634,2.557,73.91,1528.272,172.403,0.04
2026-03-20 08:00:00,CP-01,124.615,7.214,59.858,2.383,76.704,1382.062,165.15,0.103
2026-03-20 12:00:00,CP-01,118.106,7.197,61.394,2.438,74.393,1580.222,169.096,0.075
2026-03-20 16:00:00,CP-01,122.19,7.293,60.281,2.542,75.892,1418.259,171.049,0.014
2026-03-20 20:00:00,CP-01,121.1,7.252,62.052,2.351,64.799,1496.217,164.301,0.022
2026-03-21 00:00:00,CP-01,118.405,7.117,59.07,2.306,58.248,1411.364,169.581,0.029
2026-03-21 04:00:00,CP-01,119.734,7.192,57.071,2.315,61.823,1519.021,165.154,0.041
2026-03-21 08:00:00,CP-01,121.248,7.244,59.132,2.277,60.293,1404.96,158.213,0.024
2026-03-21 12:00:00,CP-01,113.945,7.12,56.901,2.246,57.149,1379.502,172.704,0.051
2026-03-21 16:00:00,CP-01,118.697,7.231,59.395,2.132,44.738,1392.542,156.522,0.004
2026-03-21 20:00:00,CP-01,114.234,7.082,58.225,2.231,56.373,1489.201,171.202,0.0
2026-03-22 00:00:00,CP-01,115.046,7.072,58.227,2.392,53.328,1445.942,163.326,0.028
2026-03-22 04:00:00,CP-01,115.355,7.098,58.223,2.014,59.365,1385.165,159.556,0.038
2026-03-22 08:00:00,CP-01,114.523,7.146,58.28,2.283,58.475,1424.448,156.009,0.005
2026-03-22 12:00:00,CP-01,123.753,6.861,58.044,2.332,64.351,1365.781,154.123,0.063
2026-03-22 16:00:00,CP-01,109.964,7.011,57.993,2.241,67.144,1431.3,161.836,0.015
2026-03-22 20:00:00,CP-01,116.109,6.899,58.373,2.367,61.429,1403.311,156.81,0.0
2026-03-23 00:00:00,CP-01,120.243,7.093,59.285,2.254,72.504,1462.099,165.679,0.0
2026-03-23 04:00:00,CP-01,108.997,7.031,60.579,2.171,72.307,1454.114,159.415,0.077
2026-03-23 08:00:00,CP-01,119.308,7.093,58.389,2.305,67.093,1467.897,151.398,0.039
2026-03-23 12:00:00,CP-01,115.886,7.008,58.266,2.381,76.117,1392.972,162.207,0.0
2026-03-23 16:00:00,CP-01,123.667,7.068,61.648,2.279,71.801,1431.042,160.545,0.04
2026-03-23 20:00:00,CP-01,122.853,7.11,58.929,2.331,62.199,1425.831,159.125,0.051
2026-03-24 00:00:00,CP-01,117.208,6.981,60.359,2.235,75.163,1447.602,154.127,0.132
2026-03-24 04:00:00,CP-01,120.154,7.239,60.681,2.34,72.924,1440.974,165.402,0.011
2026-03-24 08:00:00,CP-01,120.815,7.008,60.906,2.554,74.158,1415.04,164.602,0.048
2026-03-24 12:00:00,CP-01,118.546,7.107,62.176,2.307,69.698,1473.637,173.265,0.0
2026-03-24 16:00:00,CP-01,121.855,7.235,60.485,2.528,57.163,1386.217,169.808,0.075
2026-03-24 20:00:00,CP-01,124.246,7.193,59.973,2.629,66.802,1473.143,166.637,0.07
2026-03-25 00:00:00,CP-01,123.42,7.276,60.515,2.481,65.94,1465.684,165.191,0.1
2026-03-25 04:00:00,CP-01,117.296,7.293,59.964,2.547,58.415,1471.472,174.306,0.113
2026-03-25 08:00:00,CP-01,123.735,7.181,64.407,2.493,63.817,1458.725,172.361,0.146
2026-03-25 12:00:00,CP-01,116.849,7.311,59.924,2.63,65.475,1453.321,157.968,0.078
2026-03-25 16:00:00,CP-01,123.227,7.325,57.361,2.339,63.251,1462.655,169.928,0.071
2026-03-25 20:00:00,CP-01,131.026,7.291,61.08,2.452,67.04,1466.465,172.955,0.04
2026-03-26 00:00:00,CP-01,130.405,7.153,63.95,2.55,72.556,1509.615,174.041,0.122
2026-03-26 04:00:00,CP-01,128.136,7.325,62.988,2.616,74.165,1504.215,161.744,0.051
2026-03-26 08:00:00,CP-01,123.644,7.372,61.819,2.648,79.842,1560.259,179.609,0.046
2026-03-26 12:00:00,CP-01,127.048,7.419,63.009,2.654,79.463,1504.549,174.698,0.08
2026-03-26 16:00:00,CP-01,124.103,7.069,60.65,2.506,75.967,1444.869,178.408,0.088
2026-03-26 20:00:00,CP-01,128.721,7.46,60.929,2.612,71.784,1507.902,180.938,0.091
2026-03-27 00:00:00,CP-01,124.697,7.336,63.819,2.689,82.097,1530.796,176.387,0.083
2026-03-27 04:00:00,CP-01,124.074,7.331,61.61,2.469,75.708,1461.618,172.569,0.132
2026-03-27 08:00:00,CP-01,125.661,7.413,63.484,2.446,79.726,1515.11,170.859,0.108
2026-03-27 12:00:00,CP-01,118.082,7.285,61.951,2.609,71.103,1430.865,171.269,0.116
2026-03-27 16:00:00,CP-01,125.235,7.291,60.025,2.46,69.773,1440.331,172.473,0.104
2026-03-27 20:00:00,CP-01,122.583,7.095,60.339,2.257,70.332,1421.597,163.208,0.01
2026-03-28 00:00:00,CP-01,120.817,7.552,60.246,2.386,60.916,1406.198,171.413,0.072
2026-03-28 04:00:00,CP-01,119.802,7.286,62.278,2.494,53.258,1431.301,161.43,0.082
2026-03-28 08:00:00,CP-01,118.157,7.229,60.758,2.301,59.825,1453.924,167.888,0.063
2026-03-28 12:00:00,CP-01,115.346,7.131,60.494,2.623,61.244,1479.301,166.647,0.023
2026-03-28 16:00:00,CP-01,118.797,7.024,60.656,2.502,66.55,1456.11,170.274,0.066
2026-03-28 20:00:00,CP-01,120.607,7.151,58.014,2.533,64.048,1531.667,167.735,0.0
2026-03-29 00:00:00,CP-01,114.789,7.243,58.25,2.156,56.065,1452.05,155.079,0.069
2026-03-29 04:00:00,CP-01,112.668,6.979,58.924,2.295,57.996,1376.608,147.708,0.079
2026-03-29 08:00:00,CP-01,119.737,7.085,56.033,2.223,62.498,1483.138,153.885,0.0
2026-03-29 12:00:00,CP-01,118.795,7.16,59.394,2.45,66.875,1476.934,162.018,0.008
2026-03-29 16:00:00,CP-01,118.815,7.075,57.716,2.265,66.851,1420.47,158.974,0.029
2026-03-29 20:00:00,CP-01,116.995,6.968,59.921,2.22,70.001,1502.237,160.716,0.0
2026-03-30 00:00:00,CP-01,121.587,6.89,57.603,2.179,72.896,1435.412,160.71,0.0
2026-03-30 04:00:00,CP-01,119.541,6.891,54.985,2.323,78.93,1458.262,154.614,0.024
2026-03-30 08:00:00,CP-01,114.004,7.063,57.816,2.271,76.789,1405.914,154.941,0.0
2026-03-30 12:00:00,CP-01,108.991,7.157,57.839,2.111,71.154,1366.633,161.151,0.006
2026-03-30 16:00:00,CP-01,117.392,7.026,58.694,2.093,78.494,1453.426,152.339,0.0
2026-03-30 20:00:00,CP-01,115.916,7.068,60.853,2.172,72.849,1369.144,159.344,0.024
2026-03-31 00:00:00,CP-01,117.63,7.294,57.548,2.209,71.506,1383.522,171.073,0.029
2026-03-31 04:00:00,CP-01,111.686,7.169,57.453,2.401,68.916,1356.651,160.765,0.0
2026-03-31 08:00:00,CP-01,115.639,6.968,58.631,2.414,72.276,1392.544,160.737,0.001
2026-03-31 12:00:00,CP-01,113.045,7.012,60.11,2.272,58.026,1419.516,155.283,0.0
2026-03-31 16:00:00,CP-01,121.632,6.949,59.166,2.343,56.513,1499.068,163.435,0.017
2026-03-31 20:00:00,CP-01,119.713,7.221,59.609,2.426,47.403,1461.209,164.088,0.055
2026-04-01 00:00:00,CP-01,119.098,7.18,60.215,2.618,64.662,1412.198,171.649,0.082
2026-04-01 04:00:00,CP-01,121.878,7.216,60.938,2.396,58.455,1361.489,166.844,0.046
2026-04-01 08:00:00,CP-01,120.818,7.108,60.877,2.328,56.608,1405.31,170.249,0.048
2026-04-01 12:00:00,CP-01,123.344,7.375,62.975,2.491,65.748,1508.089,175.306,0.082
2026-04-01 16:00:00,CP-01,117.0,7.213,60.317,2.444,59.295,1453.392,165.179,0.098
2026-04-01 20:00:00,CP-01,121.2,7.334,60.651,2.552,57.977,1406.191,169.619,0.042
2026-04-02 00:00:00,CP-01,119.79,7.457,61.683,2.347,69.379,1432.507,175.928,0.072
2026-04-02 04:00:00,CP-01,122.967,7.264,61.978,2.505,68.997,1534.062,175.226,0.101
2026-04-02 08:00:00,CP-01,115.758,7.293,60.165,2.653,74.52,1524.647,171.986,0.081
2026-04-02 12:00:00,CP-01,124.107,7.202,61.936,2.67,75.264,1496.279,169.461,0.045
2026-04-02 16:00:00,CP-01,120.953,7.107,62.75,2.602,75.339,1484.791,169.804,0.082
2026-04-02 20:00:00,CP-01,129.101,7.218,63.05,2.379,72.263,1482.726,171.839,0.095
2026-04-03 00:00:00,CP-01,126.738,7.145,61.751,2.58,76.817,1489.911,174.682,0.107
2026-04-03 04:00:00,CP-01,126.811,7.467,60.497,2.804,76.349,1542.167,165.95,0.081
2026-04-03 08:00:00,CP-01,122.549,7.445,61.527,2.56,80.778,1472.032,168.45,0.082
2026-04-03 12:00:00,CP-01,125.86,7.4,63.701,2.527,74.934,1451.035,173.467,0.08
2026-04-03 16:00:00,CP-01,122.78,7.376,61.809,2.75,70.064,1425.807,165.829,0.134
2026-04-03 20:00:00,CP-01,122.376,7.16,58.797,2.346,67.188,1490.01,165.307,0.128
2026-04-04 00:00:00,CP-01,122.339,7.332,60.403,2.608,58.655,1484.845,168.269,0.046
2026-04-04 04:00:00,CP-01,121.577,7.286,59.488,2.493,61.564,1462.049,166.095,0.0
2026-04-04 08:00:00,CP-01,122.808,7.288,61.791,2.501,60.331,1472.3,166.8,0.017
2026-04-04 12:00:00,CP-01,119.843,7.225,57.866,2.517,55.322,1446.633,171.743,0.092
2026-04-04 16:00:00,CP-01,123.916,7.248,59.302,2.31,58.602,1485.889,164.161,0.0
2026-04-04 20:00:00,CP-01,115.703,7.091,58.644,2.075,54.652,1452.269,167.658,0.0
2026-04-05 00:00:00,CP-01,123.025,7.278,59.397,2.37,60.424,1432.002,166.891,0.051
2026-04-05 04:00:00,CP-01,129.06,7.059,61.064,2.25,53.171,1436.756,163.651,0.0
2026-04-05 08:00:00,CP-01,116.4,7.282,60.451,2.432,61.899,1420.451,157.395,0.031
2026-04-05 12:00:00,CP-01,121.534,7.126,56.165,2.382,57.638,1351.305,158.883,0.003
2026-04-05 16:00:00,CP-01,111.629,7.125,57.385,2.437,67.728,1466.047,161.497,0.013
2026-04-05 20:00:00,CP-01,115.214,7.127,60.502,1.891,69.904,1366.895,166.984,0.0
2026-04-06 00:00:00,CP-01,119.618,7.05,58.236,2.12,73.63,1367.316,153.453,0.015
2026-04-06 04:00:00,CP-01,110.349,7.102,57.497,2.165,74.567,1416.566,160.556,0.0
2026-04-06 08:00:00,CP-01,114.383,7.097,58.113,1.873,76.462,1409.701,163.013,0.0
2026-04-06 12:00:00,CP-01,117.725,7.09,56.164,2.319,77.877,1390.193,153.937,0.0
2026-04-06 16:00:00,CP-01,116.569,7.003,57.471,2.319,75.043,1365.142,158.294,0.029
2026-04-06 20:00:00,CP-01,114.246,7.147,59.144,2.209,76.033,1409.807,156.717,0.0
2026-04-07 00:00:00,CP-01,115.124,7.188,59.849,2.301,68.957,1465.992,155.203,0.013
2026-04-07 04:00:00,CP-01,112.716,7.176,56.528,2.176,61.929,1399.894,152.809,0.0
2026-04-07 08:00:00,CP-01,118.865,7.227,59.166,2.12,69.622,1369.415,170.478,0.0
2026-04-07 12:00:00,CP-01,116.232,7.023,57.458,2.426,64.124,1372.993,155.866,0.0
2026-04-07 16:00:00,CP-01,118.501,7.073,59.716,2.378,61.769,1384.537,154.266,0.021
2026-04-07 20:00:00,CP-01,115.016,7.263,61.095,2.368,60.158,1560.767,159.783,0.017
2026-04-08 00:00:00,CP-01,119.155,7.021,57.0,2.185,54.721,1426.887,154.603,0.0
2026-04-08 04:00:00,CP-01,116.545,7.12,59.404,2.352,53.858,1421.21,167.102,0.0
2026-04-08 08:00:00,CP-01,116.851,7.387,62.495,2.225,68.949,1472.614,153.452,0.046
2026-04-08 12:00:00,CP-01,121.368,7.224,60.601,2.309,51.238,1446.106,163.649,0.059
2026-04-08 16:00:00,CP-01,118.797,7.111,60.573,2.223,67.994,1423.725,160.72,0.044
2026-04-08 20:00:00,CP-01,120.642,7.208,62.321,2.248,67.578,1491.937,172.627,0.024
2026-04-09 00:00:00,CP-01,120.637,7.26,59.862,2.418,69.191,1419.128,163.91,0.045
2026-04-09 04:00:00,CP-01,122.998,7.283,64.127,2.457,76.97,1474.943,168.382,0.083
2026-04-09 08:00:00,CP-01,126.294,7.43,62.457,2.555,82.833,1485.639,176.352,0.119
2026-04-09 12:00:00,CP-01,120.995,7.593,63.443,2.638,78.28,1406.514,171.338,0.071
2026-04-09 16:00:00,CP-01,129.202,7.331,60.281,2.617,71.481,1525.712,176.77,0.106
2026-04-09 20:00:00,CP-01,123.149,7.373,61.491,2.576,80.194,1487.995,168.866,0.122
2026-04-10 00:00:00,CP-01,129.339,7.285,62.109,2.394,86.473,1460.663,178.931,0.104
2026-04-10 04:00:00,CP-01,126.782,7.243,62.5,2.541,76.622,1487.729,169.458,0.179
2026-04-10 08:00:00,CP-01,121.24,7.396,62.18,2.645,64.628,1505.419,171.313,0.089
2026-04-10 12:00:00,CP-01,124.776,7.259,62.382,2.581,81.238,1487.783,167.362,0.056
2026-04-10 16:00:00,CP-01,124.584,7.351,62.615,2.62,79.09,1474.605,174.056,0.057
2026-04-10 20:00:00,CP-01,126.692,7.342,61.783,2.609,71.725,1528.309,164.253,0.072
2026-04-11 00:00:00,CP-01,122.277,7.252,59.358,2.723,65.622,1500.251,170.133,0.06
2026-04-11 04:00:00,CP-01,123.8,7.25,60.193,2.633,68.761,1412.501,173.956,0.074
2026-04-11 08:00:00,CP-01,118.043,7.327,59.605,2.288,70.241,1506.895,174.735,0.108
2026-04-11 12:00:00,CP-01,122.228,7.225,61.492,2.567,58.093,1459.409,165.893,0.033
2026-04-11 16:00:00,CP-01,121.218,7.24,60.249,2.548,59.8,1415.595,156.402,0.042
2026-04-11 20:00:00,CP-01,121.552,7.105,58.828,2.565,57.947,1511.057,167.808,0.042
2026-04-12 00:00:00,CP-01,118.626,7.213,57.859,2.547,55.726,1510.25,168.993,0.139
2026-04-12 04:00:00,CP-01,120.652,7.365,60.158,2.462,55.079,1397.667,164.253,0.012
2026-04-12 08:00:00,CP-01,118.747,7.236,61.501,2.311,73.163,1443.427,165.009,0.053
2026-04-12 12:00:00,CP-01,121.132,7.174,60.235,2.481,60.121,1453.921,168.071,0.078
2026-04-12 16:00:00,CP-01,112.223,7.065,59.227,2.231,63.392,1391.704,164.219,0.064
2026-04-12 20:00:00,CP-01,119.129,7.396,60.338,2.426,69.83,1458.99,161.551,0.02
2026-04-13 00:00:00,CP-01,119.003,7.205,60.283,2.272,74.314,1409.338,160.507,0.0
2026-04-13 04:00:00,CP-01,114.93,7.013,59.429,2.014,65.984,1394.633,157.416,0.039
2026-04-13 08:00:00,CP-01,120.412,7.284,58.572,2.404,74.724,1381.719,160.508,0.067
2026-04-13 12:00:00,CP-01,116.217,7.055,58.195,2.426,68.79,1449.094,164.727,0.031
2026-04-13 16:00:00,CP-01,114.027,7.125,56.668,2.026,71.521,1394.411,158.132,0.0
2026-04-13 20:00:00,CP-01,113.597,7.155,58.866,2.167,78.985,1422.355,160.646,0.0
2026-04-14 00:00:00,CP-01,111.509,7.223,59.582,2.21,73.292,1385.049,155.077,0.055
2026-04-14 04:00:00,CP-01,124.071,7.016,57.688,2.317,69.24,1339.137,161.624,0.0
2026-04-14 08:00:00,CP-01,109.944,6.877,59.047,2.138,62.008,1388.831,170.463,0.0
2026-04-14 12:00:00,CP-01,109.022,7.016,58.905,2.292,61.152,1322.546,160.961,0.0
2026-04-14 16:00:00,CP-01,116.396,6.981,58.273,2.364,56.287,1392.15,152.925,0.07
2026-04-14 20:00:00,CP-01,109.895,7.146,58.337,2.175,59.598,1416.697,155.775,0.044
2026-04-15 00:00:00,CP-01,115.789,7.148,60.193,2.344,55.577,1459.73,158.135,0.026
2026-04-15 04:00:00,CP-01,112.677,7.083,58.744,2.287,56.261,1468.272,148.067,0.042
2026-04-15 08:00:00,CP-01,117.194,7.117,58.534,2.371,53.34,1493.097,161.488,0.0
2026-04-15 12:00:00,CP-01,116.169,7.279,59.354,2.381,67.622,1466.006,161.027,0.042
2026-04-15 16:00:00,CP-01,119.862,7.254,60.435,2.303,61.006,1395.173,164.998,0.0
2026-04-15 20:00:00,CP-01,119.08,7.039,59.41,2.487,58.749,1429.327,177.065,0.05
2026-04-16 00:00:00,CP-01,123.407,7.067,60.576,2.287,64.646,1490.373,165.637,0.098
2026-04-16 04:00:00,CP-01,120.714,7.325,62.519,2.438,75.059,1501.146,162.621,0.087
2026-04-16 08:00:00,CP-01,123.21,7.327,61.377,2.467,76.583,1463.313,169.577,0.034
2026-04-16 12:00:00,CP-01,122.548,7.393,61.098,2.383,82.779,1427.82,164.97,0.107
2026-04-16 16:00:00,CP-01,118.473,7.44,60.796,2.46,73.931,1484.707,159.766,0.05
2026-04-16 20:00:00,CP-01,128.025,7.284,60.436,2.36,79.421,1479.134,164.662,0.078
2026-04-17 00:00:00,CP-01,123.3,7.231,61.435,2.282,79.453,1463.493,171.592,0.094
2026-04-17 04:00:00,CP-01,119.466,7.33,59.322,2.462,78.034,1439.963,175.735,0.057
2026-04-17 08:00:00,CP-01,117.108,7.384,60.431,2.472,76.474,1508.236,172.336,0.036
2026-04-17 12:00:00,CP-01,126.606,7.268,65.783,2.528,77.454,1500.774,184.606,0.071
2026-04-17 16:00:00,CP-01,117.219,7.211,63.029,2.504,79.298,1446.1,170.211,0.027
2026-04-17 20:00:00,CP-01,125.671,7.415,60.58,2.386,71.792,1521.091,181.652,0.041
2026-04-18 00:00:00,CP-01,124.031,7.401,62.785,2.649,73.935,1474.756,170.24,0.04
2026-04-18 04:00:00,CP-01,127.922,7.462,60.209,2.513,61.364,1427.746,172.385,0.164
2026-04-18 08:00:00,CP-01,127.048,7.309,61.608,2.759,64.802,1469.645,172.32,0.123
2026-04-18 12:00:00,CP-01,127.506,7.261,62.821,2.555,69.664,1438.824,168.064,0.119
2026-04-18 16:00:00,CP-01,120.462,7.398,60.343,2.518,62.914,1469.186,163.51,0.061
2026-04-18 20:00:00,CP-01,125.723,7.371,58.259,2.473,72.218,1477.961,166.792,0.121
2026-04-19 00:00:00,CP-01,119.333,7.262,61.546,2.601,62.743,1518.035,171.059,0.063
2026-04-19 04:00:00,CP-01,124.019,7.331,59.14,2.53,59.305,1436.705,166.267,0.066
2026-04-19 08:00:00,CP-01,115.324,7.242,59.228,2.71,64.782,1527.348,161.262,0.087
2026-04-19 12:00:00,CP-01,124.2,7.249,60.582,2.376,67.52,1475.429,161.882,0.09
2026-04-19 16:00:00,CP-01,124.746,7.248,57.871,2.48,67.2,1499.506,156.528,0.056
2026-04-19 20:00:00,CP-01,126.291,7.078,59.622,2.32,68.667,1429.358,165.754,0.005
2026-04-20 00:00:00,CP-01,118.785,7.04,60.788,2.398,69.987,1393.036,170.658,0.08
2026-04-20 04:00:00,CP-01,117.041,7.118,57.969,2.327,80.173,1354.999,156.886,0.052
2026-04-20 08:00:00,CP-01,117.625,7.233,59.207,2.506,61.673,1443.487,162.108,0.031
2026-04-20 12:00:00,CP-01,118.295,7.067,57.743,2.19,78.431,1399.148,163.53,0.0
2026-04-20 16:00:00,CP-01,123.183,7.145,58.549,2.382,75.172,1380.748,167.515,0.0
2026-04-20 20:00:00,CP-01,119.444,7.172,58.952,2.293,74.015,1503.669,162.729,0.048
2026-04-21 00:00:00,CP-01,118.24,6.863,58.294,2.192,67.494,1417.645,167.498,0.064
2026-04-21 04:00:00,CP-01,110.785,7.098,57.749,2.28,62.657,1356.19,154.823,0.0
2026-04-21 08:00:00,CP-01,118.04,7.082,57.156,2.209,67.657,1443.294,161.783,0.0
2026-04-21 12:00:00,CP-01,107.356,6.999,58.655,2.248,63.789,1427.336,160.101,0.0
2026-04-21 16:00:00,CP-01,118.292,6.979,55.988,2.074,65.136,1444.961,156.902,0.0
2026-04-21 20:00:00,CP-01,112.221,7.001,57.418,2.169,56.556,1425.179,163.452,0.022
2026-04-22 00:00:00,CP-01,117.097,6.905,61.175,2.216,62.445,1360.531,159.788,0.0
2026-04-22 04:00:00,CP-01,115.434,6.827,58.395,2.41,51.693,1417.458,158.939,0.021
2026-04-22 08:00:00,CP-01,115.489,7.002,58.666,2.275,58.371,1412.645,170.911,0.0
2026-04-22 12:00:00,CP-01,115.191,6.995,60.305,2.435,64.027,1451.974,153.844,0.018
2026-04-22 16:00:00,CP-01,123.172,7.257,59.858,2.404,69.552,1444.442,159.615,0.035
2026-04-22 20:00:00,CP-01,117.877,7.051,59.435,2.424,67.527,1368.101,160.636,0.043
2026-04-23 00:00:00,CP-01,110.89,7.134,59.148,2.232,72.122,1484.465,168.854,0.001
2026-04-23 04:00:00,CP-01,117.457,7.229,58.677,2.338,71.192,1392.968,161.381,0.057
2026-04-23 08:00:00,CP-01,118.259,6.931,60.74,2.45,65.539,1475.179,168.01,0.019
2026-04-23 12:00:00,CP-01,122.179,7.106,60.532,2.44,70.776,1465.226,166.276,0.041
2026-04-23 16:00:00,CP-01,125.711,7.027,62.679,2.632,78.633,1388.122,165.474,0.013
2026-04-23 20:00:00,CP-01,116.8,7.211,60.179,2.58,73.708,1494.518,164.352,0.094
2026-04-24 00:00:00,CP-01,123.696,7.269,61.896,2.325,83.791,1357.519,161.732,0.073
2026-04-24 04:00:00,CP-01,124.529,7.389,60.437,2.381,73.783,1513.504,168.717,0.081
2026-04-24 08:00:00,CP-01,121.647,7.438,62.681,2.594,74.317,1421.193,171.503,0.071
2026-04-24 12:00:00,CP-01,125.422,7.319,59.65,2.658,75.676,1427.244,165.72,0.037
2026-04-24 16:00:00,CP-01,119.257,7.359,60.324,2.571,75.188,1489.556,166.511,0.0
2026-04-24 20:00:00,CP-01,124.902,7.241,63.508,2.578,69.922,1527.82,168.992,0.111
2026-04-25 00:00:00,CP-01,121.794,7.338,60.153,2.578,69.464,1503.384,183.435,0.097
2026-04-25 04:00:00,CP-01,124.808,7.334,62.028,2.526,67.566,1523.559,162.358,0.153
2026-04-25 08:00:00,CP-01,127.724,7.34,61.701,2.632,61.998,1428.385,174.633,0.053
2026-04-25 12:00:00,CP-01,128.325,7.48,63.693,2.523,54.383,1460.813,164.846,0.089
2026-04-25 16:00:00,CP-01,120.932,7.243,61.806,2.654,64.487,1526.884,169.663,0.072
2026-04-25 20:00:00,CP-01,126.241,7.223,62.108,2.5,58.069,1487.592,170.671,0.08
2026-04-26 00:00:00,CP-01,127.635,7.482,62.704,2.496,61.147,1433.914,172.988,0.091
2026-04-26 04:00:00,CP-01,125.209,7.313,62.471,2.441,69.006,1551.516,165.943,0.107
2026-04-26 08:00:00,CP-01,119.424,7.418,60.175,2.469,70.925,1514.25,170.451,0.093
2026-04-26 12:00:00,CP-01,116.917,7.389,60.691,2.446,62.509,1403.366,171.397,0.055
2026-04-26 16:00:00,CP-01,112.473,7.379,59.22,2.581,67.916,1417.637,165.525,0.061
2026-04-26 20:00:00,CP-01,121.309,7.082,61.486,2.392,75.947,1408.346,158.897,0.098
2026-04-27 00:00:00,CP-01,124.516,7.173,60.527,2.572,77.323,1439.626,168.702,0.126
2026-04-27 04:00:00,CP-01,118.601,7.298,60.354,2.345,80.478,1526.872,175.498,0.055
2026-04-27 08:00:00,CP-01,119.316,7.045,61.806,2.381,70.88,1477.832,169.333,0.0
2026-04-27 12:00:00,CP-01,114.199,7.182,58.345,2.339,82.495,1359.194,164.722,0.079
2026-04-27 16:00:00,CP-01,115.643,7.188,58.811,2.542,74.413,1358.265,148.65,0.042
2026-04-27 20:00:00,CP-01,119.985,7.205,58.381,2.468,72.537,1469.248,158.504,0.07
2026-04-28 00:00:00,CP-01,113.196,6.964,58.443,2.28,68.654,1360.553,163.969,0.006
2026-04-28 04:00:00,CP-01,120.217,7.146,58.5,2.412,68.012,1454.057,153.679,0.098
2026-04-28 08:00:00,CP-01,116.482,7.095,56.368,2.288,60.372,1358.359,157.292,0.018
2026-04-28 12:00:00,CP-01,115.145,7.105,59.292,2.322,63.991,1417.979,154.709,0.003
2026-04-28 16:00:00,CP-01,117.768,7.131,58.971,2.198,58.742,1423.884,147.829,0.074
2026-04-28 20:00:00,CP-01,122.287,7.064,58.764,2.34,59.215,1388.946,149.665,0.028
2026-04-29 00:00:00,CP-01,114.378,7.017,57.798,2.115,51.395,1451.156,157.871,0.024
2026-04-29 04:00:00,CP-01,124.53,6.948,55.88,2.237,52.403,1484.241,148.76,0.0
2026-04-29 08:00:00,CP-01,116.531,7.134,59.249,2.408,58.768,1442.391,158.858,0.0
2026-04-29 12:00:00,CP-01,116.004,6.897,59.592,2.135,48.114,1355.965,158.808,0.0
2026-04-29 16:00:00,CP-01,114.254,7.001,56.164,2.283,60.759,1437.223,156.228,0.037
2026-04-29 20:00:00,CP-01,114.979,7.029,59.351,2.18,66.251,1459.075,163.719,0.0
2026-04-30 00:00:00,CP-01,120.733,7.162,57.849,2.378,61.528,1425.281,166.013,0.0
2026-04-30 04:00:00,CP-01,112.719,7.008,58.959,2.3,64.617,1450.045,155.5,0.058
2026-04-30 08:00:00,CP-01,116.544,7.175,57.943,2.372,67.999,1383.267,158.029,0.08
2026-04-30 12:00:00,CP-01,118.922,7.339,61.136,2.462,80.576,1500.108,165.571,0.053
2026-04-30 16:00:00,CP-01,117.23,7.246,61.089,2.289,70.835,1469.86,156.874,0.0
2026-04-30 20:00:00,CP-01,116.334,7.107,57.987,2.446,77.368,1413.533,163.476,0.061
2026-05-01 00:00:00,CP-01,125.058,7.237,62.661,2.189,67.974,1461.533,159.075,0.126
2026-05-01 04:00:00,CP-01,119.466,6.996,61.108,2.5,77.541,1414.752,168.214,0.089
2026-05-01 08:00:00,CP-01,120.564,7.191,60.444,2.215,65.739,1390.492,170.002,0.038
2026-05-01 12:00:00,CP-01,126.048,7.071,60.425,2.475,82.147,1385.383,178.986,0.038
2026-05-01 16:00:00,CP-01,123.986,7.181,59.197,2.393,69.79,1454.816,174.078,0.116
2026-05-01 20:00:00,CP-01,123.412,6.969,60.037,2.369,67.122,1538.059,176.138,0.161
2026-05-02 00:00:00,CP-01,120.392,7.143,61.573,2.626,65.438,1552.07,167.603,0.097
2026-05-02 04:00:00,CP-01,120.827,7.173,63.204,2.294,63.725,1477.272,177.618,0.084
2026-05-02 08:00:00,CP-01,129.095,7.353,60.295,2.605,63.919,1493.602,166.729,0.065
2026-05-02 12:00:00,CP-01,126.271,7.317,59.236,2.444,62.518,1494.687,174.846,0.102
2026-05-02 16:00:00,CP-01,113.612,7.337,61.122,2.561,60.496,1508.041,170.953,0.053
2026-05-02 20:00:00,CP-01,120.744,7.341,61.017,2.344,56.563,1463.77,180.451,0.176
2026-05-03 00:00:00,CP-01,122.262,7.282,62.979,2.681,61.773,1450.453,177.652,0.105
2026-05-03 04:00:00,CP-01,122.197,7.347,61.27,2.836,68.644,1497.317,174.908,0.106
2026-05-03 08:00:00,CP-01,132.673,7.325,58.384,2.794,67.557,1452.764,166.117,0.026
2026-05-03 12:00:00,CP-01,121.728,7.378,59.484,2.595,75.994,1458.832,176.907,0.139
2026-05-03 16:00:00,CP-01,124.367,7.376,62.49,2.594,70.582,1492.125,185.226,0.067
2026-05-03 20:00:00,CP-01,125.968,7.171,60.65,2.445,69.487,1480.709,176.855,0.052
2026-05-04 00:00:00,CP-01,125.111,7.225,62.481,2.582,77.176,1457.805,171.976,0.084
2026-05-04 04:00:00,CP-01,125.003,7.26,59.605,2.353,75.675,1525.128,168.898,0.074
2026-05-04 08:00:00,CP-01,125.164,7.225,60.358,2.307,78.25,1457.061,164.985,0.1
2026-05-04 12:00:00,CP-01,122.072,7.11,61.537,2.287,74.046,1496.997,168.478,0.058
2026-05-04 16:00:00,CP-01,120.623,7.219,61.015,2.404,74.99,1496.066,172.232,0.058
2026-05-04 20:00:00,CP-01,120.764,7.222,58.342,2.433,85.981,1365.7,164.742,0.084
2026-05-05 00:00:00,CP-01,118.884,7.362,58.643,2.392,73.616,1503.421,162.716,0.084
2026-05-05 04:00:00,CP-01,119.522,7.288,61.274,2.347,67.769,1415.043,159.665,0.057
2026-05-05 08:00:00,CP-01,109.165,7.027,58.383,2.316,63.686,1450.597,158.064,0.0
2026-05-05 12:00:00,CP-01,120.983,7.036,57.415,2.382,62.588,1392.534,155.06,0.0
2026-05-05 16:00:00,CP-01,128.243,7.015,56.906,2.415,61.231,1394.182,158.003,0.055
2026-05-05 20:00:00,CP-01,115.431,7.202,58.514,2.251,65.518,1418.081,168.977,0.025
2026-05-06 00:00:00,CP-01,117.639,7.08,57.466,2.398,51.186,1400.433,158.202,0.0
2026-05-06 04:00:00,CP-01,123.301,7.143,57.712,2.3,57.013,1436.593,163.735,0.006
2026-05-06 08:00:00,CP-01,116.461,7.038,57.707,2.159,54.478,1436.442,155.423,0.0
2026-05-06 12:00:00,CP-01,114.304,7.051,60.35,2.198,61.489,1379.58,160.133,0.0
2026-05-06 16:00:00,CP-01,111.86,7.0,57.918,2.25,65.944,1402.853,155.49,0.0
2026-05-06 20:00:00,CP-01,108.315,6.928,59.703,2.163,66.008,1314.579,151.412,0.011
2026-05-07 00:00:00,CP-01,117.334,7.12,60.188,2.31,75.597,1422.118,167.079,0.0
2026-05-07 04:00:00,CP-01,113.38,7.003,58.019,2.39,71.177,1451.722,151.364,0.03
2026-05-07 08:00:00,CP-01,117.348,7.137,57.636,2.224,70.906,1463.801,144.039,0.056
2026-05-07 12:00:00,CP-01,116.866,6.823,56.516,2.163,68.124,1423.966,165.682,0.046
2026-05-07 16:00:00,CP-01,111.507,7.203,58.24,2.517,79.046,1453.804,158.021,0.06
2026-05-07 20:00:00,CP-01,120.578,7.09,58.491,2.235,77.04,1424.705,168.802,0.0
2026-05-08 00:00:00,CP-01,120.669,7.241,58.868,2.173,80.203,1505.733,158.518,0.054
2026-05-08 04:00:00,CP-01,120.355,7.193,58.389,2.423,84.785,1496.818,170.412,0.038
2026-05-08 08:00:00,CP-01,123.453,7.1,59.507,2.318,64.738,1485.948,168.191,0.052
2026-05-08 12:00:00,CP-01,119.097,7.07,58.848,2.374,66.662,1445.406,169.757,0.009
2026-05-08 16:00:00,CP-01,117.735,7.242,60.045,2.381,72.09,1382.898,157.067,0.051
2026-05-08 20:00:00,CP-01,116.893,7.061,57.907,2.666,63.675,1466.913,170.505,0.062
2026-05-09 00:00:00,CP-01,120.424,7.281,60.996,2.471,64.378,1417.426,166.823,0.048
2026-05-09 04:00:00,CP-01,126.026,7.128,60.355,2.426,60.202,1474.413,174.118,0.047
2026-05-09 08:00:00,CP-01,118.706,7.341,59.4,2.444,64.843,1422.393,170.123,0.052
2026-05-09 12:00:00,CP-01,122.341,7.398,60.699,2.478,63.077,1465.14,169.276,0.114
2026-05-09 16:00:00,CP-01,121.546,7.296,63.084,2.446,66.218,1487.502,165.865,0.117
2026-05-09 20:00:00,CP-01,120.099,7.37,60.965,2.5,64.635,1535.33,168.059,0.045
2026-05-10 00:00:00,CP-01,128.374,7.356,61.42,2.559,64.196,1426.913,166.516,0.085
2026-05-10 04:00:00,CP-01,128.251,7.291,62.101,2.684,74.831,1487.173,170.562,0.169
2026-05-10 08:00:00,CP-01,128.802,7.197,64.458,2.616,70.712,1469.916,171.071,0.087
2026-05-10 12:00:00,CP-01,127.912,7.317,61.916,2.596,77.623,1478.793,183.036,0.009
2026-05-10 16:00:00,CP-01,127.493,7.326,62.465,2.56,77.17,1400.917,171.353,0.12
2026-05-10 20:00:00,CP-01,128.751,7.266,58.883,2.597,75.711,1495.534,167.757,0.107
2026-05-11 00:00:00,CP-01,125.03,7.381,60.621,2.435,80.489,1532.048,173.565,0.08
2026-05-11 04:00:00,CP-01,125.465,7.36,62.018,2.427,79.25,1414.312,163.667,0.043
2026-05-11 08:00:00,CP-01,126.848,7.296,61.295,2.472,78.889,1474.095,177.99,0.111
2026-05-11 12:00:00,CP-01,119.953,7.256,60.594,2.529,71.846,1444.849,168.483,0.036
2026-05-11 16:00:00,CP-01,125.266,7.303,58.996,2.358,67.018,1410.648,175.609,0.053
2026-05-11 20:00:00,CP-01,123.817,7.202,61.554,2.281,72.552,1479.747,168.696,0.085
2026-05-12 00:00:00,CP-01,120.949,7.248,59.098,2.252,63.143,1495.768,161.469,0.096
2026-05-12 04:00:00,CP-01,121.834,7.154,59.685,2.536,69.357,1459.249,165.037,0.11
2026-05-12 08:00:00,CP-01,115.313,7.171,60.69,2.412,73.983,1380.457,150.826,0.009
2026-05-12 12:00:00,CP-01,116.801,7.202,60.835,2.259,69.266,1453.108,169.469,0.007
2026-05-12 16:00:00,CP-01,114.607,7.315,60.114,2.197,58.783,1508.176,168.138,0.018
2026-05-12 20:00:00,CP-01,117.745,7.051,58.631,2.199,55.198,1440.386,170.401,0.014
2026-05-13 00:00:00,CP-01,119.163,7.097,60.155,2.165,60.205,1462.27,168.09,0.0
2026-05-13 04:00:00,CP-01,112.529,7.156,59.775,2.362,59.663,1429.79,162.987,0.028
2026-05-13 08:00:00,CP-01,114.536,7.125,58.687,2.288,70.491,1405.04,162.378,0.0
2026-05-13 12:00:00,CP-01,114.681,7.164,58.505,2.256,55.006,1370.052,157.591,0.019
2026-05-13 16:00:00,CP-01,112.859,7.142,57.187,2.338,67.345,1458.178,156.881,0.025
2026-05-13 20:00:00,CP-01,111.228,6.96,57.866,2.415,55.965,1379.071,164.296,0.01
2026-05-14 00:00:00,CP-01,106.839,6.937,59.117,2.264,69.973,1422.21,166.199,0.008
2026-05-14 04:00:00,CP-01,112.279,7.012,57.063,1.989,68.63,1453.866,158.036,0.031
2026-05-14 08:00:00,CP-01,109.471,7.013,57.888,2.15,65.016,1443.501,161.509,0.0
2026-05-14 12:00:00,CP-01,112.49,7.173,57.632,2.155,74.794,1411.571,160.044,0.001
2026-05-14 16:00:00,CP-01,116.242,6.85,58.249,2.185,68.698,1389.15,158.935,0.0
2026-05-14 20:00:00,CP-01,117.785,7.154,59.422,2.372,71.521,1409.149,152.29,0.0
2026-05-15 00:00:00,CP-01,121.905,7.017,57.662,2.22,76.22,1522.867,163.695,0.044
2026-05-15 04:00:00,CP-01,126.455,7.156,58.349,2.263,70.188,1340.848,164.466,0.039
2026-05-15 08:00:00,CP-01,116.951,7.232,59.813,2.354,75.536,1440.994,165.306,0.001
2026-05-15 12:00:00,CP-01,118.849,7.182,58.846,2.35,67.193,1511.248,157.365,0.066
2026-05-15 16:00:00,CP-01,118.373,7.28,58.592,2.357,71.997,1476.378,151.859,0.052
2026-05-15 20:00:00,CP-01,115.224,7.244,59.898,2.253,63.842,1568.744,165.872,0.061
2026-05-16 00:00:00,CP-01,122.0,7.146,59.127,2.495,69.133,1381.589,172.68,0.04
2026-05-16 04:00:00,CP-01,120.253,7.286,61.711,2.491,66.697,1503.04,181.577,0.075
2026-05-16 08:00:00,CP-01,118.45,7.345,60.312,2.482,60.209,1374.945,166.586,0.083
2026-05-16 12:00:00,CP-01,121.981,7.212,61.207,2.36,61.386,1500.11,166.522,0.109
2026-05-16 16:00:00,CP-01,118.781,7.247,61.896,2.581,68.563,1470.862,174.413,0.131
2026-05-16 20:00:00,CP-01,123.258,7.412,60.582,2.69,63.653,1473.486,166.019,0.08
2026-05-17 00:00:00,CP-01,123.587,7.201,60.618,2.284,61.344,1496.297,170.594,0.128
2026-05-17 04:00:00,CP-01,126.708,7.403,61.642,2.478,71.665,1614.781,179.724,0.093
2026-05-17 08:00:00,CP-01,120.271,7.391,63.0,2.258,63.439,1412.006,174.027,0.138
2026-05-17 12:00:00,CP-01,123.891,7.169,61.972,2.428,72.513,1513.951,176.337,0.06
2026-05-17 16:00:00,CP-01,126.437,7.304,60.102,2.456,67.933,1517.337,169.959,0.045
2026-05-17 20:00:00,CP-01,123.826,7.414,60.164,2.693,78.125,1511.716,174.559,0.102
2026-05-18 00:00:00,CP-01,127.66,7.475,60.756,2.481,73.801,1474.129,175.652,0.148
2026-05-18 04:00:00,CP-01,122.685,7.49,63.205,2.516,76.385,1442.95,179.845,0.082
2026-05-18 08:00:00,CP-01,124.543,7.232,62.761,2.641,67.903,1492.148,172.114,0.099
2026-05-18 12:00:00,CP-01,125.276,7.274,59.977,2.621,71.671,1463.588,167.273,0.149
2026-05-18 16:00:00,CP-01,129.025,7.435,62.375,2.656,85.25,1518.153,168.585,0.095
2026-05-18 20:00:00,CP-01,123.934,7.287,60.854,2.655,74.108,1375.624,176.867,0.13
2026-05-19 00:00:00,CP-01,121.178,7.29,60.694,2.462,73.988,1476.772,178.603,0.093
2026-05-19 04:00:00,CP-01,122.645,7.21,60.827,2.288,69.615,1410.755,170.56,0.12
2026-05-19 08:00:00,CP-01,122.439,7.344,61.787,2.548,67.61,1489.688,171.435,0.045
2026-05-19 12:00:00,CP-01,122.237,7.128,58.415,2.531,62.488,1458.44,161.034,0.063
2026-05-19 16:00:00,CP-01,120.824,7.299,63.206,2.19,62.105,1493.229,171.633,0.002
2026-05-19 20:00:00,CP-01,118.612,7.338,58.791,2.064,61.057,1402.964,160.545,0.0
2026-05-20 00:00:00,CP-01,114.979,7.081,59.759,2.099,61.844,1377.783,159.945,0.04
2026-05-20 04:00:00,CP-01,118.879,7.131,58.433,2.344,50.228,1372.545,161.163,0.0
2026-05-20 08:00:00,CP-01,123.466,6.984,61.059,2.1,65.458,1408.688,159.611,0.018
2026-05-20 12:00:00,CP-01,116.873,7.244,59.813,2.287,66.785,1390.011,172.172,0.012
2026-05-20 16:00:00,CP-01,114.562,7.084,60.103,2.369,63.788,1424.037,157.989,0.02
2026-05-20 20:00:00,CP-01,114.873,7.093,58.519,2.111,61.422,1465.817,160.375,0.086
2026-05-21 00:00:00,CP-01,110.635,6.919,57.46,2.224,63.128,1411.034,155.825,0.048
2026-05-21 04:00:00,CP-01,112.214,7.264,56.232,2.25,66.029,1313.506,153.579,0.06
2026-05-21 08:00:00,CP-01,112.066,7.111,58.261,2.194,72.514,1417.89,166.025,0.0
2026-05-21 12:00:00,CP-01,122.738,7.21,58.711,2.31,71.681,1391.476,165.535,0.008
2026-05-21 16:00:00,CP-01,115.724,6.967,59.675,2.235,67.344,1366.023,159.131,0.027
2026-05-21 20:00:00,CP-01,114.015,7.081,59.765,2.223,73.089,1385.444,153.197,0.016
2026-05-22 00:00:00,CP-01,115.245,7.123,59.576,2.13,74.341,1406.354,158.083,0.0
2026-05-22 04:00:00,CP-01,117.413,7.095,57.111,2.238,75.237,1446.544,148.917,0.03
2026-05-22 08:00:00,CP-01,123.371,7.153,58.164,2.312,73.154,1416.608,156.383,0.025
2026-05-22 12:00:00,CP-01,118.792,7.037,58.092,2.206,70.07,1461.005,153.308,0.007
2026-05-22 16:00:00,CP-01,119.393,7.142,57.459,2.426,75.277,1457.837,158.074,0.01
2026-05-22 20:00:00,CP-01,119.126,6.95,56.502,2.239,53.826,1423.636,159.029,0.028
2026-05-23 00:00:00,CP-01,119.746,7.17,59.523,2.388,59.598,1387.762,158.129,0.099
2026-05-23 04:00:00,CP-01,121.144,7.256,60.393,2.415,64.993,1423.501,156.469,0.051
2026-05-23 08:00:00,CP-01,123.633,7.167,59.94,2.23,54.9,1414.258,163.609,0.071
2026-05-23 12:00:00,CP-01,122.548,7.111,57.561,2.294,61.041,1466.049,169.015,0.14
2026-05-23 16:00:00,CP-01,120.267,7.197,59.191,2.458,60.6,1427.373,159.836,0.062
2026-05-23 20:00:00,CP-01,121.874,7.236,62.813,2.489,61.691,1440.771,166.195,0.054
2026-05-24 00:00:00,CP-01,122.83,7.474,60.268,2.475,61.264,1487.742,165.384,0.039
2026-05-24 04:00:00,CP-01,128.445,7.155,62.067,2.462,61.104,1411.783,171.428,0.088
2026-05-24 08:00:00,CP-01,121.895,7.341,61.414,2.648,64.164,1522.842,157.496,0.024
2026-05-24 12:00:00,CP-01,123.532,7.474,60.794,2.592,72.518,1542.169,175.691,0.066
2026-05-24 16:00:00,CP-01,123.435,7.373,62.1,2.599,74.021,1410.476,172.485,0.09
2026-05-24 20:00:00,CP-01,128.987,7.211,61.159,2.323,74.399,1494.204,177.825,0.097
2026-05-25 00:00:00,CP-01,128.303,7.329,62.611,2.649,76.543,1460.236,165.44,0.115
2026-05-25 04:00:00,CP-01,123.74,7.194,62.503,2.662,75.895,1504.062,181.894,0.088
2026-05-25 08:00:00,CP-01,124.514,7.203,60.088,2.486,89.793,1561.722,170.812,0.066
2026-05-25 12:00:00,CP-01,128.43,7.271,61.491,2.615,76.961,1468.895,168.191,0.064
2026-05-25 16:00:00,CP-01,119.716,7.377,61.443,2.428,70.259,1509.135,168.824,0.118
2026-05-25 20:00:00,CP-01,129.593,7.352,60.705,2.538,82.818,1474.887,162.73,0.125
2026-05-26 00:00:00,CP-01,122.753,7.511,62.408,2.603,79.261,1632.275,166.27,0.087
2026-05-26 04:00:00,CP-01,119.791,7.252,61.776,2.608,65.502,1498.241,176.254,0.104
2026-05-26 08:00:00,CP-01,124.924,7.277,61.593,2.801,72.5,1501.884,170.769,0.118
2026-05-26 12:00:00,CP-01,120.8,7.272,59.332,2.581,70.617,1465.927,170.352,0.118
2026-05-26 16:00:00,CP-01,125.676,7.122,59.738,2.524,64.948,1484.541,168.824,0.07
2026-05-26 20:00:00,CP-01,118.01,7.194,60.47,2.438,60.836,1512.52,172.108,0.071
2026-05-27 00:00:00,CP-01,116.14,7.091,61.177,2.516,59.827,1429.096,171.434,0.086
2026-05-27 04:00:00,CP-01,120.003,7.28,59.668,2.323,67.943,1416.882,170.376,0.029
2026-05-27 08:00:00,CP-01,122.331,7.086,59.513,2.498,56.144,1398.958,164.855,0.087
2026-05-27 12:00:00,CP-01,121.888,7.165,59.652,2.534,63.434,1451.524,169.522,0.088
2026-05-27 16:00:00,CP-01,120.316,7.114,57.28,2.562,62.57,1434.208,162.709,0.019
2026-05-27 20:00:00,CP-01,120.069,7.017,58.659,2.423,61.786,1468.014,163.147,0.0
2026-05-28 00:00:00,CP-01,122.036,7.117,59.107,2.405,71.007,1421.429,158.099,0.0
2026-05-28 04:00:00,CP-01,117.724,7.081,59.144,2.098,63.511,1415.928,162.168,0.0
2026-05-28 08:00:00,CP-01,121.664,7.091,59.736,2.261,69.024,1401.233,169.03,0.0
2026-05-28 12:00:00,CP-01,122.77,6.935,59.369,2.192,71.68,1393.317,156.026,0.027
2026-05-28 16:00:00,CP-01,112.253,7.114,59.42,2.24,77.28,1401.737,160.493,0.0
2026-05-28 20:00:00,CP-01,119.303,7.275,59.292,2.132,74.936,1393.147,163.8,0.0
2026-05-29 00:00:00,CP-01,117.811,7.058,58.521,2.423,69.802,1363.966,162.373,0.028
2026-05-29 04:00:00,CP-01,115.222,6.961,54.742,2.147,64.138,1494.246,160.208,0.0
2026-05-29 08:00:00,CP-01,117.774,7.027,58.023,2.4,72.803,1464.977,154.624,0.005
2026-05-29 12:00:00,CP-01,116.483,6.941,58.902,2.485,73.341,1392.065,152.224,0.008
2026-05-29 16:00:00,CP-01,114.307,6.923,57.94,2.307,64.507,1425.436,151.154,0.0
2026-05-29 20:00:00,CP-01,116.018,6.988,58.095,2.547,67.325,1385.667,162.256,0.01
2026-05-30 00:00:00,CP-01,120.478,7.159,58.91,2.247,63.167,1317.161,152.535,0.041
2026-05-30 04:00:00,CP-01,115.739,7.028,58.297,2.39,62.658,1393.621,159.301,0.0
2026-05-30 08:00:00,CP-01,117.115,7.027,59.507,2.369,62.807,1407.427,160.635,0.0
2026-05-30 12:00:00,CP-01,112.401,7.114,58.633,2.403,68.485,1417.243,158.773,0.057
2026-05-30 16:00:00,CP-01,117.98,7.061,57.194,2.42,61.886,1422.051,167.082,0.033
2026-05-30 20:00:00,CP-01,123.078,7.17,59.579,2.419,67.556,1430.651,157.366,0.067
2026-05-31 00:00:00,CP-01,114.069,7.373,61.062,2.316,66.308,1454.668,167.998,0.0
2026-05-31 04:00:00,CP-01,121.233,7.162,60.025,2.357,67.802,1427.987,160.536,0.107
2026-05-31 08:00:00,CP-01,123.457,7.12,61.193,2.391,61.523,1431.115,163.939,0.034
2026-05-31 12:00:00,CP-01,124.281,7.242,60.912,2.43,65.57,1369.192,173.323,0.038
2026-05-31 16:00:00,CP-01,128.813,7.465,62.62,2.406,66.49,1473.714,175.568,0.066
2026-05-31 20:00:00,CP-01,122.255,7.327,61.735,2.511,74.731,1531.756,178.47,0.049
2026-06-01 00:00:00,CP-01,129.124,7.475,61.323,2.687,71.551,1507.996,172.877,0.159
2026-06-01 04:00:00,CP-01,119.982,7.38,62.371,2.529,76.732,1377.142,181.594,0.107
2026-06-01 08:00:00,CP-01,126.082,7.397,64.221,2.822,73.263,1446.935,176.206,0.065
2026-06-01 12:00:00,CP-01,129.008,7.392,63.932,2.666,77.57,1410.141,175.979,0.122
2026-06-01 16:00:00,CP-01,122.475,7.439,63.035,2.665,74.963,1463.989,172.716,0.165
2026-06-01 20:00:00,CP-01,133.991,7.45,62.744,2.717,75.401,1460.346,171.57,0.172
2026-06-02 00:00:00,CP-01,129.945,7.272,63.425,2.892,81.152,1506.39,186.943,0.143
2026-06-02 04:00:00,CP-01,127.957,7.596,64.214,2.821,72.337,1475.598,182.385,0.142
2026-06-02 08:00:00,CP-01,130.325,7.409,62.52,2.785,68.385,1500.6,182.844,0.166
2026-06-02 12:00:00,CP-01,129.732,7.62,65.671,2.593,60.574,1442.96,190.46,0.245
2026-06-02 16:00:00,CP-01,126.394,7.514,63.872,2.76,67.031,1492.449,187.253,0.1
2026-06-02 20:00:00,CP-01,123.836,7.516,64.13,2.701,62.484,1538.896,190.55,0.088
2026-06-03 00:00:00,CP-01,127.704,7.393,64.511,2.89,63.498,1526.232,184.013,0.079
2026-06-03 04:00:00,CP-01,134.328,7.448,66.821,2.612,65.529,1455.753,183.914,0.094
2026-06-03 08:00:00,CP-01,130.109,7.508,63.195,2.632,64.808,1487.86,180.727,0.139
2026-06-03 12:00:00,CP-01,125.37,7.457,62.335,2.578,56.025,1521.186,181.46,0.095
2026-06-03 16:00:00,CP-01,127.797,7.336,65.555,2.637,66.425,1486.888,172.468,0.141
2026-06-03 20:00:00,CP-01,129.698,7.179,62.176,2.601,64.316,1447.946,184.296,0.208
2026-06-04 00:00:00,CP-01,122.729,7.438,64.293,2.581,66.448,1379.327,164.187,0.137
2026-06-04 04:00:00,CP-01,128.214,7.331,62.468,2.489,68.84,1447.528,171.787,0.11
2026-06-04 08:00:00,CP-01,132.215,7.633,60.83,2.744,66.043,1452.8,172.798,0.147
2026-06-04 12:00:00,CP-01,130.939,7.488,61.436,2.586,80.529,1399.355,180.407,0.075
2026-06-04 16:00:00,CP-01,130.245,7.624,63.435,2.694,70.129,1373.934,174.874,0.133
2026-06-04 20:00:00,CP-01,123.925,7.372,62.97,2.391,76.49,1462.126,181.145,0.143
2026-06-05 00:00:00,CP-01,127.698,7.406,61.833,2.52,75.74,1374.461,161.638,0.123
2026-06-05 04:00:00,CP-01,120.743,7.441,65.047,2.668,67.355,1394.224,181.981,0.127
2026-06-05 08:00:00,CP-01,126.028,7.482,64.512,2.671,64.501,1322.269,175.381,0.094
2026-06-05 12:00:00,CP-01,125.597,7.335,61.791,2.436,71.96,1423.193,179.346,0.141
2026-06-05 16:00:00,CP-01,130.4,7.552,64.863,2.44,62.503,1451.548,178.876,0.134
2026-06-05 20:00:00,CP-01,128.717,7.612,64.6,2.85,55.226,1394.45,176.117,0.132
2026-06-06 00:00:00,CP-01,128.547,7.526,62.073,2.758,71.956,1369.551,182.27,0.126
2026-06-06 04:00:00,CP-01,127.244,7.614,64.528,2.619,59.586,1441.14,179.22,0.176
2026-06-06 08:00:00,CP-01,135.167,7.656,62.699,3.012,54.353,1436.088,180.432,0.147
2026-06-06 12:00:00,CP-01,132.951,7.596,63.284,2.698,56.351,1484.415,181.159,0.2
2026-06-06 16:00:00,CP-01,132.924,7.563,66.694,2.823,61.337,1381.126,185.111,0.196
2026-06-06 20:00:00,CP-01,133.156,7.446,63.567,2.768,54.373,1478.978,186.708,0.174
2026-06-07 00:00:00,CP-01,128.503,7.615,65.984,2.831,62.436,1449.668,188.762,0.22
2026-06-07 04:00:00,CP-01,130.696,7.702,66.743,3.127,54.476,1358.49,195.269,0.277
2026-06-07 08:00:00,CP-01,133.947,7.672,62.545,2.988,64.518,1405.081,182.664,0.181
2026-06-07 12:00:00,CP-01,132.098,7.595,64.73,3.014,65.577,1384.131,185.707,0.256
2026-06-07 16:00:00,CP-01,136.74,7.654,65.308,2.834,63.612,1420.016,189.075,0.276
2026-06-07 20:00:00,CP-01,137.546,7.742,68.572,2.866,66.13,1483.232,181.797,0.273
2026-06-08 00:00:00,CP-01,140.377,7.794,65.765,3.138,76.983,1458.311,194.392,0.247
2026-06-08 04:00:00,CP-01,143.711,7.813,68.055,3.311,75.536,1566.951,206.213,0.242
2026-06-08 08:00:00,CP-01,141.893,7.807,68.182,3.31,71.135,1444.177,209.282,0.245
2026-06-08 12:00:00,CP-01,140.675,7.835,70.363,3.25,79.868,1489.139,212.092,0.238
2026-06-08 16:00:00,CP-01,133.605,7.941,70.407,3.189,76.38,1411.325,196.895,0.234
2026-06-08 20:00:00,CP-01,144.17,7.851,67.226,3.458,75.097,1553.673,213.685,0.273
2026-06-09 00:00:00,CP-01,147.587,7.986,70.388,3.307,83.894,1395.765,208.024,0.314
2026-06-09 04:00:00,CP-01,145.073,8.024,68.271,3.324,77.256,1496.979,208.641,0.341
2026-06-09 08:00:00,CP-01,145.184,7.936,68.52,3.299,67.139,1563.443,202.303,0.32
2026-06-09 12:00:00,CP-01,145.928,7.863,69.618,3.105,71.48,1482.269,214.138,0.279
2026-06-09 16:00:00,CP-01,145.813,7.864,69.488,3.406,62.452,1462.352,202.319,0.33
2026-06-09 20:00:00,CP-01,153.066,7.931,72.21,3.269,65.285,1454.243,193.909,0.329
2026-06-10 00:00:00,CP-01,146.419,7.834,69.888,3.239,61.712,1471.084,211.917,0.314
2026-06-10 04:00:00,CP-01,145.702,8.056,72.663,3.25,55.326,1549.213,202.078,0.321
2026-06-10 08:00:00,CP-01,145.853,7.909,71.707,3.399,61.446,1522.782,204.705,0.355
2026-06-10 12:00:00,CP-01,146.871,7.814,68.467,3.115,62.538,1563.336,211.148,0.305
2026-06-10 16:00:00,CP-01,142.972,7.946,68.347,3.129,65.364,1446.91,209.06,0.343
2026-06-10 20:00:00,CP-01,138.787,7.794,69.064,3.124,66.372,1499.611,207.793,0.292
2026-06-11 00:00:00,CP-01,146.549,8.013,70.565,3.225,72.216,1419.205,209.625,0.357
2026-06-11 04:00:00,CP-01,140.903,8.028,67.462,3.161,68.103,1514.889,198.783,0.332
2026-06-11 08:00:00,CP-01,139.944,7.943,70.327,3.299,70.771,1419.9,209.067,0.378
2026-06-11 12:00:00,CP-01,142.524,8.02,70.073,3.156,71.805,1441.922,206.63,0.321
2026-06-11 16:00:00,CP-01,142.008,7.925,68.844,3.079,71.478,1377.264,202.376,0.302
2026-06-11 20:00:00,CP-01,139.388,8.04,69.687,3.183,71.49,1387.469,197.078,0.324
2026-06-12 00:00:00,CP-01,142.247,8.002,68.822,3.27,77.432,1463.133,194.947,0.249
2026-06-12 04:00:00,CP-01,141.009,7.983,68.28,3.204,74.707,1316.833,212.399,0.305
2026-06-12 08:00:00,CP-01,134.122,7.912,71.025,3.209,64.046,1356.02,196.056,0.242
2026-06-12 12:00:00,CP-01,148.875,7.979,70.515,3.03,65.424,1404.029,203.645,0.303
2026-06-12 16:00:00,CP-01,138.987,7.92,69.216,3.105,59.538,1415.989,203.904,0.281
2026-06-12 20:00:00,CP-01,145.975,7.824,68.976,3.309,60.05,1397.985,204.164,0.336
2026-06-13 00:00:00,CP-01,146.371,7.893,69.449,3.241,69.072,1316.385,197.751,0.315
2026-06-13 04:00:00,CP-01,145.284,7.872,68.718,3.112,56.829,1499.39,207.935,0.303
2026-06-13 08:00:00,CP-01,148.128,7.953,69.427,3.026,53.701,1403.604,199.838,0.323
2026-06-13 12:00:00,CP-01,148.36,7.869,69.57,3.098,56.579,1381.979,216.681,0.294
2026-06-13 16:00:00,CP-01,146.164,7.923,69.295,3.428,53.847,1493.753,204.214,0.333
2026-06-13 20:00:00,CP-01,149.947,8.085,66.366,3.319,61.758,1352.602,206.616,0.349
2026-06-14 00:00:00,CP-01,156.547,7.993,70.917,3.134,54.471,1429.484,209.242,0.324
2026-06-14 04:00:00,CP-01,147.686,8.018,68.826,3.169,61.05,1455.772,208.86,0.373
2026-06-14 08:00:00,CP-01,145.725,8.233,71.153,3.363,66.928,1330.18,209.359,0.363
2026-06-14 12:00:00,CP-01,146.406,8.053,70.738,3.577,69.348,1377.408,217.949,0.385
2026-06-14 16:00:00,CP-01,145.887,8.276,70.515,3.471,73.189,1425.179,215.895,0.422
2026-06-14 20:00:00,CP-01,150.975,8.135,73.373,3.324,69.373,1408.359,208.842,0.306
2026-06-15 00:00:00,CP-01,151.14,8.22,73.396,3.35,76.785,1468.792,206.533,0.389
2026-06-15 04:00:00,CP-01,153.396,8.283,74.507,3.505,75.688,1470.516,222.804,0.398
2026-06-15 08:00:00,CP-01,156.34,8.236,71.314,3.439,78.892,1532.126,220.41,0.449
2026-06-15 12:00:00,CP-01,158.651,8.141,72.525,3.662,73.147,1463.145,236.654,0.481
2026-06-15 16:00:00,CP-01,155.904,8.445,74.11,3.587,81.755,1461.145,233.838,0.435
2026-06-15 20:00:00,CP-01,158.209,8.315,74.659,3.554,72.308,1517.655,225.406,0.474
2026-06-16 00:00:00,CP-01,156.888,8.43,76.044,3.679,71.846,1405.413,218.753,0.474
2026-06-16 04:00:00,CP-01,153.683,8.345,76.594,3.815,76.384,1481.949,223.814,0.454
2026-06-16 08:00:00,CP-01,155.625,8.535,76.019,3.611,69.561,1460.208,230.322,0.489
2026-06-16 12:00:00,CP-01,162.423,8.605,75.635,3.623,70.12,1534.084,233.035,0.479
2026-06-16 16:00:00,CP-01,159.959,8.299,76.119,3.979,64.387,1494.287,238.059,0.5
2026-06-16 20:00:00,CP-01,155.166,8.64,76.732,3.774,61.012,1450.938,235.306,0.495
2026-06-17 00:00:00,CP-01,162.609,8.356,73.663,4.057,70.935,1520.389,234.331,0.527
2026-06-17 04:00:00,CP-01,165.936,8.529,77.281,3.941,60.91,1479.506,231.413,0.506
2026-06-17 08:00:00,CP-01,161.864,8.62,75.132,3.581,65.815,1464.883,223.516,0.465
2026-06-17 12:00:00,CP-01,164.095,8.468,75.573,3.631,67.376,1564.75,242.267,0.469
2026-06-17 16:00:00,CP-01,157.157,8.469,76.694,3.896,75.587,1483.383,232.573,0.466
2026-06-17 20:00:00,CP-01,163.086,8.595,77.733,3.785,64.884,1465.777,229.791,0.348
2026-06-18 00:00:00,CP-01,158.046,8.421,75.26,3.669,72.488,1392.371,227.814,0.456
2026-06-18 04:00:00,CP-01,161.533,8.512,74.122,3.841,78.408,1499.245,231.428,0.539
2026-06-18 08:00:00,CP-01,162.952,8.386,75.546,3.723,78.042,1432.901,238.396,0.532
2026-06-18 12:00:00,CP-01,158.639,8.609,76.844,3.728,72.245,1408.785,227.005,0.514
2026-06-18 16:00:00,CP-01,160.908,8.337,74.778,3.705,85.214,1467.684,240.185,0.462
2026-06-18 20:00:00,CP-01,165.089,8.398,74.953,3.733,74.88,1443.505,231.88,0.422
2026-06-19 00:00:00,CP-01,162.965,8.547,75.575,3.843,79.686,1394.286,237.449,0.5
2026-06-19 04:00:00,CP-01,166.312,8.593,76.882,3.803,71.046,1525.91,221.036,0.483
2026-06-19 08:00:00,CP-01,159.715,8.503,75.35,3.878,75.277,1431.682,227.658,0.514
2026-06-19 12:00:00,CP-01,161.725,8.511,76.605,3.677,67.97,1458.475,230.682,0.43
2026-06-19 16:00:00,CP-01,162.242,8.493,75.676,3.749,69.094,1485.709,222.603,0.461
2026-06-19 20:00:00,CP-01,160.502,8.333,76.299,3.507,68.949,1364.045,226.96,0.515
2026-06-20 00:00:00,CP-01,156.629,8.484,76.194,3.684,62.983,1538.16,234.353,0.486
2026-06-20 04:00:00,CP-01,157.913,8.594,76.082,3.678,63.334,1417.95,224.332,0.435
2026-06-20 08:00:00,CP-01,158.376,8.462,74.647,3.647,61.639,1342.491,229.64,0.453
2026-06-20 12:00:00,CP-01,160.571,8.36,76.738,3.727,55.796,1435.773,227.966,0.471
2026-06-20 16:00:00,CP-01,159.39,8.514,73.622,3.717,62.476,1455.62,225.245,0.475
2026-06-20 20:00:00,CP-01,166.913,8.426,75.571,3.791,52.973,1376.592,233.744,0.484
2026-06-21 00:00:00,CP-01,162.873,8.677,78.877,3.798,63.544,1476.082,229.333,0.553
2026-06-21 04:00:00,CP-01,166.888,8.574,76.703,3.853,64.567,1432.83,233.323,0.485
2026-06-21 08:00:00,CP-01,168.861,8.518,75.743,3.864,65.544,1413.353,232.678,0.446
2026-06-21 12:00:00,CP-01,169.75,8.554,78.835,3.843,70.568,1427.033,226.705,0.589
2026-06-21 16:00:00,CP-01,162.116,8.817,76.12,4.055,73.029,1400.469,235.549,0.524
2026-06-21 20:00:00,CP-01,164.718,8.532,76.025,3.835,69.269,1401.356,226.584,0.523
2026-06-22 00:00:00,CP-01,166.21,8.66,77.842,3.805,75.389,1419.676,242.224,0.566
2026-06-22 04:00:00,CP-01,163.325,8.423,79.883,4.004,71.842,1477.057,232.793,0.526
2026-06-22 08:00:00,CP-01,172.718,8.725,78.825,4.036,74.32,1454.714,239.114,0.557
2026-06-22 12:00:00,CP-01,168.385,8.884,77.942,4.144,76.692,1412.56,247.998,0.511
2026-06-22 16:00:00,CP-01,171.32,8.818,78.515,4.137,77.866,1447.601,240.047,0.605
2026-06-22 20:00:00,CP-01,173.961,8.559,80.609,3.769,76.279,1418.234,241.813,0.561
2026-06-23 00:00:00,CP-01,176.416,8.804,80.683,4.042,68.746,1440.563,248.923,0.55
2026-06-23 04:00:00,CP-01,167.615,8.779,79.03,4.019,66.216,1508.801,243.13,0.555
2026-06-23 08:00:00,CP-01,167.118,8.715,79.456,4.017,75.281,1478.221,240.553,0.544
2026-06-23 12:00:00,CP-01,175.809,8.935,76.69,4.184,67.865,1549.243,251.326,0.583
2026-06-23 16:00:00,CP-01,172.124,8.736,80.01,4.174,56.214,1445.008,243.464,0.571
2026-06-23 20:00:00,CP-01,174.899,8.679,78.644,4.236,57.561,1505.818,250.44,0.591
2026-06-24 00:00:00,CP-01,173.805,8.869,79.701,3.997,62.029,1484.221,248.785,0.55
2026-06-24 04:00:00,CP-01,175.162,8.929,79.302,4.149,58.319,1493.746,253.33,0.603
2026-06-24 08:00:00,CP-01,175.123,8.767,81.31,4.383,59.659,1464.837,253.076,0.643
2026-06-24 12:00:00,CP-01,166.04,8.598,82.022,4.145,60.379,1536.947,253.521,0.61
2026-06-24 16:00:00,CP-01,166.604,8.878,79.903,4.1,64.007,1545.79,251.476,0.588
2026-06-24 20:00:00,CP-01,170.382,8.835,79.269,4.426,64.949,1500.873,247.264,0.643
2026-06-25 00:00:00,CP-01,174.211,8.862,78.861,4.106,66.919,1501.298,255.607,0.582
2026-06-25 04:00:00,CP-01,177.655,8.818,80.218,4.061,70.816,1431.683,255.535,0.591
2026-06-25 08:00:00,CP-01,170.202,8.731,82.219,4.192,69.184,1443.322,248.853,0.569
2026-06-25 12:00:00,CP-01,168.967,8.762,77.261,3.866,81.612,1494.68,246.649,0.689
2026-06-25 16:00:00,CP-01,170.752,8.994,81.588,4.14,76.398,1472.865,250.414,0.535
2026-06-25 20:00:00,CP-01,178.198,8.632,75.375,4.058,74.494,1480.664,251.227,0.536
2026-06-26 00:00:00,CP-01,167.659,8.761,77.69,3.836,75.302,1444.33,244.754,0.599
2026-06-26 04:00:00,CP-01,164.058,8.901,76.488,3.981,73.67,1458.856,245.078,0.603
2026-06-26 08:00:00,CP-01,168.069,8.792,75.813,3.757,74.802,1431.486,248.413,0.574
2026-06-26 12:00:00,CP-01,165.795,8.652,78.726,3.842,73.043,1356.071,234.926,0.576
2026-06-26 16:00:00,CP-01,162.648,8.692,77.083,4.157,72.767,1434.402,240.401,0.537
2026-06-26 20:00:00,CP-01,164.114,8.684,80.462,3.951,69.011,1371.967,241.877,0.487
2026-06-27 00:00:00,CP-01,159.141,8.62,79.159,3.877,71.507,1411.788,234.697,0.601
2026-06-27 04:00:00,CP-01,162.376,8.507,77.739,3.872,62.653,1457.02,230.818,0.523
2026-06-27 08:00:00,CP-01,162.208,8.714,76.506,4.102,58.529,1417.578,245.2,0.516
2026-06-27 12:00:00,CP-01,165.135,8.591,76.489,3.784,49.955,1372.281,244.803,0.564
2026-06-27 16:00:00,CP-01,166.733,8.371,76.854,3.768,61.161,1472.955,228.289,0.472
2026-06-27 20:00:00,CP-01,168.28,8.675,76.377,3.855,62.271,1397.286,241.835,0.498
2026-06-28 00:00:00,CP-01,158.526,8.438,75.602,4.019,59.208,1379.387,231.118,0.518
2026-06-28 04:00:00,CP-01,164.431,8.581,76.764,4.067,70.141,1436.339,240.211,0.511
2026-06-28 08:00:00,CP-01,164.696,8.554,76.683,4.093,68.616,1485.16,241.416,0.524
2026-06-28 12:00:00,CP-01,165.568,8.582,75.527,3.853,65.387,1446.319,231.546,0.54
2026-06-28 16:00:00,CP-01,165.178,8.758,77.542,3.802,66.16,1359.519,230.914,0.489
2026-06-28 20:00:00,CP-01,168.784,8.443,76.117,3.72,65.824,1384.233,228.452,0.447
2026-06-29 00:00:00,CP-01,164.834,8.649,75.007,3.821,73.44,1429.124,234.956,0.49
2026-06-29 04:00:00,CP-01,165.849,8.428,74.956,3.832,79.7,1437.249,245.634,0.523
2026-06-29 08:00:00,CP-01,167.479,8.774,76.302,3.901,73.84,1412.129,246.411,0.486
2026-06-29 12:00:00,CP-01,165.725,8.496,75.564,3.735,76.299,1441.545,237.611,0.568
2026-06-29 16:00:00,CP-01,168.991,8.634,77.907,3.917,81.148,1430.086,238.87,0.53
2026-06-29 20:00:00,CP-01,168.038,8.468,77.58,3.976,73.741,1458.496,241.309,0.582
2026-01-01 00:00:00,EM-01,0.0,0.0,31.345,0.0,0.0,0.0,971.095,0.0
2026-01-01 04:00:00,EM-01,0.0,0.0,31.473,0.0,0.0,0.0,907.571,0.0
2026-01-01 08:00:00,EM-01,0.0,0.0,31.124,0.0,0.0,0.0,917.417,0.0
2026-01-01 12:00:00,EM-01,0.0,0.0,31.309,0.0,0.0,0.0,958.195,0.0
2026-01-01 16:00:00,EM-01,0.0,0.0,31.227,0.0,0.0,0.0,924.289,0.0
2026-01-01 20:00:00,EM-01,0.0,0.0,31.753,0.0,0.0,0.0,922.343,0.0
2026-01-02 00:00:00,EM-01,0.0,0.0,31.098,0.0,0.0,0.0,952.842,0.0
2026-01-02 04:00:00,EM-01,0.0,0.0,30.681,0.0,0.0,0.0,935.962,0.0
2026-01-02 08:00:00,EM-01,0.0,0.0,32.123,0.0,0.0,0.0,907.496,0.0
2026-01-02 12:00:00,EM-01,0.0,0.0,30.789,0.0,0.0,0.0,918.286,0.0
2026-01-02 16:00:00,EM-01,0.0,0.0,30.305,0.0,0.0,0.0,995.155,0.0
2026-01-02 20:00:00,EM-01,0.0,0.0,31.813,0.0,0.0,0.0,937.227,0.0
2026-01-03 00:00:00,EM-01,0.0,0.0,31.069,0.0,0.0,0.0,1002.4,0.0
2026-01-03 04:00:00,EM-01,0.0,0.0,32.072,0.0,0.0,0.0,948.614,0.0
2026-01-03 08:00:00,EM-01,0.0,0.0,32.336,0.0,0.0,0.0,958.978,0.0
2026-01-03 12:00:00,EM-01,0.0,0.0,31.386,0.0,0.0,0.0,934.35,0.0
2026-01-03 16:00:00,EM-01,0.0,0.0,31.281,0.0,0.0,0.0,922.496,0.0
2026-01-03 20:00:00,EM-01,0.0,0.0,32.105,0.0,0.0,0.0,930.792,0.0
2026-01-04 00:00:00,EM-01,0.0,0.0,32.151,0.0,0.0,0.0,920.25,0.0
2026-01-04 04:00:00,EM-01,0.0,0.0,31.038,0.0,0.0,0.0,924.965,0.0
2026-01-04 08:00:00,EM-01,0.0,0.0,30.784,0.0,0.0,0.0,917.774,0.0
2026-01-04 12:00:00,EM-01,0.0,0.0,31.445,0.0,0.0,0.0,954.102,0.0
2026-01-04 16:00:00,EM-01,0.0,0.0,31.209,0.0,0.0,0.0,895.179,0.0
2026-01-04 20:00:00,EM-01,0.0,0.0,30.633,0.0,0.0,0.0,904.569,0.0
2026-01-05 00:00:00,EM-01,0.0,0.0,31.737,0.0,0.0,0.0,935.664,0.0
2026-01-05 04:00:00,EM-01,0.0,0.0,31.381,0.0,0.0,0.0,892.756,0.0
2026-01-05 08:00:00,EM-01,0.0,0.0,29.979,0.0,0.0,0.0,917.787,0.0
2026-01-05 12:00:00,EM-01,0.0,0.0,30.318,0.0,0.0,0.0,907.531,0.0
2026-01-05 16:00:00,EM-01,0.0,0.0,30.696,0.0,0.0,0.0,888.435,0.0
2026-01-05 20:00:00,EM-01,0.0,0.0,30.936,0.0,0.0,0.0,861.166,0.0
2026-01-06 00:00:00,EM-01,0.0,0.0,30.408,0.0,0.0,0.0,907.29,0.0
2026-01-06 04:00:00,EM-01,0.0,0.0,31.198,0.0,0.0,0.0,892.934,0.0
2026-01-06 08:00:00,EM-01,0.0,0.0,30.932,0.0,0.0,0.0,915.578,0.0
2026-01-06 12:00:00,EM-01,0.0,0.0,31.481,0.0,0.0,0.0,895.043,0.0
2026-01-06 16:00:00,EM-01,0.0,0.0,31.328,0.0,0.0,0.0,905.949,0.0
2026-01-06 20:00:00,EM-01,0.0,0.0,29.456,0.0,0.0,0.0,888.647,0.0
2026-01-07 00:00:00,EM-01,0.0,0.0,29.806,0.0,0.0,0.0,923.904,0.0
2026-01-07 04:00:00,EM-01,0.0,0.0,30.414,0.0,0.0,0.0,860.769,0.0
2026-01-07 08:00:00,EM-01,0.0,0.0,30.842,0.0,0.0,0.0,923.122,0.0
2026-01-07 12:00:00,EM-01,0.0,0.0,30.231,0.0,0.0,0.0,885.678,0.0
2026-01-07 16:00:00,EM-01,0.0,0.0,30.624,0.0,0.0,0.0,857.916,0.0
2026-01-07 20:00:00,EM-01,0.0,0.0,30.975,0.0,0.0,0.0,941.255,0.0
2026-01-08 00:00:00,EM-01,0.0,0.0,30.353,0.0,0.0,0.0,948.711,0.0
2026-01-08 04:00:00,EM-01,0.0,0.0,31.316,0.0,0.0,0.0,909.29,0.0
2026-01-08 08:00:00,EM-01,0.0,0.0,31.229,0.0,0.0,0.0,951.824,0.0
2026-01-08 12:00:00,EM-01,0.0,0.0,31.074,0.0,0.0,0.0,928.931,0.0
2026-01-08 16:00:00,EM-01,0.0,0.0,30.823,0.0,0.0,0.0,921.796,0.0
2026-01-08 20:00:00,EM-01,0.0,0.0,31.575,0.0,0.0,0.0,924.855,0.0
2026-01-09 00:00:00,EM-01,0.0,0.0,31.041,0.0,0.0,0.0,959.404,0.0
2026-01-09 04:00:00,EM-01,0.0,0.0,31.651,0.0,0.0,0.0,926.3,0.0
2026-01-09 08:00:00,EM-01,0.0,0.0,32.402,0.0,0.0,0.0,988.975,0.0
2026-01-09 12:00:00,EM-01,0.0,0.0,32.09,0.0,0.0,0.0,916.974,0.0
2026-01-09 16:00:00,EM-01,0.0,0.0,31.835,0.0,0.0,0.0,960.335,0.0
2026-01-09 20:00:00,EM-01,0.0,0.0,30.842,0.0,0.0,0.0,976.33,0.0
2026-01-10 00:00:00,EM-01,0.0,0.0,31.823,0.0,0.0,0.0,976.448,0.0
2026-01-10 04:00:00,EM-01,0.0,0.0,31.578,0.0,0.0,0.0,963.022,0.0
2026-01-10 08:00:00,EM-01,0.0,0.0,32.029,0.0,0.0,0.0,956.771,0.0
2026-01-10 12:00:00,EM-01,0.0,0.0,32.004,0.0,0.0,0.0,949.203,0.0
2026-01-10 16:00:00,EM-01,0.0,0.0,31.107,0.0,0.0,0.0,905.086,0.0
2026-01-10 20:00:00,EM-01,0.0,0.0,31.371,0.0,0.0,0.0,968.124,0.0
2026-01-11 00:00:00,EM-01,0.0,0.0,31.104,0.0,0.0,0.0,972.279,0.0
2026-01-11 04:00:00,EM-01,0.0,0.0,32.321,0.0,0.0,0.0,956.365,0.0
2026-01-11 08:00:00,EM-01,0.0,0.0,31.434,0.0,0.0,0.0,965.889,0.0
2026-01-11 12:00:00,EM-01,0.0,0.0,32.048,0.0,0.0,0.0,933.982,0.0
2026-01-11 16:00:00,EM-01,0.0,0.0,31.397,0.0,0.0,0.0,916.751,0.0
2026-01-11 20:00:00,EM-01,0.0,0.0,31.407,0.0,0.0,0.0,884.092,0.0
2026-01-12 00:00:00,EM-01,0.0,0.0,31.002,0.0,0.0,0.0,907.346,0.0
2026-01-12 04:00:00,EM-01,0.0,0.0,31.006,0.0,0.0,0.0,904.176,0.0
2026-01-12 08:00:00,EM-01,0.0,0.0,29.943,0.0,0.0,0.0,902.857,0.0
2026-01-12 12:00:00,EM-01,0.0,0.0,30.594,0.0,0.0,0.0,937.477,0.0
2026-01-12 16:00:00,EM-01,0.0,0.0,30.407,0.0,0.0,0.0,889.603,0.0
2026-01-12 20:00:00,EM-01,0.0,0.0,30.022,0.0,0.0,0.0,930.735,0.0
2026-01-13 00:00:00,EM-01,0.0,0.0,30.442,0.0,0.0,0.0,907.092,0.0
2026-01-13 04:00:00,EM-01,0.0,0.0,29.669,0.0,0.0,0.0,857.501,0.0
2026-01-13 08:00:00,EM-01,0.0,0.0,29.936,0.0,0.0,0.0,931.318,0.0
2026-01-13 12:00:00,EM-01,0.0,0.0,29.777,0.0,0.0,0.0,877.61,0.0
2026-01-13 16:00:00,EM-01,0.0,0.0,30.311,0.0,0.0,0.0,875.644,0.0
2026-01-13 20:00:00,EM-01,0.0,0.0,30.523,0.0,0.0,0.0,869.558,0.0
2026-01-14 00:00:00,EM-01,0.0,0.0,29.676,0.0,0.0,0.0,949.509,0.0
2026-01-14 04:00:00,EM-01,0.0,0.0,29.759,0.0,0.0,0.0,905.61,0.0
2026-01-14 08:00:00,EM-01,0.0,0.0,29.767,0.0,0.0,0.0,852.937,0.0
2026-01-14 12:00:00,EM-01,0.0,0.0,30.239,0.0,0.0,0.0,858.585,0.0
2026-01-14 16:00:00,EM-01,0.0,0.0,30.12,0.0,0.0,0.0,872.684,0.0
2026-01-14 20:00:00,EM-01,0.0,0.0,31.035,0.0,0.0,0.0,857.977,0.0
2026-01-15 00:00:00,EM-01,0.0,0.0,30.797,0.0,0.0,0.0,902.334,0.0
2026-01-15 04:00:00,EM-01,0.0,0.0,30.398,0.0,0.0,0.0,881.861,0.0
2026-01-15 08:00:00,EM-01,0.0,0.0,30.693,0.0,0.0,0.0,907.903,0.0
2026-01-15 12:00:00,EM-01,0.0,0.0,30.902,0.0,0.0,0.0,900.658,0.0
2026-01-15 16:00:00,EM-01,0.0,0.0,30.192,0.0,0.0,0.0,931.027,0.0
2026-01-15 20:00:00,EM-01,0.0,0.0,30.894,0.0,0.0,0.0,901.534,0.0
2026-01-16 00:00:00,EM-01,0.0,0.0,30.474,0.0,0.0,0.0,940.986,0.0
2026-01-16 04:00:00,EM-01,0.0,0.0,31.831,0.0,0.0,0.0,937.612,0.0
2026-01-16 08:00:00,EM-01,0.0,0.0,31.544,0.0,0.0,0.0,955.63,0.0
2026-01-16 12:00:00,EM-01,0.0,0.0,31.115,0.0,0.0,0.0,981.77,0.0
2026-01-16 16:00:00,EM-01,0.0,0.0,30.841,0.0,0.0,0.0,931.686,0.0
2026-01-16 20:00:00,EM-01,0.0,0.0,31.077,0.0,0.0,0.0,942.337,0.0
2026-01-17 00:00:00,EM-01,0.0,0.0,32.466,0.0,0.0,0.0,938.728,0.0
2026-01-17 04:00:00,EM-01,0.0,0.0,31.843,0.0,0.0,0.0,880.783,0.0
2026-01-17 08:00:00,EM-01,0.0,0.0,31.899,0.0,0.0,0.0,971.926,0.0
2026-01-17 12:00:00,EM-01,0.0,0.0,31.778,0.0,0.0,0.0,926.651,0.0
2026-01-17 16:00:00,EM-01,0.0,0.0,31.108,0.0,0.0,0.0,939.391,0.0
2026-01-17 20:00:00,EM-01,0.0,0.0,31.115,0.0,0.0,0.0,988.334,0.0
2026-01-18 00:00:00,EM-01,0.0,0.0,31.991,0.0,0.0,0.0,985.188,0.0
2026-01-18 04:00:00,EM-01,0.0,0.0,31.576,0.0,0.0,0.0,934.142,0.0
2026-01-18 08:00:00,EM-01,0.0,0.0,31.326,0.0,0.0,0.0,939.618,0.0
2026-01-18 12:00:00,EM-01,0.0,0.0,31.39,0.0,0.0,0.0,975.942,0.0
2026-01-18 16:00:00,EM-01,0.0,0.0,32.071,0.0,0.0,0.0,951.773,0.0
2026-01-18 20:00:00,EM-01,0.0,0.0,30.65,0.0,0.0,0.0,949.289,0.0
2026-01-19 00:00:00,EM-01,0.0,0.0,31.278,0.0,0.0,0.0,971.095,0.0
2026-01-19 04:00:00,EM-01,0.0,0.0,31.822,0.0,0.0,0.0,938.492,0.0
2026-01-19 08:00:00,EM-01,0.0,0.0,30.155,0.0,0.0,0.0,928.019,0.0
2026-01-19 12:00:00,EM-01,0.0,0.0,30.813,0.0,0.0,0.0,935.979,0.0
2026-01-19 16:00:00,EM-01,0.0,0.0,30.453,0.0,0.0,0.0,928.235,0.0
2026-01-19 20:00:00,EM-01,0.0,0.0,29.783,0.0,0.0,0.0,886.21,0.0
2026-01-20 00:00:00,EM-01,0.0,0.0,30.382,0.0,0.0,0.0,900.817,0.0
2026-01-20 04:00:00,EM-01,0.0,0.0,30.948,0.0,0.0,0.0,871.232,0.0
2026-01-20 08:00:00,EM-01,0.0,0.0,30.311,0.0,0.0,0.0,890.734,0.0
2026-01-20 12:00:00,EM-01,0.0,0.0,30.92,0.0,0.0,0.0,896.535,0.0
2026-01-20 16:00:00,EM-01,0.0,0.0,29.971,0.0,0.0,0.0,872.88,0.0
2026-01-20 20:00:00,EM-01,0.0,0.0,30.119,0.0,0.0,0.0,856.888,0.0
2026-01-21 00:00:00,EM-01,0.0,0.0,31.204,0.0,0.0,0.0,891.755,0.0
2026-01-21 04:00:00,EM-01,0.0,0.0,29.825,0.0,0.0,0.0,865.877,0.0
2026-01-21 08:00:00,EM-01,0.0,0.0,29.638,0.0,0.0,0.0,896.91,0.0
2026-01-21 12:00:00,EM-01,0.0,0.0,29.386,0.0,0.0,0.0,883.629,0.0
2026-01-21 16:00:00,EM-01,0.0,0.0,30.552,0.0,0.0,0.0,874.189,0.0
2026-01-21 20:00:00,EM-01,0.0,0.0,29.73,0.0,0.0,0.0,907.051,0.0
2026-01-22 00:00:00,EM-01,0.0,0.0,29.692,0.0,0.0,0.0,882.773,0.0
2026-01-22 04:00:00,EM-01,0.0,0.0,30.386,0.0,0.0,0.0,877.045,0.0
2026-01-22 08:00:00,EM-01,0.0,0.0,29.749,0.0,0.0,0.0,880.35,0.0
2026-01-22 12:00:00,EM-01,0.0,0.0,30.621,0.0,0.0,0.0,879.273,0.0
2026-01-22 16:00:00,EM-01,0.0,0.0,30.757,0.0,0.0,0.0,893.303,0.0
2026-01-22 20:00:00,EM-01,0.0,0.0,30.285,0.0,0.0,0.0,886.274,0.0
2026-01-23 00:00:00,EM-01,0.0,0.0,30.817,0.0,0.0,0.0,932.419,0.0
2026-01-23 04:00:00,EM-01,0.0,0.0,30.857,0.0,0.0,0.0,889.094,0.0
2026-01-23 08:00:00,EM-01,0.0,0.0,31.47,0.0,0.0,0.0,895.338,0.0
2026-01-23 12:00:00,EM-01,0.0,0.0,31.908,0.0,0.0,0.0,916.341,0.0
2026-01-23 16:00:00,EM-01,0.0,0.0,30.643,0.0,0.0,0.0,937.235,0.0
2026-01-23 20:00:00,EM-01,0.0,0.0,31.043,0.0,0.0,0.0,939.033,0.0
2026-01-24 00:00:00,EM-01,0.0,0.0,31.353,0.0,0.0,0.0,901.843,0.0
2026-01-24 04:00:00,EM-01,0.0,0.0,31.361,0.0,0.0,0.0,948.629,0.0
2026-01-24 08:00:00,EM-01,0.0,0.0,31.541,0.0,0.0,0.0,969.461,0.0
2026-01-24 12:00:00,EM-01,0.0,0.0,31.721,0.0,0.0,0.0,938.649,0.0
2026-01-24 16:00:00,EM-01,0.0,0.0,31.732,0.0,0.0,0.0,935.741,0.0
2026-01-24 20:00:00,EM-01,0.0,0.0,31.863,0.0,0.0,0.0,957.381,0.0
2026-01-25 00:00:00,EM-01,0.0,0.0,31.063,0.0,0.0,0.0,968.486,0.0
2026-01-25 04:00:00,EM-01,0.0,0.0,32.911,0.0,0.0,0.0,964.428,0.0
2026-01-25 08:00:00,EM-01,0.0,0.0,30.684,0.0,0.0,0.0,942.771,0.0
2026-01-25 12:00:00,EM-01,0.0,0.0,31.074,0.0,0.0,0.0,945.684,0.0
2026-01-25 16:00:00,EM-01,0.0,0.0,32.088,0.0,0.0,0.0,935.194,0.0
2026-01-25 20:00:00,EM-01,0.0,0.0,32.685,0.0,0.0,0.0,884.597,0.0
2026-01-26 00:00:00,EM-01,0.0,0.0,31.519,0.0,0.0,0.0,956.774,0.0
2026-01-26 04:00:00,EM-01,0.0,0.0,30.951,0.0,0.0,0.0,920.862,0.0
2026-01-26 08:00:00,EM-01,0.0,0.0,31.918,0.0,0.0,0.0,986.447,0.0
2026-01-26 12:00:00,EM-01,0.0,0.0,32.515,0.0,0.0,0.0,931.218,0.0
2026-01-26 16:00:00,EM-01,0.0,0.0,32.062,0.0,0.0,0.0,933.693,0.0
2026-01-26 20:00:00,EM-01,0.0,0.0,31.738,0.0,0.0,0.0,926.323,0.0
2026-01-27 00:00:00,EM-01,0.0,0.0,30.56,0.0,0.0,0.0,963.199,0.0
2026-01-27 04:00:00,EM-01,0.0,0.0,32.03,0.0,0.0,0.0,912.694,0.0
2026-01-27 08:00:00,EM-01,0.0,0.0,31.439,0.0,0.0,0.0,914.434,0.0
2026-01-27 12:00:00,EM-01,0.0,0.0,31.989,0.0,0.0,0.0,879.279,0.0
2026-01-27 16:00:00,EM-01,0.0,0.0,30.65,0.0,0.0,0.0,875.959,0.0
2026-01-27 20:00:00,EM-01,0.0,0.0,29.815,0.0,0.0,0.0,902.106,0.0
2026-01-28 00:00:00,EM-01,0.0,0.0,30.323,0.0,0.0,0.0,877.89,0.0
2026-01-28 04:00:00,EM-01,0.0,0.0,30.919,0.0,0.0,0.0,926.97,0.0
2026-01-28 08:00:00,EM-01,0.0,0.0,30.678,0.0,0.0,0.0,851.693,0.0
2026-01-28 12:00:00,EM-01,0.0,0.0,30.529,0.0,0.0,0.0,899.355,0.0
2026-01-28 16:00:00,EM-01,0.0,0.0,29.862,0.0,0.0,0.0,897.735,0.0
2026-01-28 20:00:00,EM-01,0.0,0.0,30.006,0.0,0.0,0.0,869.803,0.0
2026-01-29 00:00:00,EM-01,0.0,0.0,29.633,0.0,0.0,0.0,906.659,0.0
2026-01-29 04:00:00,EM-01,0.0,0.0,30.93,0.0,0.0,0.0,884.305,0.0
2026-01-29 08:00:00,EM-01,0.0,0.0,30.778,0.0,0.0,0.0,922.721,0.0
2026-01-29 12:00:00,EM-01,0.0,0.0,30.356,0.0,0.0,0.0,887.33,0.0
2026-01-29 16:00:00,EM-01,0.0,0.0,30.572,0.0,0.0,0.0,871.73,0.0
2026-01-29 20:00:00,EM-01,0.0,0.0,30.665,0.0,0.0,0.0,896.494,0.0
2026-01-30 00:00:00,EM-01,0.0,0.0,29.757,0.0,0.0,0.0,866.387,0.0
2026-01-30 04:00:00,EM-01,0.0,0.0,30.001,0.0,0.0,0.0,910.772,0.0
2026-01-30 08:00:00,EM-01,0.0,0.0,30.425,0.0,0.0,0.0,902.208,0.0
2026-01-30 12:00:00,EM-01,0.0,0.0,31.412,0.0,0.0,0.0,916.855,0.0
2026-01-30 16:00:00,EM-01,0.0,0.0,30.456,0.0,0.0,0.0,888.585,0.0
2026-01-30 20:00:00,EM-01,0.0,0.0,31.056,0.0,0.0,0.0,893.385,0.0
2026-01-31 00:00:00,EM-01,0.0,0.0,31.658,0.0,0.0,0.0,925.591,0.0
2026-01-31 04:00:00,EM-01,0.0,0.0,31.172,0.0,0.0,0.0,902.798,0.0
2026-01-31 08:00:00,EM-01,0.0,0.0,31.532,0.0,0.0,0.0,954.63,0.0
2026-01-31 12:00:00,EM-01,0.0,0.0,31.234,0.0,0.0,0.0,954.336,0.0
2026-01-31 16:00:00,EM-01,0.0,0.0,31.185,0.0,0.0,0.0,935.806,0.0
2026-01-31 20:00:00,EM-01,0.0,0.0,32.577,0.0,0.0,0.0,932.439,0.0
2026-02-01 00:00:00,EM-01,0.0,0.0,31.841,0.0,0.0,0.0,935.3,0.0
2026-02-01 04:00:00,EM-01,0.0,0.0,31.769,0.0,0.0,0.0,962.781,0.0
2026-02-01 08:00:00,EM-01,0.0,0.0,31.201,0.0,0.0,0.0,933.168,0.0
2026-02-01 12:00:00,EM-01,0.0,0.0,32.011,0.0,0.0,0.0,954.586,0.0
2026-02-01 16:00:00,EM-01,0.0,0.0,32.354,0.0,0.0,0.0,958.147,0.0
2026-02-01 20:00:00,EM-01,0.0,0.0,32.726,0.0,0.0,0.0,968.333,0.0
2026-02-02 00:00:00,EM-01,0.0,0.0,32.732,0.0,0.0,0.0,990.759,0.0
2026-02-02 04:00:00,EM-01,0.0,0.0,31.391,0.0,0.0,0.0,985.214,0.0
2026-02-02 08:00:00,EM-01,0.0,0.0,32.189,0.0,0.0,0.0,969.933,0.0
2026-02-02 12:00:00,EM-01,0.0,0.0,32.272,0.0,0.0,0.0,941.112,0.0
2026-02-02 16:00:00,EM-01,0.0,0.0,31.763,0.0,0.0,0.0,936.043,0.0
2026-02-02 20:00:00,EM-01,0.0,0.0,32.734,0.0,0.0,0.0,925.449,0.0
2026-02-03 00:00:00,EM-01,0.0,0.0,30.77,0.0,0.0,0.0,920.504,0.0
2026-02-03 04:00:00,EM-01,0.0,0.0,31.323,0.0,0.0,0.0,933.852,0.0
2026-02-03 08:00:00,EM-01,0.0,0.0,31.724,0.0,0.0,0.0,931.821,0.0
2026-02-03 12:00:00,EM-01,0.0,0.0,30.896,0.0,0.0,0.0,937.744,0.0
2026-02-03 16:00:00,EM-01,0.0,0.0,31.664,0.0,0.0,0.0,926.979,0.0
2026-02-03 20:00:00,EM-01,0.0,0.0,31.404,0.0,0.0,0.0,919.63,0.0
2026-02-04 00:00:00,EM-01,0.0,0.0,30.708,0.0,0.0,0.0,929.13,0.0
2026-02-04 04:00:00,EM-01,0.0,0.0,30.864,0.0,0.0,0.0,931.735,0.0
2026-02-04 08:00:00,EM-01,0.0,0.0,31.458,0.0,0.0,0.0,902.164,0.0
2026-02-04 12:00:00,EM-01,0.0,0.0,30.899,0.0,0.0,0.0,925.194,0.0
2026-02-04 16:00:00,EM-01,0.0,0.0,30.694,0.0,0.0,0.0,909.029,0.0
2026-02-04 20:00:00,EM-01,0.0,0.0,30.484,0.0,0.0,0.0,900.201,0.0
2026-02-05 00:00:00,EM-01,0.0,0.0,30.624,0.0,0.0,0.0,878.027,0.0
2026-02-05 04:00:00,EM-01,0.0,0.0,29.413,0.0,0.0,0.0,887.871,0.0
2026-02-05 08:00:00,EM-01,0.0,0.0,30.183,0.0,0.0,0.0,925.323,0.0
2026-02-05 12:00:00,EM-01,0.0,0.0,30.41,0.0,0.0,0.0,900.464,0.0
2026-02-05 16:00:00,EM-01,0.0,0.0,30.034,0.0,0.0,0.0,873.964,0.0
2026-02-05 20:00:00,EM-01,0.0,0.0,29.823,0.0,0.0,0.0,859.324,0.0
2026-02-06 00:00:00,EM-01,0.0,0.0,30.668,0.0,0.0,0.0,896.067,0.0
2026-02-06 04:00:00,EM-01,0.0,0.0,31.101,0.0,0.0,0.0,903.295,0.0
2026-02-06 08:00:00,EM-01,0.0,0.0,30.506,0.0,0.0,0.0,847.98,0.0
2026-02-06 12:00:00,EM-01,0.0,0.0,31.445,0.0,0.0,0.0,896.739,0.0
2026-02-06 16:00:00,EM-01,0.0,0.0,29.424,0.0,0.0,0.0,904.246,0.0
2026-02-06 20:00:00,EM-01,0.0,0.0,30.177,0.0,0.0,0.0,883.518,0.0
2026-02-07 00:00:00,EM-01,0.0,0.0,30.835,0.0,0.0,0.0,893.416,0.0
2026-02-07 04:00:00,EM-01,0.0,0.0,31.332,0.0,0.0,0.0,908.415,0.0
2026-02-07 08:00:00,EM-01,0.0,0.0,31.106,0.0,0.0,0.0,928.367,0.0
2026-02-07 12:00:00,EM-01,0.0,0.0,31.132,0.0,0.0,0.0,924.876,0.0
2026-02-07 16:00:00,EM-01,0.0,0.0,31.179,0.0,0.0,0.0,958.5,0.0
2026-02-07 20:00:00,EM-01,0.0,0.0,31.65,0.0,0.0,0.0,913.242,0.0
2026-02-08 00:00:00,EM-01,0.0,0.0,30.722,0.0,0.0,0.0,915.155,0.0
2026-02-08 04:00:00,EM-01,0.0,0.0,31.622,0.0,0.0,0.0,912.098,0.0
2026-02-08 08:00:00,EM-01,0.0,0.0,31.139,0.0,0.0,0.0,910.337,0.0
2026-02-08 12:00:00,EM-01,0.0,0.0,32.046,0.0,0.0,0.0,959.232,0.0
2026-02-08 16:00:00,EM-01,0.0,0.0,32.083,0.0,0.0,0.0,936.142,0.0
2026-02-08 20:00:00,EM-01,0.0,0.0,30.751,0.0,0.0,0.0,930.218,0.0
2026-02-09 00:00:00,EM-01,0.0,0.0,31.006,0.0,0.0,0.0,920.02,0.0
2026-02-09 04:00:00,EM-01,0.0,0.0,32.336,0.0,0.0,0.0,946.39,0.0
2026-02-09 08:00:00,EM-01,0.0,0.0,31.901,0.0,0.0,0.0,977.577,0.0
2026-02-09 12:00:00,EM-01,0.0,0.0,31.211,0.0,0.0,0.0,966.296,0.0
2026-02-09 16:00:00,EM-01,0.0,0.0,30.965,0.0,0.0,0.0,957.279,0.0
2026-02-09 20:00:00,EM-01,0.0,0.0,32.256,0.0,0.0,0.0,924.214,0.0
2026-02-10 00:00:00,EM-01,0.0,0.0,32.085,0.0,0.0,0.0,953.261,0.0
2026-02-10 04:00:00,EM-01,0.0,0.0,31.352,0.0,0.0,0.0,918.3,0.0
2026-02-10 08:00:00,EM-01,0.0,0.0,31.648,0.0,0.0,0.0,953.811,0.0
2026-02-10 12:00:00,EM-01,0.0,0.0,31.274,0.0,0.0,0.0,916.785,0.0
2026-02-10 16:00:00,EM-01,0.0,0.0,31.752,0.0,0.0,0.0,962.206,0.0
2026-02-10 20:00:00,EM-01,0.0,0.0,31.757,0.0,0.0,0.0,967.267,0.0
2026-02-11 00:00:00,EM-01,0.0,0.0,30.814,0.0,0.0,0.0,894.561,0.0
2026-02-11 04:00:00,EM-01,0.0,0.0,31.268,0.0,0.0,0.0,913.1,0.0
2026-02-11 08:00:00,EM-01,0.0,0.0,31.466,0.0,0.0,0.0,894.142,0.0
2026-02-11 12:00:00,EM-01,0.0,0.0,30.338,0.0,0.0,0.0,914.791,0.0
2026-02-11 16:00:00,EM-01,0.0,0.0,30.835,0.0,0.0,0.0,924.236,0.0
2026-02-11 20:00:00,EM-01,0.0,0.0,30.596,0.0,0.0,0.0,861.127,0.0
2026-02-12 00:00:00,EM-01,0.0,0.0,32.371,0.0,0.0,0.0,901.66,0.0
2026-02-12 04:00:00,EM-01,0.0,0.0,31.995,0.0,0.0,0.0,894.558,0.0
2026-02-12 08:00:00,EM-01,0.0,0.0,29.856,0.0,0.0,0.0,887.17,0.0
2026-02-12 12:00:00,EM-01,0.0,0.0,30.928,0.0,0.0,0.0,905.942,0.0
2026-02-12 16:00:00,EM-01,0.0,0.0,30.466,0.0,0.0,0.0,888.471,0.0
2026-02-12 20:00:00,EM-01,0.0,0.0,30.34,0.0,0.0,0.0,885.076,0.0
2026-02-13 00:00:00,EM-01,0.0,0.0,30.882,0.0,0.0,0.0,908.516,0.0
2026-02-13 04:00:00,EM-01,0.0,0.0,29.756,0.0,0.0,0.0,853.909,0.0
2026-02-13 08:00:00,EM-01,0.0,0.0,29.618,0.0,0.0,0.0,879.888,0.0
2026-02-13 12:00:00,EM-01,0.0,0.0,30.403,0.0,0.0,0.0,887.842,0.0
2026-02-13 16:00:00,EM-01,0.0,0.0,30.657,0.0,0.0,0.0,890.459,0.0
2026-02-13 20:00:00,EM-01,0.0,0.0,31.216,0.0,0.0,0.0,904.631,0.0
2026-02-14 00:00:00,EM-01,0.0,0.0,30.452,0.0,0.0,0.0,861.477,0.0
2026-02-14 04:00:00,EM-01,0.0,0.0,30.702,0.0,0.0,0.0,910.465,0.0
2026-02-14 08:00:00,EM-01,0.0,0.0,30.228,0.0,0.0,0.0,876.473,0.0
2026-02-14 12:00:00,EM-01,0.0,0.0,31.27,0.0,0.0,0.0,884.746,0.0
2026-02-14 16:00:00,EM-01,0.0,0.0,30.88,0.0,0.0,0.0,911.723,0.0
2026-02-14 20:00:00,EM-01,0.0,0.0,31.13,0.0,0.0,0.0,893.609,0.0
2026-02-15 00:00:00,EM-01,0.0,0.0,30.937,0.0,0.0,0.0,897.991,0.0
2026-02-15 04:00:00,EM-01,0.0,0.0,31.143,0.0,0.0,0.0,935.991,0.0
2026-02-15 08:00:00,EM-01,0.0,0.0,31.677,0.0,0.0,0.0,962.965,0.0
2026-02-15 12:00:00,EM-01,0.0,0.0,31.167,0.0,0.0,0.0,926.821,0.0
2026-02-15 16:00:00,EM-01,0.0,0.0,32.066,0.0,0.0,0.0,950.306,0.0
2026-02-15 20:00:00,EM-01,0.0,0.0,32.132,0.0,0.0,0.0,985.31,0.0
2026-02-16 00:00:00,EM-01,0.0,0.0,31.114,0.0,0.0,0.0,962.564,0.0
2026-02-16 04:00:00,EM-01,0.0,0.0,31.307,0.0,0.0,0.0,982.513,0.0
2026-02-16 08:00:00,EM-01,0.0,0.0,31.051,0.0,0.0,0.0,970.087,0.0
2026-02-16 12:00:00,EM-01,0.0,0.0,31.423,0.0,0.0,0.0,963.522,0.0
2026-02-16 16:00:00,EM-01,0.0,0.0,32.404,0.0,0.0,0.0,937.355,0.0
2026-02-16 20:00:00,EM-01,0.0,0.0,30.979,0.0,0.0,0.0,946.588,0.0
2026-02-17 00:00:00,EM-01,0.0,0.0,31.542,0.0,0.0,0.0,923.1,0.0
2026-02-17 04:00:00,EM-01,0.0,0.0,30.673,0.0,0.0,0.0,979.214,0.0
2026-02-17 08:00:00,EM-01,0.0,0.0,32.478,0.0,0.0,0.0,936.44,0.0
2026-02-17 12:00:00,EM-01,0.0,0.0,31.496,0.0,0.0,0.0,966.523,0.0
2026-02-17 16:00:00,EM-01,0.0,0.0,32.023,0.0,0.0,0.0,986.085,0.0
2026-02-17 20:00:00,EM-01,0.0,0.0,31.847,0.0,0.0,0.0,919.249,0.0
2026-02-18 00:00:00,EM-01,0.0,0.0,31.856,0.0,0.0,0.0,923.228,0.0
2026-02-18 04:00:00,EM-01,0.0,0.0,31.318,0.0,0.0,0.0,960.568,0.0
2026-02-18 08:00:00,EM-01,0.0,0.0,30.781,0.0,0.0,0.0,929.45,0.0
2026-02-18 12:00:00,EM-01,0.0,0.0,30.512,0.0,0.0,0.0,904.265,0.0
2026-02-18 16:00:00,EM-01,0.0,0.0,30.765,0.0,0.0,0.0,959.354,0.0
2026-02-18 20:00:00,EM-01,0.0,0.0,30.965,0.0,0.0,0.0,977.886,0.0
2026-02-19 00:00:00,EM-01,0.0,0.0,31.345,0.0,0.0,0.0,935.585,0.0
2026-02-19 04:00:00,EM-01,0.0,0.0,30.169,0.0,0.0,0.0,905.392,0.0
2026-02-19 08:00:00,EM-01,0.0,0.0,30.048,0.0,0.0,0.0,897.694,0.0
2026-02-19 12:00:00,EM-01,0.0,0.0,30.319,0.0,0.0,0.0,899.944,0.0
2026-02-19 16:00:00,EM-01,0.0,0.0,30.912,0.0,0.0,0.0,891.465,0.0
2026-02-19 20:00:00,EM-01,0.0,0.0,30.852,0.0,0.0,0.0,861.04,0.0
2026-02-20 00:00:00,EM-01,0.0,0.0,30.586,0.0,0.0,0.0,881.942,0.0
2026-02-20 04:00:00,EM-01,0.0,0.0,30.438,0.0,0.0,0.0,909.498,0.0
2026-02-20 08:00:00,EM-01,0.0,0.0,29.515,0.0,0.0,0.0,921.887,0.0
2026-02-20 12:00:00,EM-01,0.0,0.0,30.152,0.0,0.0,0.0,930.037,0.0
2026-02-20 16:00:00,EM-01,0.0,0.0,30.288,0.0,0.0,0.0,917.57,0.0
2026-02-20 20:00:00,EM-01,0.0,0.0,30.293,0.0,0.0,0.0,894.073,0.0
2026-02-21 00:00:00,EM-01,0.0,0.0,30.348,0.0,0.0,0.0,884.096,0.0
2026-02-21 04:00:00,EM-01,0.0,0.0,30.191,0.0,0.0,0.0,895.921,0.0
2026-02-21 08:00:00,EM-01,0.0,0.0,30.666,0.0,0.0,0.0,898.37,0.0
2026-02-21 12:00:00,EM-01,0.0,0.0,30.715,0.0,0.0,0.0,861.31,0.0
2026-02-21 16:00:00,EM-01,0.0,0.0,30.993,0.0,0.0,0.0,882.216,0.0
2026-02-21 20:00:00,EM-01,0.0,0.0,29.738,0.0,0.0,0.0,944.809,0.0
2026-02-22 00:00:00,EM-01,0.0,0.0,31.435,0.0,0.0,0.0,906.543,0.0
2026-02-22 04:00:00,EM-01,0.0,0.0,31.355,0.0,0.0,0.0,903.506,0.0
2026-02-22 08:00:00,EM-01,0.0,0.0,30.649,0.0,0.0,0.0,901.956,0.0
2026-02-22 12:00:00,EM-01,0.0,0.0,30.664,0.0,0.0,0.0,914.106,0.0
2026-02-22 16:00:00,EM-01,0.0,0.0,30.73,0.0,0.0,0.0,859.719,0.0
2026-02-22 20:00:00,EM-01,0.0,0.0,31.11,0.0,0.0,0.0,906.909,0.0
2026-02-23 00:00:00,EM-01,0.0,0.0,31.461,0.0,0.0,0.0,927.763,0.0
2026-02-23 04:00:00,EM-01,0.0,0.0,31.731,0.0,0.0,0.0,937.519,0.0
2026-02-23 08:00:00,EM-01,0.0,0.0,30.817,0.0,0.0,0.0,912.086,0.0
2026-02-23 12:00:00,EM-01,0.0,0.0,30.906,0.0,0.0,0.0,924.501,0.0
2026-02-23 16:00:00,EM-01,0.0,0.0,31.253,0.0,0.0,0.0,967.859,0.0
2026-02-23 20:00:00,EM-01,0.0,0.0,31.772,0.0,0.0,0.0,906.872,0.0
2026-02-24 00:00:00,EM-01,0.0,0.0,31.254,0.0,0.0,0.0,950.076,0.0
2026-02-24 04:00:00,EM-01,0.0,0.0,31.211,0.0,0.0,0.0,953.85,0.0
2026-02-24 08:00:00,EM-01,0.0,0.0,31.309,0.0,0.0,0.0,949.428,0.0
2026-02-24 12:00:00,EM-01,0.0,0.0,31.447,0.0,0.0,0.0,954.874,0.0
2026-02-24 16:00:00,EM-01,0.0,0.0,32.484,0.0,0.0,0.0,971.849,0.0
2026-02-24 20:00:00,EM-01,0.0,0.0,31.128,0.0,0.0,0.0,1007.264,0.0
2026-02-25 00:00:00,EM-01,0.0,0.0,32.269,0.0,0.0,0.0,932.541,0.0
2026-02-25 04:00:00,EM-01,0.0,0.0,31.136,0.0,0.0,0.0,953.357,0.0
2026-02-25 08:00:00,EM-01,0.0,0.0,31.891,0.0,0.0,0.0,982.779,0.0
2026-02-25 12:00:00,EM-01,0.0,0.0,31.708,0.0,0.0,0.0,924.003,0.0
2026-02-25 16:00:00,EM-01,0.0,0.0,31.086,0.0,0.0,0.0,949.513,0.0
2026-02-25 20:00:00,EM-01,0.0,0.0,30.553,0.0,0.0,0.0,965.119,0.0
2026-02-26 00:00:00,EM-01,0.0,0.0,30.87,0.0,0.0,0.0,948.586,0.0
2026-02-26 04:00:00,EM-01,0.0,0.0,31.682,0.0,0.0,0.0,991.766,0.0
2026-02-26 08:00:00,EM-01,0.0,0.0,30.787,0.0,0.0,0.0,911.411,0.0
2026-02-26 12:00:00,EM-01,0.0,0.0,30.671,0.0,0.0,0.0,917.195,0.0
2026-02-26 16:00:00,EM-01,0.0,0.0,30.405,0.0,0.0,0.0,936.456,0.0
2026-02-26 20:00:00,EM-01,0.0,0.0,31.177,0.0,0.0,0.0,898.896,0.0
2026-02-27 00:00:00,EM-01,0.0,0.0,30.186,0.0,0.0,0.0,890.974,0.0
2026-02-27 04:00:00,EM-01,0.0,0.0,30.233,0.0,0.0,0.0,908.657,0.0
2026-02-27 08:00:00,EM-01,0.0,0.0,30.51,0.0,0.0,0.0,913.088,0.0
2026-02-27 12:00:00,EM-01,0.0,0.0,31.131,0.0,0.0,0.0,898.649,0.0
2026-02-27 16:00:00,EM-01,0.0,0.0,30.616,0.0,0.0,0.0,945.747,0.0
2026-02-27 20:00:00,EM-01,0.0,0.0,30.572,0.0,0.0,0.0,877.325,0.0
2026-02-28 00:00:00,EM-01,0.0,0.0,30.218,0.0,0.0,0.0,849.78,0.0
2026-02-28 04:00:00,EM-01,0.0,0.0,30.537,0.0,0.0,0.0,875.018,0.0
2026-02-28 08:00:00,EM-01,0.0,0.0,29.794,0.0,0.0,0.0,868.313,0.0
2026-02-28 12:00:00,EM-01,0.0,0.0,30.887,0.0,0.0,0.0,883.202,0.0
2026-02-28 16:00:00,EM-01,0.0,0.0,30.727,0.0,0.0,0.0,899.565,0.0
2026-02-28 20:00:00,EM-01,0.0,0.0,30.483,0.0,0.0,0.0,884.338,0.0
2026-03-01 00:00:00,EM-01,0.0,0.0,30.703,0.0,0.0,0.0,886.159,0.0
2026-03-01 04:00:00,EM-01,0.0,0.0,30.6,0.0,0.0,0.0,924.276,0.0
2026-03-01 08:00:00,EM-01,0.0,0.0,31.294,0.0,0.0,0.0,892.858,0.0
2026-03-01 12:00:00,EM-01,0.0,0.0,30.89,0.0,0.0,0.0,920.073,0.0
2026-03-01 16:00:00,EM-01,0.0,0.0,30.918,0.0,0.0,0.0,928.413,0.0
2026-03-01 20:00:00,EM-01,0.0,0.0,31.302,0.0,0.0,0.0,957.283,0.0
2026-03-02 00:00:00,EM-01,0.0,0.0,32.132,0.0,0.0,0.0,916.25,0.0
2026-03-02 04:00:00,EM-01,0.0,0.0,31.976,0.0,0.0,0.0,934.513,0.0
2026-03-02 08:00:00,EM-01,0.0,0.0,31.114,0.0,0.0,0.0,942.77,0.0
2026-03-02 12:00:00,EM-01,0.0,0.0,31.183,0.0,0.0,0.0,932.248,0.0
2026-03-02 16:00:00,EM-01,0.0,0.0,30.822,0.0,0.0,0.0,939.052,0.0
2026-03-02 20:00:00,EM-01,0.0,0.0,31.972,0.0,0.0,0.0,957.283,0.0
2026-03-03 00:00:00,EM-01,0.0,0.0,31.748,0.0,0.0,0.0,983.663,0.0
2026-03-03 04:00:00,EM-01,0.0,0.0,32.742,0.0,0.0,0.0,958.279,0.0
2026-03-03 08:00:00,EM-01,0.0,0.0,32.513,0.0,0.0,0.0,957.155,0.0
2026-03-03 12:00:00,EM-01,0.0,0.0,31.759,0.0,0.0,0.0,972.769,0.0
2026-03-03 16:00:00,EM-01,0.0,0.0,31.702,0.0,0.0,0.0,898.324,0.0
2026-03-03 20:00:00,EM-01,0.0,0.0,31.614,0.0,0.0,0.0,918.227,0.0
2026-03-04 00:00:00,EM-01,0.0,0.0,31.542,0.0,0.0,0.0,939.919,0.0
2026-03-04 04:00:00,EM-01,0.0,0.0,31.445,0.0,0.0,0.0,927.611,0.0
2026-03-04 08:00:00,EM-01,0.0,0.0,31.066,0.0,0.0,0.0,935.414,0.0
2026-03-04 12:00:00,EM-01,0.0,0.0,31.455,0.0,0.0,0.0,941.364,0.0
2026-03-04 16:00:00,EM-01,0.0,0.0,31.727,0.0,0.0,0.0,961.68,0.0
2026-03-04 20:00:00,EM-01,0.0,0.0,30.991,0.0,0.0,0.0,922.678,0.0
2026-03-05 00:00:00,EM-01,0.0,0.0,32.315,0.0,0.0,0.0,956.333,0.0
2026-03-05 04:00:00,EM-01,0.0,0.0,30.945,0.0,0.0,0.0,906.742,0.0
2026-03-05 08:00:00,EM-01,0.0,0.0,30.995,0.0,0.0,0.0,925.356,0.0
2026-03-05 12:00:00,EM-01,0.0,0.0,31.514,0.0,0.0,0.0,874.387,0.0
2026-03-05 16:00:00,EM-01,0.0,0.0,30.546,0.0,0.0,0.0,963.216,0.0
2026-03-05 20:00:00,EM-01,0.0,0.0,30.956,0.0,0.0,0.0,919.151,0.0
2026-03-06 00:00:00,EM-01,0.0,0.0,30.548,0.0,0.0,0.0,931.185,0.0
2026-03-06 04:00:00,EM-01,0.0,0.0,29.797,0.0,0.0,0.0,899.216,0.0
2026-03-06 08:00:00,EM-01,0.0,0.0,29.555,0.0,0.0,0.0,904.291,0.0
2026-03-06 12:00:00,EM-01,0.0,0.0,30.325,0.0,0.0,0.0,863.817,0.0
2026-03-06 16:00:00,EM-01,0.0,0.0,31.01,0.0,0.0,0.0,913.123,0.0
2026-03-06 20:00:00,EM-01,0.0,0.0,30.95,0.0,0.0,0.0,860.113,0.0
2026-03-07 00:00:00,EM-01,0.0,0.0,29.824,0.0,0.0,0.0,919.201,0.0
2026-03-07 04:00:00,EM-01,0.0,0.0,30.73,0.0,0.0,0.0,921.797,0.0
2026-03-07 08:00:00,EM-01,0.0,0.0,30.146,0.0,0.0,0.0,885.978,0.0
2026-03-07 12:00:00,EM-01,0.0,0.0,30.578,0.0,0.0,0.0,856.94,0.0
2026-03-07 16:00:00,EM-01,0.0,0.0,30.353,0.0,0.0,0.0,945.192,0.0
2026-03-07 20:00:00,EM-01,0.0,0.0,30.074,0.0,0.0,0.0,851.516,0.0
2026-03-08 00:00:00,EM-01,0.0,0.0,30.503,0.0,0.0,0.0,868.589,0.0
2026-03-08 04:00:00,EM-01,0.0,0.0,30.27,0.0,0.0,0.0,915.531,0.0
2026-03-08 08:00:00,EM-01,0.0,0.0,30.671,0.0,0.0,0.0,881.942,0.0
2026-03-08 12:00:00,EM-01,0.0,0.0,30.883,0.0,0.0,0.0,857.902,0.0
2026-03-08 16:00:00,EM-01,0.0,0.0,30.621,0.0,0.0,0.0,890.373,0.0
2026-03-08 20:00:00,EM-01,0.0,0.0,29.364,0.0,0.0,0.0,875.234,0.0
2026-03-09 00:00:00,EM-01,0.0,0.0,30.687,0.0,0.0,0.0,923.769,0.0
2026-03-09 04:00:00,EM-01,0.0,0.0,30.805,0.0,0.0,0.0,904.306,0.0
2026-03-09 08:00:00,EM-01,0.0,0.0,31.321,0.0,0.0,0.0,921.716,0.0
2026-03-09 12:00:00,EM-01,0.0,0.0,31.524,0.0,0.0,0.0,933.068,0.0
2026-03-09 16:00:00,EM-01,0.0,0.0,30.731,0.0,0.0,0.0,939.786,0.0
2026-03-09 20:00:00,EM-01,0.0,0.0,31.711,0.0,0.0,0.0,960.812,0.0
2026-03-10 00:00:00,EM-01,0.0,0.0,31.028,0.0,0.0,0.0,924.958,0.0
2026-03-10 04:00:00,EM-01,0.0,0.0,31.86,0.0,0.0,0.0,956.368,0.0
2026-03-10 08:00:00,EM-01,0.0,0.0,31.214,0.0,0.0,0.0,925.593,0.0
2026-03-10 12:00:00,EM-01,0.0,0.0,31.33,0.0,0.0,0.0,945.955,0.0
2026-03-10 16:00:00,EM-01,0.0,0.0,31.156,0.0,0.0,0.0,956.493,0.0
2026-03-10 20:00:00,EM-01,0.0,0.0,30.768,0.0,0.0,0.0,930.29,0.0
2026-03-11 00:00:00,EM-01,0.0,0.0,31.81,0.0,0.0,0.0,929.994,0.0
2026-03-11 04:00:00,EM-01,0.0,0.0,31.519,0.0,0.0,0.0,949.11,0.0
2026-03-11 08:00:00,EM-01,0.0,0.0,32.863,0.0,0.0,0.0,922.766,0.0
2026-03-11 12:00:00,EM-01,0.0,0.0,31.87,0.0,0.0,0.0,929.007,0.0
2026-03-11 16:00:00,EM-01,0.0,0.0,31.17,0.0,0.0,0.0,931.627,0.0
2026-03-11 20:00:00,EM-01,0.0,0.0,31.613,0.0,0.0,0.0,982.752,0.0
2026-03-12 00:00:00,EM-01,0.0,0.0,32.266,0.0,0.0,0.0,937.722,0.0
2026-03-12 04:00:00,EM-01,0.0,0.0,31.451,0.0,0.0,0.0,959.063,0.0
2026-03-12 08:00:00,EM-01,0.0,0.0,31.551,0.0,0.0,0.0,928.093,0.0
2026-03-12 12:00:00,EM-01,0.0,0.0,31.788,0.0,0.0,0.0,975.98,0.0
2026-03-12 16:00:00,EM-01,0.0,0.0,31.908,0.0,0.0,0.0,966.12,0.0
2026-03-12 20:00:00,EM-01,0.0,0.0,31.183,0.0,0.0,0.0,906.486,0.0
2026-03-13 00:00:00,EM-01,0.0,0.0,30.106,0.0,0.0,0.0,879.62,0.0
2026-03-13 04:00:00,EM-01,0.0,0.0,30.946,0.0,0.0,0.0,933.797,0.0
2026-03-13 08:00:00,EM-01,0.0,0.0,31.39,0.0,0.0,0.0,923.263,0.0
2026-03-13 12:00:00,EM-01,0.0,0.0,30.465,0.0,0.0,0.0,928.133,0.0
2026-03-13 16:00:00,EM-01,0.0,0.0,30.114,0.0,0.0,0.0,883.774,0.0
2026-03-13 20:00:00,EM-01,0.0,0.0,30.97,0.0,0.0,0.0,876.687,0.0
2026-03-14 00:00:00,EM-01,0.0,0.0,30.157,0.0,0.0,0.0,878.655,0.0
2026-03-14 04:00:00,EM-01,0.0,0.0,30.568,0.0,0.0,0.0,910.805,0.0
2026-03-14 08:00:00,EM-01,0.0,0.0,30.731,0.0,0.0,0.0,881.188,0.0
2026-03-14 12:00:00,EM-01,0.0,0.0,30.262,0.0,0.0,0.0,908.577,0.0
2026-03-14 16:00:00,EM-01,0.0,0.0,30.026,0.0,0.0,0.0,869.098,0.0
2026-03-14 20:00:00,EM-01,0.0,0.0,29.935,0.0,0.0,0.0,874.636,0.0
2026-03-15 00:00:00,EM-01,0.0,0.0,30.27,0.0,0.0,0.0,887.067,0.0
2026-03-15 04:00:00,EM-01,0.0,0.0,30.163,0.0,0.0,0.0,869.318,0.0
2026-03-15 08:00:00,EM-01,0.0,0.0,29.772,0.0,0.0,0.0,902.763,0.0
2026-03-15 12:00:00,EM-01,0.0,0.0,30.467,0.0,0.0,0.0,879.199,0.0
2026-03-15 16:00:00,EM-01,0.0,0.0,30.296,0.0,0.0,0.0,918.365,0.0
2026-03-15 20:00:00,EM-01,0.0,0.0,30.34,0.0,0.0,0.0,892.914,0.0
2026-03-16 00:00:00,EM-01,0.0,0.0,31.245,0.0,0.0,0.0,920.198,0.0
2026-03-16 04:00:00,EM-01,0.0,0.0,30.181,0.0,0.0,0.0,923.461,0.0
2026-03-16 08:00:00,EM-01,0.0,0.0,30.513,0.0,0.0,0.0,878.876,0.0
2026-03-16 12:00:00,EM-01,0.0,0.0,31.38,0.0,0.0,0.0,890.64,0.0
2026-03-16 16:00:00,EM-01,0.0,0.0,30.526,0.0,0.0,0.0,902.367,0.0
2026-03-16 20:00:00,EM-01,0.0,0.0,31.965,0.0,0.0,0.0,893.82,0.0
2026-03-17 00:00:00,EM-01,0.0,0.0,30.684,0.0,0.0,0.0,912.213,0.0
2026-03-17 04:00:00,EM-01,0.0,0.0,31.381,0.0,0.0,0.0,922.942,0.0
2026-03-17 08:00:00,EM-01,0.0,0.0,30.856,0.0,0.0,0.0,943.149,0.0
2026-03-17 12:00:00,EM-01,0.0,0.0,32.017,0.0,0.0,0.0,896.292,0.0
2026-03-17 16:00:00,EM-01,0.0,0.0,31.04,0.0,0.0,0.0,948.869,0.0
2026-03-17 20:00:00,EM-01,0.0,0.0,30.835,0.0,0.0,0.0,937.367,0.0
2026-03-18 00:00:00,EM-01,0.0,0.0,32.224,0.0,0.0,0.0,958.318,0.0
2026-03-18 04:00:00,EM-01,0.0,0.0,31.895,0.0,0.0,0.0,963.946,0.0
2026-03-18 08:00:00,EM-01,0.0,0.0,31.845,0.0,0.0,0.0,941.539,0.0
2026-03-18 12:00:00,EM-01,0.0,0.0,32.22,0.0,0.0,0.0,940.084,0.0
2026-03-18 16:00:00,EM-01,0.0,0.0,31.654,0.0,0.0,0.0,914.335,0.0
2026-03-18 20:00:00,EM-01,0.0,0.0,31.499,0.0,0.0,0.0,954.269,0.0
2026-03-19 00:00:00,EM-01,0.0,0.0,31.76,0.0,0.0,0.0,973.339,0.0
2026-03-19 04:00:00,EM-01,0.0,0.0,31.498,0.0,0.0,0.0,942.49,0.0
2026-03-19 08:00:00,EM-01,0.0,0.0,31.411,0.0,0.0,0.0,955.624,0.0
2026-03-19 12:00:00,EM-01,0.0,0.0,32.461,0.0,0.0,0.0,895.585,0.0
2026-03-19 16:00:00,EM-01,0.0,0.0,31.335,0.0,0.0,0.0,937.625,0.0
2026-03-19 20:00:00,EM-01,0.0,0.0,30.402,0.0,0.0,0.0,939.754,0.0
2026-03-20 00:00:00,EM-01,0.0,0.0,31.255,0.0,0.0,0.0,929.119,0.0
2026-03-20 04:00:00,EM-01,0.0,0.0,30.773,0.0,0.0,0.0,933.27,0.0
2026-03-20 08:00:00,EM-01,0.0,0.0,30.644,0.0,0.0,0.0,911.959,0.0
2026-03-20 12:00:00,EM-01,0.0,0.0,31.051,0.0,0.0,0.0,949.998,0.0
2026-03-20 16:00:00,EM-01,0.0,0.0,31.268,0.0,0.0,0.0,936.232,0.0
2026-03-20 20:00:00,EM-01,0.0,0.0,31.978,0.0,0.0,0.0,927.754,0.0
2026-03-21 00:00:00,EM-01,0.0,0.0,30.294,0.0,0.0,0.0,900.44,0.0
2026-03-21 04:00:00,EM-01,0.0,0.0,30.294,0.0,0.0,0.0,905.797,0.0
2026-03-21 08:00:00,EM-01,0.0,0.0,30.432,0.0,0.0,0.0,883.297,0.0
2026-03-21 12:00:00,EM-01,0.0,0.0,31.044,0.0,0.0,0.0,923.546,0.0
2026-03-21 16:00:00,EM-01,0.0,0.0,30.573,0.0,0.0,0.0,874.629,0.0
2026-03-21 20:00:00,EM-01,0.0,0.0,30.473,0.0,0.0,0.0,880.471,0.0
2026-03-22 00:00:00,EM-01,0.0,0.0,31.026,0.0,0.0,0.0,864.653,0.0
2026-03-22 04:00:00,EM-01,0.0,0.0,30.65,0.0,0.0,0.0,904.347,0.0
2026-03-22 08:00:00,EM-01,0.0,0.0,30.743,0.0,0.0,0.0,892.931,0.0
2026-03-22 12:00:00,EM-01,0.0,0.0,30.081,0.0,0.0,0.0,942.121,0.0
2026-03-22 16:00:00,EM-01,0.0,0.0,29.79,0.0,0.0,0.0,903.857,0.0
2026-03-22 20:00:00,EM-01,0.0,0.0,30.271,0.0,0.0,0.0,895.795,0.0
2026-03-23 00:00:00,EM-01,0.0,0.0,30.464,0.0,0.0,0.0,864.464,0.0
2026-03-23 04:00:00,EM-01,0.0,0.0,29.621,0.0,0.0,0.0,861.733,0.0
2026-03-23 08:00:00,EM-01,0.0,0.0,30.144,0.0,0.0,0.0,898.703,0.0
2026-03-23 12:00:00,EM-01,0.0,0.0,30.082,0.0,0.0,0.0,863.17,0.0
2026-03-23 16:00:00,EM-01,0.0,0.0,31.0,0.0,0.0,0.0,864.105,0.0
2026-03-23 20:00:00,EM-01,0.0,0.0,30.854,0.0,0.0,0.0,885.683,0.0
2026-03-24 00:00:00,EM-01,0.0,0.0,31.334,0.0,0.0,0.0,894.824,0.0
2026-03-24 04:00:00,EM-01,0.0,0.0,29.869,0.0,0.0,0.0,910.142,0.0
2026-03-24 08:00:00,EM-01,0.0,0.0,30.454,0.0,0.0,0.0,933.924,0.0
2026-03-24 12:00:00,EM-01,0.0,0.0,31.173,0.0,0.0,0.0,905.688,0.0
2026-03-24 16:00:00,EM-01,0.0,0.0,30.578,0.0,0.0,0.0,899.553,0.0
2026-03-24 20:00:00,EM-01,0.0,0.0,30.899,0.0,0.0,0.0,959.983,0.0
2026-03-25 00:00:00,EM-01,0.0,0.0,31.23,0.0,0.0,0.0,954.764,0.0
2026-03-25 04:00:00,EM-01,0.0,0.0,30.62,0.0,0.0,0.0,893.52,0.0
2026-03-25 08:00:00,EM-01,0.0,0.0,30.986,0.0,0.0,0.0,955.839,0.0
2026-03-25 12:00:00,EM-01,0.0,0.0,31.406,0.0,0.0,0.0,964.392,0.0
2026-03-25 16:00:00,EM-01,0.0,0.0,32.285,0.0,0.0,0.0,925.167,0.0
2026-03-25 20:00:00,EM-01,0.0,0.0,32.112,0.0,0.0,0.0,980.789,0.0
2026-03-26 00:00:00,EM-01,0.0,0.0,32.256,0.0,0.0,0.0,914.647,0.0
2026-03-26 04:00:00,EM-01,0.0,0.0,30.765,0.0,0.0,0.0,941.8,0.0
2026-03-26 08:00:00,EM-01,0.0,0.0,31.534,0.0,0.0,0.0,971.655,0.0
2026-03-26 12:00:00,EM-01,0.0,0.0,31.238,0.0,0.0,0.0,961.78,0.0
2026-03-26 16:00:00,EM-01,0.0,0.0,31.159,0.0,0.0,0.0,959.385,0.0
2026-03-26 20:00:00,EM-01,0.0,0.0,31.455,0.0,0.0,0.0,958.289,0.0
2026-03-27 00:00:00,EM-01,0.0,0.0,31.459,0.0,0.0,0.0,897.927,0.0
2026-03-27 04:00:00,EM-01,0.0,0.0,31.858,0.0,0.0,0.0,972.229,0.0
2026-03-27 08:00:00,EM-01,0.0,0.0,31.082,0.0,0.0,0.0,960.993,0.0
2026-03-27 12:00:00,EM-01,0.0,0.0,31.119,0.0,0.0,0.0,908.393,0.0
2026-03-27 16:00:00,EM-01,0.0,0.0,31.031,0.0,0.0,0.0,931.076,0.0
2026-03-27 20:00:00,EM-01,0.0,0.0,30.563,0.0,0.0,0.0,961.82,0.0
2026-03-28 00:00:00,EM-01,0.0,0.0,30.352,0.0,0.0,0.0,914.44,0.0
2026-03-28 04:00:00,EM-01,0.0,0.0,30.568,0.0,0.0,0.0,953.066,0.0
2026-03-28 08:00:00,EM-01,0.0,0.0,30.156,0.0,0.0,0.0,936.506,0.0
2026-03-28 12:00:00,EM-01,0.0,0.0,30.948,0.0,0.0,0.0,884.857,0.0
2026-03-28 16:00:00,EM-01,0.0,0.0,30.559,0.0,0.0,0.0,904.731,0.0
2026-03-28 20:00:00,EM-01,0.0,0.0,30.955,0.0,0.0,0.0,890.069,0.0
2026-03-29 00:00:00,EM-01,0.0,0.0,30.891,0.0,0.0,0.0,902.007,0.0
2026-03-29 04:00:00,EM-01,0.0,0.0,30.716,0.0,0.0,0.0,877.376,0.0
2026-03-29 08:00:00,EM-01,0.0,0.0,30.282,0.0,0.0,0.0,896.897,0.0
2026-03-29 12:00:00,EM-01,0.0,0.0,30.393,0.0,0.0,0.0,890.954,0.0
2026-03-29 16:00:00,EM-01,0.0,0.0,31.403,0.0,0.0,0.0,902.932,0.0
2026-03-29 20:00:00,EM-01,0.0,0.0,30.654,0.0,0.0,0.0,894.082,0.0
2026-03-30 00:00:00,EM-01,0.0,0.0,30.534,0.0,0.0,0.0,892.196,0.0
2026-03-30 04:00:00,EM-01,0.0,0.0,31.205,0.0,0.0,0.0,886.153,0.0
2026-03-30 08:00:00,EM-01,0.0,0.0,30.698,0.0,0.0,0.0,935.435,0.0
2026-03-30 12:00:00,EM-01,0.0,0.0,30.63,0.0,0.0,0.0,882.618,0.0
2026-03-30 16:00:00,EM-01,0.0,0.0,29.941,0.0,0.0,0.0,879.515,0.0
2026-03-30 20:00:00,EM-01,0.0,0.0,30.584,0.0,0.0,0.0,933.648,0.0
2026-03-31 00:00:00,EM-01,0.0,0.0,30.76,0.0,0.0,0.0,887.054,0.0
2026-03-31 04:00:00,EM-01,0.0,0.0,30.358,0.0,0.0,0.0,895.71,0.0
2026-03-31 08:00:00,EM-01,0.0,0.0,29.899,0.0,0.0,0.0,892.364,0.0
2026-03-31 12:00:00,EM-01,0.0,0.0,30.432,0.0,0.0,0.0,969.983,0.0
2026-03-31 16:00:00,EM-01,0.0,0.0,31.28,0.0,0.0,0.0,886.629,0.0
2026-03-31 20:00:00,EM-01,0.0,0.0,30.072,0.0,0.0,0.0,885.765,0.0
2026-04-01 00:00:00,EM-01,0.0,0.0,31.742,0.0,0.0,0.0,889.309,0.0
2026-04-01 04:00:00,EM-01,0.0,0.0,31.949,0.0,0.0,0.0,929.977,0.0
2026-04-01 08:00:00,EM-01,0.0,0.0,31.078,0.0,0.0,0.0,902.918,0.0
2026-04-01 12:00:00,EM-01,0.0,0.0,31.969,0.0,0.0,0.0,945.645,0.0
2026-04-01 16:00:00,EM-01,0.0,0.0,31.87,0.0,0.0,0.0,931.023,0.0
2026-04-01 20:00:00,EM-01,0.0,0.0,31.832,0.0,0.0,0.0,974.597,0.0
2026-04-02 00:00:00,EM-01,0.0,0.0,31.87,0.0,0.0,0.0,920.135,0.0
2026-04-02 04:00:00,EM-01,0.0,0.0,31.895,0.0,0.0,0.0,964.115,0.0
2026-04-02 08:00:00,EM-01,0.0,0.0,32.554,0.0,0.0,0.0,962.519,0.0
2026-04-02 12:00:00,EM-01,0.0,0.0,32.292,0.0,0.0,0.0,964.93,0.0
2026-04-02 16:00:00,EM-01,0.0,0.0,31.027,0.0,0.0,0.0,970.875,0.0
2026-04-02 20:00:00,EM-01,0.0,0.0,31.813,0.0,0.0,0.0,997.911,0.0
2026-04-03 00:00:00,EM-01,0.0,0.0,30.99,0.0,0.0,0.0,926.566,0.0
2026-04-03 04:00:00,EM-01,0.0,0.0,32.109,0.0,0.0,0.0,985.924,0.0
2026-04-03 08:00:00,EM-01,0.0,0.0,31.632,0.0,0.0,0.0,947.518,0.0
2026-04-03 12:00:00,EM-01,0.0,0.0,31.758,0.0,0.0,0.0,937.132,0.0
2026-04-03 16:00:00,EM-01,0.0,0.0,32.109,0.0,0.0,0.0,934.631,0.0
2026-04-03 20:00:00,EM-01,0.0,0.0,31.889,0.0,0.0,0.0,912.472,0.0
2026-04-04 00:00:00,EM-01,0.0,0.0,32.343,0.0,0.0,0.0,890.865,0.0
2026-04-04 04:00:00,EM-01,0.0,0.0,30.794,0.0,0.0,0.0,986.524,0.0
2026-04-04 08:00:00,EM-01,0.0,0.0,31.31,0.0,0.0,0.0,916.105,0.0
2026-04-04 12:00:00,EM-01,0.0,0.0,30.485,0.0,0.0,0.0,916.837,0.0
2026-04-04 16:00:00,EM-01,0.0,0.0,31.204,0.0,0.0,0.0,933.34,0.0
2026-04-04 20:00:00,EM-01,0.0,0.0,31.117,0.0,0.0,0.0,877.096,0.0
2026-04-05 00:00:00,EM-01,0.0,0.0,30.917,0.0,0.0,0.0,920.955,0.0
2026-04-05 04:00:00,EM-01,0.0,0.0,30.927,0.0,0.0,0.0,909.555,0.0
2026-04-05 08:00:00,EM-01,0.0,0.0,30.003,0.0,0.0,0.0,883.777,0.0
2026-04-05 12:00:00,EM-01,0.0,0.0,31.196,0.0,0.0,0.0,883.25,0.0
2026-04-05 16:00:00,EM-01,0.0,0.0,30.1,0.0,0.0,0.0,890.684,0.0
2026-04-05 20:00:00,EM-01,0.0,0.0,29.77,0.0,0.0,0.0,908.809,0.0
2026-04-06 00:00:00,EM-01,0.0,0.0,29.685,0.0,0.0,0.0,916.515,0.0
2026-04-06 04:00:00,EM-01,0.0,0.0,29.599,0.0,0.0,0.0,883.506,0.0
2026-04-06 08:00:00,EM-01,0.0,0.0,30.453,0.0,0.0,0.0,906.451,0.0
2026-04-06 12:00:00,EM-01,0.0,0.0,30.136,0.0,0.0,0.0,871.691,0.0
2026-04-06 16:00:00,EM-01,0.0,0.0,30.995,0.0,0.0,0.0,891.648,0.0
2026-04-06 20:00:00,EM-01,0.0,0.0,30.172,0.0,0.0,0.0,846.62,0.0
2026-04-07 00:00:00,EM-01,0.0,0.0,30.387,0.0,0.0,0.0,888.977,0.0
2026-04-07 04:00:00,EM-01,0.0,0.0,29.614,0.0,0.0,0.0,873.019,0.0
2026-04-07 08:00:00,EM-01,0.0,0.0,30.427,0.0,0.0,0.0,903.69,0.0
2026-04-07 12:00:00,EM-01,0.0,0.0,29.908,0.0,0.0,0.0,872.897,0.0
2026-04-07 16:00:00,EM-01,0.0,0.0,30.579,0.0,0.0,0.0,879.972,0.0
2026-04-07 20:00:00,EM-01,0.0,0.0,30.497,0.0,0.0,0.0,943.166,0.0
2026-04-08 00:00:00,EM-01,0.0,0.0,30.673,0.0,0.0,0.0,930.049,0.0
2026-04-08 04:00:00,EM-01,0.0,0.0,30.139,0.0,0.0,0.0,893.573,0.0
2026-04-08 08:00:00,EM-01,0.0,0.0,30.481,0.0,0.0,0.0,890.362,0.0
2026-04-08 12:00:00,EM-01,0.0,0.0,30.072,0.0,0.0,0.0,924.392,0.0
2026-04-08 16:00:00,EM-01,0.0,0.0,31.307,0.0,0.0,0.0,903.009,0.0
2026-04-08 20:00:00,EM-01,0.0,0.0,30.816,0.0,0.0,0.0,930.732,0.0
2026-04-09 00:00:00,EM-01,0.0,0.0,31.316,0.0,0.0,0.0,956.722,0.0
2026-04-09 04:00:00,EM-01,0.0,0.0,31.993,0.0,0.0,0.0,922.018,0.0
2026-04-09 08:00:00,EM-01,0.0,0.0,31.447,0.0,0.0,0.0,918.122,0.0
2026-04-09 12:00:00,EM-01,0.0,0.0,32.346,0.0,0.0,0.0,950.211,0.0
2026-04-09 16:00:00,EM-01,0.0,0.0,32.144,0.0,0.0,0.0,938.679,0.0
2026-04-09 20:00:00,EM-01,0.0,0.0,32.21,0.0,0.0,0.0,966.145,0.0
2026-04-10 00:00:00,EM-01,0.0,0.0,32.385,0.0,0.0,0.0,920.338,0.0
2026-04-10 04:00:00,EM-01,0.0,0.0,31.778,0.0,0.0,0.0,976.975,0.0
2026-04-10 08:00:00,EM-01,0.0,0.0,31.258,0.0,0.0,0.0,964.353,0.0
2026-04-10 12:00:00,EM-01,0.0,0.0,32.046,0.0,0.0,0.0,968.271,0.0
2026-04-10 16:00:00,EM-01,0.0,0.0,31.903,0.0,0.0,0.0,965.585,0.0
2026-04-10 20:00:00,EM-01,0.0,0.0,31.923,0.0,0.0,0.0,977.09,0.0
2026-04-11 00:00:00,EM-01,0.0,0.0,31.273,0.0,0.0,0.0,955.89,0.0
2026-04-11 04:00:00,EM-01,0.0,0.0,32.231,0.0,0.0,0.0,927.781,0.0
2026-04-11 08:00:00,EM-01,0.0,0.0,31.158,0.0,0.0,0.0,954.506,0.0
2026-04-11 12:00:00,EM-01,0.0,0.0,32.166,0.0,0.0,0.0,936.049,0.0
2026-04-11 16:00:00,EM-01,0.0,0.0,31.402,0.0,0.0,0.0,943.535,0.0
2026-04-11 20:00:00,EM-01,0.0,0.0,31.001,0.0,0.0,0.0,981.023,0.0
2026-04-12 00:00:00,EM-01,0.0,0.0,30.671,0.0,0.0,0.0,928.806,0.0
2026-04-12 04:00:00,EM-01,0.0,0.0,31.108,0.0,0.0,0.0,872.482,0.0
2026-04-12 08:00:00,EM-01,0.0,0.0,30.505,0.0,0.0,0.0,886.971,0.0
2026-04-12 12:00:00,EM-01,0.0,0.0,31.222,0.0,0.0,0.0,874.723,0.0
2026-04-12 16:00:00,EM-01,0.0,0.0,31.238,0.0,0.0,0.0,882.045,0.0
2026-04-12 20:00:00,EM-01,0.0,0.0,31.153,0.0,0.0,0.0,872.973,0.0
2026-04-13 00:00:00,EM-01,0.0,0.0,30.782,0.0,0.0,0.0,922.171,0.0
2026-04-13 04:00:00,EM-01,0.0,0.0,30.78,0.0,0.0,0.0,869.643,0.0
2026-04-13 08:00:00,EM-01,0.0,0.0,31.002,0.0,0.0,0.0,906.806,0.0
2026-04-13 12:00:00,EM-01,0.0,0.0,29.113,0.0,0.0,0.0,894.372,0.0
2026-04-13 16:00:00,EM-01,0.0,0.0,31.792,0.0,0.0,0.0,915.266,0.0
2026-04-13 20:00:00,EM-01,0.0,0.0,30.01,0.0,0.0,0.0,900.842,0.0
2026-04-14 00:00:00,EM-01,0.0,0.0,30.048,0.0,0.0,0.0,910.76,0.0
2026-04-14 04:00:00,EM-01,0.0,0.0,29.823,0.0,0.0,0.0,915.015,0.0
2026-04-14 08:00:00,EM-01,0.0,0.0,30.745,0.0,0.0,0.0,902.613,0.0
2026-04-14 12:00:00,EM-01,0.0,0.0,31.374,0.0,0.0,0.0,911.974,0.0
2026-04-14 16:00:00,EM-01,0.0,0.0,30.862,0.0,0.0,0.0,916.415,0.0
2026-04-14 20:00:00,EM-01,0.0,0.0,30.753,0.0,0.0,0.0,903.617,0.0
2026-04-15 00:00:00,EM-01,0.0,0.0,30.087,0.0,0.0,0.0,880.752,0.0
2026-04-15 04:00:00,EM-01,0.0,0.0,30.745,0.0,0.0,0.0,912.969,0.0
2026-04-15 08:00:00,EM-01,0.0,0.0,30.612,0.0,0.0,0.0,891.822,0.0
2026-04-15 12:00:00,EM-01,0.0,0.0,30.623,0.0,0.0,0.0,905.579,0.0
2026-04-15 16:00:00,EM-01,0.0,0.0,30.938,0.0,0.0,0.0,905.988,0.0
2026-04-15 20:00:00,EM-01,0.0,0.0,31.508,0.0,0.0,0.0,912.959,0.0
2026-04-16 00:00:00,EM-01,0.0,0.0,30.662,0.0,0.0,0.0,918.162,0.0
2026-04-16 04:00:00,EM-01,0.0,0.0,30.526,0.0,0.0,0.0,970.326,0.0
2026-04-16 08:00:00,EM-01,0.0,0.0,31.551,0.0,0.0,0.0,928.671,0.0
2026-04-16 12:00:00,EM-01,0.0,0.0,32.049,0.0,0.0,0.0,928.554,0.0
2026-04-16 16:00:00,EM-01,0.0,0.0,31.38,0.0,0.0,0.0,921.203,0.0
2026-04-16 20:00:00,EM-01,0.0,0.0,30.988,0.0,0.0,0.0,945.687,0.0
2026-04-17 00:00:00,EM-01,0.0,0.0,32.116,0.0,0.0,0.0,924.172,0.0
2026-04-17 04:00:00,EM-01,0.0,0.0,31.496,0.0,0.0,0.0,942.313,0.0
2026-04-17 08:00:00,EM-01,0.0,0.0,32.079,0.0,0.0,0.0,939.396,0.0
2026-04-17 12:00:00,EM-01,0.0,0.0,32.109,0.0,0.0,0.0,967.185,0.0
2026-04-17 16:00:00,EM-01,0.0,0.0,31.391,0.0,0.0,0.0,945.34,0.0
2026-04-17 20:00:00,EM-01,0.0,0.0,31.792,0.0,0.0,0.0,942.538,0.0
2026-04-18 00:00:00,EM-01,0.0,0.0,31.276,0.0,0.0,0.0,986.047,0.0
2026-04-18 04:00:00,EM-01,0.0,0.0,30.792,0.0,0.0,0.0,956.831,0.0
2026-04-18 08:00:00,EM-01,0.0,0.0,32.412,0.0,0.0,0.0,931.804,0.0
2026-04-18 12:00:00,EM-01,0.0,0.0,31.663,0.0,0.0,0.0,968.684,0.0
2026-04-18 16:00:00,EM-01,0.0,0.0,29.994,0.0,0.0,0.0,944.464,0.0
2026-04-18 20:00:00,EM-01,0.0,0.0,30.696,0.0,0.0,0.0,964.492,0.0
2026-04-19 00:00:00,EM-01,0.0,0.0,31.025,0.0,0.0,0.0,979.699,0.0
2026-04-19 04:00:00,EM-01,0.0,0.0,30.851,0.0,0.0,0.0,945.487,0.0
2026-04-19 08:00:00,EM-01,0.0,0.0,30.796,0.0,0.0,0.0,925.717,0.0
2026-04-19 12:00:00,EM-01,0.0,0.0,31.154,0.0,0.0,0.0,927.344,0.0
2026-04-19 16:00:00,EM-01,0.0,0.0,31.921,0.0,0.0,0.0,954.739,0.0
2026-04-19 20:00:00,EM-01,0.0,0.0,30.554,0.0,0.0,0.0,918.708,0.0
2026-04-20 00:00:00,EM-01,0.0,0.0,30.233,0.0,0.0,0.0,881.59,0.0
2026-04-20 04:00:00,EM-01,0.0,0.0,30.393,0.0,0.0,0.0,947.18,0.0
2026-04-20 08:00:00,EM-01,0.0,0.0,29.762,0.0,0.0,0.0,917.853,0.0
2026-04-20 12:00:00,EM-01,0.0,0.0,30.801,0.0,0.0,0.0,883.989,0.0
2026-04-20 16:00:00,EM-01,0.0,0.0,30.818,0.0,0.0,0.0,911.993,0.0
2026-04-20 20:00:00,EM-01,0.0,0.0,30.389,0.0,0.0,0.0,890.968,0.0
2026-04-21 00:00:00,EM-01,0.0,0.0,30.222,0.0,0.0,0.0,872.655,0.0
2026-04-21 04:00:00,EM-01,0.0,0.0,30.391,0.0,0.0,0.0,878.375,0.0
2026-04-21 08:00:00,EM-01,0.0,0.0,30.357,0.0,0.0,0.0,874.587,0.0
2026-04-21 12:00:00,EM-01,0.0,0.0,29.909,0.0,0.0,0.0,875.285,0.0
2026-04-21 16:00:00,EM-01,0.0,0.0,30.917,0.0,0.0,0.0,856.184,0.0
2026-04-21 20:00:00,EM-01,0.0,0.0,31.192,0.0,0.0,0.0,905.468,0.0
2026-04-22 00:00:00,EM-01,0.0,0.0,29.466,0.0,0.0,0.0,875.934,0.0
2026-04-22 04:00:00,EM-01,0.0,0.0,29.474,0.0,0.0,0.0,905.505,0.0
2026-04-22 08:00:00,EM-01,0.0,0.0,31.048,0.0,0.0,0.0,898.27,0.0
2026-04-22 12:00:00,EM-01,0.0,0.0,31.083,0.0,0.0,0.0,900.026,0.0
2026-04-22 16:00:00,EM-01,0.0,0.0,31.028,0.0,0.0,0.0,905.752,0.0
2026-04-22 20:00:00,EM-01,0.0,0.0,30.61,0.0,0.0,0.0,920.379,0.0
2026-04-23 00:00:00,EM-01,0.0,0.0,30.613,0.0,0.0,0.0,939.926,0.0
2026-04-23 04:00:00,EM-01,0.0,0.0,30.628,0.0,0.0,0.0,923.945,0.0
2026-04-23 08:00:00,EM-01,0.0,0.0,30.525,0.0,0.0,0.0,879.687,0.0
2026-04-23 12:00:00,EM-01,0.0,0.0,31.188,0.0,0.0,0.0,878.959,0.0
2026-04-23 16:00:00,EM-01,0.0,0.0,32.233,0.0,0.0,0.0,916.466,0.0
2026-04-23 20:00:00,EM-01,0.0,0.0,31.166,0.0,0.0,0.0,921.905,0.0
2026-04-24 00:00:00,EM-01,0.0,0.0,31.379,0.0,0.0,0.0,940.958,0.0
2026-04-24 04:00:00,EM-01,0.0,0.0,30.957,0.0,0.0,0.0,879.116,0.0
2026-04-24 08:00:00,EM-01,0.0,0.0,30.904,0.0,0.0,0.0,929.851,0.0
2026-04-24 12:00:00,EM-01,0.0,0.0,31.704,0.0,0.0,0.0,948.328,0.0
2026-04-24 16:00:00,EM-01,0.0,0.0,32.017,0.0,0.0,0.0,909.567,0.0
2026-04-24 20:00:00,EM-01,0.0,0.0,31.205,0.0,0.0,0.0,939.179,0.0
2026-04-25 00:00:00,EM-01,0.0,0.0,32.513,0.0,0.0,0.0,1012.801,0.0
2026-04-25 04:00:00,EM-01,0.0,0.0,31.031,0.0,0.0,0.0,976.841,0.0
2026-04-25 08:00:00,EM-01,0.0,0.0,31.795,0.0,0.0,0.0,965.133,0.0
2026-04-25 12:00:00,EM-01,0.0,0.0,31.051,0.0,0.0,0.0,983.149,0.0
2026-04-25 16:00:00,EM-01,0.0,0.0,30.562,0.0,0.0,0.0,921.625,0.0
2026-04-25 20:00:00,EM-01,0.0,0.0,31.554,0.0,0.0,0.0,936.637,0.0
2026-04-26 00:00:00,EM-01,0.0,0.0,31.663,0.0,0.0,0.0,932.569,0.0
2026-04-26 04:00:00,EM-01,0.0,0.0,31.404,0.0,0.0,0.0,941.415,0.0
2026-04-26 08:00:00,EM-01,0.0,0.0,31.404,0.0,0.0,0.0,945.957,0.0
2026-04-26 12:00:00,EM-01,0.0,0.0,31.911,0.0,0.0,0.0,921.959,0.0
2026-04-26 16:00:00,EM-01,0.0,0.0,32.06,0.0,0.0,0.0,936.377,0.0
2026-04-26 20:00:00,EM-01,0.0,0.0,31.919,0.0,0.0,0.0,923.324,0.0
2026-04-27 00:00:00,EM-01,0.0,0.0,30.701,0.0,0.0,0.0,928.582,0.0
2026-04-27 04:00:00,EM-01,0.0,0.0,32.398,0.0,0.0,0.0,891.21,0.0
2026-04-27 08:00:00,EM-01,0.0,0.0,31.303,0.0,0.0,0.0,921.77,0.0
2026-04-27 12:00:00,EM-01,0.0,0.0,31.056,0.0,0.0,0.0,885.812,0.0
2026-04-27 16:00:00,EM-01,0.0,0.0,30.983,0.0,0.0,0.0,915.606,0.0
2026-04-27 20:00:00,EM-01,0.0,0.0,29.923,0.0,0.0,0.0,910.068,0.0
2026-04-28 00:00:00,EM-01,0.0,0.0,30.54,0.0,0.0,0.0,897.527,0.0
2026-04-28 04:00:00,EM-01,0.0,0.0,30.617,0.0,0.0,0.0,929.188,0.0
2026-04-28 08:00:00,EM-01,0.0,0.0,30.866,0.0,0.0,0.0,880.012,0.0
2026-04-28 12:00:00,EM-01,0.0,0.0,30.881,0.0,0.0,0.0,902.546,0.0
2026-04-28 16:00:00,EM-01,0.0,0.0,30.305,0.0,0.0,0.0,875.704,0.0
2026-04-28 20:00:00,EM-01,0.0,0.0,31.074,0.0,0.0,0.0,891.867,0.0
2026-04-29 00:00:00,EM-01,0.0,0.0,31.163,0.0,0.0,0.0,881.907,0.0
2026-04-29 04:00:00,EM-01,0.0,0.0,31.784,0.0,0.0,0.0,968.497,0.0
2026-04-29 08:00:00,EM-01,0.0,0.0,31.086,0.0,0.0,0.0,940.887,0.0
2026-04-29 12:00:00,EM-01,0.0,0.0,30.643,0.0,0.0,0.0,902.266,0.0
2026-04-29 16:00:00,EM-01,0.0,0.0,31.601,0.0,0.0,0.0,922.314,0.0
2026-04-29 20:00:00,EM-01,0.0,0.0,30.36,0.0,0.0,0.0,925.235,0.0
2026-04-30 00:00:00,EM-01,0.0,0.0,30.557,0.0,0.0,0.0,924.395,0.0
2026-04-30 04:00:00,EM-01,0.0,0.0,31.879,0.0,0.0,0.0,967.411,0.0
2026-04-30 08:00:00,EM-01,0.0,0.0,31.612,0.0,0.0,0.0,970.658,0.0
2026-04-30 12:00:00,EM-01,0.0,0.0,31.371,0.0,0.0,0.0,985.252,0.0
2026-04-30 16:00:00,EM-01,0.0,0.0,31.386,0.0,0.0,0.0,934.753,0.0
2026-04-30 20:00:00,EM-01,0.0,0.0,31.68,0.0,0.0,0.0,942.933,0.0
2026-05-01 00:00:00,EM-01,0.0,0.0,32.352,0.0,0.0,0.0,995.289,0.0
2026-05-01 04:00:00,EM-01,0.0,0.0,32.247,0.0,0.0,0.0,980.745,0.0
2026-05-01 08:00:00,EM-01,0.0,0.0,31.669,0.0,0.0,0.0,982.628,0.0
2026-05-01 12:00:00,EM-01,0.0,0.0,33.477,0.0,0.0,0.0,1019.178,0.0
2026-05-01 16:00:00,EM-01,0.0,0.0,32.119,0.0,0.0,0.0,983.415,0.0
2026-05-01 20:00:00,EM-01,0.0,0.0,34.621,0.0,0.0,0.0,1008.902,0.0
2026-05-02 00:00:00,EM-01,0.0,0.0,33.757,0.0,0.0,0.0,1041.251,0.0
2026-05-02 04:00:00,EM-01,0.0,0.0,32.494,0.0,0.0,0.0,1026.592,0.0
2026-05-02 08:00:00,EM-01,0.0,0.0,33.284,0.0,0.0,0.0,1054.354,0.0
2026-05-02 12:00:00,EM-01,0.0,0.0,34.309,0.0,0.0,0.0,999.847,0.0
2026-05-02 16:00:00,EM-01,0.0,0.0,35.165,0.0,0.0,0.0,1026.052,0.0
2026-05-02 20:00:00,EM-01,0.0,0.0,33.755,0.0,0.0,0.0,964.682,0.0
2026-05-03 00:00:00,EM-01,0.0,0.0,34.003,0.0,0.0,0.0,978.195,0.0
2026-05-03 04:00:00,EM-01,0.0,0.0,33.434,0.0,0.0,0.0,1016.176,0.0
2026-05-03 08:00:00,EM-01,0.0,0.0,33.776,0.0,0.0,0.0,1033.773,0.0
2026-05-03 12:00:00,EM-01,0.0,0.0,33.848,0.0,0.0,0.0,1058.391,0.0
2026-05-03 16:00:00,EM-01,0.0,0.0,33.008,0.0,0.0,0.0,1025.2,0.0
2026-05-03 20:00:00,EM-01,0.0,0.0,33.075,0.0,0.0,0.0,1008.21,0.0
2026-05-04 00:00:00,EM-01,0.0,0.0,34.508,0.0,0.0,0.0,999.155,0.0
2026-05-04 04:00:00,EM-01,0.0,0.0,33.027,0.0,0.0,0.0,1076.437,0.0
2026-05-04 08:00:00,EM-01,0.0,0.0,33.35,0.0,0.0,0.0,1023.249,0.0
2026-05-04 12:00:00,EM-01,0.0,0.0,33.58,0.0,0.0,0.0,995.285,0.0
2026-05-04 16:00:00,EM-01,0.0,0.0,32.836,0.0,0.0,0.0,1006.519,0.0
2026-05-04 20:00:00,EM-01,0.0,0.0,33.817,0.0,0.0,0.0,1033.631,0.0
2026-05-05 00:00:00,EM-01,0.0,0.0,32.889,0.0,0.0,0.0,1013.166,0.0
2026-05-05 04:00:00,EM-01,0.0,0.0,33.583,0.0,0.0,0.0,959.929,0.0
2026-05-05 08:00:00,EM-01,0.0,0.0,33.291,0.0,0.0,0.0,1029.626,0.0
2026-05-05 12:00:00,EM-01,0.0,0.0,32.615,0.0,0.0,0.0,1025.667,0.0
2026-05-05 16:00:00,EM-01,0.0,0.0,33.079,0.0,0.0,0.0,1050.937,0.0
2026-05-05 20:00:00,EM-01,0.0,0.0,32.78,0.0,0.0,0.0,1022.492,0.0
2026-05-06 00:00:00,EM-01,0.0,0.0,32.279,0.0,0.0,0.0,1010.565,0.0
2026-05-06 04:00:00,EM-01,0.0,0.0,33.487,0.0,0.0,0.0,997.254,0.0
2026-05-06 08:00:00,EM-01,0.0,0.0,33.668,0.0,0.0,0.0,1031.08,0.0
2026-05-06 12:00:00,EM-01,0.0,0.0,33.192,0.0,0.0,0.0,1005.527,0.0
2026-05-06 16:00:00,EM-01,0.0,0.0,31.547,0.0,0.0,0.0,999.124,0.0
2026-05-06 20:00:00,EM-01,0.0,0.0,33.809,0.0,0.0,0.0,1010.474,0.0
2026-05-07 00:00:00,EM-01,0.0,0.0,33.548,0.0,0.0,0.0,1009.575,0.0
2026-05-07 04:00:00,EM-01,0.0,0.0,32.655,0.0,0.0,0.0,1041.183,0.0
2026-05-07 08:00:00,EM-01,0.0,0.0,32.865,0.0,0.0,0.0,1022.81,0.0
2026-05-07 12:00:00,EM-01,0.0,0.0,33.82,0.0,0.0,0.0,1018.478,0.0
2026-05-07 16:00:00,EM-01,0.0,0.0,34.582,0.0,0.0,0.0,1084.379,0.0
2026-05-07 20:00:00,EM-01,0.0,0.0,33.472,0.0,0.0,0.0,1027.993,0.0
2026-05-08 00:00:00,EM-01,0.0,0.0,33.813,0.0,0.0,0.0,1078.093,0.0
2026-05-08 04:00:00,EM-01,0.0,0.0,34.45,0.0,0.0,0.0,1075.547,0.0
2026-05-08 08:00:00,EM-01,0.0,0.0,35.042,0.0,0.0,0.0,1044.635,0.0
2026-05-08 12:00:00,EM-01,0.0,0.0,34.774,0.0,0.0,0.0,1073.267,0.0
2026-05-08 16:00:00,EM-01,0.0,0.0,34.894,0.0,0.0,0.0,1105.106,0.0
2026-05-08 20:00:00,EM-01,0.0,0.0,34.745,0.0,0.0,0.0,1069.887,0.0
2026-05-09 00:00:00,EM-01,0.0,0.0,34.425,0.0,0.0,0.0,1132.247,0.0
2026-05-09 04:00:00,EM-01,0.0,0.0,35.101,0.0,0.0,0.0,1067.564,0.0
2026-05-09 08:00:00,EM-01,0.0,0.0,35.988,0.0,0.0,0.0,1065.79,0.0
2026-05-09 12:00:00,EM-01,0.0,0.0,34.578,0.0,0.0,0.0,1103.103,0.0
2026-05-09 16:00:00,EM-01,0.0,0.0,35.223,0.0,0.0,0.0,1122.52,0.0
2026-05-09 20:00:00,EM-01,0.0,0.0,34.605,0.0,0.0,0.0,1127.449,0.0
2026-05-10 00:00:00,EM-01,0.0,0.0,36.38,0.0,0.0,0.0,1101.731,0.0
2026-05-10 04:00:00,EM-01,0.0,0.0,35.59,0.0,0.0,0.0,1109.271,0.0
2026-05-10 08:00:00,EM-01,0.0,0.0,36.022,0.0,0.0,0.0,1105.853,0.0
2026-05-10 12:00:00,EM-01,0.0,0.0,35.273,0.0,0.0,0.0,1129.064,0.0
2026-05-10 16:00:00,EM-01,0.0,0.0,36.117,0.0,0.0,0.0,1137.478,0.0
2026-05-10 20:00:00,EM-01,0.0,0.0,35.731,0.0,0.0,0.0,1150.198,0.0
2026-05-11 00:00:00,EM-01,0.0,0.0,36.09,0.0,0.0,0.0,1108.747,0.0
2026-05-11 04:00:00,EM-01,0.0,0.0,34.56,0.0,0.0,0.0,1147.017,0.0
2026-05-11 08:00:00,EM-01,0.0,0.0,35.814,0.0,0.0,0.0,1109.205,0.0
2026-05-11 12:00:00,EM-01,0.0,0.0,36.776,0.0,0.0,0.0,1170.061,0.0
2026-05-11 16:00:00,EM-01,0.0,0.0,36.557,0.0,0.0,0.0,1136.964,0.0
2026-05-11 20:00:00,EM-01,0.0,0.0,34.131,0.0,0.0,0.0,1154.413,0.0
2026-05-12 00:00:00,EM-01,0.0,0.0,35.209,0.0,0.0,0.0,1110.596,0.0
2026-05-12 04:00:00,EM-01,0.0,0.0,36.06,0.0,0.0,0.0,1165.051,0.0
2026-05-12 08:00:00,EM-01,0.0,0.0,36.293,0.0,0.0,0.0,1118.221,0.0
2026-05-12 12:00:00,EM-01,0.0,0.0,35.768,0.0,0.0,0.0,1084.648,0.0
2026-05-12 16:00:00,EM-01,0.0,0.0,34.428,0.0,0.0,0.0,1130.014,0.0
2026-05-12 20:00:00,EM-01,0.0,0.0,35.353,0.0,0.0,0.0,1068.353,0.0
2026-05-13 00:00:00,EM-01,0.0,0.0,35.07,0.0,0.0,0.0,1111.493,0.0
2026-05-13 04:00:00,EM-01,0.0,0.0,35.491,0.0,0.0,0.0,1108.274,0.0
2026-05-13 08:00:00,EM-01,0.0,0.0,34.754,0.0,0.0,0.0,1071.65,0.0
2026-05-13 12:00:00,EM-01,0.0,0.0,34.948,0.0,0.0,0.0,1106.663,0.0
2026-05-13 16:00:00,EM-01,0.0,0.0,35.316,0.0,0.0,0.0,1122.379,0.0
2026-05-13 20:00:00,EM-01,0.0,0.0,34.827,0.0,0.0,0.0,1059.766,0.0
2026-05-14 00:00:00,EM-01,0.0,0.0,35.361,0.0,0.0,0.0,1086.126,0.0
2026-05-14 04:00:00,EM-01,0.0,0.0,34.113,0.0,0.0,0.0,1098.269,0.0
2026-05-14 08:00:00,EM-01,0.0,0.0,35.539,0.0,0.0,0.0,1093.268,0.0
2026-05-14 12:00:00,EM-01,0.0,0.0,35.57,0.0,0.0,0.0,1074.628,0.0
2026-05-14 16:00:00,EM-01,0.0,0.0,34.48,0.0,0.0,0.0,1106.79,0.0
2026-05-14 20:00:00,EM-01,0.0,0.0,34.729,0.0,0.0,0.0,1117.035,0.0
2026-05-15 00:00:00,EM-01,0.0,0.0,35.068,0.0,0.0,0.0,1120.133,0.0
2026-05-15 04:00:00,EM-01,0.0,0.0,35.385,0.0,0.0,0.0,1075.193,0.0
2026-05-15 08:00:00,EM-01,0.0,0.0,34.093,0.0,0.0,0.0,1117.127,0.0
2026-05-15 12:00:00,EM-01,0.0,0.0,35.528,0.0,0.0,0.0,1080.182,0.0
2026-05-15 16:00:00,EM-01,0.0,0.0,35.749,0.0,0.0,0.0,1139.238,0.0
2026-05-15 20:00:00,EM-01,0.0,0.0,35.06,0.0,0.0,0.0,1068.049,0.0
2026-05-16 00:00:00,EM-01,0.0,0.0,36.046,0.0,0.0,0.0,1145.508,0.0
2026-05-16 04:00:00,EM-01,0.0,0.0,35.255,0.0,0.0,0.0,1138.692,0.0
2026-05-16 08:00:00,EM-01,0.0,0.0,35.917,0.0,0.0,0.0,1123.026,0.0
2026-05-16 12:00:00,EM-01,0.0,0.0,36.146,0.0,0.0,0.0,1118.357,0.0
2026-05-16 16:00:00,EM-01,0.0,0.0,35.355,0.0,0.0,0.0,1143.015,0.0
2026-05-16 20:00:00,EM-01,0.0,0.0,36.159,0.0,0.0,0.0,1079.509,0.0
2026-05-17 00:00:00,EM-01,0.0,0.0,35.473,0.0,0.0,0.0,1125.42,0.0
2026-05-17 04:00:00,EM-01,0.0,0.0,36.433,0.0,0.0,0.0,1108.865,0.0
2026-05-17 08:00:00,EM-01,0.0,0.0,36.042,0.0,0.0,0.0,1189.853,0.0
2026-05-17 12:00:00,EM-01,0.0,0.0,36.284,0.0,0.0,0.0,1150.406,0.0
2026-05-17 16:00:00,EM-01,0.0,0.0,36.243,0.0,0.0,0.0,1170.908,0.0
2026-05-17 20:00:00,EM-01,0.0,0.0,36.307,0.0,0.0,0.0,1144.037,0.0
2026-05-18 00:00:00,EM-01,0.0,0.0,36.362,0.0,0.0,0.0,1179.043,0.0
2026-05-18 04:00:00,EM-01,0.0,0.0,36.475,0.0,0.0,0.0,1149.402,0.0
2026-05-18 08:00:00,EM-01,0.0,0.0,36.85,0.0,0.0,0.0,1134.814,0.0
2026-05-18 12:00:00,EM-01,0.0,0.0,34.504,0.0,0.0,0.0,1154.892,0.0
2026-05-18 16:00:00,EM-01,0.0,0.0,36.356,0.0,0.0,0.0,1128.015,0.0
2026-05-18 20:00:00,EM-01,0.0,0.0,35.916,0.0,0.0,0.0,1167.755,0.0
2026-05-19 00:00:00,EM-01,0.0,0.0,36.215,0.0,0.0,0.0,1169.212,0.0
2026-05-19 04:00:00,EM-01,0.0,0.0,36.029,0.0,0.0,0.0,1128.322,0.0
2026-05-19 08:00:00,EM-01,0.0,0.0,36.164,0.0,0.0,0.0,1136.05,0.0
2026-05-19 12:00:00,EM-01,0.0,0.0,35.922,0.0,0.0,0.0,1118.078,0.0
2026-05-19 16:00:00,EM-01,0.0,0.0,35.288,0.0,0.0,0.0,1106.671,0.0
2026-05-19 20:00:00,EM-01,0.0,0.0,35.757,0.0,0.0,0.0,1129.069,0.0
2026-05-20 00:00:00,EM-01,0.0,0.0,34.0,0.0,0.0,0.0,1093.132,0.0
2026-05-20 04:00:00,EM-01,0.0,0.0,34.444,0.0,0.0,0.0,1094.108,0.0
2026-05-20 08:00:00,EM-01,0.0,0.0,34.867,0.0,0.0,0.0,1104.672,0.0
2026-05-20 12:00:00,EM-01,0.0,0.0,35.193,0.0,0.0,0.0,1145.923,0.0
2026-05-20 16:00:00,EM-01,0.0,0.0,35.211,0.0,0.0,0.0,1108.51,0.0
2026-05-20 20:00:00,EM-01,0.0,0.0,34.198,0.0,0.0,0.0,1083.333,0.0
2026-05-21 00:00:00,EM-01,0.0,0.0,34.318,0.0,0.0,0.0,1102.031,0.0
2026-05-21 04:00:00,EM-01,0.0,0.0,34.868,0.0,0.0,0.0,1078.656,0.0
2026-05-21 08:00:00,EM-01,0.0,0.0,35.31,0.0,0.0,0.0,1078.899,0.0
2026-05-21 12:00:00,EM-01,0.0,0.0,35.49,0.0,0.0,0.0,1114.283,0.0
2026-05-21 16:00:00,EM-01,0.0,0.0,34.453,0.0,0.0,0.0,1109.412,0.0
2026-05-21 20:00:00,EM-01,0.0,0.0,34.857,0.0,0.0,0.0,1075.589,0.0
2026-05-22 00:00:00,EM-01,0.0,0.0,35.03,0.0,0.0,0.0,1049.545,0.0
2026-05-22 04:00:00,EM-01,0.0,0.0,34.58,0.0,0.0,0.0,1096.854,0.0
2026-05-22 08:00:00,EM-01,0.0,0.0,34.76,0.0,0.0,0.0,1114.144,0.0
2026-05-22 12:00:00,EM-01,0.0,0.0,34.77,0.0,0.0,0.0,1095.171,0.0
2026-05-22 16:00:00,EM-01,0.0,0.0,34.991,0.0,0.0,0.0,1060.909,0.0
2026-05-22 20:00:00,EM-01,0.0,0.0,35.345,0.0,0.0,0.0,1106.553,0.0
2026-05-23 00:00:00,EM-01,0.0,0.0,34.216,0.0,0.0,0.0,1047.154,0.0
2026-05-23 04:00:00,EM-01,0.0,0.0,35.091,0.0,0.0,0.0,1135.598,0.0
2026-05-23 08:00:00,EM-01,0.0,0.0,36.859,0.0,0.0,0.0,1070.612,0.0
2026-05-23 12:00:00,EM-01,0.0,0.0,36.389,0.0,0.0,0.0,1142.985,0.0
2026-05-23 16:00:00,EM-01,0.0,0.0,35.334,0.0,0.0,0.0,1163.926,0.0
2026-05-23 20:00:00,EM-01,0.0,0.0,35.988,0.0,0.0,0.0,1120.343,0.0
2026-05-24 00:00:00,EM-01,0.0,0.0,34.906,0.0,0.0,0.0,1132.101,0.0
2026-05-24 04:00:00,EM-01,0.0,0.0,35.955,0.0,0.0,0.0,1184.715,0.0
2026-05-24 08:00:00,EM-01,0.0,0.0,35.522,0.0,0.0,0.0,1117.292,0.0
2026-05-24 12:00:00,EM-01,0.0,0.0,35.825,0.0,0.0,0.0,1201.141,0.0
2026-05-24 16:00:00,EM-01,0.0,0.0,35.554,0.0,0.0,0.0,1173.263,0.0
2026-05-24 20:00:00,EM-01,0.0,0.0,35.392,0.0,0.0,0.0,1155.591,0.0
2026-05-25 00:00:00,EM-01,0.0,0.0,36.301,0.0,0.0,0.0,1131.55,0.0
2026-05-25 04:00:00,EM-01,0.0,0.0,36.651,0.0,0.0,0.0,1130.356,0.0
2026-05-25 08:00:00,EM-01,0.0,0.0,35.438,0.0,0.0,0.0,1141.951,0.0
2026-05-25 12:00:00,EM-01,0.0,0.0,35.8,0.0,0.0,0.0,1154.78,0.0
2026-05-25 16:00:00,EM-01,0.0,0.0,36.114,0.0,0.0,0.0,1183.676,0.0
2026-05-25 20:00:00,EM-01,0.0,0.0,36.064,0.0,0.0,0.0,1152.967,0.0
2026-05-26 00:00:00,EM-01,0.0,0.0,35.575,0.0,0.0,0.0,1135.0,0.0
2026-05-26 04:00:00,EM-01,0.0,0.0,35.648,0.0,0.0,0.0,1169.124,0.0
2026-05-26 08:00:00,EM-01,0.0,0.0,35.659,0.0,0.0,0.0,1124.34,0.0
2026-05-26 12:00:00,EM-01,0.0,0.0,36.134,0.0,0.0,0.0,1119.426,0.0
2026-05-26 16:00:00,EM-01,0.0,0.0,36.628,0.0,0.0,0.0,1176.356,0.0
2026-05-26 20:00:00,EM-01,0.0,0.0,35.321,0.0,0.0,0.0,1146.914,0.0
2026-05-27 00:00:00,EM-01,0.0,0.0,35.248,0.0,0.0,0.0,1115.205,0.0
2026-05-27 04:00:00,EM-01,0.0,0.0,35.951,0.0,0.0,0.0,1122.008,0.0
2026-05-27 08:00:00,EM-01,0.0,0.0,35.571,0.0,0.0,0.0,1139.279,0.0
2026-05-27 12:00:00,EM-01,0.0,0.0,35.953,0.0,0.0,0.0,1110.966,0.0
2026-05-27 16:00:00,EM-01,0.0,0.0,34.946,0.0,0.0,0.0,1105.465,0.0
2026-05-27 20:00:00,EM-01,0.0,0.0,34.654,0.0,0.0,0.0,1119.185,0.0
2026-05-28 00:00:00,EM-01,0.0,0.0,34.996,0.0,0.0,0.0,1072.306,0.0
2026-05-28 04:00:00,EM-01,0.0,0.0,35.719,0.0,0.0,0.0,1093.666,0.0
2026-05-28 08:00:00,EM-01,0.0,0.0,34.552,0.0,0.0,0.0,1116.952,0.0
2026-05-28 12:00:00,EM-01,0.0,0.0,35.547,0.0,0.0,0.0,1045.485,0.0
2026-05-28 16:00:00,EM-01,0.0,0.0,35.422,0.0,0.0,0.0,1090.015,0.0
2026-05-28 20:00:00,EM-01,0.0,0.0,35.318,0.0,0.0,0.0,1083.48,0.0
2026-05-29 00:00:00,EM-01,0.0,0.0,34.989,0.0,0.0,0.0,1077.317,0.0
2026-05-29 04:00:00,EM-01,0.0,0.0,35.307,0.0,0.0,0.0,1068.806,0.0
2026-05-29 08:00:00,EM-01,0.0,0.0,35.336,0.0,0.0,0.0,1088.618,0.0
2026-05-29 12:00:00,EM-01,0.0,0.0,35.22,0.0,0.0,0.0,1062.69,0.0
2026-05-29 16:00:00,EM-01,0.0,0.0,35.084,0.0,0.0,0.0,1099.48,0.0
2026-05-29 20:00:00,EM-01,0.0,0.0,35.888,0.0,0.0,0.0,1105.49,0.0
2026-05-30 00:00:00,EM-01,0.0,0.0,34.67,0.0,0.0,0.0,1078.086,0.0
2026-05-30 04:00:00,EM-01,0.0,0.0,35.453,0.0,0.0,0.0,1083.385,0.0
2026-05-30 08:00:00,EM-01,0.0,0.0,34.866,0.0,0.0,0.0,1079.792,0.0
2026-05-30 12:00:00,EM-01,0.0,0.0,35.301,0.0,0.0,0.0,1108.329,0.0
2026-05-30 16:00:00,EM-01,0.0,0.0,35.158,0.0,0.0,0.0,1146.163,0.0
2026-05-30 20:00:00,EM-01,0.0,0.0,35.731,0.0,0.0,0.0,1152.037,0.0
2026-05-31 00:00:00,EM-01,0.0,0.0,35.605,0.0,0.0,0.0,1099.888,0.0
2026-05-31 04:00:00,EM-01,0.0,0.0,35.118,0.0,0.0,0.0,1118.284,0.0
2026-05-31 08:00:00,EM-01,0.0,0.0,36.138,0.0,0.0,0.0,1118.758,0.0
2026-05-31 12:00:00,EM-01,0.0,0.0,36.291,0.0,0.0,0.0,1161.704,0.0
2026-05-31 16:00:00,EM-01,0.0,0.0,35.51,0.0,0.0,0.0,1108.769,0.0
2026-05-31 20:00:00,EM-01,0.0,0.0,36.516,0.0,0.0,0.0,1143.57,0.0
2026-06-01 00:00:00,EM-01,0.0,0.0,36.264,0.0,0.0,0.0,1156.577,0.0
2026-06-01 04:00:00,EM-01,0.0,0.0,35.357,0.0,0.0,0.0,1153.542,0.0
2026-06-01 08:00:00,EM-01,0.0,0.0,36.305,0.0,0.0,0.0,1156.279,0.0
2026-06-01 12:00:00,EM-01,0.0,0.0,35.748,0.0,0.0,0.0,1149.304,0.0
2026-06-01 16:00:00,EM-01,0.0,0.0,36.021,0.0,0.0,0.0,1172.311,0.0
2026-06-01 20:00:00,EM-01,0.0,0.0,36.24,0.0,0.0,0.0,1135.389,0.0
2026-06-02 00:00:00,EM-01,0.0,0.0,35.762,0.0,0.0,0.0,1168.739,0.0
2026-06-02 04:00:00,EM-01,0.0,0.0,36.779,0.0,0.0,0.0,1191.852,0.0
2026-06-02 08:00:00,EM-01,0.0,0.0,36.062,0.0,0.0,0.0,1123.649,0.0
2026-06-02 12:00:00,EM-01,0.0,0.0,36.119,0.0,0.0,0.0,1128.832,0.0
2026-06-02 16:00:00,EM-01,0.0,0.0,35.797,0.0,0.0,0.0,1152.963,0.0
2026-06-02 20:00:00,EM-01,0.0,0.0,36.63,0.0,0.0,0.0,1148.536,0.0
2026-06-03 00:00:00,EM-01,0.0,0.0,36.036,0.0,0.0,0.0,1154.33,0.0
2026-06-03 04:00:00,EM-01,0.0,0.0,35.769,0.0,0.0,0.0,1164.804,0.0
2026-06-03 08:00:00,EM-01,0.0,0.0,37.367,0.0,0.0,0.0,1113.352,0.0
2026-06-03 12:00:00,EM-01,0.0,0.0,36.327,0.0,0.0,0.0,1150.863,0.0
2026-06-03 16:00:00,EM-01,0.0,0.0,35.865,0.0,0.0,0.0,1148.093,0.0
2026-06-03 20:00:00,EM-01,0.0,0.0,35.67,0.0,0.0,0.0,1129.054,0.0
2026-06-04 00:00:00,EM-01,0.0,0.0,35.423,0.0,0.0,0.0,1112.996,0.0
2026-06-04 04:00:00,EM-01,0.0,0.0,35.613,0.0,0.0,0.0,1115.029,0.0
2026-06-04 08:00:00,EM-01,0.0,0.0,34.634,0.0,0.0,0.0,1112.884,0.0
2026-06-04 12:00:00,EM-01,0.0,0.0,34.966,0.0,0.0,0.0,1084.808,0.0
2026-06-04 16:00:00,EM-01,0.0,0.0,35.524,0.0,0.0,0.0,1072.738,0.0
2026-06-04 20:00:00,EM-01,0.0,0.0,34.803,0.0,0.0,0.0,1066.697,0.0
2026-06-05 00:00:00,EM-01,0.0,0.0,34.675,0.0,0.0,0.0,1142.851,0.0
2026-06-05 04:00:00,EM-01,0.0,0.0,34.439,0.0,0.0,0.0,1082.984,0.0
2026-06-05 08:00:00,EM-01,0.0,0.0,35.539,0.0,0.0,0.0,1095.002,0.0
2026-06-05 12:00:00,EM-01,0.0,0.0,34.717,0.0,0.0,0.0,1068.474,0.0
2026-06-05 16:00:00,EM-01,0.0,0.0,35.14,0.0,0.0,0.0,1076.711,0.0
2026-06-05 20:00:00,EM-01,0.0,0.0,35.939,0.0,0.0,0.0,1078.125,0.0
2026-06-06 00:00:00,EM-01,0.0,0.0,35.71,0.0,0.0,0.0,1105.616,0.0
2026-06-06 04:00:00,EM-01,0.0,0.0,35.318,0.0,0.0,0.0,1083.75,0.0
2026-06-06 08:00:00,EM-01,0.0,0.0,34.673,0.0,0.0,0.0,1083.703,0.0
2026-06-06 12:00:00,EM-01,0.0,0.0,35.528,0.0,0.0,0.0,1104.332,0.0
2026-06-06 16:00:00,EM-01,0.0,0.0,34.074,0.0,0.0,0.0,1066.356,0.0
2026-06-06 20:00:00,EM-01,0.0,0.0,35.068,0.0,0.0,0.0,1111.537,0.0
2026-06-07 00:00:00,EM-01,0.0,0.0,35.111,0.0,0.0,0.0,1091.904,0.0
2026-06-07 04:00:00,EM-01,0.0,0.0,34.813,0.0,0.0,0.0,1128.373,0.0
2026-06-07 08:00:00,EM-01,0.0,0.0,35.484,0.0,0.0,0.0,1150.267,0.0
2026-06-07 12:00:00,EM-01,0.0,0.0,34.854,0.0,0.0,0.0,1132.285,0.0
2026-06-07 16:00:00,EM-01,0.0,0.0,35.928,0.0,0.0,0.0,1140.356,0.0
2026-06-07 20:00:00,EM-01,0.0,0.0,36.177,0.0,0.0,0.0,1113.983,0.0
2026-06-08 00:00:00,EM-01,0.0,0.0,35.746,0.0,0.0,0.0,1133.565,0.0
2026-06-08 04:00:00,EM-01,0.0,0.0,35.407,0.0,0.0,0.0,1157.252,0.0
2026-06-08 08:00:00,EM-01,0.0,0.0,34.719,0.0,0.0,0.0,1111.009,0.0
2026-06-08 12:00:00,EM-01,0.0,0.0,35.212,0.0,0.0,0.0,1165.732,0.0
2026-06-08 16:00:00,EM-01,0.0,0.0,36.271,0.0,0.0,0.0,1131.38,0.0
2026-06-08 20:00:00,EM-01,0.0,0.0,36.261,0.0,0.0,0.0,1151.782,0.0
2026-06-09 00:00:00,EM-01,0.0,0.0,35.598,0.0,0.0,0.0,1150.79,0.0
2026-06-09 04:00:00,EM-01,0.0,0.0,37.004,0.0,0.0,0.0,1184.169,0.0
2026-06-09 08:00:00,EM-01,0.0,0.0,36.734,0.0,0.0,0.0,1154.916,0.0
2026-06-09 12:00:00,EM-01,0.0,0.0,36.767,0.0,0.0,0.0,1164.937,0.0
2026-06-09 16:00:00,EM-01,0.0,0.0,35.674,0.0,0.0,0.0,1127.309,0.0
2026-06-09 20:00:00,EM-01,0.0,0.0,36.565,0.0,0.0,0.0,1131.485,0.0
2026-06-10 00:00:00,EM-01,0.0,0.0,35.647,0.0,0.0,0.0,1174.039,0.0
2026-06-10 04:00:00,EM-01,0.0,0.0,36.16,0.0,0.0,0.0,1140.693,0.0
2026-06-10 08:00:00,EM-01,0.0,0.0,35.425,0.0,0.0,0.0,1128.929,0.0
2026-06-10 12:00:00,EM-01,0.0,0.0,35.797,0.0,0.0,0.0,1115.072,0.0
2026-06-10 16:00:00,EM-01,0.0,0.0,35.25,0.0,0.0,0.0,1171.583,0.0
2026-06-10 20:00:00,EM-01,0.0,0.0,36.532,0.0,0.0,0.0,1125.288,0.0
2026-06-11 00:00:00,EM-01,0.0,0.0,34.995,0.0,0.0,0.0,1084.065,0.0
2026-06-11 04:00:00,EM-01,0.0,0.0,35.351,0.0,0.0,0.0,1067.56,0.0
2026-06-11 08:00:00,EM-01,0.0,0.0,35.246,0.0,0.0,0.0,1068.306,0.0
2026-06-11 12:00:00,EM-01,0.0,0.0,35.331,0.0,0.0,0.0,1114.271,0.0
2026-06-11 16:00:00,EM-01,0.0,0.0,35.181,0.0,0.0,0.0,1154.852,0.0
2026-06-11 20:00:00,EM-01,0.0,0.0,35.076,0.0,0.0,0.0,1140.666,0.0
2026-06-12 00:00:00,EM-01,0.0,0.0,35.251,0.0,0.0,0.0,1143.247,0.0
2026-06-12 04:00:00,EM-01,0.0,0.0,34.093,0.0,0.0,0.0,1069.357,0.0
2026-06-12 08:00:00,EM-01,0.0,0.0,34.794,0.0,0.0,0.0,1127.421,0.0
2026-06-12 12:00:00,EM-01,0.0,0.0,34.761,0.0,0.0,0.0,1072.94,0.0
2026-06-12 16:00:00,EM-01,0.0,0.0,35.159,0.0,0.0,0.0,1107.036,0.0
2026-06-12 20:00:00,EM-01,0.0,0.0,34.406,0.0,0.0,0.0,1069.359,0.0
2026-06-13 00:00:00,EM-01,0.0,0.0,35.68,0.0,0.0,0.0,1112.649,0.0
2026-06-13 04:00:00,EM-01,0.0,0.0,35.583,0.0,0.0,0.0,1105.48,0.0
2026-06-13 08:00:00,EM-01,0.0,0.0,34.349,0.0,0.0,0.0,1083.804,0.0
2026-06-13 12:00:00,EM-01,0.0,0.0,34.265,0.0,0.0,0.0,1107.851,0.0
2026-06-13 16:00:00,EM-01,0.0,0.0,34.577,0.0,0.0,0.0,1048.408,0.0
2026-06-13 20:00:00,EM-01,0.0,0.0,34.974,0.0,0.0,0.0,1115.215,0.0
2026-06-14 00:00:00,EM-01,0.0,0.0,34.256,0.0,0.0,0.0,1089.563,0.0
2026-06-14 04:00:00,EM-01,0.0,0.0,34.763,0.0,0.0,0.0,1118.217,0.0
2026-06-14 08:00:00,EM-01,0.0,0.0,34.064,0.0,0.0,0.0,1125.158,0.0
2026-06-14 12:00:00,EM-01,0.0,0.0,34.861,0.0,0.0,0.0,1099.701,0.0
2026-06-14 16:00:00,EM-01,0.0,0.0,35.78,0.0,0.0,0.0,1141.247,0.0
2026-06-14 20:00:00,EM-01,0.0,0.0,35.459,0.0,0.0,0.0,1095.543,0.0
2026-06-15 00:00:00,EM-01,0.0,0.0,35.257,0.0,0.0,0.0,1143.089,0.0
2026-06-15 04:00:00,EM-01,0.0,0.0,35.176,0.0,0.0,0.0,1128.565,0.0
2026-06-15 08:00:00,EM-01,0.0,0.0,35.747,0.0,0.0,0.0,1142.792,0.0
2026-06-15 12:00:00,EM-01,0.0,0.0,35.859,0.0,0.0,0.0,1119.908,0.0
2026-06-15 16:00:00,EM-01,0.0,0.0,35.669,0.0,0.0,0.0,1121.889,0.0
2026-06-15 20:00:00,EM-01,0.0,0.0,35.294,0.0,0.0,0.0,1148.963,0.0
2026-06-16 00:00:00,EM-01,0.0,0.0,36.204,0.0,0.0,0.0,1107.358,0.0
2026-06-16 04:00:00,EM-01,0.0,0.0,35.945,0.0,0.0,0.0,1137.236,0.0
2026-06-16 08:00:00,EM-01,0.0,0.0,35.903,0.0,0.0,0.0,1143.043,0.0
2026-06-16 12:00:00,EM-01,0.0,0.0,36.193,0.0,0.0,0.0,1167.816,0.0
2026-06-16 16:00:00,EM-01,0.0,0.0,36.272,0.0,0.0,0.0,1162.071,0.0
2026-06-16 20:00:00,EM-01,0.0,0.0,35.555,0.0,0.0,0.0,1124.89,0.0
2026-06-17 00:00:00,EM-01,0.0,0.0,35.561,0.0,0.0,0.0,1139.879,0.0
2026-06-17 04:00:00,EM-01,0.0,0.0,36.293,0.0,0.0,0.0,1186.035,0.0
2026-06-17 08:00:00,EM-01,0.0,0.0,35.796,0.0,0.0,0.0,1166.015,0.0
2026-06-17 12:00:00,EM-01,0.0,0.0,35.749,0.0,0.0,0.0,1145.249,0.0
2026-06-17 16:00:00,EM-01,0.0,0.0,36.047,0.0,0.0,0.0,1121.153,0.0
2026-06-17 20:00:00,EM-01,0.0,0.0,35.613,0.0,0.0,0.0,1175.479,0.0
2026-06-18 00:00:00,EM-01,0.0,0.0,35.697,0.0,0.0,0.0,1158.382,0.0
2026-06-18 04:00:00,EM-01,0.0,0.0,36.244,0.0,0.0,0.0,1117.916,0.0
2026-06-18 08:00:00,EM-01,0.0,0.0,35.791,0.0,0.0,0.0,1130.422,0.0
2026-06-18 12:00:00,EM-01,0.0,0.0,35.948,0.0,0.0,0.0,1114.102,0.0
2026-06-18 16:00:00,EM-01,0.0,0.0,34.797,0.0,0.0,0.0,1102.892,0.0
2026-06-18 20:00:00,EM-01,0.0,0.0,36.096,0.0,0.0,0.0,1113.579,0.0
2026-06-19 00:00:00,EM-01,0.0,0.0,35.159,0.0,0.0,0.0,1076.244,0.0
2026-06-19 04:00:00,EM-01,0.0,0.0,35.929,0.0,0.0,0.0,1100.729,0.0
2026-06-19 08:00:00,EM-01,0.0,0.0,35.755,0.0,0.0,0.0,1116.827,0.0
2026-06-19 12:00:00,EM-01,0.0,0.0,35.513,0.0,0.0,0.0,1135.209,0.0
2026-06-19 16:00:00,EM-01,0.0,0.0,35.078,0.0,0.0,0.0,1090.947,0.0
2026-06-19 20:00:00,EM-01,0.0,0.0,35.766,0.0,0.0,0.0,1109.923,0.0
2026-06-20 00:00:00,EM-01,0.0,0.0,34.516,0.0,0.0,0.0,1112.151,0.0
2026-06-20 04:00:00,EM-01,0.0,0.0,35.636,0.0,0.0,0.0,1034.102,0.0
2026-06-20 08:00:00,EM-01,0.0,0.0,34.155,0.0,0.0,0.0,1066.596,0.0
2026-06-20 12:00:00,EM-01,0.0,0.0,35.17,0.0,0.0,0.0,1102.185,0.0
2026-06-20 16:00:00,EM-01,0.0,0.0,35.059,0.0,0.0,0.0,1104.018,0.0
2026-06-20 20:00:00,EM-01,0.0,0.0,34.216,0.0,0.0,0.0,1057.116,0.0
2026-06-21 00:00:00,EM-01,0.0,0.0,35.481,0.0,0.0,0.0,1088.012,0.0
2026-06-21 04:00:00,EM-01,0.0,0.0,35.496,0.0,0.0,0.0,1071.456,0.0
2026-06-21 08:00:00,EM-01,0.0,0.0,34.36,0.0,0.0,0.0,1060.704,0.0
2026-06-21 12:00:00,EM-01,0.0,0.0,35.399,0.0,0.0,0.0,1118.161,0.0
2026-06-21 16:00:00,EM-01,0.0,0.0,35.338,0.0,0.0,0.0,1084.673,0.0
2026-06-21 20:00:00,EM-01,0.0,0.0,35.473,0.0,0.0,0.0,1113.208,0.0
2026-06-22 00:00:00,EM-01,0.0,0.0,34.168,0.0,0.0,0.0,1095.369,0.0
2026-06-22 04:00:00,EM-01,0.0,0.0,35.476,0.0,0.0,0.0,1132.81,0.0
2026-06-22 08:00:00,EM-01,0.0,0.0,35.387,0.0,0.0,0.0,1115.428,0.0
2026-06-22 12:00:00,EM-01,0.0,0.0,35.501,0.0,0.0,0.0,1122.595,0.0
2026-06-22 16:00:00,EM-01,0.0,0.0,34.922,0.0,0.0,0.0,1107.309,0.0
2026-06-22 20:00:00,EM-01,0.0,0.0,34.571,0.0,0.0,0.0,1115.464,0.0
2026-06-23 00:00:00,EM-01,0.0,0.0,36.101,0.0,0.0,0.0,1111.76,0.0
2026-06-23 04:00:00,EM-01,0.0,0.0,35.801,0.0,0.0,0.0,1142.671,0.0
2026-06-23 08:00:00,EM-01,0.0,0.0,37.447,0.0,0.0,0.0,1135.594,0.0
2026-06-23 12:00:00,EM-01,0.0,0.0,36.471,0.0,0.0,0.0,1136.462,0.0
2026-06-23 16:00:00,EM-01,0.0,0.0,36.345,0.0,0.0,0.0,1142.858,0.0
2026-06-23 20:00:00,EM-01,0.0,0.0,35.989,0.0,0.0,0.0,1141.164,0.0
2026-06-24 00:00:00,EM-01,0.0,0.0,36.904,0.0,0.0,0.0,1154.047,0.0
2026-06-24 04:00:00,EM-01,0.0,0.0,35.646,0.0,0.0,0.0,1138.915,0.0
2026-06-24 08:00:00,EM-01,0.0,0.0,35.817,0.0,0.0,0.0,1170.139,0.0
2026-06-24 12:00:00,EM-01,0.0,0.0,35.883,0.0,0.0,0.0,1168.489,0.0
2026-06-24 16:00:00,EM-01,0.0,0.0,36.776,0.0,0.0,0.0,1151.378,0.0
2026-06-24 20:00:00,EM-01,0.0,0.0,36.517,0.0,0.0,0.0,1135.285,0.0
2026-06-25 00:00:00,EM-01,0.0,0.0,36.631,0.0,0.0,0.0,1116.501,0.0
2026-06-25 04:00:00,EM-01,0.0,0.0,35.884,0.0,0.0,0.0,1135.171,0.0
2026-06-25 08:00:00,EM-01,0.0,0.0,36.575,0.0,0.0,0.0,1177.931,0.0
2026-06-25 12:00:00,EM-01,0.0,0.0,35.738,0.0,0.0,0.0,1133.462,0.0
2026-06-25 16:00:00,EM-01,0.0,0.0,35.268,0.0,0.0,0.0,1129.927,0.0
2026-06-25 20:00:00,EM-01,0.0,0.0,36.371,0.0,0.0,0.0,1086.822,0.0
2026-06-26 00:00:00,EM-01,0.0,0.0,35.702,0.0,0.0,0.0,1139.652,0.0
2026-06-26 04:00:00,EM-01,0.0,0.0,35.618,0.0,0.0,0.0,1114.519,0.0
2026-06-26 08:00:00,EM-01,0.0,0.0,35.944,0.0,0.0,0.0,1095.894,0.0
2026-06-26 12:00:00,EM-01,0.0,0.0,34.971,0.0,0.0,0.0,1067.801,0.0
2026-06-26 16:00:00,EM-01,0.0,0.0,35.45,0.0,0.0,0.0,1110.476,0.0
2026-06-26 20:00:00,EM-01,0.0,0.0,34.883,0.0,0.0,0.0,1080.972,0.0
2026-06-27 00:00:00,EM-01,0.0,0.0,35.07,0.0,0.0,0.0,1099.644,0.0
2026-06-27 04:00:00,EM-01,0.0,0.0,34.386,0.0,0.0,0.0,1049.712,0.0
2026-06-27 08:00:00,EM-01,0.0,0.0,34.039,0.0,0.0,0.0,1057.881,0.0
2026-06-27 12:00:00,EM-01,0.0,0.0,34.254,0.0,0.0,0.0,1086.503,0.0
2026-06-27 16:00:00,EM-01,0.0,0.0,34.885,0.0,0.0,0.0,1082.605,0.0
2026-06-27 20:00:00,EM-01,0.0,0.0,34.997,0.0,0.0,0.0,1094.144,0.0
2026-06-28 00:00:00,EM-01,0.0,0.0,34.963,0.0,0.0,0.0,1086.265,0.0
2026-06-28 04:00:00,EM-01,0.0,0.0,34.232,0.0,0.0,0.0,1053.707,0.0
2026-06-28 08:00:00,EM-01,0.0,0.0,34.502,0.0,0.0,0.0,1110.384,0.0
2026-06-28 12:00:00,EM-01,0.0,0.0,36.053,0.0,0.0,0.0,1098.327,0.0
2026-06-28 16:00:00,EM-01,0.0,0.0,35.05,0.0,0.0,0.0,1111.623,0.0
2026-06-28 20:00:00,EM-01,0.0,0.0,35.709,0.0,0.0,0.0,1068.636,0.0
2026-06-29 00:00:00,EM-01,0.0,0.0,36.503,0.0,0.0,0.0,1128.533,0.0
2026-06-29 04:00:00,EM-01,0.0,0.0,34.337,0.0,0.0,0.0,1072.954,0.0
2026-06-29 08:00:00,EM-01,0.0,0.0,36.617,0.0,0.0,0.0,1122.925,0.0
2026-06-29 12:00:00,EM-01,0.0,0.0,34.917,0.0,0.0,0.0,1105.143,0.0
2026-06-29 16:00:00,EM-01,0.0,0.0,35.725,0.0,0.0,0.0,1127.82,0.0
2026-06-29 20:00:00,EM-01,0.0,0.0,36.15,0.0,0.0,0.0,1117.548,0.0
2026-01-01 00:00:00,EMS-01,0.0,0.0,29.157,0.0,0.0,0.0,23.618,0.287
2026-01-01 04:00:00,EMS-01,0.0,0.0,28.565,0.0,0.0,0.0,24.058,0.339
2026-01-01 08:00:00,EMS-01,0.0,0.0,28.406,0.0,0.0,0.0,26.562,0.309
2026-01-01 12:00:00,EMS-01,0.0,0.0,28.845,0.0,0.0,0.0,24.58,0.257
2026-01-01 16:00:00,EMS-01,0.0,0.0,29.626,0.0,0.0,0.0,23.755,0.279
2026-01-01 20:00:00,EMS-01,0.0,0.0,29.595,0.0,0.0,0.0,25.113,0.42
2026-01-02 00:00:00,EMS-01,0.0,0.0,29.695,0.0,0.0,0.0,25.296,0.359
2026-01-02 04:00:00,EMS-01,0.0,0.0,28.219,0.0,0.0,0.0,25.324,0.36
2026-01-02 08:00:00,EMS-01,0.0,0.0,29.638,0.0,0.0,0.0,24.473,0.385
2026-01-02 12:00:00,EMS-01,0.0,0.0,29.214,0.0,0.0,0.0,26.167,0.381
2026-01-02 16:00:00,EMS-01,0.0,0.0,30.573,0.0,0.0,0.0,24.99,0.416
2026-01-02 20:00:00,EMS-01,0.0,0.0,29.918,0.0,0.0,0.0,25.42,0.34
2026-01-03 00:00:00,EMS-01,0.0,0.0,30.017,0.0,0.0,0.0,24.992,0.369
2026-01-03 04:00:00,EMS-01,0.0,0.0,30.212,0.0,0.0,0.0,25.423,0.38
2026-01-03 08:00:00,EMS-01,0.0,0.0,30.589,0.0,0.0,0.0,25.982,0.343
2026-01-03 12:00:00,EMS-01,0.0,0.0,29.466,0.0,0.0,0.0,25.447,0.438
2026-01-03 16:00:00,EMS-01,0.0,0.0,28.883,0.0,0.0,0.0,25.382,0.407
2026-01-03 20:00:00,EMS-01,0.0,0.0,29.9,0.0,0.0,0.0,24.903,0.295
2026-01-04 00:00:00,EMS-01,0.0,0.0,30.317,0.0,0.0,0.0,24.385,0.316
2026-01-04 04:00:00,EMS-01,0.0,0.0,29.516,0.0,0.0,0.0,26.203,0.358
2026-01-04 08:00:00,EMS-01,0.0,0.0,29.069,0.0,0.0,0.0,24.773,0.341
2026-01-04 12:00:00,EMS-01,0.0,0.0,28.904,0.0,0.0,0.0,24.382,0.302
2026-01-04 16:00:00,EMS-01,0.0,0.0,28.502,0.0,0.0,0.0,24.685,0.31
2026-01-04 20:00:00,EMS-01,0.0,0.0,28.93,0.0,0.0,0.0,23.085,0.297
2026-01-05 00:00:00,EMS-01,0.0,0.0,28.563,0.0,0.0,0.0,23.071,0.295
2026-01-05 04:00:00,EMS-01,0.0,0.0,28.837,0.0,0.0,0.0,24.946,0.33
2026-01-05 08:00:00,EMS-01,0.0,0.0,28.437,0.0,0.0,0.0,22.632,0.234
2026-01-05 12:00:00,EMS-01,0.0,0.0,28.153,0.0,0.0,0.0,21.965,0.293
2026-01-05 16:00:00,EMS-01,0.0,0.0,29.379,0.0,0.0,0.0,22.543,0.234
2026-01-05 20:00:00,EMS-01,0.0,0.0,28.26,0.0,0.0,0.0,22.355,0.325
2026-01-06 00:00:00,EMS-01,0.0,0.0,27.252,0.0,0.0,0.0,21.66,0.303
2026-01-06 04:00:00,EMS-01,0.0,0.0,27.379,0.0,0.0,0.0,23.212,0.25
2026-01-06 08:00:00,EMS-01,0.0,0.0,28.798,0.0,0.0,0.0,22.493,0.266
2026-01-06 12:00:00,EMS-01,0.0,0.0,28.54,0.0,0.0,0.0,22.528,0.227
2026-01-06 16:00:00,EMS-01,0.0,0.0,27.909,0.0,0.0,0.0,20.792,0.24
2026-01-06 20:00:00,EMS-01,0.0,0.0,27.014,0.0,0.0,0.0,24.978,0.27
2026-01-07 00:00:00,EMS-01,0.0,0.0,28.538,0.0,0.0,0.0,21.696,0.291
2026-01-07 04:00:00,EMS-01,0.0,0.0,28.714,0.0,0.0,0.0,23.635,0.272
2026-01-07 08:00:00,EMS-01,0.0,0.0,28.905,0.0,0.0,0.0,22.118,0.292
2026-01-07 12:00:00,EMS-01,0.0,0.0,28.433,0.0,0.0,0.0,21.651,0.219
2026-01-07 16:00:00,EMS-01,0.0,0.0,28.318,0.0,0.0,0.0,22.726,0.278
2026-01-07 20:00:00,EMS-01,0.0,0.0,29.164,0.0,0.0,0.0,24.65,0.317
2026-01-08 00:00:00,EMS-01,0.0,0.0,29.003,0.0,0.0,0.0,23.306,0.306
2026-01-08 04:00:00,EMS-01,0.0,0.0,29.02,0.0,0.0,0.0,23.734,0.327
2026-01-08 08:00:00,EMS-01,0.0,0.0,28.914,0.0,0.0,0.0,23.271,0.322
2026-01-08 12:00:00,EMS-01,0.0,0.0,28.868,0.0,0.0,0.0,25.525,0.305
2026-01-08 16:00:00,EMS-01,0.0,0.0,30.713,0.0,0.0,0.0,25.93,0.287
2026-01-08 20:00:00,EMS-01,0.0,0.0,29.921,0.0,0.0,0.0,24.282,0.354
2026-01-09 00:00:00,EMS-01,0.0,0.0,30.208,0.0,0.0,0.0,23.796,0.324
2026-01-09 04:00:00,EMS-01,0.0,0.0,29.846,0.0,0.0,0.0,24.41,0.269
2026-01-09 08:00:00,EMS-01,0.0,0.0,30.054,0.0,0.0,0.0,25.352,0.351
2026-01-09 12:00:00,EMS-01,0.0,0.0,29.665,0.0,0.0,0.0,27.465,0.393
2026-01-09 16:00:00,EMS-01,0.0,0.0,29.181,0.0,0.0,0.0,25.373,0.403
2026-01-09 20:00:00,EMS-01,0.0,0.0,30.371,0.0,0.0,0.0,23.771,0.347
2026-01-10 00:00:00,EMS-01,0.0,0.0,29.126,0.0,0.0,0.0,26.098,0.336
2026-01-10 04:00:00,EMS-01,0.0,0.0,30.658,0.0,0.0,0.0,26.837,0.361
2026-01-10 08:00:00,EMS-01,0.0,0.0,29.091,0.0,0.0,0.0,24.671,0.386
2026-01-10 12:00:00,EMS-01,0.0,0.0,30.273,0.0,0.0,0.0,25.451,0.28
2026-01-10 16:00:00,EMS-01,0.0,0.0,30.157,0.0,0.0,0.0,23.334,0.294
2026-01-10 20:00:00,EMS-01,0.0,0.0,30.301,0.0,0.0,0.0,24.146,0.375
2026-01-11 00:00:00,EMS-01,0.0,0.0,29.744,0.0,0.0,0.0,24.453,0.371
2026-01-11 04:00:00,EMS-01,0.0,0.0,29.322,0.0,0.0,0.0,25.232,0.346
2026-01-11 08:00:00,EMS-01,0.0,0.0,29.275,0.0,0.0,0.0,24.349,0.323
2026-01-11 12:00:00,EMS-01,0.0,0.0,29.948,0.0,0.0,0.0,24.406,0.31
2026-01-11 16:00:00,EMS-01,0.0,0.0,29.147,0.0,0.0,0.0,24.15,0.33
2026-01-11 20:00:00,EMS-01,0.0,0.0,29.673,0.0,0.0,0.0,23.854,0.324
2026-01-12 00:00:00,EMS-01,0.0,0.0,29.526,0.0,0.0,0.0,24.778,0.306
2026-01-12 04:00:00,EMS-01,0.0,0.0,29.597,0.0,0.0,0.0,25.06,0.353
2026-01-12 08:00:00,EMS-01,0.0,0.0,29.114,0.0,0.0,0.0,23.713,0.279
2026-01-12 12:00:00,EMS-01,0.0,0.0,28.059,0.0,0.0,0.0,23.599,0.31
2026-01-12 16:00:00,EMS-01,0.0,0.0,28.58,0.0,0.0,0.0,23.37,0.351
2026-01-12 20:00:00,EMS-01,0.0,0.0,29.536,0.0,0.0,0.0,22.135,0.307
2026-01-13 00:00:00,EMS-01,0.0,0.0,28.559,0.0,0.0,0.0,23.827,0.351
2026-01-13 04:00:00,EMS-01,0.0,0.0,29.67,0.0,0.0,0.0,23.714,0.287
2026-01-13 08:00:00,EMS-01,0.0,0.0,28.167,0.0,0.0,0.0,25.429,0.254
2026-01-13 12:00:00,EMS-01,0.0,0.0,28.768,0.0,0.0,0.0,22.424,0.23
2026-01-13 16:00:00,EMS-01,0.0,0.0,29.219,0.0,0.0,0.0,20.78,0.198
2026-01-13 20:00:00,EMS-01,0.0,0.0,28.616,0.0,0.0,0.0,22.225,0.287
2026-01-14 00:00:00,EMS-01,0.0,0.0,28.2,0.0,0.0,0.0,23.139,0.26
2026-01-14 04:00:00,EMS-01,0.0,0.0,28.706,0.0,0.0,0.0,23.479,0.324
2026-01-14 08:00:00,EMS-01,0.0,0.0,28.92,0.0,0.0,0.0,22.411,0.295
2026-01-14 12:00:00,EMS-01,0.0,0.0,28.473,0.0,0.0,0.0,23.016,0.226
2026-01-14 16:00:00,EMS-01,0.0,0.0,28.703,0.0,0.0,0.0,23.291,0.339
2026-01-14 20:00:00,EMS-01,0.0,0.0,28.989,0.0,0.0,0.0,22.913,0.275
2026-01-15 00:00:00,EMS-01,0.0,0.0,27.843,0.0,0.0,0.0,24.794,0.246
2026-01-15 04:00:00,EMS-01,0.0,0.0,27.439,0.0,0.0,0.0,23.981,0.291
2026-01-15 08:00:00,EMS-01,0.0,0.0,28.724,0.0,0.0,0.0,23.401,0.256
2026-01-15 12:00:00,EMS-01,0.0,0.0,28.881,0.0,0.0,0.0,23.051,0.283
2026-01-15 16:00:00,EMS-01,0.0,0.0,29.576,0.0,0.0,0.0,24.417,0.226
2026-01-15 20:00:00,EMS-01,0.0,0.0,29.01,0.0,0.0,0.0,24.911,0.269
2026-01-16 00:00:00,EMS-01,0.0,0.0,28.516,0.0,0.0,0.0,25.05,0.304
2026-01-16 04:00:00,EMS-01,0.0,0.0,28.004,0.0,0.0,0.0,25.468,0.321
2026-01-16 08:00:00,EMS-01,0.0,0.0,29.43,0.0,0.0,0.0,24.362,0.373
2026-01-16 12:00:00,EMS-01,0.0,0.0,28.71,0.0,0.0,0.0,25.307,0.386
2026-01-16 16:00:00,EMS-01,0.0,0.0,28.668,0.0,0.0,0.0,24.018,0.404
2026-01-16 20:00:00,EMS-01,0.0,0.0,30.12,0.0,0.0,0.0,24.104,0.31
2026-01-17 00:00:00,EMS-01,0.0,0.0,29.753,0.0,0.0,0.0,25.461,0.355
2026-01-17 04:00:00,EMS-01,0.0,0.0,30.97,0.0,0.0,0.0,25.923,0.332
2026-01-17 08:00:00,EMS-01,0.0,0.0,30.311,0.0,0.0,0.0,25.409,0.341
2026-01-17 12:00:00,EMS-01,0.0,0.0,30.265,0.0,0.0,0.0,26.976,0.375
2026-01-17 16:00:00,EMS-01,0.0,0.0,29.241,0.0,0.0,0.0,25.596,0.336
2026-01-17 20:00:00,EMS-01,0.0,0.0,29.926,0.0,0.0,0.0,26.291,0.301
2026-01-18 00:00:00,EMS-01,0.0,0.0,30.196,0.0,0.0,0.0,25.099,0.35
2026-01-18 04:00:00,EMS-01,0.0,0.0,29.033,0.0,0.0,0.0,24.328,0.43
2026-01-18 08:00:00,EMS-01,0.0,0.0,30.217,0.0,0.0,0.0,26.75,0.336
2026-01-18 12:00:00,EMS-01,0.0,0.0,30.7,0.0,0.0,0.0,25.229,0.336
2026-01-18 16:00:00,EMS-01,0.0,0.0,29.027,0.0,0.0,0.0,24.081,0.333
2026-01-18 20:00:00,EMS-01,0.0,0.0,29.055,0.0,0.0,0.0,25.991,0.446
2026-01-19 00:00:00,EMS-01,0.0,0.0,29.332,0.0,0.0,0.0,24.643,0.284
2026-01-19 04:00:00,EMS-01,0.0,0.0,28.857,0.0,0.0,0.0,23.002,0.372
2026-01-19 08:00:00,EMS-01,0.0,0.0,30.356,0.0,0.0,0.0,23.378,0.33
2026-01-19 12:00:00,EMS-01,0.0,0.0,29.027,0.0,0.0,0.0,25.029,0.334
2026-01-19 16:00:00,EMS-01,0.0,0.0,30.24,0.0,0.0,0.0,23.318,0.355
2026-01-19 20:00:00,EMS-01,0.0,0.0,28.611,0.0,0.0,0.0,22.213,0.366
2026-01-20 00:00:00,EMS-01,0.0,0.0,29.883,0.0,0.0,0.0,24.119,0.288
2026-01-20 04:00:00,EMS-01,0.0,0.0,28.089,0.0,0.0,0.0,24.076,0.228
2026-01-20 08:00:00,EMS-01,0.0,0.0,29.113,0.0,0.0,0.0,22.857,0.281
2026-01-20 12:00:00,EMS-01,0.0,0.0,27.929,0.0,0.0,0.0,21.609,0.289
2026-01-20 16:00:00,EMS-01,0.0,0.0,28.554,0.0,0.0,0.0,22.862,0.324
2026-01-20 20:00:00,EMS-01,0.0,0.0,28.403,0.0,0.0,0.0,23.569,0.229
2026-01-21 00:00:00,EMS-01,0.0,0.0,28.06,0.0,0.0,0.0,24.259,0.311
2026-01-21 04:00:00,EMS-01,0.0,0.0,28.445,0.0,0.0,0.0,22.212,0.241
2026-01-21 08:00:00,EMS-01,0.0,0.0,27.927,0.0,0.0,0.0,23.214,0.202
2026-01-21 12:00:00,EMS-01,0.0,0.0,29.21,0.0,0.0,0.0,23.809,0.313
2026-01-21 16:00:00,EMS-01,0.0,0.0,28.545,0.0,0.0,0.0,22.614,0.283
2026-01-21 20:00:00,EMS-01,0.0,0.0,28.007,0.0,0.0,0.0,24.746,0.266
2026-01-22 00:00:00,EMS-01,0.0,0.0,27.973,0.0,0.0,0.0,22.295,0.247
2026-01-22 04:00:00,EMS-01,0.0,0.0,28.734,0.0,0.0,0.0,22.107,0.271
2026-01-22 08:00:00,EMS-01,0.0,0.0,29.085,0.0,0.0,0.0,23.881,0.243
2026-01-22 12:00:00,EMS-01,0.0,0.0,29.067,0.0,0.0,0.0,21.398,0.23
2026-01-22 16:00:00,EMS-01,0.0,0.0,28.303,0.0,0.0,0.0,23.343,0.28
2026-01-22 20:00:00,EMS-01,0.0,0.0,28.822,0.0,0.0,0.0,22.81,0.221
2026-01-23 00:00:00,EMS-01,0.0,0.0,28.568,0.0,0.0,0.0,21.793,0.3
2026-01-23 04:00:00,EMS-01,0.0,0.0,28.078,0.0,0.0,0.0,24.13,0.354
2026-01-23 08:00:00,EMS-01,0.0,0.0,27.92,0.0,0.0,0.0,21.647,0.303
2026-01-23 12:00:00,EMS-01,0.0,0.0,29.632,0.0,0.0,0.0,24.164,0.305
2026-01-23 16:00:00,EMS-01,0.0,0.0,28.509,0.0,0.0,0.0,24.968,0.381
2026-01-23 20:00:00,EMS-01,0.0,0.0,28.174,0.0,0.0,0.0,24.722,0.423
2026-01-24 00:00:00,EMS-01,0.0,0.0,28.986,0.0,0.0,0.0,24.41,0.339
2026-01-24 04:00:00,EMS-01,0.0,0.0,29.195,0.0,0.0,0.0,25.947,0.41
2026-01-24 08:00:00,EMS-01,0.0,0.0,28.56,0.0,0.0,0.0,23.983,0.396
2026-01-24 12:00:00,EMS-01,0.0,0.0,29.931,0.0,0.0,0.0,25.573,0.382
2026-01-24 16:00:00,EMS-01,0.0,0.0,29.717,0.0,0.0,0.0,25.749,0.35
2026-01-24 20:00:00,EMS-01,0.0,0.0,29.591,0.0,0.0,0.0,25.248,0.351
2026-01-25 00:00:00,EMS-01,0.0,0.0,30.023,0.0,0.0,0.0,25.739,0.302
2026-01-25 04:00:00,EMS-01,0.0,0.0,29.674,0.0,0.0,0.0,25.499,0.423
2026-01-25 08:00:00,EMS-01,0.0,0.0,29.639,0.0,0.0,0.0,25.6,0.367
2026-01-25 12:00:00,EMS-01,0.0,0.0,30.536,0.0,0.0,0.0,24.237,0.342
2026-01-25 16:00:00,EMS-01,0.0,0.0,29.299,0.0,0.0,0.0,25.47,0.316
2026-01-25 20:00:00,EMS-01,0.0,0.0,30.562,0.0,0.0,0.0,25.827,0.387
2026-01-26 00:00:00,EMS-01,0.0,0.0,30.87,0.0,0.0,0.0,24.938,0.393
2026-01-26 04:00:00,EMS-01,0.0,0.0,29.956,0.0,0.0,0.0,26.798,0.384
2026-01-26 08:00:00,EMS-01,0.0,0.0,29.271,0.0,0.0,0.0,25.487,0.332
2026-01-26 12:00:00,EMS-01,0.0,0.0,29.209,0.0,0.0,0.0,24.867,0.343
2026-01-26 16:00:00,EMS-01,0.0,0.0,28.875,0.0,0.0,0.0,22.321,0.354
2026-01-26 20:00:00,EMS-01,0.0,0.0,29.479,0.0,0.0,0.0,24.895,0.404
2026-01-27 00:00:00,EMS-01,0.0,0.0,28.306,0.0,0.0,0.0,25.943,0.418
2026-01-27 04:00:00,EMS-01,0.0,0.0,30.044,0.0,0.0,0.0,23.738,0.339
2026-01-27 08:00:00,EMS-01,0.0,0.0,28.512,0.0,0.0,0.0,23.186,0.377
2026-01-27 12:00:00,EMS-01,0.0,0.0,29.225,0.0,0.0,0.0,24.486,0.27
2026-01-27 16:00:00,EMS-01,0.0,0.0,27.901,0.0,0.0,0.0,24.594,0.318
2026-01-27 20:00:00,EMS-01,0.0,0.0,28.457,0.0,0.0,0.0,25.119,0.317
2026-01-28 00:00:00,EMS-01,0.0,0.0,28.054,0.0,0.0,0.0,21.083,0.312
2026-01-28 04:00:00,EMS-01,0.0,0.0,28.181,0.0,0.0,0.0,22.812,0.278
2026-01-28 08:00:00,EMS-01,0.0,0.0,29.171,0.0,0.0,0.0,23.703,0.277
2026-01-28 12:00:00,EMS-01,0.0,0.0,28.238,0.0,0.0,0.0,23.003,0.323
2026-01-28 16:00:00,EMS-01,0.0,0.0,28.305,0.0,0.0,0.0,22.006,0.231
2026-01-28 20:00:00,EMS-01,0.0,0.0,28.176,0.0,0.0,0.0,21.286,0.283
2026-01-29 00:00:00,EMS-01,0.0,0.0,28.458,0.0,0.0,0.0,23.759,0.263
2026-01-29 04:00:00,EMS-01,0.0,0.0,28.779,0.0,0.0,0.0,24.193,0.273
2026-01-29 08:00:00,EMS-01,0.0,0.0,29.464,0.0,0.0,0.0,24.032,0.254
2026-01-29 12:00:00,EMS-01,0.0,0.0,29.888,0.0,0.0,0.0,22.502,0.321
2026-01-29 16:00:00,EMS-01,0.0,0.0,28.633,0.0,0.0,0.0,22.97,0.321
2026-01-29 20:00:00,EMS-01,0.0,0.0,28.421,0.0,0.0,0.0,22.676,0.277
2026-01-30 00:00:00,EMS-01,0.0,0.0,27.765,0.0,0.0,0.0,24.005,0.26
2026-01-30 04:00:00,EMS-01,0.0,0.0,28.603,0.0,0.0,0.0,23.057,0.309
2026-01-30 08:00:00,EMS-01,0.0,0.0,28.569,0.0,0.0,0.0,22.923,0.308
2026-01-30 12:00:00,EMS-01,0.0,0.0,28.859,0.0,0.0,0.0,22.275,0.296
2026-01-30 16:00:00,EMS-01,0.0,0.0,29.491,0.0,0.0,0.0,26.167,0.246
2026-01-30 20:00:00,EMS-01,0.0,0.0,29.352,0.0,0.0,0.0,23.902,0.292
2026-01-31 00:00:00,EMS-01,0.0,0.0,28.76,0.0,0.0,0.0,23.013,0.272
2026-01-31 04:00:00,EMS-01,0.0,0.0,29.327,0.0,0.0,0.0,26.081,0.339
2026-01-31 08:00:00,EMS-01,0.0,0.0,29.317,0.0,0.0,0.0,23.759,0.301
2026-01-31 12:00:00,EMS-01,0.0,0.0,29.338,0.0,0.0,0.0,23.529,0.38
2026-01-31 16:00:00,EMS-01,0.0,0.0,29.101,0.0,0.0,0.0,23.909,0.425
2026-01-31 20:00:00,EMS-01,0.0,0.0,30.242,0.0,0.0,0.0,23.709,0.321
2026-02-01 00:00:00,EMS-01,0.0,0.0,29.485,0.0,0.0,0.0,24.946,0.341
2026-02-01 04:00:00,EMS-01,0.0,0.0,30.412,0.0,0.0,0.0,25.465,0.36
2026-02-01 08:00:00,EMS-01,0.0,0.0,29.379,0.0,0.0,0.0,24.244,0.343
2026-02-01 12:00:00,EMS-01,0.0,0.0,29.27,0.0,0.0,0.0,24.104,0.405
2026-02-01 16:00:00,EMS-01,0.0,0.0,30.309,0.0,0.0,0.0,25.084,0.415
2026-02-01 20:00:00,EMS-01,0.0,0.0,30.13,0.0,0.0,0.0,24.365,0.319
2026-02-02 00:00:00,EMS-01,0.0,0.0,29.967,0.0,0.0,0.0,25.992,0.324
2026-02-02 04:00:00,EMS-01,0.0,0.0,29.482,0.0,0.0,0.0,26.351,0.423
2026-02-02 08:00:00,EMS-01,0.0,0.0,29.789,0.0,0.0,0.0,25.45,0.351
2026-02-02 12:00:00,EMS-01,0.0,0.0,30.526,0.0,0.0,0.0,25.883,0.334
2026-02-02 16:00:00,EMS-01,0.0,0.0,30.068,0.0,0.0,0.0,24.446,0.326
2026-02-02 20:00:00,EMS-01,0.0,0.0,29.305,0.0,0.0,0.0,24.138,0.323
2026-02-03 00:00:00,EMS-01,0.0,0.0,28.687,0.0,0.0,0.0,24.148,0.331
2026-02-03 04:00:00,EMS-01,0.0,0.0,28.619,0.0,0.0,0.0,25.271,0.282
2026-02-03 08:00:00,EMS-01,0.0,0.0,29.06,0.0,0.0,0.0,25.207,0.377
2026-02-03 12:00:00,EMS-01,0.0,0.0,28.844,0.0,0.0,0.0,25.376,0.318
2026-02-03 16:00:00,EMS-01,0.0,0.0,30.319,0.0,0.0,0.0,22.572,0.288
2026-02-03 20:00:00,EMS-01,0.0,0.0,29.034,0.0,0.0,0.0,22.571,0.292
2026-02-04 00:00:00,EMS-01,0.0,0.0,29.087,0.0,0.0,0.0,23.889,0.308
2026-02-04 04:00:00,EMS-01,0.0,0.0,28.713,0.0,0.0,0.0,20.903,0.308
2026-02-04 08:00:00,EMS-01,0.0,0.0,28.268,0.0,0.0,0.0,22.908,0.241
2026-02-04 12:00:00,EMS-01,0.0,0.0,28.907,0.0,0.0,0.0,23.698,0.25
2026-02-04 16:00:00,EMS-01,0.0,0.0,28.545,0.0,0.0,0.0,24.687,0.29
2026-02-04 20:00:00,EMS-01,0.0,0.0,27.242,0.0,0.0,0.0,22.219,0.285
2026-02-05 00:00:00,EMS-01,0.0,0.0,29.492,0.0,0.0,0.0,21.431,0.272
2026-02-05 04:00:00,EMS-01,0.0,0.0,27.661,0.0,0.0,0.0,23.532,0.261
2026-02-05 08:00:00,EMS-01,0.0,0.0,26.694,0.0,0.0,0.0,22.132,0.268
2026-02-05 12:00:00,EMS-01,0.0,0.0,28.422,0.0,0.0,0.0,22.699,0.293
2026-02-05 16:00:00,EMS-01,0.0,0.0,28.131,0.0,0.0,0.0,22.59,0.27
2026-02-05 20:00:00,EMS-01,0.0,0.0,27.98,0.0,0.0,0.0,23.119,0.3
2026-02-06 00:00:00,EMS-01,0.0,0.0,28.215,0.0,0.0,0.0,22.057,0.235
2026-02-06 04:00:00,EMS-01,0.0,0.0,28.48,0.0,0.0,0.0,21.598,0.281
2026-02-06 08:00:00,EMS-01,0.0,0.0,28.41,0.0,0.0,0.0,23.877,0.327
2026-02-06 12:00:00,EMS-01,0.0,0.0,26.704,0.0,0.0,0.0,22.674,0.209
2026-02-06 16:00:00,EMS-01,0.0,0.0,29.136,0.0,0.0,0.0,23.011,0.328
2026-02-06 20:00:00,EMS-01,0.0,0.0,28.721,0.0,0.0,0.0,21.787,0.26
2026-02-07 00:00:00,EMS-01,0.0,0.0,28.599,0.0,0.0,0.0,23.988,0.302
2026-02-07 04:00:00,EMS-01,0.0,0.0,28.879,0.0,0.0,0.0,23.211,0.346
2026-02-07 08:00:00,EMS-01,0.0,0.0,28.97,0.0,0.0,0.0,23.842,0.323
2026-02-07 12:00:00,EMS-01,0.0,0.0,28.768,0.0,0.0,0.0,23.632,0.337
2026-02-07 16:00:00,EMS-01,0.0,0.0,29.546,0.0,0.0,0.0,25.134,0.32
2026-02-07 20:00:00,EMS-01,0.0,0.0,29.29,0.0,0.0,0.0,23.777,0.361
2026-02-08 00:00:00,EMS-01,0.0,0.0,28.796,0.0,0.0,0.0,24.843,0.371
2026-02-08 04:00:00,EMS-01,0.0,0.0,29.494,0.0,0.0,0.0,25.11,0.337
2026-02-08 08:00:00,EMS-01,0.0,0.0,28.476,0.0,0.0,0.0,24.257,0.354
2026-02-08 12:00:00,EMS-01,0.0,0.0,29.209,0.0,0.0,0.0,25.624,0.306
2026-02-08 16:00:00,EMS-01,0.0,0.0,28.578,0.0,0.0,0.0,25.973,0.351
2026-02-08 20:00:00,EMS-01,0.0,0.0,29.913,0.0,0.0,0.0,24.801,0.385
2026-02-09 00:00:00,EMS-01,0.0,0.0,30.521,0.0,0.0,0.0,26.926,0.345
2026-02-09 04:00:00,EMS-01,0.0,0.0,29.552,0.0,0.0,0.0,25.656,0.435
2026-02-09 08:00:00,EMS-01,0.0,0.0,29.154,0.0,0.0,0.0,24.296,0.4
2026-02-09 12:00:00,EMS-01,0.0,0.0,29.423,0.0,0.0,0.0,26.184,0.349
2026-02-09 16:00:00,EMS-01,0.0,0.0,29.974,0.0,0.0,0.0,24.92,0.333
2026-02-09 20:00:00,EMS-01,0.0,0.0,29.824,0.0,0.0,0.0,24.118,0.382
2026-02-10 00:00:00,EMS-01,0.0,0.0,29.562,0.0,0.0,0.0,23.87,0.374
2026-02-10 04:00:00,EMS-01,0.0,0.0,29.787,0.0,0.0,0.0,22.712,0.358
2026-02-10 08:00:00,EMS-01,0.0,0.0,29.561,0.0,0.0,0.0,25.139,0.291
2026-02-10 12:00:00,EMS-01,0.0,0.0,29.668,0.0,0.0,0.0,25.42,0.317
2026-02-10 16:00:00,EMS-01,0.0,0.0,28.592,0.0,0.0,0.0,23.676,0.348
2026-02-10 20:00:00,EMS-01,0.0,0.0,28.58,0.0,0.0,0.0,23.092,0.411
2026-02-11 00:00:00,EMS-01,0.0,0.0,29.163,0.0,0.0,0.0,23.985,0.307
2026-02-11 04:00:00,EMS-01,0.0,0.0,28.819,0.0,0.0,0.0,25.997,0.352
2026-02-11 08:00:00,EMS-01,0.0,0.0,30.281,0.0,0.0,0.0,24.307,0.283
2026-02-11 12:00:00,EMS-01,0.0,0.0,28.986,0.0,0.0,0.0,24.264,0.331
2026-02-11 16:00:00,EMS-01,0.0,0.0,28.479,0.0,0.0,0.0,25.381,0.258
2026-02-11 20:00:00,EMS-01,0.0,0.0,28.815,0.0,0.0,0.0,22.989,0.269
2026-02-12 00:00:00,EMS-01,0.0,0.0,28.668,0.0,0.0,0.0,24.438,0.305
2026-02-12 04:00:00,EMS-01,0.0,0.0,28.597,0.0,0.0,0.0,20.837,0.318
2026-02-12 08:00:00,EMS-01,0.0,0.0,28.142,0.0,0.0,0.0,23.379,0.313
2026-02-12 12:00:00,EMS-01,0.0,0.0,28.415,0.0,0.0,0.0,20.6,0.326
2026-02-12 16:00:00,EMS-01,0.0,0.0,29.269,0.0,0.0,0.0,23.463,0.248
2026-02-12 20:00:00,EMS-01,0.0,0.0,28.912,0.0,0.0,0.0,22.248,0.269
2026-02-13 00:00:00,EMS-01,0.0,0.0,28.875,0.0,0.0,0.0,23.188,0.188
2026-02-13 04:00:00,EMS-01,0.0,0.0,28.317,0.0,0.0,0.0,23.746,0.222
2026-02-13 08:00:00,EMS-01,0.0,0.0,28.76,0.0,0.0,0.0,20.77,0.263
2026-02-13 12:00:00,EMS-01,0.0,0.0,28.542,0.0,0.0,0.0,22.308,0.314
2026-02-13 16:00:00,EMS-01,0.0,0.0,27.489,0.0,0.0,0.0,23.508,0.277
2026-02-13 20:00:00,EMS-01,0.0,0.0,27.859,0.0,0.0,0.0,23.217,0.276
2026-02-14 00:00:00,EMS-01,0.0,0.0,29.234,0.0,0.0,0.0,23.498,0.297
2026-02-14 04:00:00,EMS-01,0.0,0.0,28.109,0.0,0.0,0.0,23.19,0.268
2026-02-14 08:00:00,EMS-01,0.0,0.0,28.541,0.0,0.0,0.0,24.513,0.284
2026-02-14 12:00:00,EMS-01,0.0,0.0,27.865,0.0,0.0,0.0,23.909,0.327
2026-02-14 16:00:00,EMS-01,0.0,0.0,29.669,0.0,0.0,0.0,24.494,0.297
2026-02-14 20:00:00,EMS-01,0.0,0.0,29.035,0.0,0.0,0.0,24.2,0.328
2026-02-15 00:00:00,EMS-01,0.0,0.0,27.615,0.0,0.0,0.0,23.398,0.337
2026-02-15 04:00:00,EMS-01,0.0,0.0,29.727,0.0,0.0,0.0,23.543,0.312
2026-02-15 08:00:00,EMS-01,0.0,0.0,29.087,0.0,0.0,0.0,24.272,0.364
2026-02-15 12:00:00,EMS-01,0.0,0.0,28.912,0.0,0.0,0.0,25.518,0.39
2026-02-15 16:00:00,EMS-01,0.0,0.0,29.203,0.0,0.0,0.0,24.343,0.352
2026-02-15 20:00:00,EMS-01,0.0,0.0,29.186,0.0,0.0,0.0,24.872,0.301
2026-02-16 00:00:00,EMS-01,0.0,0.0,30.074,0.0,0.0,0.0,26.861,0.334
2026-02-16 04:00:00,EMS-01,0.0,0.0,28.741,0.0,0.0,0.0,26.21,0.347
2026-02-16 08:00:00,EMS-01,0.0,0.0,29.345,0.0,0.0,0.0,25.22,0.322
2026-02-16 12:00:00,EMS-01,0.0,0.0,30.031,0.0,0.0,0.0,24.099,0.326
2026-02-16 16:00:00,EMS-01,0.0,0.0,29.117,0.0,0.0,0.0,25.649,0.306
2026-02-16 20:00:00,EMS-01,0.0,0.0,30.969,0.0,0.0,0.0,25.105,0.296
2026-02-17 00:00:00,EMS-01,0.0,0.0,29.202,0.0,0.0,0.0,26.121,0.417
2026-02-17 04:00:00,EMS-01,0.0,0.0,29.868,0.0,0.0,0.0,25.545,0.315
2026-02-17 08:00:00,EMS-01,0.0,0.0,30.576,0.0,0.0,0.0,25.975,0.378
2026-02-17 12:00:00,EMS-01,0.0,0.0,29.702,0.0,0.0,0.0,25.857,0.335
2026-02-17 16:00:00,EMS-01,0.0,0.0,30.156,0.0,0.0,0.0,26.026,0.356
2026-02-17 20:00:00,EMS-01,0.0,0.0,29.403,0.0,0.0,0.0,22.776,0.294
2026-02-18 00:00:00,EMS-01,0.0,0.0,29.776,0.0,0.0,0.0,25.832,0.387
2026-02-18 04:00:00,EMS-01,0.0,0.0,28.621,0.0,0.0,0.0,27.112,0.378
2026-02-18 08:00:00,EMS-01,0.0,0.0,28.952,0.0,0.0,0.0,24.685,0.278
2026-02-18 12:00:00,EMS-01,0.0,0.0,28.821,0.0,0.0,0.0,24.877,0.333
2026-02-18 16:00:00,EMS-01,0.0,0.0,30.032,0.0,0.0,0.0,22.551,0.319
2026-02-18 20:00:00,EMS-01,0.0,0.0,28.308,0.0,0.0,0.0,25.507,0.326
2026-02-19 00:00:00,EMS-01,0.0,0.0,28.838,0.0,0.0,0.0,23.548,0.279
2026-02-19 04:00:00,EMS-01,0.0,0.0,29.398,0.0,0.0,0.0,23.666,0.311
2026-02-19 08:00:00,EMS-01,0.0,0.0,28.951,0.0,0.0,0.0,22.391,0.366
2026-02-19 12:00:00,EMS-01,0.0,0.0,29.409,0.0,0.0,0.0,23.081,0.28
2026-02-19 16:00:00,EMS-01,0.0,0.0,28.802,0.0,0.0,0.0,24.134,0.347
2026-02-19 20:00:00,EMS-01,0.0,0.0,28.731,0.0,0.0,0.0,22.961,0.285
2026-02-20 00:00:00,EMS-01,0.0,0.0,27.254,0.0,0.0,0.0,22.249,0.289
2026-02-20 04:00:00,EMS-01,0.0,0.0,26.994,0.0,0.0,0.0,22.798,0.245
2026-02-20 08:00:00,EMS-01,0.0,0.0,29.107,0.0,0.0,0.0,22.246,0.262
2026-02-20 12:00:00,EMS-01,0.0,0.0,28.127,0.0,0.0,0.0,22.503,0.298
2026-02-20 16:00:00,EMS-01,0.0,0.0,28.008,0.0,0.0,0.0,22.526,0.298
2026-02-20 20:00:00,EMS-01,0.0,0.0,28.217,0.0,0.0,0.0,23.211,0.255
2026-02-21 00:00:00,EMS-01,0.0,0.0,28.436,0.0,0.0,0.0,23.948,0.294
2026-02-21 04:00:00,EMS-01,0.0,0.0,27.233,0.0,0.0,0.0,23.235,0.235
2026-02-21 08:00:00,EMS-01,0.0,0.0,27.819,0.0,0.0,0.0,23.273,0.245
2026-02-21 12:00:00,EMS-01,0.0,0.0,27.784,0.0,0.0,0.0,22.882,0.261
2026-02-21 16:00:00,EMS-01,0.0,0.0,27.573,0.0,0.0,0.0,23.619,0.322
2026-02-21 20:00:00,EMS-01,0.0,0.0,29.083,0.0,0.0,0.0,22.262,0.308
2026-02-22 00:00:00,EMS-01,0.0,0.0,28.398,0.0,0.0,0.0,22.059,0.274
2026-02-22 04:00:00,EMS-01,0.0,0.0,27.201,0.0,0.0,0.0,22.476,0.255
2026-02-22 08:00:00,EMS-01,0.0,0.0,29.002,0.0,0.0,0.0,24.097,0.254
2026-02-22 12:00:00,EMS-01,0.0,0.0,29.464,0.0,0.0,0.0,23.362,0.283
2026-02-22 16:00:00,EMS-01,0.0,0.0,28.109,0.0,0.0,0.0,23.368,0.322
2026-02-22 20:00:00,EMS-01,0.0,0.0,29.778,0.0,0.0,0.0,24.303,0.323
2026-02-23 00:00:00,EMS-01,0.0,0.0,29.65,0.0,0.0,0.0,24.757,0.288
2026-02-23 04:00:00,EMS-01,0.0,0.0,29.179,0.0,0.0,0.0,24.191,0.341
2026-02-23 08:00:00,EMS-01,0.0,0.0,29.248,0.0,0.0,0.0,24.117,0.403
2026-02-23 12:00:00,EMS-01,0.0,0.0,29.569,0.0,0.0,0.0,25.615,0.353
2026-02-23 16:00:00,EMS-01,0.0,0.0,30.12,0.0,0.0,0.0,25.148,0.395
2026-02-23 20:00:00,EMS-01,0.0,0.0,28.112,0.0,0.0,0.0,25.453,0.374
2026-02-24 00:00:00,EMS-01,0.0,0.0,29.931,0.0,0.0,0.0,24.289,0.342
2026-02-24 04:00:00,EMS-01,0.0,0.0,29.204,0.0,0.0,0.0,25.989,0.401
2026-02-24 08:00:00,EMS-01,0.0,0.0,28.879,0.0,0.0,0.0,25.715,0.34
2026-02-24 12:00:00,EMS-01,0.0,0.0,30.774,0.0,0.0,0.0,26.083,0.357
2026-02-24 16:00:00,EMS-01,0.0,0.0,29.701,0.0,0.0,0.0,26.817,0.371
2026-02-24 20:00:00,EMS-01,0.0,0.0,28.74,0.0,0.0,0.0,26.984,0.395
2026-02-25 00:00:00,EMS-01,0.0,0.0,29.392,0.0,0.0,0.0,25.93,0.342
2026-02-25 04:00:00,EMS-01,0.0,0.0,29.272,0.0,0.0,0.0,25.055,0.38
2026-02-25 08:00:00,EMS-01,0.0,0.0,29.819,0.0,0.0,0.0,26.027,0.371
2026-02-25 12:00:00,EMS-01,0.0,0.0,30.284,0.0,0.0,0.0,26.692,0.36
2026-02-25 16:00:00,EMS-01,0.0,0.0,29.187,0.0,0.0,0.0,24.516,0.276
2026-02-25 20:00:00,EMS-01,0.0,0.0,29.285,0.0,0.0,0.0,23.865,0.312
2026-02-26 00:00:00,EMS-01,0.0,0.0,29.145,0.0,0.0,0.0,22.108,0.324
2026-02-26 04:00:00,EMS-01,0.0,0.0,29.17,0.0,0.0,0.0,22.492,0.371
2026-02-26 08:00:00,EMS-01,0.0,0.0,29.192,0.0,0.0,0.0,25.251,0.332
2026-02-26 12:00:00,EMS-01,0.0,0.0,29.036,0.0,0.0,0.0,25.286,0.356
2026-02-26 16:00:00,EMS-01,0.0,0.0,29.814,0.0,0.0,0.0,23.357,0.275
2026-02-26 20:00:00,EMS-01,0.0,0.0,27.976,0.0,0.0,0.0,22.27,0.32
2026-02-27 00:00:00,EMS-01,0.0,0.0,30.057,0.0,0.0,0.0,24.702,0.284
2026-02-27 04:00:00,EMS-01,0.0,0.0,28.873,0.0,0.0,0.0,22.377,0.268
2026-02-27 08:00:00,EMS-01,0.0,0.0,27.79,0.0,0.0,0.0,21.802,0.3
2026-02-27 12:00:00,EMS-01,0.0,0.0,29.137,0.0,0.0,0.0,23.794,0.328
2026-02-27 16:00:00,EMS-01,0.0,0.0,28.697,0.0,0.0,0.0,22.573,0.255
2026-02-27 20:00:00,EMS-01,0.0,0.0,28.547,0.0,0.0,0.0,20.781,0.25
2026-02-28 00:00:00,EMS-01,0.0,0.0,27.763,0.0,0.0,0.0,23.815,0.222
2026-02-28 04:00:00,EMS-01,0.0,0.0,28.721,0.0,0.0,0.0,22.908,0.284
2026-02-28 08:00:00,EMS-01,0.0,0.0,27.95,0.0,0.0,0.0,20.986,0.288
2026-02-28 12:00:00,EMS-01,0.0,0.0,28.735,0.0,0.0,0.0,23.095,0.267
2026-02-28 16:00:00,EMS-01,0.0,0.0,27.644,0.0,0.0,0.0,21.998,0.291
2026-02-28 20:00:00,EMS-01,0.0,0.0,27.894,0.0,0.0,0.0,21.746,0.228
2026-03-01 00:00:00,EMS-01,0.0,0.0,28.705,0.0,0.0,0.0,23.425,0.323
2026-03-01 04:00:00,EMS-01,0.0,0.0,27.285,0.0,0.0,0.0,24.266,0.327
2026-03-01 08:00:00,EMS-01,0.0,0.0,29.253,0.0,0.0,0.0,23.331,0.301
2026-03-01 12:00:00,EMS-01,0.0,0.0,28.796,0.0,0.0,0.0,22.431,0.269
2026-03-01 16:00:00,EMS-01,0.0,0.0,28.906,0.0,0.0,0.0,23.325,0.331
2026-03-01 20:00:00,EMS-01,0.0,0.0,28.689,0.0,0.0,0.0,22.249,0.263
2026-03-02 00:00:00,EMS-01,0.0,0.0,28.574,0.0,0.0,0.0,24.762,0.302
2026-03-02 04:00:00,EMS-01,0.0,0.0,29.278,0.0,0.0,0.0,22.453,0.333
2026-03-02 08:00:00,EMS-01,0.0,0.0,29.242,0.0,0.0,0.0,25.663,0.339
2026-03-02 12:00:00,EMS-01,0.0,0.0,29.753,0.0,0.0,0.0,26.653,0.342
2026-03-02 16:00:00,EMS-01,0.0,0.0,30.283,0.0,0.0,0.0,24.925,0.328
2026-03-02 20:00:00,EMS-01,0.0,0.0,29.453,0.0,0.0,0.0,24.432,0.336
2026-03-03 00:00:00,EMS-01,0.0,0.0,29.273,0.0,0.0,0.0,24.796,0.382
2026-03-03 04:00:00,EMS-01,0.0,0.0,28.711,0.0,0.0,0.0,25.545,0.366
2026-03-03 08:00:00,EMS-01,0.0,0.0,30.494,0.0,0.0,0.0,24.964,0.405
2026-03-03 12:00:00,EMS-01,0.0,0.0,29.279,0.0,0.0,0.0,24.949,0.382
2026-03-03 16:00:00,EMS-01,0.0,0.0,30.128,0.0,0.0,0.0,25.199,0.377
2026-03-03 20:00:00,EMS-01,0.0,0.0,29.707,0.0,0.0,0.0,26.33,0.365
2026-03-04 00:00:00,EMS-01,0.0,0.0,29.671,0.0,0.0,0.0,26.533,0.377
2026-03-04 04:00:00,EMS-01,0.0,0.0,30.15,0.0,0.0,0.0,28.079,0.299
2026-03-04 08:00:00,EMS-01,0.0,0.0,29.166,0.0,0.0,0.0,24.417,0.336
2026-03-04 12:00:00,EMS-01,0.0,0.0,30.49,0.0,0.0,0.0,22.499,0.38
2026-03-04 16:00:00,EMS-01,0.0,0.0,28.772,0.0,0.0,0.0,25.209,0.368
2026-03-04 20:00:00,EMS-01,0.0,0.0,30.063,0.0,0.0,0.0,24.763,0.349
2026-03-05 00:00:00,EMS-01,0.0,0.0,28.323,0.0,0.0,0.0,27.276,0.36
2026-03-05 04:00:00,EMS-01,0.0,0.0,29.621,0.0,0.0,0.0,25.831,0.341
2026-03-05 08:00:00,EMS-01,0.0,0.0,29.511,0.0,0.0,0.0,25.264,0.285
2026-03-05 12:00:00,EMS-01,0.0,0.0,29.463,0.0,0.0,0.0,26.491,0.392
2026-03-05 16:00:00,EMS-01,0.0,0.0,29.914,0.0,0.0,0.0,26.111,0.279
2026-03-05 20:00:00,EMS-01,0.0,0.0,28.65,0.0,0.0,0.0,22.938,0.439
2026-03-06 00:00:00,EMS-01,0.0,0.0,28.97,0.0,0.0,0.0,22.203,0.271
2026-03-06 04:00:00,EMS-01,0.0,0.0,28.786,0.0,0.0,0.0,22.056,0.368
2026-03-06 08:00:00,EMS-01,0.0,0.0,29.067,0.0,0.0,0.0,23.625,0.26
2026-03-06 12:00:00,EMS-01,0.0,0.0,27.79,0.0,0.0,0.0,23.485,0.295
2026-03-06 16:00:00,EMS-01,0.0,0.0,27.726,0.0,0.0,0.0,22.901,0.283
2026-03-06 20:00:00,EMS-01,0.0,0.0,28.783,0.0,0.0,0.0,25.03,0.208
2026-03-07 00:00:00,EMS-01,0.0,0.0,28.756,0.0,0.0,0.0,21.97,0.291
2026-03-07 04:00:00,EMS-01,0.0,0.0,28.331,0.0,0.0,0.0,23.134,0.23
2026-03-07 08:00:00,EMS-01,0.0,0.0,28.767,0.0,0.0,0.0,22.587,0.32
2026-03-07 12:00:00,EMS-01,0.0,0.0,29.096,0.0,0.0,0.0,22.757,0.305
2026-03-07 16:00:00,EMS-01,0.0,0.0,28.706,0.0,0.0,0.0,23.907,0.314
2026-03-07 20:00:00,EMS-01,0.0,0.0,27.56,0.0,0.0,0.0,22.815,0.222
2026-03-08 00:00:00,EMS-01,0.0,0.0,27.947,0.0,0.0,0.0,22.068,0.293
2026-03-08 04:00:00,EMS-01,0.0,0.0,28.152,0.0,0.0,0.0,22.484,0.31
2026-03-08 08:00:00,EMS-01,0.0,0.0,28.829,0.0,0.0,0.0,23.046,0.305
2026-03-08 12:00:00,EMS-01,0.0,0.0,28.767,0.0,0.0,0.0,24.948,0.276
2026-03-08 16:00:00,EMS-01,0.0,0.0,28.065,0.0,0.0,0.0,23.25,0.255
2026-03-08 20:00:00,EMS-01,0.0,0.0,28.37,0.0,0.0,0.0,23.678,0.276
2026-03-09 00:00:00,EMS-01,0.0,0.0,28.547,0.0,0.0,0.0,23.103,0.284
2026-03-09 04:00:00,EMS-01,0.0,0.0,28.165,0.0,0.0,0.0,24.649,0.354
2026-03-09 08:00:00,EMS-01,0.0,0.0,29.422,0.0,0.0,0.0,24.781,0.298
2026-03-09 12:00:00,EMS-01,0.0,0.0,29.098,0.0,0.0,0.0,23.182,0.315
2026-03-09 16:00:00,EMS-01,0.0,0.0,29.086,0.0,0.0,0.0,22.754,0.332
2026-03-09 20:00:00,EMS-01,0.0,0.0,28.923,0.0,0.0,0.0,24.692,0.326
2026-03-10 00:00:00,EMS-01,0.0,0.0,29.519,0.0,0.0,0.0,25.343,0.296
2026-03-10 04:00:00,EMS-01,0.0,0.0,29.245,0.0,0.0,0.0,24.114,0.388
2026-03-10 08:00:00,EMS-01,0.0,0.0,30.465,0.0,0.0,0.0,25.009,0.366
2026-03-10 12:00:00,EMS-01,0.0,0.0,28.769,0.0,0.0,0.0,25.433,0.348
2026-03-10 16:00:00,EMS-01,0.0,0.0,30.424,0.0,0.0,0.0,25.005,0.333
2026-03-10 20:00:00,EMS-01,0.0,0.0,28.967,0.0,0.0,0.0,25.538,0.346
2026-03-11 00:00:00,EMS-01,0.0,0.0,30.443,0.0,0.0,0.0,26.091,0.364
2026-03-11 04:00:00,EMS-01,0.0,0.0,30.139,0.0,0.0,0.0,27.308,0.329
2026-03-11 08:00:00,EMS-01,0.0,0.0,29.444,0.0,0.0,0.0,27.538,0.344
2026-03-11 12:00:00,EMS-01,0.0,0.0,30.167,0.0,0.0,0.0,26.738,0.369
2026-03-11 16:00:00,EMS-01,0.0,0.0,30.162,0.0,0.0,0.0,25.147,0.432
2026-03-11 20:00:00,EMS-01,0.0,0.0,29.494,0.0,0.0,0.0,24.388,0.397
2026-03-12 00:00:00,EMS-01,0.0,0.0,30.09,0.0,0.0,0.0,25.456,0.364
2026-03-12 04:00:00,EMS-01,0.0,0.0,29.353,0.0,0.0,0.0,24.411,0.338
2026-03-12 08:00:00,EMS-01,0.0,0.0,29.731,0.0,0.0,0.0,24.825,0.303
2026-03-12 12:00:00,EMS-01,0.0,0.0,29.235,0.0,0.0,0.0,24.658,0.367
2026-03-12 16:00:00,EMS-01,0.0,0.0,29.539,0.0,0.0,0.0,26.547,0.309
2026-03-12 20:00:00,EMS-01,0.0,0.0,29.583,0.0,0.0,0.0,25.18,0.347
2026-03-13 00:00:00,EMS-01,0.0,0.0,29.0,0.0,0.0,0.0,23.594,0.329
2026-03-13 04:00:00,EMS-01,0.0,0.0,28.055,0.0,0.0,0.0,23.135,0.289
2026-03-13 08:00:00,EMS-01,0.0,0.0,29.226,0.0,0.0,0.0,24.552,0.279
2026-03-13 12:00:00,EMS-01,0.0,0.0,28.101,0.0,0.0,0.0,22.152,0.344
2026-03-13 16:00:00,EMS-01,0.0,0.0,29.239,0.0,0.0,0.0,24.169,0.356
2026-03-13 20:00:00,EMS-01,0.0,0.0,29.62,0.0,0.0,0.0,22.253,0.283
2026-03-14 00:00:00,EMS-01,0.0,0.0,28.967,0.0,0.0,0.0,20.22,0.282
2026-03-14 04:00:00,EMS-01,0.0,0.0,28.983,0.0,0.0,0.0,22.592,0.311
2026-03-14 08:00:00,EMS-01,0.0,0.0,27.249,0.0,0.0,0.0,23.116,0.264
2026-03-14 12:00:00,EMS-01,0.0,0.0,28.181,0.0,0.0,0.0,21.706,0.333
2026-03-14 16:00:00,EMS-01,0.0,0.0,28.297,0.0,0.0,0.0,22.762,0.346
2026-03-14 20:00:00,EMS-01,0.0,0.0,27.706,0.0,0.0,0.0,22.691,0.248
2026-03-15 00:00:00,EMS-01,0.0,0.0,27.796,0.0,0.0,0.0,22.831,0.26
2026-03-15 04:00:00,EMS-01,0.0,0.0,29.308,0.0,0.0,0.0,24.372,0.264
2026-03-15 08:00:00,EMS-01,0.0,0.0,27.349,0.0,0.0,0.0,22.217,0.307
2026-03-15 12:00:00,EMS-01,0.0,0.0,27.743,0.0,0.0,0.0,24.258,0.293
2026-03-15 16:00:00,EMS-01,0.0,0.0,27.625,0.0,0.0,0.0,21.959,0.257
2026-03-15 20:00:00,EMS-01,0.0,0.0,27.885,0.0,0.0,0.0,21.554,0.258
2026-03-16 00:00:00,EMS-01,0.0,0.0,28.192,0.0,0.0,0.0,24.249,0.298
2026-03-16 04:00:00,EMS-01,0.0,0.0,28.765,0.0,0.0,0.0,23.403,0.26
2026-03-16 08:00:00,EMS-01,0.0,0.0,29.218,0.0,0.0,0.0,22.749,0.282
2026-03-16 12:00:00,EMS-01,0.0,0.0,28.887,0.0,0.0,0.0,26.015,0.28
2026-03-16 16:00:00,EMS-01,0.0,0.0,27.867,0.0,0.0,0.0,23.89,0.33
2026-03-16 20:00:00,EMS-01,0.0,0.0,28.645,0.0,0.0,0.0,23.168,0.269
2026-03-17 00:00:00,EMS-01,0.0,0.0,29.189,0.0,0.0,0.0,26.042,0.38
2026-03-17 04:00:00,EMS-01,0.0,0.0,29.28,0.0,0.0,0.0,23.772,0.34
2026-03-17 08:00:00,EMS-01,0.0,0.0,29.039,0.0,0.0,0.0,23.741,0.339
2026-03-17 12:00:00,EMS-01,0.0,0.0,30.041,0.0,0.0,0.0,24.411,0.333
2026-03-17 16:00:00,EMS-01,0.0,0.0,29.276,0.0,0.0,0.0,25.627,0.376
2026-03-17 20:00:00,EMS-01,0.0,0.0,28.911,0.0,0.0,0.0,24.779,0.391
2026-03-18 00:00:00,EMS-01,0.0,0.0,29.407,0.0,0.0,0.0,26.577,0.381
2026-03-18 04:00:00,EMS-01,0.0,0.0,30.647,0.0,0.0,0.0,24.917,0.386
2026-03-18 08:00:00,EMS-01,0.0,0.0,30.129,0.0,0.0,0.0,26.48,0.377
2026-03-18 12:00:00,EMS-01,0.0,0.0,30.384,0.0,0.0,0.0,24.764,0.366
2026-03-18 16:00:00,EMS-01,0.0,0.0,28.955,0.0,0.0,0.0,25.194,0.339
2026-03-18 20:00:00,EMS-01,0.0,0.0,29.985,0.0,0.0,0.0,26.534,0.39
2026-03-19 00:00:00,EMS-01,0.0,0.0,30.233,0.0,0.0,0.0,25.592,0.365
2026-03-19 04:00:00,EMS-01,0.0,0.0,29.119,0.0,0.0,0.0,23.435,0.316
2026-03-19 08:00:00,EMS-01,0.0,0.0,29.37,0.0,0.0,0.0,26.349,0.323
2026-03-19 12:00:00,EMS-01,0.0,0.0,29.233,0.0,0.0,0.0,24.805,0.408
2026-03-19 16:00:00,EMS-01,0.0,0.0,29.609,0.0,0.0,0.0,25.324,0.374
2026-03-19 20:00:00,EMS-01,0.0,0.0,30.337,0.0,0.0,0.0,25.13,0.293
2026-03-20 00:00:00,EMS-01,0.0,0.0,29.541,0.0,0.0,0.0,26.394,0.372
2026-03-20 04:00:00,EMS-01,0.0,0.0,29.496,0.0,0.0,0.0,25.076,0.279
2026-03-20 08:00:00,EMS-01,0.0,0.0,28.167,0.0,0.0,0.0,25.452,0.382
2026-03-20 12:00:00,EMS-01,0.0,0.0,28.814,0.0,0.0,0.0,24.515,0.352
2026-03-20 16:00:00,EMS-01,0.0,0.0,29.985,0.0,0.0,0.0,24.021,0.349
2026-03-20 20:00:00,EMS-01,0.0,0.0,30.06,0.0,0.0,0.0,23.601,0.319
2026-03-21 00:00:00,EMS-01,0.0,0.0,28.215,0.0,0.0,0.0,22.58,0.34
2026-03-21 04:00:00,EMS-01,0.0,0.0,29.395,0.0,0.0,0.0,24.709,0.267
2026-03-21 08:00:00,EMS-01,0.0,0.0,28.509,0.0,0.0,0.0,23.798,0.217
2026-03-21 12:00:00,EMS-01,0.0,0.0,28.786,0.0,0.0,0.0,25.093,0.33
2026-03-21 16:00:00,EMS-01,0.0,0.0,27.094,0.0,0.0,0.0,23.375,0.293
2026-03-21 20:00:00,EMS-01,0.0,0.0,28.522,0.0,0.0,0.0,22.93,0.269
2026-03-22 00:00:00,EMS-01,0.0,0.0,27.005,0.0,0.0,0.0,23.027,0.299
2026-03-22 04:00:00,EMS-01,0.0,0.0,27.947,0.0,0.0,0.0,23.931,0.216
2026-03-22 08:00:00,EMS-01,0.0,0.0,27.258,0.0,0.0,0.0,22.634,0.248
2026-03-22 12:00:00,EMS-01,0.0,0.0,28.749,0.0,0.0,0.0,22.059,0.318
2026-03-22 16:00:00,EMS-01,0.0,0.0,27.796,0.0,0.0,0.0,22.652,0.201
2026-03-22 20:00:00,EMS-01,0.0,0.0,28.182,0.0,0.0,0.0,22.599,0.313
2026-03-23 00:00:00,EMS-01,0.0,0.0,27.393,0.0,0.0,0.0,22.276,0.323
2026-03-23 04:00:00,EMS-01,0.0,0.0,29.169,0.0,0.0,0.0,21.776,0.251
2026-03-23 08:00:00,EMS-01,0.0,0.0,27.385,0.0,0.0,0.0,20.527,0.265
2026-03-23 12:00:00,EMS-01,0.0,0.0,28.044,0.0,0.0,0.0,25.05,0.295
2026-03-23 16:00:00,EMS-01,0.0,0.0,28.369,0.0,0.0,0.0,23.725,0.324
2026-03-23 20:00:00,EMS-01,0.0,0.0,29.256,0.0,0.0,0.0,23.478,0.293
2026-03-24 00:00:00,EMS-01,0.0,0.0,28.763,0.0,0.0,0.0,23.328,0.281
2026-03-24 04:00:00,EMS-01,0.0,0.0,29.364,0.0,0.0,0.0,23.384,0.271
2026-03-24 08:00:00,EMS-01,0.0,0.0,28.9,0.0,0.0,0.0,24.544,0.262
2026-03-24 12:00:00,EMS-01,0.0,0.0,28.849,0.0,0.0,0.0,23.158,0.396
2026-03-24 16:00:00,EMS-01,0.0,0.0,29.163,0.0,0.0,0.0,25.839,0.336
2026-03-24 20:00:00,EMS-01,0.0,0.0,29.407,0.0,0.0,0.0,24.349,0.326
2026-03-25 00:00:00,EMS-01,0.0,0.0,29.284,0.0,0.0,0.0,23.92,0.34
2026-03-25 04:00:00,EMS-01,0.0,0.0,28.515,0.0,0.0,0.0,24.977,0.304
2026-03-25 08:00:00,EMS-01,0.0,0.0,29.567,0.0,0.0,0.0,25.301,0.402
2026-03-25 12:00:00,EMS-01,0.0,0.0,29.772,0.0,0.0,0.0,24.835,0.335
2026-03-25 16:00:00,EMS-01,0.0,0.0,30.064,0.0,0.0,0.0,25.139,0.335
2026-03-25 20:00:00,EMS-01,0.0,0.0,29.805,0.0,0.0,0.0,23.398,0.368
2026-03-26 00:00:00,EMS-01,0.0,0.0,29.324,0.0,0.0,0.0,25.084,0.437
2026-03-26 04:00:00,EMS-01,0.0,0.0,29.516,0.0,0.0,0.0,26.307,0.406
2026-03-26 08:00:00,EMS-01,0.0,0.0,30.278,0.0,0.0,0.0,25.889,0.331
2026-03-26 12:00:00,EMS-01,0.0,0.0,29.431,0.0,0.0,0.0,24.268,0.357
2026-03-26 16:00:00,EMS-01,0.0,0.0,29.586,0.0,0.0,0.0,24.496,0.388
2026-03-26 20:00:00,EMS-01,0.0,0.0,29.465,0.0,0.0,0.0,25.01,0.311
2026-03-27 00:00:00,EMS-01,0.0,0.0,29.732,0.0,0.0,0.0,25.2,0.342
2026-03-27 04:00:00,EMS-01,0.0,0.0,29.844,0.0,0.0,0.0,25.307,0.38
2026-03-27 08:00:00,EMS-01,0.0,0.0,29.91,0.0,0.0,0.0,25.793,0.413
2026-03-27 12:00:00,EMS-01,0.0,0.0,29.542,0.0,0.0,0.0,23.888,0.334
2026-03-27 16:00:00,EMS-01,0.0,0.0,29.15,0.0,0.0,0.0,23.738,0.256
2026-03-27 20:00:00,EMS-01,0.0,0.0,29.403,0.0,0.0,0.0,24.548,0.404
2026-03-28 00:00:00,EMS-01,0.0,0.0,30.203,0.0,0.0,0.0,25.026,0.35
2026-03-28 04:00:00,EMS-01,0.0,0.0,28.591,0.0,0.0,0.0,24.303,0.319
2026-03-28 08:00:00,EMS-01,0.0,0.0,29.026,0.0,0.0,0.0,23.088,0.331
2026-03-28 12:00:00,EMS-01,0.0,0.0,28.067,0.0,0.0,0.0,26.875,0.36
2026-03-28 16:00:00,EMS-01,0.0,0.0,29.47,0.0,0.0,0.0,22.148,0.246
2026-03-28 20:00:00,EMS-01,0.0,0.0,28.778,0.0,0.0,0.0,22.976,0.361
2026-03-29 00:00:00,EMS-01,0.0,0.0,28.881,0.0,0.0,0.0,23.075,0.342
2026-03-29 04:00:00,EMS-01,0.0,0.0,28.546,0.0,0.0,0.0,23.198,0.322
2026-03-29 08:00:00,EMS-01,0.0,0.0,27.99,0.0,0.0,0.0,23.888,0.3
2026-03-29 12:00:00,EMS-01,0.0,0.0,27.792,0.0,0.0,0.0,24.757,0.261
2026-03-29 16:00:00,EMS-01,0.0,0.0,27.343,0.0,0.0,0.0,21.793,0.237
2026-03-29 20:00:00,EMS-01,0.0,0.0,28.333,0.0,0.0,0.0,24.248,0.28
2026-03-30 00:00:00,EMS-01,0.0,0.0,29.092,0.0,0.0,0.0,23.628,0.177
2026-03-30 04:00:00,EMS-01,0.0,0.0,28.704,0.0,0.0,0.0,21.891,0.288
2026-03-30 08:00:00,EMS-01,0.0,0.0,28.18,0.0,0.0,0.0,25.448,0.286
2026-03-30 12:00:00,EMS-01,0.0,0.0,28.566,0.0,0.0,0.0,23.706,0.22
2026-03-30 16:00:00,EMS-01,0.0,0.0,28.888,0.0,0.0,0.0,22.425,0.251
2026-03-30 20:00:00,EMS-01,0.0,0.0,28.796,0.0,0.0,0.0,21.194,0.311
2026-03-31 00:00:00,EMS-01,0.0,0.0,28.317,0.0,0.0,0.0,22.78,0.204
2026-03-31 04:00:00,EMS-01,0.0,0.0,28.99,0.0,0.0,0.0,23.296,0.272
2026-03-31 08:00:00,EMS-01,0.0,0.0,28.057,0.0,0.0,0.0,24.026,0.306
2026-03-31 12:00:00,EMS-01,0.0,0.0,28.678,0.0,0.0,0.0,22.352,0.31
2026-03-31 16:00:00,EMS-01,0.0,0.0,28.916,0.0,0.0,0.0,24.968,0.264
2026-03-31 20:00:00,EMS-01,0.0,0.0,28.488,0.0,0.0,0.0,25.832,0.32
2026-04-01 00:00:00,EMS-01,0.0,0.0,29.142,0.0,0.0,0.0,25.014,0.383
2026-04-01 04:00:00,EMS-01,0.0,0.0,28.461,0.0,0.0,0.0,26.5,0.325
2026-04-01 08:00:00,EMS-01,0.0,0.0,29.368,0.0,0.0,0.0,24.477,0.386
2026-04-01 12:00:00,EMS-01,0.0,0.0,29.862,0.0,0.0,0.0,24.458,0.301
2026-04-01 16:00:00,EMS-01,0.0,0.0,29.288,0.0,0.0,0.0,23.391,0.378
2026-04-01 20:00:00,EMS-01,0.0,0.0,29.134,0.0,0.0,0.0,24.857,0.393
2026-04-02 00:00:00,EMS-01,0.0,0.0,30.046,0.0,0.0,0.0,25.517,0.329
2026-04-02 04:00:00,EMS-01,0.0,0.0,29.935,0.0,0.0,0.0,24.408,0.379
2026-04-02 08:00:00,EMS-01,0.0,0.0,28.987,0.0,0.0,0.0,26.616,0.372
2026-04-02 12:00:00,EMS-01,0.0,0.0,29.754,0.0,0.0,0.0,25.837,0.364
2026-04-02 16:00:00,EMS-01,0.0,0.0,29.826,0.0,0.0,0.0,26.833,0.406
2026-04-02 20:00:00,EMS-01,0.0,0.0,30.199,0.0,0.0,0.0,25.764,0.359
2026-04-03 00:00:00,EMS-01,0.0,0.0,30.396,0.0,0.0,0.0,24.536,0.432
2026-04-03 04:00:00,EMS-01,0.0,0.0,30.175,0.0,0.0,0.0,26.696,0.385
2026-04-03 08:00:00,EMS-01,0.0,0.0,29.673,0.0,0.0,0.0,26.387,0.317
2026-04-03 12:00:00,EMS-01,0.0,0.0,29.363,0.0,0.0,0.0,25.098,0.315
2026-04-03 16:00:00,EMS-01,0.0,0.0,29.987,0.0,0.0,0.0,26.511,0.3
2026-04-03 20:00:00,EMS-01,0.0,0.0,29.323,0.0,0.0,0.0,24.864,0.366
2026-04-04 00:00:00,EMS-01,0.0,0.0,29.949,0.0,0.0,0.0,24.589,0.382
2026-04-04 04:00:00,EMS-01,0.0,0.0,29.425,0.0,0.0,0.0,24.071,0.352
2026-04-04 08:00:00,EMS-01,0.0,0.0,28.566,0.0,0.0,0.0,24.246,0.331
2026-04-04 12:00:00,EMS-01,0.0,0.0,28.828,0.0,0.0,0.0,26.971,0.376
2026-04-04 16:00:00,EMS-01,0.0,0.0,29.168,0.0,0.0,0.0,24.554,0.342
2026-04-04 20:00:00,EMS-01,0.0,0.0,29.294,0.0,0.0,0.0,25.536,0.349
2026-04-05 00:00:00,EMS-01,0.0,0.0,27.722,0.0,0.0,0.0,24.563,0.28
2026-04-05 04:00:00,EMS-01,0.0,0.0,28.416,0.0,0.0,0.0,24.517,0.238
2026-04-05 08:00:00,EMS-01,0.0,0.0,29.583,0.0,0.0,0.0,24.154,0.308
2026-04-05 12:00:00,EMS-01,0.0,0.0,28.997,0.0,0.0,0.0,24.324,0.298
2026-04-05 16:00:00,EMS-01,0.0,0.0,28.878,0.0,0.0,0.0,21.929,0.314
2026-04-05 20:00:00,EMS-01,0.0,0.0,28.71,0.0,0.0,0.0,24.329,0.287
2026-04-06 00:00:00,EMS-01,0.0,0.0,28.479,0.0,0.0,0.0,21.731,0.277
2026-04-06 04:00:00,EMS-01,0.0,0.0,28.601,0.0,0.0,0.0,23.351,0.334
2026-04-06 08:00:00,EMS-01,0.0,0.0,28.482,0.0,0.0,0.0,22.447,0.291
2026-04-06 12:00:00,EMS-01,0.0,0.0,27.892,0.0,0.0,0.0,23.9,0.246
2026-04-06 16:00:00,EMS-01,0.0,0.0,27.974,0.0,0.0,0.0,21.372,0.273
2026-04-06 20:00:00,EMS-01,0.0,0.0,28.573,0.0,0.0,0.0,24.259,0.269
2026-04-07 00:00:00,EMS-01,0.0,0.0,28.113,0.0,0.0,0.0,19.771,0.28
2026-04-07 04:00:00,EMS-01,0.0,0.0,28.296,0.0,0.0,0.0,22.668,0.328
2026-04-07 08:00:00,EMS-01,0.0,0.0,28.643,0.0,0.0,0.0,22.32,0.247
2026-04-07 12:00:00,EMS-01,0.0,0.0,27.757,0.0,0.0,0.0,22.417,0.296
2026-04-07 16:00:00,EMS-01,0.0,0.0,27.304,0.0,0.0,0.0,22.894,0.316
2026-04-07 20:00:00,EMS-01,0.0,0.0,27.996,0.0,0.0,0.0,23.018,0.259
2026-04-08 00:00:00,EMS-01,0.0,0.0,27.158,0.0,0.0,0.0,22.55,0.262
2026-04-08 04:00:00,EMS-01,0.0,0.0,29.214,0.0,0.0,0.0,24.091,0.27
2026-04-08 08:00:00,EMS-01,0.0,0.0,29.613,0.0,0.0,0.0,24.553,0.304
2026-04-08 12:00:00,EMS-01,0.0,0.0,29.185,0.0,0.0,0.0,23.007,0.234
2026-04-08 16:00:00,EMS-01,0.0,0.0,29.162,0.0,0.0,0.0,22.776,0.319
2026-04-08 20:00:00,EMS-01,0.0,0.0,29.451,0.0,0.0,0.0,22.373,0.341
2026-04-09 00:00:00,EMS-01,0.0,0.0,29.788,0.0,0.0,0.0,22.427,0.365
2026-04-09 04:00:00,EMS-01,0.0,0.0,30.487,0.0,0.0,0.0,24.527,0.372
2026-04-09 08:00:00,EMS-01,0.0,0.0,28.952,0.0,0.0,0.0,25.93,0.37
2026-04-09 12:00:00,EMS-01,0.0,0.0,29.716,0.0,0.0,0.0,25.284,0.371
2026-04-09 16:00:00,EMS-01,0.0,0.0,29.627,0.0,0.0,0.0,24.222,0.356
2026-04-09 20:00:00,EMS-01,0.0,0.0,29.692,0.0,0.0,0.0,24.116,0.361
2026-04-10 00:00:00,EMS-01,0.0,0.0,29.726,0.0,0.0,0.0,24.88,0.38
2026-04-10 04:00:00,EMS-01,0.0,0.0,30.118,0.0,0.0,0.0,24.78,0.374
2026-04-10 08:00:00,EMS-01,0.0,0.0,30.309,0.0,0.0,0.0,24.438,0.312
2026-04-10 12:00:00,EMS-01,0.0,0.0,29.269,0.0,0.0,0.0,26.045,0.354
2026-04-10 16:00:00,EMS-01,0.0,0.0,29.083,0.0,0.0,0.0,26.788,0.327
2026-04-10 20:00:00,EMS-01,0.0,0.0,29.646,0.0,0.0,0.0,26.164,0.39
2026-04-11 00:00:00,EMS-01,0.0,0.0,29.927,0.0,0.0,0.0,24.598,0.769
2026-04-11 04:00:00,EMS-01,0.0,0.0,29.692,0.0,0.0,0.0,27.142,0.617
2026-04-11 08:00:00,EMS-01,0.0,0.0,29.743,0.0,0.0,0.0,26.235,0.657
2026-04-11 12:00:00,EMS-01,0.0,0.0,30.61,0.0,0.0,0.0,25.52,0.605
2026-04-11 16:00:00,EMS-01,0.0,0.0,28.87,0.0,0.0,0.0,24.862,0.752
2026-04-11 20:00:00,EMS-01,0.0,0.0,28.883,0.0,0.0,0.0,26.321,0.85
2026-04-12 00:00:00,EMS-01,0.0,0.0,29.292,0.0,0.0,0.0,24.366,0.762
2026-04-12 04:00:00,EMS-01,0.0,0.0,29.146,0.0,0.0,0.0,24.927,0.489
2026-04-12 08:00:00,EMS-01,0.0,0.0,29.078,0.0,0.0,0.0,23.997,0.759
2026-04-12 12:00:00,EMS-01,0.0,0.0,29.74,0.0,0.0,0.0,25.467,0.76
2026-04-12 16:00:00,EMS-01,0.0,0.0,29.164,0.0,0.0,0.0,25.079,0.678
2026-04-12 20:00:00,EMS-01,0.0,0.0,29.461,0.0,0.0,0.0,23.951,0.585
2026-04-13 00:00:00,EMS-01,0.0,0.0,29.538,0.0,0.0,0.0,22.065,0.646
2026-04-13 04:00:00,EMS-01,0.0,0.0,29.293,0.0,0.0,0.0,25.44,0.627
2026-04-13 08:00:00,EMS-01,0.0,0.0,28.929,0.0,0.0,0.0,24.274,0.699
2026-04-13 12:00:00,EMS-01,0.0,0.0,29.45,0.0,0.0,0.0,25.013,0.572
2026-04-13 16:00:00,EMS-01,0.0,0.0,28.271,0.0,0.0,0.0,23.427,0.603
2026-04-13 20:00:00,EMS-01,0.0,0.0,30.798,0.0,0.0,0.0,23.427,0.67
2026-04-14 00:00:00,EMS-01,0.0,0.0,29.605,0.0,0.0,0.0,23.2,0.738
2026-04-14 04:00:00,EMS-01,0.0,0.0,28.347,0.0,0.0,0.0,24.265,0.637
2026-04-14 08:00:00,EMS-01,0.0,0.0,29.508,0.0,0.0,0.0,24.409,0.76
2026-04-14 12:00:00,EMS-01,0.0,0.0,29.386,0.0,0.0,0.0,24.85,0.638
2026-04-14 16:00:00,EMS-01,0.0,0.0,29.676,0.0,0.0,0.0,25.813,0.54
2026-04-14 20:00:00,EMS-01,0.0,0.0,29.869,0.0,0.0,0.0,23.904,0.684
2026-04-15 00:00:00,EMS-01,0.0,0.0,28.807,0.0,0.0,0.0,25.242,0.615
2026-04-15 04:00:00,EMS-01,0.0,0.0,30.881,0.0,0.0,0.0,23.964,0.643
2026-04-15 08:00:00,EMS-01,0.0,0.0,29.748,0.0,0.0,0.0,25.04,0.681
2026-04-15 12:00:00,EMS-01,0.0,0.0,30.896,0.0,0.0,0.0,24.42,0.773
2026-04-15 16:00:00,EMS-01,0.0,0.0,30.448,0.0,0.0,0.0,26.949,0.763
2026-04-15 20:00:00,EMS-01,0.0,0.0,29.308,0.0,0.0,0.0,27.302,0.52
2026-04-16 00:00:00,EMS-01,0.0,0.0,30.209,0.0,0.0,0.0,27.649,0.614
2026-04-16 04:00:00,EMS-01,0.0,0.0,31.145,0.0,0.0,0.0,27.153,0.743
2026-04-16 08:00:00,EMS-01,0.0,0.0,30.265,0.0,0.0,0.0,26.365,0.749
2026-04-16 12:00:00,EMS-01,0.0,0.0,32.233,0.0,0.0,0.0,26.755,0.844
2026-04-16 16:00:00,EMS-01,0.0,0.0,31.506,0.0,0.0,0.0,28.173,0.879
2026-04-16 20:00:00,EMS-01,0.0,0.0,31.715,0.0,0.0,0.0,29.474,0.731
2026-04-17 00:00:00,EMS-01,0.0,0.0,31.89,0.0,0.0,0.0,28.385,0.701
2026-04-17 04:00:00,EMS-01,0.0,0.0,31.473,0.0,0.0,0.0,29.81,0.745
2026-04-17 08:00:00,EMS-01,0.0,0.0,31.776,0.0,0.0,0.0,27.638,0.854
2026-04-17 12:00:00,EMS-01,0.0,0.0,31.654,0.0,0.0,0.0,29.302,0.906
2026-04-17 16:00:00,EMS-01,0.0,0.0,33.001,0.0,0.0,0.0,27.026,0.714
2026-04-17 20:00:00,EMS-01,0.0,0.0,32.096,0.0,0.0,0.0,29.014,0.821
2026-04-18 00:00:00,EMS-01,0.0,0.0,32.635,0.0,0.0,0.0,30.783,1.003
2026-04-18 04:00:00,EMS-01,0.0,0.0,31.655,0.0,0.0,0.0,28.236,0.759
2026-04-18 08:00:00,EMS-01,0.0,0.0,32.275,0.0,0.0,0.0,31.049,0.855
2026-04-18 12:00:00,EMS-01,0.0,0.0,33.194,0.0,0.0,0.0,29.143,0.682
2026-04-18 16:00:00,EMS-01,0.0,0.0,32.564,0.0,0.0,0.0,29.599,0.822
2026-04-18 20:00:00,EMS-01,0.0,0.0,31.635,0.0,0.0,0.0,29.39,0.924
2026-04-19 00:00:00,EMS-01,0.0,0.0,31.457,0.0,0.0,0.0,28.86,0.893
2026-04-19 04:00:00,EMS-01,0.0,0.0,31.984,0.0,0.0,0.0,30.033,0.776
2026-04-19 08:00:00,EMS-01,0.0,0.0,32.25,0.0,0.0,0.0,28.645,0.675
2026-04-19 12:00:00,EMS-01,0.0,0.0,31.412,0.0,0.0,0.0,28.337,0.654
2026-04-19 16:00:00,EMS-01,0.0,0.0,33.051,0.0,0.0,0.0,27.676,0.627
2026-04-19 20:00:00,EMS-01,0.0,0.0,31.66,0.0,0.0,0.0,29.637,0.627
2026-04-20 00:00:00,EMS-01,0.0,0.0,31.789,0.0,0.0,0.0,29.236,0.892
2026-04-20 04:00:00,EMS-01,0.0,0.0,31.931,0.0,0.0,0.0,30.119,0.794
2026-04-20 08:00:00,EMS-01,0.0,0.0,31.664,0.0,0.0,0.0,30.085,0.755
2026-04-20 12:00:00,EMS-01,0.0,0.0,31.322,0.0,0.0,0.0,29.571,0.695
2026-04-20 16:00:00,EMS-01,0.0,0.0,32.003,0.0,0.0,0.0,28.167,0.932
2026-04-20 20:00:00,EMS-01,0.0,0.0,31.421,0.0,0.0,0.0,29.292,0.791
2026-04-21 00:00:00,EMS-01,0.0,0.0,31.35,0.0,0.0,0.0,27.01,0.798
2026-04-21 04:00:00,EMS-01,0.0,0.0,32.138,0.0,0.0,0.0,29.675,0.69
2026-04-21 08:00:00,EMS-01,0.0,0.0,32.219,0.0,0.0,0.0,27.944,0.79
2026-04-21 12:00:00,EMS-01,0.0,0.0,31.728,0.0,0.0,0.0,29.757,0.748
2026-04-21 16:00:00,EMS-01,0.0,0.0,32.565,0.0,0.0,0.0,30.582,0.909
2026-04-21 20:00:00,EMS-01,0.0,0.0,31.177,0.0,0.0,0.0,29.417,0.954
2026-04-22 00:00:00,EMS-01,0.0,0.0,30.957,0.0,0.0,0.0,29.851,0.775
2026-04-22 04:00:00,EMS-01,0.0,0.0,32.03,0.0,0.0,0.0,27.811,0.748
2026-04-22 08:00:00,EMS-01,0.0,0.0,31.917,0.0,0.0,0.0,29.393,0.895
2026-04-22 12:00:00,EMS-01,0.0,0.0,32.121,0.0,0.0,0.0,29.246,0.75
2026-04-22 16:00:00,EMS-01,0.0,0.0,32.258,0.0,0.0,0.0,30.223,0.687
2026-04-22 20:00:00,EMS-01,0.0,0.0,32.202,0.0,0.0,0.0,30.463,1.028
2026-04-23 00:00:00,EMS-01,0.0,0.0,32.288,0.0,0.0,0.0,31.972,0.697
2026-04-23 04:00:00,EMS-01,0.0,0.0,32.586,0.0,0.0,0.0,31.717,0.853
2026-04-23 08:00:00,EMS-01,0.0,0.0,33.646,0.0,0.0,0.0,32.455,0.786
2026-04-23 12:00:00,EMS-01,0.0,0.0,32.537,0.0,0.0,0.0,32.307,0.827
2026-04-23 16:00:00,EMS-01,0.0,0.0,33.577,0.0,0.0,0.0,33.629,0.598
2026-04-23 20:00:00,EMS-01,0.0,0.0,33.537,0.0,0.0,0.0,31.566,0.614
2026-04-24 00:00:00,EMS-01,0.0,0.0,34.03,0.0,0.0,0.0,33.579,0.606
2026-04-24 04:00:00,EMS-01,0.0,0.0,33.782,0.0,0.0,0.0,32.694,0.592
2026-04-24 08:00:00,EMS-01,0.0,0.0,34.309,0.0,0.0,0.0,31.038,0.562
2026-04-24 12:00:00,EMS-01,0.0,0.0,33.643,0.0,0.0,0.0,31.942,0.667
2026-04-24 16:00:00,EMS-01,0.0,0.0,33.824,0.0,0.0,0.0,34.43,0.683
2026-04-24 20:00:00,EMS-01,0.0,0.0,34.215,0.0,0.0,0.0,34.058,0.687
2026-04-25 00:00:00,EMS-01,0.0,0.0,34.836,0.0,0.0,0.0,31.719,0.635
2026-04-25 04:00:00,EMS-01,0.0,0.0,34.645,0.0,0.0,0.0,34.272,0.62
2026-04-25 08:00:00,EMS-01,0.0,0.0,33.467,0.0,0.0,0.0,34.81,0.629
2026-04-25 12:00:00,EMS-01,0.0,0.0,34.398,0.0,0.0,0.0,34.413,0.656
2026-04-25 16:00:00,EMS-01,0.0,0.0,33.985,0.0,0.0,0.0,34.239,0.645
2026-04-25 20:00:00,EMS-01,0.0,0.0,35.454,0.0,0.0,0.0,34.586,0.755
2026-04-26 00:00:00,EMS-01,0.0,0.0,33.793,0.0,0.0,0.0,34.055,0.655
2026-04-26 04:00:00,EMS-01,0.0,0.0,34.034,0.0,0.0,0.0,33.885,0.645
2026-04-26 08:00:00,EMS-01,0.0,0.0,33.846,0.0,0.0,0.0,35.998,0.654
2026-04-26 12:00:00,EMS-01,0.0,0.0,34.828,0.0,0.0,0.0,34.993,0.702
2026-04-26 16:00:00,EMS-01,0.0,0.0,33.664,0.0,0.0,0.0,35.106,0.643
2026-04-26 20:00:00,EMS-01,0.0,0.0,35.252,0.0,0.0,0.0,34.136,0.599
2026-04-27 00:00:00,EMS-01,0.0,0.0,34.709,0.0,0.0,0.0,34.601,0.588
2026-04-27 04:00:00,EMS-01,0.0,0.0,34.311,0.0,0.0,0.0,34.86,0.643
2026-04-27 08:00:00,EMS-01,0.0,0.0,33.237,0.0,0.0,0.0,34.028,0.642
2026-04-27 12:00:00,EMS-01,0.0,0.0,33.543,0.0,0.0,0.0,32.277,0.635
2026-04-27 16:00:00,EMS-01,0.0,0.0,33.055,0.0,0.0,0.0,32.771,0.647
2026-04-27 20:00:00,EMS-01,0.0,0.0,34.314,0.0,0.0,0.0,31.816,0.543
2026-04-28 00:00:00,EMS-01,0.0,0.0,32.972,0.0,0.0,0.0,33.048,0.567
2026-04-28 04:00:00,EMS-01,0.0,0.0,33.889,0.0,0.0,0.0,31.25,0.568
2026-04-28 08:00:00,EMS-01,0.0,0.0,33.111,0.0,0.0,0.0,32.882,0.528
2026-04-28 12:00:00,EMS-01,0.0,0.0,33.302,0.0,0.0,0.0,32.048,0.544
2026-04-28 16:00:00,EMS-01,0.0,0.0,33.296,0.0,0.0,0.0,31.492,0.536
2026-04-28 20:00:00,EMS-01,0.0,0.0,33.021,0.0,0.0,0.0,30.522,0.551
2026-04-29 00:00:00,EMS-01,0.0,0.0,33.536,0.0,0.0,0.0,31.253,0.603
2026-04-29 04:00:00,EMS-01,0.0,0.0,32.951,0.0,0.0,0.0,30.562,0.589
2026-04-29 08:00:00,EMS-01,0.0,0.0,33.364,0.0,0.0,0.0,30.303,0.613
2026-04-29 12:00:00,EMS-01,0.0,0.0,33.929,0.0,0.0,0.0,32.303,0.578
2026-04-29 16:00:00,EMS-01,0.0,0.0,34.246,0.0,0.0,0.0,32.29,0.584
2026-04-29 20:00:00,EMS-01,0.0,0.0,34.127,0.0,0.0,0.0,33.511,0.531
2026-04-30 00:00:00,EMS-01,0.0,0.0,32.962,0.0,0.0,0.0,32.572,0.628
2026-04-30 04:00:00,EMS-01,0.0,0.0,32.671,0.0,0.0,0.0,33.061,0.576
2026-04-30 08:00:00,EMS-01,0.0,0.0,33.816,0.0,0.0,0.0,31.682,0.514
2026-04-30 12:00:00,EMS-01,0.0,0.0,32.521,0.0,0.0,0.0,31.28,0.581
2026-04-30 16:00:00,EMS-01,0.0,0.0,33.614,0.0,0.0,0.0,32.115,0.607
2026-04-30 20:00:00,EMS-01,0.0,0.0,33.449,0.0,0.0,0.0,32.858,0.648
2026-05-01 00:00:00,EMS-01,0.0,0.0,33.83,0.0,0.0,0.0,33.64,0.647
2026-05-01 04:00:00,EMS-01,0.0,0.0,33.861,0.0,0.0,0.0,31.4,0.638
2026-05-01 08:00:00,EMS-01,0.0,0.0,33.681,0.0,0.0,0.0,34.391,0.684
2026-05-01 12:00:00,EMS-01,0.0,0.0,34.02,0.0,0.0,0.0,33.854,0.666
2026-05-01 16:00:00,EMS-01,0.0,0.0,33.807,0.0,0.0,0.0,33.877,0.595
2026-05-01 20:00:00,EMS-01,0.0,0.0,34.937,0.0,0.0,0.0,35.807,0.658
2026-05-02 00:00:00,EMS-01,0.0,0.0,34.012,0.0,0.0,0.0,34.461,0.615
2026-05-02 04:00:00,EMS-01,0.0,0.0,34.258,0.0,0.0,0.0,33.876,0.646
2026-05-02 08:00:00,EMS-01,0.0,0.0,34.68,0.0,0.0,0.0,34.876,0.668
2026-05-02 12:00:00,EMS-01,0.0,0.0,35.104,0.0,0.0,0.0,34.908,0.653
2026-05-02 16:00:00,EMS-01,0.0,0.0,34.566,0.0,0.0,0.0,34.464,0.658
2026-05-02 20:00:00,EMS-01,0.0,0.0,34.923,0.0,0.0,0.0,32.333,0.673
2026-05-03 00:00:00,EMS-01,0.0,0.0,34.807,0.0,0.0,0.0,35.193,0.711
2026-05-03 04:00:00,EMS-01,0.0,0.0,34.536,0.0,0.0,0.0,35.401,0.692
2026-05-03 08:00:00,EMS-01,0.0,0.0,34.728,0.0,0.0,0.0,33.002,0.707
2026-05-03 12:00:00,EMS-01,0.0,0.0,34.585,0.0,0.0,0.0,34.106,0.625
2026-05-03 16:00:00,EMS-01,0.0,0.0,33.1,0.0,0.0,0.0,36.251,0.673
2026-05-03 20:00:00,EMS-01,0.0,0.0,33.774,0.0,0.0,0.0,32.79,0.647
2026-05-04 00:00:00,EMS-01,0.0,0.0,34.761,0.0,0.0,0.0,34.616,0.676
2026-05-04 04:00:00,EMS-01,0.0,0.0,33.717,0.0,0.0,0.0,33.588,0.65
2026-05-04 08:00:00,EMS-01,0.0,0.0,34.08,0.0,0.0,0.0,34.158,0.695
2026-05-04 12:00:00,EMS-01,0.0,0.0,34.123,0.0,0.0,0.0,32.77,0.582
2026-05-04 16:00:00,EMS-01,0.0,0.0,33.993,0.0,0.0,0.0,32.484,0.641
2026-05-04 20:00:00,EMS-01,0.0,0.0,33.987,0.0,0.0,0.0,34.609,0.626
2026-05-05 00:00:00,EMS-01,0.0,0.0,33.927,0.0,0.0,0.0,32.072,0.562
2026-05-05 04:00:00,EMS-01,0.0,0.0,34.166,0.0,0.0,0.0,33.826,0.594
2026-05-05 08:00:00,EMS-01,0.0,0.0,32.38,0.0,0.0,0.0,33.797,0.641
2026-05-05 12:00:00,EMS-01,0.0,0.0,33.303,0.0,0.0,0.0,33.313,0.592
2026-05-05 16:00:00,EMS-01,0.0,0.0,33.404,0.0,0.0,0.0,30.323,0.63
2026-05-05 20:00:00,EMS-01,0.0,0.0,32.226,0.0,0.0,0.0,33.698,0.647
2026-05-06 00:00:00,EMS-01,0.0,0.0,31.715,0.0,0.0,0.0,33.408,0.571
2026-05-06 04:00:00,EMS-01,0.0,0.0,33.333,0.0,0.0,0.0,30.2,0.565
2026-05-06 08:00:00,EMS-01,0.0,0.0,32.401,0.0,0.0,0.0,30.788,0.617
2026-05-06 12:00:00,EMS-01,0.0,0.0,33.602,0.0,0.0,0.0,32.442,0.554
2026-05-06 16:00:00,EMS-01,0.0,0.0,32.652,0.0,0.0,0.0,29.841,0.596
2026-05-06 20:00:00,EMS-01,0.0,0.0,34.135,0.0,0.0,0.0,33.123,0.574
2026-05-07 00:00:00,EMS-01,0.0,0.0,33.354,0.0,0.0,0.0,31.905,0.607
2026-05-07 04:00:00,EMS-01,0.0,0.0,34.095,0.0,0.0,0.0,31.126,0.559
2026-05-07 08:00:00,EMS-01,0.0,0.0,33.014,0.0,0.0,0.0,31.794,0.606
2026-05-07 12:00:00,EMS-01,0.0,0.0,33.206,0.0,0.0,0.0,31.061,0.556
2026-05-07 16:00:00,EMS-01,0.0,0.0,32.666,0.0,0.0,0.0,31.995,0.626
2026-05-07 20:00:00,EMS-01,0.0,0.0,33.65,0.0,0.0,0.0,32.869,0.558
2026-05-08 00:00:00,EMS-01,0.0,0.0,32.856,0.0,0.0,0.0,32.649,0.646
2026-05-08 04:00:00,EMS-01,0.0,0.0,34.091,0.0,0.0,0.0,31.951,0.689
2026-05-08 08:00:00,EMS-01,0.0,0.0,32.59,0.0,0.0,0.0,32.894,0.619
2026-05-08 12:00:00,EMS-01,0.0,0.0,33.721,0.0,0.0,0.0,33.624,0.615
2026-05-08 16:00:00,EMS-01,0.0,0.0,33.112,0.0,0.0,0.0,33.188,0.635
2026-05-08 20:00:00,EMS-01,0.0,0.0,34.569,0.0,0.0,0.0,34.974,0.606
2026-05-09 00:00:00,EMS-01,0.0,0.0,35.1,0.0,0.0,0.0,33.233,0.625
2026-05-09 04:00:00,EMS-01,0.0,0.0,34.032,0.0,0.0,0.0,31.818,0.634
2026-05-09 08:00:00,EMS-01,0.0,0.0,35.087,0.0,0.0,0.0,34.537,0.663
2026-05-09 12:00:00,EMS-01,0.0,0.0,34.629,0.0,0.0,0.0,35.511,0.629
2026-05-09 16:00:00,EMS-01,0.0,0.0,35.008,0.0,0.0,0.0,34.385,0.636
2026-05-09 20:00:00,EMS-01,0.0,0.0,34.817,0.0,0.0,0.0,34.508,0.639
2026-05-10 00:00:00,EMS-01,0.0,0.0,34.0,0.0,0.0,0.0,34.042,0.652
2026-05-10 04:00:00,EMS-01,0.0,0.0,35.31,0.0,0.0,0.0,34.324,0.659
2026-05-10 08:00:00,EMS-01,0.0,0.0,35.27,0.0,0.0,0.0,35.988,0.643
2026-05-10 12:00:00,EMS-01,0.0,0.0,33.938,0.0,0.0,0.0,35.105,0.665
2026-05-10 16:00:00,EMS-01,0.0,0.0,34.309,0.0,0.0,0.0,35.618,0.662
2026-05-10 20:00:00,EMS-01,0.0,0.0,35.654,0.0,0.0,0.0,34.513,0.675
2026-05-11 00:00:00,EMS-01,0.0,0.0,35.785,0.0,0.0,0.0,34.696,0.641
2026-05-11 04:00:00,EMS-01,0.0,0.0,33.897,0.0,0.0,0.0,33.769,0.67
2026-05-11 08:00:00,EMS-01,0.0,0.0,34.904,0.0,0.0,0.0,32.535,0.657
2026-05-11 12:00:00,EMS-01,0.0,0.0,35.025,0.0,0.0,0.0,34.229,0.699
2026-05-11 16:00:00,EMS-01,0.0,0.0,33.37,0.0,0.0,0.0,33.538,0.65
2026-05-11 20:00:00,EMS-01,0.0,0.0,34.422,0.0,0.0,0.0,32.691,0.654
2026-05-12 00:00:00,EMS-01,0.0,0.0,34.281,0.0,0.0,0.0,33.307,0.649
2026-05-12 04:00:00,EMS-01,0.0,0.0,34.071,0.0,0.0,0.0,32.485,0.62
2026-05-12 08:00:00,EMS-01,0.0,0.0,33.083,0.0,0.0,0.0,31.397,0.628
2026-05-12 12:00:00,EMS-01,0.0,0.0,32.611,0.0,0.0,0.0,32.506,0.626
2026-05-12 16:00:00,EMS-01,0.0,0.0,33.574,0.0,0.0,0.0,34.854,0.62
2026-05-12 20:00:00,EMS-01,0.0,0.0,33.312,0.0,0.0,0.0,33.006,0.553
2026-05-13 00:00:00,EMS-01,0.0,0.0,33.928,0.0,0.0,0.0,31.66,0.632
2026-05-13 04:00:00,EMS-01,0.0,0.0,33.507,0.0,0.0,0.0,32.687,0.568
2026-05-13 08:00:00,EMS-01,0.0,0.0,32.567,0.0,0.0,0.0,30.669,0.523
2026-05-13 12:00:00,EMS-01,0.0,0.0,32.931,0.0,0.0,0.0,31.156,0.615
2026-05-13 16:00:00,EMS-01,0.0,0.0,32.518,0.0,0.0,0.0,33.985,0.541
2026-05-13 20:00:00,EMS-01,0.0,0.0,32.554,0.0,0.0,0.0,30.063,0.574
2026-05-14 00:00:00,EMS-01,0.0,0.0,32.863,0.0,0.0,0.0,31.467,0.587
2026-05-14 04:00:00,EMS-01,0.0,0.0,33.589,0.0,0.0,0.0,30.345,0.573
2026-05-14 08:00:00,EMS-01,0.0,0.0,33.53,0.0,0.0,0.0,30.446,0.67
2026-05-14 12:00:00,EMS-01,0.0,0.0,34.389,0.0,0.0,0.0,31.567,0.536
2026-05-14 16:00:00,EMS-01,0.0,0.0,32.572,0.0,0.0,0.0,31.969,0.6
2026-05-14 20:00:00,EMS-01,0.0,0.0,32.144,0.0,0.0,0.0,30.835,0.586
2026-05-15 00:00:00,EMS-01,0.0,0.0,32.457,0.0,0.0,0.0,31.645,0.6
2026-05-15 04:00:00,EMS-01,0.0,0.0,33.233,0.0,0.0,0.0,31.337,0.593
2026-05-15 08:00:00,EMS-01,0.0,0.0,33.698,0.0,0.0,0.0,31.31,0.608
2026-05-15 12:00:00,EMS-01,0.0,0.0,33.695,0.0,0.0,0.0,33.007,0.611
2026-05-15 16:00:00,EMS-01,0.0,0.0,33.691,0.0,0.0,0.0,32.495,0.598
2026-05-15 20:00:00,EMS-01,0.0,0.0,34.132,0.0,0.0,0.0,32.763,0.634
2026-05-16 00:00:00,EMS-01,0.0,0.0,34.129,0.0,0.0,0.0,32.085,0.611
2026-05-16 04:00:00,EMS-01,0.0,0.0,33.92,0.0,0.0,0.0,33.375,0.644
2026-05-16 08:00:00,EMS-01,0.0,0.0,34.159,0.0,0.0,0.0,33.53,0.621
2026-05-16 12:00:00,EMS-01,0.0,0.0,34.756,0.0,0.0,0.0,34.047,0.639
2026-05-16 16:00:00,EMS-01,0.0,0.0,34.044,0.0,0.0,0.0,34.161,0.65
2026-05-16 20:00:00,EMS-01,0.0,0.0,33.499,0.0,0.0,0.0,32.996,0.7
2026-05-17 00:00:00,EMS-01,0.0,0.0,34.64,0.0,0.0,0.0,33.515,0.647
2026-05-17 04:00:00,EMS-01,0.0,0.0,34.019,0.0,0.0,0.0,33.765,0.7
2026-05-17 08:00:00,EMS-01,0.0,0.0,34.456,0.0,0.0,0.0,35.295,0.724
2026-05-17 12:00:00,EMS-01,0.0,0.0,34.378,0.0,0.0,0.0,33.139,0.685
2026-05-17 16:00:00,EMS-01,0.0,0.0,34.167,0.0,0.0,0.0,34.55,0.678
2026-05-17 20:00:00,EMS-01,0.0,0.0,35.678,0.0,0.0,0.0,34.91,0.656
2026-05-18 00:00:00,EMS-01,0.0,0.0,34.984,0.0,0.0,0.0,35.42,0.714
2026-05-18 04:00:00,EMS-01,0.0,0.0,34.098,0.0,0.0,0.0,35.883,0.751
2026-05-18 08:00:00,EMS-01,0.0,0.0,35.291,0.0,0.0,0.0,35.986,0.654
2026-05-18 12:00:00,EMS-01,0.0,0.0,35.477,0.0,0.0,0.0,33.871,0.664
2026-05-18 16:00:00,EMS-01,0.0,0.0,34.209,0.0,0.0,0.0,33.644,0.662
2026-05-18 20:00:00,EMS-01,0.0,0.0,33.748,0.0,0.0,0.0,33.392,0.623
2026-05-19 00:00:00,EMS-01,0.0,0.0,35.168,0.0,0.0,0.0,35.655,0.741
2026-05-19 04:00:00,EMS-01,0.0,0.0,34.177,0.0,0.0,0.0,33.807,0.673
2026-05-19 08:00:00,EMS-01,0.0,0.0,33.397,0.0,0.0,0.0,32.558,0.584
2026-05-19 12:00:00,EMS-01,0.0,0.0,34.473,0.0,0.0,0.0,32.48,0.668
2026-05-19 16:00:00,EMS-01,0.0,0.0,33.636,0.0,0.0,0.0,33.181,0.62
2026-05-19 20:00:00,EMS-01,0.0,0.0,33.889,0.0,0.0,0.0,32.454,0.655
2026-05-20 00:00:00,EMS-01,0.0,0.0,33.578,0.0,0.0,0.0,33.142,0.616
2026-05-20 04:00:00,EMS-01,0.0,0.0,32.997,0.0,0.0,0.0,33.976,0.582
2026-05-20 08:00:00,EMS-01,0.0,0.0,33.916,0.0,0.0,0.0,33.133,0.546
2026-05-20 12:00:00,EMS-01,0.0,0.0,33.268,0.0,0.0,0.0,32.799,0.583
2026-05-20 16:00:00,EMS-01,0.0,0.0,33.211,0.0,0.0,0.0,32.258,0.575
2026-05-20 20:00:00,EMS-01,0.0,0.0,33.408,0.0,0.0,0.0,31.935,0.576
2026-05-21 00:00:00,EMS-01,0.0,0.0,32.602,0.0,0.0,0.0,32.199,0.495
2026-05-21 04:00:00,EMS-01,0.0,0.0,33.244,0.0,0.0,0.0,31.697,0.548
2026-05-21 08:00:00,EMS-01,0.0,0.0,32.284,0.0,0.0,0.0,32.056,0.565
2026-05-21 12:00:00,EMS-01,0.0,0.0,33.12,0.0,0.0,0.0,29.651,0.589
2026-05-21 16:00:00,EMS-01,0.0,0.0,33.565,0.0,0.0,0.0,31.413,0.541
2026-05-21 20:00:00,EMS-01,0.0,0.0,33.294,0.0,0.0,0.0,31.296,0.603
2026-05-22 00:00:00,EMS-01,0.0,0.0,33.089,0.0,0.0,0.0,29.396,0.493
2026-05-22 04:00:00,EMS-01,0.0,0.0,32.722,0.0,0.0,0.0,32.199,0.56
2026-05-22 08:00:00,EMS-01,0.0,0.0,33.451,0.0,0.0,0.0,31.133,0.653
2026-05-22 12:00:00,EMS-01,0.0,0.0,33.139,0.0,0.0,0.0,32.24,0.552
2026-05-22 16:00:00,EMS-01,0.0,0.0,33.09,0.0,0.0,0.0,32.626,0.589
2026-05-22 20:00:00,EMS-01,0.0,0.0,31.857,0.0,0.0,0.0,32.801,0.617
2026-05-23 00:00:00,EMS-01,0.0,0.0,33.922,0.0,0.0,0.0,33.616,0.608
2026-05-23 04:00:00,EMS-01,0.0,0.0,34.959,0.0,0.0,0.0,32.904,0.528
2026-05-23 08:00:00,EMS-01,0.0,0.0,33.852,0.0,0.0,0.0,34.04,0.567
2026-05-23 12:00:00,EMS-01,0.0,0.0,33.687,0.0,0.0,0.0,34.345,0.603
2026-05-23 16:00:00,EMS-01,0.0,0.0,33.817,0.0,0.0,0.0,34.101,0.584
2026-05-23 20:00:00,EMS-01,0.0,0.0,34.052,0.0,0.0,0.0,32.465,0.627
2026-05-24 00:00:00,EMS-01,0.0,0.0,34.296,0.0,0.0,0.0,34.795,0.654
2026-05-24 04:00:00,EMS-01,0.0,0.0,33.946,0.0,0.0,0.0,35.124,0.67
2026-05-24 08:00:00,EMS-01,0.0,0.0,33.265,0.0,0.0,0.0,34.916,0.657
2026-05-24 12:00:00,EMS-01,0.0,0.0,34.415,0.0,0.0,0.0,35.437,0.652
2026-05-24 16:00:00,EMS-01,0.0,0.0,35.002,0.0,0.0,0.0,35.657,0.666
2026-05-24 20:00:00,EMS-01,0.0,0.0,34.808,0.0,0.0,0.0,35.149,0.684
2026-05-25 00:00:00,EMS-01,0.0,0.0,35.097,0.0,0.0,0.0,33.402,0.648
2026-05-25 04:00:00,EMS-01,0.0,0.0,33.921,0.0,0.0,0.0,36.32,0.613
2026-05-25 08:00:00,EMS-01,0.0,0.0,35.378,0.0,0.0,0.0,35.067,0.642
2026-05-25 12:00:00,EMS-01,0.0,0.0,33.922,0.0,0.0,0.0,34.524,0.664
2026-05-25 16:00:00,EMS-01,0.0,0.0,34.836,0.0,0.0,0.0,32.218,0.664
2026-05-25 20:00:00,EMS-01,0.0,0.0,34.089,0.0,0.0,0.0,35.803,0.683
2026-05-26 00:00:00,EMS-01,0.0,0.0,34.247,0.0,0.0,0.0,35.863,0.65
2026-05-26 04:00:00,EMS-01,0.0,0.0,34.411,0.0,0.0,0.0,34.538,0.694
2026-05-26 08:00:00,EMS-01,0.0,0.0,34.401,0.0,0.0,0.0,35.605,0.643
2026-05-26 12:00:00,EMS-01,0.0,0.0,33.759,0.0,0.0,0.0,35.626,0.641
2026-05-26 16:00:00,EMS-01,0.0,0.0,34.546,0.0,0.0,0.0,34.583,0.719
2026-05-26 20:00:00,EMS-01,0.0,0.0,33.946,0.0,0.0,0.0,34.139,0.612
2026-05-27 00:00:00,EMS-01,0.0,0.0,33.735,0.0,0.0,0.0,32.588,0.662
2026-05-27 04:00:00,EMS-01,0.0,0.0,34.409,0.0,0.0,0.0,33.564,0.599
2026-05-27 08:00:00,EMS-01,0.0,0.0,33.418,0.0,0.0,0.0,32.23,0.631
2026-05-27 12:00:00,EMS-01,0.0,0.0,32.787,0.0,0.0,0.0,32.344,0.565
2026-05-27 16:00:00,EMS-01,0.0,0.0,33.848,0.0,0.0,0.0,31.518,0.674
2026-05-27 20:00:00,EMS-01,0.0,0.0,34.048,0.0,0.0,0.0,32.274,0.613
2026-05-28 00:00:00,EMS-01,0.0,0.0,33.63,0.0,0.0,0.0,31.182,0.636
2026-05-28 04:00:00,EMS-01,0.0,0.0,33.229,0.0,0.0,0.0,31.224,0.607
2026-05-28 08:00:00,EMS-01,0.0,0.0,32.579,0.0,0.0,0.0,32.579,0.595
2026-05-28 12:00:00,EMS-01,0.0,0.0,32.782,0.0,0.0,0.0,32.777,0.604
2026-05-28 16:00:00,EMS-01,0.0,0.0,32.916,0.0,0.0,0.0,32.247,0.529
2026-05-28 20:00:00,EMS-01,0.0,0.0,33.337,0.0,0.0,0.0,30.085,0.578
2026-05-29 00:00:00,EMS-01,0.0,0.0,33.429,0.0,0.0,0.0,31.936,0.627
2026-05-29 04:00:00,EMS-01,0.0,0.0,32.595,0.0,0.0,0.0,32.002,0.498
2026-05-29 08:00:00,EMS-01,0.0,0.0,32.764,0.0,0.0,0.0,31.277,0.628
2026-05-29 12:00:00,EMS-01,0.0,0.0,33.064,0.0,0.0,0.0,32.604,0.543
2026-05-29 16:00:00,EMS-01,0.0,0.0,32.933,0.0,0.0,0.0,30.845,0.543
2026-05-29 20:00:00,EMS-01,0.0,0.0,32.657,0.0,0.0,0.0,31.184,0.652
2026-05-30 00:00:00,EMS-01,0.0,0.0,33.211,0.0,0.0,0.0,30.537,0.567
2026-05-30 04:00:00,EMS-01,0.0,0.0,33.893,0.0,0.0,0.0,31.371,0.642
2026-05-30 08:00:00,EMS-01,0.0,0.0,33.991,0.0,0.0,0.0,32.073,0.573
2026-05-30 12:00:00,EMS-01,0.0,0.0,32.981,0.0,0.0,0.0,32.664,0.617
2026-05-30 16:00:00,EMS-01,0.0,0.0,34.368,0.0,0.0,0.0,33.033,0.596
2026-05-30 20:00:00,EMS-01,0.0,0.0,34.497,0.0,0.0,0.0,33.723,0.591
2026-05-31 00:00:00,EMS-01,0.0,0.0,33.792,0.0,0.0,0.0,33.765,0.633
2026-05-31 04:00:00,EMS-01,0.0,0.0,33.385,0.0,0.0,0.0,33.465,0.606
2026-05-31 08:00:00,EMS-01,0.0,0.0,34.094,0.0,0.0,0.0,32.121,0.605
2026-05-31 12:00:00,EMS-01,0.0,0.0,35.339,0.0,0.0,0.0,33.235,0.682
2026-05-31 16:00:00,EMS-01,0.0,0.0,34.192,0.0,0.0,0.0,32.604,0.611
2026-05-31 20:00:00,EMS-01,0.0,0.0,33.909,0.0,0.0,0.0,36.289,0.646
2026-06-01 00:00:00,EMS-01,0.0,0.0,34.534,0.0,0.0,0.0,34.903,0.677
2026-06-01 04:00:00,EMS-01,0.0,0.0,34.986,0.0,0.0,0.0,33.764,0.622
2026-06-01 08:00:00,EMS-01,0.0,0.0,34.028,0.0,0.0,0.0,32.812,0.649
2026-06-01 12:00:00,EMS-01,0.0,0.0,32.513,0.0,0.0,0.0,35.259,0.69
2026-06-01 16:00:00,EMS-01,0.0,0.0,34.08,0.0,0.0,0.0,33.104,0.725
2026-06-01 20:00:00,EMS-01,0.0,0.0,35.179,0.0,0.0,0.0,34.301,0.649
2026-06-02 00:00:00,EMS-01,0.0,0.0,34.655,0.0,0.0,0.0,33.051,0.682
2026-06-02 04:00:00,EMS-01,0.0,0.0,33.941,0.0,0.0,0.0,32.017,0.642
2026-06-02 08:00:00,EMS-01,0.0,0.0,34.012,0.0,0.0,0.0,36.36,0.727
2026-06-02 12:00:00,EMS-01,0.0,0.0,33.906,0.0,0.0,0.0,34.266,0.643
2026-06-02 16:00:00,EMS-01,0.0,0.0,35.498,0.0,0.0,0.0,32.343,0.678
2026-06-02 20:00:00,EMS-01,0.0,0.0,35.11,0.0,0.0,0.0,33.541,0.658
2026-06-03 00:00:00,EMS-01,0.0,0.0,34.898,0.0,0.0,0.0,32.791,0.674
2026-06-03 04:00:00,EMS-01,0.0,0.0,33.347,0.0,0.0,0.0,32.101,0.676
2026-06-03 08:00:00,EMS-01,0.0,0.0,33.571,0.0,0.0,0.0,33.773,0.598
2026-06-03 12:00:00,EMS-01,0.0,0.0,34.162,0.0,0.0,0.0,31.642,0.678
2026-06-03 16:00:00,EMS-01,0.0,0.0,34.35,0.0,0.0,0.0,32.545,0.561
2026-06-03 20:00:00,EMS-01,0.0,0.0,33.668,0.0,0.0,0.0,32.591,0.6
2026-06-04 00:00:00,EMS-01,0.0,0.0,34.26,0.0,0.0,0.0,34.034,0.627
2026-06-04 04:00:00,EMS-01,0.0,0.0,34.4,0.0,0.0,0.0,29.616,0.595
2026-06-04 08:00:00,EMS-01,0.0,0.0,33.266,0.0,0.0,0.0,33.252,0.588
2026-06-04 12:00:00,EMS-01,0.0,0.0,33.679,0.0,0.0,0.0,31.685,0.569
2026-06-04 16:00:00,EMS-01,0.0,0.0,33.731,0.0,0.0,0.0,32.028,0.598
2026-06-04 20:00:00,EMS-01,0.0,0.0,32.513,0.0,0.0,0.0,32.602,0.545
2026-06-05 00:00:00,EMS-01,0.0,0.0,34.105,0.0,0.0,0.0,31.504,0.565
2026-06-05 04:00:00,EMS-01,0.0,0.0,33.596,0.0,0.0,0.0,31.627,0.601
2026-06-05 08:00:00,EMS-01,0.0,0.0,32.895,0.0,0.0,0.0,32.366,0.571
2026-06-05 12:00:00,EMS-01,0.0,0.0,33.528,0.0,0.0,0.0,32.789,0.517
2026-06-05 16:00:00,EMS-01,0.0,0.0,33.239,0.0,0.0,0.0,33.494,0.594
2026-06-05 20:00:00,EMS-01,0.0,0.0,34.416,0.0,0.0,0.0,30.62,0.582
2026-06-06 00:00:00,EMS-01,0.0,0.0,33.351,0.0,0.0,0.0,31.092,0.532
2026-06-06 04:00:00,EMS-01,0.0,0.0,34.334,0.0,0.0,0.0,32.902,0.597
2026-06-06 08:00:00,EMS-01,0.0,0.0,33.202,0.0,0.0,0.0,31.976,0.603
2026-06-06 12:00:00,EMS-01,0.0,0.0,34.052,0.0,0.0,0.0,31.215,0.589
2026-06-06 16:00:00,EMS-01,0.0,0.0,33.117,0.0,0.0,0.0,30.998,0.569
2026-06-06 20:00:00,EMS-01,0.0,0.0,33.536,0.0,0.0,0.0,31.963,0.597
2026-06-07 00:00:00,EMS-01,0.0,0.0,33.919,0.0,0.0,0.0,33.675,0.695
2026-06-07 04:00:00,EMS-01,0.0,0.0,34.05,0.0,0.0,0.0,32.011,0.647
2026-06-07 08:00:00,EMS-01,0.0,0.0,33.549,0.0,0.0,0.0,32.129,0.637
2026-06-07 12:00:00,EMS-01,0.0,0.0,34.63,0.0,0.0,0.0,32.436,0.633
2026-06-07 16:00:00,EMS-01,0.0,0.0,34.205,0.0,0.0,0.0,32.285,0.579
2026-06-07 20:00:00,EMS-01,0.0,0.0,33.273,0.0,0.0,0.0,34.828,0.62
2026-06-08 00:00:00,EMS-01,0.0,0.0,33.811,0.0,0.0,0.0,34.016,0.688
2026-06-08 04:00:00,EMS-01,0.0,0.0,33.61,0.0,0.0,0.0,31.884,0.701
2026-06-08 08:00:00,EMS-01,0.0,0.0,34.64,0.0,0.0,0.0,32.91,0.639
2026-06-08 12:00:00,EMS-01,0.0,0.0,33.872,0.0,0.0,0.0,34.859,0.695
2026-06-08 16:00:00,EMS-01,0.0,0.0,34.876,0.0,0.0,0.0,34.49,0.677
2026-06-08 20:00:00,EMS-01,0.0,0.0,34.142,0.0,0.0,0.0,33.954,0.668
2026-06-09 00:00:00,EMS-01,0.0,0.0,34.444,0.0,0.0,0.0,34.499,0.613
2026-06-09 04:00:00,EMS-01,0.0,0.0,35.12,0.0,0.0,0.0,33.423,0.598
2026-06-09 08:00:00,EMS-01,0.0,0.0,34.237,0.0,0.0,0.0,34.345,0.743
2026-06-09 12:00:00,EMS-01,0.0,0.0,34.36,0.0,0.0,0.0,34.784,0.683
2026-06-09 16:00:00,EMS-01,0.0,0.0,33.766,0.0,0.0,0.0,34.417,0.662
2026-06-09 20:00:00,EMS-01,0.0,0.0,34.627,0.0,0.0,0.0,34.907,0.699
2026-06-10 00:00:00,EMS-01,0.0,0.0,34.052,0.0,0.0,0.0,34.878,0.64
2026-06-10 04:00:00,EMS-01,0.0,0.0,33.959,0.0,0.0,0.0,36.094,0.598
2026-06-10 08:00:00,EMS-01,0.0,0.0,34.105,0.0,0.0,0.0,34.347,0.636
2026-06-10 12:00:00,EMS-01,0.0,0.0,34.393,0.0,0.0,0.0,32.544,0.587
2026-06-10 16:00:00,EMS-01,0.0,0.0,33.724,0.0,0.0,0.0,33.936,0.64
2026-06-10 20:00:00,EMS-01,0.0,0.0,34.468,0.0,0.0,0.0,32.089,0.619
2026-06-11 00:00:00,EMS-01,0.0,0.0,33.964,0.0,0.0,0.0,32.366,0.638
2026-06-11 04:00:00,EMS-01,0.0,0.0,33.737,0.0,0.0,0.0,33.688,0.636
2026-06-11 08:00:00,EMS-01,0.0,0.0,32.745,0.0,0.0,0.0,34.514,0.543
2026-06-11 12:00:00,EMS-01,0.0,0.0,32.803,0.0,0.0,0.0,32.681,0.622
2026-06-11 16:00:00,EMS-01,0.0,0.0,33.407,0.0,0.0,0.0,31.99,0.602
2026-06-11 20:00:00,EMS-01,0.0,0.0,33.758,0.0,0.0,0.0,31.164,0.56
2026-06-12 00:00:00,EMS-01,0.0,0.0,32.883,0.0,0.0,0.0,33.576,0.606
2026-06-12 04:00:00,EMS-01,0.0,0.0,33.603,0.0,0.0,0.0,33.701,0.615
2026-06-12 08:00:00,EMS-01,0.0,0.0,33.296,0.0,0.0,0.0,33.526,0.549
2026-06-12 12:00:00,EMS-01,0.0,0.0,32.997,0.0,0.0,0.0,32.987,0.502
2026-06-12 16:00:00,EMS-01,0.0,0.0,32.65,0.0,0.0,0.0,32.51,0.58
2026-06-12 20:00:00,EMS-01,0.0,0.0,33.35,0.0,0.0,0.0,29.604,0.544
2026-06-13 00:00:00,EMS-01,0.0,0.0,33.406,0.0,0.0,0.0,30.633,0.602
2026-06-13 04:00:00,EMS-01,0.0,0.0,33.2,0.0,0.0,0.0,30.342,0.585
2026-06-13 08:00:00,EMS-01,0.0,0.0,33.47,0.0,0.0,0.0,31.974,0.592
2026-06-13 12:00:00,EMS-01,0.0,0.0,32.109,0.0,0.0,0.0,34.013,0.674
2026-06-13 16:00:00,EMS-01,0.0,0.0,33.919,0.0,0.0,0.0,31.845,0.563
2026-06-13 20:00:00,EMS-01,0.0,0.0,32.96,0.0,0.0,0.0,32.652,0.618
2026-06-14 00:00:00,EMS-01,0.0,0.0,32.88,0.0,0.0,0.0,31.935,0.629
2026-06-14 04:00:00,EMS-01,0.0,0.0,33.267,0.0,0.0,0.0,32.225,0.638
2026-06-14 08:00:00,EMS-01,0.0,0.0,34.095,0.0,0.0,0.0,33.122,0.558
2026-06-14 12:00:00,EMS-01,0.0,0.0,32.921,0.0,0.0,0.0,31.689,0.584
2026-06-14 16:00:00,EMS-01,0.0,0.0,33.739,0.0,0.0,0.0,32.561,0.603
2026-06-14 20:00:00,EMS-01,0.0,0.0,33.583,0.0,0.0,0.0,31.942,0.599
2026-06-15 00:00:00,EMS-01,0.0,0.0,35.201,0.0,0.0,0.0,33.806,0.623
2026-06-15 04:00:00,EMS-01,0.0,0.0,33.109,0.0,0.0,0.0,32.241,0.628
2026-06-15 08:00:00,EMS-01,0.0,0.0,34.82,0.0,0.0,0.0,33.726,0.644
2026-06-15 12:00:00,EMS-01,0.0,0.0,34.785,0.0,0.0,0.0,32.662,0.692
2026-06-15 16:00:00,EMS-01,0.0,0.0,34.048,0.0,0.0,0.0,35.083,0.707
2026-06-15 20:00:00,EMS-01,0.0,0.0,33.845,0.0,0.0,0.0,34.036,0.682
2026-06-16 00:00:00,EMS-01,0.0,0.0,34.272,0.0,0.0,0.0,33.915,0.646
2026-06-16 04:00:00,EMS-01,0.0,0.0,33.46,0.0,0.0,0.0,35.426,0.629
2026-06-16 08:00:00,EMS-01,0.0,0.0,33.275,0.0,0.0,0.0,35.519,0.684
2026-06-16 12:00:00,EMS-01,0.0,0.0,33.861,0.0,0.0,0.0,35.639,0.693
2026-06-16 16:00:00,EMS-01,0.0,0.0,34.626,0.0,0.0,0.0,34.181,0.667
2026-06-16 20:00:00,EMS-01,0.0,0.0,34.754,0.0,0.0,0.0,33.743,0.712
2026-06-17 00:00:00,EMS-01,0.0,0.0,34.945,0.0,0.0,0.0,34.422,0.733
2026-06-17 04:00:00,EMS-01,0.0,0.0,34.446,0.0,0.0,0.0,36.154,0.681
2026-06-17 08:00:00,EMS-01,0.0,0.0,35.004,0.0,0.0,0.0,34.077,0.603
2026-06-17 12:00:00,EMS-01,0.0,0.0,34.8,0.0,0.0,0.0,33.124,0.644
2026-06-17 16:00:00,EMS-01,0.0,0.0,34.511,0.0,0.0,0.0,33.58,0.661
2026-06-17 20:00:00,EMS-01,0.0,0.0,34.506,0.0,0.0,0.0,32.566,0.667
2026-06-18 00:00:00,EMS-01,0.0,0.0,33.961,0.0,0.0,0.0,32.832,0.582
2026-06-18 04:00:00,EMS-01,0.0,0.0,33.344,0.0,0.0,0.0,33.801,0.647
2026-06-18 08:00:00,EMS-01,0.0,0.0,34.402,0.0,0.0,0.0,35.387,0.687
2026-06-18 12:00:00,EMS-01,0.0,0.0,34.562,0.0,0.0,0.0,34.63,0.639
2026-06-18 16:00:00,EMS-01,0.0,0.0,33.985,0.0,0.0,0.0,34.791,0.633
2026-06-18 20:00:00,EMS-01,0.0,0.0,33.916,0.0,0.0,0.0,34.191,0.609
2026-06-19 00:00:00,EMS-01,0.0,0.0,33.597,0.0,0.0,0.0,31.331,0.596
2026-06-19 04:00:00,EMS-01,0.0,0.0,33.38,0.0,0.0,0.0,32.272,0.634
2026-06-19 08:00:00,EMS-01,0.0,0.0,32.898,0.0,0.0,0.0,33.931,0.527
2026-06-19 12:00:00,EMS-01,0.0,0.0,33.703,0.0,0.0,0.0,33.048,0.617
2026-06-19 16:00:00,EMS-01,0.0,0.0,33.896,0.0,0.0,0.0,31.808,0.632
2026-06-19 20:00:00,EMS-01,0.0,0.0,32.821,0.0,0.0,0.0,31.253,0.655
2026-06-20 00:00:00,EMS-01,0.0,0.0,33.245,0.0,0.0,0.0,32.772,0.596
2026-06-20 04:00:00,EMS-01,0.0,0.0,33.502,0.0,0.0,0.0,29.576,0.589
2026-06-20 08:00:00,EMS-01,0.0,0.0,33.071,0.0,0.0,0.0,32.639,0.546
2026-06-20 12:00:00,EMS-01,0.0,0.0,33.711,0.0,0.0,0.0,30.313,0.557
2026-06-20 16:00:00,EMS-01,0.0,0.0,32.155,0.0,0.0,0.0,30.438,0.573
2026-06-20 20:00:00,EMS-01,0.0,0.0,33.817,0.0,0.0,0.0,31.632,0.528
2026-06-21 00:00:00,EMS-01,0.0,0.0,31.895,0.0,0.0,0.0,32.353,0.552
2026-06-21 04:00:00,EMS-01,0.0,0.0,32.826,0.0,0.0,0.0,32.854,0.573
2026-06-21 08:00:00,EMS-01,0.0,0.0,33.008,0.0,0.0,0.0,31.998,0.633
2026-06-21 12:00:00,EMS-01,0.0,0.0,33.386,0.0,0.0,0.0,29.69,0.557
2026-06-21 16:00:00,EMS-01,0.0,0.0,33.165,0.0,0.0,0.0,33.014,0.547
2026-06-21 20:00:00,EMS-01,0.0,0.0,33.498,0.0,0.0,0.0,32.191,0.631
2026-06-22 00:00:00,EMS-01,0.0,0.0,32.955,0.0,0.0,0.0,32.638,0.656
2026-06-22 04:00:00,EMS-01,0.0,0.0,34.121,0.0,0.0,0.0,33.288,0.598
2026-06-22 08:00:00,EMS-01,0.0,0.0,33.812,0.0,0.0,0.0,32.745,0.645
2026-06-22 12:00:00,EMS-01,0.0,0.0,34.133,0.0,0.0,0.0,32.413,0.683
2026-06-22 16:00:00,EMS-01,0.0,0.0,34.624,0.0,0.0,0.0,32.371,0.617
2026-06-22 20:00:00,EMS-01,0.0,0.0,33.97,0.0,0.0,0.0,34.343,0.608
2026-06-23 00:00:00,EMS-01,0.0,0.0,33.789,0.0,0.0,0.0,34.604,0.662
2026-06-23 04:00:00,EMS-01,0.0,0.0,33.171,0.0,0.0,0.0,34.557,0.597
2026-06-23 08:00:00,EMS-01,0.0,0.0,33.997,0.0,0.0,0.0,33.653,0.638
2026-06-23 12:00:00,EMS-01,0.0,0.0,34.069,0.0,0.0,0.0,33.097,0.677
2026-06-23 16:00:00,EMS-01,0.0,0.0,33.598,0.0,0.0,0.0,33.757,0.692
2026-06-23 20:00:00,EMS-01,0.0,0.0,34.78,0.0,0.0,0.0,32.966,0.6
2026-06-24 00:00:00,EMS-01,0.0,0.0,33.989,0.0,0.0,0.0,32.212,0.673
2026-06-24 04:00:00,EMS-01,0.0,0.0,34.369,0.0,0.0,0.0,34.148,0.69
2026-06-24 08:00:00,EMS-01,0.0,0.0,35.127,0.0,0.0,0.0,34.821,0.665
2026-06-24 12:00:00,EMS-01,0.0,0.0,34.241,0.0,0.0,0.0,34.195,0.679
2026-06-24 16:00:00,EMS-01,0.0,0.0,35.133,0.0,0.0,0.0,33.068,0.631
2026-06-24 20:00:00,EMS-01,0.0,0.0,34.577,0.0,0.0,0.0,32.246,0.679
2026-06-25 00:00:00,EMS-01,0.0,0.0,35.123,0.0,0.0,0.0,36.847,0.669
2026-06-25 04:00:00,EMS-01,0.0,0.0,34.95,0.0,0.0,0.0,34.277,0.718
2026-06-25 08:00:00,EMS-01,0.0,0.0,34.157,0.0,0.0,0.0,34.46,0.678
2026-06-25 12:00:00,EMS-01,0.0,0.0,34.526,0.0,0.0,0.0,33.143,0.604
2026-06-25 16:00:00,EMS-01,0.0,0.0,34.786,0.0,0.0,0.0,34.04,0.649
2026-06-25 20:00:00,EMS-01,0.0,0.0,34.611,0.0,0.0,0.0,34.472,0.652
2026-06-26 00:00:00,EMS-01,0.0,0.0,34.361,0.0,0.0,0.0,32.832,0.651
2026-06-26 04:00:00,EMS-01,0.0,0.0,33.015,0.0,0.0,0.0,33.197,0.652
2026-06-26 08:00:00,EMS-01,0.0,0.0,33.38,0.0,0.0,0.0,33.117,0.629
2026-06-26 12:00:00,EMS-01,0.0,0.0,33.173,0.0,0.0,0.0,33.946,0.623
2026-06-26 16:00:00,EMS-01,0.0,0.0,32.626,0.0,0.0,0.0,32.654,0.656
2026-06-26 20:00:00,EMS-01,0.0,0.0,33.461,0.0,0.0,0.0,31.685,0.58
2026-06-27 00:00:00,EMS-01,0.0,0.0,33.279,0.0,0.0,0.0,30.917,0.642
2026-06-27 04:00:00,EMS-01,0.0,0.0,33.8,0.0,0.0,0.0,33.161,0.535
2026-06-27 08:00:00,EMS-01,0.0,0.0,33.28,0.0,0.0,0.0,33.022,0.55
2026-06-27 12:00:00,EMS-01,0.0,0.0,33.105,0.0,0.0,0.0,30.619,0.608
2026-06-27 16:00:00,EMS-01,0.0,0.0,32.976,0.0,0.0,0.0,31.584,0.537
2026-06-27 20:00:00,EMS-01,0.0,0.0,33.929,0.0,0.0,0.0,31.67,0.602
2026-06-28 00:00:00,EMS-01,0.0,0.0,33.258,0.0,0.0,0.0,30.626,0.515
2026-06-28 04:00:00,EMS-01,0.0,0.0,32.932,0.0,0.0,0.0,32.735,0.503
2026-06-28 08:00:00,EMS-01,0.0,0.0,34.142,0.0,0.0,0.0,32.47,0.58
2026-06-28 12:00:00,EMS-01,0.0,0.0,33.013,0.0,0.0,0.0,32.547,0.532
2026-06-28 16:00:00,EMS-01,0.0,0.0,33.367,0.0,0.0,0.0,32.047,0.64
2026-06-28 20:00:00,EMS-01,0.0,0.0,32.971,0.0,0.0,0.0,31.875,0.579
2026-06-29 00:00:00,EMS-01,0.0,0.0,32.954,0.0,0.0,0.0,33.509,0.551
2026-06-29 04:00:00,EMS-01,0.0,0.0,32.474,0.0,0.0,0.0,32.364,0.565
2026-06-29 08:00:00,EMS-01,0.0,0.0,33.557,0.0,0.0,0.0,32.942,0.601
2026-06-29 12:00:00,EMS-01,0.0,0.0,33.526,0.0,0.0,0.0,30.297,0.622
2026-06-29 16:00:00,EMS-01,0.0,0.0,33.728,0.0,0.0,0.0,34.626,0.648
2026-06-29 20:00:00,EMS-01,0.0,0.0,32.897,0.0,0.0,0.0,33.977,0.57
